scenario_id,scan_id,t,pose_x,pose_y,pose_yaw,goal_x,goal_y,theta_deg,r_m,hit_x,hit_y,valid,noise_free_r_m,final_goal_x,final_goal_y
18,0,0.0,0.8,6.1000000000000005,-0.943488134519134,3.7,2.1,125.94210815429688,0.8816018104553223,0.2870703935623169,6.807488918304443,1,0.8738636374473572,7.0,9.600000000000001
18,0,0.0,0.8,6.1000000000000005,-0.943488134519134,3.7,2.1,126.44210815429688,0.0,,,0,0.8794612288475037,7.0,9.600000000000001
18,0,0.0,0.8,6.1000000000000005,-0.943488134519134,3.7,2.1,126.94210815429688,0.0,,,0,0.8851988911628723,7.0,9.600000000000001
18,0,0.0,0.8,6.1000000000000005,-0.943488134519134,3.7,2.1,127.44210815429688,0.0,,,0,0.8910801410675049,7.0,9.600000000000001
18,0,0.0,0.8,6.1000000000000005,-0.943488134519134,3.7,2.1,127.94210815429688,0.9048470854759216,0.24839913845062256,6.807488918304443,1,0.8971089124679565,7.0,9.600000000000001
18,0,0.0,0.8,6.1000000000000005,-0.943488134519134,3.7,2.1,128.44210815429688,0.0,,,0,0.9032890200614929,7.0,9.600000000000001
18,0,0.0,0.8,6.1000000000000005,-0.943488134519134,3.7,2.1,128.94210815429688,0.9173628091812134,0.22826917469501495,6.807488918304443,1,0.9096246361732483,7.0,9.600000000000001
18,0,0.0,0.8,6.1000000000000005,-0.943488134519134,3.7,2.1,129.44210815429688,0.9238582253456116,0.21799050271511078,6.807488918304443,1,0.9161200523376465,7.0,9.600000000000001
18,0,0.0,0.8,6.1000000000000005,-0.943488134519134,3.7,2.1,129.94210815429688,0.0,,,0,0.9227796196937561,7.0,9.600000000000001
18,0,0.0,0.8,6.1000000000000005,-0.943488134519134,3.7,2.1,130.44210815429688,0.9373462200164795,0.19698235392570496,6.807488918304443,1,0.9296080470085144,7.0,9.600000000000001
18,0,0.0,0.8,6.1000000000000005,-0.943488134519134,3.7,2.1,130.94210815429688,0.9443483352661133,0.186242938041687,6.807488918304443,1,0.9366101622581482,7.0,9.600000000000001
18,0,0.0,0.8,6.1000000000000005,-0.943488134519134,3.7,2.1,131.44210815429688,0.9515291452407837,0.17533966898918152,6.807488918304443,1,0.9437909722328186,7.0,9.600000000000001
18,0,0.0,0.8,6.1000000000000005,-0.943488134519134,3.7,2.1,131.94210815429688,0.958893895149231,0.16426706314086914,6.807488918304443,1,0.9511557221412659,7.0,9.600000000000001
18,0,0.0,0.8,6.1000000000000005,-0.943488134519134,3.7,2.1,132.44210815429688,0.9664480686187744,0.15301944315433502,6.807488918304443,1,0.9587098956108093,7.0,9.600000000000001
18,0,0.0,0.8,6.1000000000000005,-0.943488134519134,3.7,2.1,132.94210815429688,0.9741974472999573,0.14159084856510162,6.807488918304443,1,0.9664592742919922,7.0,9.600000000000001
18,0,0.0,0.8,6.1000000000000005,-0.943488134519134,3.7,2.1,133.44210815429688,0.9821478724479675,0.1299750953912735,6.807488918304443,1,0.9744096994400024,7.0,9.600000000000001
18,0,0.0,0.8,6.1000000000000005,-0.943488134519134,3.7,2.1,133.94210815429688,0.9903056621551514,0.1181657463312149,6.807488918304443,1,0.9825674891471863,7.0,9.600000000000001
18,0,0.0,0.8,6.1000000000000005,-0.943488134519134,3.7,2.1,134.44210815429688,0.9986772537231445,0.10615606606006622,6.807488918304443,1,0.9909390807151794,7.0,9.600000000000001
18,0,0.0,0.8,6.1000000000000005,-0.943488134519134,3.7,2.1,134.94210815429688,1.0072695016860962,0.09393903613090515,6.807488918304443,1,0.9995313882827759,7.0,9.600000000000001
18,0,0.0,0.8,6.1000000000000005,-0.943488134519134,3.7,2.1,135.44210815429688,0.0,,,0,1.008351445198059,7.0,9.600000000000001
18,0,0.0,0.8,6.1000000000000005,-0.943488134519134,3.7,2.1,135.94210815429688,1.0251448154449463,0.06885331869125366,6.807488918304443,1,1.017406702041626,7.0,9.600000000000001
18,0,0.0,0.8,6.1000000000000005,-0.943488134519134,3.7,2.1,136.44210815429688,1.0344430208206177,0.05596897378563881,6.807488918304443,1,1.0267049074172974,7.0,9.600000000000001
18,0,0.0,0.8,6.1000000000000005,-0.943488134519134,3.7,2.1,136.94210815429688,0.0,,,0,1.0362544059753418,7.0,9.600000000000001
18,0,0.0,0.8,6.1000000000000005,-0.943488134519134,3.7,2.1,137.44210815429688,0.0,,,0,1.0460635423660278,7.0,9.600000000000001
18,0,0.0,0.8,6.1000000000000005,-0.943488134519134,3.7,2.1,137.94210815429688,1.0638794898986816,0.015848418697714806,6.807488918304443,1,1.0561413764953613,7.0,9.600000000000001
18,0,0.0,0.8,6.1000000000000005,-0.943488134519134,3.7,2.1,138.44210815429688,0.0,,,0,1.0664972066879272,7.0,9.600000000000001
18,0,0.0,0.8,6.1000000000000005,-0.943488134519134,3.7,2.1,138.94210815429688,1.0848792791366577,-0.012214330025017262,6.807488918304443,1,1.0771411657333374,7.0,9.600000000000001
18,0,0.0,0.8,6.1000000000000005,-0.943488134519134,3.7,2.1,139.44210815429688,1.0958213806152344,-0.02667061798274517,6.807488918304443,1,1.088083267211914,7.0,9.600000000000001
18,0,0.0,0.8,6.1000000000000005,-0.943488134519134,3.7,2.1,139.94210815429688,0.0,,,0,1.0993345975875854,7.0,9.600000000000001
18,0,0.0,0.8,6.1000000000000005,-0.943488134519134,3.7,2.1,140.44210815429688,0.0,,,0,1.1109064817428589,7.0,9.600000000000001
18,0,0.0,0.8,6.1000000000000005,-0.943488134519134,3.7,2.1,140.94210815429688,0.0,,,0,1.1228110790252686,7.0,9.600000000000001
18,0,0.0,0.8,6.1000000000000005,-0.943488134519134,3.7,2.1,141.44210815429688,1.1427990198135376,-0.08759353309869766,6.807488918304443,1,1.1350609064102173,7.0,9.600000000000001
18,0,0.0,0.8,6.1000000000000005,-0.943488134519134,3.7,2.1,141.94210815429688,1.155407428741455,-0.10366138815879822,6.807488918304443,1,1.1476693153381348,7.0,9.600000000000001
18,0,0.0,0.8,6.1000000000000005,-0.943488134519134,3.7,2.1,142.44210815429688,1.1683884859085083,-0.12009149044752121,6.807488918304443,1,1.160650372505188,7.0,9.600000000000001
18,0,0.0,0.8,6.1000000000000005,-0.943488134519134,3.7,2.1,142.94210815429688,1.1817569732666016,-0.13689881563186646,6.807488918304443,1,1.1740188598632812,7.0,9.600000000000001
18,0,0.0,0.8,6.1000000000000005,-0.943488134519134,3.7,2.1,143.44210815429688,1.195528507232666,-0.15409915149211884,6.807488918304443,1,1.1877903938293457,7.0,9.600000000000001
18,0,0.0,0.8,6.1000000000000005,-0.943488134519134,3.7,2.1,143.94210815429688,1.2097196578979492,-0.17170916497707367,6.807488918304443,1,1.201981544494629,7.0,9.600000000000001
18,0,0.0,0.8,6.1000000000000005,-0.943488134519134,3.7,2.1,144.44210815429688,1.224347710609436,-0.1897464543581009,6.807488918304443,1,1.2166095972061157,7.0,9.600000000000001
18,0,0.0,0.8,6.1000000000000005,-0.943488134519134,3.7,2.1,144.94210815429688,1.2394311428070068,-0.20822958648204803,6.807488918304443,1,1.2316930294036865,7.0,9.600000000000001
18,0,0.0,0.8,6.1000000000000005,-0.943488134519134,3.7,2.1,145.44210815429688,1.254989504814148,-0.22717826068401337,6.807488918304443,1,1.2472513914108276,7.0,9.600000000000001
18,0,0.0,0.8,6.1000000000000005,-0.943488134519134,3.7,2.1,145.94210815429688,0.0,,,0,1.2633053064346313,7.0,9.600000000000001
18,0,0.0,0.8,6.1000000000000005,-0.943488134519134,3.7,2.1,146.44210815429688,1.2876145839691162,-0.26655662059783936,6.807488918304443,1,1.279876470565796,7.0,9.600000000000001
18,0,0.0,0.8,6.1000000000000005,-0.943488134519134,3.7,2.1,146.94210815429688,1.304726481437683,-0.28703173995018005,6.807488918304443,1,1.2969883680343628,7.0,9.600000000000001
18,0,0.0,0.8,6.1000000000000005,-0.943488134519134,3.7,2.1,147.44210815429688,1.3224035501480103,-0.3080633878707886,6.807488918304443,1,1.31466543674469,7.0,9.600000000000001
18,0,0.0,0.8,6.1000000000000005,-0.943488134519134,3.7,2.1,147.94210815429688,1.3406721353530884,-0.32967790961265564,6.807488918304443,1,1.332934021949768,7.0,9.600000000000001
18,0,0.0,0.8,6.1000000000000005,-0.943488134519134,3.7,2.1,148.44210815429688,1.3595598936080933,-0.35190334916114807,6.807488918304443,1,1.351821780204773,7.0,9.600000000000001
18,0,0.0,0.8,6.1000000000000005,-0.943488134519134,3.7,2.1,148.94210815429688,0.0,,,0,1.3713585138320923,7.0,9.600000000000001
18,0,0.0,0.8,6.1000000000000005,-0.943488134519134,3.7,2.1,149.44210815429688,1.3993138074874878,-0.39830803871154785,6.807488918304443,1,1.3915756940841675,7.0,9.600000000000001
18,0,0.0,0.8,6.1000000000000005,-0.943488134519134,3.7,2.1,149.94210815429688,1.4202452898025513,-0.4225528836250305,6.807488918304443,1,1.412507176399231,7.0,9.600000000000001
18,0,0.0,0.8,6.1000000000000005,-0.943488134519134,3.7,2.1,150.44210815429688,0.0,,,0,1.434188723564148,7.0,9.600000000000001
18,0,0.0,0.8,6.1000000000000005,-0.943488134519134,3.7,2.1,150.94210815429688,1.4643970727920532,-0.4733085036277771,6.807488918304443,1,1.456658959388733,7.0,9.600000000000001
18,0,0.0,0.8,6.1000000000000005,-0.943488134519134,3.7,2.1,151.44210815429688,0.0,,,0,1.4799590110778809,7.0,9.600000000000001
18,0,0.0,0.8,6.1000000000000005,-0.943488134519134,3.7,2.1,151.94210815429688,1.511871099472046,-0.5273565053939819,6.807488918304443,1,1.5041329860687256,7.0,9.600000000000001
18,0,0.0,0.8,6.1000000000000005,-0.943488134519134,3.7,2.1,152.44210815429688,1.536966323852539,-0.5557278990745544,6.807488918304443,1,1.5292282104492188,7.0,9.600000000000001
18,0,0.0,0.8,6.1000000000000005,-0.943488134519134,3.7,2.1,152.94210815429688,0.0,,,0,1.555295467376709,7.0,9.600000000000001
18,0,0.0,0.8,6.1000000000000005,-0.943488134519134,3.7,2.1,153.44210815429688,1.5901275873184204,-0.6154206395149231,6.807488918304443,1,1.5823894739151,7.0,9.600000000000001
18,0,0.0,0.8,6.1000000000000005,-0.943488134519134,3.7,2.1,153.94210815429688,1.6183069944381714,-0.6468557119369507,6.807488918304443,1,1.610568881034851,7.0,9.600000000000001
18,0,0.0,0.8,6.1000000000000005,-0.943488134519134,3.7,2.1,154.44210815429688,1.647635579109192,-0.6794332265853882,6.807488918304443,1,1.6398974657058716,7.0,9.600000000000001
18,0,0.0,0.8,6.1000000000000005,-0.943488134519134,3.7,2.1,154.94210815429688,1.678181529045105,-0.7132218480110168,6.807488918304443,1,1.6704434156417847,7.0,9.600000000000001
18,0,0.0,0.8,6.1000000000000005,-0.943488134519134,3.7,2.1,155.44210815429688,1.7100192308425903,-0.7482958436012268,6.807488918304443,1,1.70228111743927,7.0,9.600000000000001
18,0,0.0,0.8,6.1000000000000005,-0.943488134519134,3.7,2.1,155.94210815429688,1.743228793144226,-0.7847356200218201,6.807488918304443,1,1.7354906797409058,7.0,9.600000000000001
18,0,0.0,0.8,6.1000000000000005,-0.943488134519134,3.7,2.1,156.44210815429688,1.7778973579406738,-0.8226284384727478,6.807488918304443,1,1.7701592445373535,7.0,9.600000000000001
18,0,0.0,0.8,6.1000000000000005,-0.943488134519134,3.7,2.1,156.94210815429688,6.97910213470459,-5.614418983459473,8.830410957336426,1,6.9713640213012695,7.0,9.600000000000001
18,0,0.0,0.8,6.1000000000000005,-0.943488134519134,3.7,2.1,157.44210815429688,6.95356559753418,-5.614418983459473,8.764534950256348,1,6.945827484130859,7.0,9.600000000000001
18,0,0.0,0.8,6.1000000000000005,-0.943488134519134,3.7,2.1,157.94210815429688,6.928740501403809,-5.614418983459473,8.699134826660156,1,6.921002388000488,7.0,9.600000000000001
18,0,0.0,0.8,6.1000000000000005,-0.943488134519134,3.7,2.1,158.44210815429688,6.904615879058838,-5.614418983459473,8.634196281433105,1,6.896877765655518,7.0,9.600000000000001
18,0,0.0,0.8,6.1000000000000005,-0.943488134519134,3.7,2.1,158.94210815429688,6.881180286407471,-5.614418983459473,8.569703102111816,1,6.87344217300415,7.0,9.600000000000001
18,0,0.0,0.8,6.1000000000000005,-0.943488134519134,3.7,2.1,159.44210815429688,0.0,,,0,6.850685119628906,7.0,9.600000000000001
18,0,0.0,0.8,6.1000000000000005,-0.943488134519134,3.7,2.1,159.94210815429688,6.836334705352783,-5.614418983459473,8.441999435424805,1,6.828596591949463,7.0,9.600000000000001
18,0,0.0,0.8,6.1000000000000005,-0.943488134519134,3.7,2.1,160.44210815429688,6.814905166625977,-5.614418983459473,8.378761291503906,1,6.807167053222656,7.0,9.600000000000001
18,0,0.0,0.8,6.1000000000000005,-0.943488134519134,3.7,2.1,160.94210815429688,6.794124603271484,-5.614418983459473,8.315913200378418,1,6.786386489868164,7.0,9.600000000000001
18,0,0.0,0.8,6.1000000000000005,-0.943488134519134,3.7,2.1,161.44210815429688,6.773984432220459,-5.614418983459473,8.253443717956543,1,6.766246318817139,7.0,9.600000000000001
18,0,0.0,0.8,6.1000000000000005,-0.943488134519134,3.7,2.1,161.94210815429688,6.7544755935668945,-5.614418983459473,8.191338539123535,1,6.746737480163574,7.0,9.600000000000001
18,0,0.0,0.8,6.1000000000000005,-0.943488134519134,3.7,2.1,162.44210815429688,6.735589981079102,-5.614418983459473,8.129586219787598,1,6.727851867675781,7.0,9.600000000000001
18,0,0.0,0.8,6.1000000000000005,-0.943488134519134,3.7,2.1,162.94210815429688,2.4195966720581055,-1.5057580471038818,6.807488918304443,1,2.411858558654785,7.0,9.600000000000001
18,0,0.0,0.8,6.1000000000000005,-0.943488134519134,3.7,2.1,163.44210815429688,2.4902961254119873,-1.5796120166778564,6.807488918304443,1,2.482558012008667,7.0,9.600000000000001
18,0,0.0,0.8,6.1000000000000005,-0.943488134519134,3.7,2.1,163.94210815429688,2.5654661655426025,-1.6579325199127197,6.807488918304443,1,2.5577280521392822,7.0,9.600000000000001
18,0,0.0,0.8,6.1000000000000005,-0.943488134519134,3.7,2.1,164.44210815429688,2.645537853240967,-1.7411507368087769,6.807488918304443,1,2.6377997398376465,7.0,9.600000000000001
18,0,0.0,0.8,6.1000000000000005,-0.943488134519134,3.7,2.1,164.94210815429688,2.730999231338501,-1.8297547101974487,6.807488918304443,1,2.7232611179351807,7.0,9.600000000000001
18,0,0.0,0.8,6.1000000000000005,-0.943488134519134,3.7,2.1,165.44210815429688,2.8224048614501953,-1.924299716949463,6.807488918304443,1,2.814666748046875,7.0,9.600000000000001
18,0,0.0,0.8,6.1000000000000005,-0.943488134519134,3.7,2.1,165.94210815429688,2.920389413833618,-2.0254197120666504,6.807488918304443,1,2.912651300430298,7.0,9.600000000000001
18,0,0.0,0.8,6.1000000000000005,-0.943488134519134,3.7,2.1,166.44210815429688,3.0256803035736084,-2.133842706680298,6.807488918304443,1,3.017942190170288,7.0,9.600000000000001
18,0,0.0,0.8,6.1000000000000005,-0.943488134519134,3.7,2.1,166.94210815429688,3.1391162872314453,-2.2504079341888428,6.807488918304443,1,3.131378173828125,7.0,9.600000000000001
18,0,0.0,0.8,6.1000000000000005,-0.943488134519134,3.7,2.1,167.44210815429688,3.2616703510284424,-2.3760879039764404,6.807488918304443,1,3.253932237625122,7.0,9.600000000000001
18,0,0.0,0.8,6.1000000000000005,-0.943488134519134,3.7,2.1,167.94210815429688,3.3944764137268066,-2.512017011642456,6.807488918304443,1,3.3867383003234863,7.0,9.600000000000001
18,0,0.0,0.8,6.1000000000000005,-0.943488134519134,3.7,2.1,168.44210815429688,3.538865089416504,-2.6595253944396973,6.807488918304443,1,3.5311269760131836,7.0,9.600000000000001
18,0,0.0,0.8,6.1000000000000005,-0.943488134519134,3.7,2.1,168.94210815429688,0.0,,,0,3.688668727874756,7.0,9.600000000000001
18,0,0.0,0.8,6.1000000000000005,-0.943488134519134,3.7,2.1,169.44210815429688,0.0,,,0,3.861232042312622,7.0,9.600000000000001
18,0,0.0,0.8,6.1000000000000005,-0.943488134519134,3.7,2.1,169.94210815429688,4.05879545211792,-3.1887998580932617,6.807488918304443,1,4.0510573387146,7.0,9.600000000000001
18,0,0.0,0.8,6.1000000000000005,-0.943488134519134,3.7,2.1,170.44210815429688,0.0,,,0,4.260853290557861,7.0,9.600000000000001
18,0,0.0,0.8,6.1000000000000005,-0.943488134519134,3.7,2.1,170.94210815429688,0.0,,,0,4.493926525115967,7.0,9.600000000000001
18,0,0.0,0.8,6.1000000000000005,-0.943488134519134,3.7,2.1,171.44210815429688,4.7620954513549805,-3.9014222621917725,6.807488918304443,1,4.75435733795166,7.0,9.600000000000001
18,0,0.0,0.8,6.1000000000000005,-0.943488134519134,3.7,2.1,171.94210815429688,0.0,,,0,4.752729892730713,7.0,9.600000000000001
18,0,0.0,0.8,6.1000000000000005,-0.943488134519134,3.7,2.1,172.44210815429688,4.754784107208252,-3.905805826187134,6.724368572235107,1,4.747045993804932,7.0,9.600000000000001
18,0,0.0,0.8,6.1000000000000005,-0.943488134519134,3.7,2.1,172.94210815429688,4.74947452545166,-3.905805826187134,6.682627201080322,1,4.74173641204834,7.0,9.600000000000001
18,0,0.0,0.8,6.1000000000000005,-0.943488134519134,3.7,2.1,173.44210815429688,0.0,,,0,4.7367987632751465,7.0,9.600000000000001
18,0,0.0,0.8,6.1000000000000005,-0.943488134519134,3.7,2.1,173.94210815429688,4.739969730377197,-3.905805826187134,6.59940767288208,1,4.732231616973877,7.0,9.600000000000001
18,0,0.0,0.8,6.1000000000000005,-0.943488134519134,3.7,2.1,174.44210815429688,4.735771179199219,-3.905805826187134,6.557916641235352,1,4.728033065795898,7.0,9.600000000000001
18,0,0.0,0.8,6.1000000000000005,-0.943488134519134,3.7,2.1,174.94210815429688,4.731939315795898,-3.905805826187134,6.516495704650879,1,4.724201202392578,7.0,9.600000000000001
18,0,0.0,0.8,6.1000000000000005,-0.943488134519134,3.7,2.1,175.44210815429688,4.72847318649292,-3.905805826187134,6.475139141082764,1,4.7207350730896,7.0,9.600000000000001
18,0,0.0,0.8,6.1000000000000005,-0.943488134519134,3.7,2.1,175.94210815429688,4.72537088394165,-3.905805826187134,6.433840274810791,1,4.71763277053833,7.0,9.600000000000001
18,0,0.0,0.8,6.1000000000000005,-0.943488134519134,3.7,2.1,176.44210815429688,4.722631454467773,-3.905805826187134,6.392591953277588,1,4.714893341064453,7.0,9.600000000000001
18,0,0.0,0.8,6.1000000000000005,-0.943488134519134,3.7,2.1,176.94210815429688,4.720253944396973,-3.905805826187134,6.351388454437256,1,4.712515830993652,7.0,9.600000000000001
18,0,0.0,0.8,6.1000000000000005,-0.943488134519134,3.7,2.1,177.44210815429688,4.718237400054932,-3.905805826187134,6.310223579406738,1,4.710499286651611,7.0,9.600000000000001
18,0,0.0,0.8,6.1000000000000005,-0.943488134519134,3.7,2.1,177.94210815429688,4.716580867767334,-3.905805826187134,6.26909065246582,1,4.708842754364014,7.0,9.600000000000001
18,0,0.0,0.8,6.1000000000000005,-0.943488134519134,3.7,2.1,178.44210815429688,0.0,,,0,4.707545757293701,7.0,9.600000000000001
18,0,0.0,0.8,6.1000000000000005,-0.943488134519134,3.7,2.1,178.94210815429688,4.714345932006836,-3.905805826187134,6.186896324157715,1,4.706607818603516,7.0,9.600000000000001
18,0,0.0,0.8,6.1000000000000005,-0.943488134519134,3.7,2.1,179.44210815429688,4.713767051696777,-3.905805826187134,6.145821571350098,1,4.706028938293457,7.0,9.600000000000001
18,0,0.0,0.8,6.1000000000000005,-0.943488134519134,3.7,2.1,179.94210815429688,4.713546276092529,-3.905805826187134,6.104754447937012,1,4.705808162689209,7.0,9.600000000000001
18,0,0.0,0.8,6.1000000000000005,-0.943488134519134,3.7,2.1,180.44210815429688,4.71368408203125,-3.905805826187134,6.063687801361084,1,4.70594596862793,7.0,9.600000000000001
18,0,0.0,0.8,6.1000000000000005,-0.943488134519134,3.7,2.1,180.94210815429688,0.0,,,0,4.706441879272461,7.0,9.600000000000001
18,0,0.0,0.8,6.1000000000000005,-0.943488134519134,3.7,2.1,181.44210815429688,4.7150349617004395,-3.905805826187134,5.981531620025635,1,4.707296848297119,7.0,9.600000000000001
18,0,0.0,0.8,6.1000000000000005,-0.943488134519134,3.7,2.1,181.94210815429688,4.716248512268066,-3.905805826187134,5.9404296875,1,4.708510398864746,7.0,9.600000000000001
18,0,0.0,0.8,6.1000000000000005,-0.943488134519134,3.7,2.1,182.44210815429688,0.0,,,0,4.710083484649658,7.0,9.600000000000001
18,0,0.0,0.8,6.1000000000000005,-0.943488134519134,3.7,2.1,182.94210815429688,4.719754695892334,-3.905805826187134,5.858146667480469,1,4.712016582489014,7.0,9.600000000000001
18,0,0.0,0.8,6.1000000000000005,-0.943488134519134,3.7,2.1,183.44210815429688,0.0,,,0,4.714310646057129,7.0,9.600000000000001
18,0,0.0,0.8,6.1000000000000005,-0.943488134519134,3.7,2.1,183.94210815429688,4.724704265594482,-3.905805826187134,5.775715351104736,1,4.716966152191162,7.0,9.600000000000001
18,0,0.0,0.8,6.1000000000000005,-0.943488134519134,3.7,2.1,184.44210815429688,4.72772216796875,-3.905805826187134,5.734428405761719,1,4.71998405456543,7.0,9.600000000000001
18,0,0.0,0.8,6.1000000000000005,-0.943488134519134,3.7,2.1,184.94210815429688,4.731104373931885,-3.905805826187134,5.693085670471191,1,4.7233662605285645,7.0,9.600000000000001
18,0,0.0,0.8,6.1000000000000005,-0.943488134519134,3.7,2.1,185.44210815429688,0.0,,,0,4.727113246917725,7.0,9.600000000000001
18,0,0.0,0.8,6.1000000000000005,-0.943488134519134,3.7,2.1,185.94210815429688,4.738965034484863,-3.905805826187134,5.610206127166748,1,4.731226921081543,7.0,9.600000000000001
18,0,0.0,0.8,6.1000000000000005,-0.943488134519134,3.7,2.1,186.44210815429688,4.743446350097656,-3.905805826187134,5.568656921386719,1,4.735708236694336,7.0,9.600000000000001
18,0,0.0,0.8,6.1000000000000005,-0.943488134519134,3.7,2.1,186.94210815429688,4.748298168182373,-3.905805826187134,5.52702522277832,1,4.740560054779053,7.0,9.600000000000001
18,0,0.0,0.8,6.1000000000000005,-0.943488134519134,3.7,2.1,187.44210815429688,0.0,,,0,4.74578332901001,7.0,9.600000000000001
18,0,0.0,0.8,6.1000000000000005,-0.943488134519134,3.7,2.1,187.94210815429688,4.759118556976318,-3.905805826187134,5.443490028381348,1,4.751380443572998,7.0,9.600000000000001
18,0,0.0,0.8,6.1000000000000005,-0.943488134519134,3.7,2.1,188.44210815429688,4.765091419219971,-3.905805826187134,5.4015727043151855,1,4.75735330581665,7.0,9.600000000000001
18,0,0.0,0.8,6.1000000000000005,-0.943488134519134,3.7,2.1,188.94210815429688,4.771442413330078,-3.905805826187134,5.359546661376953,1,4.763704299926758,7.0,9.600000000000001
18,0,0.0,0.8,6.1000000000000005,-0.943488134519134,3.7,2.1,189.44210815429688,4.77817440032959,-3.905805826187134,5.317404747009277,1,4.7704362869262695,7.0,9.600000000000001
18,0,0.0,0.8,6.1000000000000005,-0.943488134519134,3.7,2.1,189.94210815429688,4.785289764404297,-3.905805826187134,5.275140762329102,1,4.777551651000977,7.0,9.600000000000001
18,0,0.0,0.8,6.1000000000000005,-0.943488134519134,3.7,2.1,190.44210815429688,4.792791366577148,-3.905805826187134,5.2327470779418945,1,4.785053253173828,7.0,9.600000000000001
18,0,0.0,0.8,6.1000000000000005,-0.943488134519134,3.7,2.1,190.94210815429688,4.800682067871094,-3.905805826187134,5.190217018127441,1,4.792943954467773,7.0,9.600000000000001
18,0,0.0,0.8,6.1000000000000005,-0.943488134519134,3.7,2.1,191.44210815429688,4.80896520614624,-3.905805826187134,5.147543430328369,1,4.80122709274292,7.0,9.600000000000001
18,0,0.0,0.8,6.1000000000000005,-0.943488134519134,3.7,2.1,191.94210815429688,4.817644119262695,-3.905805826187134,5.104718208312988,1,4.809906005859375,7.0,9.600000000000001
18,0,0.0,0.8,6.1000000000000005,-0.943488134519134,3.7,2.1,192.44210815429688,4.826721668243408,-3.905805826187134,5.061735153198242,1,4.818983554840088,7.0,9.600000000000001
18,0,0.0,0.8,6.1000000000000005,-0.943488134519134,3.7,2.1,192.94210815429688,4.836202144622803,-3.905805826187134,5.018585681915283,1,4.828464031219482,7.0,9.600000000000001
18,0,0.0,0.8,6.1000000000000005,-0.943488134519134,3.7,2.1,193.44210815429688,4.8460893630981445,-3.905805826187134,4.9752631187438965,1,4.838351249694824,7.0,9.600000000000001
18,0,0.0,0.8,6.1000000000000005,-0.943488134519134,3.7,2.1,193.94210815429688,4.856386661529541,-3.905805826187134,4.931759357452393,1,4.848648548126221,7.0,9.600000000000001
18,0,0.0,0.8,6.1000000000000005,-0.943488134519134,3.7,2.1,194.44210815429688,4.867099285125732,-3.905805826187134,4.88806676864624,1,4.859361171722412,7.0,9.600000000000001
18,0,0.0,0.8,6.1000000000000005,-0.943488134519134,3.7,2.1,194.94210815429688,4.878230571746826,-3.905805826187134,4.844177722930908,1,4.870492458343506,7.0,9.600000000000001
18,0,0.0,0.8,6.1000000000000005,-0.943488134519134,3.7,2.1,195.44210815429688,9.55229663848877,-8.399999618530273,3.558621406555176,1,9.54455852508545,7.0,9.600000000000001
18,0,0.0,0.8,6.1000000000000005,-0.943488134519134,3.7,2.1,195.94210815429688,9.575725555419922,-8.399999618530273,3.471998929977417,1,9.567987442016602,7.0,9.600000000000001
18,0,0.0,0.8,6.1000000000000005,-0.943488134519134,3.7,2.1,196.44210815429688,9.60000228881836,-8.399999618530273,3.3849434852600098,1,9.592264175415039,7.0,9.600000000000001
18,0,0.0,0.8,6.1000000000000005,-0.943488134519134,3.7,2.1,196.94210815429688,9.625136375427246,-8.399999618530273,3.297438621520996,1,9.617398262023926,7.0,9.600000000000001
18,0,0.0,0.8,6.1000000000000005,-0.943488134519134,3.7,2.1,197.44210815429688,9.651139259338379,-8.399999618530273,3.2094671726226807,1,9.643401145935059,7.0,9.600000000000001
18,0,0.0,0.8,6.1000000000000005,-0.943488134519134,3.7,2.1,197.94210815429688,9.678021430969238,-8.399999618530273,3.121011734008789,1,9.670283317565918,7.0,9.600000000000001
18,0,0.0,0.8,6.1000000000000005,-0.943488134519134,3.7,2.1,198.44210815429688,9.705793380737305,-8.399999618530273,3.032055377960205,1,9.698055267333984,7.0,9.600000000000001
18,0,0.0,0.8,6.1000000000000005,-0.943488134519134,3.7,2.1,198.94210815429688,9.734469413757324,-8.399999618530273,2.942579507827759,1,9.726731300354004,7.0,9.600000000000001
18,0,0.0,0.8,6.1000000000000005,-0.943488134519134,3.7,2.1,199.44210815429688,9.764060974121094,-8.399999618530273,2.8525660037994385,1,9.756322860717773,7.0,9.600000000000001
18,0,0.0,0.8,6.1000000000000005,-0.943488134519134,3.7,2.1,199.94210815429688,9.79457950592041,-8.399999618530273,2.7619965076446533,1,9.78684139251709,7.0,9.600000000000001
18,0,0.0,0.8,6.1000000000000005,-0.943488134519134,3.7,2.1,200.44210815429688,9.826040267944336,-8.399999618530273,2.670851469039917,1,9.818302154541016,7.0,9.600000000000001
18,0,0.0,0.8,6.1000000000000005,-0.943488134519134,3.7,2.1,200.94210815429688,9.8584566116333,-8.399999618530273,2.5791115760803223,1,9.85071849822998,7.0,9.600000000000001
18,0,0.0,0.8,6.1000000000000005,-0.943488134519134,3.7,2.1,201.44210815429688,9.89184284210205,-8.399999618530273,2.4867568016052246,1,9.88410472869873,7.0,9.600000000000001
18,0,0.0,0.8,6.1000000000000005,-0.943488134519134,3.7,2.1,201.94210815429688,0.0,,,0,9.918476104736328,7.0,9.600000000000001
18,0,0.0,0.8,6.1000000000000005,-0.943488134519134,3.7,2.1,202.44210815429688,0.0,,,0,5.091399192810059,7.0,9.600000000000001
18,0,0.0,0.8,6.1000000000000005,-0.943488134519134,3.7,2.1,202.94210815429688,5.11775016784668,-3.905805826187134,4.108112812042236,1,5.110012054443359,7.0,9.600000000000001
18,0,0.0,0.8,6.1000000000000005,-0.943488134519134,3.7,2.1,203.44210815429688,0.0,,,0,5.129153251647949,7.0,9.600000000000001
18,0,0.0,0.8,6.1000000000000005,-0.943488134519134,3.7,2.1,203.94210815429688,5.1565704345703125,-3.905805826187134,4.010534763336182,1,5.148832321166992,7.0,9.600000000000001
18,0,0.0,0.8,6.1000000000000005,-0.943488134519134,3.7,2.1,204.44210815429688,5.176795959472656,-3.905805826187134,3.9611799716949463,1,5.169057846069336,7.0,9.600000000000001
18,0,0.0,0.8,6.1000000000000005,-0.943488134519134,3.7,2.1,204.94210815429688,5.197577953338623,-3.905805826187134,3.9114322662353516,1,5.189839839935303,7.0,9.600000000000001
18,0,0.0,0.8,6.1000000000000005,-0.943488134519134,3.7,2.1,205.44210815429688,0.0,,,0,5.211187839508057,7.0,9.600000000000001
18,0,0.0,0.8,6.1000000000000005,-0.943488134519134,3.7,2.1,205.94210815429688,5.240850925445557,-3.905805826187134,3.8107078075408936,1,5.233112812042236,7.0,9.600000000000001
18,0,0.0,0.8,6.1000000000000005,-0.943488134519134,3.7,2.1,206.44210815429688,0.0,,,0,5.255624294281006,7.0,9.600000000000001
18,0,0.0,0.8,6.1000000000000005,-0.943488134519134,3.7,2.1,206.94210815429688,0.0,,,0,5.2787346839904785,7.0,9.600000000000001
18,0,0.0,0.8,6.1000000000000005,-0.943488134519134,3.7,2.1,207.44210815429688,5.310192584991455,-3.905805826187134,3.6563522815704346,1,5.302454471588135,7.0,9.600000000000001
18,0,0.0,0.8,6.1000000000000005,-0.943488134519134,3.7,2.1,207.94210815429688,5.334534168243408,-3.905805826187134,3.6039741039276123,1,5.326796054840088,7.0,9.600000000000001
18,0,0.0,0.8,6.1000000000000005,-0.943488134519134,3.7,2.1,208.44210815429688,5.359509468078613,-3.905805826187134,3.5511085987091064,1,5.351771354675293,7.0,9.600000000000001
18,0,0.0,0.8,6.1000000000000005,-0.943488134519134,3.7,2.1,208.94210815429688,5.385131359100342,-3.905805826187134,3.4977409839630127,1,5.3773932456970215,7.0,9.600000000000001
18,0,0.0,0.8,6.1000000000000005,-0.943488134519134,3.7,2.1,209.44210815429688,0.0,,,0,5.403675556182861,7.0,9.600000000000001
18,0,0.0,0.8,6.1000000000000005,-0.943488134519134,3.7,2.1,209.94210815429688,5.4383697509765625,-3.905805826187134,3.389437437057495,1,5.430631637573242,7.0,9.600000000000001
18,0,0.0,0.8,6.1000000000000005,-0.943488134519134,3.7,2.1,210.44210815429688,5.466013431549072,-3.905805826187134,3.3344688415527344,1,5.458275318145752,7.0,9.600000000000001
18,0,0.0,0.8,6.1000000000000005,-0.943488134519134,3.7,2.1,210.94210815429688,0.0,,,0,5.486622333526611,7.0,9.600000000000001
18,0,0.0,0.8,6.1000000000000005,-0.943488134519134,3.7,2.1,211.44210815429688,5.523425579071045,-3.905805826187134,3.2228143215179443,1,5.515687465667725,7.0,9.600000000000001
18,0,0.0,0.8,6.1000000000000005,-0.943488134519134,3.7,2.1,211.94210815429688,5.553224563598633,-3.905805826187134,3.166092872619629,1,5.5454864501953125,7.0,9.600000000000001
18,0,0.0,0.8,6.1000000000000005,-0.943488134519134,3.7,2.1,212.44210815429688,5.583774089813232,-3.905805826187134,3.108750820159912,1,5.576035976409912,7.0,9.600000000000001
18,0,0.0,0.8,6.1000000000000005,-0.943488134519134,3.7,2.1,212.94210815429688,5.615091800689697,-3.905805826187134,3.050769090652466,1,5.607353687286377,7.0,9.600000000000001
18,0,0.0,0.8,6.1000000000000005,-0.943488134519134,3.7,2.1,213.44210815429688,5.647195339202881,-3.905805826187134,2.9921278953552246,1,5.6394572257995605,7.0,9.600000000000001
18,0,0.0,0.8,6.1000000000000005,-0.943488134519134,3.7,2.1,213.94210815429688,0.0,,,0,5.672364711761475,7.0,9.600000000000001
18,0,0.0,0.8,6.1000000000000005,-0.943488134519134,3.7,2.1,214.44210815429688,5.713833808898926,-3.905805826187134,2.8727846145629883,1,5.7060956954956055,7.0,9.600000000000001
18,0,0.0,0.8,6.1000000000000005,-0.943488134519134,3.7,2.1,214.94210815429688,5.74840784072876,-3.905805826187134,2.812039852142334,1,5.7406697273254395,7.0,9.600000000000001
18,0,0.0,0.8,6.1000000000000005,-0.943488134519134,3.7,2.1,215.44210815429688,5.783846378326416,-3.905805826187134,2.750549554824829,1,5.776108264923096,7.0,9.600000000000001
18,0,0.0,0.8,6.1000000000000005,-0.943488134519134,3.7,2.1,215.94210815429688,5.8201704025268555,-3.905805826187134,2.68829083442688,1,5.812432289123535,7.0,9.600000000000001
18,0,0.0,0.8,6.1000000000000005,-0.943488134519134,3.7,2.1,216.44210815429688,5.857402324676514,-3.905805826187134,2.625239133834839,1,5.849664211273193,7.0,9.600000000000001
18,0,0.0,0.8,6.1000000000000005,-0.943488134519134,3.7,2.1,216.94210815429688,0.0,,,0,5.887827396392822,7.0,9.600000000000001
18,0,0.0,0.8,6.1000000000000005,-0.943488134519134,3.7,2.1,217.44210815429688,0.0,,,0,5.926946640014648,7.0,9.600000000000001
18,0,0.0,0.8,6.1000000000000005,-0.943488134519134,3.7,2.1,217.94210815429688,5.9747843742370605,-3.905805826187134,2.431072235107422,1,5.96704626083374,7.0,9.600000000000001
18,0,0.0,0.8,6.1000000000000005,-0.943488134519134,3.7,2.1,218.44210815429688,6.015891075134277,-3.905805826187134,2.3645894527435303,1,6.008152961730957,7.0,9.600000000000001
18,0,0.0,0.8,6.1000000000000005,-0.943488134519134,3.7,2.1,218.94210815429688,6.0580315589904785,-3.905805826187134,2.2971794605255127,1,6.050293445587158,7.0,9.600000000000001
18,0,0.0,0.8,6.1000000000000005,-0.943488134519134,3.7,2.1,219.44210815429688,6.101235389709473,-3.905805826187134,2.228811740875244,1,6.093497276306152,7.0,9.600000000000001
18,0,0.0,0.8,6.1000000000000005,-0.943488134519134,3.7,2.1,219.94210815429688,6.082378387451172,-3.857387065887451,2.200000047683716,1,6.074640274047852,7.0,9.600000000000001
18,0,0.0,0.8,6.1000000000000005,-0.943488134519134,3.7,2.1,220.44210815429688,6.019952774047852,-3.7756664752960205,2.200000047683716,1,6.012214660644531,7.0,9.600000000000001
18,0,0.0,0.8,6.1000000000000005,-0.943488134519134,3.7,2.1,220.94210815429688,5.959245204925537,-3.6956021785736084,2.200000047683716,1,5.951507091522217,7.0,9.600000000000001
18,0,0.0,0.8,6.1000000000000005,-0.943488134519134,3.7,2.1,221.44210815429688,5.900196075439453,-3.6171326637268066,2.200000047683716,1,5.892457962036133,7.0,9.600000000000001
18,0,0.0,0.8,6.1000000000000005,-0.943488134519134,3.7,2.1,221.94210815429688,5.842747211456299,-3.5401992797851562,2.200000047683716,1,5.8350090980529785,7.0,9.600000000000001
18,0,0.0,0.8,6.1000000000000005,-0.943488134519134,3.7,2.1,222.44210815429688,5.786843299865723,-3.4647457599639893,2.200000047683716,1,5.779105186462402,7.0,9.600000000000001
18,0,0.0,0.8,6.1000000000000005,-0.943488134519134,3.7,2.1,222.94210815429688,5.7324323654174805,-3.390718698501587,2.200000047683716,1,5.72469425201416,7.0,9.600000000000001
18,0,0.0,0.8,6.1000000000000005,-0.943488134519134,3.7,2.1,223.44210815429688,0.0,,,0,5.671726226806641,7.0,9.600000000000001
18,0,0.0,0.8,6.1000000000000005,-0.943488134519134,3.7,2.1,223.94210815429688,0.0,,,0,5.620153427124023,7.0,9.600000000000001
18,0,0.0,0.8,6.1000000000000005,-0.943488134519134,3.7,2.1,224.44210815429688,5.5776686668396,-3.1766977310180664,2.200000047683716,1,5.569930553436279,7.0,9.600000000000001
18,0,0.0,0.8,6.1000000000000005,-0.943488134519134,3.7,2.1,224.94210815429688,5.528751850128174,-3.107888698577881,2.200000047683716,1,5.5210137367248535,7.0,9.600000000000001
18,0,0.0,0.8,6.1000000000000005,-0.943488134519134,3.7,2.1,225.44210815429688,5.481100082397461,-3.0402724742889404,2.200000047683716,1,5.473361968994141,7.0,9.600000000000001
18,0,0.0,0.8,6.1000000000000005,-0.943488134519134,3.7,2.1,225.94210815429688,5.43467378616333,-2.973808526992798,2.200000047683716,1,5.42693567276001,7.0,9.600000000000001
18,0,0.0,0.8,6.1000000000000005,-0.943488134519134,3.7,2.1,226.44210815429688,5.389434814453125,-2.9084577560424805,2.200000047683716,1,5.381696701049805,7.0,9.600000000000001
18,0,0.0,0.8,6.1000000000000005,-0.943488134519134,3.7,2.1,226.94210815429688,5.345346927642822,-2.8441824913024902,2.200000047683716,1,5.337608814239502,7.0,9.600000000000001
18,0,0.0,0.8,6.1000000000000005,-0.943488134519134,3.7,2.1,227.44210815429688,5.302375316619873,-2.780947208404541,2.200000047683716,1,5.294637203216553,7.0,9.600000000000001
18,0,0.0,0.8,6.1000000000000005,-0.943488134519134,3.7,2.1,227.94210815429688,5.260487079620361,-2.718717098236084,2.200000047683716,1,5.252748966217041,7.0,9.600000000000001
18,0,0.0,0.8,6.1000000000000005,-0.943488134519134,3.7,2.1,228.44210815429688,5.219649791717529,-2.6574594974517822,2.200000047683716,1,5.211911678314209,7.0,9.600000000000001
18,0,0.0,0.8,6.1000000000000005,-0.943488134519134,3.7,2.1,228.94210815429688,5.179833889007568,-2.597142219543457,2.200000047683716,1,5.172095775604248,7.0,9.600000000000001
18,0,0.0,0.8,6.1000000000000005,-0.943488134519134,3.7,2.1,229.44210815429688,5.14100980758667,-2.5377352237701416,2.200000047683716,1,5.13327169418335,7.0,9.600000000000001
18,0,0.0,0.8,6.1000000000000005,-0.943488134519134,3.7,2.1,229.94210815429688,0.0,,,0,5.0954108238220215,7.0,9.600000000000001
18,0,0.0,0.8,6.1000000000000005,-0.943488134519134,3.7,2.1,230.44210815429688,0.0,,,0,5.0584869384765625,7.0,9.600000000000001
18,0,0.0,0.8,6.1000000000000005,-0.943488134519134,3.7,2.1,230.94210815429688,5.030211925506592,-2.364687204360962,2.200000047683716,1,5.0224738121032715,7.0,9.600000000000001
18,0,0.0,0.8,6.1000000000000005,-0.943488134519134,3.7,2.1,231.44210815429688,4.995085716247559,-2.308638572692871,2.200000047683716,1,4.987347602844238,7.0,9.600000000000001
18,0,0.0,0.8,6.1000000000000005,-0.943488134519134,3.7,2.1,231.94210815429688,4.960821628570557,-2.2533645629882812,2.200000047683716,1,4.953083515167236,7.0,9.600000000000001
18,0,0.0,0.8,6.1000000000000005,-0.943488134519134,3.7,2.1,232.44210815429688,0.0,,,0,4.91965913772583,7.0,9.600000000000001
18,0,0.0,0.8,6.1000000000000005,-0.943488134519134,3.7,2.1,232.94210815429688,4.894790172576904,-2.14504337310791,2.200000047683716,1,4.887052059173584,7.0,9.600000000000001
18,0,0.0,0.8,6.1000000000000005,-0.943488134519134,3.7,2.1,233.44210815429688,4.862980365753174,-2.0919506549835205,2.200000047683716,1,4.8552422523498535,7.0,9.600000000000001
18,0,0.0,0.8,6.1000000000000005,-0.943488134519134,3.7,2.1,233.94210815429688,4.831946849822998,-2.0395405292510986,2.200000047683716,1,4.824208736419678,7.0,9.600000000000001
18,0,0.0,0.8,6.1000000000000005,-0.943488134519134,3.7,2.1,234.44210815429688,4.801670551300049,-1.9877923727035522,2.200000047683716,1,4.7939324378967285,7.0,9.600000000000001
18,0,0.0,0.8,6.1000000000000005,-0.943488134519134,3.7,2.1,234.94210815429688,4.77213191986084,-1.9366858005523682,2.200000047683716,1,4.7643938064575195,7.0,9.600000000000001
18,0,0.0,0.8,6.1000000000000005,-0.943488134519134,3.7,2.1,235.44210815429688,4.743313789367676,-1.88620126247406,2.200000047683716,1,4.7355756759643555,7.0,9.600000000000001
18,0,0.0,0.8,6.1000000000000005,-0.943488134519134,3.7,2.1,235.94210815429688,4.715198516845703,-1.836320161819458,2.200000047683716,1,4.707460403442383,7.0,9.600000000000001
18,0,0.0,0.8,6.1000000000000005,-0.943488134519134,3.7,2.1,236.44210815429688,4.687769412994385,-1.7870240211486816,2.200000047683716,1,4.6800312995910645,7.0,9.600000000000001
18,0,0.0,0.8,6.1000000000000005,-0.943488134519134,3.7,2.1,236.94210815429688,0.0,,,0,4.6532721519470215,7.0,9.600000000000001
18,0,0.0,0.8,6.1000000000000005,-0.943488134519134,3.7,2.1,237.44210815429688,4.63490629196167,-1.6901171207427979,2.200000047683716,1,4.62716817855835,7.0,9.600000000000001
18,0,0.0,0.8,6.1000000000000005,-0.943488134519134,3.7,2.1,237.94210815429688,4.60944128036499,-1.642472743988037,2.200000047683716,1,4.60170316696167,7.0,9.600000000000001
18,0,0.0,0.8,6.1000000000000005,-0.943488134519134,3.7,2.1,238.44210815429688,4.584602355957031,-1.595346450805664,2.200000047683716,1,4.576864242553711,7.0,9.600000000000001
18,0,0.0,0.8,6.1000000000000005,-0.943488134519134,3.7,2.1,238.94210815429688,0.0,,,0,4.55263614654541,7.0,9.600000000000001
18,0,0.0,0.8,6.1000000000000005,-0.943488134519134,3.7,2.1,239.44210815429688,0.0,,,0,4.5290069580078125,7.0,9.600000000000001
18,0,0.0,0.8,6.1000000000000005,-0.943488134519134,3.7,2.1,239.94210815429688,4.51370096206665,-1.4569228887557983,2.200000047683716,1,4.50596284866333,7.0,9.600000000000001
18,0,0.0,0.8,6.1000000000000005,-0.943488134519134,3.7,2.1,240.44210815429688,4.491230010986328,-1.4117183685302734,2.200000047683716,1,4.483491897583008,7.0,9.600000000000001
18,0,0.0,0.8,6.1000000000000005,-0.943488134519134,3.7,2.1,240.94210815429688,4.469319820404053,-1.3669592142105103,2.200000047683716,1,4.461581707000732,7.0,9.600000000000001
18,0,0.0,0.8,6.1000000000000005,-0.943488134519134,3.7,2.1,241.44210815429688,4.4479594230651855,-1.3226319551467896,2.200000047683716,1,4.440221309661865,7.0,9.600000000000001
18,0,0.0,0.8,6.1000000000000005,-0.943488134519134,3.7,2.1,241.94210815429688,0.0,,,0,4.419399738311768,7.0,9.600000000000001
18,0,0.0,0.8,6.1000000000000005,-0.943488134519134,3.7,2.1,242.44210815429688,4.406843662261963,-1.2352222204208374,2.200000047683716,1,4.399105548858643,7.0,9.600000000000001
18,0,0.0,0.8,6.1000000000000005,-0.943488134519134,3.7,2.1,242.94210815429688,4.3870673179626465,-1.192115068435669,2.200000047683716,1,4.379329204559326,7.0,9.600000000000001
18,0,0.0,0.8,6.1000000000000005,-0.943488134519134,3.7,2.1,243.44210815429688,4.367798328399658,-1.1493905782699585,2.200000047683716,1,4.360060214996338,7.0,9.600000000000001
18,0,0.0,0.8,6.1000000000000005,-0.943488134519134,3.7,2.1,243.94210815429688,4.349027156829834,-1.1070371866226196,2.200000047683716,1,4.341289043426514,7.0,9.600000000000001
18,0,0.0,0.8,6.1000000000000005,-0.943488134519134,3.7,2.1,244.44210815429688,0.0,,,0,4.323006629943848,7.0,9.600000000000001
18,0,0.0,0.8,6.1000000000000005,-0.943488134519134,3.7,2.1,244.94210815429688,0.0,,,0,4.305204391479492,7.0,9.600000000000001
18,0,0.0,0.8,6.1000000000000005,-0.943488134519134,3.7,2.1,245.44210815429688,4.295611381530762,-0.9820932745933533,2.200000047683716,1,4.287873268127441,7.0,9.600000000000001
18,0,0.0,0.8,6.1000000000000005,-0.943488134519134,3.7,2.1,245.94210815429688,0.0,,,0,4.271004676818848,7.0,9.600000000000001
18,0,0.0,0.8,6.1000000000000005,-0.943488134519134,3.7,2.1,246.44210815429688,4.262329578399658,-0.9004555940628052,2.200000047683716,1,4.254591464996338,7.0,9.600000000000001
18,0,0.0,0.8,6.1000000000000005,-0.943488134519134,3.7,2.1,246.94210815429688,4.246363639831543,-0.8601040840148926,2.200000047683716,1,4.238625526428223,7.0,9.600000000000001
18,0,0.0,0.8,6.1000000000000005,-0.943488134519134,3.7,2.1,247.44210815429688,0.0,,,0,4.223099231719971,7.0,9.600000000000001
18,0,0.0,0.8,6.1000000000000005,-0.943488134519134,3.7,2.1,247.94210815429688,4.215743541717529,-0.7802876830101013,2.200000047683716,1,4.208005428314209,7.0,9.600000000000001
18,0,0.0,0.8,6.1000000000000005,-0.943488134519134,3.7,2.1,248.44210815429688,4.201075553894043,-0.7408043742179871,2.200000047683716,1,4.193337440490723,7.0,9.600000000000001
18,0,0.0,0.8,6.1000000000000005,-0.943488134519134,3.7,2.1,248.94210815429688,4.186826705932617,-0.7015924453735352,2.200000047683716,1,4.179088592529297,7.0,9.600000000000001
18,0,0.0,0.8,6.1000000000000005,-0.943488134519134,3.7,2.1,249.44210815429688,4.172990322113037,-0.6626430749893188,2.200000047683716,1,4.165252208709717,7.0,9.600000000000001
18,0,0.0,0.8,6.1000000000000005,-0.943488134519134,3.7,2.1,249.94210815429688,4.159560203552246,-0.6239478588104248,2.200000047683716,1,4.151822090148926,7.0,9.600000000000001
18,0,0.0,0.8,6.1000000000000005,-0.943488134519134,3.7,2.1,250.44210815429688,4.146531105041504,-0.5854984521865845,2.200000047683716,1,4.138792991638184,7.0,9.600000000000001
18,0,0.0,0.8,6.1000000000000005,-0.943488134519134,3.7,2.1,250.94210815429688,0.0,,,0,4.126158237457275,7.0,9.600000000000001
18,0,0.0,0.8,6.1000000000000005,-0.943488134519134,3.7,2.1,251.44210815429688,4.1216511726379395,-0.5093047022819519,2.200000047683716,1,4.113913059234619,7.0,9.600000000000001
18,0,0.0,0.8,6.1000000000000005,-0.943488134519134,3.7,2.1,251.94210815429688,4.1097893714904785,-0.4715445637702942,2.200000047683716,1,4.102051258087158,7.0,9.600000000000001
18,0,0.0,0.8,6.1000000000000005,-0.943488134519134,3.7,2.1,252.44210815429688,4.098306655883789,-0.433998703956604,2.200000047683716,1,4.090568542480469,7.0,9.600000000000001
18,0,0.0,0.8,6.1000000000000005,-0.943488134519134,3.7,2.1,252.94210815429688,4.087198257446289,-0.39665961265563965,2.200000047683716,1,4.079460144042969,7.0,9.600000000000001
18,0,0.0,0.8,6.1000000000000005,-0.943488134519134,3.7,2.1,253.44210815429688,4.07645845413208,-0.35951995849609375,2.200000047683716,1,4.06872034072876,7.0,9.600000000000001
18,0,0.0,0.8,6.1000000000000005,-0.943488134519134,3.7,2.1,253.94210815429688,4.066083908081055,-0.3225725591182709,2.200000047683716,1,4.058345794677734,7.0,9.600000000000001
18,0,0.0,0.8,6.1000000000000005,-0.943488134519134,3.7,2.1,254.44210815429688,4.0560688972473145,-0.28581029176712036,2.200000047683716,1,4.048330783843994,7.0,9.600000000000001
18,0,0.0,0.8,6.1000000000000005,-0.943488134519134,3.7,2.1,254.94210815429688,4.04641056060791,-0.24922621250152588,2.200000047683716,1,4.03867244720459,7.0,9.600000000000001
18,0,0.0,0.8,6.1000000000000005,-0.943488134519134,3.7,2.1,255.44210815429688,0.0,,,0,4.0293660163879395,7.0,9.600000000000001
18,0,0.0,0.8,6.1000000000000005,-0.943488134519134,3.7,2.1,255.94210815429688,0.0,,,0,4.0204081535339355,7.0,9.600000000000001
18,0,0.0,0.8,6.1000000000000005,-0.943488134519134,3.7,2.1,256.4421081542969,4.019532680511475,-0.14047560095787048,2.200000047683716,1,4.011794567108154,7.0,9.600000000000001
18,0,0.0,0.8,6.1000000000000005,-0.943488134519134,3.7,2.1,256.9421081542969,4.011260032653809,-0.10453725606203079,2.200000047683716,1,4.003521919250488,7.0,9.600000000000001
18,0,0.0,0.8,6.1000000000000005,-0.943488134519134,3.7,2.1,257.4421081542969,0.0,,,0,3.995587110519409,7.0,9.600000000000001
18,0,0.0,0.8,6.1000000000000005,-0.943488134519134,3.7,2.1,257.9421081542969,3.99572491645813,-0.03308982029557228,2.200000047683716,1,3.9879868030548096,7.0,9.600000000000001
18,0,0.0,0.8,6.1000000000000005,-0.943488134519134,3.7,2.1,258.4421081542969,3.9884560108184814,0.002431766130030155,2.200000047683716,1,3.980717897415161,7.0,9.600000000000001
18,0,0.0,0.8,6.1000000000000005,-0.943488134519134,3.7,2.1,258.9421081542969,0.0,,,0,3.9737775325775146,7.0,9.600000000000001
18,0,0.0,0.8,6.1000000000000005,-0.943488134519134,3.7,2.1,259.4421081542969,3.974900960922241,0.07310128957033157,2.200000047683716,1,3.967162847518921,7.0,9.600000000000001
18,0,0.0,0.8,6.1000000000000005,-0.943488134519134,3.7,2.1,259.9421081542969,3.968609571456909,0.10826122015714645,2.200000047683716,1,3.960871458053589,7.0,9.600000000000001
18,0,0.0,0.8,6.1000000000000005,-0.943488134519134,3.7,2.1,260.4421081542969,3.9626386165618896,0.143312469124794,2.200000047683716,1,3.9549005031585693,7.0,9.600000000000001
18,0,0.0,0.8,6.1000000000000005,-0.943488134519134,3.7,2.1,260.9421081542969,3.95698618888855,0.17826086282730103,2.200000047683716,1,3.9492480754852295,7.0,9.600000000000001
18,0,0.0,0.8,6.1000000000000005,-0.943488134519134,3.7,2.1,261.4421081542969,3.9516494274139404,0.21311216056346893,2.200000047683716,1,3.94391131401062,7.0,9.600000000000001
18,0,0.0,0.8,6.1000000000000005,-0.943488134519134,3.7,2.1,261.9421081542969,3.946626901626587,0.2478720247745514,2.200000047683716,1,3.9388887882232666,7.0,9.600000000000001
18,0,0.0,0.8,6.1000000000000005,-0.943488134519134,3.7,2.1,262.4421081542969,3.9419164657592773,0.28254610300064087,2.200000047683716,1,3.934178352355957,7.0,9.600000000000001
18,0,0.0,0.8,6.1000000000000005,-0.943488134519134,3.7,2.1,262.9421081542969,3.9375159740448,0.31713998317718506,2.200000047683716,1,3.9297778606414795,7.0,9.600000000000001
18,0,0.0,0.8,6.1000000000000005,-0.943488134519134,3.7,2.1,263.4421081542969,3.9334239959716797,0.35165920853614807,2.200000047683716,1,3.9256858825683594,7.0,9.600000000000001
18,0,0.0,0.8,6.1000000000000005,-0.943488134519134,3.7,2.1,263.9421081542969,3.9296388626098633,0.38610920310020447,2.200000047683716,1,3.921900749206543,7.0,9.600000000000001
18,0,0.0,0.8,6.1000000000000005,-0.943488134519134,3.7,2.1,264.4421081542969,3.926159143447876,0.42049548029899597,2.200000047683716,1,3.9184210300445557,7.0,9.600000000000001
18,0,0.0,0.8,6.1000000000000005,-0.943488134519134,3.7,2.1,264.9421081542969,3.9229836463928223,0.45482337474823,2.200000047683716,1,3.915245532989502,7.0,9.600000000000001
18,0,0.0,0.8,6.1000000000000005,-0.943488134519134,3.7,2.1,265.4421081542969,3.9201107025146484,0.48909831047058105,2.200000047683716,1,3.912372589111328,7.0,9.600000000000001
18,0,0.0,0.8,6.1000000000000005,-0.943488134519134,3.7,2.1,265.9421081542969,3.9175398349761963,0.5233255624771118,2.200000047683716,1,3.909801721572876,7.0,9.600000000000001
18,0,0.0,0.8,6.1000000000000005,-0.943488134519134,3.7,2.1,266.4421081542969,3.915269374847412,0.557510495185852,2.200000047683716,1,3.907531261444092,7.0,9.600000000000001
18,0,0.0,0.8,6.1000000000000005,-0.943488134519134,3.7,2.1,266.9421081542969,3.913299083709717,0.5916582942008972,2.200000047683716,1,3.9055609703063965,7.0,9.600000000000001
18,0,0.0,0.8,6.1000000000000005,-0.943488134519134,3.7,2.1,267.4421081542969,0.0,,,0,3.9038896560668945,7.0,9.600000000000001
18,0,0.0,0.8,6.1000000000000005,-0.943488134519134,3.7,2.1,267.9421081542969,0.0,,,0,3.9025168418884277,7.0,9.600000000000001
18,0,0.0,0.8,6.1000000000000005,-0.943488134519134,3.7,2.1,268.4421081542969,3.909180164337158,0.6939317584037781,2.200000047683716,1,3.901442050933838,7.0,9.600000000000001
18,0,0.0,0.8,6.1000000000000005,-0.943488134519134,3.7,2.1,268.9421081542969,3.908402919769287,0.7279836535453796,2.200000047683716,1,3.900664806365967,7.0,9.600000000000001
18,0,0.0,0.8,6.1000000000000005,-0.943488134519134,3.7,2.1,269.4421081542969,3.9079229831695557,0.7620245814323425,2.200000047683716,1,3.9001848697662354,7.0,9.600000000000001
18,0,0.0,0.8,6.1000000000000005,-0.943488134519134,3.7,2.1,269.9421081542969,3.9077401161193848,0.7960596680641174,2.200000047683716,1,3.9000020027160645,7.0,9.600000000000001
18,0,0.0,0.8,6.1000000000000005,-0.943488134519134,3.7,2.1,270.4421081542969,3.9078543186187744,0.8300942182540894,2.200000047683716,1,3.900116205215454,7.0,9.600000000000001
18,0,0.0,0.8,6.1000000000000005,-0.943488134519134,3.7,2.1,270.9421081542969,3.9082653522491455,0.8641332983970642,2.200000047683716,1,3.900527238845825,7.0,9.600000000000001
18,0,0.0,0.8,6.1000000000000005,-0.943488134519134,3.7,2.1,271.4421081542969,3.9089736938476562,0.8981821537017822,2.200000047683716,1,3.901235580444336,7.0,9.600000000000001
18,0,0.0,0.8,6.1000000000000005,-0.943488134519134,3.7,2.1,271.9421081542969,3.9099795818328857,0.9322460293769836,2.200000047683716,1,3.9022414684295654,7.0,9.600000000000001
18,0,0.0,0.8,6.1000000000000005,-0.943488134519134,3.7,2.1,272.4421081542969,3.911283493041992,0.9663299918174744,2.200000047683716,1,3.903545379638672,7.0,9.600000000000001
18,0,0.0,0.8,6.1000000000000005,-0.943488134519134,3.7,2.1,272.9421081542969,3.9128854274749756,1.0004394054412842,2.200000047683716,1,3.9051473140716553,7.0,9.600000000000001
18,0,0.0,0.8,6.1000000000000005,-0.943488134519134,3.7,2.1,273.4421081542969,3.9147865772247314,1.0345793962478638,2.200000047683716,1,3.907048463821411,7.0,9.600000000000001
18,0,0.0,0.8,6.1000000000000005,-0.943488134519134,3.7,2.1,273.9421081542969,0.0,,,0,3.9092493057250977,7.0,9.600000000000001
18,0,0.0,0.8,6.1000000000000005,-0.943488134519134,3.7,2.1,274.4421081542969,3.9194886684417725,1.1029722690582275,2.200000047683716,1,3.911750555038452,7.0,9.600000000000001
18,0,0.0,0.8,6.1000000000000005,-0.943488134519134,3.7,2.1,274.9421081542969,3.9222915172576904,1.1372356414794922,2.200000047683716,1,3.91455340385437,7.0,9.600000000000001
18,0,0.0,0.8,6.1000000000000005,-0.943488134519134,3.7,2.1,275.4421081542969,3.9253969192504883,1.1715508699417114,2.200000047683716,1,3.917658805847168,7.0,9.600000000000001
18,0,0.0,0.8,6.1000000000000005,-0.943488134519134,3.7,2.1,275.9421081542969,3.9288060665130615,1.205923080444336,2.200000047683716,1,3.921067953109741,7.0,9.600000000000001
18,0,0.0,0.8,6.1000000000000005,-0.943488134519134,3.7,2.1,276.4421081542969,3.9325203895568848,1.2403578758239746,2.200000047683716,1,3.9247822761535645,7.0,9.600000000000001
18,0,0.0,0.8,6.1000000000000005,-0.943488134519134,3.7,2.1,276.9421081542969,3.9365410804748535,1.2748605012893677,2.200000047683716,1,3.928802967071533,7.0,9.600000000000001
18,0,0.0,0.8,6.1000000000000005,-0.943488134519134,3.7,2.1,277.4421081542969,3.9408698081970215,1.3094366788864136,2.200000047683716,1,3.933131694793701,7.0,9.600000000000001
18,0,0.0,0.8,6.1000000000000005,-0.943488134519134,3.7,2.1,277.9421081542969,3.9455084800720215,1.3440916538238525,2.200000047683716,1,3.937770366668701,7.0,9.600000000000001
18,0,0.0,0.8,6.1000000000000005,-0.943488134519134,3.7,2.1,278.4421081542969,3.9504587650299072,1.378831148147583,2.200000047683716,1,3.942720651626587,7.0,9.600000000000001
18,0,0.0,0.8,6.1000000000000005,-0.943488134519134,3.7,2.1,278.9421081542969,0.0,,,0,3.947984218597412,7.0,9.600000000000001
18,0,0.0,0.8,6.1000000000000005,-0.943488134519134,3.7,2.1,279.4421081542969,3.961301565170288,1.4485862255096436,2.200000047683716,1,3.9535634517669678,7.0,9.600000000000001
18,0,0.0,0.8,6.1000000000000005,-0.943488134519134,3.7,2.1,279.9421081542969,3.967198610305786,1.483613133430481,2.200000047683716,1,3.959460496902466,7.0,9.600000000000001
18,0,0.0,0.8,6.1000000000000005,-0.943488134519134,3.7,2.1,280.4421081542969,3.9734156131744385,1.518747329711914,2.200000047683716,1,3.965677499771118,7.0,9.600000000000001
18,0,0.0,0.8,6.1000000000000005,-0.943488134519134,3.7,2.1,280.9421081542969,0.0,,,0,3.972217082977295,7.0,9.600000000000001
18,0,0.0,0.8,6.1000000000000005,-0.943488134519134,3.7,2.1,281.4421081542969,3.9868197441101074,1.5893614292144775,2.200000047683716,1,3.979081630706787,7.0,9.600000000000001
18,0,0.0,0.8,6.1000000000000005,-0.943488134519134,3.7,2.1,281.9421081542969,3.8739044666290283,1.600000023841858,2.3175084590911865,1,3.866166353225708,7.0,9.600000000000001
18,0,0.0,0.8,6.1000000000000005,-0.943488134519134,3.7,2.1,282.4421081542969,0.0,,,0,3.713104724884033,7.0,9.600000000000001
18,0,0.0,0.8,6.1000000000000005,-0.943488134519134,3.7,2.1,282.9421081542969,3.5797009468078613,1.600000023841858,2.618776321411133,1,3.571962833404541,7.0,9.600000000000001
18,0,0.0,0.8,6.1000000000000005,-0.943488134519134,3.7,2.1,283.4421081542969,3.449148654937744,1.600000023841858,2.75286602973938,1,3.441410541534424,7.0,9.600000000000001
18,0,0.0,0.8,6.1000000000000005,-0.943488134519134,3.7,2.1,283.9421081542969,3.3280467987060547,1.600000023841858,2.8775086402893066,1,3.3203086853027344,7.0,9.600000000000001
18,0,0.0,0.8,6.1000000000000005,-0.943488134519134,3.7,2.1,284.4421081542969,3.215414524078369,1.600000023841858,2.9936859607696533,1,3.207676410675049,7.0,9.600000000000001
18,0,0.0,0.8,6.1000000000000005,-0.943488134519134,3.7,2.1,284.9421081542969,3.1104013919830322,1.600000023841858,3.102247714996338,1,3.102663278579712,7.0,9.600000000000001
18,0,0.0,0.8,6.1000000000000005,-0.943488134519134,3.7,2.1,285.4421081542969,3.012267589569092,1.600000023841858,3.2039341926574707,1,3.0045294761657715,7.0,9.600000000000001
18,0,0.0,0.8,6.1000000000000005,-0.943488134519134,3.7,2.1,285.9421081542969,2.9203662872314453,1.600000023841858,3.2993922233581543,1,2.912628173828125,7.0,9.600000000000001
18,0,0.0,0.8,6.1000000000000005,-0.943488134519134,3.7,2.1,286.4421081542969,0.0,,,0,2.8263909816741943,7.0,9.600000000000001
18,0,0.0,0.8,6.1000000000000005,-0.943488134519134,3.7,2.1,286.9421081542969,2.7530548572540283,1.600000023841858,3.4738309383392334,1,2.745316743850708,7.0,9.600000000000001
18,0,0.0,0.8,6.1000000000000005,-0.943488134519134,3.7,2.1,287.4421081542969,2.67669939994812,1.600000023841858,3.5537567138671875,1,2.6689612865448,7.0,9.600000000000001
18,0,0.0,0.8,6.1000000000000005,-0.943488134519134,3.7,2.1,287.9421081542969,2.6046690940856934,1.600000023841858,3.6293623447418213,1,2.596930980682373,7.0,9.600000000000001
18,0,0.0,0.8,6.1000000000000005,-0.943488134519134,3.7,2.1,288.4421081542969,2.536611795425415,1.600000023841858,3.7009997367858887,1,2.5288736820220947,7.0,9.600000000000001
18,0,0.0,0.8,6.1000000000000005,-0.943488134519134,3.7,2.1,288.9421081542969,0.0,,,0,2.464475393295288,7.0,9.600000000000001
18,0,0.0,0.8,6.1000000000000005,-0.943488134519134,3.7,2.1,289.4421081542969,2.4111921787261963,1.600000023841858,3.833595037460327,1,2.403454065322876,7.0,9.600000000000001
18,0,0.0,0.8,6.1000000000000005,-0.943488134519134,3.7,2.1,289.9421081542969,2.3532938957214355,1.600000023841858,3.8950891494750977,1,2.3455557823181152,7.0,9.600000000000001
18,0,0.0,0.8,6.1000000000000005,-0.943488134519134,3.7,2.1,290.4421081542969,2.2982897758483887,1.600000023841858,3.9536945819854736,1,2.2905516624450684,7.0,9.600000000000001
18,0,0.0,0.8,6.1000000000000005,-0.943488134519134,3.7,2.1,290.9421081542969,2.2459728717803955,1.600000023841858,4.009618759155273,1,2.238234758377075,7.0,9.600000000000001
18,0,0.0,0.8,6.1000000000000005,-0.943488134519134,3.7,2.1,291.4421081542969,2.196155309677124,1.600000023841858,4.063048839569092,1,2.1884171962738037,7.0,9.600000000000001
18,0,0.0,0.8,6.1000000000000005,-0.943488134519134,3.7,2.1,291.9421081542969,2.1486666202545166,1.600000023841858,4.114156246185303,1,2.1409285068511963,7.0,9.600000000000001
18,0,0.0,0.8,6.1000000000000005,-0.943488134519134,3.7,2.1,292.4421081542969,2.103351593017578,1.600000023841858,4.1630964279174805,1,2.095613479614258,7.0,9.600000000000001
18,0,0.0,0.8,6.1000000000000005,-0.943488134519134,3.7,2.1,292.9421081542969,12.0,,,0,12.0,7.0,9.600000000000001
18,0,0.0,0.8,6.1000000000000005,-0.943488134519134,3.7,2.1,293.4421081542969,12.0,,,0,12.0,7.0,9.600000000000001
18,0,0.0,0.8,6.1000000000000005,-0.943488134519134,3.7,2.1,293.9421081542969,12.0,,,0,12.0,7.0,9.600000000000001
18,0,0.0,0.8,6.1000000000000005,-0.943488134519134,3.7,2.1,294.4421081542969,0.0,,,0,12.0,7.0,9.600000000000001
18,0,0.0,0.8,6.1000000000000005,-0.943488134519134,3.7,2.1,294.9421081542969,12.0,,,0,12.0,7.0,9.600000000000001
18,0,0.0,0.8,6.1000000000000005,-0.943488134519134,3.7,2.1,295.4421081542969,12.0,,,0,12.0,7.0,9.600000000000001
18,0,0.0,0.8,6.1000000000000005,-0.943488134519134,3.7,2.1,295.9421081542969,12.0,,,0,12.0,7.0,9.600000000000001
18,0,0.0,0.8,6.1000000000000005,-0.943488134519134,3.7,2.1,296.4421081542969,12.0,,,0,12.0,7.0,9.600000000000001
18,0,0.0,0.8,6.1000000000000005,-0.943488134519134,3.7,2.1,296.9421081542969,12.0,,,0,12.0,7.0,9.600000000000001
18,0,0.0,0.8,6.1000000000000005,-0.943488134519134,3.7,2.1,297.4421081542969,12.0,,,0,12.0,7.0,9.600000000000001
18,0,0.0,0.8,6.1000000000000005,-0.943488134519134,3.7,2.1,297.9421081542969,12.0,,,0,12.0,7.0,9.600000000000001
18,0,0.0,0.8,6.1000000000000005,-0.943488134519134,3.7,2.1,298.4421081542969,12.0,,,0,12.0,7.0,9.600000000000001
18,0,0.0,0.8,6.1000000000000005,-0.943488134519134,3.7,2.1,298.9421081542969,12.0,,,0,12.0,7.0,9.600000000000001
18,0,0.0,0.8,6.1000000000000005,-0.943488134519134,3.7,2.1,299.4421081542969,12.0,,,0,12.0,7.0,9.600000000000001
18,0,0.0,0.8,6.1000000000000005,-0.943488134519134,3.7,2.1,299.9421081542969,12.0,,,0,12.0,7.0,9.600000000000001
18,0,0.0,0.8,6.1000000000000005,-0.943488134519134,3.7,2.1,300.4421081542969,12.0,,,0,12.0,7.0,9.600000000000001
18,0,0.0,0.8,6.1000000000000005,-0.943488134519134,3.7,2.1,300.9421081542969,0.0,,,0,12.0,7.0,9.600000000000001
18,0,0.0,0.8,6.1000000000000005,-0.943488134519134,3.7,2.1,301.4421081542969,12.0,,,0,12.0,7.0,9.600000000000001
18,0,0.0,0.8,6.1000000000000005,-0.943488134519134,3.7,2.1,301.9421081542969,1.5198477506637573,1.600000023841858,4.816849231719971,1,1.512109637260437,7.0,9.600000000000001
18,0,0.0,0.8,6.1000000000000005,-0.943488134519134,3.7,2.1,302.4421081542969,1.4990311861038208,1.600000023841858,4.841447353363037,1,1.4912930727005005,7.0,9.600000000000001
18,0,0.0,0.8,6.1000000000000005,-0.943488134519134,3.7,2.1,302.9421081542969,1.4788904190063477,1.600000023841858,4.8653788566589355,1,1.4711523056030273,7.0,9.600000000000001
18,0,0.0,0.8,6.1000000000000005,-0.943488134519134,3.7,2.1,303.4421081542969,1.4593955278396606,1.600000023841858,4.888674736022949,1,1.4516574144363403,7.0,9.600000000000001
18,0,0.0,0.8,6.1000000000000005,-0.943488134519134,3.7,2.1,303.9421081542969,0.0,,,0,1.432780146598816,7.0,9.600000000000001
18,0,0.0,0.8,6.1000000000000005,-0.943488134519134,3.7,2.1,304.4421081542969,1.4222320318222046,1.600000023841858,4.933469772338867,1,1.4144939184188843,7.0,9.600000000000001
18,0,0.0,0.8,6.1000000000000005,-0.943488134519134,3.7,2.1,304.9421081542969,1.4045116901397705,1.600000023841858,4.955021381378174,1,1.3967735767364502,7.0,9.600000000000001
18,0,0.0,0.8,6.1000000000000005,-0.943488134519134,3.7,2.1,305.4421081542969,0.0,,,0,1.3795955181121826,7.0,9.600000000000001
18,0,0.0,0.8,6.1000000000000005,-0.943488134519134,3.7,2.1,305.9421081542969,1.3706754446029663,1.600000023841858,4.996551513671875,1,1.362937331199646,7.0,9.600000000000001
18,0,0.0,0.8,6.1000000000000005,-0.943488134519134,3.7,2.1,306.4421081542969,1.3545160293579102,1.600000023841858,5.016574382781982,1,1.3467779159545898,7.0,9.600000000000001
18,0,0.0,0.8,6.1000000000000005,-0.943488134519134,3.7,2.1,306.9421081542969,1.338835597038269,1.600000023841858,5.036129474639893,1,1.3310974836349487,7.0,9.600000000000001
18,0,0.0,0.8,6.1000000000000005,-0.943488134519134,3.7,2.1,307.4421081542969,1.3236150741577148,1.600000023841858,5.055235862731934,1,1.3158769607543945,7.0,9.600000000000001
18,0,0.0,0.8,6.1000000000000005,-0.943488134519134,3.7,2.1,307.9421081542969,0.0,,,0,1.3010985851287842,7.0,9.600000000000001
18,0,0.0,0.8,6.1000000000000005,-0.943488134519134,3.7,2.1,308.4421081542969,1.2944835424423218,1.600000023841858,5.0921735763549805,1,1.2867454290390015,7.0,9.600000000000001
18,0,0.0,0.8,6.1000000000000005,-0.943488134519134,3.7,2.1,308.9421081542969,0.0,,,0,1.2728012800216675,7.0,9.600000000000001
18,0,0.0,0.8,6.1000000000000005,-0.943488134519134,3.7,2.1,309.4421081542969,1.2669891119003296,1.600000023841858,5.127521991729736,1,1.2592509984970093,7.0,9.600000000000001
18,0,0.0,0.8,6.1000000000000005,-0.943488134519134,3.7,2.1,309.9421081542969,0.0,,,0,1.2460800409317017,7.0,9.600000000000001
18,0,0.0,0.8,6.1000000000000005,-0.943488134519134,3.7,2.1,310.4421081542969,1.2410129308700562,1.600000023841858,5.161401748657227,1,1.2332748174667358,7.0,9.600000000000001
18,0,0.0,0.8,6.1000000000000005,-0.943488134519134,3.7,2.1,310.9421081542969,1.2285600900650024,1.600000023841858,5.177824974060059,1,1.2208219766616821,7.0,9.600000000000001
18,0,0.0,0.8,6.1000000000000005,-0.943488134519134,3.7,2.1,311.4421081542969,1.2164474725723267,1.600000023841858,5.1939215660095215,1,1.2087093591690063,7.0,9.600000000000001
18,0,0.0,0.8,6.1000000000000005,-0.943488134519134,3.7,2.1,311.9421081542969,0.0,,,0,1.1969249248504639,7.0,9.600000000000001
18,0,0.0,0.8,6.1000000000000005,-0.943488134519134,3.7,2.1,312.4421081542969,1.1931955814361572,1.600000023841858,5.225180149078369,1,1.185457468032837,7.0,9.600000000000001
18,0,0.0,0.8,6.1000000000000005,-0.943488134519134,3.7,2.1,312.9421081542969,1.1820343732833862,1.600000023841858,5.240365505218506,1,1.174296259880066,7.0,9.600000000000001
18,0,0.0,0.8,6.1000000000000005,-0.943488134519134,3.7,2.1,313.4421081542969,1.1711691617965698,1.600000023841858,5.255268096923828,1,1.1634310483932495,7.0,9.600000000000001
18,0,0.0,0.8,6.1000000000000005,-0.943488134519134,3.7,2.1,313.9421081542969,0.0,,,0,1.152851939201355,7.0,9.600000000000001
18,0,0.0,0.8,6.1000000000000005,-0.943488134519134,3.7,2.1,314.4421081542969,1.1502879858016968,1.600000023841858,5.284266948699951,1,1.1425498723983765,7.0,9.600000000000001
18,0,0.0,0.8,6.1000000000000005,-0.943488134519134,3.7,2.1,314.9421081542969,1.1402537822723389,1.600000023841858,5.298381805419922,1,1.1325156688690186,7.0,9.600000000000001
18,0,0.0,0.8,6.1000000000000005,-0.943488134519134,3.7,2.1,315.4421081542969,0.0,,,0,1.1227409839630127,7.0,9.600000000000001
18,0,0.0,0.8,6.1000000000000005,-0.943488134519134,3.7,2.1,315.9421081542969,1.1209557056427002,1.600000023841858,5.32588529586792,1,1.1132175922393799,7.0,9.600000000000001
18,0,0.0,0.8,6.1000000000000005,-0.943488134519134,3.7,2.1,316.4421081542969,1.1116758584976196,1.600000023841858,5.339290618896484,1,1.1039377450942993,7.0,9.600000000000001
18,0,0.0,0.8,6.1000000000000005,-0.943488134519134,3.7,2.1,316.9421081542969,1.1026321649551392,1.600000023841858,5.352475166320801,1,1.0948940515518188,7.0,9.600000000000001
18,0,0.0,0.8,6.1000000000000005,-0.943488134519134,3.7,2.1,317.4421081542969,1.0938174724578857,1.600000023841858,5.3654465675354,1,1.0860793590545654,7.0,9.600000000000001
18,0,0.0,0.8,6.1000000000000005,-0.943488134519134,3.7,2.1,317.9421081542969,1.0852251052856445,1.600000023841858,5.378211975097656,1,1.0774869918823242,7.0,9.600000000000001
18,0,0.0,0.8,6.1000000000000005,-0.943488134519134,3.7,2.1,318.4421081542969,1.0768482685089111,1.600000023841858,5.390777587890625,1,1.0691101551055908,7.0,9.600000000000001
18,0,0.0,0.8,6.1000000000000005,-0.943488134519134,3.7,2.1,318.9421081542969,1.0686808824539185,1.600000023841858,5.4031500816345215,1,1.0609427690505981,7.0,9.600000000000001
18,0,0.0,0.8,6.1000000000000005,-0.943488134519134,3.7,2.1,319.4421081542969,1.0607168674468994,1.600000023841858,5.415336608886719,1,1.052978754043579,7.0,9.600000000000001
18,0,0.0,0.8,6.1000000000000005,-0.943488134519134,3.7,2.1,319.9421081542969,0.0,,,0,1.0452125072479248,7.0,9.600000000000001
18,0,0.0,0.8,6.1000000000000005,-0.943488134519134,3.7,2.1,320.4421081542969,1.0453764200210571,1.600000023841858,5.439172267913818,1,1.0376383066177368,7.0,9.600000000000001
18,0,0.0,0.8,6.1000000000000005,-0.943488134519134,3.7,2.1,320.9421081542969,1.0379891395568848,1.600000023841858,5.450833320617676,1,1.0302510261535645,7.0,9.600000000000001
18,0,0.0,0.8,6.1000000000000005,-0.943488134519134,3.7,2.1,321.4421081542969,1.030783772468567,1.600000023841858,5.462330341339111,1,1.0230456590652466,7.0,9.600000000000001
18,0,0.0,0.8,6.1000000000000005,-0.943488134519134,3.7,2.1,321.9421081542969,1.0237551927566528,1.600000023841858,5.473669052124023,1,1.0160170793533325,7.0,9.600000000000001
18,0,0.0,0.8,6.1000000000000005,-0.943488134519134,3.7,2.1,322.4421081542969,1.0168988704681396,1.600000023841858,5.484853267669678,1,1.0091607570648193,7.0,9.600000000000001
18,0,0.0,0.8,6.1000000000000005,-0.943488134519134,3.7,2.1,322.9421081542969,1.010210394859314,1.600000023841858,5.495888710021973,1,1.0024722814559937,7.0,9.600000000000001
18,0,0.0,0.8,6.1000000000000005,-0.943488134519134,3.7,2.1,323.4421081542969,1.0036852359771729,1.600000023841858,5.506779193878174,1,0.9959471225738525,7.0,9.600000000000001
18,0,0.0,0.8,6.1000000000000005,-0.943488134519134,3.7,2.1,323.9421081542969,0.9973194599151611,1.600000023841858,5.5175299644470215,1,0.989581286907196,7.0,9.600000000000001
18,0,0.0,0.8,6.1000000000000005,-0.943488134519134,3.7,2.1,324.4421081542969,0.9911088943481445,1.600000023841858,5.5281453132629395,1,0.9833707213401794,7.0,9.600000000000001
18,0,0.0,0.8,6.1000000000000005,-0.943488134519134,3.7,2.1,324.9421081542969,0.0,,,0,0.9773115515708923,7.0,9.600000000000001
18,0,0.0,0.8,6.1000000000000005,-0.943488134519134,3.7,2.1,325.4421081542969,0.9791383147239685,1.600000023841858,5.548984527587891,1,0.9714001417160034,7.0,9.600000000000001
18,0,0.0,0.8,6.1000000000000005,-0.943488134519134,3.7,2.1,325.9421081542969,0.9733710885047913,1.600000023841858,5.559216499328613,1,0.9656329154968262,7.0,9.600000000000001
18,0,0.0,0.8,6.1000000000000005,-0.943488134519134,3.7,2.1,326.4421081542969,0.0,,,0,0.9600064158439636,7.0,9.600000000000001
18,0,0.0,0.8,6.1000000000000005,-0.943488134519134,3.7,2.1,326.9421081542969,0.962255597114563,1.600000023841858,5.579324245452881,1,0.9545174241065979,7.0,9.600000000000001
18,0,0.0,0.8,6.1000000000000005,-0.943488134519134,3.7,2.1,327.4421081542969,0.9569008350372314,1.600000023841858,5.589206695556641,1,0.9491626620292664,7.0,9.600000000000001
18,0,0.0,0.8,6.1000000000000005,-0.943488134519134,3.7,2.1,327.9421081542969,0.0,,,0,0.9439391493797302,7.0,9.600000000000001
18,0,0.0,0.8,6.1000000000000005,-0.943488134519134,3.7,2.1,328.4421081542969,0.9465820789337158,1.600000023841858,5.608646869659424,1,0.9388439059257507,7.0,9.600000000000001
18,0,0.0,0.8,6.1000000000000005,-0.943488134519134,3.7,2.1,328.9421081542969,0.9416123032569885,1.600000023841858,5.618210792541504,1,0.9338741302490234,7.0,9.600000000000001
18,0,0.0,0.8,6.1000000000000005,-0.943488134519134,3.7,2.1,329.4421081542969,0.9367652535438538,1.600000023841858,5.627674579620361,1,0.9290270805358887,7.0,9.600000000000001
18,0,0.0,0.8,6.1000000000000005,-0.943488134519134,3.7,2.1,329.9421081542969,0.9320382475852966,1.600000023841858,5.6370415687561035,1,0.9243000745773315,7.0,9.600000000000001
18,0,0.0,0.8,6.1000000000000005,-0.943488134519134,3.7,2.1,330.4421081542969,0.9274287819862366,1.600000023841858,5.6463141441345215,1,0.9196906089782715,7.0,9.600000000000001
18,0,0.0,0.8,6.1000000000000005,-0.943488134519134,3.7,2.1,330.9421081542969,0.9229344129562378,1.600000023841858,5.655495643615723,1,0.9151962399482727,7.0,9.600000000000001
18,0,0.0,0.8,6.1000000000000005,-0.943488134519134,3.7,2.1,331.4421081542969,0.918552815914154,1.600000023841858,5.664588451385498,1,0.910814642906189,7.0,9.600000000000001
18,0,0.0,0.8,6.1000000000000005,-0.943488134519134,3.7,2.1,331.9421081542969,0.9142816662788391,1.600000023841858,5.673594951629639,1,0.906543493270874,7.0,9.600000000000001
18,0,0.0,0.8,6.1000000000000005,-0.943488134519134,3.7,2.1,332.4421081542969,0.910118818283081,1.600000023841858,5.682518482208252,1,0.902380645275116,7.0,9.600000000000001
18,0,0.0,0.8,6.1000000000000005,-0.943488134519134,3.7,2.1,332.9421081542969,0.9060620665550232,1.600000023841858,5.691360950469971,1,0.8983238935470581,7.0,9.600000000000001
18,0,0.0,0.8,6.1000000000000005,-0.943488134519134,3.7,2.1,333.4421081542969,0.9021094441413879,1.600000023841858,5.700125217437744,1,0.8943712711334229,7.0,9.600000000000001
18,0,0.0,0.8,6.1000000000000005,-0.943488134519134,3.7,2.1,333.9421081542969,0.8982589840888977,1.600000023841858,5.708812713623047,1,0.8905208110809326,7.0,9.600000000000001
18,0,0.0,0.8,6.1000000000000005,-0.943488134519134,3.7,2.1,334.4421081542969,0.8945087790489197,1.600000023841858,5.717426776885986,1,0.8867706060409546,7.0,9.600000000000001
18,0,0.0,0.8,6.1000000000000005,-0.943488134519134,3.7,2.1,334.9421081542969,0.8908570408821106,1.600000023841858,5.725969314575195,1,0.8831188678741455,7.0,9.600000000000001
18,0,0.0,0.8,6.1000000000000005,-0.943488134519134,3.7,2.1,335.4421081542969,0.8873019218444824,1.600000023841858,5.734442234039307,1,0.8795637488365173,7.0,9.600000000000001
18,0,0.0,0.8,6.1000000000000005,-0.943488134519134,3.7,2.1,335.9421081542969,0.8838417530059814,1.600000023841858,5.742847919464111,1,0.8761035799980164,7.0,9.600000000000001
18,0,0.0,0.8,6.1000000000000005,-0.943488134519134,3.7,2.1,336.4421081542969,0.0,,,0,0.8727367520332336,7.0,9.600000000000001
18,0,0.0,0.8,6.1000000000000005,-0.943488134519134,3.7,2.1,336.9421081542969,0.8771997690200806,1.600000023841858,5.75946569442749,1,0.8694615960121155,7.0,9.600000000000001
18,0,0.0,0.8,6.1000000000000005,-0.943488134519134,3.7,2.1,337.4421081542969,0.8740149140357971,1.600000023841858,5.76768159866333,1,0.866276741027832,7.0,9.600000000000001
18,0,0.0,0.8,6.1000000000000005,-0.943488134519134,3.7,2.1,337.9421081542969,0.8709187507629395,1.600000023841858,5.775838375091553,1,0.8631805777549744,7.0,9.600000000000001
18,0,0.0,0.8,6.1000000000000005,-0.943488134519134,3.7,2.1,338.4421081542969,0.8679099082946777,1.600000023841858,5.783937454223633,1,0.8601717352867126,7.0,9.600000000000001
18,0,0.0,0.8,6.1000000000000005,-0.943488134519134,3.7,2.1,338.9421081542969,0.8649870753288269,1.600000023841858,5.791981220245361,1,0.8572489023208618,7.0,9.600000000000001
18,0,0.0,0.8,6.1000000000000005,-0.943488134519134,3.7,2.1,339.4421081542969,0.8621488809585571,1.600000023841858,5.799970626831055,1,0.854410707950592,7.0,9.600000000000001
18,0,0.0,0.8,6.1000000000000005,-0.943488134519134,3.7,2.1,339.9421081542969,0.8593940138816833,1.600000023841858,5.807908058166504,1,0.8516558408737183,7.0,9.600000000000001
18,0,0.0,0.8,6.1000000000000005,-0.943488134519134,3.7,2.1,340.4421081542969,0.8567213416099548,1.600000023841858,5.815795421600342,1,0.8489831686019897,7.0,9.600000000000001
18,0,0.0,0.8,6.1000000000000005,-0.943488134519134,3.7,2.1,340.9421081542969,0.0,,,0,0.8463914394378662,7.0,9.600000000000001
18,0,0.0,0.8,6.1000000000000005,-0.943488134519134,3.7,2.1,341.4421081542969,0.0,,,0,0.8438795804977417,7.0,9.600000000000001
18,0,0.0,0.8,6.1000000000000005,-0.943488134519134,3.7,2.1,341.9421081542969,0.8491846323013306,1.600000023841858,5.839170455932617,1,0.8414464592933655,7.0,9.600000000000001
18,0,0.0,0.8,6.1000000000000005,-0.943488134519134,3.7,2.1,342.4421081542969,0.0,,,0,0.8390910029411316,7.0,9.600000000000001
18,0,0.0,0.8,6.1000000000000005,-0.943488134519134,3.7,2.1,342.9421081542969,0.8445504903793335,1.600000023841858,5.854531288146973,1,0.8368123173713684,7.0,9.600000000000001
18,0,0.0,0.8,6.1000000000000005,-0.943488134519134,3.7,2.1,343.4421081542969,0.8423475027084351,1.600000023841858,5.862149715423584,1,0.83460932970047,7.0,9.600000000000001
18,0,0.0,0.8,6.1000000000000005,-0.943488134519134,3.7,2.1,343.9421081542969,0.8402193188667297,1.600000023841858,5.8697285652160645,1,0.8324811458587646,7.0,9.600000000000001
18,0,0.0,0.8,6.1000000000000005,-0.943488134519134,3.7,2.1,344.4421081542969,0.8381650447845459,1.600000023841858,5.877269744873047,1,0.8304268717765808,7.0,9.600000000000001
18,0,0.0,0.8,6.1000000000000005,-0.943488134519134,3.7,2.1,344.9421081542969,0.8361838459968567,1.600000023841858,5.884774208068848,1,0.8284456729888916,7.0,9.600000000000001
18,0,0.0,0.8,6.1000000000000005,-0.943488134519134,3.7,2.1,345.4421081542969,0.8342748284339905,1.600000023841858,5.892243385314941,1,0.8265366554260254,7.0,9.600000000000001
18,0,0.0,0.8,6.1000000000000005,-0.943488134519134,3.7,2.1,345.9421081542969,0.0,,,0,0.8246990442276001,7.0,9.600000000000001
18,0,0.0,0.8,6.1000000000000005,-0.943488134519134,3.7,2.1,346.4421081542969,0.8306703567504883,1.600000023841858,5.9070820808410645,1,0.8229321837425232,7.0,9.600000000000001
18,0,0.0,0.8,6.1000000000000005,-0.943488134519134,3.7,2.1,346.9421081542969,0.8289734125137329,1.600000023841858,5.914453983306885,1,0.8212352395057678,7.0,9.600000000000001
18,0,0.0,0.8,6.1000000000000005,-0.943488134519134,3.7,2.1,347.4421081542969,0.8273457884788513,1.600000023841858,5.9217963218688965,1,0.8196076154708862,7.0,9.600000000000001
18,0,0.0,0.8,6.1000000000000005,-0.943488134519134,3.7,2.1,347.9421081542969,0.8257867693901062,1.600000023841858,5.929109573364258,1,0.8180485963821411,7.0,9.600000000000001
18,0,0.0,0.8,6.1000000000000005,-0.943488134519134,3.7,2.1,348.4421081542969,0.0,,,0,0.8165575265884399,7.0,9.600000000000001
18,0,0.0,0.8,6.1000000000000005,-0.943488134519134,3.7,2.1,348.9421081542969,0.8228720426559448,1.600000023841858,5.943656921386719,1,0.8151338696479797,7.0,9.600000000000001
18,0,0.0,0.8,6.1000000000000005,-0.943488134519134,3.7,2.1,349.4421081542969,0.8215152025222778,1.600000023841858,5.950892448425293,1,0.8137770295143127,7.0,9.600000000000001
18,0,0.0,0.8,6.1000000000000005,-0.943488134519134,3.7,2.1,349.9421081542969,0.8202246427536011,1.600000023841858,5.958105087280273,1,0.812486469745636,7.0,9.600000000000001
18,0,0.0,0.8,6.1000000000000005,-0.943488134519134,3.7,2.1,350.4421081542969,0.8189998269081116,1.600000023841858,5.96529483795166,1,0.8112616539001465,7.0,9.600000000000001
18,0,0.0,0.8,6.1000000000000005,-0.943488134519134,3.7,2.1,350.9421081542969,0.8178403377532959,1.600000023841858,5.972463607788086,1,0.8101021647453308,7.0,9.600000000000001
18,0,0.0,0.8,6.1000000000000005,-0.943488134519134,3.7,2.1,351.4421081542969,0.8167456388473511,1.600000023841858,5.979612827301025,1,0.809007465839386,7.0,9.600000000000001
18,0,0.0,0.8,6.1000000000000005,-0.943488134519134,3.7,2.1,351.9421081542969,0.8157153725624084,1.600000023841858,5.986742973327637,1,0.8079771995544434,7.0,9.600000000000001
18,0,0.0,0.8,6.1000000000000005,-0.943488134519134,3.7,2.1,352.4421081542969,0.8147491216659546,1.600000023841858,5.9938554763793945,1,0.8070109486579895,7.0,9.600000000000001
18,0,0.0,0.8,6.1000000000000005,-0.943488134519134,3.7,2.1,352.9421081542969,0.8138464689254761,1.600000023841858,6.000951766967773,1,0.806108295917511,7.0,9.600000000000001
18,0,0.0,0.8,6.1000000000000005,-0.943488134519134,3.7,2.1,353.4421081542969,0.0,,,0,0.8052688837051392,7.0,9.600000000000001
18,0,0.0,0.8,6.1000000000000005,-0.943488134519134,3.7,2.1,353.9421081542969,0.81223064661026,1.600000023841858,6.01509952545166,1,0.8044924736022949,7.0,9.600000000000001
18,0,0.0,0.8,6.1000000000000005,-0.943488134519134,3.7,2.1,354.4421081542969,0.8115168809890747,1.600000023841858,6.022152900695801,1,0.8037787079811096,7.0,9.600000000000001
18,0,0.0,0.8,6.1000000000000005,-0.943488134519134,3.7,2.1,354.9421081542969,0.8108654618263245,1.600000023841858,6.029194355010986,1,0.8031272888183594,7.0,9.600000000000001
18,0,0.0,0.8,6.1000000000000005,-0.943488134519134,3.7,2.1,355.4421081542969,0.8102761507034302,1.600000023841858,6.036225318908691,1,0.8025379776954651,7.0,9.600000000000001
18,0,0.0,0.8,6.1000000000000005,-0.943488134519134,3.7,2.1,355.9421081542969,0.8097487688064575,1.600000023841858,6.043246269226074,1,0.8020105957984924,7.0,9.600000000000001
18,0,0.0,0.8,6.1000000000000005,-0.943488134519134,3.7,2.1,356.4421081542969,0.8092830777168274,1.600000023841858,6.050258636474609,1,0.8015449047088623,7.0,9.600000000000001
18,0,0.0,0.8,6.1000000000000005,-0.943488134519134,3.7,2.1,356.9421081542969,0.8088788986206055,1.600000023841858,6.057263374328613,1,0.8011407256126404,7.0,9.600000000000001
18,0,0.0,0.8,6.1000000000000005,-0.943488134519134,3.7,2.1,357.4421081542969,0.8085360527038574,1.600000023841858,6.064261436462402,1,0.8007978796958923,7.0,9.600000000000001
18,0,0.0,0.8,6.1000000000000005,-0.943488134519134,3.7,2.1,357.9421081542969,0.0,,,0,0.8005163073539734,7.0,9.600000000000001
18,0,0.0,0.8,6.1000000000000005,-0.943488134519134,3.7,2.1,358.4421081542969,0.8080340027809143,1.600000023841858,6.078242301940918,1,0.8002958297729492,7.0,9.600000000000001
18,0,0.0,0.8,6.1000000000000005,-0.943488134519134,3.7,2.1,358.9421081542969,0.0,,,0,0.800136387348175,7.0,9.600000000000001
18,0,0.0,0.8,6.1000000000000005,-0.943488134519134,3.7,2.1,359.4421081542969,0.0,,,0,0.8000379204750061,7.0,9.600000000000001
18,0,0.0,0.8,6.1000000000000005,-0.943488134519134,3.7,2.1,359.9421081542969,0.0,,,0,0.8000004291534424,7.0,9.600000000000001
18,0,0.0,0.8,6.1000000000000005,-0.943488134519134,3.7,2.1,0.44211187958717346,0.8077619671821594,1.600000023841858,6.106173038482666,1,0.8000237941741943,7.0,9.600000000000001
18,0,0.0,0.8,6.1000000000000005,-0.943488134519134,3.7,2.1,0.9421118497848511,0.8078463077545166,1.600000023841858,6.113155364990234,1,0.8001081347465515,7.0,9.600000000000001
18,0,0.0,0.8,6.1000000000000005,-0.943488134519134,3.7,2.1,1.442111849784851,0.807991623878479,1.600000023841858,6.120140075683594,1,0.8002534508705139,7.0,9.600000000000001
18,0,0.0,0.8,6.1000000000000005,-0.943488134519134,3.7,2.1,1.942111849784851,0.8081979751586914,1.600000023841858,6.127127170562744,1,0.8004598021507263,7.0,9.600000000000001
18,0,0.0,0.8,6.1000000000000005,-0.943488134519134,3.7,2.1,2.4421119689941406,0.8084654211997986,1.600000023841858,6.134119033813477,1,0.8007272481918335,7.0,9.600000000000001
18,0,0.0,0.8,6.1000000000000005,-0.943488134519134,3.7,2.1,2.9421119689941406,0.8087940216064453,1.600000023841858,6.141115665435791,1,0.8010558485984802,7.0,9.600000000000001
18,0,0.0,0.8,6.1000000000000005,-0.943488134519134,3.7,2.1,3.4421119689941406,0.0,,,0,0.8014458417892456,7.0,9.600000000000001
18,0,0.0,0.8,6.1000000000000005,-0.943488134519134,3.7,2.1,3.9421119689941406,0.8096354603767395,1.600000023841858,6.155129432678223,1,0.8018972873687744,7.0,9.600000000000001
18,0,0.0,0.8,6.1000000000000005,-0.943488134519134,3.7,2.1,4.442111968994141,0.8101485371589661,1.600000023841858,6.1621479988098145,1,0.802410364151001,7.0,9.600000000000001
18,0,0.0,0.8,6.1000000000000005,-0.943488134519134,3.7,2.1,4.942111968994141,0.8107234835624695,1.600000023841858,6.1691765785217285,1,0.8029853105545044,7.0,9.600000000000001
18,0,0.0,0.8,6.1000000000000005,-0.943488134519134,3.7,2.1,5.442111968994141,0.8113604784011841,1.600000023841858,6.176215648651123,1,0.803622305393219,7.0,9.600000000000001
18,0,0.0,0.8,6.1000000000000005,-0.943488134519134,3.7,2.1,5.942111968994141,0.8120598196983337,1.600000023841858,6.1832661628723145,1,0.8043216466903687,7.0,9.600000000000001
18,0,0.0,0.8,6.1000000000000005,-0.943488134519134,3.7,2.1,6.442111968994141,0.0,,,0,0.8050835132598877,7.0,9.600000000000001
18,0,0.0,0.8,6.1000000000000005,-0.943488134519134,3.7,2.1,6.942111968994141,0.8136464953422546,1.600000023841858,6.197407245635986,1,0.8059083223342896,7.0,9.600000000000001
18,0,0.0,0.8,6.1000000000000005,-0.943488134519134,3.7,2.1,7.442111968994141,0.0,,,0,0.8067962527275085,7.0,9.600000000000001
18,0,0.0,0.8,6.1000000000000005,-0.943488134519134,3.7,2.1,7.942111968994141,0.815485954284668,1.600000023841858,6.211608409881592,1,0.8077477812767029,7.0,9.600000000000001
18,0,0.0,0.8,6.1000000000000005,-0.943488134519134,3.7,2.1,8.44211196899414,0.8165013790130615,1.600000023841858,6.2187347412109375,1,0.8087632060050964,7.0,9.600000000000001
18,0,0.0,0.8,6.1000000000000005,-0.943488134519134,3.7,2.1,8.94211196899414,0.8175811171531677,1.600000023841858,6.225879192352295,1,0.8098429441452026,7.0,9.600000000000001
18,0,0.0,0.8,6.1000000000000005,-0.943488134519134,3.7,2.1,9.44211196899414,0.8187255263328552,1.600000023841858,6.233043193817139,1,0.8109873533248901,7.0,9.600000000000001
18,0,0.0,0.8,6.1000000000000005,-0.943488134519134,3.7,2.1,9.94211196899414,0.8199352025985718,1.600000023841858,6.240228176116943,1,0.8121970295906067,7.0,9.600000000000001
18,0,0.0,0.8,6.1000000000000005,-0.943488134519134,3.7,2.1,10.44211196899414,0.821210503578186,1.600000023841858,6.247435569763184,1,0.813472330570221,7.0,9.600000000000001
18,0,0.0,0.8,6.1000000000000005,-0.943488134519134,3.7,2.1,10.94211196899414,0.8225519061088562,1.600000023841858,6.254665374755859,1,0.8148137331008911,7.0,9.600000000000001
18,0,0.0,0.8,6.1000000000000005,-0.943488134519134,3.7,2.1,11.44211196899414,0.0,,,0,0.8162218928337097,7.0,9.600000000000001
18,0,0.0,0.8,6.1000000000000005,-0.943488134519134,3.7,2.1,11.94211196899414,0.8254354596138,1.600000023841858,6.269200801849365,1,0.817697286605835,7.0,9.600000000000001
18,0,0.0,0.8,6.1000000000000005,-0.943488134519134,3.7,2.1,12.44211196899414,0.8269786834716797,1.600000023841858,6.27650785446167,1,0.8192405104637146,7.0,9.600000000000001
18,0,0.0,0.8,6.1000000000000005,-0.943488134519134,3.7,2.1,12.94211196899414,0.8285903930664062,1.600000023841858,6.283843517303467,1,0.8208522200584412,7.0,9.600000000000001
18,0,0.0,0.8,6.1000000000000005,-0.943488134519134,3.7,2.1,13.44211196899414,0.8302712440490723,1.600000023841858,6.291208267211914,1,0.8225330710411072,7.0,9.600000000000001
18,0,0.0,0.8,6.1000000000000005,-0.943488134519134,3.7,2.1,13.94211196899414,0.0,,,0,0.8242836594581604,7.0,9.600000000000001
18,0,0.0,0.8,6.1000000000000005,-0.943488134519134,3.7,2.1,14.44211196899414,0.8338429927825928,1.600000023841858,6.306032180786133,1,0.8261048197746277,7.0,9.600000000000001
18,0,0.0,0.8,6.1000000000000005,-0.943488134519134,3.7,2.1,14.94211196899414,0.8357353806495667,1.600000023841858,6.313493251800537,1,0.8279972076416016,7.0,9.600000000000001
18,0,0.0,0.8,6.1000000000000005,-0.943488134519134,3.7,2.1,15.44211196899414,0.837699830532074,1.600000023841858,6.320989608764648,1,0.8299616575241089,7.0,9.600000000000001
18,0,0.0,0.8,6.1000000000000005,-0.943488134519134,3.7,2.1,15.94211196899414,0.8397371172904968,1.600000023841858,6.328521728515625,1,0.8319989442825317,7.0,9.600000000000001
18,0,0.0,0.8,6.1000000000000005,-0.943488134519134,3.7,2.1,16.44211196899414,0.8418480753898621,1.600000023841858,6.336091995239258,1,0.834109902381897,7.0,9.600000000000001
18,0,0.0,0.8,6.1000000000000005,-0.943488134519134,3.7,2.1,16.94211196899414,0.8440336585044861,1.600000023841858,6.343700885772705,1,0.836295485496521,7.0,9.600000000000001
18,0,0.0,0.8,6.1000000000000005,-0.943488134519134,3.7,2.1,17.44211196899414,0.8462947607040405,1.600000023841858,6.351350784301758,1,0.8385565876960754,7.0,9.600000000000001
18,0,0.0,0.8,6.1000000000000005,-0.943488134519134,3.7,2.1,17.94211196899414,0.8486323356628418,1.600000023841858,6.359042644500732,1,0.8408941626548767,7.0,9.600000000000001
18,0,0.0,0.8,6.1000000000000005,-0.943488134519134,3.7,2.1,18.44211196899414,0.8510473370552063,1.600000023841858,6.3667778968811035,1,0.8433091640472412,7.0,9.600000000000001
18,0,0.0,0.8,6.1000000000000005,-0.943488134519134,3.7,2.1,18.94211196899414,0.8535408973693848,1.600000023841858,6.374558448791504,1,0.8458027243614197,7.0,9.600000000000001
18,0,0.0,0.8,6.1000000000000005,-0.943488134519134,3.7,2.1,19.44211196899414,0.0,,,0,0.8483758568763733,7.0,9.600000000000001
18,0,0.0,0.8,6.1000000000000005,-0.943488134519134,3.7,2.1,19.94211196899414,0.0,,,0,0.8510296940803528,7.0,9.600000000000001
18,0,0.0,0.8,6.1000000000000005,-0.943488134519134,3.7,2.1,20.44211196899414,0.8615036010742188,1.600000023841858,6.398186683654785,1,0.8537654280662537,7.0,9.600000000000001
18,0,0.0,0.8,6.1000000000000005,-0.943488134519134,3.7,2.1,20.94211196899414,0.8643223643302917,1.600000023841858,6.406164169311523,1,0.8565841913223267,7.0,9.600000000000001
18,0,0.0,0.8,6.1000000000000005,-0.943488134519134,3.7,2.1,21.44211196899414,0.8672255277633667,1.600000023841858,6.4141950607299805,1,0.8594873547554016,7.0,9.600000000000001
18,0,0.0,0.8,6.1000000000000005,-0.943488134519134,3.7,2.1,21.94211196899414,0.8702143430709839,1.600000023841858,6.422281265258789,1,0.8624761700630188,7.0,9.600000000000001
18,0,0.0,0.8,6.1000000000000005,-0.943488134519134,3.7,2.1,22.44211196899414,0.8732901215553284,1.600000023841858,6.430424213409424,1,0.8655519485473633,7.0,9.600000000000001
18,0,0.0,0.8,6.1000000000000005,-0.943488134519134,3.7,2.1,22.94211196899414,0.8764543533325195,1.600000023841858,6.438626289367676,1,0.8687161803245544,7.0,9.600000000000001
18,0,0.0,0.8,6.1000000000000005,-0.943488134519134,3.7,2.1,23.44211196899414,0.8797084093093872,1.600000023841858,6.446889400482178,1,0.8719702363014221,7.0,9.600000000000001
18,0,0.0,0.8,6.1000000000000005,-0.943488134519134,3.7,2.1,23.94211196899414,0.8830538988113403,1.600000023841858,6.455214977264404,1,0.8753157258033752,7.0,9.600000000000001
18,0,0.0,0.8,6.1000000000000005,-0.943488134519134,3.7,2.1,24.44211196899414,0.8864923119544983,1.600000023841858,6.4636054039001465,1,0.8787541389465332,7.0,9.600000000000001
18,0,0.0,0.8,6.1000000000000005,-0.943488134519134,3.7,2.1,24.94211196899414,0.8900253176689148,1.600000023841858,6.472062587738037,1,0.8822871446609497,7.0,9.600000000000001
18,0,0.0,0.8,6.1000000000000005,-0.943488134519134,3.7,2.1,25.44211196899414,0.8936545252799988,1.600000023841858,6.480588912963867,1,0.8859163522720337,7.0,9.600000000000001
18,0,0.0,0.8,6.1000000000000005,-0.943488134519134,3.7,2.1,25.94211196899414,0.8973817825317383,1.600000023841858,6.489185810089111,1,0.8896436095237732,7.0,9.600000000000001
18,0,0.0,0.8,6.1000000000000005,-0.943488134519134,3.7,2.1,26.44211196899414,0.9012088775634766,1.600000023841858,6.497856616973877,1,0.8934707045555115,7.0,9.600000000000001
18,0,0.0,0.8,6.1000000000000005,-0.943488134519134,3.7,2.1,26.94211196899414,0.0,,,0,0.8973994851112366,7.0,9.600000000000001
18,0,0.0,0.8,6.1000000000000005,-0.943488134519134,3.7,2.1,27.44211196899414,0.9091700911521912,1.600000023841858,6.515427112579346,1,0.9014319181442261,7.0,9.600000000000001
18,0,0.0,0.8,6.1000000000000005,-0.943488134519134,3.7,2.1,27.94211196899414,0.9133082032203674,1.600000023841858,6.524331092834473,1,0.9055700302124023,7.0,9.600000000000001
18,0,0.0,0.8,6.1000000000000005,-0.943488134519134,3.7,2.1,28.44211196899414,0.9175540804862976,1.600000023841858,6.533318519592285,1,0.9098159074783325,7.0,9.600000000000001
18,0,0.0,0.8,6.1000000000000005,-0.943488134519134,3.7,2.1,28.94211196899414,0.9219099283218384,1.600000023841858,6.542391300201416,1,0.9141717553138733,7.0,9.600000000000001
18,0,0.0,0.8,6.1000000000000005,-0.943488134519134,3.7,2.1,29.44211196899414,0.9263779520988464,1.600000023841858,6.551551818847656,1,0.9186397790908813,7.0,9.600000000000001
18,0,0.0,0.8,6.1000000000000005,-0.943488134519134,3.7,2.1,29.94211196899414,0.0,,,0,0.9232223629951477,7.0,9.600000000000001
18,0,0.0,0.8,6.1000000000000005,-0.943488134519134,3.7,2.1,30.44211196899414,0.0,,,0,0.9279218912124634,7.0,9.600000000000001
18,0,0.0,0.8,6.1000000000000005,-0.943488134519134,3.7,2.1,30.94211196899414,0.9404790997505188,1.600000023841858,6.579588890075684,1,0.9327409267425537,7.0,9.600000000000001
18,0,0.0,0.8,6.1000000000000005,-0.943488134519134,3.7,2.1,31.44211196899414,0.0,,,0,0.9376820921897888,7.0,9.600000000000001
18,0,0.0,0.8,6.1000000000000005,-0.943488134519134,3.7,2.1,31.94211196899414,0.9504861831665039,1.600000023841858,6.5987725257873535,1,0.9427480101585388,7.0,9.600000000000001
18,0,0.0,0.8,6.1000000000000005,-0.943488134519134,3.7,2.1,32.44211196899414,0.9556797742843628,1.600000023841858,6.6085205078125,1,0.9479416012763977,7.0,9.600000000000001
18,0,0.0,0.8,6.1000000000000005,-0.943488134519134,3.7,2.1,32.94211196899414,0.961003839969635,1.600000023841858,6.618377685546875,1,0.9532656669616699,7.0,9.600000000000001
18,0,0.0,0.8,6.1000000000000005,-0.943488134519134,3.7,2.1,33.44211196899414,0.9664614796638489,1.600000023841858,6.628346920013428,1,0.9587233066558838,7.0,9.600000000000001
18,0,0.0,0.8,6.1000000000000005,-0.943488134519134,3.7,2.1,33.94211196899414,0.9720558524131775,1.600000023841858,6.638431549072266,1,0.9643176794052124,7.0,9.600000000000001
18,0,0.0,0.8,6.1000000000000005,-0.943488134519134,3.7,2.1,34.44211196899414,0.9777901768684387,1.600000023841858,6.648635387420654,1,0.9700520038604736,7.0,9.600000000000001
18,0,0.0,0.8,6.1000000000000005,-0.943488134519134,3.7,2.1,34.94211196899414,0.0,,,0,0.9759297370910645,7.0,9.600000000000001
18,0,0.0,0.8,6.1000000000000005,-0.943488134519134,3.7,2.1,35.44211196899414,0.0,,,0,0.9819543957710266,7.0,9.600000000000001
18,0,0.0,0.8,6.1000000000000005,-0.943488134519134,3.7,2.1,35.94211196899414,0.0,,,0,0.9881295561790466,7.0,9.600000000000001
18,0,0.0,0.8,6.1000000000000005,-0.943488134519134,3.7,2.1,36.44211196899414,1.002197265625,1.600000023841858,6.690719127655029,1,0.9944590926170349,7.0,9.600000000000001
18,0,0.0,0.8,6.1000000000000005,-0.943488134519134,3.7,2.1,36.94211196899414,1.0086851119995117,1.600000023841858,6.701577186584473,1,1.0009469985961914,7.0,9.600000000000001
18,0,0.0,0.8,6.1000000000000005,-0.943488134519134,3.7,2.1,37.44211196899414,1.0153354406356812,1.600000023841858,6.712578296661377,1,1.0075973272323608,7.0,9.600000000000001
18,0,0.0,0.8,6.1000000000000005,-0.943488134519134,3.7,2.1,37.94211196899414,1.0221524238586426,1.600000023841858,6.723727703094482,1,1.0144143104553223,7.0,9.600000000000001
18,0,0.0,0.8,6.1000000000000005,-0.943488134519134,3.7,2.1,38.44211196899414,1.0291407108306885,1.600000023841858,6.735030174255371,1,1.0214025974273682,7.0,9.600000000000001
18,0,0.0,0.8,6.1000000000000005,-0.943488134519134,3.7,2.1,38.94211196899414,1.0363047122955322,1.600000023841858,6.746490001678467,1,1.028566598892212,7.0,9.600000000000001
18,0,0.0,0.8,6.1000000000000005,-0.943488134519134,3.7,2.1,39.44211196899414,0.0,,,0,1.0359113216400146,7.0,9.600000000000001
18,0,0.0,0.8,6.1000000000000005,-0.943488134519134,3.7,2.1,39.94211196899414,1.0511798858642578,1.600000023841858,6.769903659820557,1,1.0434417724609375,7.0,9.600000000000001
18,0,0.0,0.8,6.1000000000000005,-0.943488134519134,3.7,2.1,40.44211196899414,1.0589011907577515,1.600000023841858,6.781867980957031,1,1.0511630773544312,7.0,9.600000000000001
18,0,0.0,0.8,6.1000000000000005,-0.943488134519134,3.7,2.1,40.94211196899414,1.0668188333511353,1.600000023841858,6.79401159286499,1,1.059080719947815,7.0,9.600000000000001
18,0,0.0,0.8,6.1000000000000005,-0.943488134519134,3.7,2.1,41.44211196899414,1.0749386548995972,1.600000023841858,6.80634069442749,1,1.0672005414962769,7.0,9.600000000000001
18,0,0.0,0.8,6.1000000000000005,-0.943488134519134,3.7,2.1,41.94211196899414,0.0,,,0,1.0585142374038696,7.0,9.600000000000001
18,0,0.0,0.8,6.1000000000000005,-0.943488134519134,3.7,2.1,42.44211196899414,0.0,,,0,1.0483728647232056,7.0,9.600000000000001
18,0,0.0,0.8,6.1000000000000005,-0.943488134519134,3.7,2.1,42.94211196899414,1.0462404489517212,1.560227632522583,6.807488918304443,1,1.0385023355484009,7.0,9.600000000000001
18,0,0.0,0.8,6.1000000000000005,-0.943488134519134,3.7,2.1,43.44211196899414,0.0,,,0,1.0288934707641602,7.0,9.600000000000001
18,0,0.0,0.8,6.1000000000000005,-0.943488134519134,3.7,2.1,43.94211196899414,1.0272759199142456,1.5341092348098755,6.807488918304443,1,1.0195378065109253,7.0,9.600000000000001
18,0,0.0,0.8,6.1000000000000005,-0.943488134519134,3.7,2.1,44.44211196899414,1.018165111541748,1.5214027166366577,6.807488918304443,1,1.0104269981384277,7.0,9.600000000000001
18,0,0.0,0.8,6.1000000000000005,-0.943488134519134,3.7,2.1,44.94211196899414,1.0092912912368774,1.5089201927185059,6.807488918304443,1,1.0015531778335571,7.0,9.600000000000001
18,0,0.0,0.8,6.1000000000000005,-0.943488134519134,3.7,2.1,45.44211196899414,1.000646948814392,1.4966541528701782,6.807488918304443,1,0.992908775806427,7.0,9.600000000000001
18,0,0.0,0.8,6.1000000000000005,-0.943488134519134,3.7,2.1,45.94211196899414,0.9922248125076294,1.484597086906433,6.807488918304443,1,0.9844866394996643,7.0,9.600000000000001
18,0,0.0,0.8,6.1000000000000005,-0.943488134519134,3.7,2.1,46.44211196899414,0.9840181469917297,1.472741961479187,6.807488918304443,1,0.9762799739837646,7.0,9.600000000000001
18,0,0.0,0.8,6.1000000000000005,-0.943488134519134,3.7,2.1,46.94211196899414,0.0,,,0,0.9682821035385132,7.0,9.600000000000001
18,0,0.0,0.8,6.1000000000000005,-0.943488134519134,3.7,2.1,47.44211196899414,0.9682248830795288,1.4496105909347534,6.807488918304443,1,0.9604867100715637,7.0,9.600000000000001
18,0,0.0,0.8,6.1000000000000005,-0.943488134519134,3.7,2.1,47.94211196899414,0.9606260657310486,1.438321590423584,6.807488918304443,1,0.9528878927230835,7.0,9.600000000000001
18,0,0.0,0.8,6.1000000000000005,-0.943488134519134,3.7,2.1,48.44211196899414,0.9532179236412048,1.4272089004516602,6.807488918304443,1,0.9454797506332397,7.0,9.600000000000001
18,0,0.0,0.8,6.1000000000000005,-0.943488134519134,3.7,2.1,48.94211196899414,0.9459949731826782,1.416266918182373,6.807488918304443,1,0.9382568001747131,7.0,9.600000000000001
18,0,0.0,0.8,6.1000000000000005,-0.943488134519134,3.7,2.1,49.44211196899414,0.9389519691467285,1.4054900407791138,6.807488918304443,1,0.9312137961387634,7.0,9.600000000000001
18,0,0.0,0.8,6.1000000000000005,-0.943488134519134,3.7,2.1,49.94211196899414,0.9320837259292603,1.394873023033142,6.807488918304443,1,0.9243455529212952,7.0,9.600000000000001
18,0,0.0,0.8,6.1000000000000005,-0.943488134519134,3.7,2.1,50.44211196899414,0.9253854751586914,1.3844106197357178,6.807488918304443,1,0.9176473021507263,7.0,9.600000000000001
18,0,0.0,0.8,6.1000000000000005,-0.943488134519134,3.7,2.1,50.94211196899414,0.9188524484634399,1.3740979433059692,6.807488918304443,1,0.9111142754554749,7.0,9.600000000000001
18,0,0.0,0.8,6.1000000000000005,-0.943488134519134,3.7,2.1,51.44211196899414,0.9124802350997925,1.3639302253723145,6.807488918304443,1,0.9047420620918274,7.0,9.600000000000001
18,0,0.0,0.8,6.1000000000000005,-0.943488134519134,3.7,2.1,51.94211196899414,0.9062644839286804,1.3539031744003296,6.807488918304443,1,0.8985263109207153,7.0,9.600000000000001
18,0,0.0,0.8,6.1000000000000005,-0.943488134519134,3.7,2.1,52.44211196899414,0.9002010226249695,1.3440120220184326,6.807488918304443,1,0.8924628496170044,7.0,9.600000000000001
18,0,0.0,0.8,6.1000000000000005,-0.943488134519134,3.7,2.1,52.94211196899414,0.0,,,0,0.8865478038787842,7.0,9.600000000000001
18,0,0.0,0.8,6.1000000000000005,-0.943488134519134,3.7,2.1,53.44211196899414,0.8885154128074646,1.3246214389801025,6.807488918304443,1,0.8807772397994995,7.0,9.600000000000001
18,0,0.0,0.8,6.1000000000000005,-0.943488134519134,3.7,2.1,53.94211196899414,0.0,,,0,0.8751475214958191,7.0,9.600000000000001
18,0,0.0,0.8,6.1000000000000005,-0.943488134519134,3.7,2.1,54.44211196899414,0.8773933053016663,1.305726408958435,6.807488918304443,1,0.8696551322937012,7.0,9.600000000000001
18,0,0.0,0.8,6.1000000000000005,-0.943488134519134,3.7,2.1,54.94211196899414,0.8720347881317139,1.2964552640914917,6.807488918304443,1,0.8642966151237488,7.0,9.600000000000001
18,0,0.0,0.8,6.1000000000000005,-0.943488134519134,3.7,2.1,55.44211196899414,0.0,,,0,0.8590688109397888,7.0,9.600000000000001
18,0,0.0,0.8,6.1000000000000005,-0.943488134519134,3.7,2.1,55.94211196899414,0.8617066740989685,1.2782481908798218,6.807488918304443,1,0.8539685010910034,7.0,9.600000000000001
18,0,0.0,0.8,6.1000000000000005,-0.943488134519134,3.7,2.1,56.44211196899414,0.8567308187484741,1.2693054676055908,6.807488918304443,1,0.848992645740509,7.0,9.600000000000001
18,0,0.0,0.8,6.1000000000000005,-0.943488134519134,3.7,2.1,56.94211196899414,0.8518764972686768,1.2604657411575317,6.807488918304443,1,0.8441383242607117,7.0,9.600000000000001
18,0,0.0,0.8,6.1000000000000005,-0.943488134519134,3.7,2.1,57.44211196899414,0.8471409678459167,1.2517257928848267,6.807488918304443,1,0.8394027948379517,7.0,9.600000000000001
18,0,0.0,0.8,6.1000000000000005,-0.943488134519134,3.7,2.1,57.94211196899414,0.0,,,0,0.8347833752632141,7.0,9.600000000000001
18,0,0.0,0.8,6.1000000000000005,-0.943488134519134,3.7,2.1,58.44211196899414,0.8380154967308044,1.2345337867736816,6.807488918304443,1,0.8302773237228394,7.0,9.600000000000001
18,0,0.0,0.8,6.1000000000000005,-0.943488134519134,3.7,2.1,58.94211196899414,0.0,,,0,0.8258822560310364,7.0,9.600000000000001
18,0,0.0,0.8,6.1000000000000005,-0.943488134519134,3.7,2.1,59.44211196899414,0.8293338418006897,1.217706322669983,6.807488918304443,1,0.8215956687927246,7.0,9.600000000000001
18,0,0.0,0.8,6.1000000000000005,-0.943488134519134,3.7,2.1,59.94211196899414,0.0,,,0,0.8174152970314026,7.0,9.600000000000001
18,0,0.0,0.8,6.1000000000000005,-0.943488134519134,3.7,2.1,60.44211196899414,0.0,,,0,0.8133388757705688,7.0,9.600000000000001
18,0,0.0,0.8,6.1000000000000005,-0.943488134519134,3.7,2.1,60.94211196899414,0.8171024322509766,1.1931025981903076,6.807488918304443,1,0.8093642592430115,7.0,9.600000000000001
18,0,0.0,0.8,6.1000000000000005,-0.943488134519134,3.7,2.1,61.44211196899414,0.8132274746894836,1.1850613355636597,6.807488918304443,1,0.8054893016815186,7.0,9.600000000000001
18,0,0.0,0.8,6.1000000000000005,-0.943488134519134,3.7,2.1,61.94211196899414,0.8094502687454224,1.1770960092544556,6.807488918304443,1,0.8017120957374573,7.0,9.600000000000001
18,0,0.0,0.8,6.1000000000000005,-0.943488134519134,3.7,2.1,62.44211196899414,0.8057687878608704,1.1692044734954834,6.807488918304443,1,0.7980306148529053,7.0,9.600000000000001
18,0,0.0,0.8,6.1000000000000005,-0.943488134519134,3.7,2.1,62.94211196899414,0.8021811842918396,1.1613845825195312,6.807488918304443,1,0.7944430112838745,7.0,9.600000000000001
18,0,0.0,0.8,6.1000000000000005,-0.943488134519134,3.7,2.1,63.44211196899414,0.798685610294342,1.153633952140808,6.807488918304443,1,0.790947437286377,7.0,9.600000000000001
18,0,0.0,0.8,6.1000000000000005,-0.943488134519134,3.7,2.1,63.94211196899414,0.7952804565429688,1.1459507942199707,6.807488918304443,1,0.7875422835350037,7.0,9.600000000000001
18,0,0.0,0.8,6.1000000000000005,-0.943488134519134,3.7,2.1,64.44210815429688,0.7919638752937317,1.1383328437805176,6.807488918304443,1,0.7842257022857666,7.0,9.600000000000001
18,0,0.0,0.8,6.1000000000000005,-0.943488134519134,3.7,2.1,64.94210815429688,0.7887343764305115,1.130778193473816,6.807488918304443,1,0.7809962034225464,7.0,9.600000000000001
18,0,0.0,0.8,6.1000000000000005,-0.943488134519134,3.7,2.1,65.44210815429688,0.0,,,0,0.7778522372245789,7.0,9.600000000000001
18,0,0.0,0.8,6.1000000000000005,-0.943488134519134,3.7,2.1,65.94210815429688,0.7825303673744202,1.1158512830734253,6.807488918304443,1,0.7747921943664551,7.0,9.600000000000001
18,0,0.0,0.8,6.1000000000000005,-0.943488134519134,3.7,2.1,66.44210815429688,0.0,,,0,0.7718147039413452,7.0,9.600000000000001
18,0,0.0,0.8,6.1000000000000005,-0.943488134519134,3.7,2.1,66.94210815429688,0.7766565084457397,1.1011552810668945,6.807488918304443,1,0.7689183354377747,7.0,9.600000000000001
18,0,0.0,0.8,6.1000000000000005,-0.943488134519134,3.7,2.1,67.44210815429688,0.7738398909568787,1.0938893556594849,6.807488918304443,1,0.7661017179489136,7.0,9.600000000000001
18,0,0.0,0.8,6.1000000000000005,-0.943488134519134,3.7,2.1,67.94210815429688,0.7711017727851868,1.086676001548767,6.807488918304443,1,0.7633635997772217,7.0,9.600000000000001
18,0,0.0,0.8,6.1000000000000005,-0.943488134519134,3.7,2.1,68.44210815429688,0.7684409022331238,1.079513430595398,6.807488918304443,1,0.7607027292251587,7.0,9.600000000000001
18,0,0.0,0.8,6.1000000000000005,-0.943488134519134,3.7,2.1,68.94210815429688,0.0,,,0,0.7581178545951843,7.0,9.600000000000001
18,0,0.0,0.8,6.1000000000000005,-0.943488134519134,3.7,2.1,69.44210815429688,0.7633460164070129,1.0653343200683594,6.807488918304443,1,0.7556078433990479,7.0,9.600000000000001
18,0,0.0,0.8,6.1000000000000005,-0.943488134519134,3.7,2.1,69.94210815429688,0.7609097361564636,1.0583148002624512,6.807488918304443,1,0.7531715631484985,7.0,9.600000000000001
18,0,0.0,0.8,6.1000000000000005,-0.943488134519134,3.7,2.1,70.44210815429688,0.7585461139678955,1.0513397455215454,6.807488918304443,1,0.7508079409599304,7.0,9.600000000000001
18,0,0.0,0.8,6.1000000000000005,-0.943488134519134,3.7,2.1,70.94210815429688,0.0,,,0,0.7485159039497375,7.0,9.600000000000001
18,0,0.0,0.8,6.1000000000000005,-0.943488134519134,3.7,2.1,71.44210815429688,0.7540326714515686,1.0375176668167114,6.807488918304443,1,0.7462944984436035,7.0,9.600000000000001
18,0,0.0,0.8,6.1000000000000005,-0.943488134519134,3.7,2.1,71.94210815429688,0.751880943775177,1.0306676626205444,6.807488918304443,1,0.7441427707672119,7.0,9.600000000000001
18,0,0.0,0.8,6.1000000000000005,-0.943488134519134,3.7,2.1,72.44210815429688,0.0,,,0,0.7420597076416016,7.0,9.600000000000001
18,0,0.0,0.8,6.1000000000000005,-0.943488134519134,3.7,2.1,72.94210815429688,0.7477827072143555,1.0170830488204956,6.807488918304443,1,0.7400445342063904,7.0,9.600000000000001
18,0,0.0,0.8,6.1000000000000005,-0.943488134519134,3.7,2.1,73.44210815429688,0.0,,,0,0.738096296787262,7.0,9.600000000000001
18,0,0.0,0.8,6.1000000000000005,-0.943488134519134,3.7,2.1,73.94210815429688,0.7439523935317993,1.0036430358886719,6.807488918304443,1,0.7362142205238342,7.0,9.600000000000001
18,0,0.0,0.8,6.1000000000000005,-0.943488134519134,3.7,2.1,74.44210815429688,0.0,,,0,0.7343974709510803,7.0,9.600000000000001
18,0,0.0,0.8,6.1000000000000005,-0.943488134519134,3.7,2.1,74.94210815429688,0.740383505821228,0.9903374910354614,6.807488918304443,1,0.7326453328132629,7.0,9.600000000000001
18,0,0.0,0.8,6.1000000000000005,-0.943488134519134,3.7,2.1,75.44210815429688,0.7386952638626099,0.9837319254875183,6.807488918304443,1,0.7309570908546448,7.0,9.600000000000001
18,0,0.0,0.8,6.1000000000000005,-0.943488134519134,3.7,2.1,75.94210815429688,0.7370702028274536,0.9771562814712524,6.807488918304443,1,0.7293320298194885,7.0,9.600000000000001
18,0,0.0,0.8,6.1000000000000005,-0.943488134519134,3.7,2.1,76.44210815429688,0.7355076670646667,0.9706093072891235,6.807488918304443,1,0.7277694940567017,7.0,9.600000000000001
18,0,0.0,0.8,6.1000000000000005,-0.943488134519134,3.7,2.1,76.94210815429688,0.734006941318512,0.9640898108482361,6.807488918304443,1,0.7262687683105469,7.0,9.600000000000001
18,0,0.0,0.8,6.1000000000000005,-0.943488134519134,3.7,2.1,77.44210815429688,0.0,,,0,0.7248293161392212,7.0,9.600000000000001
18,0,0.0,0.8,6.1000000000000005,-0.943488134519134,3.7,2.1,77.94210815429688,0.7311887741088867,0.9511287212371826,6.807488918304443,1,0.7234506011009216,7.0,9.600000000000001
18,0,0.0,0.8,6.1000000000000005,-0.943488134519134,3.7,2.1,78.44210815429688,0.7298701405525208,0.9446848630905151,6.807488918304443,1,0.7221319675445557,7.0,9.600000000000001
18,0,0.0,0.8,6.1000000000000005,-0.943488134519134,3.7,2.1,78.94210815429688,0.0,,,0,0.7208729386329651,7.0,9.600000000000001
18,0,0.0,0.8,6.1000000000000005,-0.943488134519134,3.7,2.1,79.44210815429688,0.727411150932312,0.931864857673645,6.807488918304443,1,0.7196729779243469,7.0,9.600000000000001
18,0,0.0,0.8,6.1000000000000005,-0.943488134519134,3.7,2.1,79.94210815429688,0.7262698411941528,0.9254865646362305,6.807488918304443,1,0.7185316681861877,7.0,9.600000000000001
18,0,0.0,0.8,6.1000000000000005,-0.943488134519134,3.7,2.1,80.44210815429688,0.7251866459846497,0.9191280007362366,6.807488918304443,1,0.7174484729766846,7.0,9.600000000000001
18,0,0.0,0.8,6.1000000000000005,-0.943488134519134,3.7,2.1,80.94210815429688,0.7241612672805786,0.9127880930900574,6.807488918304443,1,0.7164230942726135,7.0,9.600000000000001
18,0,0.0,0.8,6.1000000000000005,-0.943488134519134,3.7,2.1,81.44210815429688,0.7231931686401367,0.9064658284187317,6.807488918304443,1,0.7154549956321716,7.0,9.600000000000001
18,0,0.0,0.8,6.1000000000000005,-0.943488134519134,3.7,2.1,81.94210815429688,0.7222820520401001,0.9001601338386536,6.807488918304443,1,0.714543879032135,7.0,9.600000000000001
18,0,0.0,0.8,6.1000000000000005,-0.943488134519134,3.7,2.1,82.44210815429688,0.7214275002479553,0.8938699960708618,6.807488918304443,1,0.7136893272399902,7.0,9.600000000000001
18,0,0.0,0.8,6.1000000000000005,-0.943488134519134,3.7,2.1,82.94210815429688,0.0,,,0,0.7128910422325134,7.0,9.600000000000001
18,0,0.0,0.8,6.1000000000000005,-0.943488134519134,3.7,2.1,83.44210815429688,0.7198868989944458,0.8813323974609375,6.807488918304443,1,0.7121487259864807,7.0,9.600000000000001
18,0,0.0,0.8,6.1000000000000005,-0.943488134519134,3.7,2.1,83.94210815429688,0.0,,,0,0.7114620804786682,7.0,9.600000000000001
18,0,0.0,0.8,6.1000000000000005,-0.943488134519134,3.7,2.1,84.44210815429688,0.7185690402984619,0.8688449263572693,6.807488918304443,1,0.7108308672904968,7.0,9.600000000000001
18,0,0.0,0.8,6.1000000000000005,-0.943488134519134,3.7,2.1,84.94210815429688,0.7179929614067078,0.8626176118850708,6.807488918304443,1,0.7102547883987427,7.0,9.600000000000001
18,0,0.0,0.8,6.1000000000000005,-0.943488134519134,3.7,2.1,85.44210815429688,0.7174717783927917,0.8563998937606812,6.807488918304443,1,0.7097336053848267,7.0,9.600000000000001
18,0,0.0,0.8,6.1000000000000005,-0.943488134519134,3.7,2.1,85.94210815429688,0.0,,,0,0.7092671990394592,7.0,9.600000000000001
18,0,0.0,0.8,6.1000000000000005,-0.943488134519134,3.7,2.1,86.44210815429688,0.7165935635566711,0.8439894318580627,6.807488918304443,1,0.708855390548706,7.0,9.600000000000001
18,0,0.0,0.8,6.1000000000000005,-0.943488134519134,3.7,2.1,86.94210815429688,0.0,,,0,0.708497941493988,7.0,9.600000000000001
18,0,0.0,0.8,6.1000000000000005,-0.943488134519134,3.7,2.1,87.44210815429688,0.7159329056739807,0.831605851650238,6.807488918304443,1,0.7081947326660156,7.0,9.600000000000001
18,0,0.0,0.8,6.1000000000000005,-0.943488134519134,3.7,2.1,87.94210815429688,0.7156838774681091,0.8254217505455017,6.807488918304443,1,0.707945704460144,7.0,9.600000000000001
18,0,0.0,0.8,6.1000000000000005,-0.943488134519134,3.7,2.1,88.44210815429688,0.0,,,0,0.7077507376670837,7.0,9.600000000000001
18,0,0.0,0.8,6.1000000000000005,-0.943488134519134,3.7,2.1,88.94210815429688,0.7153478860855103,0.8130642771720886,6.807488918304443,1,0.7076097130775452,7.0,9.600000000000001
18,0,0.0,0.8,6.1000000000000005,-0.943488134519134,3.7,2.1,89.44210815429688,0.7152608633041382,0.8068890571594238,6.807488918304443,1,0.7075226902961731,7.0,9.600000000000001
18,0,0.0,0.8,6.1000000000000005,-0.943488134519134,3.7,2.1,89.94210815429688,0.7152276635169983,0.8007147908210754,6.807488918304443,1,0.7074894905090332,7.0,9.600000000000001
18,0,0.0,0.8,6.1000000000000005,-0.943488134519134,3.7,2.1,90.44210815429688,0.0,,,0,0.7075101733207703,7.0,9.600000000000001
18,0,0.0,0.8,6.1000000000000005,-0.943488134519134,3.7,2.1,90.94210815429688,0.7153229713439941,0.7883657217025757,6.807488918304443,1,0.707584798336029,7.0,9.600000000000001
18,0,0.0,0.8,6.1000000000000005,-0.943488134519134,3.7,2.1,91.44210815429688,0.7154514789581299,0.7821890115737915,6.807488918304443,1,0.7077133059501648,7.0,9.600000000000001
18,0,0.0,0.8,6.1000000000000005,-0.943488134519134,3.7,2.1,91.94210815429688,0.7156339287757874,0.7760095596313477,6.807488918304443,1,0.7078957557678223,7.0,9.600000000000001
18,0,0.0,0.8,6.1000000000000005,-0.943488134519134,3.7,2.1,92.44210815429688,0.7158704400062561,0.7698264718055725,6.807488918304443,1,0.708132266998291,7.0,9.600000000000001
18,0,0.0,0.8,6.1000000000000005,-0.943488134519134,3.7,2.1,92.94210815429688,0.7161610722541809,0.7636387944221497,6.807488918304443,1,0.7084228992462158,7.0,9.600000000000001
18,0,0.0,0.8,6.1000000000000005,-0.943488134519134,3.7,2.1,93.44210815429688,0.7165059447288513,0.7574455738067627,6.807488918304443,1,0.7087677717208862,7.0,9.600000000000001
18,0,0.0,0.8,6.1000000000000005,-0.943488134519134,3.7,2.1,93.94210815429688,0.0,,,0,0.7091670036315918,7.0,9.600000000000001
18,0,0.0,0.8,6.1000000000000005,-0.943488134519134,3.7,2.1,94.44210815429688,0.7173589468002319,0.7450385689735413,6.807488918304443,1,0.7096207737922668,7.0,9.600000000000001
18,0,0.0,0.8,6.1000000000000005,-0.943488134519134,3.7,2.1,94.94210815429688,0.717867374420166,0.7388229370117188,6.807488918304443,1,0.7101292014122009,7.0,9.600000000000001
18,0,0.0,0.8,6.1000000000000005,-0.943488134519134,3.7,2.1,95.44210815429688,0.7184306979179382,0.7325978875160217,6.807488918304443,1,0.7106925249099731,7.0,9.600000000000001
18,0,0.0,0.8,6.1000000000000005,-0.943488134519134,3.7,2.1,95.94210815429688,0.7190491557121277,0.7263625264167786,6.807488918304443,1,0.7113109827041626,7.0,9.600000000000001
18,0,0.0,0.8,6.1000000000000005,-0.943488134519134,3.7,2.1,96.44210815429688,0.7197229862213135,0.7201157808303833,6.807488918304443,1,0.7119848132133484,7.0,9.600000000000001
18,0,0.0,0.8,6.1000000000000005,-0.943488134519134,3.7,2.1,96.94210815429688,0.7204523682594299,0.7138567566871643,6.807488918304443,1,0.7127141952514648,7.0,9.600000000000001
18,0,0.0,0.8,6.1000000000000005,-0.943488134519134,3.7,2.1,97.44210815429688,0.7212376594543457,0.7075843811035156,6.807488918304443,1,0.7134994864463806,7.0,9.600000000000001
18,0,0.0,0.8,6.1000000000000005,-0.943488134519134,3.7,2.1,97.94210815429688,0.7220791578292847,0.7012977004051208,6.807488918304443,1,0.7143409848213196,7.0,9.600000000000001
18,0,0.0,0.8,6.1000000000000005,-0.943488134519134,3.7,2.1,98.44210815429688,0.7229771018028259,0.6949957013130188,6.807488918304443,1,0.7152389287948608,7.0,9.600000000000001
18,0,0.0,0.8,6.1000000000000005,-0.943488134519134,3.7,2.1,98.94210815429688,0.7239320278167725,0.6886773705482483,6.807488918304443,1,0.7161938548088074,7.0,9.600000000000001
18,0,0.0,0.8,6.1000000000000005,-0.943488134519134,3.7,2.1,99.44210815429688,0.7249441146850586,0.6823416352272034,6.807488918304443,1,0.7172059416770935,7.0,9.600000000000001
18,0,0.0,0.8,6.1000000000000005,-0.943488134519134,3.7,2.1,99.94210815429688,0.7260138392448425,0.6759874820709229,6.807488918304443,1,0.7182756662368774,7.0,9.600000000000001
18,0,0.0,0.8,6.1000000000000005,-0.943488134519134,3.7,2.1,100.44210815429688,0.7271416783332825,0.6696138381958008,6.807488918304443,1,0.7194035053253174,7.0,9.600000000000001
18,0,0.0,0.8,6.1000000000000005,-0.943488134519134,3.7,2.1,100.94210815429688,0.7283279895782471,0.663219690322876,6.807488918304443,1,0.720589816570282,7.0,9.600000000000001
18,0,0.0,0.8,6.1000000000000005,-0.943488134519134,3.7,2.1,101.44210815429688,0.7295733094215393,0.6568039655685425,6.807488918304443,1,0.7218351364135742,7.0,9.600000000000001
18,0,0.0,0.8,6.1000000000000005,-0.943488134519134,3.7,2.1,101.94210815429688,0.7308781147003174,0.6503654718399048,6.807488918304443,1,0.7231399416923523,7.0,9.600000000000001
18,0,0.0,0.8,6.1000000000000005,-0.943488134519134,3.7,2.1,102.44210815429688,0.7322428822517395,0.6439031958580017,6.807488918304443,1,0.7245047092437744,7.0,9.600000000000001
18,0,0.0,0.8,6.1000000000000005,-0.943488134519134,3.7,2.1,102.94210815429688,0.7336682081222534,0.6374160051345825,6.807488918304443,1,0.7259300351142883,7.0,9.600000000000001
18,0,0.0,0.8,6.1000000000000005,-0.943488134519134,3.7,2.1,103.44210815429688,0.7351546883583069,0.6309027075767517,6.807488918304443,1,0.7274165153503418,7.0,9.600000000000001
18,0,0.0,0.8,6.1000000000000005,-0.943488134519134,3.7,2.1,103.94210815429688,0.7367028594017029,0.6243621706962585,6.807488918304443,1,0.7289646863937378,7.0,9.600000000000001
18,0,0.0,0.8,6.1000000000000005,-0.943488134519134,3.7,2.1,104.44210815429688,0.0,,,0,0.7305752038955688,7.0,9.600000000000001
18,0,0.0,0.8,6.1000000000000005,-0.943488134519134,3.7,2.1,104.94210815429688,0.0,,,0,0.7322487831115723,7.0,9.600000000000001
18,0,0.0,0.8,6.1000000000000005,-0.943488134519134,3.7,2.1,105.44210815429688,0.7417242527008057,0.604565441608429,6.807488918304443,1,0.7339860796928406,7.0,9.600000000000001
18,0,0.0,0.8,6.1000000000000005,-0.943488134519134,3.7,2.1,105.94210815429688,0.0,,,0,0.7357877492904663,7.0,9.600000000000001
18,0,0.0,0.8,6.1000000000000005,-0.943488134519134,3.7,2.1,106.44210815429688,0.7453927993774414,0.5912094712257385,6.807488918304443,1,0.7376546263694763,7.0,9.600000000000001
18,0,0.0,0.8,6.1000000000000005,-0.943488134519134,3.7,2.1,106.94210815429688,0.7473256587982178,0.5844802260398865,6.807488918304443,1,0.7395874857902527,7.0,9.600000000000001
18,0,0.0,0.8,6.1000000000000005,-0.943488134519134,3.7,2.1,107.44210815429688,0.7493252754211426,0.5777151584625244,6.807488918304443,1,0.7415871024131775,7.0,9.600000000000001
18,0,0.0,0.8,6.1000000000000005,-0.943488134519134,3.7,2.1,107.94210815429688,0.7513925433158875,0.5709128379821777,6.807488918304443,1,0.7436543703079224,7.0,9.600000000000001
18,0,0.0,0.8,6.1000000000000005,-0.943488134519134,3.7,2.1,108.44210815429688,0.7535282969474792,0.5640720129013062,6.807488918304443,1,0.7457901239395142,7.0,9.600000000000001
18,0,0.0,0.8,6.1000000000000005,-0.943488134519134,3.7,2.1,108.94210815429688,0.7557334899902344,0.5571912527084351,6.807488918304443,1,0.7479953169822693,7.0,9.600000000000001
18,0,0.0,0.8,6.1000000000000005,-0.943488134519134,3.7,2.1,109.44210815429688,0.7580090165138245,0.5502691268920898,6.807488918304443,1,0.7502708435058594,7.0,9.600000000000001
18,0,0.0,0.8,6.1000000000000005,-0.943488134519134,3.7,2.1,109.94210815429688,0.7603560090065002,0.5433042049407959,6.807488918304443,1,0.7526178359985352,7.0,9.600000000000001
18,0,0.0,0.8,6.1000000000000005,-0.943488134519134,3.7,2.1,110.44210815429688,0.7627753615379333,0.5362950563430786,6.807488918304443,1,0.7550371885299683,7.0,9.600000000000001
18,0,0.0,0.8,6.1000000000000005,-0.943488134519134,3.7,2.1,110.94210815429688,0.7652682065963745,0.5292401909828186,6.807488918304443,1,0.7575300335884094,7.0,9.600000000000001
18,0,0.0,0.8,6.1000000000000005,-0.943488134519134,3.7,2.1,111.44210815429688,0.0,,,0,0.7600974440574646,7.0,9.600000000000001
18,0,0.0,0.8,6.1000000000000005,-0.943488134519134,3.7,2.1,111.94210815429688,0.7704787850379944,0.5149869918823242,6.807488918304443,1,0.7627406120300293,7.0,9.600000000000001
18,0,0.0,0.8,6.1000000000000005,-0.943488134519134,3.7,2.1,112.44210815429688,0.7731989622116089,0.5077854990959167,6.807488918304443,1,0.7654607892036438,7.0,9.600000000000001
18,0,0.0,0.8,6.1000000000000005,-0.943488134519134,3.7,2.1,112.94210815429688,0.7759972214698792,0.5005319118499756,6.807488918304443,1,0.7682590484619141,7.0,9.600000000000001
18,0,0.0,0.8,6.1000000000000005,-0.943488134519134,3.7,2.1,113.44210815429688,0.0,,,0,0.7711368799209595,7.0,9.600000000000001
18,0,0.0,0.8,6.1000000000000005,-0.943488134519134,3.7,2.1,113.94210815429688,0.0,,,0,0.7740954756736755,7.0,9.600000000000001
18,0,0.0,0.8,6.1000000000000005,-0.943488134519134,3.7,2.1,114.44210815429688,0.784874439239502,0.4784414768218994,6.807488918304443,1,0.7771362662315369,7.0,9.600000000000001
18,0,0.0,0.8,6.1000000000000005,-0.943488134519134,3.7,2.1,114.94210815429688,0.7879988551139832,0.4709622263908386,6.807488918304443,1,0.7802606821060181,7.0,9.600000000000001
18,0,0.0,0.8,6.1000000000000005,-0.943488134519134,3.7,2.1,115.44210815429688,0.7912083864212036,0.4634220004081726,6.807488918304443,1,0.7834702134132385,7.0,9.600000000000001
18,0,0.0,0.8,6.1000000000000005,-0.943488134519134,3.7,2.1,115.94210815429688,0.0,,,0,0.7867664694786072,7.0,9.600000000000001
18,0,0.0,0.8,6.1000000000000005,-0.943488134519134,3.7,2.1,116.44210815429688,0.0,,,0,0.7901510000228882,7.0,9.600000000000001
18,0,0.0,0.8,6.1000000000000005,-0.943488134519134,3.7,2.1,116.94210815429688,0.0,,,0,0.7936254739761353,7.0,9.600000000000001
18,0,0.0,0.8,6.1000000000000005,-0.943488134519134,3.7,2.1,117.44210815429688,0.804929792881012,0.43261250853538513,6.807488918304443,1,0.7971916198730469,7.0,9.600000000000001
18,0,0.0,0.8,6.1000000000000005,-0.943488134519134,3.7,2.1,117.94210815429688,0.8085893392562866,0.42473775148391724,6.807488918304443,1,0.8008511662483215,7.0,9.600000000000001
18,0,0.0,0.8,6.1000000000000005,-0.943488134519134,3.7,2.1,118.44210815429688,0.0,,,0,0.8046060800552368,7.0,9.600000000000001
18,0,0.0,0.8,6.1000000000000005,-0.943488134519134,3.7,2.1,118.94210815429688,0.8161963820457458,0.4087662696838379,6.807488918304443,1,0.8084582090377808,7.0,9.600000000000001
18,0,0.0,0.8,6.1000000000000005,-0.943488134519134,3.7,2.1,119.44210815429688,0.0,,,0,0.8124095797538757,7.0,9.600000000000001
18,0,0.0,0.8,6.1000000000000005,-0.943488134519134,3.7,2.1,119.94210815429688,0.8242003917694092,0.3924834728240967,6.807488918304443,1,0.8164622187614441,7.0,9.600000000000001
18,0,0.0,0.8,6.1000000000000005,-0.943488134519134,3.7,2.1,120.44210815429688,0.8283565044403076,0.38421931862831116,6.807488918304443,1,0.8206183314323425,7.0,9.600000000000001
18,0,0.0,0.8,6.1000000000000005,-0.943488134519134,3.7,2.1,120.94210815429688,0.8326182961463928,0.3758699297904968,6.807488918304443,1,0.8248801231384277,7.0,9.600000000000001
18,0,0.0,0.8,6.1000000000000005,-0.943488134519134,3.7,2.1,121.44210815429688,0.8369880318641663,0.36743271350860596,6.807488918304443,1,0.8292498588562012,7.0,9.600000000000001
18,0,0.0,0.8,6.1000000000000005,-0.943488134519134,3.7,2.1,121.94210815429688,0.8414681553840637,0.35890501737594604,6.807488918304443,1,0.8337299823760986,7.0,9.600000000000001
18,0,0.0,0.8,6.1000000000000005,-0.943488134519134,3.7,2.1,122.44210815429688,0.0,,,0,0.8383229374885559,7.0,9.600000000000001
18,0,0.0,0.8,6.1000000000000005,-0.943488134519134,3.7,2.1,122.94210815429688,0.8507695198059082,0.3415667712688446,6.807488918304443,1,0.8430313467979431,7.0,9.600000000000001
18,0,0.0,0.8,6.1000000000000005,-0.943488134519134,3.7,2.1,123.44210815429688,0.8555960655212402,0.33275043964385986,6.807488918304443,1,0.8478578925132751,7.0,9.600000000000001
18,0,0.0,0.8,6.1000000000000005,-0.943488134519134,3.7,2.1,123.94210815429688,0.8605435490608215,0.32383185625076294,6.807488918304443,1,0.8528053760528564,7.0,9.600000000000001
18,0,0.0,0.8,6.1000000000000005,-0.943488134519134,3.7,2.1,124.44210815429688,0.8656147718429565,0.3148079216480255,6.807488918304443,1,0.8578765988349915,7.0,9.600000000000001
18,0,0.0,0.8,6.1000000000000005,-0.943488134519134,3.7,2.1,124.94210815429688,0.8708127737045288,0.30567529797554016,6.807488918304443,1,0.8630746006965637,7.0,9.600000000000001
18,0,0.0,0.8,6.1000000000000005,-0.943488134519134,3.7,2.1,125.44210815429688,0.8761407136917114,0.2964306175708771,6.807488918304443,1,0.8684025406837463,7.0,9.600000000000001
18,1,0.0,3.7,2.1,0.8917910180963525,8.3,7.800000000000001,231.09585571289062,4.238247871398926,1.0428860187530518,-1.1925108432769775,1,4.23094367980957,7.0,9.600000000000001
18,1,0.0,3.7,2.1,0.8917910180963525,8.3,7.800000000000001,231.59585571289062,4.208818435668945,1.0900007486343384,-1.1925108432769775,1,4.20151424407959,7.0,9.600000000000001
18,1,0.0,3.7,2.1,0.8917910180963525,8.3,7.800000000000001,232.09585571289062,4.180111885070801,1.1364682912826538,-1.1925108432769775,1,4.172807693481445,7.0,9.600000000000001
18,1,0.0,3.7,2.1,0.8917910180963525,8.3,7.800000000000001,232.59585571289062,4.152108192443848,1.182308554649353,-1.1925108432769775,1,4.144804000854492,7.0,9.600000000000001
18,1,0.0,3.7,2.1,0.8917910180963525,8.3,7.800000000000001,233.09585571289062,4.124789237976074,1.2275409698486328,-1.1925108432769775,1,4.117485046386719,7.0,9.600000000000001
18,1,0.0,3.7,2.1,0.8917910180963525,8.3,7.800000000000001,233.59585571289062,4.098137378692627,1.2721844911575317,-1.1925108432769775,1,4.0908331871032715,7.0,9.600000000000001
18,1,0.0,3.7,2.1,0.8917910180963525,8.3,7.800000000000001,234.09585571289062,0.0,,,0,4.064831733703613,7.0,9.600000000000001
18,1,0.0,3.7,2.1,0.8917910180963525,8.3,7.800000000000001,234.59585571289062,0.0,,,0,4.039464473724365,7.0,9.600000000000001
18,1,0.0,3.7,2.1,0.8917910180963525,8.3,7.800000000000001,235.09585571289062,4.02202033996582,1.402759075164795,-1.1925108432769775,1,4.014716148376465,7.0,9.600000000000001
18,1,0.0,3.7,2.1,0.8917910180963525,8.3,7.800000000000001,235.59585571289062,0.0,,,0,3.9905707836151123,7.0,9.600000000000001
18,1,0.0,3.7,2.1,0.8917910180963525,8.3,7.800000000000001,236.09585571289062,3.974318504333496,1.4871792793273926,-1.1925108432769775,1,3.9670143127441406,7.0,9.600000000000001
18,1,0.0,3.7,2.1,0.8917910180963525,8.3,7.800000000000001,236.59585571289062,3.9513373374938965,1.5286478996276855,-1.1925108432769775,1,3.944033145904541,7.0,9.600000000000001
18,1,0.0,3.7,2.1,0.8917910180963525,8.3,7.800000000000001,237.09585571289062,3.92891788482666,1.5696418285369873,-1.1925108432769775,1,3.9216136932373047,7.0,9.600000000000001
18,1,0.0,3.7,2.1,0.8917910180963525,8.3,7.800000000000001,237.59585571289062,3.9070470333099365,1.6101754903793335,-1.1925108432769775,1,3.899742841720581,7.0,9.600000000000001
18,1,0.0,3.7,2.1,0.8917910180963525,8.3,7.800000000000001,238.09585571289062,0.0,,,0,3.878408432006836,7.0,9.600000000000001
18,1,0.0,3.7,2.1,0.8917910180963525,8.3,7.800000000000001,238.59585571289062,0.0,,,0,3.857598304748535,7.0,9.600000000000001
18,1,0.0,3.7,2.1,0.8917910180963525,8.3,7.800000000000001,239.09585571289062,3.844604969024658,1.7291499376296997,-1.1925108432769775,1,3.8373007774353027,7.0,9.600000000000001
18,1,0.0,3.7,2.1,0.8917910180963525,8.3,7.800000000000001,239.59585571289062,0.0,,,0,3.817505121231079,7.0,9.600000000000001
18,1,0.0,3.7,2.1,0.8917910180963525,8.3,7.800000000000001,240.09585571289062,3.805504560470581,1.806405782699585,-1.1925108432769775,1,3.7982003688812256,7.0,9.600000000000001
18,1,0.0,3.7,2.1,0.8917910180963525,8.3,7.800000000000001,240.59585571289062,3.7866804599761963,1.844452142715454,-1.1925108432769775,1,3.779376268386841,7.0,9.600000000000001
18,1,0.0,3.7,2.1,0.8917910180963525,8.3,7.800000000000001,241.09585571289062,3.768327236175537,1.8821260929107666,-1.1925108432769775,1,3.7610230445861816,7.0,9.600000000000001
18,1,0.0,3.7,2.1,0.8917910180963525,8.3,7.800000000000001,241.59585571289062,3.7504348754882812,1.9194386005401611,-1.1925108432769775,1,3.743130683898926,7.0,9.600000000000001
18,1,0.0,3.7,2.1,0.8917910180963525,8.3,7.800000000000001,242.09585571289062,3.732994318008423,1.956400752067566,-1.1925108432769775,1,3.7256901264190674,7.0,9.600000000000001
18,1,0.0,3.7,2.1,0.8917910180963525,8.3,7.800000000000001,242.59585571289062,0.0,,,0,3.7086923122406006,7.0,9.600000000000001
18,1,0.0,3.7,2.1,0.8917910180963525,8.3,7.800000000000001,243.09585571289062,3.6994333267211914,2.0293147563934326,-1.1925108432769775,1,3.692129135131836,7.0,9.600000000000001
18,1,0.0,3.7,2.1,0.8917910180963525,8.3,7.800000000000001,243.59585571289062,0.0,,,0,3.6759915351867676,7.0,9.600000000000001
18,1,0.0,3.7,2.1,0.8917910180963525,8.3,7.800000000000001,244.09585571289062,3.667576313018799,2.1009488105773926,-1.1925108432769775,1,3.6602721214294434,7.0,9.600000000000001
18,1,0.0,3.7,2.1,0.8917910180963525,8.3,7.800000000000001,244.59585571289062,3.6522672176361084,2.1363093852996826,-1.1925108432769775,1,3.644963026046753,7.0,9.600000000000001
18,1,0.0,3.7,2.1,0.8917910180963525,8.3,7.800000000000001,245.09585571289062,3.6373610496520996,2.1713783740997314,-1.1925108432769775,1,3.630056858062744,7.0,9.600000000000001
18,1,0.0,3.7,2.1,0.8917910180963525,8.3,7.800000000000001,245.59585571289062,3.622850179672241,2.2061641216278076,-1.1925108432769775,1,3.6155459880828857,7.0,9.600000000000001
18,1,0.0,3.7,2.1,0.8917910180963525,8.3,7.800000000000001,246.09585571289062,3.6087284088134766,2.240675449371338,-1.1925108432769775,1,3.601424217224121,7.0,9.600000000000001
18,1,0.0,3.7,2.1,0.8917910180963525,8.3,7.800000000000001,246.59585571289062,3.5949883460998535,2.27492094039917,-1.1925108432769775,1,3.587684154510498,7.0,9.600000000000001
18,1,0.0,3.7,2.1,0.8917910180963525,8.3,7.800000000000001,247.09585571289062,0.0,,,0,3.574319839477539,7.0,9.600000000000001
18,1,0.0,3.7,2.1,0.8917910180963525,8.3,7.800000000000001,247.59585571289062,3.568629264831543,2.342646837234497,-1.1925108432769775,1,3.5613250732421875,7.0,9.600000000000001
18,1,0.0,3.7,2.1,0.8917910180963525,8.3,7.800000000000001,248.09585571289062,3.555997610092163,2.376142740249634,-1.1925108432769775,1,3.5486934185028076,7.0,9.600000000000001
18,1,0.0,3.7,2.1,0.8917910180963525,8.3,7.800000000000001,248.59585571289062,3.5437238216400146,2.409404754638672,-1.1925108432769775,1,3.536419630050659,7.0,9.600000000000001
18,1,0.0,3.7,2.1,0.8917910180963525,8.3,7.800000000000001,249.09585571289062,3.531802177429199,2.4424397945404053,-1.1925108432769775,1,3.5244979858398438,7.0,9.600000000000001
18,1,0.0,3.7,2.1,0.8917910180963525,8.3,7.800000000000001,249.59585571289062,3.5202269554138184,2.4752554893493652,-1.1925108432769775,1,3.512922763824463,7.0,9.600000000000001
18,1,0.0,3.7,2.1,0.8917910180963525,8.3,7.800000000000001,250.09585571289062,3.508993625640869,2.5078587532043457,-1.1925108432769775,1,3.5016894340515137,7.0,9.600000000000001
18,1,0.0,3.7,2.1,0.8917910180963525,8.3,7.800000000000001,250.59585571289062,3.4980967044830322,2.5402565002441406,-1.1925108432769775,1,3.4907925128936768,7.0,9.600000000000001
18,1,0.0,3.7,2.1,0.8917910180963525,8.3,7.800000000000001,251.09585571289062,3.4875316619873047,2.572455883026123,-1.1925108432769775,1,3.480227470397949,7.0,9.600000000000001
18,1,0.0,3.7,2.1,0.8917910180963525,8.3,7.800000000000001,251.59585571289062,3.4772939682006836,2.6044633388519287,-1.1925108432769775,1,3.469989776611328,7.0,9.600000000000001
18,1,0.0,3.7,2.1,0.8917910180963525,8.3,7.800000000000001,252.09585571289062,3.467378854751587,2.6362853050231934,-1.1925108432769775,1,3.4600746631622314,7.0,9.600000000000001
18,1,0.0,3.7,2.1,0.8917910180963525,8.3,7.800000000000001,252.59585571289062,3.45778226852417,2.667928457260132,-1.1925108432769775,1,3.4504780769348145,7.0,9.600000000000001
18,1,0.0,3.7,2.1,0.8917910180963525,8.3,7.800000000000001,253.09585571289062,0.0,,,0,3.4411959648132324,7.0,9.600000000000001
18,1,0.0,3.7,2.1,0.8917910180963525,8.3,7.800000000000001,253.59585571289062,0.0,,,0,3.4322245121002197,7.0,9.600000000000001
18,1,0.0,3.7,2.1,0.8917910180963525,8.3,7.800000000000001,254.09585571289062,3.430863618850708,2.7618465423583984,-1.1925108432769775,1,3.4235594272613525,7.0,9.600000000000001
18,1,0.0,3.7,2.1,0.8917910180963525,8.3,7.800000000000001,254.59585571289062,3.422501802444458,2.7928354740142822,-1.1925108432769775,1,3.4151976108551025,7.0,9.600000000000001
18,1,0.0,3.7,2.1,0.8917910180963525,8.3,7.800000000000001,255.09585571289062,3.4144396781921387,2.8236758708953857,-1.1925108432769775,1,3.407135486602783,7.0,9.600000000000001
18,1,0.0,3.7,2.1,0.8917910180963525,8.3,7.800000000000001,255.59585571289062,3.4066736698150635,2.8543734550476074,-1.1925108432769775,1,3.399369478225708,7.0,9.600000000000001
18,1,0.0,3.7,2.1,0.8917910180963525,8.3,7.800000000000001,256.0958557128906,3.399200677871704,2.8849334716796875,-1.1925108432769775,1,3.3918964862823486,7.0,9.600000000000001
18,1,0.0,3.7,2.1,0.8917910180963525,8.3,7.800000000000001,256.5958557128906,3.3920176029205322,2.9153618812561035,-1.1925108432769775,1,3.3847134113311768,7.0,9.600000000000001
18,1,0.0,3.7,2.1,0.8917910180963525,8.3,7.800000000000001,257.0958557128906,3.3851215839385986,2.945664167404175,-1.1925108432769775,1,3.377817392349243,7.0,9.600000000000001
18,1,0.0,3.7,2.1,0.8917910180963525,8.3,7.800000000000001,257.5958557128906,3.378509998321533,2.9758453369140625,-1.1925108432769775,1,3.3712058067321777,7.0,9.600000000000001
18,1,0.0,3.7,2.1,0.8917910180963525,8.3,7.800000000000001,258.0958557128906,3.3721797466278076,3.005910634994507,-1.1925108432769775,1,3.364875555038452,7.0,9.600000000000001
18,1,0.0,3.7,2.1,0.8917910180963525,8.3,7.800000000000001,258.5958557128906,0.0,,,0,3.3588244915008545,7.0,9.600000000000001
18,1,0.0,3.7,2.1,0.8917910180963525,8.3,7.800000000000001,259.0958557128906,3.36035418510437,3.065715789794922,-1.1925108432769775,1,3.3530499935150146,7.0,9.600000000000001
18,1,0.0,3.7,2.1,0.8917910180963525,8.3,7.800000000000001,259.5958557128906,3.354854106903076,3.0954654216766357,-1.1925108432769775,1,3.3475499153137207,7.0,9.600000000000001
18,1,0.0,3.7,2.1,0.8917910180963525,8.3,7.800000000000001,260.0958557128906,0.0,,,0,3.3423218727111816,7.0,9.600000000000001
18,1,0.0,3.7,2.1,0.8917910180963525,8.3,7.800000000000001,260.5958557128906,0.0,,,0,3.3373637199401855,7.0,9.600000000000001
18,1,0.0,3.7,2.1,0.8917910180963525,8.3,7.800000000000001,261.0958557128906,3.3399782180786133,3.1841628551483154,-1.1925108432769775,1,3.332674026489258,7.0,9.600000000000001
18,1,0.0,3.7,2.1,0.8917910180963525,8.3,7.800000000000001,261.5958557128906,3.335554599761963,3.2135612964630127,-1.1925108432769775,1,3.3282504081726074,7.0,9.600000000000001
18,1,0.0,3.7,2.1,0.8917910180963525,8.3,7.800000000000001,262.0958557128906,3.331395387649536,3.2428839206695557,-1.1925108432769775,1,3.3240911960601807,7.0,9.600000000000001
18,1,0.0,3.7,2.1,0.8917910180963525,8.3,7.800000000000001,262.5958557128906,3.3274993896484375,3.2721357345581055,-1.1925108432769775,1,3.320195198059082,7.0,9.600000000000001
18,1,0.0,3.7,2.1,0.8917910180963525,8.3,7.800000000000001,263.0958557128906,3.323864459991455,3.301321029663086,-1.1925108432769775,1,3.3165602684020996,7.0,9.600000000000001
18,1,0.0,3.7,2.1,0.8917910180963525,8.3,7.800000000000001,263.5958557128906,3.3204898834228516,3.330444812774658,-1.1925108432769775,1,3.313185691833496,7.0,9.600000000000001
18,1,0.0,3.7,2.1,0.8917910180963525,8.3,7.800000000000001,264.0958557128906,3.317373752593994,3.3595118522644043,-1.1925108432769775,1,3.3100695610046387,7.0,9.600000000000001
18,1,0.0,3.7,2.1,0.8917910180963525,8.3,7.800000000000001,264.5958557128906,3.3145151138305664,3.388526201248169,-1.1925108432769775,1,3.307210922241211,7.0,9.600000000000001
18,1,0.0,3.7,2.1,0.8917910180963525,8.3,7.800000000000001,265.0958557128906,0.0,,,0,3.3046085834503174,7.0,9.600000000000001
18,1,0.0,3.7,2.1,0.8917910180963525,8.3,7.800000000000001,265.5958557128906,3.309566020965576,3.446415901184082,-1.1925108432769775,1,3.3022618293762207,7.0,9.600000000000001
18,1,0.0,3.7,2.1,0.8917910180963525,8.3,7.800000000000001,266.0958557128906,3.307473659515381,3.4753003120422363,-1.1925108432769775,1,3.3001694679260254,7.0,9.600000000000001
18,1,0.0,3.7,2.1,0.8917910180963525,8.3,7.800000000000001,266.5958557128906,0.0,,,0,3.298330545425415,7.0,9.600000000000001
18,1,0.0,3.7,2.1,0.8917910180963525,8.3,7.800000000000001,267.0958557128906,3.304049015045166,3.5329701900482178,-1.1925108432769775,1,3.2967448234558105,7.0,9.600000000000001
18,1,0.0,3.7,2.1,0.8917910180963525,8.3,7.800000000000001,267.5958557128906,0.0,,,0,3.2954115867614746,7.0,9.600000000000001
18,1,0.0,3.7,2.1,0.8917910180963525,8.3,7.800000000000001,268.0958557128906,3.3016340732574463,3.5905380249023438,-1.1925108432769775,1,3.294329881668091,7.0,9.600000000000001
18,1,0.0,3.7,2.1,0.8917910180963525,8.3,7.800000000000001,268.5958557128906,3.3008041381835938,3.6192948818206787,-1.1925108432769775,1,3.2934999465942383,7.0,9.600000000000001
18,1,0.0,3.7,2.1,0.8917910180963525,8.3,7.800000000000001,269.0958557128906,3.300225019454956,3.6480393409729004,-1.1925108432769775,1,3.2929208278656006,7.0,9.600000000000001
18,1,0.0,3.7,2.1,0.8917910180963525,8.3,7.800000000000001,269.5958557128906,3.2998969554901123,3.6767756938934326,-1.1925108432769775,1,3.292592763900757,7.0,9.600000000000001
18,1,0.0,3.7,2.1,0.8917910180963525,8.3,7.800000000000001,270.0958557128906,3.2998197078704834,3.7055087089538574,-1.1925108432769775,1,3.292515516281128,7.0,9.600000000000001
18,1,0.0,3.7,2.1,0.8917910180963525,8.3,7.800000000000001,270.5958557128906,3.2999930381774902,3.7342424392700195,-1.1925108432769775,1,3.2926888465881348,7.0,9.600000000000001
18,1,0.0,3.7,2.1,0.8917910180963525,8.3,7.800000000000001,271.0958557128906,3.300417423248291,3.762981653213501,-1.1925108432769775,1,3.2931132316589355,7.0,9.600000000000001
18,1,0.0,3.7,2.1,0.8917910180963525,8.3,7.800000000000001,271.5958557128906,3.3010926246643066,3.7917301654815674,-1.1925108432769775,1,3.293788433074951,7.0,9.600000000000001
18,1,0.0,3.7,2.1,0.8917910180963525,8.3,7.800000000000001,272.0958557128906,3.3020191192626953,3.820492744445801,-1.1925108432769775,1,3.29471492767334,7.0,9.600000000000001
18,1,0.0,3.7,2.1,0.8917910180963525,8.3,7.800000000000001,272.5958557128906,3.303197145462036,3.849273681640625,-1.1925108432769775,1,3.2958929538726807,7.0,9.600000000000001
18,1,0.0,3.7,2.1,0.8917910180963525,8.3,7.800000000000001,273.0958557128906,3.3046271800994873,3.878077507019043,-1.1925108432769775,1,3.297322988510132,7.0,9.600000000000001
18,1,0.0,3.7,2.1,0.8917910180963525,8.3,7.800000000000001,273.5958557128906,3.306309938430786,3.9069085121154785,-1.1925108432769775,1,3.2990057468414307,7.0,9.600000000000001
18,1,0.0,3.7,2.1,0.8917910180963525,8.3,7.800000000000001,274.0958557128906,3.308245897293091,3.9357709884643555,-1.1925108432769775,1,3.3009417057037354,7.0,9.600000000000001
18,1,0.0,3.7,2.1,0.8917910180963525,8.3,7.800000000000001,274.5958557128906,3.3104357719421387,3.964669704437256,-1.1925108432769775,1,3.303131580352783,7.0,9.600000000000001
18,1,0.0,3.7,2.1,0.8917910180963525,8.3,7.800000000000001,275.0958557128906,0.0,,,0,3.3055763244628906,7.0,9.600000000000001
18,1,0.0,3.7,2.1,0.8917910180963525,8.3,7.800000000000001,275.5958557128906,3.3155808448791504,4.0225934982299805,-1.1925108432769775,1,3.308276653289795,7.0,9.600000000000001
18,1,0.0,3.7,2.1,0.8917910180963525,8.3,7.800000000000001,276.0958557128906,3.318537950515747,4.051627159118652,-1.1925108432769775,1,3.3112337589263916,7.0,9.600000000000001
18,1,0.0,3.7,2.1,0.8917910180963525,8.3,7.800000000000001,276.5958557128906,3.3217532634735107,4.080715656280518,-1.1925108432769775,1,3.3144490718841553,7.0,9.600000000000001
18,1,0.0,3.7,2.1,0.8917910180963525,8.3,7.800000000000001,277.0958557128906,3.3252274990081787,4.109862327575684,-1.1925108432769775,1,3.3179233074188232,7.0,9.600000000000001
18,1,0.0,3.7,2.1,0.8917910180963525,8.3,7.800000000000001,277.5958557128906,0.0,,,0,3.321658134460449,7.0,9.600000000000001
18,1,0.0,3.7,2.1,0.8917910180963525,8.3,7.800000000000001,278.0958557128906,3.3329591751098633,4.168351173400879,-1.1925108432769775,1,3.325654983520508,7.0,9.600000000000001
18,1,0.0,3.7,2.1,0.8917910180963525,8.3,7.800000000000001,278.5958557128906,3.337219476699829,4.197702407836914,-1.1925108432769775,1,3.3299152851104736,7.0,9.600000000000001
18,1,0.0,3.7,2.1,0.8917910180963525,8.3,7.800000000000001,279.0958557128906,0.0,,,0,3.3344407081604004,7.0,9.600000000000001
18,1,0.0,3.7,2.1,0.8917910180963525,8.3,7.800000000000001,279.5958557128906,0.0,,,0,3.339233160018921,7.0,9.600000000000001
18,1,0.0,3.7,2.1,0.8917910180963525,8.3,7.800000000000001,280.0958557128906,3.3515987396240234,4.286240100860596,-1.1925108432769775,1,3.344294548034668,7.0,9.600000000000001
18,1,0.0,3.7,2.1,0.8917910180963525,8.3,7.800000000000001,280.5958557128906,3.356930732727051,4.315930366516113,-1.1925108432769775,1,3.3496265411376953,7.0,9.600000000000001
18,1,0.0,3.7,2.1,0.8917910180963525,8.3,7.800000000000001,281.0958557128906,3.3625359535217285,4.345717906951904,-1.1925108432769775,1,3.355231761932373,7.0,9.600000000000001
18,1,0.0,3.7,2.1,0.8917910180963525,8.3,7.800000000000001,281.5958557128906,8.071904182434082,5.321042537689209,-5.800000190734863,1,8.064599990844727,7.0,9.600000000000001
18,1,0.0,3.7,2.1,0.8917910180963525,8.3,7.800000000000001,282.0958557128906,8.086679458618164,5.393016338348389,-5.800000190734863,1,8.079375267028809,7.0,9.600000000000001
18,1,0.0,3.7,2.1,0.8917910180963525,8.3,7.800000000000001,282.5958557128906,8.102126121520996,5.465260028839111,-5.800000190734863,1,8.09482192993164,7.0,9.600000000000001
18,1,0.0,3.7,2.1,0.8917910180963525,8.3,7.800000000000001,283.0958557128906,8.118250846862793,5.53778600692749,-5.800000190734863,1,8.110946655273438,7.0,9.600000000000001
18,1,0.0,3.7,2.1,0.8917910180963525,8.3,7.800000000000001,283.5958557128906,8.13506031036377,5.610607147216797,-5.800000190734863,1,8.127756118774414,7.0,9.600000000000001
18,1,0.0,3.7,2.1,0.8917910180963525,8.3,7.800000000000001,284.0958557128906,8.15256118774414,5.683736324310303,-5.800000190734863,1,8.145256996154785,7.0,9.600000000000001
18,1,0.0,3.7,2.1,0.8917910180963525,8.3,7.800000000000001,284.5958557128906,8.170760154724121,5.757186412811279,-5.800000190734863,1,8.163455963134766,7.0,9.600000000000001
18,1,0.0,3.7,2.1,0.8917910180963525,8.3,7.800000000000001,285.0958557128906,8.189665794372559,5.8309712409973145,-5.800000190734863,1,8.182361602783203,7.0,9.600000000000001
18,1,0.0,3.7,2.1,0.8917910180963525,8.3,7.800000000000001,285.5958557128906,8.209284782409668,5.905104637145996,-5.800000190734863,1,8.201980590820312,7.0,9.600000000000001
18,1,0.0,3.7,2.1,0.8917910180963525,8.3,7.800000000000001,286.0958557128906,8.229625701904297,5.979599475860596,-5.800000190734863,1,8.222321510314941,7.0,9.600000000000001
18,1,0.0,3.7,2.1,0.8917910180963525,8.3,7.800000000000001,286.5958557128906,8.250697135925293,6.054471015930176,-5.800000190734863,1,8.243392944335938,7.0,9.600000000000001
18,1,0.0,3.7,2.1,0.8917910180963525,8.3,7.800000000000001,287.0958557128906,8.27250862121582,6.129732608795166,-5.800000190734863,1,8.265204429626465,7.0,9.600000000000001
18,1,0.0,3.7,2.1,0.8917910180963525,8.3,7.800000000000001,287.5958557128906,0.0,,,0,8.287763595581055,7.0,9.600000000000001
18,1,0.0,3.7,2.1,0.8917910180963525,8.3,7.800000000000001,288.0958557128906,8.318385124206543,6.281486511230469,-5.800000190734863,1,8.311080932617188,7.0,9.600000000000001
18,1,0.0,3.7,2.1,0.8917910180963525,8.3,7.800000000000001,288.5958557128906,8.3424711227417,6.35800838470459,-5.800000190734863,1,8.335166931152344,7.0,9.600000000000001
18,1,0.0,3.7,2.1,0.8917910180963525,8.3,7.800000000000001,289.0958557128906,8.367335319519043,6.434981346130371,-5.800000190734863,1,8.360031127929688,7.0,9.600000000000001
18,1,0.0,3.7,2.1,0.8917910180963525,8.3,7.800000000000001,289.5958557128906,8.392989158630371,6.512420654296875,-5.800000190734863,1,8.385684967041016,7.0,9.600000000000001
18,1,0.0,3.7,2.1,0.8917910180963525,8.3,7.800000000000001,290.0958557128906,8.419443130493164,6.5903425216674805,-5.800000190734863,1,8.412138938903809,7.0,9.600000000000001
18,1,0.0,3.7,2.1,0.8917910180963525,8.3,7.800000000000001,290.5958557128906,8.446709632873535,6.668763637542725,-5.800000190734863,1,8.43940544128418,7.0,9.600000000000001
18,1,0.0,3.7,2.1,0.8917910180963525,8.3,7.800000000000001,291.0958557128906,3.536332130432129,4.970201015472412,-1.1925108432769775,1,3.5290279388427734,7.0,9.600000000000001
18,1,0.0,3.7,2.1,0.8917910180963525,8.3,7.800000000000001,291.5958557128906,3.5483882427215576,5.003322124481201,-1.1925108432769775,1,3.541084051132202,7.0,9.600000000000001
18,1,0.0,3.7,2.1,0.8917910180963525,8.3,7.800000000000001,292.0958557128906,3.5607986450195312,5.036673069000244,-1.1925108432769775,1,3.553494453430176,7.0,9.600000000000001
18,1,0.0,3.7,2.1,0.8917910180963525,8.3,7.800000000000001,292.5958557128906,3.573568820953369,5.070261001586914,-1.1925108432769775,1,3.5662646293640137,7.0,9.600000000000001
18,1,0.0,3.7,2.1,0.8917910180963525,8.3,7.800000000000001,293.0958557128906,0.0,,,0,3.5794003009796143,7.0,9.600000000000001
18,1,0.0,3.7,2.1,0.8917910180963525,8.3,7.800000000000001,293.5958557128906,0.0,,,0,3.5929079055786133,7.0,9.600000000000001
18,1,0.0,3.7,2.1,0.8917910180963525,8.3,7.800000000000001,294.0958557128906,3.614097833633423,5.172525882720947,-1.1925108432769775,1,3.6067936420440674,7.0,9.600000000000001
18,1,0.0,3.7,2.1,0.8917910180963525,8.3,7.800000000000001,294.5958557128906,0.0,,,0,3.6210639476776123,7.0,9.600000000000001
18,1,0.0,3.7,2.1,0.8917910180963525,8.3,7.800000000000001,295.0958557128906,3.6430296897888184,5.242034912109375,-1.1925108432769775,1,3.635725498199463,7.0,9.600000000000001
18,1,0.0,3.7,2.1,0.8917910180963525,8.3,7.800000000000001,295.5958557128906,3.6580893993377686,5.277214527130127,-1.1925108432769775,1,3.650785207748413,7.0,9.600000000000001
18,1,0.0,3.7,2.1,0.8917910180963525,8.3,7.800000000000001,296.0958557128906,3.6735551357269287,5.312689781188965,-1.1925108432769775,1,3.6662509441375732,7.0,9.600000000000001
18,1,0.0,3.7,2.1,0.8917910180963525,8.3,7.800000000000001,296.5958557128906,3.6894338130950928,5.348469257354736,-1.1925108432769775,1,3.6821296215057373,7.0,9.600000000000001
18,1,0.0,3.7,2.1,0.8917910180963525,8.3,7.800000000000001,297.0958557128906,3.70573353767395,5.384562969207764,-1.1925108432769775,1,3.6984293460845947,7.0,9.600000000000001
18,1,0.0,3.7,2.1,0.8917910180963525,8.3,7.800000000000001,297.5958557128906,3.7224624156951904,5.420980453491211,-1.1925108432769775,1,3.715158224105835,7.0,9.600000000000001
18,1,0.0,3.7,2.1,0.8917910180963525,8.3,7.800000000000001,298.0958557128906,3.739628791809082,5.457731246948242,-1.1925108432769775,1,3.7323246002197266,7.0,9.600000000000001
18,1,0.0,3.7,2.1,0.8917910180963525,8.3,7.800000000000001,298.5958557128906,3.757241725921631,5.494826793670654,-1.1925108432769775,1,3.7499375343322754,7.0,9.600000000000001
18,1,0.0,3.7,2.1,0.8917910180963525,8.3,7.800000000000001,299.0958557128906,3.7753095626831055,5.532276630401611,-1.1925108432769775,1,3.76800537109375,7.0,9.600000000000001
18,1,0.0,3.7,2.1,0.8917910180963525,8.3,7.800000000000001,299.5958557128906,3.793842315673828,5.570091724395752,-1.1925108432769775,1,3.7865381240844727,7.0,9.600000000000001
18,1,0.0,3.7,2.1,0.8917910180963525,8.3,7.800000000000001,300.0958557128906,3.812849521636963,5.608283996582031,-1.1925108432769775,1,3.8055453300476074,7.0,9.600000000000001
18,1,0.0,3.7,2.1,0.8917910180963525,8.3,7.800000000000001,300.5958557128906,3.832341432571411,5.646864414215088,-1.1925108432769775,1,3.8250372409820557,7.0,9.600000000000001
18,1,0.0,3.7,2.1,0.8917910180963525,8.3,7.800000000000001,301.0958557128906,3.852328062057495,5.685845375061035,-1.1925108432769775,1,3.8450238704681396,7.0,9.600000000000001
18,1,0.0,3.7,2.1,0.8917910180963525,8.3,7.800000000000001,301.5958557128906,3.8728208541870117,5.72523832321167,-1.1925108432769775,1,3.8655166625976562,7.0,9.600000000000001
18,1,0.0,3.7,2.1,0.8917910180963525,8.3,7.800000000000001,302.0958557128906,3.8938305377960205,5.765056610107422,-1.1925108432769775,1,3.886526346206665,7.0,9.600000000000001
18,1,0.0,3.7,2.1,0.8917910180963525,8.3,7.800000000000001,302.5958557128906,3.9153692722320557,5.805313587188721,-1.1925108432769775,1,3.9080650806427,7.0,9.600000000000001
18,1,0.0,3.7,2.1,0.8917910180963525,8.3,7.800000000000001,303.0958557128906,3.9374489784240723,5.846022129058838,-1.1925108432769775,1,3.930144786834717,7.0,9.600000000000001
18,1,0.0,3.7,2.1,0.8917910180963525,8.3,7.800000000000001,303.5958557128906,3.9600822925567627,5.887196063995361,-1.1925108432769775,1,3.9527781009674072,7.0,9.600000000000001
18,1,0.0,3.7,2.1,0.8917910180963525,8.3,7.800000000000001,304.0958557128906,3.9832823276519775,5.9288506507873535,-1.1925108432769775,1,3.975978136062622,7.0,9.600000000000001
18,1,0.0,3.7,2.1,0.8917910180963525,8.3,7.800000000000001,304.5958557128906,4.007062911987305,5.9710001945495605,-1.1925108432769775,1,3.999758720397949,7.0,9.600000000000001
18,1,0.0,3.7,2.1,0.8917910180963525,8.3,7.800000000000001,305.0958557128906,4.031437873840332,6.013659954071045,-1.1925108432769775,1,4.024133682250977,7.0,9.600000000000001
18,1,0.0,3.7,2.1,0.8917910180963525,8.3,7.800000000000001,305.5958557128906,4.056421756744385,6.056846618652344,-1.1925108432769775,1,4.049117565155029,7.0,9.600000000000001
18,1,0.0,3.7,2.1,0.8917910180963525,8.3,7.800000000000001,306.0958557128906,4.082030296325684,6.100575923919678,-1.1925108432769775,1,4.074726104736328,7.0,9.600000000000001
18,1,0.0,3.7,2.1,0.8917910180963525,8.3,7.800000000000001,306.5958557128906,4.108279228210449,6.1448655128479,-1.1925108432769775,1,4.100975036621094,7.0,9.600000000000001
18,1,0.0,3.7,2.1,0.8917910180963525,8.3,7.800000000000001,307.0958557128906,4.1351847648620605,6.189732551574707,-1.1925108432769775,1,4.127880573272705,7.0,9.600000000000001
18,1,0.0,3.7,2.1,0.8917910180963525,8.3,7.800000000000001,307.5958557128906,4.162764072418213,6.235196113586426,-1.1925108432769775,1,4.155459880828857,7.0,9.600000000000001
18,1,0.0,3.7,2.1,0.8917910180963525,8.3,7.800000000000001,308.0958557128906,4.191035270690918,6.281274318695068,-1.1925108432769775,1,4.1837310791015625,7.0,9.600000000000001
18,1,0.0,3.7,2.1,0.8917910180963525,8.3,7.800000000000001,308.5958557128906,4.2200164794921875,6.3279876708984375,-1.1925108432769775,1,4.212712287902832,7.0,9.600000000000001
18,1,0.0,3.7,2.1,0.8917910180963525,8.3,7.800000000000001,309.0958557128906,4.249727725982666,6.375356197357178,-1.1925108432769775,1,4.2424235343933105,7.0,9.600000000000001
18,1,0.0,3.7,2.1,0.8917910180963525,8.3,7.800000000000001,309.5958557128906,4.28018856048584,6.423401355743408,-1.1925108432769775,1,4.272884368896484,7.0,9.600000000000001
18,1,0.0,3.7,2.1,0.8917910180963525,8.3,7.800000000000001,310.0958557128906,4.311420440673828,6.472145080566406,-1.1925108432769775,1,4.304116249084473,7.0,9.600000000000001
18,1,0.0,3.7,2.1,0.8917910180963525,8.3,7.800000000000001,310.5958557128906,0.0,,,0,4.3361406326293945,7.0,9.600000000000001
18,1,0.0,3.7,2.1,0.8917910180963525,8.3,7.800000000000001,311.0958557128906,4.376284122467041,6.571821689605713,-1.1925108432769775,1,4.3689799308776855,7.0,9.600000000000001
18,1,0.0,3.7,2.1,0.8917910180963525,8.3,7.800000000000001,311.5958557128906,4.4099626541137695,6.622802734375,-1.1925108432769775,1,4.402658462524414,7.0,9.600000000000001
18,1,0.0,3.7,2.1,0.8917910180963525,8.3,7.800000000000001,312.0958557128906,4.444505214691162,6.674580097198486,-1.1925108432769775,1,4.437201023101807,7.0,9.600000000000001
18,1,0.0,3.7,2.1,0.8917910180963525,8.3,7.800000000000001,312.5958557128906,4.4799370765686035,6.727180004119873,-1.1925108432769775,1,4.472632884979248,7.0,9.600000000000001
18,1,0.0,3.7,2.1,0.8917910180963525,8.3,7.800000000000001,313.0958557128906,4.5162858963012695,6.780631065368652,-1.1925108432769775,1,4.508981704711914,7.0,9.600000000000001
18,1,0.0,3.7,2.1,0.8917910180963525,8.3,7.800000000000001,313.5958557128906,4.553579330444336,6.834962368011475,-1.1925108432769775,1,4.5462751388549805,7.0,9.600000000000001
18,1,0.0,3.7,2.1,0.8917910180963525,8.3,7.800000000000001,314.0958557128906,4.591846466064453,6.890203952789307,-1.1925108432769775,1,4.584542274475098,7.0,9.600000000000001
18,1,0.0,3.7,2.1,0.8917910180963525,8.3,7.800000000000001,314.5958557128906,4.6311187744140625,6.946387767791748,-1.1925108432769775,1,4.623814582824707,7.0,9.600000000000001
18,1,0.0,3.7,2.1,0.8917910180963525,8.3,7.800000000000001,315.0958557128906,4.6714277267456055,7.003546714782715,-1.1925108432769775,1,4.66412353515625,7.0,9.600000000000001
18,1,0.0,3.7,2.1,0.8917910180963525,8.3,7.800000000000001,315.5958557128906,4.7128071784973145,7.061715602874756,-1.1925108432769775,1,4.705502986907959,7.0,9.600000000000001
18,1,0.0,3.7,2.1,0.8917910180963525,8.3,7.800000000000001,316.0958557128906,4.7552924156188965,7.1209306716918945,-1.1925108432769775,1,4.747988224029541,7.0,9.600000000000001
18,1,0.0,3.7,2.1,0.8917910180963525,8.3,7.800000000000001,316.5958557128906,4.798920154571533,7.181229114532471,-1.1925108432769775,1,4.791615962982178,7.0,9.600000000000001
18,1,0.0,3.7,2.1,0.8917910180963525,8.3,7.800000000000001,317.0958557128906,4.843728542327881,7.242650508880615,-1.1925108432769775,1,4.836424350738525,7.0,9.600000000000001
18,1,0.0,3.7,2.1,0.8917910180963525,8.3,7.800000000000001,317.5958557128906,4.889758110046387,7.305236339569092,-1.1925108432769775,1,4.882453918457031,7.0,9.600000000000001
18,1,0.0,3.7,2.1,0.8917910180963525,8.3,7.800000000000001,318.0958557128906,4.937051773071289,7.369029998779297,-1.1925108432769775,1,4.929747581481934,7.0,9.600000000000001
18,1,0.0,3.7,2.1,0.8917910180963525,8.3,7.800000000000001,318.5958557128906,4.940221309661865,7.400000095367432,-1.1624637842178345,1,4.93291711807251,7.0,9.600000000000001
18,1,0.0,3.7,2.1,0.8917910180963525,8.3,7.800000000000001,319.0958557128906,4.90273904800415,7.400000095367432,-1.1055083274841309,1,4.895434856414795,7.0,9.600000000000001
18,1,0.0,3.7,2.1,0.8917910180963525,8.3,7.800000000000001,319.5958557128906,0.0,,,0,4.858885765075684,7.0,9.600000000000001
18,1,0.0,3.7,2.1,0.8917910180963525,8.3,7.800000000000001,320.0958557128906,4.8305463790893555,7.400000095367432,-0.9941343069076538,1,4.8232421875,7.0,9.600000000000001
18,1,0.0,3.7,2.1,0.8917910180963525,8.3,7.800000000000001,320.5958557128906,4.7957844734191895,7.400000095367432,-0.9396618604660034,1,4.788480281829834,7.0,9.600000000000001
18,1,0.0,3.7,2.1,0.8917910180963525,8.3,7.800000000000001,321.0958557128906,4.7618794441223145,7.400000095367432,-0.8859649300575256,1,4.754575252532959,7.0,9.600000000000001
18,1,0.0,3.7,2.1,0.8917910180963525,8.3,7.800000000000001,321.5958557128906,4.728808403015137,7.400000095367432,-0.8330190181732178,1,4.721504211425781,7.0,9.600000000000001
18,1,0.0,3.7,2.1,0.8917910180963525,8.3,7.800000000000001,322.0958557128906,4.6965484619140625,7.400000095367432,-0.7808006405830383,1,4.689244270324707,7.0,9.600000000000001
18,1,0.0,3.7,2.1,0.8917910180963525,8.3,7.800000000000001,322.5958557128906,4.665079116821289,7.400000095367432,-0.7292870879173279,1,4.657774925231934,7.0,9.600000000000001
18,1,0.0,3.7,2.1,0.8917910180963525,8.3,7.800000000000001,323.0958557128906,0.0,,,0,4.627074718475342,7.0,9.600000000000001
18,1,0.0,3.7,2.1,0.8917910180963525,8.3,7.800000000000001,323.5958557128906,4.604428768157959,7.400000095367432,-0.6282877922058105,1,4.5971245765686035,7.0,9.600000000000001
18,1,0.0,3.7,2.1,0.8917910180963525,8.3,7.800000000000001,324.0958557128906,4.575209617614746,7.400000095367432,-0.5787606239318848,1,4.567905426025391,7.0,9.600000000000001
18,1,0.0,3.7,2.1,0.8917910180963525,8.3,7.800000000000001,324.5958557128906,4.546702861785889,7.400000095367432,-0.5298553705215454,1,4.539398670196533,7.0,9.600000000000001
18,1,0.0,3.7,2.1,0.8917910180963525,8.3,7.800000000000001,325.0958557128906,4.518890857696533,7.400000095367432,-0.4815530776977539,1,4.511586666107178,7.0,9.600000000000001
18,1,0.0,3.7,2.1,0.8917910180963525,8.3,7.800000000000001,325.5958557128906,0.0,,,0,4.484453201293945,7.0,9.600000000000001
18,1,0.0,3.7,2.1,0.8917910180963525,8.3,7.800000000000001,326.0958557128906,4.465285778045654,7.400000095367432,-0.386684775352478,1,4.457981586456299,7.0,9.600000000000001
18,1,0.0,3.7,2.1,0.8917910180963525,8.3,7.800000000000001,326.5958557128906,4.439460277557373,7.400000095367432,-0.3400839567184448,1,4.432156085968018,7.0,9.600000000000001
18,1,0.0,3.7,2.1,0.8917910180963525,8.3,7.800000000000001,327.0958557128906,4.414266109466553,7.400000095367432,-0.29401645064353943,1,4.406961917877197,7.0,9.600000000000001
18,1,0.0,3.7,2.1,0.8917910180963525,8.3,7.800000000000001,327.5958557128906,4.389688491821289,7.400000095367432,-0.24846629798412323,1,4.382384300231934,7.0,9.600000000000001
18,1,0.0,3.7,2.1,0.8917910180963525,8.3,7.800000000000001,328.0958557128906,4.365713596343994,7.400000095367432,-0.20341797173023224,1,4.358409404754639,7.0,9.600000000000001
18,1,0.0,3.7,2.1,0.8917910180963525,8.3,7.800000000000001,328.5958557128906,4.342328071594238,7.400000095367432,-0.15885648131370544,1,4.335023880004883,7.0,9.600000000000001
18,1,0.0,3.7,2.1,0.8917910180963525,8.3,7.800000000000001,329.0958557128906,4.319518566131592,7.400000095367432,-0.11476731300354004,1,4.312214374542236,7.0,9.600000000000001
18,1,0.0,3.7,2.1,0.8917910180963525,8.3,7.800000000000001,329.5958557128906,4.2972731590271,7.400000095367432,-0.07113636285066605,1,4.289968967437744,7.0,9.600000000000001
18,1,0.0,3.7,2.1,0.8917910180963525,8.3,7.800000000000001,330.0958557128906,4.27557897567749,7.400000095367432,-0.027949996292591095,1,4.268274784088135,7.0,9.600000000000001
18,1,0.0,3.7,2.1,0.8917910180963525,8.3,7.800000000000001,330.5958557128906,0.0,,,0,4.247121334075928,7.0,9.600000000000001
18,1,0.0,3.7,2.1,0.8917910180963525,8.3,7.800000000000001,331.0958557128906,4.233800411224365,7.400000095367432,0.057141561061143875,1,4.22649621963501,7.0,9.600000000000001
18,1,0.0,3.7,2.1,0.8917910180963525,8.3,7.800000000000001,331.5958557128906,4.213693618774414,7.400000095367432,0.09907206892967224,1,4.206389427185059,7.0,9.600000000000001
18,1,0.0,3.7,2.1,0.8917910180963525,8.3,7.800000000000001,332.0958557128906,4.194094657897949,7.400000095367432,0.14060865342617035,1,4.186790466308594,7.0,9.600000000000001
18,1,0.0,3.7,2.1,0.8917910180963525,8.3,7.800000000000001,332.5958557128906,0.0,,,0,4.167689323425293,7.0,9.600000000000001
18,1,0.0,3.7,2.1,0.8917910180963525,8.3,7.800000000000001,333.0958557128906,4.1563801765441895,7.400000095367432,0.22254681587219238,1,4.149075984954834,7.0,9.600000000000001
18,1,0.0,3.7,2.1,0.8917910180963525,8.3,7.800000000000001,333.5958557128906,4.138245582580566,7.400000095367432,0.2629709243774414,1,4.130941390991211,7.0,9.600000000000001
18,1,0.0,3.7,2.1,0.8917910180963525,8.3,7.800000000000001,334.0958557128906,0.0,,,0,4.113276481628418,7.0,9.600000000000001
18,1,0.0,3.7,2.1,0.8917910180963525,8.3,7.800000000000001,334.5958557128906,4.103376865386963,7.400000095367432,0.3427833020687103,1,4.096072673797607,7.0,9.600000000000001
18,1,0.0,3.7,2.1,0.8917910180963525,8.3,7.800000000000001,335.0958557128906,4.086625576019287,7.400000095367432,0.38219234347343445,1,4.079321384429932,7.0,9.600000000000001
18,1,0.0,3.7,2.1,0.8917910180963525,8.3,7.800000000000001,335.5958557128906,0.0,,,0,4.063014984130859,7.0,9.600000000000001
18,1,0.0,3.7,2.1,0.8917910180963525,8.3,7.800000000000001,336.0958557128906,4.054449558258057,7.400000095367432,0.46006596088409424,1,4.047145366668701,7.0,9.600000000000001
18,1,0.0,3.7,2.1,0.8917910180963525,8.3,7.800000000000001,336.5958557128906,4.039009094238281,7.400000095367432,0.4985497295856476,1,4.031704902648926,7.0,9.600000000000001
18,1,0.0,3.7,2.1,0.8917910180963525,8.3,7.800000000000001,337.0958557128906,4.023990631103516,7.400000095367432,0.5367438793182373,1,4.01668643951416,7.0,9.600000000000001
18,1,0.0,3.7,2.1,0.8917910180963525,8.3,7.800000000000001,337.5958557128906,4.009387493133545,7.400000095367432,0.5746573805809021,1,4.0020833015441895,7.0,9.600000000000001
18,1,0.0,3.7,2.1,0.8917910180963525,8.3,7.800000000000001,338.0958557128906,3.995192527770996,7.400000095367432,0.6122990846633911,1,3.9878883361816406,7.0,9.600000000000001
18,1,0.0,3.7,2.1,0.8917910180963525,8.3,7.800000000000001,338.5958557128906,3.9813997745513916,7.400000095367432,0.649677574634552,1,3.974095582962036,7.0,9.600000000000001
18,1,0.0,3.7,2.1,0.8917910180963525,8.3,7.800000000000001,339.0958557128906,3.9680025577545166,7.400000095367432,0.6868011355400085,1,3.960698366165161,7.0,9.600000000000001
18,1,0.0,3.7,2.1,0.8917910180963525,8.3,7.800000000000001,339.5958557128906,3.9549949169158936,7.400000095367432,0.7236781120300293,1,3.947690725326538,7.0,9.600000000000001
18,1,0.0,3.7,2.1,0.8917910180963525,8.3,7.800000000000001,340.0958557128906,3.942371129989624,7.400000095367432,0.7603164315223694,1,3.9350669384002686,7.0,9.600000000000001
18,1,0.0,3.7,2.1,0.8917910180963525,8.3,7.800000000000001,340.5958557128906,0.0,,,0,3.922821521759033,7.0,9.600000000000001
18,1,0.0,3.7,2.1,0.8917910180963525,8.3,7.800000000000001,341.0958557128906,3.918253183364868,7.400000095367432,0.8329082727432251,1,3.9109489917755127,7.0,9.600000000000001
18,1,0.0,3.7,2.1,0.8917910180963525,8.3,7.800000000000001,341.5958557128906,3.9067482948303223,7.400000095367432,0.8688769936561584,1,3.899444103240967,7.0,9.600000000000001
18,1,0.0,3.7,2.1,0.8917910180963525,8.3,7.800000000000001,342.0958557128906,3.89560604095459,7.400000095367432,0.9046373963356018,1,3.8883018493652344,7.0,9.600000000000001
18,1,0.0,3.7,2.1,0.8917910180963525,8.3,7.800000000000001,342.5958557128906,0.0,,,0,3.8775177001953125,7.0,9.600000000000001
18,1,0.0,3.7,2.1,0.8917910180963525,8.3,7.800000000000001,343.0958557128906,3.8743910789489746,7.400000095367432,0.9755620956420898,1,3.867086887359619,7.0,9.600000000000001
18,1,0.0,3.7,2.1,0.8917910180963525,8.3,7.800000000000001,343.5958557128906,3.864309072494507,7.400000095367432,1.0107403993606567,1,3.8570048809051514,7.0,9.600000000000001
18,1,0.0,3.7,2.1,0.8917910180963525,8.3,7.800000000000001,344.0958557128906,3.85457181930542,7.400000095367432,1.0457383394241333,1,3.8472676277160645,7.0,9.600000000000001
18,1,0.0,3.7,2.1,0.8917910180963525,8.3,7.800000000000001,344.5958557128906,3.84517502784729,7.400000095367432,1.080562710762024,1,3.8378708362579346,7.0,9.600000000000001
18,1,0.0,3.7,2.1,0.8917910180963525,8.3,7.800000000000001,345.0958557128906,3.8361148834228516,7.400000095367432,1.1152199506759644,1,3.828810691833496,7.0,9.600000000000001
18,1,0.0,3.7,2.1,0.8917910180963525,8.3,7.800000000000001,345.5958557128906,0.0,,,0,3.8200836181640625,7.0,9.600000000000001
18,1,0.0,3.7,2.1,0.8917910180963525,8.3,7.800000000000001,346.0958557128906,0.0,,,0,3.811685800552368,7.0,9.600000000000001
18,1,0.0,3.7,2.1,0.8917910180963525,8.3,7.800000000000001,346.5958557128906,3.810917854309082,7.400000095367432,1.218253254890442,1,3.8036136627197266,7.0,9.600000000000001
18,1,0.0,3.7,2.1,0.8917910180963525,8.3,7.800000000000001,347.0958557128906,3.803168535232544,7.400000095367432,1.2523056268692017,1,3.7958643436431885,7.0,9.600000000000001
18,1,0.0,3.7,2.1,0.8917910180963525,8.3,7.800000000000001,347.5958557128906,3.795738458633423,7.400000095367432,1.2862221002578735,1,3.7884342670440674,7.0,9.600000000000001
18,1,0.0,3.7,2.1,0.8917910180963525,8.3,7.800000000000001,348.0958557128906,3.7886250019073486,7.400000095367432,1.320008635520935,1,3.781320810317993,7.0,9.600000000000001
18,1,0.0,3.7,2.1,0.8917910180963525,8.3,7.800000000000001,348.5958557128906,3.781825065612793,7.400000095367432,1.3536709547042847,1,3.7745208740234375,7.0,9.600000000000001
18,1,0.0,3.7,2.1,0.8917910180963525,8.3,7.800000000000001,349.0958557128906,0.0,,,0,3.768031597137451,7.0,9.600000000000001
18,1,0.0,3.7,2.1,0.8917910180963525,8.3,7.800000000000001,349.5958557128906,3.7691550254821777,7.400000095367432,1.4206466674804688,1,3.7618508338928223,7.0,9.600000000000001
18,1,0.0,3.7,2.1,0.8917910180963525,8.3,7.800000000000001,350.0958557128906,3.763279914855957,7.400000095367432,1.453971266746521,1,3.7559757232666016,7.0,9.600000000000001
18,1,0.0,3.7,2.1,0.8917910180963525,8.3,7.800000000000001,350.5958557128906,0.0,,,0,3.750404119491577,7.0,9.600000000000001
18,1,0.0,3.7,2.1,0.8917910180963525,8.3,7.800000000000001,351.0958557128906,0.0,,,0,3.745133876800537,7.0,9.600000000000001
18,1,0.0,3.7,2.1,0.8917910180963525,8.3,7.800000000000001,351.5958557128906,3.747466802597046,7.400000095367432,1.5533584356307983,1,3.7401626110076904,7.0,9.600000000000001
18,1,0.0,3.7,2.1,0.8917910180963525,8.3,7.800000000000001,352.0958557128906,3.742793083190918,7.400000095367432,1.5863101482391357,1,3.7354888916015625,7.0,9.600000000000001
18,1,0.0,3.7,2.1,0.8917910180963525,8.3,7.800000000000001,352.5958557128906,3.738414764404297,7.400000095367432,1.6191821098327637,1,3.7311105728149414,7.0,9.600000000000001
18,1,0.0,3.7,2.1,0.8917910180963525,8.3,7.800000000000001,353.0958557128906,3.734330177307129,7.400000095367432,1.651979684829712,1,3.7270259857177734,7.0,9.600000000000001
18,1,0.0,3.7,2.1,0.8917910180963525,8.3,7.800000000000001,353.5958557128906,3.7305376529693604,7.400000095367432,1.6847078800201416,1,3.723233461380005,7.0,9.600000000000001
18,1,0.0,3.7,2.1,0.8917910180963525,8.3,7.800000000000001,354.0958557128906,3.7270359992980957,7.400000095367432,1.7173720598220825,1,3.7197318077087402,7.0,9.600000000000001
18,1,0.0,3.7,2.1,0.8917910180963525,8.3,7.800000000000001,354.5958557128906,3.7238235473632812,7.400000095367432,1.7499773502349854,1,3.716519355773926,7.0,9.600000000000001
18,1,0.0,3.7,2.1,0.8917910180963525,8.3,7.800000000000001,355.0958557128906,3.7208991050720215,7.400000095367432,1.7825288772583008,1,3.713594913482666,7.0,9.600000000000001
18,1,0.0,3.7,2.1,0.8917910180963525,8.3,7.800000000000001,355.5958557128906,3.718261957168579,7.400000095367432,1.81503164768219,1,3.7109577655792236,7.0,9.600000000000001
18,1,0.0,3.7,2.1,0.8917910180963525,8.3,7.800000000000001,356.0958557128906,3.7159104347229004,7.400000095367432,1.8474907875061035,1,3.708606243133545,7.0,9.600000000000001
18,1,0.0,3.7,2.1,0.8917910180963525,8.3,7.800000000000001,356.5958557128906,3.7138442993164062,7.400000095367432,1.8799113035202026,1,3.706540107727051,7.0,9.600000000000001
18,1,0.0,3.7,2.1,0.8917910180963525,8.3,7.800000000000001,357.0958557128906,3.712062120437622,7.400000095367432,1.9122982025146484,1,3.7047579288482666,7.0,9.600000000000001
18,1,0.0,3.7,2.1,0.8917910180963525,8.3,7.800000000000001,357.5958557128906,3.710563898086548,7.400000095367432,1.9446563720703125,1,3.7032597064971924,7.0,9.600000000000001
18,1,0.0,3.7,2.1,0.8917910180963525,8.3,7.800000000000001,358.0958557128906,3.709348440170288,7.400000095367432,1.976990818977356,1,3.7020442485809326,7.0,9.600000000000001
18,1,0.0,3.7,2.1,0.8917910180963525,8.3,7.800000000000001,358.5958557128906,0.0,,,0,3.701111316680908,7.0,9.600000000000001
18,1,0.0,3.7,2.1,0.8917910180963525,8.3,7.800000000000001,359.0958557128906,3.7077648639678955,7.400000095367432,2.0416083335876465,1,3.70046067237854,7.0,9.600000000000001
18,1,0.0,3.7,2.1,0.8917910180963525,8.3,7.800000000000001,359.5958557128906,3.7073962688446045,7.400000095367432,2.073901414871216,1,3.700092077255249,7.0,9.600000000000001
18,1,0.0,3.7,2.1,0.8917910180963525,8.3,7.800000000000001,0.09586154669523239,0.0,,,0,3.700005292892456,7.0,9.600000000000001
18,1,0.0,3.7,2.1,0.8917910180963525,8.3,7.800000000000001,0.595861554145813,0.0,,,0,3.700200080871582,7.0,9.600000000000001
18,1,0.0,3.7,2.1,0.8917910180963525,8.3,7.800000000000001,1.095861554145813,3.7079811096191406,7.400000095367432,2.1707763671875,1,3.700676918029785,7.0,9.600000000000001
18,1,0.0,3.7,2.1,0.8917910180963525,8.3,7.800000000000001,1.595861554145813,3.708739757537842,7.400000095367432,2.203082799911499,1,3.7014355659484863,7.0,9.600000000000001
18,1,0.0,3.7,2.1,0.8917910180963525,8.3,7.800000000000001,2.0958614349365234,0.0,,,0,3.702476739883423,7.0,9.600000000000001
18,1,0.0,3.7,2.1,0.8917910180963525,8.3,7.800000000000001,2.5958614349365234,3.7111048698425293,7.400000095367432,2.2677481174468994,1,3.703800678253174,7.0,9.600000000000001
18,1,0.0,3.7,2.1,0.8917910180963525,8.3,7.800000000000001,3.0958614349365234,3.712712049484253,7.400000095367432,2.300116777420044,1,3.7054078578948975,7.0,9.600000000000001
18,1,0.0,3.7,2.1,0.8917910180963525,8.3,7.800000000000001,3.5958614349365234,3.7146029472351074,7.400000095367432,2.3325159549713135,1,3.707298755645752,7.0,9.600000000000001
18,1,0.0,3.7,2.1,0.8917910180963525,8.3,7.800000000000001,4.095861434936523,3.71677827835083,7.400000095367432,2.364950656890869,1,3.7094740867614746,7.0,9.600000000000001
18,1,0.0,3.7,2.1,0.8917910180963525,8.3,7.800000000000001,4.595861434936523,3.7192392349243164,7.400000095367432,2.397425889968872,1,3.711935043334961,7.0,9.600000000000001
18,1,0.0,3.7,2.1,0.8917910180963525,8.3,7.800000000000001,5.095861434936523,3.7219865322113037,7.400000095367432,2.4299468994140625,1,3.7146823406219482,7.0,9.600000000000001
18,1,0.0,3.7,2.1,0.8917910180963525,8.3,7.800000000000001,5.595861434936523,3.7250211238861084,7.400000095367432,2.4625184535980225,1,3.717716932296753,7.0,9.600000000000001
18,1,0.0,3.7,2.1,0.8917910180963525,8.3,7.800000000000001,6.095861434936523,3.728344440460205,7.400000095367432,2.495145559310913,1,3.7210402488708496,7.0,9.600000000000001
18,1,0.0,3.7,2.1,0.8917910180963525,8.3,7.800000000000001,6.595861434936523,3.73195743560791,7.400000095367432,2.5278337001800537,1,3.7246532440185547,7.0,9.600000000000001
18,1,0.0,3.7,2.1,0.8917910180963525,8.3,7.800000000000001,7.095861434936523,3.7358617782592773,7.400000095367432,2.5605878829956055,1,3.728557586669922,7.0,9.600000000000001
18,1,0.0,3.7,2.1,0.8917910180963525,8.3,7.800000000000001,7.595861434936523,0.0,,,0,3.7327544689178467,7.0,9.600000000000001
18,1,0.0,3.7,2.1,0.8917910180963525,8.3,7.800000000000001,8.095861434936523,3.7445502281188965,7.400000095367432,2.6263153553009033,1,3.737246036529541,7.0,9.600000000000001
18,1,0.0,3.7,2.1,0.8917910180963525,8.3,7.800000000000001,8.595861434936523,3.749337673187256,7.400000095367432,2.65929913520813,1,3.7420334815979004,7.0,9.600000000000001
18,1,0.0,3.7,2.1,0.8917910180963525,8.3,7.800000000000001,9.095861434936523,3.7544233798980713,7.400000095367432,2.6923699378967285,1,3.747119188308716,7.0,9.600000000000001
18,1,0.0,3.7,2.1,0.8917910180963525,8.3,7.800000000000001,9.595861434936523,0.0,,,0,3.752504825592041,7.0,9.600000000000001
18,1,0.0,3.7,2.1,0.8917910180963525,8.3,7.800000000000001,10.095861434936523,3.7654967308044434,7.400000095367432,2.7587945461273193,1,3.758192539215088,7.0,9.600000000000001
18,1,0.0,3.7,2.1,0.8917910180963525,8.3,7.800000000000001,10.595861434936523,3.771488666534424,7.400000095367432,2.7921595573425293,1,3.7641844749450684,7.0,9.600000000000001
18,1,0.0,3.7,2.1,0.8917910180963525,8.3,7.800000000000001,11.095861434936523,3.777787446975708,7.400000095367432,2.8256335258483887,1,3.7704832553863525,7.0,9.600000000000001
18,1,0.0,3.7,2.1,0.8917910180963525,8.3,7.800000000000001,11.595861434936523,0.0,,,0,3.7770912647247314,7.0,9.600000000000001
18,1,0.0,3.7,2.1,0.8917910180963525,8.3,7.800000000000001,12.095861434936523,0.0,,,0,3.784011125564575,7.0,9.600000000000001
18,1,0.0,3.7,2.1,0.8917910180963525,8.3,7.800000000000001,12.595861434936523,3.7985498905181885,7.400000095367432,2.926767349243164,1,3.791245698928833,7.0,9.600000000000001
18,1,0.0,3.7,2.1,0.8917910180963525,8.3,7.800000000000001,13.095861434936523,3.8061020374298096,7.400000095367432,2.960735321044922,1,3.798797845840454,7.0,9.600000000000001
18,1,0.0,3.7,2.1,0.8917910180963525,8.3,7.800000000000001,13.595861434936523,3.8139748573303223,7.400000095367432,2.9948413372039795,1,3.806670665740967,7.0,9.600000000000001
18,1,0.0,3.7,2.1,0.8917910180963525,8.3,7.800000000000001,14.095861434936523,3.822171449661255,7.400000095367432,3.0290915966033936,1,3.8148672580718994,7.0,9.600000000000001
18,1,0.0,3.7,2.1,0.8917910180963525,8.3,7.800000000000001,14.595861434936523,3.830695152282715,7.400000095367432,3.0634925365448,1,3.8233909606933594,7.0,9.600000000000001
18,1,0.0,3.7,2.1,0.8917910180963525,8.3,7.800000000000001,15.095861434936523,3.8395495414733887,7.400000095367432,3.0980498790740967,1,3.832245349884033,7.0,9.600000000000001
18,1,0.0,3.7,2.1,0.8917910180963525,8.3,7.800000000000001,15.595861434936523,3.848738193511963,7.400000095367432,3.132770538330078,1,3.8414340019226074,7.0,9.600000000000001
18,1,0.0,3.7,2.1,0.8917910180963525,8.3,7.800000000000001,16.095861434936523,3.858264923095703,7.400000095367432,3.167660713195801,1,3.8509607315063477,7.0,9.600000000000001
18,1,0.0,3.7,2.1,0.8917910180963525,8.3,7.800000000000001,16.595861434936523,3.868134021759033,7.400000095367432,3.2027268409729004,1,3.8608298301696777,7.0,9.600000000000001
18,1,0.0,3.7,2.1,0.8917910180963525,8.3,7.800000000000001,17.095861434936523,3.8783493041992188,7.400000095367432,3.23797607421875,1,3.8710451126098633,7.0,9.600000000000001
18,1,0.0,3.7,2.1,0.8917910180963525,8.3,7.800000000000001,17.595861434936523,3.8889150619506836,7.400000095367432,3.2734150886535645,1,3.881610870361328,7.0,9.600000000000001
18,1,0.0,3.7,2.1,0.8917910180963525,8.3,7.800000000000001,18.095861434936523,0.0,,,0,3.892531633377075,7.0,9.600000000000001
18,1,0.0,3.7,2.1,0.8917910180963525,8.3,7.800000000000001,18.595861434936523,3.911116600036621,7.400000095367432,3.3448901176452637,1,3.9038124084472656,7.0,9.600000000000001
18,1,0.0,3.7,2.1,0.8917910180963525,8.3,7.800000000000001,19.095861434936523,3.922761917114258,7.400000095367432,3.3809406757354736,1,3.9154577255249023,7.0,9.600000000000001
18,1,0.0,3.7,2.1,0.8917910180963525,8.3,7.800000000000001,19.595861434936523,3.934776782989502,7.400000095367432,3.4172096252441406,1,3.9274725914001465,7.0,9.600000000000001
18,1,0.0,3.7,2.1,0.8917910180963525,8.3,7.800000000000001,20.095861434936523,3.947166681289673,7.400000095367432,3.453704595565796,1,3.9398624897003174,7.0,9.600000000000001
18,1,0.0,3.7,2.1,0.8917910180963525,8.3,7.800000000000001,20.595861434936523,3.9599368572235107,7.400000095367432,3.49043345451355,1,3.9526326656341553,7.0,9.600000000000001
18,1,0.0,3.7,2.1,0.8917910180963525,8.3,7.800000000000001,21.095861434936523,0.0,,,0,3.9657890796661377,7.0,9.600000000000001
18,1,0.0,3.7,2.1,0.8917910180963525,8.3,7.800000000000001,21.595861434936523,3.9866414070129395,7.400000095367432,3.564624547958374,1,3.979337215423584,7.0,9.600000000000001
18,1,0.0,3.7,2.1,0.8917910180963525,8.3,7.800000000000001,22.095861434936523,4.000587463378906,7.400000095367432,3.6021029949188232,1,3.99328351020813,7.0,9.600000000000001
18,1,0.0,3.7,2.1,0.8917910180963525,8.3,7.800000000000001,22.595861434936523,4.0149383544921875,7.400000095367432,3.639847755432129,1,4.007634162902832,7.0,9.600000000000001
18,1,0.0,3.7,2.1,0.8917910180963525,8.3,7.800000000000001,23.095861434936523,4.029699802398682,7.400000095367432,3.677867889404297,1,4.022395610809326,7.0,9.600000000000001
18,1,0.0,3.7,2.1,0.8917910180963525,8.3,7.800000000000001,23.595861434936523,4.04487943649292,7.400000095367432,3.716171979904175,1,4.0375752449035645,7.0,9.600000000000001
18,1,0.0,3.7,2.1,0.8917910180963525,8.3,7.800000000000001,24.095861434936523,4.060483455657959,7.400000095367432,3.7547693252563477,1,4.0531792640686035,7.0,9.600000000000001
18,1,0.0,3.7,2.1,0.8917910180963525,8.3,7.800000000000001,24.595861434936523,4.07651948928833,7.400000095367432,3.7936689853668213,1,4.069215297698975,7.0,9.600000000000001
18,1,0.0,3.7,2.1,0.8917910180963525,8.3,7.800000000000001,25.095861434936523,4.092995643615723,7.400000095367432,3.832880735397339,1,4.085691452026367,7.0,9.600000000000001
18,1,0.0,3.7,2.1,0.8917910180963525,8.3,7.800000000000001,25.595861434936523,4.109919548034668,7.400000095367432,3.8724143505096436,1,4.1026153564453125,7.0,9.600000000000001
18,1,0.0,3.7,2.1,0.8917910180963525,8.3,7.800000000000001,26.095861434936523,4.1272993087768555,7.400000095367432,3.9122798442840576,1,4.1199951171875,7.0,9.600000000000001
18,1,0.0,3.7,2.1,0.8917910180963525,8.3,7.800000000000001,26.595861434936523,0.0,,,0,4.137838840484619,7.0,9.600000000000001
18,1,0.0,3.7,2.1,0.8917910180963525,8.3,7.800000000000001,27.095861434936523,4.1634602546691895,7.400000095367432,3.9930484294891357,1,4.156156063079834,7.0,9.600000000000001
18,1,0.0,3.7,2.1,0.8917910180963525,8.3,7.800000000000001,27.595861434936523,4.182259559631348,7.400000095367432,4.03397274017334,1,4.174955368041992,7.0,9.600000000000001
18,1,0.0,3.7,2.1,0.8917910180963525,8.3,7.800000000000001,28.095861434936523,4.201550483703613,7.400000095367432,4.075272560119629,1,4.194246292114258,7.0,9.600000000000001
18,1,0.0,3.7,2.1,0.8917910180963525,8.3,7.800000000000001,28.595861434936523,4.221343040466309,7.400000095367432,4.1169586181640625,1,4.214038848876953,7.0,9.600000000000001
18,1,0.0,3.7,2.1,0.8917910180963525,8.3,7.800000000000001,29.095861434936523,4.241647243499756,7.400000095367432,4.159043788909912,1,4.2343430519104,7.0,9.600000000000001
18,1,0.0,3.7,2.1,0.8917910180963525,8.3,7.800000000000001,29.595861434936523,4.259357452392578,7.397290229797363,4.199999809265137,1,4.252053260803223,7.0,9.600000000000001
18,1,0.0,3.7,2.1,0.8917910180963525,8.3,7.800000000000001,30.095861434936523,4.195174217224121,7.323293209075928,4.199999809265137,1,4.187870025634766,7.0,9.600000000000001
18,1,0.0,3.7,2.1,0.8917910180963525,8.3,7.800000000000001,30.595861434936523,0.0,,,0,4.1259050369262695,7.0,9.600000000000001
18,1,0.0,3.7,2.1,0.8917910180963525,8.3,7.800000000000001,31.095861434936523,0.0,,,0,4.066052436828613,7.0,9.600000000000001
18,1,0.0,3.7,2.1,0.8917910180963525,8.3,7.800000000000001,31.595861434936523,4.01551628112793,7.114053726196289,4.199999809265137,1,4.008212089538574,7.0,9.600000000000001
18,1,0.0,3.7,2.1,0.8917910180963525,8.3,7.800000000000001,32.095863342285156,3.959595203399658,7.048223972320557,4.199999809265137,1,3.9522910118103027,7.0,9.600000000000001
18,1,0.0,3.7,2.1,0.8917910180963525,8.3,7.800000000000001,32.595863342285156,3.905505895614624,6.984200954437256,4.199999809265137,1,3.8982017040252686,7.0,9.600000000000001
18,1,0.0,3.7,2.1,0.8917910180963525,8.3,7.800000000000001,33.095863342285156,3.853166103363037,6.921902179718018,4.199999809265137,1,3.8458619117736816,7.0,9.600000000000001
18,1,0.0,3.7,2.1,0.8917910180963525,8.3,7.800000000000001,33.595863342285156,3.8024983406066895,6.8612494468688965,4.199999809265137,1,3.795194149017334,7.0,9.600000000000001
18,1,0.0,3.7,2.1,0.8917910180963525,8.3,7.800000000000001,34.095863342285156,3.753429651260376,6.8021697998046875,4.199999809265137,1,3.7461254596710205,7.0,9.600000000000001
18,1,0.0,3.7,2.1,0.8917910180963525,8.3,7.800000000000001,34.595863342285156,3.7058918476104736,6.744593620300293,4.199999809265137,1,3.698587656021118,7.0,9.600000000000001
18,1,0.0,3.7,2.1,0.8917910180963525,8.3,7.800000000000001,35.095863342285156,3.659820079803467,6.6884565353393555,4.199999809265137,1,3.6525158882141113,7.0,9.600000000000001
18,1,0.0,3.7,2.1,0.8917910180963525,8.3,7.800000000000001,35.595863342285156,3.6151533126831055,6.633696556091309,4.199999809265137,1,3.60784912109375,7.0,9.600000000000001
18,1,0.0,3.7,2.1,0.8917910180963525,8.3,7.800000000000001,36.095863342285156,3.571834087371826,6.58025598526001,4.199999809265137,1,3.5645298957824707,7.0,9.600000000000001
18,1,0.0,3.7,2.1,0.8917910180963525,8.3,7.800000000000001,36.595863342285156,3.5298078060150146,6.528079032897949,4.199999809265137,1,3.522503614425659,7.0,9.600000000000001
18,1,0.0,3.7,2.1,0.8917910180963525,8.3,7.800000000000001,37.095863342285156,3.489022970199585,6.477114677429199,4.199999809265137,1,3.4817187786102295,7.0,9.600000000000001
18,1,0.0,3.7,2.1,0.8917910180963525,8.3,7.800000000000001,37.595863342285156,0.0,,,0,3.442126750946045,7.0,9.600000000000001
18,1,0.0,3.7,2.1,0.8917910180963525,8.3,7.800000000000001,38.095863342285156,3.4109854698181152,6.378627777099609,4.199999809265137,1,3.4036812782287598,7.0,9.600000000000001
18,1,0.0,3.7,2.1,0.8917910180963525,8.3,7.800000000000001,38.595863342285156,3.373642921447754,6.331014156341553,4.199999809265137,1,3.3663387298583984,7.0,9.600000000000001
18,1,0.0,3.7,2.1,0.8917910180963525,8.3,7.800000000000001,39.095863342285156,3.3373615741729736,6.284430980682373,4.199999809265137,1,3.330057382583618,7.0,9.600000000000001
18,1,0.0,3.7,2.1,0.8917910180963525,8.3,7.800000000000001,39.595863342285156,3.3021023273468018,6.238837242126465,4.199999809265137,1,3.2947981357574463,7.0,9.600000000000001
18,1,0.0,3.7,2.1,0.8917910180963525,8.3,7.800000000000001,40.095863342285156,3.2678275108337402,6.194195747375488,4.199999809265137,1,3.2605233192443848,7.0,9.600000000000001
18,1,0.0,3.7,2.1,0.8917910180963525,8.3,7.800000000000001,40.595863342285156,3.234501838684082,6.15047025680542,4.199999809265137,1,3.2271976470947266,7.0,9.600000000000001
18,1,0.0,3.7,2.1,0.8917910180963525,8.3,7.800000000000001,41.095863342285156,3.2020912170410156,6.107626438140869,4.199999809265137,1,3.19478702545166,7.0,9.600000000000001
18,1,0.0,3.7,2.1,0.8917910180963525,8.3,7.800000000000001,41.595863342285156,3.1705636978149414,6.065630912780762,4.199999809265137,1,3.163259506225586,7.0,9.600000000000001
18,1,0.0,3.7,2.1,0.8917910180963525,8.3,7.800000000000001,42.095863342285156,3.1398885250091553,6.024453639984131,4.199999809265137,1,3.1325843334198,7.0,9.600000000000001
18,1,0.0,3.7,2.1,0.8917910180963525,8.3,7.800000000000001,42.595863342285156,3.110036611557007,5.984064102172852,4.199999809265137,1,3.1027324199676514,7.0,9.600000000000001
18,1,0.0,3.7,2.1,0.8917910180963525,8.3,7.800000000000001,43.095863342285156,3.080980062484741,5.944433689117432,4.199999809265137,1,3.0736758708953857,7.0,9.600000000000001
18,1,0.0,3.7,2.1,0.8917910180963525,8.3,7.800000000000001,43.595863342285156,3.052692413330078,5.90553617477417,4.199999809265137,1,3.0453882217407227,7.0,9.600000000000001
18,1,0.0,3.7,2.1,0.8917910180963525,8.3,7.800000000000001,44.095863342285156,3.025148630142212,5.867345333099365,4.199999809265137,1,3.0178444385528564,7.0,9.600000000000001
18,1,0.0,3.7,2.1,0.8917910180963525,8.3,7.800000000000001,44.595863342285156,2.998324155807495,5.829835891723633,4.199999809265137,1,2.9910199642181396,7.0,9.600000000000001
18,1,0.0,3.7,2.1,0.8917910180963525,8.3,7.800000000000001,45.095863342285156,0.0,,,0,2.9648921489715576,7.0,9.600000000000001
18,1,0.0,3.7,2.1,0.8917910180963525,8.3,7.800000000000001,45.595863342285156,2.9467427730560303,5.756769180297852,4.199999809265137,1,2.939438581466675,7.0,9.600000000000001
18,1,0.0,3.7,2.1,0.8917910180963525,8.3,7.800000000000001,46.095863342285156,2.921942710876465,5.721167087554932,4.199999809265137,1,2.9146385192871094,7.0,9.600000000000001
18,1,0.0,3.7,2.1,0.8917910180963525,8.3,7.800000000000001,46.595863342285156,2.897775888442993,5.686158657073975,4.199999809265137,1,2.8904716968536377,7.0,9.600000000000001
18,1,0.0,3.7,2.1,0.8917910180963525,8.3,7.800000000000001,47.095863342285156,2.874222993850708,5.6517229080200195,4.199999809265137,1,2.8669188022613525,7.0,9.600000000000001
18,1,0.0,3.7,2.1,0.8917910180963525,8.3,7.800000000000001,47.595863342285156,2.8512656688690186,5.617841720581055,4.199999809265137,1,2.843961477279663,7.0,9.600000000000001
18,1,0.0,3.7,2.1,0.8917910180963525,8.3,7.800000000000001,48.095863342285156,0.0,,,0,2.821582078933716,7.0,9.600000000000001
18,1,0.0,3.7,2.1,0.8917910180963525,8.3,7.800000000000001,48.595863342285156,2.80706787109375,5.551668643951416,4.199999809265137,1,2.7997636795043945,7.0,9.600000000000001
18,1,0.0,3.7,2.1,0.8917910180963525,8.3,7.800000000000001,49.095863342285156,2.785794258117676,5.519342422485352,4.199999809265137,1,2.7784900665283203,7.0,9.600000000000001
18,1,0.0,3.7,2.1,0.8917910180963525,8.3,7.800000000000001,49.595863342285156,0.0,,,0,2.7577457427978516,7.0,9.600000000000001
18,1,0.0,3.7,2.1,0.8917910180963525,8.3,7.800000000000001,50.095863342285156,2.7448201179504395,5.456130504608154,4.199999809265137,1,2.737515926361084,7.0,9.600000000000001
18,1,0.0,3.7,2.1,0.8917910180963525,8.3,7.800000000000001,50.595863342285156,2.725090265274048,5.42521333694458,4.199999809265137,1,2.7177860736846924,7.0,9.600000000000001
18,1,0.0,3.7,2.1,0.8917910180963525,8.3,7.800000000000001,51.095863342285156,2.7058470249176025,5.3947367668151855,4.199999809265137,1,2.698542833328247,7.0,9.600000000000001
18,1,0.0,3.7,2.1,0.8917910180963525,8.3,7.800000000000001,51.595863342285156,2.6870768070220947,5.364686489105225,4.199999809265137,1,2.6797726154327393,7.0,9.600000000000001
18,1,0.0,3.7,2.1,0.8917910180963525,8.3,7.800000000000001,52.095863342285156,2.668767213821411,5.335049152374268,4.199999809265137,1,2.6614630222320557,7.0,9.600000000000001
18,1,0.0,3.7,2.1,0.8917910180963525,8.3,7.800000000000001,52.595863342285156,2.6509060859680176,5.305811405181885,4.199999809265137,1,2.643601894378662,7.0,9.600000000000001
18,1,0.0,3.7,2.1,0.8917910180963525,8.3,7.800000000000001,53.095863342285156,2.633481740951538,5.276961803436279,4.199999809265137,1,2.6261775493621826,7.0,9.600000000000001
18,1,0.0,3.7,2.1,0.8917910180963525,8.3,7.800000000000001,53.595863342285156,2.616482973098755,5.24848747253418,4.199999809265137,1,2.6091787815093994,7.0,9.600000000000001
18,1,0.0,3.7,2.1,0.8917910180963525,8.3,7.800000000000001,54.095863342285156,2.5998990535736084,5.220377445220947,4.199999809265137,1,2.592594861984253,7.0,9.600000000000001
18,1,0.0,3.7,2.1,0.8917910180963525,8.3,7.800000000000001,54.595863342285156,2.583719491958618,5.192620754241943,4.199999809265137,1,2.5764153003692627,7.0,9.600000000000001
18,1,0.0,3.7,2.1,0.8917910180963525,8.3,7.800000000000001,55.095863342285156,0.0,,,0,2.5606303215026855,7.0,9.600000000000001
18,1,0.0,3.7,2.1,0.8917910180963525,8.3,7.800000000000001,55.595863342285156,0.0,,,0,2.5452303886413574,7.0,9.600000000000001
18,1,0.0,3.7,2.1,0.8917910180963525,8.3,7.800000000000001,56.095863342285156,2.5375101566314697,5.111361503601074,4.199999809265137,1,2.5302059650421143,7.0,9.600000000000001
18,1,0.0,3.7,2.1,0.8917910180963525,8.3,7.800000000000001,56.595863342285156,2.5228524208068848,5.084912300109863,4.199999809265137,1,2.5155482292175293,7.0,9.600000000000001
18,1,0.0,3.7,2.1,0.8917910180963525,8.3,7.800000000000001,57.095863342285156,2.5085530281066895,5.058765888214111,4.199999809265137,1,2.501248836517334,7.0,9.600000000000001
18,1,0.0,3.7,2.1,0.8917910180963525,8.3,7.800000000000001,57.595863342285156,2.494603395462036,5.0329132080078125,4.199999809265137,1,2.4872992038726807,7.0,9.600000000000001
18,1,0.0,3.7,2.1,0.8917910180963525,8.3,7.800000000000001,58.095863342285156,2.4809961318969727,5.007345199584961,4.199999809265137,1,2.473691940307617,7.0,9.600000000000001
18,1,0.0,3.7,2.1,0.8917910180963525,8.3,7.800000000000001,58.595863342285156,2.4677231311798096,4.982053756713867,4.199999809265137,1,2.460418939590454,7.0,9.600000000000001
18,1,0.0,3.7,2.1,0.8917910180963525,8.3,7.800000000000001,59.095863342285156,0.0,,,0,2.4474730491638184,7.0,9.600000000000001
18,1,0.0,3.7,2.1,0.8917910180963525,8.3,7.800000000000001,59.595863342285156,0.0,,,0,2.434847116470337,7.0,9.600000000000001
18,1,0.0,3.7,2.1,0.8917910180963525,8.3,7.800000000000001,60.095863342285156,2.4298386573791504,4.907755374908447,4.199999809265137,1,2.422534465789795,7.0,9.600000000000001
18,1,0.0,3.7,2.1,0.8917910180963525,8.3,7.800000000000001,60.595863342285156,2.417832374572754,4.88348913192749,4.199999809265137,1,2.4105281829833984,7.0,9.600000000000001
18,1,0.0,3.7,2.1,0.8917910180963525,8.3,7.800000000000001,61.095863342285156,0.0,,,0,2.39882230758667,7.0,9.600000000000001
18,1,0.0,3.7,2.1,0.8917910180963525,8.3,7.800000000000001,61.595863342285156,2.39471435546875,4.835661888122559,4.199999809265137,1,2.3874101638793945,7.0,9.600000000000001
18,1,0.0,3.7,2.1,0.8917910180963525,8.3,7.800000000000001,62.095863342285156,2.3835906982421875,4.812087059020996,4.199999809265137,1,2.376286506652832,7.0,9.600000000000001
18,1,0.0,3.7,2.1,0.8917910180963525,8.3,7.800000000000001,62.595863342285156,0.0,,,0,2.365445137023926,7.0,9.600000000000001
18,1,0.0,3.7,2.1,0.8917910180963525,8.3,7.800000000000001,63.095863342285156,2.362185001373291,4.7655816078186035,4.199999809265137,1,2.3548808097839355,7.0,9.600000000000001
18,1,0.0,3.7,2.1,0.8917910180963525,8.3,7.800000000000001,63.595863342285156,2.3518924713134766,4.742638111114502,4.199999809265137,1,2.344588279724121,7.0,9.600000000000001
18,1,0.0,3.7,2.1,0.8917910180963525,8.3,7.800000000000001,64.09586334228516,2.3418664932250977,4.719892501831055,4.199999809265137,1,2.334562301635742,7.0,9.600000000000001
18,1,0.0,3.7,2.1,0.8917910180963525,8.3,7.800000000000001,64.59586334228516,0.0,,,0,2.3247978687286377,7.0,9.600000000000001
18,1,0.0,3.7,2.1,0.8917910180963525,8.3,7.800000000000001,65.09586334228516,2.32259464263916,4.674972057342529,4.199999809265137,1,2.3152904510498047,7.0,9.600000000000001
18,1,0.0,3.7,2.1,0.8917910180963525,8.3,7.800000000000001,65.59586334228516,2.3133397102355957,4.652785301208496,4.199999809265137,1,2.3060355186462402,7.0,9.600000000000001
18,1,0.0,3.7,2.1,0.8917910180963525,8.3,7.800000000000001,66.09586334228516,2.3043324947357178,4.630773544311523,4.199999809265137,1,2.2970283031463623,7.0,9.600000000000001
18,1,0.0,3.7,2.1,0.8917910180963525,8.3,7.800000000000001,66.59586334228516,0.0,,,0,2.288264751434326,7.0,9.600000000000001
18,1,0.0,3.7,2.1,0.8917910180963525,8.3,7.800000000000001,67.09586334228516,2.2870452404022217,4.587253570556641,4.199999809265137,1,2.279741048812866,7.0,9.600000000000001
18,1,0.0,3.7,2.1,0.8917910180963525,8.3,7.800000000000001,67.59586334228516,2.278756856918335,4.56573486328125,4.199999809265137,1,2.2714526653289795,7.0,9.600000000000001
18,1,0.0,3.7,2.1,0.8917910180963525,8.3,7.800000000000001,68.09586334228516,2.270700216293335,4.544370651245117,4.199999809265137,1,2.2633960247039795,7.0,9.600000000000001
18,1,0.0,3.7,2.1,0.8917910180963525,8.3,7.800000000000001,68.59586334228516,2.2628719806671143,4.52315616607666,4.199999809265137,1,2.255567789077759,7.0,9.600000000000001
18,1,0.0,3.7,2.1,0.8917910180963525,8.3,7.800000000000001,69.09586334228516,2.255268096923828,4.5020856857299805,4.199999809265137,1,2.2479639053344727,7.0,9.600000000000001
18,1,0.0,3.7,2.1,0.8917910180963525,8.3,7.800000000000001,69.59586334228516,2.2478854656219482,4.481155872344971,4.199999809265137,1,2.2405812740325928,7.0,9.600000000000001
18,1,0.0,3.7,2.1,0.8917910180963525,8.3,7.800000000000001,70.09586334228516,2.240720510482788,4.460361003875732,4.199999809265137,1,2.2334163188934326,7.0,9.600000000000001
18,1,0.0,3.7,2.1,0.8917910180963525,8.3,7.800000000000001,70.59586334228516,2.2337703704833984,4.439697265625,4.199999809265137,1,2.226466178894043,7.0,9.600000000000001
18,1,0.0,3.7,2.1,0.8917910180963525,8.3,7.800000000000001,71.09586334228516,2.227031946182251,4.41916036605835,4.199999809265137,1,2.2197277545928955,7.0,9.600000000000001
18,1,0.0,3.7,2.1,0.8917910180963525,8.3,7.800000000000001,71.59586334228516,2.2205021381378174,4.398745536804199,4.199999809265137,1,2.213197946548462,7.0,9.600000000000001
18,1,0.0,3.7,2.1,0.8917910180963525,8.3,7.800000000000001,72.09586334228516,2.2141783237457275,4.378448963165283,4.199999809265137,1,2.206874132156372,7.0,9.600000000000001
18,1,0.0,3.7,2.1,0.8917910180963525,8.3,7.800000000000001,72.59586334228516,2.208057403564453,4.358266830444336,4.199999809265137,1,2.2007532119750977,7.0,9.600000000000001
18,1,0.0,3.7,2.1,0.8917910180963525,8.3,7.800000000000001,73.09586334228516,2.2021372318267822,4.338194370269775,4.199999809265137,1,2.1948330402374268,7.0,9.600000000000001
18,1,0.0,3.7,2.1,0.8917910180963525,8.3,7.800000000000001,73.59586334228516,2.1964149475097656,4.318228244781494,4.199999809265137,1,2.18911075592041,7.0,9.600000000000001
18,1,0.0,3.7,2.1,0.8917910180963525,8.3,7.800000000000001,74.09586334228516,2.1908884048461914,4.298364639282227,4.199999809265137,1,2.183584213256836,7.0,9.600000000000001
18,1,0.0,3.7,2.1,0.8917910180963525,8.3,7.800000000000001,74.59586334228516,2.1855552196502686,4.278599739074707,4.199999809265137,1,2.178251028060913,7.0,9.600000000000001
18,1,0.0,3.7,2.1,0.8917910180963525,8.3,7.800000000000001,75.09586334228516,2.180413007736206,4.258929252624512,4.199999809265137,1,2.1731088161468506,7.0,9.600000000000001
18,1,0.0,3.7,2.1,0.8917910180963525,8.3,7.800000000000001,75.59586334228516,2.175459623336792,4.239349842071533,4.199999809265137,1,2.1681554317474365,7.0,9.600000000000001
18,1,0.0,3.7,2.1,0.8917910180963525,8.3,7.800000000000001,76.09586334228516,2.1706933975219727,4.219858646392822,4.199999809265137,1,2.163389205932617,7.0,9.600000000000001
18,1,0.0,3.7,2.1,0.8917910180963525,8.3,7.800000000000001,76.59586334228516,0.0,,,0,2.1588077545166016,7.0,9.600000000000001
18,1,0.0,3.7,2.1,0.8917910180963525,8.3,7.800000000000001,77.09586334228516,2.1617136001586914,4.181123733520508,4.199999809265137,1,2.154409408569336,7.0,9.600000000000001
18,1,0.0,3.7,2.1,0.8917910180963525,8.3,7.800000000000001,77.59586334228516,2.157496690750122,4.161873817443848,4.199999809265137,1,2.1501924991607666,7.0,9.600000000000001
18,1,0.0,3.7,2.1,0.8917910180963525,8.3,7.800000000000001,78.09586334228516,2.153459310531616,4.142697811126709,4.199999809265137,1,2.1461551189422607,7.0,9.600000000000001
18,1,0.0,3.7,2.1,0.8917910180963525,8.3,7.800000000000001,78.59586334228516,2.14959979057312,4.123591899871826,4.199999809265137,1,2.1422955989837646,7.0,9.600000000000001
18,1,0.0,3.7,2.1,0.8917910180963525,8.3,7.800000000000001,79.09586334228516,0.0,,,0,2.1386125087738037,7.0,9.600000000000001
18,1,0.0,3.7,2.1,0.8917910180963525,8.3,7.800000000000001,79.59586334228516,2.142408609390259,4.085578918457031,4.199999809265137,1,2.1351044178009033,7.0,9.600000000000001
18,1,0.0,3.7,2.1,0.8917910180963525,8.3,7.800000000000001,80.09586334228516,2.1390740871429443,4.066665172576904,4.199999809265137,1,2.131769895553589,7.0,9.600000000000001
18,1,0.0,3.7,2.1,0.8917910180963525,8.3,7.800000000000001,80.59586334228516,2.1359119415283203,4.047808647155762,4.199999809265137,1,2.128607749938965,7.0,9.600000000000001
18,1,0.0,3.7,2.1,0.8917910180963525,8.3,7.800000000000001,81.09586334228516,2.132920742034912,4.029006481170654,4.199999809265137,1,2.1256165504455566,7.0,9.600000000000001
18,1,0.0,3.7,2.1,0.8917910180963525,8.3,7.800000000000001,81.59586334228516,2.130099296569824,4.010255813598633,4.199999809265137,1,2.1227951049804688,7.0,9.600000000000001
18,1,0.0,3.7,2.1,0.8917910180963525,8.3,7.800000000000001,82.09586334228516,2.1274466514587402,3.991553783416748,4.199999809265137,1,2.1201424598693848,7.0,9.600000000000001
18,1,0.0,3.7,2.1,0.8917910180963525,8.3,7.800000000000001,82.59586334228516,2.1249616146087646,3.9728965759277344,4.199999809265137,1,2.117657423019409,7.0,9.600000000000001
18,1,0.0,3.7,2.1,0.8917910180963525,8.3,7.800000000000001,83.09586334228516,2.122643232345581,3.954281806945801,4.199999809265137,1,2.1153390407562256,7.0,9.600000000000001
18,1,0.0,3.7,2.1,0.8917910180963525,8.3,7.800000000000001,83.59586334228516,2.120490789413452,3.935706377029419,4.199999809265137,1,2.1131865978240967,7.0,9.600000000000001
18,1,0.0,3.7,2.1,0.8917910180963525,8.3,7.800000000000001,84.09586334228516,2.1185033321380615,3.9171671867370605,4.199999809265137,1,2.111199140548706,7.0,9.600000000000001
18,1,0.0,3.7,2.1,0.8917910180963525,8.3,7.800000000000001,84.59586334228516,2.1166799068450928,3.8986613750457764,4.199999809265137,1,2.1093757152557373,7.0,9.600000000000001
18,1,0.0,3.7,2.1,0.8917910180963525,8.3,7.800000000000001,85.09586334228516,2.115020275115967,3.8801863193511963,4.199999809265137,1,2.1077160835266113,7.0,9.600000000000001
18,1,0.0,3.7,2.1,0.8917910180963525,8.3,7.800000000000001,85.59586334228516,0.0,,,0,2.1062192916870117,7.0,9.600000000000001
18,1,0.0,3.7,2.1,0.8917910180963525,8.3,7.800000000000001,86.09586334228516,2.1121888160705566,3.843316078186035,4.199999809265137,1,2.104884624481201,7.0,9.600000000000001
18,1,0.0,3.7,2.1,0.8917910180963525,8.3,7.800000000000001,86.59586334228516,2.111016035079956,3.8249151706695557,4.199999809265137,1,2.1037118434906006,7.0,9.600000000000001
18,1,0.0,3.7,2.1,0.8917910180963525,8.3,7.800000000000001,87.09586334228516,0.0,,,0,2.1027004718780518,7.0,9.600000000000001
18,1,0.0,3.7,2.1,0.8917910180963525,8.3,7.800000000000001,87.59586334228516,0.0,,,0,2.1018500328063965,7.0,9.600000000000001
18,1,0.0,3.7,2.1,0.8917910180963525,8.3,7.800000000000001,88.09586334228516,0.0,,,0,2.1011602878570557,7.0,9.600000000000001
18,1,0.0,3.7,2.1,0.8917910180963525,8.3,7.800000000000001,88.59586334228516,2.1079349517822266,3.751474618911743,4.199999809265137,1,2.100630760192871,7.0,9.600000000000001
18,1,0.0,3.7,2.1,0.8917910180963525,8.3,7.800000000000001,89.09586334228516,2.1075656414031982,3.7331411838531494,4.199999809265137,1,2.1002614498138428,7.0,9.600000000000001
18,1,0.0,3.7,2.1,0.8917910180963525,8.3,7.800000000000001,89.59586334228516,0.0,,,0,2.1000523567199707,7.0,9.600000000000001
18,1,0.0,3.7,2.1,0.8917910180963525,8.3,7.800000000000001,90.09586334228516,2.107307195663452,3.696486473083496,4.199999809265137,1,2.1000030040740967,7.0,9.600000000000001
18,1,0.0,3.7,2.1,0.8917910180963525,8.3,7.800000000000001,90.59586334228516,2.1074178218841553,3.678159713745117,4.199999809265137,1,2.1001136302948,7.0,9.600000000000001
18,1,0.0,3.7,2.1,0.8917910180963525,8.3,7.800000000000001,91.09586334228516,2.1076884269714355,3.659829616546631,4.199999809265137,1,2.10038423538208,7.0,9.600000000000001
18,1,0.0,3.7,2.1,0.8917910180963525,8.3,7.800000000000001,91.59586334228516,2.108119010925293,3.641493558883667,4.199999809265137,1,2.1008148193359375,7.0,9.600000000000001
18,1,0.0,3.7,2.1,0.8917910180963525,8.3,7.800000000000001,92.09586334228516,2.1087100505828857,3.6231484413146973,4.199999809265137,1,2.1014058589935303,7.0,9.600000000000001
18,1,0.0,3.7,2.1,0.8917910180963525,8.3,7.800000000000001,92.59586334228516,2.1094613075256348,3.6047916412353516,4.199999809265137,1,2.1021571159362793,7.0,9.600000000000001
18,1,0.0,3.7,2.1,0.8917910180963525,8.3,7.800000000000001,93.09586334228516,0.0,,,0,2.103069305419922,7.0,9.600000000000001
18,1,0.0,3.7,2.1,0.8917910180963525,8.3,7.800000000000001,93.59586334228516,0.0,,,0,2.104142427444458,7.0,9.600000000000001
18,1,0.0,3.7,2.1,0.8917910180963525,8.3,7.800000000000001,94.09586334228516,0.0,,,0,2.105377197265625,7.0,9.600000000000001
18,1,0.0,3.7,2.1,0.8917910180963525,8.3,7.800000000000001,94.59586334228516,2.1140782833099365,3.5311906337738037,4.199999809265137,1,2.106774091720581,7.0,9.600000000000001
18,1,0.0,3.7,2.1,0.8917910180963525,8.3,7.800000000000001,95.09586334228516,2.1156373023986816,3.512732982635498,4.199999809265137,1,2.108333110809326,7.0,9.600000000000001
18,1,0.0,3.7,2.1,0.8917910180963525,8.3,7.800000000000001,95.59586334228516,2.1173598766326904,3.494246244430542,4.199999809265137,1,2.110055685043335,7.0,9.600000000000001
18,1,0.0,3.7,2.1,0.8917910180963525,8.3,7.800000000000001,96.09586334228516,0.0,,,0,2.1119418144226074,7.0,9.600000000000001
18,1,0.0,3.7,2.1,0.8917910180963525,8.3,7.800000000000001,96.59586334228516,2.1212966442108154,3.4571754932403564,4.199999809265137,1,2.11399245262146,7.0,9.600000000000001
18,1,0.0,3.7,2.1,0.8917910180963525,8.3,7.800000000000001,97.09586334228516,2.1235125064849854,3.4385852813720703,4.199999809265137,1,2.11620831489563,7.0,9.600000000000001
18,1,0.0,3.7,2.1,0.8917910180963525,8.3,7.800000000000001,97.59586334228516,2.125894546508789,3.419954538345337,4.199999809265137,1,2.1185903549194336,7.0,9.600000000000001
18,1,0.0,3.7,2.1,0.8917910180963525,8.3,7.800000000000001,98.09586334228516,2.128443717956543,3.401280403137207,4.199999809265137,1,2.1211395263671875,7.0,9.600000000000001
18,1,0.0,3.7,2.1,0.8917910180963525,8.3,7.800000000000001,98.59586334228516,2.1311612129211426,3.3825600147247314,4.199999809265137,1,2.123857021331787,7.0,9.600000000000001
18,1,0.0,3.7,2.1,0.8917910180963525,8.3,7.800000000000001,99.09586334228516,2.134047508239746,3.3637900352478027,4.199999809265137,1,2.1267433166503906,7.0,9.600000000000001
18,1,0.0,3.7,2.1,0.8917910180963525,8.3,7.800000000000001,99.59586334228516,2.1371042728424072,3.3449676036834717,4.199999809265137,1,2.1298000812530518,7.0,9.600000000000001
18,1,0.0,3.7,2.1,0.8917910180963525,8.3,7.800000000000001,100.09586334228516,2.1403322219848633,3.32608962059021,4.199999809265137,1,2.133028030395508,7.0,9.600000000000001
18,1,0.0,3.7,2.1,0.8917910180963525,8.3,7.800000000000001,100.59586334228516,2.143733263015747,3.30715274810791,4.199999809265137,1,2.1364290714263916,7.0,9.600000000000001
18,1,0.0,3.7,2.1,0.8917910180963525,8.3,7.800000000000001,101.09586334228516,2.147308111190796,3.288153886795044,4.199999809265137,1,2.1400039196014404,7.0,9.600000000000001
18,1,0.0,3.7,2.1,0.8917910180963525,8.3,7.800000000000001,101.59586334228516,2.1510586738586426,3.269089937210083,4.199999809265137,1,2.143754482269287,7.0,9.600000000000001
18,1,0.0,3.7,2.1,0.8917910180963525,8.3,7.800000000000001,102.09586334228516,2.1549861431121826,3.24995756149292,4.199999809265137,1,2.147681951522827,7.0,9.600000000000001
18,1,0.0,3.7,2.1,0.8917910180963525,8.3,7.800000000000001,102.59586334228516,0.0,,,0,2.1517882347106934,7.0,9.600000000000001
18,1,0.0,3.7,2.1,0.8917910180963525,8.3,7.800000000000001,103.09586334228516,0.0,,,0,2.1560745239257812,7.0,9.600000000000001
18,1,0.0,3.7,2.1,0.8917910180963525,8.3,7.800000000000001,103.59586334228516,0.0,,,0,2.1605427265167236,7.0,9.600000000000001
18,1,0.0,3.7,2.1,0.8917910180963525,8.3,7.800000000000001,104.09586334228516,0.0,,,0,2.1651947498321533,7.0,9.600000000000001
18,1,0.0,3.7,2.1,0.8917910180963525,8.3,7.800000000000001,104.59586334228516,2.1773369312286377,3.1531529426574707,4.199999809265137,1,2.1700327396392822,7.0,9.600000000000001
18,1,0.0,3.7,2.1,0.8917910180963525,8.3,7.800000000000001,105.09586334228516,2.1823623180389404,3.1335391998291016,4.199999809265137,1,2.175058126449585,7.0,9.600000000000001
18,1,0.0,3.7,2.1,0.8917910180963525,8.3,7.800000000000001,105.59586334228516,0.0,,,0,2.1802732944488525,7.0,9.600000000000001
18,1,0.0,3.7,2.1,0.8917910180963525,8.3,7.800000000000001,106.09586334228516,2.1929845809936523,3.0940303802490234,4.199999809265137,1,2.185680389404297,7.0,9.600000000000001
18,1,0.0,3.7,2.1,0.8917910180963525,8.3,7.800000000000001,106.59586334228516,0.0,,,0,2.191281795501709,7.0,9.600000000000001
18,1,0.0,3.7,2.1,0.8917910180963525,8.3,7.800000000000001,107.09586334228516,2.2043838500976562,3.054121732711792,4.199999809265137,1,2.197079658508301,7.0,9.600000000000001
18,1,0.0,3.7,2.1,0.8917910180963525,8.3,7.800000000000001,107.59586334228516,2.2103805541992188,3.0340077877044678,4.199999809265137,1,2.2030763626098633,7.0,9.600000000000001
18,1,0.0,3.7,2.1,0.8917910180963525,8.3,7.800000000000001,108.09586334228516,0.0,,,0,2.2092747688293457,7.0,9.600000000000001
18,1,0.0,3.7,2.1,0.8917910180963525,8.3,7.800000000000001,108.59586334228516,2.2229814529418945,2.993440866470337,4.199999809265137,1,2.215677261352539,7.0,9.600000000000001
18,1,0.0,3.7,2.1,0.8917910180963525,8.3,7.800000000000001,109.09586334228516,2.229590892791748,2.972979784011841,4.199999809265137,1,2.2222867012023926,7.0,9.600000000000001
18,1,0.0,3.7,2.1,0.8917910180963525,8.3,7.800000000000001,109.59586334228516,2.23641037940979,2.952394485473633,4.199999809265137,1,2.2291061878204346,7.0,9.600000000000001
18,1,0.0,3.7,2.1,0.8917910180963525,8.3,7.800000000000001,110.09586334228516,0.0,,,0,2.236138105392456,7.0,9.600000000000001
18,1,0.0,3.7,2.1,0.8917910180963525,8.3,7.800000000000001,110.59586334228516,2.250690221786499,2.910835027694702,4.199999809265137,1,2.2433860301971436,7.0,9.600000000000001
18,1,0.0,3.7,2.1,0.8917910180963525,8.3,7.800000000000001,111.09586334228516,2.25815749168396,2.8898518085479736,4.199999809265137,1,2.2508533000946045,7.0,9.600000000000001
18,1,0.0,3.7,2.1,0.8917910180963525,8.3,7.800000000000001,111.59586334228516,0.0,,,0,2.258542776107788,7.0,9.600000000000001
18,1,0.0,3.7,2.1,0.8917910180963525,8.3,7.800000000000001,112.09586334228516,2.2737624645233154,2.8474550247192383,4.199999809265137,1,2.26645827293396,7.0,9.600000000000001
18,1,0.0,3.7,2.1,0.8917910180963525,8.3,7.800000000000001,112.59586334228516,2.281907320022583,2.8260324001312256,4.199999809265137,1,2.2746031284332275,7.0,9.600000000000001
18,1,0.0,3.7,2.1,0.8917910180963525,8.3,7.800000000000001,113.09586334228516,0.0,,,0,2.2829813957214355,7.0,9.600000000000001
18,1,0.0,3.7,2.1,0.8917910180963525,8.3,7.800000000000001,113.59586334228516,2.298900842666626,2.7827131748199463,4.199999809265137,1,2.2915966510772705,7.0,9.600000000000001
18,1,0.0,3.7,2.1,0.8917910180963525,8.3,7.800000000000001,114.09586334228516,0.0,,,0,2.300452947616577,7.0,9.600000000000001
18,1,0.0,3.7,2.1,0.8917910180963525,8.3,7.800000000000001,114.59586334228516,2.316859006881714,2.7387285232543945,4.199999809265137,1,2.3095548152923584,7.0,9.600000000000001
18,1,0.0,3.7,2.1,0.8917910180963525,8.3,7.800000000000001,115.09586334228516,2.3262102603912354,2.71647310256958,4.199999809265137,1,2.31890606880188,7.0,9.600000000000001
18,1,0.0,3.7,2.1,0.8917910180963525,8.3,7.800000000000001,115.59586334228516,2.335815668106079,2.694035053253174,4.199999809265137,1,2.3285114765167236,7.0,9.600000000000001
18,1,0.0,3.7,2.1,0.8917910180963525,8.3,7.800000000000001,116.09586334228516,0.0,,,0,2.3383755683898926,7.0,9.600000000000001
18,1,0.0,3.7,2.1,0.8917910180963525,8.3,7.800000000000001,116.59586334228516,2.355807304382324,2.648587942123413,4.199999809265137,1,2.3485031127929688,7.0,9.600000000000001
18,1,0.0,3.7,2.1,0.8917910180963525,8.3,7.800000000000001,117.09586334228516,2.366203546524048,2.6255671977996826,4.199999809265137,1,2.3588993549346924,7.0,9.600000000000001
18,1,0.0,3.7,2.1,0.8917910180963525,8.3,7.800000000000001,117.59586334228516,2.37687349319458,2.602339744567871,4.199999809265137,1,2.3695693016052246,7.0,9.600000000000001
18,1,0.0,3.7,2.1,0.8917910180963525,8.3,7.800000000000001,118.09586334228516,0.0,,,0,2.3805181980133057,7.0,9.600000000000001
18,1,0.0,3.7,2.1,0.8917910180963525,8.3,7.800000000000001,118.59586334228516,2.3990559577941895,2.555239677429199,4.199999809265137,1,2.391751766204834,7.0,9.600000000000001
18,1,0.0,3.7,2.1,0.8917910180963525,8.3,7.800000000000001,119.09586334228516,2.4105799198150635,2.531353712081909,4.199999809265137,1,2.403275728225708,7.0,9.600000000000001
18,1,0.0,3.7,2.1,0.8917910180963525,8.3,7.800000000000001,119.59586334228516,0.0,,,0,2.4150960445404053,7.0,9.600000000000001
18,1,0.0,3.7,2.1,0.8917910180963525,8.3,7.800000000000001,120.09586334228516,0.0,,,0,2.4272191524505615,7.0,9.600000000000001
18,1,0.0,3.7,2.1,0.8917910180963525,8.3,7.800000000000001,120.59586334228516,2.446955442428589,2.458268165588379,4.199999809265137,1,2.4396512508392334,7.0,9.600000000000001
18,1,0.0,3.7,2.1,0.8917910180963525,8.3,7.800000000000001,121.09586334228516,0.0,,,0,2.4523990154266357,7.0,9.600000000000001
18,1,0.0,3.7,2.1,0.8917910180963525,8.3,7.800000000000001,121.59586334228516,2.472773551940918,2.408280372619629,4.199999809265137,1,2.4654693603515625,7.0,9.600000000000001
18,1,0.0,3.7,2.1,0.8917910180963525,8.3,7.800000000000001,122.09586334228516,2.4861738681793213,2.3828837871551514,4.199999809265137,1,2.478869676589966,7.0,9.600000000000001
18,1,0.0,3.7,2.1,0.8917910180963525,8.3,7.800000000000001,122.59586334228516,2.4999115467071533,2.357207775115967,4.199999809265137,1,2.492607355117798,7.0,9.600000000000001
18,1,0.0,3.7,2.1,0.8917910180963525,8.3,7.800000000000001,123.09586334228516,2.5139942169189453,2.3312432765960693,4.199999809265137,1,2.50669002532959,7.0,9.600000000000001
18,1,0.0,3.7,2.1,0.8917910180963525,8.3,7.800000000000001,123.59586334228516,2.5284299850463867,2.3049819469451904,4.199999809265137,1,2.5211257934570312,7.0,9.600000000000001
18,1,0.0,3.7,2.1,0.8917910180963525,8.3,7.800000000000001,124.09586334228516,2.543227195739746,2.278414249420166,4.199999809265137,1,2.5359230041503906,7.0,9.600000000000001
18,1,0.0,3.7,2.1,0.8917910180963525,8.3,7.800000000000001,124.59586334228516,2.55839467048645,2.251530885696411,4.199999809265137,1,2.5510904788970947,7.0,9.600000000000001
18,1,0.0,3.7,2.1,0.8917910180963525,8.3,7.800000000000001,125.09586334228516,2.573941230773926,2.2243218421936035,4.199999809265137,1,2.5666370391845703,7.0,9.600000000000001
18,1,0.0,3.7,2.1,0.8917910180963525,8.3,7.800000000000001,125.59586334228516,2.589876413345337,2.196777105331421,4.199999809265137,1,2.5825722217559814,7.0,9.600000000000001
18,1,0.0,3.7,2.1,0.8917910180963525,8.3,7.800000000000001,126.09586334228516,2.6062097549438477,2.1688859462738037,4.199999809265137,1,2.598905563354492,7.0,9.600000000000001
18,1,0.0,3.7,2.1,0.8917910180963525,8.3,7.800000000000001,126.59586334228516,0.0,,,0,2.615647315979004,7.0,9.600000000000001
18,1,0.0,3.7,2.1,0.8917910180963525,8.3,7.800000000000001,127.09586334228516,2.6401121616363525,2.112020969390869,4.199999809265137,1,2.632807970046997,7.0,9.600000000000001
18,1,0.0,3.7,2.1,0.8917910180963525,8.3,7.800000000000001,127.59586334228516,2.657702684402466,2.083024024963379,4.199999809265137,1,2.6503984928131104,7.0,9.600000000000001
18,1,0.0,3.7,2.1,0.8917910180963525,8.3,7.800000000000001,128.09585571289062,2.675734281539917,2.0536346435546875,4.199999809265137,1,2.6684300899505615,7.0,9.600000000000001
18,1,0.0,3.7,2.1,0.8917910180963525,8.3,7.800000000000001,128.59585571289062,2.6942191123962402,2.0238404273986816,4.199999809265137,1,2.6869149208068848,7.0,9.600000000000001
18,1,0.0,3.7,2.1,0.8917910180963525,8.3,7.800000000000001,129.09585571289062,0.0,,,0,2.705864906311035,7.0,9.600000000000001
18,1,0.0,3.7,2.1,0.8917910180963525,8.3,7.800000000000001,129.59585571289062,2.7325973510742188,1.9629844427108765,4.199999809265137,1,2.7252931594848633,7.0,9.600000000000001
18,1,0.0,3.7,2.1,0.8917910180963525,8.3,7.800000000000001,130.09585571289062,2.7525172233581543,1.9318950176239014,4.199999809265137,1,2.745213031768799,7.0,9.600000000000001
18,1,0.0,3.7,2.1,0.8917910180963525,8.3,7.800000000000001,130.59585571289062,2.7729427814483643,1.9003454446792603,4.199999809265137,1,2.765638589859009,7.0,9.600000000000001
18,1,0.0,3.7,2.1,0.8917910180963525,8.3,7.800000000000001,131.09585571289062,2.7938880920410156,1.868320345878601,4.199999809265137,1,2.78658390045166,7.0,9.600000000000001
18,1,0.0,3.7,2.1,0.8917910180963525,8.3,7.800000000000001,131.59585571289062,2.815368890762329,1.8358039855957031,4.199999809265137,1,2.8080646991729736,7.0,9.600000000000001
18,1,0.0,3.7,2.1,0.8917910180963525,8.3,7.800000000000001,132.09585571289062,0.0,,,0,2.8300962448120117,7.0,9.600000000000001
18,1,0.0,3.7,2.1,0.8917910180963525,8.3,7.800000000000001,132.59585571289062,2.859999179840088,1.7692309617996216,4.199999809265137,1,2.8526949882507324,7.0,9.600000000000001
18,1,0.0,3.7,2.1,0.8917910180963525,8.3,7.800000000000001,133.09585571289062,0.0,,,0,2.8758785724639893,7.0,9.600000000000001
18,1,0.0,3.7,2.1,0.8917910180963525,8.3,7.800000000000001,133.59585571289062,2.906968832015991,1.700486183166504,4.199999809265137,1,2.8996646404266357,7.0,9.600000000000001
18,1,0.0,3.7,2.1,0.8917910180963525,8.3,7.800000000000001,134.09585571289062,2.9313762187957764,1.6652525663375854,4.199999809265137,1,2.924072027206421,7.0,9.600000000000001
18,1,0.0,3.7,2.1,0.8917910180963525,8.3,7.800000000000001,134.59585571289062,0.0,,,0,2.949120283126831,7.0,9.600000000000001
18,1,0.0,3.7,2.1,0.8917910180963525,8.3,7.800000000000001,135.09585571289062,0.0,,,0,2.974829912185669,7.0,9.600000000000001
18,1,0.0,3.7,2.1,0.8917910180963525,8.3,7.800000000000001,135.59585571289062,3.00852632522583,1.5558604001998901,4.199999809265137,1,3.0012221336364746,7.0,9.600000000000001
18,1,0.0,3.7,2.1,0.8917910180963525,8.3,7.800000000000001,136.09585571289062,3.035623788833618,1.5180925130844116,4.199999809265137,1,3.0283195972442627,7.0,9.600000000000001
18,1,0.0,3.7,2.1,0.8917910180963525,8.3,7.800000000000001,136.59585571289062,3.0634500980377197,1.4796335697174072,4.199999809265137,1,3.0561459064483643,7.0,9.600000000000001
18,1,0.0,3.7,2.1,0.8917910180963525,8.3,7.800000000000001,137.09585571289062,0.0,,,0,3.0847251415252686,7.0,9.600000000000001
18,1,0.0,3.7,2.1,0.8917910180963525,8.3,7.800000000000001,137.59585571289062,3.1213877201080322,1.4005401134490967,4.199999809265137,1,3.1140835285186768,7.0,9.600000000000001
18,1,0.0,3.7,2.1,0.8917910180963525,8.3,7.800000000000001,138.09585571289062,3.1515519618988037,1.3598518371582031,4.199999809265137,1,3.1442477703094482,7.0,9.600000000000001
18,1,0.0,3.7,2.1,0.8917910180963525,8.3,7.800000000000001,138.59585571289062,3.1825504302978516,1.3183643817901611,4.199999809265137,1,3.175246238708496,7.0,9.600000000000001
18,1,0.0,3.7,2.1,0.8917910180963525,8.3,7.800000000000001,139.09585571289062,0.0,,,0,3.207108736038208,7.0,9.600000000000001
18,1,0.0,3.7,2.1,0.8917910180963525,8.3,7.800000000000001,139.59585571289062,3.2471704483032227,1.2328693866729736,4.199999809265137,1,3.239866256713867,7.0,9.600000000000001
18,1,0.0,3.7,2.1,0.8917910180963525,8.3,7.800000000000001,140.09585571289062,3.280856132507324,1.1887967586517334,4.199999809265137,1,3.2735519409179688,7.0,9.600000000000001
18,1,0.0,3.7,2.1,0.8917910180963525,8.3,7.800000000000001,140.59585571289062,3.3155040740966797,1.1437946557998657,4.199999809265137,1,3.308199882507324,7.0,9.600000000000001
18,1,0.0,3.7,2.1,0.8917910180963525,8.3,7.800000000000001,141.09585571289062,3.3511507511138916,1.0978261232376099,4.199999809265137,1,3.343846559524536,7.0,9.600000000000001
18,1,0.0,3.7,2.1,0.8917910180963525,8.3,7.800000000000001,141.59585571289062,3.387834072113037,1.0508525371551514,4.199999809265137,1,3.3805298805236816,7.0,9.600000000000001
18,1,0.0,3.7,2.1,0.8917910180963525,8.3,7.800000000000001,142.09585571289062,3.4255945682525635,1.0028331279754639,4.199999809265137,1,3.418290376663208,7.0,9.600000000000001
18,1,0.0,3.7,2.1,0.8917910180963525,8.3,7.800000000000001,142.59585571289062,3.4644744396209717,0.9537251591682434,4.199999809265137,1,3.457170248031616,7.0,9.600000000000001
18,1,0.0,3.7,2.1,0.8917910180963525,8.3,7.800000000000001,143.09585571289062,0.0,,,0,3.4972140789031982,7.0,9.600000000000001
18,1,0.0,3.7,2.1,0.8917910180963525,8.3,7.800000000000001,143.59585571289062,3.5457730293273926,0.8520599603652954,4.199999809265137,1,3.538468837738037,7.0,9.600000000000001
18,1,0.0,3.7,2.1,0.8917910180963525,8.3,7.800000000000001,144.09585571289062,3.5882890224456787,0.7994048595428467,4.199999809265137,1,3.5809848308563232,7.0,9.600000000000001
18,1,0.0,3.7,2.1,0.8917910180963525,8.3,7.800000000000001,144.59585571289062,3.6321182250976562,0.7454649209976196,4.199999809265137,1,3.624814033508301,7.0,9.600000000000001
18,1,0.0,3.7,2.1,0.8917910180963525,8.3,7.800000000000001,145.09585571289062,3.677316904067993,0.6901839375495911,4.199999809265137,1,3.6700127124786377,7.0,9.600000000000001
18,1,0.0,3.7,2.1,0.8917910180963525,8.3,7.800000000000001,145.59585571289062,3.7239434719085693,0.6335025429725647,4.199999809265137,1,3.716639280319214,7.0,9.600000000000001
18,1,0.0,3.7,2.1,0.8917910180963525,8.3,7.800000000000001,146.09585571289062,3.7720603942871094,0.5753578543663025,4.199999809265137,1,3.764756202697754,7.0,9.600000000000001
18,1,0.0,3.7,2.1,0.8917910180963525,8.3,7.800000000000001,146.59585571289062,3.8217337131500244,0.5156833529472351,4.199999809265137,1,3.814429521560669,7.0,9.600000000000001
18,1,0.0,3.7,2.1,0.8917910180963525,8.3,7.800000000000001,147.09585571289062,0.0,,,0,3.865729570388794,7.0,9.600000000000001
18,1,0.0,3.7,2.1,0.8917910180963525,8.3,7.800000000000001,147.59585571289062,0.0,,,0,3.9187309741973877,7.0,9.600000000000001
18,1,0.0,3.7,2.1,0.8917910180963525,8.3,7.800000000000001,148.09585571289062,3.9808168411254883,0.32675203680992126,4.199999809265137,1,3.973512649536133,7.0,9.600000000000001
18,1,0.0,3.7,2.1,0.8917910180963525,8.3,7.800000000000001,148.59585571289062,4.037463188171387,0.2602064311504364,4.199999809265137,1,4.030158996582031,7.0,9.600000000000001
18,1,0.0,3.7,2.1,0.8917910180963525,8.3,7.800000000000001,149.09585571289062,4.096063613891602,0.19173076748847961,4.199999809265137,1,4.088759422302246,7.0,9.600000000000001
18,1,0.0,3.7,2.1,0.8917910180963525,8.3,7.800000000000001,149.59585571289062,4.082100868225098,0.1855810135602951,4.162238597869873,1,4.074796676635742,7.0,9.600000000000001
18,1,0.0,3.7,2.1,0.8917910180963525,8.3,7.800000000000001,150.09585571289062,4.061495304107666,0.1855810135602951,4.121218204498291,1,4.0541911125183105,7.0,9.600000000000001
18,1,0.0,3.7,2.1,0.8917910180963525,8.3,7.800000000000001,150.59585571289062,4.041402339935303,0.1855810135602951,4.080607891082764,1,4.034098148345947,7.0,9.600000000000001
18,1,0.0,3.7,2.1,0.8917910180963525,8.3,7.800000000000001,151.09585571289062,4.0218119621276855,0.1855810135602951,4.0403947830200195,1,4.01450777053833,7.0,9.600000000000001
18,1,0.0,3.7,2.1,0.8917910180963525,8.3,7.800000000000001,151.59585571289062,4.002713680267334,0.1855810135602951,4.000567436218262,1,3.9954094886779785,7.0,9.600000000000001
18,1,0.0,3.7,2.1,0.8917910180963525,8.3,7.800000000000001,152.09585571289062,3.984097719192505,0.1855810135602951,3.9611141681671143,1,3.9767935276031494,7.0,9.600000000000001
18,1,0.0,3.7,2.1,0.8917910180963525,8.3,7.800000000000001,152.59585571289062,0.0,,,0,3.9586503505706787,7.0,9.600000000000001
18,1,0.0,3.7,2.1,0.8917910180963525,8.3,7.800000000000001,153.09585571289062,3.948274612426758,0.1855810135602951,3.8832857608795166,1,3.9409704208374023,7.0,9.600000000000001
18,1,0.0,3.7,2.1,0.8917910180963525,8.3,7.800000000000001,153.59585571289062,0.0,,,0,3.923745632171631,7.0,9.600000000000001
18,1,0.0,3.7,2.1,0.8917910180963525,8.3,7.800000000000001,154.09585571289062,3.9142708778381348,0.1855810135602951,3.806823968887329,1,3.9069666862487793,7.0,9.600000000000001
18,1,0.0,3.7,2.1,0.8917910180963525,8.3,7.800000000000001,154.59585571289062,3.8979299068450928,0.1855810135602951,3.7690799236297607,1,3.8906257152557373,7.0,9.600000000000001
18,1,0.0,3.7,2.1,0.8917910180963525,8.3,7.800000000000001,155.09585571289062,3.88201904296875,0.1855810135602951,3.731647491455078,1,3.8747148513793945,7.0,9.600000000000001
18,1,0.0,3.7,2.1,0.8917910180963525,8.3,7.800000000000001,155.59585571289062,3.866530179977417,0.1855810135602951,3.694517135620117,1,3.8592259883880615,7.0,9.600000000000001
18,1,0.0,3.7,2.1,0.8917910180963525,8.3,7.800000000000001,156.09585571289062,3.851456642150879,0.1855810135602951,3.657679796218872,1,3.8441524505615234,7.0,9.600000000000001
18,1,0.0,3.7,2.1,0.8917910180963525,8.3,7.800000000000001,156.59585571289062,3.8367905616760254,0.1855810135602951,3.621126174926758,1,3.82948637008667,7.0,9.600000000000001
18,1,0.0,3.7,2.1,0.8917910180963525,8.3,7.800000000000001,157.09585571289062,3.8225255012512207,0.1855810135602951,3.584847927093506,1,3.8152213096618652,7.0,9.600000000000001
18,1,0.0,3.7,2.1,0.8917910180963525,8.3,7.800000000000001,157.59585571289062,3.80865478515625,0.1855810135602951,3.5488359928131104,1,3.8013505935668945,7.0,9.600000000000001
18,1,0.0,3.7,2.1,0.8917910180963525,8.3,7.800000000000001,158.09585571289062,0.0,,,0,3.787867784500122,7.0,9.600000000000001
18,1,0.0,3.7,2.1,0.8917910180963525,8.3,7.800000000000001,158.59585571289062,3.7820708751678467,0.1855810135602951,3.477578639984131,1,3.774766683578491,7.0,9.600000000000001
18,1,0.0,3.7,2.1,0.8917910180963525,8.3,7.800000000000001,159.09585571289062,3.76934552192688,0.1855810135602951,3.442317008972168,1,3.7620413303375244,7.0,9.600000000000001
18,1,0.0,3.7,2.1,0.8917910180963525,8.3,7.800000000000001,159.59585571289062,3.756990432739258,0.1855810135602951,3.407289743423462,1,3.7496862411499023,7.0,9.600000000000001
18,1,0.0,3.7,2.1,0.8917910180963525,8.3,7.800000000000001,160.09585571289062,0.0,,,0,3.7376956939697266,7.0,9.600000000000001
18,1,0.0,3.7,2.1,0.8917910180963525,8.3,7.800000000000001,160.59585571289062,3.7333686351776123,0.1855810135602951,3.337907552719116,1,3.726064443588257,7.0,9.600000000000001
18,1,0.0,3.7,2.1,0.8917910180963525,8.3,7.800000000000001,161.09585571289062,3.7220914363861084,0.1855810135602951,3.3035380840301514,1,3.714787244796753,7.0,9.600000000000001
18,1,0.0,3.7,2.1,0.8917910180963525,8.3,7.800000000000001,161.59585571289062,0.0,,,0,3.703859567642212,7.0,9.600000000000001
18,1,0.0,3.7,2.1,0.8917910180963525,8.3,7.800000000000001,162.09585571289062,3.700580358505249,0.1855810135602951,3.2354066371917725,1,3.6932761669158936,7.0,9.600000000000001
18,1,0.0,3.7,2.1,0.8917910180963525,8.3,7.800000000000001,162.59585571289062,3.6903371810913086,0.1855810135602951,3.2016308307647705,1,3.683032989501953,7.0,9.600000000000001
18,1,0.0,3.7,2.1,0.8917910180963525,8.3,7.800000000000001,163.09585571289062,3.680429458618164,0.1855810135602951,3.168039321899414,1,3.6731252670288086,7.0,9.600000000000001
18,1,0.0,3.7,2.1,0.8917910180963525,8.3,7.800000000000001,163.59585571289062,3.6708531379699707,0.1855810135602951,3.1346256732940674,1,3.6635489463806152,7.0,9.600000000000001
18,1,0.0,3.7,2.1,0.8917910180963525,8.3,7.800000000000001,164.09585571289062,3.661604166030884,0.1855810135602951,3.1013829708099365,1,3.6542999744415283,7.0,9.600000000000001
18,1,0.0,3.7,2.1,0.8917910180963525,8.3,7.800000000000001,164.59585571289062,3.6526787281036377,0.1855810135602951,3.068305492401123,1,3.6453745365142822,7.0,9.600000000000001
18,1,0.0,3.7,2.1,0.8917910180963525,8.3,7.800000000000001,165.09585571289062,3.644073247909546,0.1855810135602951,3.035386323928833,1,3.6367690563201904,7.0,9.600000000000001
18,1,0.0,3.7,2.1,0.8917910180963525,8.3,7.800000000000001,165.59585571289062,3.6357836723327637,0.1855810135602951,3.002619981765747,1,3.628479480743408,7.0,9.600000000000001
18,1,0.0,3.7,2.1,0.8917910180963525,8.3,7.800000000000001,166.09585571289062,0.0,,,0,3.6205029487609863,7.0,9.600000000000001
18,1,0.0,3.7,2.1,0.8917910180963525,8.3,7.800000000000001,166.59585571289062,3.6201398372650146,0.1855810135602951,2.937520980834961,1,3.612835645675659,7.0,9.600000000000001
18,1,0.0,3.7,2.1,0.8917910180963525,8.3,7.800000000000001,167.09585571289062,3.612779140472412,0.1855810135602951,2.9051766395568848,1,3.6054749488830566,7.0,9.600000000000001
18,1,0.0,3.7,2.1,0.8917910180963525,8.3,7.800000000000001,167.59585571289062,3.605721950531006,0.1855810135602951,2.8729612827301025,1,3.5984177589416504,7.0,9.600000000000001
18,1,0.0,3.7,2.1,0.8917910180963525,8.3,7.800000000000001,168.09585571289062,3.5989651679992676,0.1855810135602951,2.840869426727295,1,3.591660976409912,7.0,9.600000000000001
18,1,0.0,3.7,2.1,0.8917910180963525,8.3,7.800000000000001,168.59585571289062,3.592506170272827,0.1855810135602951,2.8088953495025635,1,3.5852019786834717,7.0,9.600000000000001
18,1,0.0,3.7,2.1,0.8917910180963525,8.3,7.800000000000001,169.09585571289062,3.5863425731658936,0.1855810135602951,2.777033805847168,1,3.579038381576538,7.0,9.600000000000001
18,1,0.0,3.7,2.1,0.8917910180963525,8.3,7.800000000000001,169.59585571289062,3.5804717540740967,0.1855810135602951,2.74527907371521,1,3.573167562484741,7.0,9.600000000000001
18,1,0.0,3.7,2.1,0.8917910180963525,8.3,7.800000000000001,170.09585571289062,3.5748913288116455,0.1855810135602951,2.713625907897949,1,3.56758713722229,7.0,9.600000000000001
18,1,0.0,3.7,2.1,0.8917910180963525,8.3,7.800000000000001,170.59585571289062,3.569599151611328,0.1855810135602951,2.6820690631866455,1,3.5622949600219727,7.0,9.600000000000001
18,1,0.0,3.7,2.1,0.8917910180963525,8.3,7.800000000000001,171.09585571289062,0.0,,,0,3.557288885116577,7.0,9.600000000000001
18,1,0.0,3.7,2.1,0.8917910180963525,8.3,7.800000000000001,171.59585571289062,3.5598714351654053,0.1855810135602951,2.6192235946655273,1,3.55256724357605,7.0,9.600000000000001
18,1,0.0,3.7,2.1,0.8917910180963525,8.3,7.800000000000001,172.09585571289062,3.555432081222534,0.1855810135602951,2.5879247188568115,1,3.5481278896331787,7.0,9.600000000000001
18,1,0.0,3.7,2.1,0.8917910180963525,8.3,7.800000000000001,172.59585571289062,0.0,,,0,3.54396915435791,7.0,9.600000000000001
18,1,0.0,3.7,2.1,0.8917910180963525,8.3,7.800000000000001,173.09585571289062,3.547393560409546,0.1855810135602951,2.5255489349365234,1,3.5400893688201904,7.0,9.600000000000001
18,1,0.0,3.7,2.1,0.8917910180963525,8.3,7.800000000000001,173.59585571289062,0.0,,,0,3.536487102508545,7.0,9.600000000000001
18,1,0.0,3.7,2.1,0.8917910180963525,8.3,7.800000000000001,174.09585571289062,3.5404651165008545,0.1855810135602951,2.4634363651275635,1,3.533160924911499,7.0,9.600000000000001
18,1,0.0,3.7,2.1,0.8917910180963525,8.3,7.800000000000001,174.59585571289062,3.5374138355255127,0.1855810135602951,2.432466506958008,1,3.5301096439361572,7.0,9.600000000000001
18,1,0.0,3.7,2.1,0.8917910180963525,8.3,7.800000000000001,175.09585571289062,0.0,,,0,3.527332067489624,7.0,9.600000000000001
18,1,0.0,3.7,2.1,0.8917910180963525,8.3,7.800000000000001,175.59585571289062,0.0,,,0,3.524827003479004,7.0,9.600000000000001
18,1,0.0,3.7,2.1,0.8917910180963525,8.3,7.800000000000001,176.09585571289062,3.529897928237915,0.1855810135602951,2.339843988418579,1,3.5225937366485596,7.0,9.600000000000001
18,1,0.0,3.7,2.1,0.8917910180963525,8.3,7.800000000000001,176.59585571289062,0.0,,,0,3.5206310749053955,7.0,9.600000000000001
18,1,0.0,3.7,2.1,0.8917910180963525,8.3,7.800000000000001,177.09585571289062,3.52624249458313,0.1855810135602951,2.278287172317505,1,3.5189383029937744,7.0,9.600000000000001
18,1,0.0,3.7,2.1,0.8917910180963525,8.3,7.800000000000001,177.59585571289062,3.5248193740844727,0.1855810135602951,2.2475521564483643,1,3.517515182495117,7.0,9.600000000000001
18,1,0.0,3.7,2.1,0.8917910180963525,8.3,7.800000000000001,178.09585571289062,3.523664951324463,0.1855810135602951,2.21683931350708,1,3.5163607597351074,7.0,9.600000000000001
18,1,0.0,3.7,2.1,0.8917910180963525,8.3,7.800000000000001,178.59585571289062,3.5227787494659424,0.1855810135602951,2.1861445903778076,1,3.515474557876587,7.0,9.600000000000001
18,1,0.0,3.7,2.1,0.8917910180963525,8.3,7.800000000000001,179.09585571289062,0.0,,,0,3.5148565769195557,7.0,9.600000000000001
18,1,0.0,3.7,2.1,0.8917910180963525,8.3,7.800000000000001,179.59585571289062,3.521810531616211,0.1855810135602951,2.1247894763946533,1,3.5145063400268555,7.0,9.600000000000001
18,1,0.0,3.7,2.1,0.8917910180963525,8.3,7.800000000000001,180.09585571289062,3.521728038787842,0.1855810135602951,2.0941200256347656,1,3.5144238471984863,7.0,9.600000000000001
18,1,0.0,3.7,2.1,0.8917910180963525,8.3,7.800000000000001,180.59585571289062,3.5219132900238037,0.1855810135602951,2.0634496212005615,1,3.5146090984344482,7.0,9.600000000000001
18,1,0.0,3.7,2.1,0.8917910180963525,8.3,7.800000000000001,181.09585571289062,3.5223660469055176,0.1855810135602951,2.032773733139038,1,3.515061855316162,7.0,9.600000000000001
18,1,0.0,3.7,2.1,0.8917910180963525,8.3,7.800000000000001,181.59585571289062,3.5230867862701416,0.1855810135602951,2.002087354660034,1,3.515782594680786,7.0,9.600000000000001
18,1,0.0,3.7,2.1,0.8917910180963525,8.3,7.800000000000001,182.09585571289062,3.524075746536255,0.1855810135602951,1.9713863134384155,1,3.5167715549468994,7.0,9.600000000000001
18,1,0.0,3.7,2.1,0.8917910180963525,8.3,7.800000000000001,182.59585571289062,3.5253331661224365,0.1855810135602951,1.9406654834747314,1,3.518028974533081,7.0,9.600000000000001
18,1,0.0,3.7,2.1,0.8917910180963525,8.3,7.800000000000001,183.09585571289062,3.526859760284424,0.1855810135602951,1.9099204540252686,1,3.5195555686950684,7.0,9.600000000000001
18,1,0.0,3.7,2.1,0.8917910180963525,8.3,7.800000000000001,183.59585571289062,3.528655767440796,0.1855810135602951,1.8791463375091553,1,3.5213515758514404,7.0,9.600000000000001
18,1,0.0,3.7,2.1,0.8917910180963525,8.3,7.800000000000001,184.09585571289062,0.0,,,0,3.5234179496765137,7.0,9.600000000000001
18,1,0.0,3.7,2.1,0.8917910180963525,8.3,7.800000000000001,184.59585571289062,0.0,,,0,3.5257554054260254,7.0,9.600000000000001
18,1,0.0,3.7,2.1,0.8917910180963525,8.3,7.800000000000001,185.09585571289062,6.332304000854492,-2.5999999046325684,1.5381985902786255,1,6.324999809265137,7.0,9.600000000000001
18,1,0.0,3.7,2.1,0.8917910180963525,8.3,7.800000000000001,185.59585571289062,6.337471008300781,-2.5999999046325684,1.482738971710205,1,6.330166816711426,7.0,9.600000000000001
18,1,0.0,3.7,2.1,0.8917910180963525,8.3,7.800000000000001,186.09585571289062,6.3431291580200195,-2.5999999046325684,1.4271844625473022,1,6.335824966430664,7.0,9.600000000000001
18,1,0.0,3.7,2.1,0.8917910180963525,8.3,7.800000000000001,186.59585571289062,0.0,,,0,6.341977119445801,7.0,9.600000000000001
18,1,0.0,3.7,2.1,0.8917910180963525,8.3,7.800000000000001,187.09585571289062,6.355929374694824,-2.5999999046325684,1.3157556056976318,1,6.348625183105469,7.0,9.600000000000001
18,1,0.0,3.7,2.1,0.8917910180963525,8.3,7.800000000000001,187.59585571289062,6.3630757331848145,-2.5999999046325684,1.2598636150360107,1,6.355771541595459,7.0,9.600000000000001
18,1,0.0,3.7,2.1,0.8917910180963525,8.3,7.800000000000001,188.09585571289062,0.0,,,0,6.363419055938721,7.0,9.600000000000001
18,1,0.0,3.7,2.1,0.8917910180963525,8.3,7.800000000000001,188.59585571289062,6.378874778747559,-2.5999999046325684,1.1476800441741943,1,6.371570587158203,7.0,9.600000000000001
18,1,0.0,3.7,2.1,0.8917910180963525,8.3,7.800000000000001,189.09585571289062,6.387534141540527,-2.5999999046325684,1.0913702249526978,1,6.380229949951172,7.0,9.600000000000001
18,1,0.0,3.7,2.1,0.8917910180963525,8.3,7.800000000000001,189.59585571289062,0.0,,,0,6.389400005340576,7.0,9.600000000000001
18,1,0.0,3.7,2.1,0.8917910180963525,8.3,7.800000000000001,190.09585571289062,6.406388759613037,-2.5999999046325684,0.978268563747406,1,6.399084568023682,7.0,9.600000000000001
18,1,0.0,3.7,2.1,0.8917910180963525,8.3,7.800000000000001,190.59585571289062,6.416591167449951,-2.5999999046325684,0.9214580059051514,1,6.409286975860596,7.0,9.600000000000001
18,1,0.0,3.7,2.1,0.8917910180963525,8.3,7.800000000000001,191.09585571289062,6.427316188812256,-2.5999999046325684,0.8644617199897766,1,6.4200119972229,7.0,9.600000000000001
18,1,0.0,3.7,2.1,0.8917910180963525,8.3,7.800000000000001,191.59585571289062,6.438567638397217,-2.5999999046325684,0.8072699308395386,1,6.431263446807861,7.0,9.600000000000001
18,1,0.0,3.7,2.1,0.8917910180963525,8.3,7.800000000000001,192.09585571289062,6.450350284576416,-2.5999999046325684,0.7498729825019836,1,6.4430460929870605,7.0,9.600000000000001
18,1,0.0,3.7,2.1,0.8917910180963525,8.3,7.800000000000001,192.59585571289062,6.462668418884277,-2.5999999046325684,0.6922609210014343,1,6.455364227294922,7.0,9.600000000000001
18,1,0.0,3.7,2.1,0.8917910180963525,8.3,7.800000000000001,193.09585571289062,6.475527763366699,-2.5999999046325684,0.6344237327575684,1,6.468223571777344,7.0,9.600000000000001
18,1,0.0,3.7,2.1,0.8917910180963525,8.3,7.800000000000001,193.59585571289062,6.4889326095581055,-2.5999999046325684,0.5763512849807739,1,6.48162841796875,7.0,9.600000000000001
18,1,0.0,3.7,2.1,0.8917910180963525,8.3,7.800000000000001,194.09585571289062,6.5028886795043945,-2.5999999046325684,0.5180331468582153,1,6.495584487915039,7.0,9.600000000000001
18,1,0.0,3.7,2.1,0.8917910180963525,8.3,7.800000000000001,194.59585571289062,3.638925075531006,0.1855810135602951,1.1848335266113281,1,3.6316208839416504,7.0,9.600000000000001
18,1,0.0,3.7,2.1,0.8917910180963525,8.3,7.800000000000001,195.09585571289062,3.6473352909088135,0.1855810135602951,1.1520092487335205,1,3.640031099319458,7.0,9.600000000000001
18,1,0.0,3.7,2.1,0.8917910180963525,8.3,7.800000000000001,195.59585571289062,3.6560633182525635,0.1855810135602951,1.119030237197876,1,3.648759126663208,7.0,9.600000000000001
18,1,0.0,3.7,2.1,0.8917910180963525,8.3,7.800000000000001,196.09585571289062,3.665112257003784,0.1855810135602951,1.0858900547027588,1,3.6578080654144287,7.0,9.600000000000001
18,1,0.0,3.7,2.1,0.8917910180963525,8.3,7.800000000000001,196.59585571289062,0.0,,,0,3.667181968688965,7.0,9.600000000000001
18,1,0.0,3.7,2.1,0.8917910180963525,8.3,7.800000000000001,197.09585571289062,0.0,,,0,3.676884889602661,7.0,9.600000000000001
18,1,0.0,3.7,2.1,0.8917910180963525,8.3,7.800000000000001,197.59585571289062,3.6942250728607178,0.1855810135602951,0.9854400157928467,1,3.6869208812713623,7.0,9.600000000000001
18,1,0.0,3.7,2.1,0.8917910180963525,8.3,7.800000000000001,198.09585571289062,3.7045981884002686,0.1855810135602951,0.9515917897224426,1,3.697293996810913,7.0,9.600000000000001
18,1,0.0,3.7,2.1,0.8917910180963525,8.3,7.800000000000001,198.59585571289062,3.715312957763672,0.1855810135602951,0.9175499081611633,1,3.7080087661743164,7.0,9.600000000000001
18,1,0.0,3.7,2.1,0.8917910180963525,8.3,7.800000000000001,199.09585571289062,3.7263741493225098,0.1855810135602951,0.8833075761795044,1,3.7190699577331543,7.0,9.600000000000001
18,1,0.0,3.7,2.1,0.8917910180963525,8.3,7.800000000000001,199.59585571289062,0.0,,,0,3.730482339859009,7.0,9.600000000000001
18,1,0.0,3.7,2.1,0.8917910180963525,8.3,7.800000000000001,200.09585571289062,3.7495548725128174,0.1855810135602951,0.8141931295394897,1,3.742250680923462,7.0,9.600000000000001
18,1,0.0,3.7,2.1,0.8917910180963525,8.3,7.800000000000001,200.59585571289062,0.0,,,0,3.754380464553833,7.0,9.600000000000001
18,1,0.0,3.7,2.1,0.8917910180963525,8.3,7.800000000000001,201.09585571289062,3.7741811275482178,0.1855810135602951,0.7441902160644531,1,3.7668769359588623,7.0,9.600000000000001
18,1,0.0,3.7,2.1,0.8917910180963525,8.3,7.800000000000001,201.59585571289062,3.7870497703552246,0.1855810135602951,0.7088367342948914,1,3.779745578765869,7.0,9.600000000000001
18,1,0.0,3.7,2.1,0.8917910180963525,8.3,7.800000000000001,202.09585571289062,3.8002965450286865,0.1855810135602951,0.6732380986213684,1,3.792992353439331,7.0,9.600000000000001
18,1,0.0,3.7,2.1,0.8917910180963525,8.3,7.800000000000001,202.59585571289062,3.813927173614502,0.1855810135602951,0.6373863816261292,1,3.8066229820251465,7.0,9.600000000000001
18,1,0.0,3.7,2.1,0.8917910180963525,8.3,7.800000000000001,203.09585571289062,0.0,,,0,3.8206443786621094,7.0,9.600000000000001
18,1,0.0,3.7,2.1,0.8917910180963525,8.3,7.800000000000001,203.59585571289062,3.8423664569854736,0.1855810135602951,0.5648903846740723,1,3.835062265396118,7.0,9.600000000000001
18,1,0.0,3.7,2.1,0.8917910180963525,8.3,7.800000000000001,204.09585571289062,3.8571879863739014,0.1855810135602951,0.5282290577888489,1,3.849883794784546,7.0,9.600000000000001
18,1,0.0,3.7,2.1,0.8917910180963525,8.3,7.800000000000001,204.59585571289062,3.872419834136963,0.1855810135602951,0.4912804067134857,1,3.8651156425476074,7.0,9.600000000000001
18,1,0.0,3.7,2.1,0.8917910180963525,8.3,7.800000000000001,205.09585571289062,3.8880696296691895,0.1855810135602951,0.45403537154197693,1,3.880765438079834,7.0,9.600000000000001
18,1,0.0,3.7,2.1,0.8917910180963525,8.3,7.800000000000001,205.59585571289062,3.904144525527954,0.1855810135602951,0.41648465394973755,1,3.8968403339385986,7.0,9.600000000000001
18,1,0.0,3.7,2.1,0.8917910180963525,8.3,7.800000000000001,206.09585571289062,3.920652389526367,0.1855810135602951,0.37861865758895874,1,3.9133481979370117,7.0,9.600000000000001
18,1,0.0,3.7,2.1,0.8917910180963525,8.3,7.800000000000001,206.59585571289062,3.937601327896118,0.1855810135602951,0.34042754769325256,1,3.9302971363067627,7.0,9.600000000000001
18,1,0.0,3.7,2.1,0.8917910180963525,8.3,7.800000000000001,207.09585571289062,3.9549996852874756,0.1855810135602951,0.301901251077652,1,3.94769549369812,7.0,9.600000000000001
18,1,0.0,3.7,2.1,0.8917910180963525,8.3,7.800000000000001,207.59585571289062,0.0,,,0,3.9655518531799316,7.0,9.600000000000001
18,1,0.0,3.7,2.1,0.8917910180963525,8.3,7.800000000000001,208.09585571289062,3.9911794662475586,0.1855810135602951,0.22380122542381287,1,3.983875274658203,7.0,9.600000000000001
18,1,0.0,3.7,2.1,0.8917910180963525,8.3,7.800000000000001,208.59585571289062,4.009979248046875,0.1855810135602951,0.18420585989952087,1,4.0026750564575195,7.0,9.600000000000001
18,1,0.0,3.7,2.1,0.8917910180963525,8.3,7.800000000000001,209.09585571289062,0.0,,,0,4.021960735321045,7.0,9.600000000000001
18,1,0.0,3.7,2.1,0.8917910180963525,8.3,7.800000000000001,209.59585571289062,4.049046993255615,0.1855810135602951,0.10386789590120316,1,4.04174280166626,7.0,9.600000000000001
18,1,0.0,3.7,2.1,0.8917910180963525,8.3,7.800000000000001,210.09585571289062,4.069334983825684,0.1855810135602951,0.06310170143842697,1,4.062030792236328,7.0,9.600000000000001
18,1,0.0,3.7,2.1,0.8917910180963525,8.3,7.800000000000001,210.59585571289062,4.0901408195495605,0.1855810135602951,0.02192101627588272,1,4.082836627960205,7.0,9.600000000000001
18,1,0.0,3.7,2.1,0.8917910180963525,8.3,7.800000000000001,211.09585571289062,4.111474514007568,0.1855810135602951,-0.019686872139573097,1,4.104170322418213,7.0,9.600000000000001
18,1,0.0,3.7,2.1,0.8917910180963525,8.3,7.800000000000001,211.59585571289062,4.13334846496582,0.1855810135602951,-0.061735086143016815,1,4.126044273376465,7.0,9.600000000000001
18,1,0.0,3.7,2.1,0.8917910180963525,8.3,7.800000000000001,212.09585571289062,4.155774116516113,0.1855810135602951,-0.1042371615767479,1,4.148469924926758,7.0,9.600000000000001
18,1,0.0,3.7,2.1,0.8917910180963525,8.3,7.800000000000001,212.59585571289062,4.178764343261719,0.1855810135602951,-0.14720706641674042,1,4.171460151672363,7.0,9.600000000000001
18,1,0.0,3.7,2.1,0.8917910180963525,8.3,7.800000000000001,213.09585571289062,4.202332019805908,0.1855810135602951,-0.19065921008586884,1,4.195027828216553,7.0,9.600000000000001
18,1,0.0,3.7,2.1,0.8917910180963525,8.3,7.800000000000001,213.59585571289062,4.2264909744262695,0.1855810135602951,-0.2346085160970688,1,4.219186782836914,7.0,9.600000000000001
18,1,0.0,3.7,2.1,0.8917910180963525,8.3,7.800000000000001,214.09585571289062,4.251254558563232,0.1855810135602951,-0.27907034754753113,1,4.243950366973877,7.0,9.600000000000001
18,1,0.0,3.7,2.1,0.8917910180963525,8.3,7.800000000000001,214.59585571289062,4.276638031005859,0.1855810135602951,-0.3240606486797333,1,4.269333839416504,7.0,9.600000000000001
18,1,0.0,3.7,2.1,0.8917910180963525,8.3,7.800000000000001,215.09585571289062,4.3026556968688965,0.1855810135602951,-0.36959582567214966,1,4.295351505279541,7.0,9.600000000000001
18,1,0.0,3.7,2.1,0.8917910180963525,8.3,7.800000000000001,215.59585571289062,4.329323768615723,0.1855810135602951,-0.41569292545318604,1,4.322019577026367,7.0,9.600000000000001
18,1,0.0,3.7,2.1,0.8917910180963525,8.3,7.800000000000001,216.09585571289062,4.356657981872559,0.1855810135602951,-0.4623695909976959,1,4.349353790283203,7.0,9.600000000000001
18,1,0.0,3.7,2.1,0.8917910180963525,8.3,7.800000000000001,216.59585571289062,4.384675979614258,0.1855810135602951,-0.5096440315246582,1,4.377371788024902,7.0,9.600000000000001
18,1,0.0,3.7,2.1,0.8917910180963525,8.3,7.800000000000001,217.09585571289062,4.413394927978516,0.1855810135602951,-0.5575351715087891,1,4.40609073638916,7.0,9.600000000000001
18,1,0.0,3.7,2.1,0.8917910180963525,8.3,7.800000000000001,217.59585571289062,4.442832946777344,0.1855810135602951,-0.6060625910758972,1,4.435528755187988,7.0,9.600000000000001
18,1,0.0,3.7,2.1,0.8917910180963525,8.3,7.800000000000001,218.09585571289062,4.4730095863342285,0.1855810135602951,-0.6552466154098511,1,4.465705394744873,7.0,9.600000000000001
18,1,0.0,3.7,2.1,0.8917910180963525,8.3,7.800000000000001,218.59585571289062,0.0,,,0,4.496640205383301,7.0,9.600000000000001
18,1,0.0,3.7,2.1,0.8917910180963525,8.3,7.800000000000001,219.09585571289062,4.53565788269043,0.1855810135602951,-0.755669355392456,1,4.528353691101074,7.0,9.600000000000001
18,1,0.0,3.7,2.1,0.8917910180963525,8.3,7.800000000000001,219.59585571289062,0.0,,,0,4.560867786407471,7.0,9.600000000000001
18,1,0.0,3.7,2.1,0.8917910180963525,8.3,7.800000000000001,220.09585571289062,4.601508617401123,0.1855810135602951,-0.8589817881584167,1,4.594204425811768,7.0,9.600000000000001
18,1,0.0,3.7,2.1,0.8917910180963525,8.3,7.800000000000001,220.59585571289062,4.635691165924072,0.1855810135602951,-0.9117810726165771,1,4.628386974334717,7.0,9.600000000000001
18,1,0.0,3.7,2.1,0.8917910180963525,8.3,7.800000000000001,221.09585571289062,4.670743942260742,0.1855810135602951,-0.965376079082489,1,4.663439750671387,7.0,9.600000000000001
18,1,0.0,3.7,2.1,0.8917910180963525,8.3,7.800000000000001,221.59585571289062,4.706692695617676,0.1855810135602951,-1.0197932720184326,1,4.69938850402832,7.0,9.600000000000001
18,1,0.0,3.7,2.1,0.8917910180963525,8.3,7.800000000000001,222.09585571289062,4.743563175201416,0.1855810135602951,-1.0750601291656494,1,4.7362589836120605,7.0,9.600000000000001
18,1,0.0,3.7,2.1,0.8917910180963525,8.3,7.800000000000001,222.59585571289062,4.781383037567139,0.1855810135602951,-1.131205439567566,1,4.774078845977783,7.0,9.600000000000001
18,1,0.0,3.7,2.1,0.8917910180963525,8.3,7.800000000000001,223.09585571289062,4.820181369781494,0.1855810135602951,-1.1882590055465698,1,4.812877178192139,7.0,9.600000000000001
18,1,0.0,3.7,2.1,0.8917910180963525,8.3,7.800000000000001,223.59585571289062,0.0,,,0,4.774749755859375,7.0,9.600000000000001
18,1,0.0,3.7,2.1,0.8917910180963525,8.3,7.800000000000001,224.09585571289062,4.738868713378906,0.301901251077652,-1.1925108432769775,1,4.731564521789551,7.0,9.600000000000001
18,1,0.0,3.7,2.1,0.8917910180963525,8.3,7.800000000000001,224.59585571289062,4.696811676025391,0.36071065068244934,-1.1925108432769775,1,4.689507484436035,7.0,9.600000000000001
18,1,0.0,3.7,2.1,0.8917910180963525,8.3,7.800000000000001,225.09585571289062,4.65584659576416,0.41848814487457275,-1.1925108432769775,1,4.648542404174805,7.0,9.600000000000001
18,1,0.0,3.7,2.1,0.8917910180963525,8.3,7.800000000000001,225.59585571289062,4.615939140319824,0.47526922821998596,-1.1925108432769775,1,4.608634948730469,7.0,9.600000000000001
18,1,0.0,3.7,2.1,0.8917910180963525,8.3,7.800000000000001,226.09585571289062,4.577055931091309,0.5310879349708557,-1.1925108432769775,1,4.569751739501953,7.0,9.600000000000001
18,1,0.0,3.7,2.1,0.8917910180963525,8.3,7.800000000000001,226.59585571289062,4.539165496826172,0.5859767198562622,-1.1925108432769775,1,4.531861305236816,7.0,9.600000000000001
18,1,0.0,3.7,2.1,0.8917910180963525,8.3,7.800000000000001,227.09585571289062,4.5022382736206055,0.6399669051170349,-1.1925108432769775,1,4.49493408203125,7.0,9.600000000000001
18,1,0.0,3.7,2.1,0.8917910180963525,8.3,7.800000000000001,227.59585571289062,4.466244220733643,0.6930882930755615,-1.1925108432769775,1,4.458940029144287,7.0,9.600000000000001
18,1,0.0,3.7,2.1,0.8917910180963525,8.3,7.800000000000001,228.09585571289062,4.431156635284424,0.7453696727752686,-1.1925108432769775,1,4.423852443695068,7.0,9.600000000000001
18,1,0.0,3.7,2.1,0.8917910180963525,8.3,7.800000000000001,228.59585571289062,0.0,,,0,4.389644145965576,7.0,9.600000000000001
18,1,0.0,3.7,2.1,0.8917910180963525,8.3,7.800000000000001,229.09585571289062,4.363594055175781,0.8475213050842285,-1.1925108432769775,1,4.356289863586426,7.0,9.600000000000001
18,1,0.0,3.7,2.1,0.8917910180963525,8.3,7.800000000000001,229.59585571289062,4.3310699462890625,0.8974435329437256,-1.1925108432769775,1,4.323765754699707,7.0,9.600000000000001
18,1,0.0,3.7,2.1,0.8917910180963525,8.3,7.800000000000001,230.09585571289062,4.299352169036865,0.946629524230957,-1.1925108432769775,1,4.29204797744751,7.0,9.600000000000001
18,1,0.0,3.7,2.1,0.8917910180963525,8.3,7.800000000000001,230.59585571289062,4.268418788909912,0.9951027631759644,-1.1925108432769775,1,4.261114597320557,7.0,9.600000000000001
18,2,0.0,8.3,7.800000000000001,2.1962813670341257,7.0,9.600000000000001,305.837646484375,2.7020316123962402,9.88888931274414,5.599999904632568,1,2.713773727416992,7.0,9.600000000000001
18,2,0.0,8.3,7.800000000000001,2.1962813670341257,7.0,9.600000000000001,306.337646484375,2.719348192214966,9.91828727722168,5.599999904632568,1,2.7310903072357178,7.0,9.600000000000001
18,2,0.0,8.3,7.800000000000001,2.1962813670341257,7.0,9.600000000000001,306.837646484375,2.737097978591919,9.948066711425781,5.599999904632568,1,2.748840093612671,7.0,9.600000000000001
18,2,0.0,8.3,7.800000000000001,2.1962813670341257,7.0,9.600000000000001,307.337646484375,2.7552921772003174,9.97823715209961,5.599999904632568,1,2.7670342922210693,7.0,9.600000000000001
18,2,0.0,8.3,7.800000000000001,2.1962813670341257,7.0,9.600000000000001,307.837646484375,0.0,,,0,2.78568434715271,7.0,9.600000000000001
18,2,0.0,8.3,7.800000000000001,2.1962813670341257,7.0,9.600000000000001,308.337646484375,2.793060541152954,10.039804458618164,5.599999904632568,1,2.804802656173706,7.0,9.600000000000001
18,2,0.0,8.3,7.800000000000001,2.1962813670341257,7.0,9.600000000000001,308.837646484375,2.812659740447998,10.071227073669434,5.599999904632568,1,2.82440185546875,7.0,9.600000000000001
18,2,0.0,8.3,7.800000000000001,2.1962813670341257,7.0,9.600000000000001,309.337646484375,2.8327527046203613,10.103095054626465,5.599999904632568,1,2.8444948196411133,7.0,9.600000000000001
18,2,0.0,8.3,7.800000000000001,2.1962813670341257,7.0,9.600000000000001,309.837646484375,2.853353500366211,10.135421752929688,5.599999904632568,1,2.865095615386963,7.0,9.600000000000001
18,2,0.0,8.3,7.800000000000001,2.1962813670341257,7.0,9.600000000000001,310.337646484375,2.874476194381714,10.168222427368164,5.599999904632568,1,2.886218309402466,7.0,9.600000000000001
18,2,0.0,8.3,7.800000000000001,2.1962813670341257,7.0,9.600000000000001,310.837646484375,2.8961358070373535,10.201513290405273,5.599999904632568,1,2.9078779220581055,7.0,9.600000000000001
18,2,0.0,8.3,7.800000000000001,2.1962813670341257,7.0,9.600000000000001,311.337646484375,0.0,,,0,2.9300897121429443,7.0,9.600000000000001
18,2,0.0,8.3,7.800000000000001,2.1962813670341257,7.0,9.600000000000001,311.837646484375,2.9411282539367676,10.269630432128906,5.599999904632568,1,2.9528703689575195,7.0,9.600000000000001
18,2,0.0,8.3,7.800000000000001,2.1962813670341257,7.0,9.600000000000001,312.337646484375,2.964493989944458,10.304490089416504,5.599999904632568,1,2.97623610496521,7.0,9.600000000000001
18,2,0.0,8.3,7.800000000000001,2.1962813670341257,7.0,9.600000000000001,312.837646484375,2.9884629249572754,10.339909553527832,5.599999904632568,1,3.0002050399780273,7.0,9.600000000000001
18,2,0.0,8.3,7.800000000000001,2.1962813670341257,7.0,9.600000000000001,313.337646484375,0.0,,,0,3.0247955322265625,7.0,9.600000000000001
18,2,0.0,8.3,7.800000000000001,2.1962813670341257,7.0,9.600000000000001,313.837646484375,3.0382843017578125,10.412501335144043,5.599999904632568,1,3.0500264167785645,7.0,9.600000000000001
18,2,0.0,8.3,7.800000000000001,2.1962813670341257,7.0,9.600000000000001,314.337646484375,3.064176082611084,10.449714660644531,5.599999904632568,1,3.075918197631836,7.0,9.600000000000001
18,2,0.0,8.3,7.800000000000001,2.1962813670341257,7.0,9.600000000000001,314.837646484375,3.0907492637634277,10.487567901611328,5.599999904632568,1,3.1024913787841797,7.0,9.600000000000001
18,2,0.0,8.3,7.800000000000001,2.1962813670341257,7.0,9.600000000000001,315.337646484375,3.1180262565612793,10.526083946228027,5.599999904632568,1,3.1297683715820312,7.0,9.600000000000001
18,2,0.0,8.3,7.800000000000001,2.1962813670341257,7.0,9.600000000000001,315.837646484375,3.146029472351074,10.565286636352539,5.599999904632568,1,3.157771587371826,7.0,9.600000000000001
18,2,0.0,8.3,7.800000000000001,2.1962813670341257,7.0,9.600000000000001,316.337646484375,3.17478346824646,10.605199813842773,5.599999904632568,1,3.186525583267212,7.0,9.600000000000001
18,2,0.0,8.3,7.800000000000001,2.1962813670341257,7.0,9.600000000000001,316.837646484375,3.204312801361084,10.645849227905273,5.599999904632568,1,3.216054916381836,7.0,9.600000000000001
18,2,0.0,8.3,7.800000000000001,2.1962813670341257,7.0,9.600000000000001,317.337646484375,3.2346444129943848,10.687263488769531,5.599999904632568,1,3.2463865280151367,7.0,9.600000000000001
18,2,0.0,8.3,7.800000000000001,2.1962813670341257,7.0,9.600000000000001,317.837646484375,3.265805244445801,10.72946834564209,5.599999904632568,1,3.2775473594665527,7.0,9.600000000000001
18,2,0.0,8.3,7.800000000000001,2.1962813670341257,7.0,9.600000000000001,318.337646484375,0.0,,,0,3.3095669746398926,7.0,9.600000000000001
18,2,0.0,8.3,7.800000000000001,2.1962813670341257,7.0,9.600000000000001,318.837646484375,0.0,,,0,3.342475175857544,7.0,9.600000000000001
18,2,0.0,8.3,7.800000000000001,2.1962813670341257,7.0,9.600000000000001,319.337646484375,3.3645620346069336,10.861138343811035,5.599999904632568,1,3.3763041496276855,7.0,9.600000000000001
18,2,0.0,8.3,7.800000000000001,2.1962813670341257,7.0,9.600000000000001,319.837646484375,3.3993453979492188,10.906821250915527,5.599999904632568,1,3.4110875129699707,7.0,9.600000000000001
18,2,0.0,8.3,7.800000000000001,2.1962813670341257,7.0,9.600000000000001,320.337646484375,3.4351179599761963,10.953458786010742,5.599999904632568,1,3.4468600749969482,7.0,9.600000000000001
18,2,0.0,8.3,7.800000000000001,2.1962813670341257,7.0,9.600000000000001,320.837646484375,3.471916913986206,11.001089096069336,5.599999904632568,1,3.483659029006958,7.0,9.600000000000001
18,2,0.0,8.3,7.800000000000001,2.1962813670341257,7.0,9.600000000000001,321.337646484375,3.5097811222076416,11.049750328063965,5.599999904632568,1,3.5215232372283936,7.0,9.600000000000001
18,2,0.0,8.3,7.800000000000001,2.1962813670341257,7.0,9.600000000000001,321.837646484375,3.542022705078125,11.094194412231445,5.6041579246521,1,3.553764820098877,7.0,9.600000000000001
18,2,0.0,8.3,7.800000000000001,2.1962813670341257,7.0,9.600000000000001,322.337646484375,0.0,,,0,3.529693126678467,7.0,9.600000000000001
18,2,0.0,8.3,7.800000000000001,2.1962813670341257,7.0,9.600000000000001,322.837646484375,3.4944684505462646,11.094194412231445,5.681983947753906,1,3.5062105655670166,7.0,9.600000000000001
18,2,0.0,8.3,7.800000000000001,2.1962813670341257,7.0,9.600000000000001,323.337646484375,3.471560001373291,11.094194412231445,5.720127105712891,1,3.483302116394043,7.0,9.600000000000001
18,2,0.0,8.3,7.800000000000001,2.1962813670341257,7.0,9.600000000000001,323.837646484375,3.4492106437683105,11.094194412231445,5.757777690887451,1,3.4609527587890625,7.0,9.600000000000001
18,2,0.0,8.3,7.800000000000001,2.1962813670341257,7.0,9.600000000000001,324.337646484375,0.0,,,0,3.4391486644744873,7.0,9.600000000000001
18,2,0.0,8.3,7.800000000000001,2.1962813670341257,7.0,9.600000000000001,324.837646484375,3.4061341285705566,11.094194412231445,5.831661701202393,1,3.4178762435913086,7.0,9.600000000000001
18,2,0.0,8.3,7.800000000000001,2.1962813670341257,7.0,9.600000000000001,325.337646484375,3.385380268096924,11.094194412231445,5.867923736572266,1,3.397122383117676,7.0,9.600000000000001
18,2,0.0,8.3,7.800000000000001,2.1962813670341257,7.0,9.600000000000001,325.837646484375,3.3651325702667236,11.094194412231445,5.903750896453857,1,3.3768746852874756,7.0,9.600000000000001
18,2,0.0,8.3,7.800000000000001,2.1962813670341257,7.0,9.600000000000001,326.337646484375,3.345378875732422,11.094194412231445,5.9391560554504395,1,3.357120990753174,7.0,9.600000000000001
18,2,0.0,8.3,7.800000000000001,2.1962813670341257,7.0,9.600000000000001,326.837646484375,3.3261077404022217,11.094194412231445,5.974152088165283,1,3.3378498554229736,7.0,9.600000000000001
18,2,0.0,8.3,7.800000000000001,2.1962813670341257,7.0,9.600000000000001,327.337646484375,0.0,,,0,3.3190500736236572,7.0,9.600000000000001
18,2,0.0,8.3,7.800000000000001,2.1962813670341257,7.0,9.600000000000001,327.837646484375,3.288968801498413,11.094194412231445,6.042965412139893,1,3.300710916519165,7.0,9.600000000000001
18,2,0.0,8.3,7.800000000000001,2.1962813670341257,7.0,9.600000000000001,328.337646484375,3.2710795402526855,11.094194412231445,6.07680606842041,1,3.2828216552734375,7.0,9.600000000000001
18,2,0.0,8.3,7.800000000000001,2.1962813670341257,7.0,9.600000000000001,328.837646484375,3.2536306381225586,11.094194412231445,6.110284805297852,1,3.2653727531433105,7.0,9.600000000000001
18,2,0.0,8.3,7.800000000000001,2.1962813670341257,7.0,9.600000000000001,329.337646484375,3.236612319946289,11.094194412231445,6.143411636352539,1,3.248354434967041,7.0,9.600000000000001
18,2,0.0,8.3,7.800000000000001,2.1962813670341257,7.0,9.600000000000001,329.837646484375,3.220015287399292,11.094194412231445,6.176197528839111,1,3.231757402420044,7.0,9.600000000000001
18,2,0.0,8.3,7.800000000000001,2.1962813670341257,7.0,9.600000000000001,330.337646484375,0.0,,,0,3.2155728340148926,7.0,9.600000000000001
18,2,0.0,8.3,7.800000000000001,2.1962813670341257,7.0,9.600000000000001,330.837646484375,3.188049793243408,11.094194412231445,6.240786552429199,1,3.19979190826416,7.0,9.600000000000001
18,2,0.0,8.3,7.800000000000001,2.1962813670341257,7.0,9.600000000000001,331.337646484375,3.172664165496826,11.094194412231445,6.272609233856201,1,3.184406280517578,7.0,9.600000000000001
18,2,0.0,8.3,7.800000000000001,2.1962813670341257,7.0,9.600000000000001,331.837646484375,0.0,,,0,3.1694083213806152,7.0,9.600000000000001
18,2,0.0,8.3,7.800000000000001,2.1962813670341257,7.0,9.600000000000001,332.337646484375,3.143048048019409,11.094194412231445,6.335356712341309,1,3.154790163040161,7.0,9.600000000000001
18,2,0.0,8.3,7.800000000000001,2.1962813670341257,7.0,9.600000000000001,332.837646484375,3.1288020610809326,11.094194412231445,6.366299629211426,1,3.1405441761016846,7.0,9.600000000000001
18,2,0.0,8.3,7.800000000000001,2.1962813670341257,7.0,9.600000000000001,333.337646484375,3.1149213314056396,11.094194412231445,6.396966934204102,1,3.1266634464263916,7.0,9.600000000000001
18,2,0.0,8.3,7.800000000000001,2.1962813670341257,7.0,9.600000000000001,333.837646484375,3.101398468017578,11.094194412231445,6.427366256713867,1,3.11314058303833,7.0,9.600000000000001
18,2,0.0,8.3,7.800000000000001,2.1962813670341257,7.0,9.600000000000001,334.337646484375,0.0,,,0,3.0999696254730225,7.0,9.600000000000001
18,2,0.0,8.3,7.800000000000001,2.1962813670341257,7.0,9.600000000000001,334.837646484375,3.075401544570923,11.094194412231445,6.487394332885742,1,3.087143659591675,7.0,9.600000000000001
18,2,0.0,8.3,7.800000000000001,2.1962813670341257,7.0,9.600000000000001,335.337646484375,0.0,,,0,3.0746564865112305,7.0,9.600000000000001
18,2,0.0,8.3,7.800000000000001,2.1962813670341257,7.0,9.600000000000001,335.837646484375,3.05076003074646,11.094194412231445,6.546445846557617,1,3.062502145767212,7.0,9.600000000000001
18,2,0.0,8.3,7.800000000000001,2.1962813670341257,7.0,9.600000000000001,336.337646484375,0.0,,,0,3.0506749153137207,7.0,9.600000000000001
18,2,0.0,8.3,7.800000000000001,2.1962813670341257,7.0,9.600000000000001,336.837646484375,3.0274271965026855,11.094194412231445,6.604579925537109,1,3.0391693115234375,7.0,9.600000000000001
18,2,0.0,8.3,7.800000000000001,2.1962813670341257,7.0,9.600000000000001,337.337646484375,3.01623797416687,11.094194412231445,6.633320331573486,1,3.027980089187622,7.0,9.600000000000001
18,2,0.0,8.3,7.800000000000001,2.1962813670341257,7.0,9.600000000000001,337.837646484375,0.0,,,0,3.017101526260376,7.0,9.600000000000001
18,2,0.0,8.3,7.800000000000001,2.1962813670341257,7.0,9.600000000000001,338.337646484375,0.0,,,0,3.0065293312072754,7.0,9.600000000000001
18,2,0.0,8.3,7.800000000000001,2.1962813670341257,7.0,9.600000000000001,338.837646484375,2.984515905380249,11.094194412231445,6.718315601348877,1,2.996258020401001,7.0,9.600000000000001
18,2,0.0,8.3,7.800000000000001,2.1962813670341257,7.0,9.600000000000001,339.337646484375,2.974541425704956,11.094194412231445,6.746259689331055,1,2.986283540725708,7.0,9.600000000000001
18,2,0.0,8.3,7.800000000000001,2.1962813670341257,7.0,9.600000000000001,339.837646484375,2.9648590087890625,11.094194412231445,6.774021148681641,1,2.9766011238098145,7.0,9.600000000000001
18,2,0.0,8.3,7.800000000000001,2.1962813670341257,7.0,9.600000000000001,340.337646484375,2.9554643630981445,11.094194412231445,6.801604747772217,1,2.9672064781188965,7.0,9.600000000000001
18,2,0.0,8.3,7.800000000000001,2.1962813670341257,7.0,9.600000000000001,340.837646484375,2.9463534355163574,11.094194412231445,6.829017162322998,1,2.9580955505371094,7.0,9.600000000000001
18,2,0.0,8.3,7.800000000000001,2.1962813670341257,7.0,9.600000000000001,341.337646484375,0.0,,,0,2.9492642879486084,7.0,9.600000000000001
18,2,0.0,8.3,7.800000000000001,2.1962813670341257,7.0,9.600000000000001,341.837646484375,0.0,,,0,2.940708875656128,7.0,9.600000000000001
18,2,0.0,8.3,7.800000000000001,2.1962813670341257,7.0,9.600000000000001,342.337646484375,2.9206833839416504,11.094194412231445,6.910281658172607,1,2.9324254989624023,7.0,9.600000000000001
18,2,0.0,8.3,7.800000000000001,2.1962813670341257,7.0,9.600000000000001,342.837646484375,2.9126689434051514,11.094194412231445,6.937064170837402,1,2.9244110584259033,7.0,9.600000000000001
18,2,0.0,8.3,7.800000000000001,2.1962813670341257,7.0,9.600000000000001,343.337646484375,2.904919385910034,11.094194412231445,6.96370267868042,1,2.916661500930786,7.0,9.600000000000001
18,2,0.0,8.3,7.800000000000001,2.1962813670341257,7.0,9.600000000000001,343.837646484375,2.8974318504333496,11.094194412231445,6.9902024269104,1,2.9091739654541016,7.0,9.600000000000001
18,2,0.0,8.3,7.800000000000001,2.1962813670341257,7.0,9.600000000000001,344.337646484375,2.8902032375335693,11.094194412231445,7.016568183898926,1,2.9019453525543213,7.0,9.600000000000001
18,2,0.0,8.3,7.800000000000001,2.1962813670341257,7.0,9.600000000000001,344.837646484375,0.0,,,0,2.894972324371338,7.0,9.600000000000001
18,2,0.0,8.3,7.800000000000001,2.1962813670341257,7.0,9.600000000000001,345.337646484375,2.87650990486145,11.094194412231445,7.0689191818237305,1,2.888252019882202,7.0,9.600000000000001
18,2,0.0,8.3,7.800000000000001,2.1962813670341257,7.0,9.600000000000001,345.837646484375,2.870039939880371,11.094194412231445,7.094913482666016,1,2.881782054901123,7.0,9.600000000000001
18,2,0.0,8.3,7.800000000000001,2.1962813670341257,7.0,9.600000000000001,346.337646484375,2.8638172149658203,11.094194412231445,7.12079381942749,1,2.8755593299865723,7.0,9.600000000000001
18,2,0.0,8.3,7.800000000000001,2.1962813670341257,7.0,9.600000000000001,346.837646484375,0.0,,,0,2.869581699371338,7.0,9.600000000000001
18,2,0.0,8.3,7.800000000000001,2.1962813670341257,7.0,9.600000000000001,347.337646484375,2.8521041870117188,11.094194412231445,7.172230243682861,1,2.8638463020324707,7.0,9.600000000000001
18,2,0.0,8.3,7.800000000000001,2.1962813670341257,7.0,9.600000000000001,347.837646484375,2.846609115600586,11.094194412231445,7.197795867919922,1,2.858351230621338,7.0,9.600000000000001
18,2,0.0,8.3,7.800000000000001,2.1962813670341257,7.0,9.600000000000001,348.337646484375,2.8413517475128174,11.094194412231445,7.223265171051025,1,2.8530938625335693,7.0,9.600000000000001
18,2,0.0,8.3,7.800000000000001,2.1962813670341257,7.0,9.600000000000001,348.837646484375,2.8363301753997803,11.094194412231445,7.248642444610596,1,2.8480722904205322,7.0,9.600000000000001
18,2,0.0,8.3,7.800000000000001,2.1962813670341257,7.0,9.600000000000001,349.337646484375,2.831542491912842,11.094194412231445,7.273932933807373,1,2.8432846069335938,7.0,9.600000000000001
18,2,0.0,8.3,7.800000000000001,2.1962813670341257,7.0,9.600000000000001,349.837646484375,0.0,,,0,2.838728904724121,7.0,9.600000000000001
18,2,0.0,8.3,7.800000000000001,2.1962813670341257,7.0,9.600000000000001,350.337646484375,2.8226609230041504,11.094194412231445,7.3242692947387695,1,2.8344030380249023,7.0,9.600000000000001
18,2,0.0,8.3,7.800000000000001,2.1962813670341257,7.0,9.600000000000001,350.837646484375,2.81856369972229,11.094194412231445,7.349323749542236,1,2.830305814743042,7.0,9.600000000000001
18,2,0.0,8.3,7.800000000000001,2.1962813670341257,7.0,9.600000000000001,351.337646484375,2.814692974090576,11.094194412231445,7.374307155609131,1,2.826435089111328,7.0,9.600000000000001
18,2,0.0,8.3,7.800000000000001,2.1962813670341257,7.0,9.600000000000001,351.837646484375,2.8110475540161133,11.094194412231445,7.399224758148193,1,2.8227896690368652,7.0,9.600000000000001
18,2,0.0,8.3,7.800000000000001,2.1962813670341257,7.0,9.600000000000001,352.337646484375,2.8076260089874268,11.094194412231445,7.424079895019531,1,2.8193681240081787,7.0,9.600000000000001
18,2,0.0,8.3,7.800000000000001,2.1962813670341257,7.0,9.600000000000001,352.837646484375,2.804427146911621,11.094194412231445,7.44887638092041,1,2.816169261932373,7.0,9.600000000000001
18,2,0.0,8.3,7.800000000000001,2.1962813670341257,7.0,9.600000000000001,353.337646484375,2.8014492988586426,11.094194412231445,7.473618984222412,1,2.8131914138793945,7.0,9.600000000000001
18,2,0.0,8.3,7.800000000000001,2.1962813670341257,7.0,9.600000000000001,353.837646484375,0.0,,,0,2.8104336261749268,7.0,9.600000000000001
18,2,0.0,8.3,7.800000000000001,2.1962813670341257,7.0,9.600000000000001,354.337646484375,2.7961528301239014,11.094194412231445,7.522956848144531,1,2.8078949451446533,7.0,9.600000000000001
18,2,0.0,8.3,7.800000000000001,2.1962813670341257,7.0,9.600000000000001,354.837646484375,2.793832302093506,11.094194412231445,7.54755973815918,1,2.805574417114258,7.0,9.600000000000001
18,2,0.0,8.3,7.800000000000001,2.1962813670341257,7.0,9.600000000000001,355.337646484375,0.0,,,0,2.8034708499908447,7.0,9.600000000000001
18,2,0.0,8.3,7.800000000000001,2.1962813670341257,7.0,9.600000000000001,355.837646484375,2.789841651916504,11.094194412231445,7.596653461456299,1,2.801583766937256,7.0,9.600000000000001
18,2,0.0,8.3,7.800000000000001,2.1962813670341257,7.0,9.600000000000001,356.337646484375,8.305242538452148,16.600000381469727,7.268740177154541,1,8.316985130310059,7.0,9.600000000000001
18,2,0.0,8.3,7.800000000000001,2.1962813670341257,7.0,9.600000000000001,356.837646484375,8.300915718078613,16.600000381469727,7.341429233551025,1,8.312658309936523,7.0,9.600000000000001
18,2,0.0,8.3,7.800000000000001,2.1962813670341257,7.0,9.600000000000001,357.337646484375,8.297225952148438,16.600000381469727,7.414048194885254,1,8.308968544006348,7.0,9.600000000000001
18,2,0.0,8.3,7.800000000000001,2.1962813670341257,7.0,9.600000000000001,357.837646484375,8.294172286987305,16.600000381469727,7.486608505249023,1,8.305914878845215,7.0,9.600000000000001
18,2,0.0,8.3,7.800000000000001,2.1962813670341257,7.0,9.600000000000001,358.337646484375,8.291751861572266,16.600000381469727,7.559121131896973,1,8.303494453430176,7.0,9.600000000000001
18,2,0.0,8.3,7.800000000000001,2.1962813670341257,7.0,9.600000000000001,358.837646484375,0.0,,,0,12.0,7.0,9.600000000000001
18,2,0.0,8.3,7.800000000000001,2.1962813670341257,7.0,9.600000000000001,359.337646484375,12.0,,,0,12.0,7.0,9.600000000000001
18,2,0.0,8.3,7.800000000000001,2.1962813670341257,7.0,9.600000000000001,359.837646484375,12.0,,,0,12.0,7.0,9.600000000000001
18,2,0.0,8.3,7.800000000000001,2.1962813670341257,7.0,9.600000000000001,0.33765295147895813,12.0,,,0,12.0,7.0,9.600000000000001
18,2,0.0,8.3,7.800000000000001,2.1962813670341257,7.0,9.600000000000001,0.8376529812812805,12.0,,,0,12.0,7.0,9.600000000000001
18,2,0.0,8.3,7.800000000000001,2.1962813670341257,7.0,9.600000000000001,1.3376529216766357,12.0,,,0,12.0,7.0,9.600000000000001
18,2,0.0,8.3,7.800000000000001,2.1962813670341257,7.0,9.600000000000001,1.8376529216766357,12.0,,,0,12.0,7.0,9.600000000000001
18,2,0.0,8.3,7.800000000000001,2.1962813670341257,7.0,9.600000000000001,2.3376529216766357,12.0,,,0,12.0,7.0,9.600000000000001
18,2,0.0,8.3,7.800000000000001,2.1962813670341257,7.0,9.600000000000001,2.8376529216766357,0.0,,,0,8.310190200805664,7.0,9.600000000000001
18,2,0.0,8.3,7.800000000000001,2.1962813670341257,7.0,9.600000000000001,3.3376529216766357,0.0,,,0,8.314102172851562,7.0,9.600000000000001
18,2,0.0,8.3,7.800000000000001,2.1962813670341257,7.0,9.600000000000001,3.8376529216766357,8.306910514831543,16.600000381469727,8.35676383972168,1,8.318653106689453,7.0,9.600000000000001
18,2,0.0,8.3,7.800000000000001,2.1962813670341257,7.0,9.600000000000001,4.337653160095215,8.31209945678711,16.600000381469727,8.4295654296875,1,8.32384204864502,7.0,9.600000000000001
18,2,0.0,8.3,7.800000000000001,2.1962813670341257,7.0,9.600000000000001,4.837653160095215,8.317930221557617,16.600000381469727,8.502463340759277,1,8.329672813415527,7.0,9.600000000000001
18,2,0.0,8.3,7.800000000000001,2.1962813670341257,7.0,9.600000000000001,5.337653160095215,8.3244047164917,16.600000381469727,8.575469017028809,1,8.33614730834961,7.0,9.600000000000001
18,2,0.0,8.3,7.800000000000001,2.1962813670341257,7.0,9.600000000000001,5.837653160095215,8.331524848937988,16.600000381469727,8.648594856262207,1,8.343267440795898,7.0,9.600000000000001
18,2,0.0,8.3,7.800000000000001,2.1962813670341257,7.0,9.600000000000001,6.337653160095215,8.339293479919434,16.600000381469727,8.72184944152832,1,8.351036071777344,7.0,9.600000000000001
18,2,0.0,8.3,7.800000000000001,2.1962813670341257,7.0,9.600000000000001,6.837653160095215,8.3477144241333,16.600000381469727,8.795248031616211,1,8.359457015991211,7.0,9.600000000000001
18,2,0.0,8.3,7.800000000000001,2.1962813670341257,7.0,9.600000000000001,7.337653160095215,8.356789588928223,16.600000381469727,8.868799209594727,1,8.368532180786133,7.0,9.600000000000001
18,2,0.0,8.3,7.800000000000001,2.1962813670341257,7.0,9.600000000000001,7.837653160095215,8.366523742675781,16.600000381469727,8.942516326904297,1,8.378266334533691,7.0,9.600000000000001
18,2,0.0,8.3,7.800000000000001,2.1962813670341257,7.0,9.600000000000001,8.337653160095215,0.0,,,0,2.824042320251465,7.0,9.600000000000001
18,2,0.0,8.3,7.800000000000001,2.1962813670341257,7.0,9.600000000000001,8.837653160095215,2.8160243034362793,11.094194412231445,8.234444618225098,1,2.8277664184570312,7.0,9.600000000000001
18,2,0.0,8.3,7.800000000000001,2.1962813670341257,7.0,9.600000000000001,9.337653160095215,2.819974184036255,11.094194412231445,8.259452819824219,1,2.831716299057007,7.0,9.600000000000001
18,2,0.0,8.3,7.800000000000001,2.1962813670341257,7.0,9.600000000000001,9.837653160095215,2.8241515159606934,11.094194412231445,8.28453254699707,1,2.8358936309814453,7.0,9.600000000000001
18,2,0.0,8.3,7.800000000000001,2.1962813670341257,7.0,9.600000000000001,10.337653160095215,0.0,,,0,2.8402998447418213,7.0,9.600000000000001
18,2,0.0,8.3,7.800000000000001,2.1962813670341257,7.0,9.600000000000001,10.837653160095215,2.8331947326660156,11.094194412231445,8.334924697875977,1,2.8449368476867676,7.0,9.600000000000001
18,2,0.0,8.3,7.800000000000001,2.1962813670341257,7.0,9.600000000000001,11.337653160095215,0.0,,,0,2.849806308746338,7.0,9.600000000000001
18,2,0.0,8.3,7.800000000000001,2.1962813670341257,7.0,9.600000000000001,11.837653160095215,2.843168020248413,11.094194412231445,8.38565444946289,1,2.854910135269165,7.0,9.600000000000001
18,2,0.0,8.3,7.800000000000001,2.1962813670341257,7.0,9.600000000000001,12.337653160095215,2.848508596420288,11.094194412231445,8.41115665435791,1,2.86025071144104,7.0,9.600000000000001
18,2,0.0,8.3,7.800000000000001,2.1962813670341257,7.0,9.600000000000001,12.837653160095215,2.8540875911712646,11.094194412231445,8.43675708770752,1,2.8658297061920166,7.0,9.600000000000001
18,2,0.0,8.3,7.800000000000001,2.1962813670341257,7.0,9.600000000000001,13.337653160095215,0.0,,,0,2.871649742126465,7.0,9.600000000000001
18,2,0.0,8.3,7.800000000000001,2.1962813670341257,7.0,9.600000000000001,13.837653160095215,2.865971088409424,11.094194412231445,8.488266944885254,1,2.877713203430176,7.0,9.600000000000001
18,2,0.0,8.3,7.800000000000001,2.1962813670341257,7.0,9.600000000000001,14.337653160095215,2.8722801208496094,11.094194412231445,8.51418685913086,1,2.8840222358703613,7.0,9.600000000000001
18,2,0.0,8.3,7.800000000000001,2.1962813670341257,7.0,9.600000000000001,14.837653160095215,2.8788375854492188,11.094194412231445,8.540223121643066,1,2.8905797004699707,7.0,9.600000000000001
18,2,0.0,8.3,7.800000000000001,2.1962813670341257,7.0,9.600000000000001,15.337653160095215,2.885646104812622,11.094194412231445,8.566378593444824,1,2.897388219833374,7.0,9.600000000000001
18,2,0.0,8.3,7.800000000000001,2.1962813670341257,7.0,9.600000000000001,15.837653160095215,2.8927083015441895,11.094194412231445,8.592660903930664,1,2.9044504165649414,7.0,9.600000000000001
18,2,0.0,8.3,7.800000000000001,2.1962813670341257,7.0,9.600000000000001,16.3376522064209,2.9000275135040283,11.094194412231445,8.619072914123535,1,2.9117696285247803,7.0,9.600000000000001
18,2,0.0,8.3,7.800000000000001,2.1962813670341257,7.0,9.600000000000001,16.8376522064209,2.907606363296509,11.094194412231445,8.645621299743652,1,2.9193484783172607,7.0,9.600000000000001
18,2,0.0,8.3,7.800000000000001,2.1962813670341257,7.0,9.600000000000001,17.3376522064209,0.0,,,0,2.9271905422210693,7.0,9.600000000000001
18,2,0.0,8.3,7.800000000000001,2.1962813670341257,7.0,9.600000000000001,17.8376522064209,2.9235568046569824,11.094194412231445,8.699143409729004,1,2.9352989196777344,7.0,9.600000000000001
18,2,0.0,8.3,7.800000000000001,2.1962813670341257,7.0,9.600000000000001,18.3376522064209,2.9319350719451904,11.094194412231445,8.726128578186035,1,2.9436771869659424,7.0,9.600000000000001
18,2,0.0,8.3,7.800000000000001,2.1962813670341257,7.0,9.600000000000001,18.8376522064209,0.0,,,0,2.95232892036438,7.0,9.600000000000001
18,2,0.0,8.3,7.800000000000001,2.1962813670341257,7.0,9.600000000000001,19.3376522064209,2.9495158195495605,11.094194412231445,8.780574798583984,1,2.9612579345703125,7.0,9.600000000000001
18,2,0.0,8.3,7.800000000000001,2.1962813670341257,7.0,9.600000000000001,19.8376522064209,0.0,,,0,2.9704678058624268,7.0,9.600000000000001
18,2,0.0,8.3,7.800000000000001,2.1962813670341257,7.0,9.600000000000001,20.3376522064209,0.0,,,0,2.9799628257751465,7.0,9.600000000000001
18,2,0.0,8.3,7.800000000000001,2.1962813670341257,7.0,9.600000000000001,20.8376522064209,2.9780051708221436,11.094194412231445,8.863516807556152,1,2.9897472858428955,7.0,9.600000000000001
18,2,0.0,8.3,7.800000000000001,2.1962813670341257,7.0,9.600000000000001,21.3376522064209,2.9880831241607666,11.094194412231445,8.89152717590332,1,2.9998252391815186,7.0,9.600000000000001
18,2,0.0,8.3,7.800000000000001,2.1962813670341257,7.0,9.600000000000001,21.8376522064209,2.9984593391418457,11.094194412231445,8.91972827911377,1,3.0102014541625977,7.0,9.600000000000001
18,2,0.0,8.3,7.800000000000001,2.1962813670341257,7.0,9.600000000000001,22.3376522064209,3.009138584136963,11.094194412231445,8.948128700256348,1,3.020880699157715,7.0,9.600000000000001
18,2,0.0,8.3,7.800000000000001,2.1962813670341257,7.0,9.600000000000001,22.8376522064209,3.020125389099121,11.094194412231445,8.97673225402832,1,3.031867504119873,7.0,9.600000000000001
18,2,0.0,8.3,7.800000000000001,2.1962813670341257,7.0,9.600000000000001,23.3376522064209,3.0314249992370605,11.094194412231445,9.005547523498535,1,3.0431671142578125,7.0,9.600000000000001
18,2,0.0,8.3,7.800000000000001,2.1962813670341257,7.0,9.600000000000001,23.8376522064209,3.0430426597595215,11.094194412231445,9.03458023071289,1,3.0547847747802734,7.0,9.600000000000001
18,2,0.0,8.3,7.800000000000001,2.1962813670341257,7.0,9.600000000000001,24.3376522064209,0.0,,,0,3.066725969314575,7.0,9.600000000000001
18,2,0.0,8.3,7.800000000000001,2.1962813670341257,7.0,9.600000000000001,24.8376522064209,3.0672543048858643,11.094194412231445,9.093327522277832,1,3.078996419906616,7.0,9.600000000000001
18,2,0.0,8.3,7.800000000000001,2.1962813670341257,7.0,9.600000000000001,25.3376522064209,3.079859495162964,11.094194412231445,9.123056411743164,1,3.091601610183716,7.0,9.600000000000001
18,2,0.0,8.3,7.800000000000001,2.1962813670341257,7.0,9.600000000000001,25.8376522064209,0.0,,,0,3.1045479774475098,7.0,9.600000000000001
18,2,0.0,8.3,7.800000000000001,2.1962813670341257,7.0,9.600000000000001,26.3376522064209,3.1060993671417236,11.094194412231445,9.18326187133789,1,3.1178414821624756,7.0,9.600000000000001
18,2,0.0,8.3,7.800000000000001,2.1962813670341257,7.0,9.600000000000001,26.8376522064209,3.1197469234466553,11.094194412231445,9.213754653930664,1,3.1314890384674072,7.0,9.600000000000001
18,2,0.0,8.3,7.800000000000001,2.1962813670341257,7.0,9.600000000000001,27.3376522064209,3.1337549686431885,11.094194412231445,9.24451732635498,1,3.1454970836639404,7.0,9.600000000000001
18,2,0.0,8.3,7.800000000000001,2.1962813670341257,7.0,9.600000000000001,27.8376522064209,3.1481306552886963,11.094194412231445,9.275559425354004,1,3.1598727703094482,7.0,9.600000000000001
18,2,0.0,8.3,7.800000000000001,2.1962813670341257,7.0,9.600000000000001,28.3376522064209,0.0,,,0,3.1746232509613037,7.0,9.600000000000001
18,2,0.0,8.3,7.800000000000001,2.1962813670341257,7.0,9.600000000000001,28.8376522064209,3.178014039993286,11.094194412231445,9.338513374328613,1,3.189756155014038,7.0,9.600000000000001
18,2,0.0,8.3,7.800000000000001,2.1962813670341257,7.0,9.600000000000001,29.3376522064209,3.1935372352600098,11.094194412231445,9.370444297790527,1,3.2052793502807617,7.0,9.600000000000001
18,2,0.0,8.3,7.800000000000001,2.1962813670341257,7.0,9.600000000000001,29.8376522064209,3.209458827972412,11.094194412231445,9.402689933776855,1,3.221200942993164,7.0,9.600000000000001
18,2,0.0,8.3,7.800000000000001,2.1962813670341257,7.0,9.600000000000001,30.3376522064209,3.2257869243621826,11.094194412231445,9.435259819030762,1,3.2375290393829346,7.0,9.600000000000001
18,2,0.0,8.3,7.800000000000001,2.1962813670341257,7.0,9.600000000000001,30.8376522064209,3.2425308227539062,11.094194412231445,9.46816349029541,1,3.254272937774658,7.0,9.600000000000001
18,2,0.0,8.3,7.800000000000001,2.1962813670341257,7.0,9.600000000000001,31.3376522064209,0.0,,,0,3.2714409828186035,7.0,9.600000000000001
18,2,0.0,8.3,7.800000000000001,2.1962813670341257,7.0,9.600000000000001,31.8376522064209,0.0,,,0,3.2890431880950928,7.0,9.600000000000001
18,2,0.0,8.3,7.800000000000001,2.1962813670341257,7.0,9.600000000000001,32.33765411376953,3.295346975326538,11.094194412231445,9.568987846374512,1,3.30708909034729,7.0,9.600000000000001
18,2,0.0,8.3,7.800000000000001,2.1962813670341257,7.0,9.600000000000001,32.83765411376953,3.3138463497161865,11.094194412231445,9.6033353805542,1,3.3255884647369385,7.0,9.600000000000001
18,2,0.0,8.3,7.800000000000001,2.1962813670341257,7.0,9.600000000000001,33.33765411376953,3.332810401916504,11.094194412231445,9.63807201385498,1,3.344552516937256,7.0,9.600000000000001
18,2,0.0,8.3,7.800000000000001,2.1962813670341257,7.0,9.600000000000001,33.83765411376953,3.3522493839263916,11.094194412231445,9.673210144042969,1,3.3639914989471436,7.0,9.600000000000001
18,2,0.0,8.3,7.800000000000001,2.1962813670341257,7.0,9.600000000000001,34.33765411376953,3.3721747398376465,11.094194412231445,9.708762168884277,1,3.3839168548583984,7.0,9.600000000000001
18,2,0.0,8.3,7.800000000000001,2.1962813670341257,7.0,9.600000000000001,34.83765411376953,3.3925986289978027,11.094194412231445,9.74474048614502,1,3.4043407440185547,7.0,9.600000000000001
18,2,0.0,8.3,7.800000000000001,2.1962813670341257,7.0,9.600000000000001,35.33765411376953,3.4135327339172363,11.094194412231445,9.781157493591309,1,3.4252748489379883,7.0,9.600000000000001
18,2,0.0,8.3,7.800000000000001,2.1962813670341257,7.0,9.600000000000001,35.83765411376953,3.434990167617798,11.094194412231445,9.818029403686523,1,3.44673228263855,7.0,9.600000000000001
18,2,0.0,8.3,7.800000000000001,2.1962813670341257,7.0,9.600000000000001,36.33765411376953,0.0,,,0,3.4687259197235107,7.0,9.600000000000001
18,2,0.0,8.3,7.800000000000001,2.1962813670341257,7.0,9.600000000000001,36.83765411376953,3.479527473449707,11.094194412231445,9.893189430236816,1,3.491269588470459,7.0,9.600000000000001
18,2,0.0,8.3,7.800000000000001,2.1962813670341257,7.0,9.600000000000001,37.33765411376953,0.0,,,0,3.5143778324127197,7.0,9.600000000000001
18,2,0.0,8.3,7.800000000000001,2.1962813670341257,7.0,9.600000000000001,37.83765411376953,0.0,,,0,3.538065195083618,7.0,9.600000000000001
18,2,0.0,8.3,7.800000000000001,2.1962813670341257,7.0,9.600000000000001,38.33765411376953,3.550604820251465,11.094194412231445,10.00970458984375,1,3.562346935272217,7.0,9.600000000000001
18,2,0.0,8.3,7.800000000000001,2.1962813670341257,7.0,9.600000000000001,38.83765411376953,0.0,,,0,3.5872395038604736,7.0,9.600000000000001
18,2,0.0,8.3,7.800000000000001,2.1962813670341257,7.0,9.600000000000001,39.33765411376953,3.601017475128174,11.094194412231445,10.090089797973633,1,3.612759590148926,7.0,9.600000000000001
18,2,0.0,8.3,7.800000000000001,2.1962813670341257,7.0,9.600000000000001,39.83765411376953,3.6271822452545166,11.094194412231445,10.131147384643555,1,3.6389243602752686,7.0,9.600000000000001
18,2,0.0,8.3,7.800000000000001,2.1962813670341257,7.0,9.600000000000001,40.33765411376953,3.6540098190307617,11.094194412231445,10.172807693481445,1,3.6657519340515137,7.0,9.600000000000001
18,2,0.0,8.3,7.800000000000001,2.1962813670341257,7.0,9.600000000000001,40.83765411376953,0.0,,,0,3.68163800239563,7.0,9.600000000000001
18,2,0.0,8.3,7.800000000000001,2.1962813670341257,7.0,9.600000000000001,41.33765411376953,3.6332337856292725,11.036758422851562,10.207489013671875,1,3.6449759006500244,7.0,9.600000000000001
18,2,0.0,8.3,7.800000000000001,2.1962813670341257,7.0,9.600000000000001,41.83765411376953,3.597566604614258,10.9890718460083,10.207489013671875,1,3.6093087196350098,7.0,9.600000000000001
18,2,0.0,8.3,7.800000000000001,2.1962813670341257,7.0,9.600000000000001,42.33765411376953,3.5628602504730225,10.942305564880371,10.207489013671875,1,3.5746023654937744,7.0,9.600000000000001
18,2,0.0,8.3,7.800000000000001,2.1962813670341257,7.0,9.600000000000001,42.83765411376953,3.5290822982788086,10.896427154541016,10.207489013671875,1,3.5408244132995605,7.0,9.600000000000001
18,2,0.0,8.3,7.800000000000001,2.1962813670341257,7.0,9.600000000000001,43.33765411376953,0.0,,,0,3.5079433917999268,7.0,9.600000000000001
18,2,0.0,8.3,7.800000000000001,2.1962813670341257,7.0,9.600000000000001,43.83765411376953,3.4641873836517334,10.807206153869629,10.207489013671875,1,3.4759294986724854,7.0,9.600000000000001
18,2,0.0,8.3,7.800000000000001,2.1962813670341257,7.0,9.600000000000001,44.33765411376953,3.4330127239227295,10.76380443572998,10.207489013671875,1,3.4447548389434814,7.0,9.600000000000001
18,2,0.0,8.3,7.800000000000001,2.1962813670341257,7.0,9.600000000000001,44.83765411376953,3.4026501178741455,10.721171379089355,10.207489013671875,1,3.4143922328948975,7.0,9.600000000000001
18,2,0.0,8.3,7.800000000000001,2.1962813670341257,7.0,9.600000000000001,45.33765411376953,3.3730733394622803,10.679279327392578,10.207489013671875,1,3.3848154544830322,7.0,9.600000000000001
18,2,0.0,8.3,7.800000000000001,2.1962813670341257,7.0,9.600000000000001,45.83765411376953,3.3442580699920654,10.638104438781738,10.207489013671875,1,3.3560001850128174,7.0,9.600000000000001
18,2,0.0,8.3,7.800000000000001,2.1962813670341257,7.0,9.600000000000001,46.33765411376953,0.0,,,0,3.3279225826263428,7.0,9.600000000000001
18,2,0.0,8.3,7.800000000000001,2.1962813670341257,7.0,9.600000000000001,46.83765411376953,3.288818120956421,10.557806968688965,10.207489013671875,1,3.300560235977173,7.0,9.600000000000001
18,2,0.0,8.3,7.800000000000001,2.1962813670341257,7.0,9.600000000000001,47.33765411376953,3.2621493339538574,10.51863956451416,10.207489013671875,1,3.2738914489746094,7.0,9.600000000000001
18,2,0.0,8.3,7.800000000000001,2.1962813670341257,7.0,9.600000000000001,47.83765411376953,3.2361533641815186,10.480096817016602,10.207489013671875,1,3.2478954792022705,7.0,9.600000000000001
18,2,0.0,8.3,7.800000000000001,2.1962813670341257,7.0,9.600000000000001,48.33765411376953,3.210810422897339,10.442157745361328,10.207489013671875,1,3.222552537918091,7.0,9.600000000000001
18,2,0.0,8.3,7.800000000000001,2.1962813670341257,7.0,9.600000000000001,48.83765411376953,0.0,,,0,3.1978437900543213,7.0,9.600000000000001
18,2,0.0,8.3,7.800000000000001,2.1962813670341257,7.0,9.600000000000001,49.33765411376953,3.162008762359619,10.368016242980957,10.207489013671875,1,3.173750877380371,7.0,9.600000000000001
18,2,0.0,8.3,7.800000000000001,2.1962813670341257,7.0,9.600000000000001,49.83765411376953,3.138514280319214,10.331775665283203,10.207489013671875,1,3.150256395339966,7.0,9.600000000000001
18,2,0.0,8.3,7.800000000000001,2.1962813670341257,7.0,9.600000000000001,50.33765411376953,3.1156015396118164,10.296064376831055,10.207489013671875,1,3.1273436546325684,7.0,9.600000000000001
18,2,0.0,8.3,7.800000000000001,2.1962813670341257,7.0,9.600000000000001,50.83765411376953,3.093254566192627,10.26086711883545,10.207489013671875,1,3.104996681213379,7.0,9.600000000000001
18,2,0.0,8.3,7.800000000000001,2.1962813670341257,7.0,9.600000000000001,51.33765411376953,3.071457624435425,10.226166725158691,10.207489013671875,1,3.0831997394561768,7.0,9.600000000000001
18,2,0.0,8.3,7.800000000000001,2.1962813670341257,7.0,9.600000000000001,51.83765411376953,3.0501961708068848,10.191946983337402,10.207489013671875,1,3.0619382858276367,7.0,9.600000000000001
18,2,0.0,8.3,7.800000000000001,2.1962813670341257,7.0,9.600000000000001,52.33765411376953,3.0294559001922607,10.158193588256836,10.207489013671875,1,3.0411980152130127,7.0,9.600000000000001
18,2,0.0,8.3,7.800000000000001,2.1962813670341257,7.0,9.600000000000001,52.83765411376953,3.009223222732544,10.12489128112793,10.207489013671875,1,3.020965337753296,7.0,9.600000000000001
18,2,0.0,8.3,7.800000000000001,2.1962813670341257,7.0,9.600000000000001,53.33765411376953,2.989485263824463,10.092026710510254,10.207489013671875,1,3.001227378845215,7.0,9.600000000000001
18,2,0.0,8.3,7.800000000000001,2.1962813670341257,7.0,9.600000000000001,53.83765411376953,0.0,,,0,2.981971025466919,7.0,9.600000000000001
18,2,0.0,8.3,7.800000000000001,2.1962813670341257,7.0,9.600000000000001,54.33765411376953,2.9514424800872803,10.027558326721191,10.207489013671875,1,2.9631845951080322,7.0,9.600000000000001
18,2,0.0,8.3,7.800000000000001,2.1962813670341257,7.0,9.600000000000001,54.83765411376953,2.9331140518188477,9.995928764343262,10.207489013671875,1,2.9448561668395996,7.0,9.600000000000001
18,2,0.0,8.3,7.800000000000001,2.1962813670341257,7.0,9.600000000000001,55.33765411376953,2.9152324199676514,9.96468448638916,10.207489013671875,1,2.9269745349884033,7.0,9.600000000000001
18,2,0.0,8.3,7.800000000000001,2.1962813670341257,7.0,9.600000000000001,55.83765411376953,2.897786855697632,9.933815956115723,10.207489013671875,1,2.909528970718384,7.0,9.600000000000001
18,2,0.0,8.3,7.800000000000001,2.1962813670341257,7.0,9.600000000000001,56.33765411376953,2.8807671070098877,9.903310775756836,10.207489013671875,1,2.8925092220306396,7.0,9.600000000000001
18,2,0.0,8.3,7.800000000000001,2.1962813670341257,7.0,9.600000000000001,56.83765411376953,2.8641629219055176,9.87315845489502,10.207489013671875,1,2.8759050369262695,7.0,9.600000000000001
18,2,0.0,8.3,7.800000000000001,2.1962813670341257,7.0,9.600000000000001,57.33765411376953,2.8479650020599365,9.843347549438477,10.207489013671875,1,2.8597071170806885,7.0,9.600000000000001
18,2,0.0,8.3,7.800000000000001,2.1962813670341257,7.0,9.600000000000001,57.83765411376953,2.8321638107299805,9.813868522644043,10.207489013671875,1,2.8439059257507324,7.0,9.600000000000001
18,2,0.0,8.3,7.800000000000001,2.1962813670341257,7.0,9.600000000000001,58.33765411376953,2.8167505264282227,9.784710884094238,10.207489013671875,1,2.8284926414489746,7.0,9.600000000000001
18,2,0.0,8.3,7.800000000000001,2.1962813670341257,7.0,9.600000000000001,58.83765411376953,2.8017163276672363,9.755866050720215,10.207489013671875,1,2.8134584426879883,7.0,9.600000000000001
18,2,0.0,8.3,7.800000000000001,2.1962813670341257,7.0,9.600000000000001,59.33765411376953,2.787053346633911,9.727323532104492,10.207489013671875,1,2.798795461654663,7.0,9.600000000000001
18,2,0.0,8.3,7.800000000000001,2.1962813670341257,7.0,9.600000000000001,59.83765411376953,2.7727532386779785,9.699074745178223,10.207489013671875,1,2.7844953536987305,7.0,9.600000000000001
18,2,0.0,8.3,7.800000000000001,2.1962813670341257,7.0,9.600000000000001,60.33765411376953,2.7588083744049072,9.671111106872559,10.207489013671875,1,2.770550489425659,7.0,9.600000000000001
18,2,0.0,8.3,7.800000000000001,2.1962813670341257,7.0,9.600000000000001,60.83765411376953,2.745211601257324,9.643424987792969,10.207489013671875,1,2.756953716278076,7.0,9.600000000000001
18,2,0.0,8.3,7.800000000000001,2.1962813670341257,7.0,9.600000000000001,61.33765411376953,2.7319555282592773,9.616005897521973,10.207489013671875,1,2.7436976432800293,7.0,9.600000000000001
18,2,0.0,8.3,7.800000000000001,2.1962813670341257,7.0,9.600000000000001,61.83765411376953,2.7190330028533936,9.588848114013672,10.207489013671875,1,2.7307751178741455,7.0,9.600000000000001
18,2,0.0,8.3,7.800000000000001,2.1962813670341257,7.0,9.600000000000001,62.33765411376953,2.706437826156616,9.561942100524902,10.207489013671875,1,2.718179941177368,7.0,9.600000000000001
18,2,0.0,8.3,7.800000000000001,2.1962813670341257,7.0,9.600000000000001,62.83765411376953,2.6941635608673096,9.535282135009766,10.207489013671875,1,2.7059056758880615,7.0,9.600000000000001
18,2,0.0,8.3,7.800000000000001,2.1962813670341257,7.0,9.600000000000001,63.33765411376953,2.682203769683838,9.508859634399414,10.207489013671875,1,2.69394588470459,7.0,9.600000000000001
18,2,0.0,8.3,7.800000000000001,2.1962813670341257,7.0,9.600000000000001,63.83765411376953,2.6705527305603027,9.482666969299316,10.207489013671875,1,2.6822948455810547,7.0,9.600000000000001
18,2,0.0,8.3,7.800000000000001,2.1962813670341257,7.0,9.600000000000001,64.33765411376953,2.6592042446136475,9.456698417663574,10.207489013671875,1,2.6709463596343994,7.0,9.600000000000001
18,2,0.0,8.3,7.800000000000001,2.1962813670341257,7.0,9.600000000000001,64.83765411376953,2.648153305053711,9.430946350097656,10.207489013671875,1,2.659895420074463,7.0,9.600000000000001
18,2,0.0,8.3,7.800000000000001,2.1962813670341257,7.0,9.600000000000001,65.33765411376953,0.0,,,0,2.649136543273926,7.0,9.600000000000001
18,2,0.0,8.3,7.800000000000001,2.1962813670341257,7.0,9.600000000000001,65.83765411376953,2.626922130584717,9.380067825317383,10.207489013671875,1,2.6386642456054688,7.0,9.600000000000001
18,2,0.0,8.3,7.800000000000001,2.1962813670341257,7.0,9.600000000000001,66.33765411376953,2.616731882095337,9.354927062988281,10.207489013671875,1,2.628473997116089,7.0,9.600000000000001
18,2,0.0,8.3,7.800000000000001,2.1962813670341257,7.0,9.600000000000001,66.83765411376953,2.606818675994873,9.329978942871094,10.207489013671875,1,2.618560791015625,7.0,9.600000000000001
18,2,0.0,8.3,7.800000000000001,2.1962813670341257,7.0,9.600000000000001,67.33765411376953,2.597177743911743,9.305215835571289,10.207489013671875,1,2.608919858932495,7.0,9.600000000000001
18,2,0.0,8.3,7.800000000000001,2.1962813670341257,7.0,9.600000000000001,67.83765411376953,0.0,,,0,2.5995471477508545,7.0,9.600000000000001
18,2,0.0,8.3,7.800000000000001,2.1962813670341257,7.0,9.600000000000001,68.33765411376953,2.578695774078369,9.256223678588867,10.207489013671875,1,2.590437889099121,7.0,9.600000000000001
18,2,0.0,8.3,7.800000000000001,2.1962813670341257,7.0,9.600000000000001,68.83765411376953,0.0,,,0,2.5815882682800293,7.0,9.600000000000001
18,2,0.0,8.3,7.800000000000001,2.1962813670341257,7.0,9.600000000000001,69.33765411376953,2.5612518787384033,9.207906723022461,10.207489013671875,1,2.5729939937591553,7.0,9.600000000000001
18,2,0.0,8.3,7.800000000000001,2.1962813670341257,7.0,9.600000000000001,69.83765411376953,2.5529096126556396,9.183987617492676,10.207489013671875,1,2.5646517276763916,7.0,9.600000000000001
18,2,0.0,8.3,7.800000000000001,2.1962813670341257,7.0,9.600000000000001,70.33765411376953,2.5448150634765625,9.160221099853516,10.207489013671875,1,2.5565571784973145,7.0,9.600000000000001
18,2,0.0,8.3,7.800000000000001,2.1962813670341257,7.0,9.600000000000001,70.83765411376953,2.5369651317596436,9.136602401733398,10.207489013671875,1,2.5487072467803955,7.0,9.600000000000001
18,2,0.0,8.3,7.800000000000001,2.1962813670341257,7.0,9.600000000000001,71.33765411376953,2.529356002807617,9.113126754760742,10.207489013671875,1,2.541098117828369,7.0,9.600000000000001
18,2,0.0,8.3,7.800000000000001,2.1962813670341257,7.0,9.600000000000001,71.83765411376953,2.521984577178955,9.089789390563965,10.207489013671875,1,2.533726692199707,7.0,9.600000000000001
18,2,0.0,8.3,7.800000000000001,2.1962813670341257,7.0,9.600000000000001,72.33765411376953,2.514847755432129,9.066584587097168,10.207489013671875,1,2.526589870452881,7.0,9.600000000000001
18,2,0.0,8.3,7.800000000000001,2.1962813670341257,7.0,9.600000000000001,72.83765411376953,0.0,,,0,2.519684314727783,7.0,9.600000000000001
18,2,0.0,8.3,7.800000000000001,2.1962813670341257,7.0,9.600000000000001,73.33765411376953,2.501265287399292,9.020557403564453,10.207489013671875,1,2.513007402420044,7.0,9.600000000000001
18,2,0.0,8.3,7.800000000000001,2.1962813670341257,7.0,9.600000000000001,73.83765411376953,2.494814157485962,8.997724533081055,10.207489013671875,1,2.506556272506714,7.0,9.600000000000001
18,2,0.0,8.3,7.800000000000001,2.1962813670341257,7.0,9.600000000000001,74.33765411376953,2.4885857105255127,8.975008010864258,10.207489013671875,1,2.5003278255462646,7.0,9.600000000000001
18,2,0.0,8.3,7.800000000000001,2.1962813670341257,7.0,9.600000000000001,74.83765411376953,0.0,,,0,2.4943199157714844,7.0,9.600000000000001
18,2,0.0,8.3,7.800000000000001,2.1962813670341257,7.0,9.600000000000001,75.33765411376953,2.476787805557251,8.929902076721191,10.207489013671875,1,2.488529920578003,7.0,9.600000000000001
18,2,0.0,8.3,7.800000000000001,2.1962813670341257,7.0,9.600000000000001,75.83765411376953,2.4712131023406982,8.90750503540039,10.207489013671875,1,2.48295521736145,7.0,9.600000000000001
18,2,0.0,8.3,7.800000000000001,2.1962813670341257,7.0,9.600000000000001,76.33765411376953,2.4658515453338623,8.885207176208496,10.207489013671875,1,2.4775936603546143,7.0,9.600000000000001
18,2,0.0,8.3,7.800000000000001,2.1962813670341257,7.0,9.600000000000001,76.83765411376953,2.4607012271881104,8.86300277709961,10.207489013671875,1,2.4724433422088623,7.0,9.600000000000001
18,2,0.0,8.3,7.800000000000001,2.1962813670341257,7.0,9.600000000000001,77.33765411376953,2.4557595252990723,8.840888977050781,10.207489013671875,1,2.467501640319824,7.0,9.600000000000001
18,2,0.0,8.3,7.800000000000001,2.1962813670341257,7.0,9.600000000000001,77.83765411376953,2.4510250091552734,8.818861961364746,10.207489013671875,1,2.4627671241760254,7.0,9.600000000000001
18,2,0.0,8.3,7.800000000000001,2.1962813670341257,7.0,9.600000000000001,78.33765411376953,2.446495294570923,8.796916961669922,10.207489013671875,1,2.458237409591675,7.0,9.600000000000001
18,2,0.0,8.3,7.800000000000001,2.1962813670341257,7.0,9.600000000000001,78.83765411376953,2.442168712615967,8.775052070617676,10.207489013671875,1,2.4539108276367188,7.0,9.600000000000001
18,2,0.0,8.3,7.800000000000001,2.1962813670341257,7.0,9.600000000000001,79.33765411376953,2.4380435943603516,8.75326156616211,10.207489013671875,1,2.4497857093811035,7.0,9.600000000000001
18,2,0.0,8.3,7.800000000000001,2.1962813670341257,7.0,9.600000000000001,79.83765411376953,2.4341182708740234,8.731542587280273,10.207489013671875,1,2.4458603858947754,7.0,9.600000000000001
18,2,0.0,8.3,7.800000000000001,2.1962813670341257,7.0,9.600000000000001,80.33765411376953,2.4303910732269287,8.709891319274902,10.207489013671875,1,2.4421331882476807,7.0,9.600000000000001
18,2,0.0,8.3,7.800000000000001,2.1962813670341257,7.0,9.600000000000001,80.83765411376953,2.426860809326172,8.688304901123047,10.207489013671875,1,2.438602924346924,7.0,9.600000000000001
18,2,0.0,8.3,7.800000000000001,2.1962813670341257,7.0,9.600000000000001,81.33765411376953,2.423525810241699,8.666778564453125,10.207489013671875,1,2.435267925262451,7.0,9.600000000000001
18,2,0.0,8.3,7.800000000000001,2.1962813670341257,7.0,9.600000000000001,81.83765411376953,0.0,,,0,2.4321272373199463,7.0,9.600000000000001
18,2,0.0,8.3,7.800000000000001,2.1962813670341257,7.0,9.600000000000001,82.33765411376953,0.0,,,0,2.4291791915893555,7.0,9.600000000000001
18,2,0.0,8.3,7.800000000000001,2.1962813670341257,7.0,9.600000000000001,82.83765411376953,2.4146807193756104,8.602529525756836,10.207489013671875,1,2.4264228343963623,7.0,9.600000000000001
18,2,0.0,8.3,7.800000000000001,2.1962813670341257,7.0,9.600000000000001,83.33765411376953,2.4121150970458984,8.58121109008789,10.207489013671875,1,2.4238572120666504,7.0,9.600000000000001
18,2,0.0,8.3,7.800000000000001,2.1962813670341257,7.0,9.600000000000001,83.83765411376953,2.4097390174865723,8.5599365234375,10.207489013671875,1,2.421481132507324,7.0,9.600000000000001
18,2,0.0,8.3,7.800000000000001,2.1962813670341257,7.0,9.600000000000001,84.33765411376953,2.4075517654418945,8.538702011108398,10.207489013671875,1,2.4192938804626465,7.0,9.600000000000001
18,2,0.0,8.3,7.800000000000001,2.1962813670341257,7.0,9.600000000000001,84.83765411376953,2.4055521488189697,8.51750373840332,10.207489013671875,1,2.4172942638397217,7.0,9.600000000000001
18,2,0.0,8.3,7.800000000000001,2.1962813670341257,7.0,9.600000000000001,85.33765411376953,2.4037396907806396,8.496338844299316,10.207489013671875,1,2.4154818058013916,7.0,9.600000000000001
18,2,0.0,8.3,7.800000000000001,2.1962813670341257,7.0,9.600000000000001,85.83765411376953,2.402113914489746,8.475204467773438,10.207489013671875,1,2.413856029510498,7.0,9.600000000000001
18,2,0.0,8.3,7.800000000000001,2.1962813670341257,7.0,9.600000000000001,86.33765411376953,2.4006736278533936,8.454096794128418,10.207489013671875,1,2.4124157428741455,7.0,9.600000000000001
18,2,0.0,8.3,7.800000000000001,2.1962813670341257,7.0,9.600000000000001,86.83765411376953,2.399418592453003,8.433012962341309,10.207489013671875,1,2.411160707473755,7.0,9.600000000000001
18,2,0.0,8.3,7.800000000000001,2.1962813670341257,7.0,9.600000000000001,87.33765411376953,2.398348331451416,8.411949157714844,10.207489013671875,1,2.410090446472168,7.0,9.600000000000001
18,2,0.0,8.3,7.800000000000001,2.1962813670341257,7.0,9.600000000000001,87.83765411376953,2.3974626064300537,8.390901565551758,10.207489013671875,1,2.4092047214508057,7.0,9.600000000000001
18,2,0.0,8.3,7.800000000000001,2.1962813670341257,7.0,9.600000000000001,88.33765411376953,0.0,,,0,2.4085028171539307,7.0,9.600000000000001
18,2,0.0,8.3,7.800000000000001,2.1962813670341257,7.0,9.600000000000001,88.83765411376953,2.396242618560791,8.348846435546875,10.207489013671875,1,2.407984733581543,7.0,9.600000000000001
18,2,0.0,8.3,7.800000000000001,2.1962813670341257,7.0,9.600000000000001,89.33765411376953,2.3959078788757324,8.327832221984863,10.207489013671875,1,2.4076499938964844,7.0,9.600000000000001
18,2,0.0,8.3,7.800000000000001,2.1962813670341257,7.0,9.600000000000001,89.83765411376953,2.395756721496582,8.306821823120117,10.207489013671875,1,2.407498836517334,7.0,9.600000000000001
18,2,0.0,8.3,7.800000000000001,2.1962813670341257,7.0,9.600000000000001,90.33765411376953,0.0,,,0,7.800135612487793,7.0,9.600000000000001
18,2,0.0,8.3,7.800000000000001,2.1962813670341257,7.0,9.600000000000001,90.83765411376953,7.78909158706665,8.185956954956055,15.600000381469727,1,7.800833702087402,7.0,9.600000000000001
18,2,0.0,8.3,7.800000000000001,2.1962813670341257,7.0,9.600000000000001,91.33765411376953,7.790384292602539,8.117864608764648,15.600000381469727,1,7.802126407623291,7.0,9.600000000000001
18,2,0.0,8.3,7.800000000000001,2.1962813670341257,7.0,9.600000000000001,91.83765411376953,7.792271614074707,8.04974365234375,15.600000381469727,1,7.804013729095459,7.0,9.600000000000001
18,2,0.0,8.3,7.800000000000001,2.1962813670341257,7.0,9.600000000000001,92.33765411376953,0.0,,,0,7.806496620178223,7.0,9.600000000000001
18,2,0.0,8.3,7.800000000000001,2.1962813670341257,7.0,9.600000000000001,92.83765411376953,7.7978339195251465,7.9133782386779785,15.600000381469727,1,7.809576034545898,7.0,9.600000000000001
18,2,0.0,8.3,7.800000000000001,2.1962813670341257,7.0,9.600000000000001,93.33765411376953,7.801510810852051,7.845111846923828,15.600000381469727,1,7.813252925872803,7.0,9.600000000000001
18,2,0.0,8.3,7.800000000000001,2.1962813670341257,7.0,9.600000000000001,93.83765411376953,7.805787086486816,7.77677583694458,15.600000381469727,1,7.817529201507568,7.0,9.600000000000001
18,2,0.0,8.3,7.800000000000001,2.1962813670341257,7.0,9.600000000000001,94.33765411376953,7.810664176940918,7.708359718322754,15.600000381469727,1,7.82240629196167,7.0,9.600000000000001
18,2,0.0,8.3,7.800000000000001,2.1962813670341257,7.0,9.600000000000001,94.83765411376953,7.81614351272583,7.639853477478027,15.600000381469727,1,7.827885627746582,7.0,9.600000000000001
18,2,0.0,8.3,7.800000000000001,2.1962813670341257,7.0,9.600000000000001,95.33765411376953,0.0,,,0,7.833969593048096,7.0,9.600000000000001
18,2,0.0,8.3,7.800000000000001,2.1962813670341257,7.0,9.600000000000001,95.83765411376953,7.828918933868408,7.502525806427002,15.600000381469727,1,7.84066104888916,7.0,9.600000000000001
18,2,0.0,8.3,7.800000000000001,2.1962813670341257,7.0,9.600000000000001,96.33765411376953,0.0,,,0,7.847961902618408,7.0,9.600000000000001
18,2,0.0,8.3,7.800000000000001,2.1962813670341257,7.0,9.600000000000001,96.83765411376953,7.844132900238037,7.364706993103027,15.600000381469727,1,7.855875015258789,7.0,9.600000000000001
18,2,0.0,8.3,7.800000000000001,2.1962813670341257,7.0,9.600000000000001,97.33765411376953,0.0,,,0,7.86440372467041,7.0,9.600000000000001
18,2,0.0,8.3,7.800000000000001,2.1962813670341257,7.0,9.600000000000001,97.83765411376953,0.0,,,0,7.873551368713379,7.0,9.600000000000001
18,2,0.0,8.3,7.800000000000001,2.1962813670341257,7.0,9.600000000000001,98.33765411376953,7.871579170227051,7.156867504119873,15.600000381469727,1,7.883321285247803,7.0,9.600000000000001
18,2,0.0,8.3,7.800000000000001,2.1962813670341257,7.0,9.600000000000001,98.83765411376953,7.881975173950195,7.087246894836426,15.600000381469727,1,7.893717288970947,7.0,9.600000000000001
18,2,0.0,8.3,7.800000000000001,2.1962813670341257,7.0,9.600000000000001,99.33765411376953,7.893001079559326,7.017436981201172,15.600000381469727,1,7.904743194580078,7.0,9.600000000000001
18,2,0.0,8.3,7.800000000000001,2.1962813670341257,7.0,9.600000000000001,99.83765411376953,7.904662132263184,6.947426795959473,15.600000381469727,1,7.9164042472839355,7.0,9.600000000000001
18,2,0.0,8.3,7.800000000000001,2.1962813670341257,7.0,9.600000000000001,100.33765411376953,7.916962146759033,6.877203941345215,15.600000381469727,1,7.928704261779785,7.0,9.600000000000001
18,2,0.0,8.3,7.800000000000001,2.1962813670341257,7.0,9.600000000000001,100.83765411376953,0.0,,,0,7.941648006439209,7.0,9.600000000000001
18,2,0.0,8.3,7.800000000000001,2.1962813670341257,7.0,9.600000000000001,101.33765411376953,7.9434990882873535,6.736074924468994,15.600000381469727,1,7.9552412033081055,7.0,9.600000000000001
18,2,0.0,8.3,7.800000000000001,2.1962813670341257,7.0,9.600000000000001,101.83765411376953,7.957746505737305,6.665144920349121,15.600000381469727,1,7.969488620758057,7.0,9.600000000000001
18,2,0.0,8.3,7.800000000000001,2.1962813670341257,7.0,9.600000000000001,102.33765411376953,7.944361686706543,6.599999904632568,15.57236099243164,1,7.956103801727295,7.0,9.600000000000001
18,2,0.0,8.3,7.800000000000001,2.1962813670341257,7.0,9.600000000000001,102.83765411376953,7.639391899108887,6.599999904632568,15.259882926940918,1,7.651134014129639,7.0,9.600000000000001
18,2,0.0,8.3,7.800000000000001,2.1962813670341257,7.0,9.600000000000001,103.33765411376953,7.357479095458984,6.599999904632568,14.970455169677734,1,7.369221210479736,7.0,9.600000000000001
18,2,0.0,8.3,7.800000000000001,2.1962813670341257,7.0,9.600000000000001,103.83765411376953,7.09612512588501,6.599999904632568,14.701578140258789,1,7.107867240905762,7.0,9.600000000000001
18,2,0.0,8.3,7.800000000000001,2.1962813670341257,7.0,9.600000000000001,104.33765411376953,2.4731433391571045,7.684653282165527,10.207489013671875,1,2.4848854541778564,7.0,9.600000000000001
18,2,0.0,8.3,7.800000000000001,2.1962813670341257,7.0,9.600000000000001,104.83765411376953,0.0,,,0,2.490535259246826,7.0,9.600000000000001
18,2,0.0,8.3,7.800000000000001,2.1962813670341257,7.0,9.600000000000001,105.33765411376953,2.484659433364868,7.639684677124023,10.207489013671875,1,2.49640154838562,7.0,9.600000000000001
18,2,0.0,8.3,7.800000000000001,2.1962813670341257,7.0,9.600000000000001,105.83765411376953,2.4907443523406982,7.617040157318115,10.207489013671875,1,2.50248646736145,7.0,9.600000000000001
18,2,0.0,8.3,7.800000000000001,2.1962813670341257,7.0,9.600000000000001,106.33765411376953,2.4970505237579346,7.594283103942871,10.207489013671875,1,2.5087926387786865,7.0,9.600000000000001
18,2,0.0,8.3,7.800000000000001,2.1962813670341257,7.0,9.600000000000001,106.83765411376953,2.5035805702209473,7.571409702301025,10.207489013671875,1,2.515322685241699,7.0,9.600000000000001
18,2,0.0,8.3,7.800000000000001,2.1962813670341257,7.0,9.600000000000001,107.33765411376953,2.5103373527526855,7.548414707183838,10.207489013671875,1,2.5220794677734375,7.0,9.600000000000001
18,2,0.0,8.3,7.800000000000001,2.1962813670341257,7.0,9.600000000000001,107.83765411376953,2.5173234939575195,7.525294303894043,10.207489013671875,1,2.5290656089782715,7.0,9.600000000000001
18,2,0.0,8.3,7.800000000000001,2.1962813670341257,7.0,9.600000000000001,108.33765411376953,2.5245423316955566,7.502043724060059,10.207489013671875,1,2.5362844467163086,7.0,9.600000000000001
18,2,0.0,8.3,7.800000000000001,2.1962813670341257,7.0,9.600000000000001,108.83765411376953,0.0,,,0,2.543738603591919,7.0,9.600000000000001
18,2,0.0,8.3,7.800000000000001,2.1962813670341257,7.0,9.600000000000001,109.33765411376953,2.539689779281616,7.455132961273193,10.207489013671875,1,2.551431894302368,7.0,9.600000000000001
18,2,0.0,8.3,7.800000000000001,2.1962813670341257,7.0,9.600000000000001,109.83765411376953,2.5476250648498535,7.43146276473999,10.207489013671875,1,2.5593671798706055,7.0,9.600000000000001
18,2,0.0,8.3,7.800000000000001,2.1962813670341257,7.0,9.600000000000001,110.33765411376953,2.5558061599731445,7.407643795013428,10.207489013671875,1,2.5675482749938965,7.0,9.600000000000001
18,2,0.0,8.3,7.800000000000001,2.1962813670341257,7.0,9.600000000000001,110.83765411376953,2.5642364025115967,7.383669853210449,10.207489013671875,1,2.5759785175323486,7.0,9.600000000000001
18,2,0.0,8.3,7.800000000000001,2.1962813670341257,7.0,9.600000000000001,111.33765411376953,2.5729196071624756,7.359536170959473,10.207489013671875,1,2.5846617221832275,7.0,9.600000000000001
18,2,0.0,8.3,7.800000000000001,2.1962813670341257,7.0,9.600000000000001,111.83765411376953,2.581859827041626,7.335237503051758,10.207489013671875,1,2.593601942062378,7.0,9.600000000000001
18,2,0.0,8.3,7.800000000000001,2.1962813670341257,7.0,9.600000000000001,112.33765411376953,2.5910608768463135,7.310768127441406,10.207489013671875,1,2.6028029918670654,7.0,9.600000000000001
18,2,0.0,8.3,7.800000000000001,2.1962813670341257,7.0,9.600000000000001,112.83765411376953,2.600527286529541,7.2861223220825195,10.207489013671875,1,2.612269401550293,7.0,9.600000000000001
18,2,0.0,8.3,7.800000000000001,2.1962813670341257,7.0,9.600000000000001,113.33765411376953,2.6102631092071533,7.261295318603516,10.207489013671875,1,2.6220052242279053,7.0,9.600000000000001
18,2,0.0,8.3,7.800000000000001,2.1962813670341257,7.0,9.600000000000001,113.83765411376953,2.6202728748321533,7.23628044128418,10.207489013671875,1,2.6320149898529053,7.0,9.600000000000001
18,2,0.0,8.3,7.800000000000001,2.1962813670341257,7.0,9.600000000000001,114.33765411376953,2.630561590194702,7.211071968078613,10.207489013671875,1,2.642303705215454,7.0,9.600000000000001
18,2,0.0,8.3,7.800000000000001,2.1962813670341257,7.0,9.600000000000001,114.83765411376953,2.6411337852478027,7.185663223266602,10.207489013671875,1,2.6528759002685547,7.0,9.600000000000001
18,2,0.0,8.3,7.800000000000001,2.1962813670341257,7.0,9.600000000000001,115.33765411376953,2.651994466781616,7.160048961639404,10.207489013671875,1,2.663736581802368,7.0,9.600000000000001
18,2,0.0,8.3,7.800000000000001,2.1962813670341257,7.0,9.600000000000001,115.83765411376953,2.663149118423462,7.134222030639648,10.207489013671875,1,2.674891233444214,7.0,9.600000000000001
18,2,0.0,8.3,7.800000000000001,2.1962813670341257,7.0,9.600000000000001,116.33765411376953,2.67460298538208,7.108175754547119,10.207489013671875,1,2.686345100402832,7.0,9.600000000000001
18,2,0.0,8.3,7.800000000000001,2.1962813670341257,7.0,9.600000000000001,116.83765411376953,2.68636155128479,7.081903457641602,10.207489013671875,1,2.698103666305542,7.0,9.600000000000001
18,2,0.0,8.3,7.800000000000001,2.1962813670341257,7.0,9.600000000000001,117.33765411376953,2.6984310150146484,7.055397987365723,10.207489013671875,1,2.7101731300354004,7.0,9.600000000000001
18,2,0.0,8.3,7.800000000000001,2.1962813670341257,7.0,9.600000000000001,117.83765411376953,2.7108170986175537,7.028652191162109,10.207489013671875,1,2.7225592136383057,7.0,9.600000000000001
18,2,0.0,8.3,7.800000000000001,2.1962813670341257,7.0,9.600000000000001,118.33765411376953,2.7235262393951416,7.001658916473389,10.207489013671875,1,2.7352683544158936,7.0,9.600000000000001
18,2,0.0,8.3,7.800000000000001,2.1962813670341257,7.0,9.600000000000001,118.83765411376953,2.736564874649048,6.974410533905029,10.207489013671875,1,2.7483069896698,7.0,9.600000000000001
18,2,0.0,8.3,7.800000000000001,2.1962813670341257,7.0,9.600000000000001,119.33765411376953,2.7499396800994873,6.946898937225342,10.207489013671875,1,2.7616817951202393,7.0,9.600000000000001
18,2,0.0,8.3,7.800000000000001,2.1962813670341257,7.0,9.600000000000001,119.83765411376953,2.763657808303833,6.919116020202637,10.207489013671875,1,2.775399923324585,7.0,9.600000000000001
18,2,0.0,8.3,7.800000000000001,2.1962813670341257,7.0,9.600000000000001,120.33765411376953,2.777726173400879,6.891053676605225,10.207489013671875,1,2.789468288421631,7.0,9.600000000000001
18,2,0.0,8.3,7.800000000000001,2.1962813670341257,7.0,9.600000000000001,120.83765411376953,2.7921526432037354,6.862703323364258,10.207489013671875,1,2.8038947582244873,7.0,9.600000000000001
18,2,0.0,8.3,7.800000000000001,2.1962813670341257,7.0,9.600000000000001,121.33765411376953,2.8069448471069336,6.8340559005737305,10.207489013671875,1,2.8186869621276855,7.0,9.600000000000001
18,2,0.0,8.3,7.800000000000001,2.1962813670341257,7.0,9.600000000000001,121.83765411376953,2.822110891342163,6.805102348327637,10.207489013671875,1,2.833853006362915,7.0,9.600000000000001
18,2,0.0,8.3,7.800000000000001,2.1962813670341257,7.0,9.600000000000001,122.33765411376953,2.8376593589782715,6.7758331298828125,10.207489013671875,1,2.8494014739990234,7.0,9.600000000000001
18,2,0.0,8.3,7.800000000000001,2.1962813670341257,7.0,9.600000000000001,122.83765411376953,2.8535985946655273,6.746239185333252,10.207489013671875,1,2.8653407096862793,7.0,9.600000000000001
18,2,0.0,8.3,7.800000000000001,2.1962813670341257,7.0,9.600000000000001,123.33765411376953,0.0,,,0,2.8816800117492676,7.0,9.600000000000001
18,2,0.0,8.3,7.800000000000001,2.1962813670341257,7.0,9.600000000000001,123.83765411376953,2.8866865634918213,6.686034202575684,10.207489013671875,1,2.8984286785125732,7.0,9.600000000000001
18,2,0.0,8.3,7.800000000000001,2.1962813670341257,7.0,9.600000000000001,124.33765411376953,2.9038546085357666,6.655402660369873,10.207489013671875,1,2.9155967235565186,7.0,9.600000000000001
18,2,0.0,8.3,7.800000000000001,2.1962813670341257,7.0,9.600000000000001,124.83765411376953,2.9214515686035156,6.624403953552246,10.207489013671875,1,2.9331936836242676,7.0,9.600000000000001
18,2,0.0,8.3,7.800000000000001,2.1962813670341257,7.0,9.600000000000001,125.33765411376953,2.927431583404541,6.599999904632568,10.197653770446777,1,2.939173698425293,7.0,9.600000000000001
18,2,0.0,8.3,7.800000000000001,2.1962813670341257,7.0,9.600000000000001,125.83765411376953,2.891806125640869,6.599999904632568,10.15384578704834,1,2.903548240661621,7.0,9.600000000000001
18,2,0.0,8.3,7.800000000000001,2.1962813670341257,7.0,9.600000000000001,126.33765411376953,2.8572494983673096,6.599999904632568,10.111084938049316,1,2.8689916133880615,7.0,9.600000000000001
18,2,0.0,8.3,7.800000000000001,2.1962813670341257,7.0,9.600000000000001,126.83765411376953,0.0,,,0,2.835461378097534,7.0,9.600000000000001
18,2,0.0,8.3,7.800000000000001,2.1962813670341257,7.0,9.600000000000001,127.33765411376953,2.7911746501922607,6.599999904632568,10.028529167175293,1,2.8029167652130127,7.0,9.600000000000001
18,2,0.0,8.3,7.800000000000001,2.1962813670341257,7.0,9.600000000000001,127.83765411376953,2.759577512741089,6.599999904632568,9.988655090332031,1,2.771319627761841,7.0,9.600000000000001
18,2,0.0,8.3,7.800000000000001,2.1962813670341257,7.0,9.600000000000001,128.337646484375,0.0,,,0,2.740633010864258,7.0,9.600000000000001
18,2,0.0,8.3,7.800000000000001,2.1962813670341257,7.0,9.600000000000001,128.837646484375,2.6990809440612793,6.599999904632568,9.911530494689941,1,2.7108230590820312,7.0,9.600000000000001
18,2,0.0,8.3,7.800000000000001,2.1962813670341257,7.0,9.600000000000001,129.337646484375,2.670114278793335,6.599999904632568,9.874211311340332,1,2.681856393814087,7.0,9.600000000000001
18,2,0.0,8.3,7.800000000000001,2.1962813670341257,7.0,9.600000000000001,129.837646484375,2.6419601440429688,6.599999904632568,9.837678909301758,1,2.6537022590637207,7.0,9.600000000000001
18,2,0.0,8.3,7.800000000000001,2.1962813670341257,7.0,9.600000000000001,130.337646484375,2.614588975906372,6.599999904632568,9.801902770996094,1,2.626331090927124,7.0,9.600000000000001
18,2,0.0,8.3,7.800000000000001,2.1962813670341257,7.0,9.600000000000001,130.837646484375,2.587972402572632,6.599999904632568,9.766854286193848,1,2.599714517593384,7.0,9.600000000000001
18,2,0.0,8.3,7.800000000000001,2.1962813670341257,7.0,9.600000000000001,131.337646484375,2.562084197998047,6.599999904632568,9.73250675201416,1,2.573826313018799,7.0,9.600000000000001
18,2,0.0,8.3,7.800000000000001,2.1962813670341257,7.0,9.600000000000001,131.837646484375,0.0,,,0,2.548640727996826,7.0,9.600000000000001
18,2,0.0,8.3,7.800000000000001,2.1962813670341257,7.0,9.600000000000001,132.337646484375,0.0,,,0,2.5241336822509766,7.0,9.600000000000001
18,2,0.0,8.3,7.800000000000001,2.1962813670341257,7.0,9.600000000000001,132.837646484375,0.0,,,0,2.500281810760498,7.0,9.600000000000001
18,2,0.0,8.3,7.800000000000001,2.1962813670341257,7.0,9.600000000000001,133.337646484375,2.4653215408325195,6.599999904632568,9.601622581481934,1,2.4770636558532715,7.0,9.600000000000001
18,2,0.0,8.3,7.800000000000001,2.1962813670341257,7.0,9.600000000000001,133.837646484375,2.442715644836426,6.599999904632568,9.570413589477539,1,2.4544577598571777,7.0,9.600000000000001
18,2,0.0,8.3,7.800000000000001,2.1962813670341257,7.0,9.600000000000001,134.337646484375,2.4207022190093994,6.599999904632568,9.539766311645508,1,2.4324443340301514,7.0,9.600000000000001
18,2,0.0,8.3,7.800000000000001,2.1962813670341257,7.0,9.600000000000001,134.837646484375,2.3992621898651123,6.599999904632568,9.509661674499512,1,2.4110043048858643,7.0,9.600000000000001
18,2,0.0,8.3,7.800000000000001,2.1962813670341257,7.0,9.600000000000001,135.337646484375,2.3783771991729736,6.599999904632568,9.480080604553223,1,2.3901193141937256,7.0,9.600000000000001
18,2,0.0,8.3,7.800000000000001,2.1962813670341257,7.0,9.600000000000001,135.837646484375,2.358029842376709,6.599999904632568,9.451005935668945,1,2.369771957397461,7.0,9.600000000000001
18,2,0.0,8.3,7.800000000000001,2.1962813670341257,7.0,9.600000000000001,136.337646484375,0.0,,,0,2.349945545196533,7.0,9.600000000000001
18,2,0.0,8.3,7.800000000000001,2.1962813670341257,7.0,9.600000000000001,136.837646484375,2.3188819885253906,6.599999904632568,9.394305229187012,1,2.3306241035461426,7.0,9.600000000000001
18,2,0.0,8.3,7.800000000000001,2.1962813670341257,7.0,9.600000000000001,137.337646484375,2.3000504970550537,6.599999904632568,9.366647720336914,1,2.3117926120758057,7.0,9.600000000000001
18,2,0.0,8.3,7.800000000000001,2.1962813670341257,7.0,9.600000000000001,137.837646484375,0.0,,,0,2.293436050415039,7.0,9.600000000000001
18,2,0.0,8.3,7.800000000000001,2.1962813670341257,7.0,9.600000000000001,138.337646484375,2.263798475265503,6.599999904632568,9.312642097473145,1,2.275540590286255,7.0,9.600000000000001
18,2,0.0,8.3,7.800000000000001,2.1962813670341257,7.0,9.600000000000001,138.837646484375,2.2463510036468506,6.599999904632568,9.28626537322998,1,2.2580931186676025,7.0,9.600000000000001
18,2,0.0,8.3,7.800000000000001,2.1962813670341257,7.0,9.600000000000001,139.337646484375,2.2293381690979004,6.599999904632568,9.26028823852539,1,2.2410802841186523,7.0,9.600000000000001
18,2,0.0,8.3,7.800000000000001,2.1962813670341257,7.0,9.600000000000001,139.837646484375,0.0,,,0,2.224490165710449,7.0,9.600000000000001
18,2,0.0,8.3,7.800000000000001,2.1962813670341257,7.0,9.600000000000001,140.337646484375,2.196568727493286,6.599999904632568,9.209481239318848,1,2.208310842514038,7.0,9.600000000000001
18,2,0.0,8.3,7.800000000000001,2.1962813670341257,7.0,9.600000000000001,140.837646484375,2.18078875541687,6.599999904632568,9.184626579284668,1,2.192530870437622,7.0,9.600000000000001
18,2,0.0,8.3,7.800000000000001,2.1962813670341257,7.0,9.600000000000001,141.337646484375,2.1653974056243896,6.599999904632568,9.160123825073242,1,2.1771395206451416,7.0,9.600000000000001
18,2,0.0,8.3,7.800000000000001,2.1962813670341257,7.0,9.600000000000001,141.837646484375,2.150383949279785,6.599999904632568,9.13595962524414,1,2.162126064300537,7.0,9.600000000000001
18,2,0.0,8.3,7.800000000000001,2.1962813670341257,7.0,9.600000000000001,142.337646484375,2.1357386112213135,6.599999904632568,9.112125396728516,1,2.1474807262420654,7.0,9.600000000000001
18,2,0.0,8.3,7.800000000000001,2.1962813670341257,7.0,9.600000000000001,142.837646484375,2.1214518547058105,6.599999904632568,9.088610649108887,1,2.1331939697265625,7.0,9.600000000000001
18,2,0.0,8.3,7.800000000000001,2.1962813670341257,7.0,9.600000000000001,143.337646484375,2.1075141429901123,6.599999904632568,9.065403938293457,1,2.1192562580108643,7.0,9.600000000000001
18,2,0.0,8.3,7.800000000000001,2.1962813670341257,7.0,9.600000000000001,143.837646484375,2.093916654586792,6.599999904632568,9.042496681213379,1,2.105658769607544,7.0,9.600000000000001
18,2,0.0,8.3,7.800000000000001,2.1962813670341257,7.0,9.600000000000001,144.337646484375,2.080651044845581,6.599999904632568,9.019880294799805,1,2.092393159866333,7.0,9.600000000000001
18,2,0.0,8.3,7.800000000000001,2.1962813670341257,7.0,9.600000000000001,144.837646484375,2.067708730697632,6.599999904632568,8.997546195983887,1,2.079450845718384,7.0,9.600000000000001
18,2,0.0,8.3,7.800000000000001,2.1962813670341257,7.0,9.600000000000001,145.337646484375,2.055082082748413,6.599999904632568,8.975483894348145,1,2.066824197769165,7.0,9.600000000000001
18,2,0.0,8.3,7.800000000000001,2.1962813670341257,7.0,9.600000000000001,145.837646484375,2.0427632331848145,6.599999904632568,8.953686714172363,1,2.0545053482055664,7.0,9.600000000000001
18,2,0.0,8.3,7.800000000000001,2.1962813670341257,7.0,9.600000000000001,146.337646484375,2.030745029449463,6.599999904632568,8.932146072387695,1,2.042487144470215,7.0,9.600000000000001
18,2,0.0,8.3,7.800000000000001,2.1962813670341257,7.0,9.600000000000001,146.837646484375,2.0190203189849854,6.599999904632568,8.91085433959961,1,2.0307624340057373,7.0,9.600000000000001
18,2,0.0,8.3,7.800000000000001,2.1962813670341257,7.0,9.600000000000001,147.337646484375,2.007582426071167,6.599999904632568,8.889803886413574,1,2.019324541091919,7.0,9.600000000000001
18,2,0.0,8.3,7.800000000000001,2.1962813670341257,7.0,9.600000000000001,147.837646484375,1.996424913406372,6.599999904632568,8.868987083435059,1,2.008167028427124,7.0,9.600000000000001
18,2,0.0,8.3,7.800000000000001,2.1962813670341257,7.0,9.600000000000001,148.337646484375,1.9855409860610962,6.599999904632568,8.84839916229248,1,1.9972831010818481,7.0,9.600000000000001
18,2,0.0,8.3,7.800000000000001,2.1962813670341257,7.0,9.600000000000001,148.837646484375,1.9749250411987305,6.599999904632568,8.828030586242676,1,1.9866671562194824,7.0,9.600000000000001
18,2,0.0,8.3,7.800000000000001,2.1962813670341257,7.0,9.600000000000001,149.337646484375,1.9645709991455078,6.599999904632568,8.807875633239746,1,1.9763131141662598,7.0,9.600000000000001
18,2,0.0,8.3,7.800000000000001,2.1962813670341257,7.0,9.600000000000001,149.837646484375,1.9544732570648193,6.599999904632568,8.787928581237793,1,1.9662153720855713,7.0,9.600000000000001
18,2,0.0,8.3,7.800000000000001,2.1962813670341257,7.0,9.600000000000001,150.337646484375,1.9446264505386353,6.599999904632568,8.768182754516602,1,1.9563685655593872,7.0,9.600000000000001
18,2,0.0,8.3,7.800000000000001,2.1962813670341257,7.0,9.600000000000001,150.837646484375,1.9350252151489258,6.599999904632568,8.748632431030273,1,1.9467673301696777,7.0,9.600000000000001
18,2,0.0,8.3,7.800000000000001,2.1962813670341257,7.0,9.600000000000001,151.337646484375,1.9256646633148193,6.599999904632568,8.729270935058594,1,1.9374067783355713,7.0,9.600000000000001
18,2,0.0,8.3,7.800000000000001,2.1962813670341257,7.0,9.600000000000001,151.837646484375,1.9165397882461548,6.599999904632568,8.710094451904297,1,1.9282819032669067,7.0,9.600000000000001
18,2,0.0,8.3,7.800000000000001,2.1962813670341257,7.0,9.600000000000001,152.337646484375,1.9076460599899292,6.599999904632568,8.691095352172852,1,1.9193881750106812,7.0,9.600000000000001
18,2,0.0,8.3,7.800000000000001,2.1962813670341257,7.0,9.600000000000001,152.837646484375,0.0,,,0,1.9107208251953125,7.0,9.600000000000001
18,2,0.0,8.3,7.800000000000001,2.1962813670341257,7.0,9.600000000000001,153.337646484375,1.8905335664749146,6.599999904632568,8.653611183166504,1,1.9022756814956665,7.0,9.600000000000001
18,2,0.0,8.3,7.800000000000001,2.1962813670341257,7.0,9.600000000000001,153.837646484375,1.8823063373565674,6.599999904632568,8.635116577148438,1,1.8940484523773193,7.0,9.600000000000001
18,2,0.0,8.3,7.800000000000001,2.1962813670341257,7.0,9.600000000000001,154.337646484375,1.8742929697036743,6.599999904632568,8.616779327392578,1,1.8860350847244263,7.0,9.600000000000001
18,2,0.0,8.3,7.800000000000001,2.1962813670341257,7.0,9.600000000000001,154.837646484375,1.8664895296096802,6.599999904632568,8.598594665527344,1,1.8782316446304321,7.0,9.600000000000001
18,2,0.0,8.3,7.800000000000001,2.1962813670341257,7.0,9.600000000000001,155.337646484375,1.8588923215866089,6.599999904632568,8.580559730529785,1,1.8706344366073608,7.0,9.600000000000001
18,2,0.0,8.3,7.800000000000001,2.1962813670341257,7.0,9.600000000000001,155.837646484375,1.8514976501464844,6.599999904632568,8.562667846679688,1,1.8632397651672363,7.0,9.600000000000001
18,2,0.0,8.3,7.800000000000001,2.1962813670341257,7.0,9.600000000000001,156.337646484375,1.8443019390106201,6.599999904632568,8.544916152954102,1,1.856044054031372,7.0,9.600000000000001
18,2,0.0,8.3,7.800000000000001,2.1962813670341257,7.0,9.600000000000001,156.837646484375,1.8373018503189087,6.599999904632568,8.527298927307129,1,1.8490439653396606,7.0,9.600000000000001
18,2,0.0,8.3,7.800000000000001,2.1962813670341257,7.0,9.600000000000001,157.337646484375,0.0,,,0,1.8422362804412842,7.0,9.600000000000001
18,2,0.0,8.3,7.800000000000001,2.1962813670341257,7.0,9.600000000000001,157.837646484375,1.8238757848739624,6.599999904632568,8.492454528808594,1,1.8356178998947144,7.0,9.600000000000001
18,2,0.0,8.3,7.800000000000001,2.1962813670341257,7.0,9.600000000000001,158.337646484375,1.8174434900283813,6.599999904632568,8.475218772888184,1,1.8291856050491333,7.0,9.600000000000001
18,2,0.0,8.3,7.800000000000001,2.1962813670341257,7.0,9.600000000000001,158.837646484375,0.0,,,0,1.8229365348815918,7.0,9.600000000000001
18,2,0.0,8.3,7.800000000000001,2.1962813670341257,7.0,9.600000000000001,159.337646484375,1.8051258325576782,6.599999904632568,8.441100120544434,1,1.8168679475784302,7.0,9.600000000000001
18,2,0.0,8.3,7.800000000000001,2.1962813670341257,7.0,9.600000000000001,159.837646484375,1.7992349863052368,6.599999904632568,8.424210548400879,1,1.8109771013259888,7.0,9.600000000000001
18,2,0.0,8.3,7.800000000000001,2.1962813670341257,7.0,9.600000000000001,160.337646484375,1.7935192584991455,6.599999904632568,8.407427787780762,1,1.8052613735198975,7.0,9.600000000000001
18,2,0.0,8.3,7.800000000000001,2.1962813670341257,7.0,9.600000000000001,160.837646484375,0.0,,,0,1.7997182607650757,7.0,9.600000000000001
18,2,0.0,8.3,7.800000000000001,2.1962813670341257,7.0,9.600000000000001,161.337646484375,1.782603144645691,6.599999904632568,8.374173164367676,1,1.7943452596664429,7.0,9.600000000000001
18,2,0.0,8.3,7.800000000000001,2.1962813670341257,7.0,9.600000000000001,161.837646484375,1.7773979902267456,6.599999904632568,8.357693672180176,1,1.7891401052474976,7.0,9.600000000000001
18,2,0.0,8.3,7.800000000000001,2.1962813670341257,7.0,9.600000000000001,162.337646484375,1.7723584175109863,6.599999904632568,8.34130859375,1,1.7841005325317383,7.0,9.600000000000001
18,2,0.0,8.3,7.800000000000001,2.1962813670341257,7.0,9.600000000000001,162.837646484375,1.7674822807312012,6.599999904632568,8.325014114379883,1,1.7792243957519531,7.0,9.600000000000001
18,2,0.0,8.3,7.800000000000001,2.1962813670341257,7.0,9.600000000000001,163.337646484375,1.7627675533294678,6.599999904632568,8.308807373046875,1,1.7745096683502197,7.0,9.600000000000001
18,2,0.0,8.3,7.800000000000001,2.1962813670341257,7.0,9.600000000000001,163.837646484375,0.0,,,0,1.7699542045593262,7.0,9.600000000000001
18,2,0.0,8.3,7.800000000000001,2.1962813670341257,7.0,9.600000000000001,164.337646484375,1.7538141012191772,6.599999904632568,8.276642799377441,1,1.7655562162399292,7.0,9.600000000000001
18,2,0.0,8.3,7.800000000000001,2.1962813670341257,7.0,9.600000000000001,164.837646484375,1.749571681022644,6.599999904632568,8.260680198669434,1,1.761313796043396,7.0,9.600000000000001
18,2,0.0,8.3,7.800000000000001,2.1962813670341257,7.0,9.600000000000001,165.337646484375,0.0,,,0,1.7572252750396729,7.0,9.600000000000001
18,2,0.0,8.3,7.800000000000001,2.1962813670341257,7.0,9.600000000000001,165.837646484375,1.7415467500686646,6.599999904632568,8.22897720336914,1,1.7532888650894165,7.0,9.600000000000001
18,2,0.0,8.3,7.800000000000001,2.1962813670341257,7.0,9.600000000000001,166.337646484375,0.0,,,0,1.7495030164718628,7.0,9.600000000000001
18,2,0.0,8.3,7.800000000000001,2.1962813670341257,7.0,9.600000000000001,166.837646484375,1.734123945236206,6.599999904632568,8.197552680969238,1,1.745866060256958,7.0,9.600000000000001
18,2,0.0,8.3,7.800000000000001,2.1962813670341257,7.0,9.600000000000001,167.337646484375,1.7306345701217651,6.599999904632568,8.181938171386719,1,1.742376685142517,7.0,9.600000000000001
18,2,0.0,8.3,7.800000000000001,2.1962813670341257,7.0,9.600000000000001,167.837646484375,0.0,,,0,1.7390333414077759,7.0,9.600000000000001
18,2,0.0,8.3,7.800000000000001,2.1962813670341257,7.0,9.600000000000001,168.337646484375,1.724092721939087,6.599999904632568,8.150888442993164,1,1.7358348369598389,7.0,9.600000000000001
18,2,0.0,8.3,7.800000000000001,2.1962813670341257,7.0,9.600000000000001,168.837646484375,1.7210376262664795,6.599999904632568,8.135448455810547,1,1.7327797412872314,7.0,9.600000000000001
18,2,0.0,8.3,7.800000000000001,2.1962813670341257,7.0,9.600000000000001,169.337646484375,1.7181247472763062,6.599999904632568,8.120061874389648,1,1.729866862297058,7.0,9.600000000000001
18,2,0.0,8.3,7.800000000000001,2.1962813670341257,7.0,9.600000000000001,169.837646484375,1.7153528928756714,6.599999904632568,8.104724884033203,1,1.7270950078964233,7.0,9.600000000000001
18,2,0.0,8.3,7.800000000000001,2.1962813670341257,7.0,9.600000000000001,170.337646484375,1.7127211093902588,6.599999904632568,8.089436531066895,1,1.7244632244110107,7.0,9.600000000000001
18,2,0.0,8.3,7.800000000000001,2.1962813670341257,7.0,9.600000000000001,170.837646484375,1.7102283239364624,6.599999904632568,8.074193954467773,1,1.7219704389572144,7.0,9.600000000000001
18,2,0.0,8.3,7.800000000000001,2.1962813670341257,7.0,9.600000000000001,171.337646484375,1.7078734636306763,6.599999904632568,8.058993339538574,1,1.7196155786514282,7.0,9.600000000000001
18,2,0.0,8.3,7.800000000000001,2.1962813670341257,7.0,9.600000000000001,171.837646484375,1.705655574798584,6.599999904632568,8.04383373260498,1,1.717397689819336,7.0,9.600000000000001
18,2,0.0,8.3,7.800000000000001,2.1962813670341257,7.0,9.600000000000001,172.337646484375,1.7035738229751587,6.599999904632568,8.028711318969727,1,1.7153159379959106,7.0,9.600000000000001
18,2,0.0,8.3,7.800000000000001,2.1962813670341257,7.0,9.600000000000001,172.837646484375,1.7016276121139526,6.599999904632568,8.013625144958496,1,1.7133697271347046,7.0,9.600000000000001
18,2,0.0,8.3,7.800000000000001,2.1962813670341257,7.0,9.600000000000001,173.337646484375,0.0,,,0,1.7115579843521118,7.0,9.600000000000001
18,2,0.0,8.3,7.800000000000001,2.1962813670341257,7.0,9.600000000000001,173.837646484375,1.6981379985809326,6.599999904632568,7.983548641204834,1,1.7098801136016846,7.0,9.600000000000001
18,2,0.0,8.3,7.800000000000001,2.1962813670341257,7.0,9.600000000000001,174.337646484375,1.6965935230255127,6.599999904632568,7.968554496765137,1,1.7083356380462646,7.0,9.600000000000001
18,2,0.0,8.3,7.800000000000001,2.1962813670341257,7.0,9.600000000000001,174.837646484375,1.6951816082000732,6.599999904632568,7.953585624694824,1,1.7069237232208252,7.0,9.600000000000001
18,2,0.0,8.3,7.800000000000001,2.1962813670341257,7.0,9.600000000000001,175.337646484375,0.0,,,0,1.705643892288208,7.0,9.600000000000001
18,2,0.0,8.3,7.800000000000001,2.1962813670341257,7.0,9.600000000000001,175.837646484375,0.0,,,0,1.7044957876205444,7.0,9.600000000000001
18,2,0.0,8.3,7.800000000000001,2.1962813670341257,7.0,9.600000000000001,176.337646484375,1.6917366981506348,6.599999904632568,7.908812046051025,1,1.7034788131713867,7.0,9.600000000000001
18,2,0.0,8.3,7.800000000000001,2.1962813670341257,7.0,9.600000000000001,176.837646484375,0.0,,,0,1.7025926113128662,7.0,9.600000000000001
18,2,0.0,8.3,7.800000000000001,2.1962813670341257,7.0,9.600000000000001,177.337646484375,1.6900948286056519,6.599999904632568,7.879050254821777,1,1.7018369436264038,7.0,9.600000000000001
18,2,0.0,8.3,7.800000000000001,2.1962813670341257,7.0,9.600000000000001,177.837646484375,1.6894692182540894,6.599999904632568,7.8641886711120605,1,1.7012113332748413,7.0,9.600000000000001
18,2,0.0,8.3,7.800000000000001,2.1962813670341257,7.0,9.600000000000001,178.337646484375,1.6889736652374268,6.599999904632568,7.849336624145508,1,1.7007157802581787,7.0,9.600000000000001
18,2,0.0,8.3,7.800000000000001,2.1962813670341257,7.0,9.600000000000001,178.837646484375,1.6886078119277954,6.599999904632568,7.834492206573486,1,1.7003499269485474,7.0,9.600000000000001
18,2,0.0,8.3,7.800000000000001,2.1962813670341257,7.0,9.600000000000001,179.337646484375,1.6883715391159058,6.599999904632568,7.819653034210205,1,1.7001136541366577,7.0,9.600000000000001
18,2,0.0,8.3,7.800000000000001,2.1962813670341257,7.0,9.600000000000001,179.837646484375,1.6882647275924683,6.599999904632568,7.804816722869873,1,1.7000068426132202,7.0,9.600000000000001
18,2,0.0,8.3,7.800000000000001,2.1962813670341257,7.0,9.600000000000001,180.337646484375,1.688287377357483,6.599999904632568,7.789981365203857,1,1.7000294923782349,7.0,9.600000000000001
18,2,0.0,8.3,7.800000000000001,2.1962813670341257,7.0,9.600000000000001,180.837646484375,0.0,,,0,1.7001817226409912,7.0,9.600000000000001
18,2,0.0,8.3,7.800000000000001,2.1962813670341257,7.0,9.600000000000001,181.337646484375,0.0,,,0,1.7004634141921997,7.0,9.600000000000001
18,2,0.0,8.3,7.800000000000001,2.1962813670341257,7.0,9.600000000000001,181.837646484375,1.6891326904296875,6.599999904632568,7.745457172393799,1,1.7008748054504395,7.0,9.600000000000001
18,2,0.0,8.3,7.800000000000001,2.1962813670341257,7.0,9.600000000000001,182.337646484375,1.6896737813949585,6.599999904632568,7.730601787567139,1,1.7014158964157104,7.0,9.600000000000001
18,2,0.0,8.3,7.800000000000001,2.1962813670341257,7.0,9.600000000000001,182.837646484375,1.6903449296951294,6.599999904632568,7.715736389160156,1,1.7020870447158813,7.0,9.600000000000001
18,2,0.0,8.3,7.800000000000001,2.1962813670341257,7.0,9.600000000000001,183.337646484375,0.0,,,0,1.7028884887695312,7.0,9.600000000000001
18,2,0.0,8.3,7.800000000000001,2.1962813670341257,7.0,9.600000000000001,183.837646484375,1.6920783519744873,6.599999904632568,7.685964107513428,1,1.7038204669952393,7.0,9.600000000000001
18,2,0.0,8.3,7.800000000000001,2.1962813670341257,7.0,9.600000000000001,184.337646484375,1.693141222000122,6.599999904632568,7.671052932739258,1,1.704883337020874,7.0,9.600000000000001
18,2,0.0,8.3,7.800000000000001,2.1962813670341257,7.0,9.600000000000001,184.837646484375,1.6943355798721313,6.599999904632568,7.656121730804443,1,1.7060776948928833,7.0,9.600000000000001
18,2,0.0,8.3,7.800000000000001,2.1962813670341257,7.0,9.600000000000001,185.337646484375,1.6956615447998047,6.599999904632568,7.64116907119751,1,1.7074036598205566,7.0,9.600000000000001
18,2,0.0,8.3,7.800000000000001,2.1962813670341257,7.0,9.600000000000001,185.837646484375,1.697119951248169,6.599999904632568,7.62619161605835,1,1.708862066268921,7.0,9.600000000000001
18,2,0.0,8.3,7.800000000000001,2.1962813670341257,7.0,9.600000000000001,186.337646484375,1.6987111568450928,6.599999904632568,7.61118745803833,1,1.7104532718658447,7.0,9.600000000000001
18,2,0.0,8.3,7.800000000000001,2.1962813670341257,7.0,9.600000000000001,186.837646484375,1.700435757637024,6.599999904632568,7.59615421295166,1,1.7121778726577759,7.0,9.600000000000001
18,2,0.0,8.3,7.800000000000001,2.1962813670341257,7.0,9.600000000000001,187.337646484375,1.7022945880889893,6.599999904632568,7.581089496612549,1,1.7140367031097412,7.0,9.600000000000001
18,2,0.0,8.3,7.800000000000001,2.1962813670341257,7.0,9.600000000000001,187.837646484375,0.0,,,0,1.7160303592681885,7.0,9.600000000000001
18,2,0.0,8.3,7.800000000000001,2.1962813670341257,7.0,9.600000000000001,188.337646484375,1.7064175605773926,6.599999904632568,7.55085563659668,1,1.7181596755981445,7.0,9.600000000000001
18,2,0.0,8.3,7.800000000000001,2.1962813670341257,7.0,9.600000000000001,188.837646484375,0.0,,,0,1.7204254865646362,7.0,9.600000000000001
18,2,0.0,8.3,7.800000000000001,2.1962813670341257,7.0,9.600000000000001,189.337646484375,1.7110865116119385,6.599999904632568,7.520467281341553,1,1.7228286266326904,7.0,9.600000000000001
18,2,0.0,8.3,7.800000000000001,2.1962813670341257,7.0,9.600000000000001,189.837646484375,1.7136280536651611,6.599999904632568,7.505208492279053,1,1.725370168685913,7.0,9.600000000000001
18,2,0.0,8.3,7.800000000000001,2.1962813670341257,7.0,9.600000000000001,190.337646484375,1.716308832168579,6.599999904632568,7.489903450012207,1,1.728050947189331,7.0,9.600000000000001
18,2,0.0,8.3,7.800000000000001,2.1962813670341257,7.0,9.600000000000001,190.837646484375,1.7191299200057983,6.599999904632568,7.474549770355225,1,1.7308720350265503,7.0,9.600000000000001
18,2,0.0,8.3,7.800000000000001,2.1962813670341257,7.0,9.600000000000001,191.337646484375,1.7220925092697144,6.599999904632568,7.459144592285156,1,1.7338346242904663,7.0,9.600000000000001
18,2,0.0,8.3,7.800000000000001,2.1962813670341257,7.0,9.600000000000001,191.837646484375,0.0,,,0,1.7369399070739746,7.0,9.600000000000001
18,2,0.0,8.3,7.800000000000001,2.1962813670341257,7.0,9.600000000000001,192.337646484375,1.7284469604492188,6.599999904632568,7.4281697273254395,1,1.7401890754699707,7.0,9.600000000000001
18,2,0.0,8.3,7.800000000000001,2.1962813670341257,7.0,9.600000000000001,192.837646484375,1.7318413257598877,6.599999904632568,7.412594318389893,1,1.7435834407806396,7.0,9.600000000000001
18,2,0.0,8.3,7.800000000000001,2.1962813670341257,7.0,9.600000000000001,193.337646484375,1.7353821992874146,6.599999904632568,7.3969573974609375,1,1.7471243143081665,7.0,9.600000000000001
18,2,0.0,8.3,7.800000000000001,2.1962813670341257,7.0,9.600000000000001,193.837646484375,0.0,,,0,1.750813364982605,7.0,9.600000000000001
18,2,0.0,8.3,7.800000000000001,2.1962813670341257,7.0,9.600000000000001,194.337646484375,1.7429096698760986,6.599999904632568,7.365485668182373,1,1.7546517848968506,7.0,9.600000000000001
18,2,0.0,8.3,7.800000000000001,2.1962813670341257,7.0,9.600000000000001,194.837646484375,1.7468992471694946,6.599999904632568,7.349645137786865,1,1.7586413621902466,7.0,9.600000000000001
18,2,0.0,8.3,7.800000000000001,2.1962813670341257,7.0,9.600000000000001,195.337646484375,1.7510415315628052,6.599999904632568,7.333731651306152,1,1.7627836465835571,7.0,9.600000000000001
18,2,0.0,8.3,7.800000000000001,2.1962813670341257,7.0,9.600000000000001,195.837646484375,1.7553383111953735,6.599999904632568,7.317741394042969,1,1.7670804262161255,7.0,9.600000000000001
18,2,0.0,8.3,7.800000000000001,2.1962813670341257,7.0,9.600000000000001,196.337646484375,1.7597912549972534,6.599999904632568,7.301672458648682,1,1.7715333700180054,7.0,9.600000000000001
18,2,0.0,8.3,7.800000000000001,2.1962813670341257,7.0,9.600000000000001,196.837646484375,0.0,,,0,1.7761445045471191,7.0,9.600000000000001
18,2,0.0,8.3,7.800000000000001,2.1962813670341257,7.0,9.600000000000001,197.337646484375,1.769173502922058,6.599999904632568,7.269283294677734,1,1.78091561794281,7.0,9.600000000000001
18,2,0.0,8.3,7.800000000000001,2.1962813670341257,7.0,9.600000000000001,197.837646484375,1.774106740951538,6.599999904632568,7.252956867218018,1,1.78584885597229,7.0,9.600000000000001
18,2,0.0,8.3,7.800000000000001,2.1962813670341257,7.0,9.600000000000001,198.337646484375,1.77920401096344,6.599999904632568,7.236538887023926,1,1.790946125984192,7.0,9.600000000000001
18,2,0.0,8.3,7.800000000000001,2.1962813670341257,7.0,9.600000000000001,198.837646484375,0.0,,,0,1.7962099313735962,7.0,9.600000000000001
18,2,0.0,8.3,7.800000000000001,2.1962813670341257,7.0,9.600000000000001,199.337646484375,1.7899001836776733,6.599999904632568,7.203413963317871,1,1.8016422986984253,7.0,9.600000000000001
18,2,0.0,8.3,7.800000000000001,2.1962813670341257,7.0,9.600000000000001,199.837646484375,1.7955034971237183,6.599999904632568,7.186699867248535,1,1.8072456121444702,7.0,9.600000000000001
18,2,0.0,8.3,7.800000000000001,2.1962813670341257,7.0,9.600000000000001,200.337646484375,1.8012803792953491,6.599999904632568,7.169880390167236,1,1.813022494316101,7.0,9.600000000000001
18,2,0.0,8.3,7.800000000000001,2.1962813670341257,7.0,9.600000000000001,200.837646484375,1.807233214378357,6.599999904632568,7.152951717376709,1,1.8189753293991089,7.0,9.600000000000001
18,2,0.0,8.3,7.800000000000001,2.1962813670341257,7.0,9.600000000000001,201.337646484375,1.8133647441864014,6.599999904632568,7.135910511016846,1,1.8251068592071533,7.0,9.600000000000001
18,2,0.0,8.3,7.800000000000001,2.1962813670341257,7.0,9.600000000000001,201.837646484375,1.819677710533142,6.599999904632568,7.118752479553223,1,1.831419825553894,7.0,9.600000000000001
18,2,0.0,8.3,7.800000000000001,2.1962813670341257,7.0,9.600000000000001,202.337646484375,0.0,,,0,1.8379169702529907,7.0,9.600000000000001
18,2,0.0,8.3,7.800000000000001,2.1962813670341257,7.0,9.600000000000001,202.837646484375,1.8328593969345093,6.599999904632568,7.084070682525635,1,1.8446015119552612,7.0,9.600000000000001
18,2,0.0,8.3,7.800000000000001,2.1962813670341257,7.0,9.600000000000001,203.337646484375,0.0,,,0,1.8514761924743652,7.0,9.600000000000001
18,2,0.0,8.3,7.800000000000001,2.1962813670341257,7.0,9.600000000000001,203.837646484375,1.8468023538589478,6.599999904632568,7.04887580871582,1,1.8585444688796997,7.0,9.600000000000001
18,2,0.0,8.3,7.800000000000001,2.1962813670341257,7.0,9.600000000000001,204.337646484375,1.8540674448013306,6.599999904632568,7.0310750007629395,1,1.8658095598220825,7.0,9.600000000000001
18,2,0.0,8.3,7.800000000000001,2.1962813670341257,7.0,9.600000000000001,204.837646484375,1.8615328073501587,6.599999904632568,7.013133525848389,1,1.8732749223709106,7.0,9.600000000000001
18,2,0.0,8.3,7.800000000000001,2.1962813670341257,7.0,9.600000000000001,205.337646484375,1.869201898574829,6.599999904632568,6.995046615600586,1,1.880944013595581,7.0,9.600000000000001
18,2,0.0,8.3,7.800000000000001,2.1962813670341257,7.0,9.600000000000001,205.837646484375,1.8770784139633179,6.599999904632568,6.976809024810791,1,1.8888205289840698,7.0,9.600000000000001
18,2,0.0,8.3,7.800000000000001,2.1962813670341257,7.0,9.600000000000001,206.337646484375,1.8851662874221802,6.599999904632568,6.958416938781738,1,1.8969084024429321,7.0,9.600000000000001
18,2,0.0,8.3,7.800000000000001,2.1962813670341257,7.0,9.600000000000001,206.837646484375,1.8934695720672607,6.599999904632568,6.939865589141846,1,1.9052116870880127,7.0,9.600000000000001
18,2,0.0,8.3,7.800000000000001,2.1962813670341257,7.0,9.600000000000001,207.337646484375,1.9019920825958252,6.599999904632568,6.921149253845215,1,1.9137341976165771,7.0,9.600000000000001
18,2,0.0,8.3,7.800000000000001,2.1962813670341257,7.0,9.600000000000001,207.837646484375,1.9107383489608765,6.599999904632568,6.902263641357422,1,1.9224804639816284,7.0,9.600000000000001
18,2,0.0,8.3,7.800000000000001,2.1962813670341257,7.0,9.600000000000001,208.337646484375,1.9197125434875488,6.599999904632568,6.88320255279541,1,1.9314546585083008,7.0,9.600000000000001
18,2,0.0,8.3,7.800000000000001,2.1962813670341257,7.0,9.600000000000001,208.837646484375,1.9289195537567139,6.599999904632568,6.863961696624756,1,1.9406616687774658,7.0,9.600000000000001
18,2,0.0,8.3,7.800000000000001,2.1962813670341257,7.0,9.600000000000001,209.337646484375,1.9383639097213745,6.599999904632568,6.844534873962402,1,1.9501060247421265,7.0,9.600000000000001
18,2,0.0,8.3,7.800000000000001,2.1962813670341257,7.0,9.600000000000001,209.837646484375,1.948050618171692,6.599999904632568,6.824916839599609,1,1.9597927331924438,7.0,9.600000000000001
18,2,0.0,8.3,7.800000000000001,2.1962813670341257,7.0,9.600000000000001,210.337646484375,1.9579848051071167,6.599999904632568,6.805100917816162,1,1.9697269201278687,7.0,9.600000000000001
18,2,0.0,8.3,7.800000000000001,2.1962813670341257,7.0,9.600000000000001,210.837646484375,1.9681717157363892,6.599999904632568,6.78508186340332,1,1.9799138307571411,7.0,9.600000000000001
18,2,0.0,8.3,7.800000000000001,2.1962813670341257,7.0,9.600000000000001,211.337646484375,1.9786169528961182,6.599999904632568,6.764853000640869,1,1.9903590679168701,7.0,9.600000000000001
18,2,0.0,8.3,7.800000000000001,2.1962813670341257,7.0,9.600000000000001,211.837646484375,1.9893262386322021,6.599999904632568,6.744408130645752,1,2.001068353652954,7.0,9.600000000000001
18,2,0.0,8.3,7.800000000000001,2.1962813670341257,7.0,9.600000000000001,212.337646484375,2.000305414199829,6.599999904632568,6.723740100860596,1,2.012047529220581,7.0,9.600000000000001
18,2,0.0,8.3,7.800000000000001,2.1962813670341257,7.0,9.600000000000001,212.837646484375,2.0115604400634766,6.599999904632568,6.702842712402344,1,2.0233025550842285,7.0,9.600000000000001
18,2,0.0,8.3,7.800000000000001,2.1962813670341257,7.0,9.600000000000001,213.337646484375,2.0230982303619385,6.599999904632568,6.681708812713623,1,2.0348403453826904,7.0,9.600000000000001
18,2,0.0,8.3,7.800000000000001,2.1962813670341257,7.0,9.600000000000001,213.837646484375,2.0349249839782715,6.599999904632568,6.660330772399902,1,2.0466670989990234,7.0,9.600000000000001
18,2,0.0,8.3,7.800000000000001,2.1962813670341257,7.0,9.600000000000001,214.337646484375,2.0470478534698486,6.599999904632568,6.63870096206665,1,2.0587899684906006,7.0,9.600000000000001
18,2,0.0,8.3,7.800000000000001,2.1962813670341257,7.0,9.600000000000001,214.837646484375,2.059473752975464,6.599999904632568,6.616811752319336,1,2.071215867996216,7.0,9.600000000000001
18,2,0.0,8.3,7.800000000000001,2.1962813670341257,7.0,9.600000000000001,215.337646484375,2.0722100734710693,6.599999904632568,6.5946550369262695,1,2.0839521884918213,7.0,9.600000000000001
18,2,0.0,8.3,7.800000000000001,2.1962813670341257,7.0,9.600000000000001,215.837646484375,2.0852649211883545,6.599999904632568,6.5722222328186035,1,2.0970070362091064,7.0,9.600000000000001
18,2,0.0,8.3,7.800000000000001,2.1962813670341257,7.0,9.600000000000001,216.337646484375,2.0986459255218506,6.599999904632568,6.549505233764648,1,2.1103880405426025,7.0,9.600000000000001
18,2,0.0,8.3,7.800000000000001,2.1962813670341257,7.0,9.600000000000001,216.837646484375,2.1123616695404053,6.599999904632568,6.526494026184082,1,2.1241037845611572,7.0,9.600000000000001
18,2,0.0,8.3,7.800000000000001,2.1962813670341257,7.0,9.600000000000001,217.337646484375,2.126420736312866,6.599999904632568,6.503180503845215,1,2.138162851333618,7.0,9.600000000000001
18,2,0.0,8.3,7.800000000000001,2.1962813670341257,7.0,9.600000000000001,217.837646484375,0.0,,,0,2.152574300765991,7.0,9.600000000000001
18,2,0.0,8.3,7.800000000000001,2.1962813670341257,7.0,9.600000000000001,218.337646484375,2.1556053161621094,6.599999904632568,6.455605983734131,1,2.1673474311828613,7.0,9.600000000000001
18,2,0.0,8.3,7.800000000000001,2.1962813670341257,7.0,9.600000000000001,218.837646484375,2.170750141143799,6.599999904632568,6.431324481964111,1,2.182492256164551,7.0,9.600000000000001
18,2,0.0,8.3,7.800000000000001,2.1962813670341257,7.0,9.600000000000001,219.337646484375,2.18627667427063,6.599999904632568,6.4066996574401855,1,2.198018789291382,7.0,9.600000000000001
18,2,0.0,8.3,7.800000000000001,2.1962813670341257,7.0,9.600000000000001,219.837646484375,2.202195405960083,6.599999904632568,6.381719589233398,1,2.213937520980835,7.0,9.600000000000001
18,2,0.0,8.3,7.800000000000001,2.1962813670341257,7.0,9.600000000000001,220.337646484375,0.0,,,0,2.230259656906128,7.0,9.600000000000001
18,2,0.0,8.3,7.800000000000001,2.1962813670341257,7.0,9.600000000000001,220.837646484375,2.2352542877197266,6.599999904632568,6.330648899078369,1,2.2469964027404785,7.0,9.600000000000001
18,2,0.0,8.3,7.800000000000001,2.1962813670341257,7.0,9.600000000000001,221.337646484375,0.0,,,0,2.26416015625,7.0,9.600000000000001
18,2,0.0,8.3,7.800000000000001,2.1962813670341257,7.0,9.600000000000001,221.837646484375,0.0,,,0,2.2817633152008057,7.0,9.600000000000001
18,2,0.0,8.3,7.800000000000001,2.1962813670341257,7.0,9.600000000000001,222.337646484375,2.288076639175415,6.599999904632568,6.251075744628906,1,2.299818754196167,7.0,9.600000000000001
18,2,0.0,8.3,7.800000000000001,2.1962813670341257,7.0,9.600000000000001,222.837646484375,2.30659818649292,6.599999904632568,6.223706245422363,1,2.318340301513672,7.0,9.600000000000001
18,2,0.0,8.3,7.800000000000001,2.1962813670341257,7.0,9.600000000000001,223.337646484375,2.3255999088287354,6.599999904632568,6.195890426635742,1,2.3373420238494873,7.0,9.600000000000001
18,2,0.0,8.3,7.800000000000001,2.1962813670341257,7.0,9.600000000000001,223.837646484375,0.0,,,0,2.3568387031555176,7.0,9.600000000000001
18,2,0.0,8.3,7.800000000000001,2.1962813670341257,7.0,9.600000000000001,224.337646484375,2.3651037216186523,6.599999904632568,6.138856887817383,1,2.3768458366394043,7.0,9.600000000000001
18,2,0.0,8.3,7.800000000000001,2.1962813670341257,7.0,9.600000000000001,224.837646484375,2.3856375217437744,6.599999904632568,6.109606742858887,1,2.3973796367645264,7.0,9.600000000000001
18,2,0.0,8.3,7.800000000000001,2.1962813670341257,7.0,9.600000000000001,225.337646484375,2.406715154647827,6.599999904632568,6.0798444747924805,1,2.418457269668579,7.0,9.600000000000001
18,2,0.0,8.3,7.800000000000001,2.1962813670341257,7.0,9.600000000000001,225.837646484375,0.0,,,0,2.440096378326416,7.0,9.600000000000001
18,2,0.0,8.3,7.800000000000001,2.1962813670341257,7.0,9.600000000000001,226.337646484375,2.450572967529297,6.599999904632568,6.018709659576416,1,2.462315082550049,7.0,9.600000000000001
18,2,0.0,8.3,7.800000000000001,2.1962813670341257,7.0,9.600000000000001,226.837646484375,2.47339129447937,6.599999904632568,5.987298011779785,1,2.485133409500122,7.0,9.600000000000001
18,2,0.0,8.3,7.800000000000001,2.1962813670341257,7.0,9.600000000000001,227.337646484375,0.0,,,0,2.5085713863372803,7.0,9.600000000000001
18,2,0.0,8.3,7.800000000000001,2.1962813670341257,7.0,9.600000000000001,227.837646484375,2.5209081172943115,6.599999904632568,5.922683238983154,1,2.5326502323150635,7.0,9.600000000000001
18,2,0.0,8.3,7.800000000000001,2.1962813670341257,7.0,9.600000000000001,228.337646484375,2.5456504821777344,6.599999904632568,5.889435291290283,1,2.5573925971984863,7.0,9.600000000000001
18,2,0.0,8.3,7.800000000000001,2.1962813670341257,7.0,9.600000000000001,228.837646484375,2.571079730987549,6.599999904632568,5.855528831481934,1,2.582821846008301,7.0,9.600000000000001
18,2,0.0,8.3,7.800000000000001,2.1962813670341257,7.0,9.600000000000001,229.337646484375,0.0,,,0,2.608962297439575,7.0,9.600000000000001
18,2,0.0,8.3,7.800000000000001,2.1962813670341257,7.0,9.600000000000001,229.837646484375,2.624098300933838,6.599999904632568,5.785637855529785,1,2.63584041595459,7.0,9.600000000000001
18,2,0.0,8.3,7.800000000000001,2.1962813670341257,7.0,9.600000000000001,230.337646484375,2.651740789413452,6.599999904632568,5.749599933624268,1,2.663482904434204,7.0,9.600000000000001
18,2,0.0,8.3,7.800000000000001,2.1962813670341257,7.0,9.600000000000001,230.837646484375,2.680176258087158,6.599999904632568,5.712795257568359,1,2.69191837310791,7.0,9.600000000000001
18,2,0.0,8.3,7.800000000000001,2.1962813670341257,7.0,9.600000000000001,231.337646484375,2.709434986114502,6.599999904632568,5.675192832946777,1,2.721177101135254,7.0,9.600000000000001
18,2,0.0,8.3,7.800000000000001,2.1962813670341257,7.0,9.600000000000001,231.837646484375,2.739548444747925,6.599999904632568,5.636761665344238,1,2.7512905597686768,7.0,9.600000000000001
18,2,0.0,8.3,7.800000000000001,2.1962813670341257,7.0,9.600000000000001,232.337646484375,2.767350673675537,6.601954936981201,5.599999904632568,1,2.779092788696289,7.0,9.600000000000001
18,2,0.0,8.3,7.800000000000001,2.1962813670341257,7.0,9.600000000000001,232.837646484375,0.0,,,0,2.760603904724121,7.0,9.600000000000001
18,2,0.0,8.3,7.800000000000001,2.1962813670341257,7.0,9.600000000000001,233.337646484375,2.7308247089385986,6.662418365478516,5.599999904632568,1,2.7425668239593506,7.0,9.600000000000001
18,2,0.0,8.3,7.800000000000001,2.1962813670341257,7.0,9.600000000000001,233.837646484375,2.713228225708008,6.6920623779296875,5.599999904632568,1,2.7249703407287598,7.0,9.600000000000001
18,2,0.0,8.3,7.800000000000001,2.1962813670341257,7.0,9.600000000000001,234.337646484375,2.6960606575012207,6.7213311195373535,5.599999904632568,1,2.7078027725219727,7.0,9.600000000000001
18,2,0.0,8.3,7.800000000000001,2.1962813670341257,7.0,9.600000000000001,234.837646484375,0.0,,,0,2.691054105758667,7.0,9.600000000000001
18,2,0.0,8.3,7.800000000000001,2.1962813670341257,7.0,9.600000000000001,235.337646484375,2.6629714965820312,6.778785705566406,5.599999904632568,1,2.674713611602783,7.0,9.600000000000001
18,2,0.0,8.3,7.800000000000001,2.1962813670341257,7.0,9.600000000000001,235.837646484375,2.647029399871826,6.8069939613342285,5.599999904632568,1,2.658771514892578,7.0,9.600000000000001
18,2,0.0,8.3,7.800000000000001,2.1962813670341257,7.0,9.600000000000001,236.337646484375,0.0,,,0,2.643218755722046,7.0,9.600000000000001
18,2,0.0,8.3,7.800000000000001,2.1962813670341257,7.0,9.600000000000001,236.837646484375,2.6163034439086914,6.862424373626709,5.599999904632568,1,2.6280455589294434,7.0,9.600000000000001
18,2,0.0,8.3,7.800000000000001,2.1962813670341257,7.0,9.600000000000001,237.337646484375,0.0,,,0,2.613243579864502,7.0,9.600000000000001
18,2,0.0,8.3,7.800000000000001,2.1962813670341257,7.0,9.600000000000001,237.837646484375,0.0,,,0,2.598804235458374,7.0,9.600000000000001
18,2,0.0,8.3,7.800000000000001,2.1962813670341257,7.0,9.600000000000001,238.337646484375,2.572977304458618,6.943248748779297,5.599999904632568,1,2.58471941947937,7.0,9.600000000000001
18,2,0.0,8.3,7.800000000000001,2.1962813670341257,7.0,9.600000000000001,238.837646484375,2.559238910675049,6.969607830047607,5.599999904632568,1,2.570981025695801,7.0,9.600000000000001
18,2,0.0,8.3,7.800000000000001,2.1962813670341257,7.0,9.600000000000001,239.337646484375,0.0,,,0,2.557581663131714,7.0,9.600000000000001
18,2,0.0,8.3,7.800000000000001,2.1962813670341257,7.0,9.600000000000001,239.837646484375,2.5327718257904053,7.0215044021606445,5.599999904632568,1,2.5445139408111572,7.0,9.600000000000001
18,2,0.0,8.3,7.800000000000001,2.1962813670341257,7.0,9.600000000000001,240.337646484375,2.520028829574585,7.047057628631592,5.599999904632568,1,2.531770944595337,7.0,9.600000000000001
18,2,0.0,8.3,7.800000000000001,2.1962813670341257,7.0,9.600000000000001,240.837646484375,2.507603883743286,7.072358131408691,5.599999904632568,1,2.519345998764038,7.0,9.600000000000001
18,2,0.0,8.3,7.800000000000001,2.1962813670341257,7.0,9.600000000000001,241.337646484375,0.0,,,0,2.507232427597046,7.0,9.600000000000001
18,2,0.0,8.3,7.800000000000001,2.1962813670341257,7.0,9.600000000000001,241.837646484375,2.4836816787719727,7.1222310066223145,5.599999904632568,1,2.4954237937927246,7.0,9.600000000000001
18,2,0.0,8.3,7.800000000000001,2.1962813670341257,7.0,9.600000000000001,242.337646484375,2.4721720218658447,7.146817684173584,5.599999904632568,1,2.4839141368865967,7.0,9.600000000000001
18,2,0.0,8.3,7.800000000000001,2.1962813670341257,7.0,9.600000000000001,242.837646484375,2.4609553813934326,7.171180725097656,5.599999904632568,1,2.4726974964141846,7.0,9.600000000000001
18,2,0.0,8.3,7.800000000000001,2.1962813670341257,7.0,9.600000000000001,243.337646484375,2.450026512145996,7.195326328277588,5.599999904632568,1,2.461768627166748,7.0,9.600000000000001
18,2,0.0,8.3,7.800000000000001,2.1962813670341257,7.0,9.600000000000001,243.837646484375,2.4393794536590576,7.219261169433594,5.599999904632568,1,2.4511215686798096,7.0,9.600000000000001
18,2,0.0,8.3,7.800000000000001,2.1962813670341257,7.0,9.600000000000001,244.337646484375,2.429009199142456,7.2429914474487305,5.599999904632568,1,2.440751314163208,7.0,9.600000000000001
18,2,0.0,8.3,7.800000000000001,2.1962813670341257,7.0,9.600000000000001,244.837646484375,2.4189107418060303,7.266523838043213,5.599999904632568,1,2.4306528568267822,7.0,9.600000000000001
18,2,0.0,8.3,7.800000000000001,2.1962813670341257,7.0,9.600000000000001,245.337646484375,2.40907883644104,7.2898640632629395,5.599999904632568,1,2.420820951461792,7.0,9.600000000000001
18,2,0.0,8.3,7.800000000000001,2.1962813670341257,7.0,9.600000000000001,245.837646484375,2.3995091915130615,7.313017845153809,5.599999904632568,1,2.4112513065338135,7.0,9.600000000000001
18,2,0.0,8.3,7.800000000000001,2.1962813670341257,7.0,9.600000000000001,246.337646484375,2.390197277069092,7.335991382598877,5.599999904632568,1,2.4019393920898438,7.0,9.600000000000001
18,2,0.0,8.3,7.800000000000001,2.1962813670341257,7.0,9.600000000000001,246.837646484375,2.381138324737549,7.358789443969727,5.599999904632568,1,2.392880439758301,7.0,9.600000000000001
18,2,0.0,8.3,7.800000000000001,2.1962813670341257,7.0,9.600000000000001,247.337646484375,2.372328519821167,7.381418228149414,5.599999904632568,1,2.384070634841919,7.0,9.600000000000001
18,2,0.0,8.3,7.800000000000001,2.1962813670341257,7.0,9.600000000000001,247.837646484375,2.3637633323669434,7.4038825035095215,5.599999904632568,1,2.3755054473876953,7.0,9.600000000000001
18,2,0.0,8.3,7.800000000000001,2.1962813670341257,7.0,9.600000000000001,248.337646484375,2.3554391860961914,7.426187992095947,5.599999904632568,1,2.3671813011169434,7.0,9.600000000000001
18,2,0.0,8.3,7.800000000000001,2.1962813670341257,7.0,9.600000000000001,248.837646484375,0.0,,,0,2.3590943813323975,7.0,9.600000000000001
18,2,0.0,8.3,7.800000000000001,2.1962813670341257,7.0,9.600000000000001,249.337646484375,2.33949875831604,7.470341205596924,5.599999904632568,1,2.351240873336792,7.0,9.600000000000001
18,2,0.0,8.3,7.800000000000001,2.1962813670341257,7.0,9.600000000000001,249.837646484375,2.3318753242492676,7.492198467254639,5.599999904632568,1,2.3436174392700195,7.0,9.600000000000001
18,2,0.0,8.3,7.800000000000001,2.1962813670341257,7.0,9.600000000000001,250.337646484375,2.3244786262512207,7.513916492462158,5.599999904632568,1,2.3362207412719727,7.0,9.600000000000001
18,2,0.0,8.3,7.800000000000001,2.1962813670341257,7.0,9.600000000000001,250.837646484375,2.317305088043213,7.535499572753906,5.599999904632568,1,2.329047203063965,7.0,9.600000000000001
18,2,0.0,8.3,7.800000000000001,2.1962813670341257,7.0,9.600000000000001,251.337646484375,2.310351848602295,7.556951999664307,5.599999904632568,1,2.322093963623047,7.0,9.600000000000001
18,2,0.0,8.3,7.800000000000001,2.1962813670341257,7.0,9.600000000000001,251.837646484375,0.0,,,0,2.3153579235076904,7.0,9.600000000000001
18,2,0.0,8.3,7.800000000000001,2.1962813670341257,7.0,9.600000000000001,252.337646484375,2.2970938682556152,7.599483013153076,5.599999904632568,1,2.308835983276367,7.0,9.600000000000001
18,2,0.0,8.3,7.800000000000001,2.1962813670341257,7.0,9.600000000000001,252.837646484375,2.290783643722534,7.620570182800293,5.599999904632568,1,2.302525758743286,7.0,9.600000000000001
18,2,0.0,8.3,7.800000000000001,2.1962813670341257,7.0,9.600000000000001,253.337646484375,2.284682035446167,7.641543865203857,5.599999904632568,1,2.296424150466919,7.0,9.600000000000001
18,2,0.0,8.3,7.800000000000001,2.1962813670341257,7.0,9.600000000000001,253.837646484375,2.2787868976593018,7.662408351898193,5.599999904632568,1,2.2905290126800537,7.0,9.600000000000001
18,2,0.0,8.3,7.800000000000001,2.1962813670341257,7.0,9.600000000000001,254.337646484375,2.2730953693389893,7.683167457580566,5.599999904632568,1,2.284837484359741,7.0,9.600000000000001
18,2,0.0,8.3,7.800000000000001,2.1962813670341257,7.0,9.600000000000001,254.837646484375,2.2676050662994385,7.7038254737854,5.599999904632568,1,2.2793471813201904,7.0,9.600000000000001
18,2,0.0,8.3,7.800000000000001,2.1962813670341257,7.0,9.600000000000001,255.337646484375,2.2623140811920166,7.724385738372803,5.599999904632568,1,2.2740561962127686,7.0,9.600000000000001
18,2,0.0,8.3,7.800000000000001,2.1962813670341257,7.0,9.600000000000001,255.837646484375,2.2572200298309326,7.744852542877197,5.599999904632568,1,2.2689621448516846,7.0,9.600000000000001
18,2,0.0,8.3,7.800000000000001,2.1962813670341257,7.0,9.600000000000001,256.337646484375,2.2523205280303955,7.765229225158691,5.599999904632568,1,2.2640626430511475,7.0,9.600000000000001
18,2,0.0,8.3,7.800000000000001,2.1962813670341257,7.0,9.600000000000001,256.837646484375,2.2476139068603516,7.785519599914551,5.599999904632568,1,2.2593560218811035,7.0,9.600000000000001
18,2,0.0,8.3,7.800000000000001,2.1962813670341257,7.0,9.600000000000001,257.337646484375,2.243098258972168,7.805727481842041,5.599999904632568,1,2.25484037399292,7.0,9.600000000000001
18,2,0.0,8.3,7.800000000000001,2.1962813670341257,7.0,9.600000000000001,257.837646484375,2.238771677017212,7.8258562088012695,5.599999904632568,1,2.250513792037964,7.0,9.600000000000001
18,2,0.0,8.3,7.800000000000001,2.1962813670341257,7.0,9.600000000000001,258.337646484375,0.0,,,0,2.2463743686676025,7.0,9.600000000000001
18,2,0.0,8.3,7.800000000000001,2.1962813670341257,7.0,9.600000000000001,258.837646484375,2.2306787967681885,7.8658905029296875,5.599999904632568,1,2.2424209117889404,7.0,9.600000000000001
18,2,0.0,8.3,7.800000000000001,2.1962813670341257,7.0,9.600000000000001,259.337646484375,2.2269091606140137,7.885802745819092,5.599999904632568,1,2.2386512756347656,7.0,9.600000000000001
18,2,0.0,8.3,7.800000000000001,2.1962813670341257,7.0,9.600000000000001,259.837646484375,2.2233221530914307,7.9056501388549805,5.599999904632568,1,2.2350642681121826,7.0,9.600000000000001
18,2,0.0,8.3,7.800000000000001,2.1962813670341257,7.0,9.600000000000001,260.337646484375,0.0,,,0,2.231658458709717,7.0,9.600000000000001
18,2,0.0,8.3,7.800000000000001,2.1962813670341257,7.0,9.600000000000001,260.837646484375,0.0,,,0,2.2284324169158936,7.0,9.600000000000001
18,2,0.0,8.3,7.800000000000001,2.1962813670341257,7.0,9.600000000000001,261.337646484375,2.2136425971984863,7.964832305908203,5.599999904632568,1,2.2253847122192383,7.0,9.600000000000001
18,2,0.0,8.3,7.800000000000001,2.1962813670341257,7.0,9.600000000000001,261.837646484375,2.2107725143432617,7.984450817108154,5.599999904632568,1,2.2225146293640137,7.0,9.600000000000001
18,2,0.0,8.3,7.800000000000001,2.1962813670341257,7.0,9.600000000000001,262.337646484375,0.0,,,0,2.219820737838745,7.0,9.600000000000001
18,2,0.0,8.3,7.800000000000001,2.1962813670341257,7.0,9.600000000000001,262.837646484375,2.205559730529785,8.023544311523438,5.599999904632568,1,2.217301845550537,7.0,9.600000000000001
18,2,0.0,8.3,7.800000000000001,2.1962813670341257,7.0,9.600000000000001,263.337646484375,2.2032153606414795,8.043025016784668,5.599999904632568,1,2.2149574756622314,7.0,9.600000000000001
18,2,0.0,8.3,7.800000000000001,2.1962813670341257,7.0,9.600000000000001,263.837646484375,2.2010440826416016,8.062466621398926,5.599999904632568,1,2.2127861976623535,7.0,9.600000000000001
18,2,0.0,8.3,7.800000000000001,2.1962813670341257,7.0,9.600000000000001,264.337646484375,2.199045181274414,8.081871032714844,5.599999904632568,1,2.210787296295166,7.0,9.600000000000001
18,2,0.0,8.3,7.800000000000001,2.1962813670341257,7.0,9.600000000000001,264.837646484375,0.0,,,0,2.2089600563049316,7.0,9.600000000000001
18,2,0.0,8.3,7.800000000000001,2.1962813670341257,7.0,9.600000000000001,265.337646484375,0.0,,,0,2.207304000854492,7.0,9.600000000000001
18,2,0.0,8.3,7.800000000000001,2.1962813670341257,7.0,9.600000000000001,265.837646484375,2.1940760612487793,8.13989543914795,5.599999904632568,1,2.2058181762695312,7.0,9.600000000000001
18,2,0.0,8.3,7.800000000000001,2.1962813670341257,7.0,9.600000000000001,266.337646484375,2.1927599906921387,8.159184455871582,5.599999904632568,1,2.2045021057128906,7.0,9.600000000000001
18,2,0.0,8.3,7.800000000000001,2.1962813670341257,7.0,9.600000000000001,266.837646484375,2.19161319732666,8.178451538085938,5.599999904632568,1,2.203355312347412,7.0,9.600000000000001
18,2,0.0,8.3,7.800000000000001,2.1962813670341257,7.0,9.600000000000001,267.337646484375,2.1906352043151855,8.197699546813965,5.599999904632568,1,2.2023773193359375,7.0,9.600000000000001
18,2,0.0,8.3,7.800000000000001,2.1962813670341257,7.0,9.600000000000001,267.837646484375,2.1898255348205566,8.21693229675293,5.599999904632568,1,2.2015676498413086,7.0,9.600000000000001
18,2,0.0,8.3,7.800000000000001,2.1962813670341257,7.0,9.600000000000001,268.337646484375,2.1891841888427734,8.236152648925781,5.599999904632568,1,2.2009263038635254,7.0,9.600000000000001
18,2,0.0,8.3,7.800000000000001,2.1962813670341257,7.0,9.600000000000001,268.837646484375,0.0,,,0,2.2004528045654297,7.0,9.600000000000001
18,2,0.0,8.3,7.800000000000001,2.1962813670341257,7.0,9.600000000000001,269.337646484375,2.1884047985076904,8.274566650390625,5.599999904632568,1,2.2001469135284424,7.0,9.600000000000001
18,2,0.0,8.3,7.800000000000001,2.1962813670341257,7.0,9.600000000000001,269.837646484375,2.1882667541503906,8.293766021728516,5.599999904632568,1,2.2000088691711426,7.0,9.600000000000001
18,2,0.0,8.3,7.800000000000001,2.1962813670341257,7.0,9.600000000000001,270.337646484375,2.18829607963562,8.312965393066406,5.599999904632568,1,2.200038194656372,7.0,9.600000000000001
18,2,0.0,8.3,7.800000000000001,2.1962813670341257,7.0,9.600000000000001,270.837646484375,2.188493013381958,8.332165718078613,5.599999904632568,1,2.20023512840271,7.0,9.600000000000001
18,2,0.0,8.3,7.800000000000001,2.1962813670341257,7.0,9.600000000000001,271.337646484375,2.1888575553894043,8.351371765136719,5.599999904632568,1,2.2005996704101562,7.0,9.600000000000001
18,2,0.0,8.3,7.800000000000001,2.1962813670341257,7.0,9.600000000000001,271.837646484375,2.189389944076538,8.370585441589355,5.599999904632568,1,2.20113205909729,7.0,9.600000000000001
18,2,0.0,8.3,7.800000000000001,2.1962813670341257,7.0,9.600000000000001,272.337646484375,2.1900901794433594,8.389809608459473,5.599999904632568,1,2.2018322944641113,7.0,9.600000000000001
18,2,0.0,8.3,7.800000000000001,2.1962813670341257,7.0,9.600000000000001,272.837646484375,2.1909587383270264,8.40904712677002,5.599999904632568,1,2.2027008533477783,7.0,9.600000000000001
18,2,0.0,8.3,7.800000000000001,2.1962813670341257,7.0,9.600000000000001,273.337646484375,2.191995859146118,8.428301811218262,5.599999904632568,1,2.20373797416687,7.0,9.600000000000001
18,2,0.0,8.3,7.800000000000001,2.1962813670341257,7.0,9.600000000000001,273.837646484375,2.193202018737793,8.447576522827148,5.599999904632568,1,2.204944133758545,7.0,9.600000000000001
18,2,0.0,8.3,7.800000000000001,2.1962813670341257,7.0,9.600000000000001,274.337646484375,2.19457745552063,8.466873168945312,5.599999904632568,1,2.206319570541382,7.0,9.600000000000001
18,2,0.0,8.3,7.800000000000001,2.1962813670341257,7.0,9.600000000000001,274.837646484375,2.1961231231689453,8.48619556427002,5.599999904632568,1,2.2078652381896973,7.0,9.600000000000001
18,2,0.0,8.3,7.800000000000001,2.1962813670341257,7.0,9.600000000000001,275.337646484375,0.0,,,0,2.209581136703491,7.0,9.600000000000001
18,2,0.0,8.3,7.800000000000001,2.1962813670341257,7.0,9.600000000000001,275.837646484375,2.1997263431549072,8.52492904663086,5.599999904632568,1,2.211468458175659,7.0,9.600000000000001
18,2,0.0,8.3,7.800000000000001,2.1962813670341257,7.0,9.600000000000001,276.337646484375,0.0,,,0,2.2135276794433594,7.0,9.600000000000001
18,2,0.0,8.3,7.800000000000001,2.1962813670341257,7.0,9.600000000000001,276.837646484375,2.204017400741577,8.563800811767578,5.599999904632568,1,2.215759515762329,7.0,9.600000000000001
18,2,0.0,8.3,7.800000000000001,2.1962813670341257,7.0,9.600000000000001,277.337646484375,2.206423044204712,8.583295822143555,5.599999904632568,1,2.218165159225464,7.0,9.600000000000001
18,2,0.0,8.3,7.800000000000001,2.1962813670341257,7.0,9.600000000000001,277.837646484375,2.209003210067749,8.602835655212402,5.599999904632568,1,2.220745325088501,7.0,9.600000000000001
18,2,0.0,8.3,7.800000000000001,2.1962813670341257,7.0,9.600000000000001,278.337646484375,2.211758613586426,8.622422218322754,5.599999904632568,1,2.2235007286071777,7.0,9.600000000000001
18,2,0.0,8.3,7.800000000000001,2.1962813670341257,7.0,9.600000000000001,278.837646484375,0.0,,,0,2.226433038711548,7.0,9.600000000000001
18,2,0.0,8.3,7.800000000000001,2.1962813670341257,7.0,9.600000000000001,279.337646484375,2.2178008556365967,8.661748886108398,5.599999904632568,1,2.2295429706573486,7.0,9.600000000000001
18,2,0.0,8.3,7.800000000000001,2.1962813670341257,7.0,9.600000000000001,279.837646484375,2.2210898399353027,8.68149471282959,5.599999904632568,1,2.2328319549560547,7.0,9.600000000000001
18,2,0.0,8.3,7.800000000000001,2.1962813670341257,7.0,9.600000000000001,280.337646484375,0.0,,,0,2.2363011837005615,7.0,9.600000000000001
18,2,0.0,8.3,7.800000000000001,2.1962813670341257,7.0,9.600000000000001,280.837646484375,0.0,,,0,2.2399520874023438,7.0,9.600000000000001
18,2,0.0,8.3,7.800000000000001,2.1962813670341257,7.0,9.600000000000001,281.337646484375,2.232043743133545,8.741106986999512,5.599999904632568,1,2.243785858154297,7.0,9.600000000000001
18,2,0.0,8.3,7.800000000000001,2.1962813670341257,7.0,9.600000000000001,281.837646484375,2.236062526702881,8.761113166809082,5.599999904632568,1,2.247804641723633,7.0,9.600000000000001
18,2,0.0,8.3,7.800000000000001,2.1962813670341257,7.0,9.600000000000001,282.337646484375,2.240267276763916,8.7811918258667,5.599999904632568,1,2.252009391784668,7.0,9.600000000000001
18,2,0.0,8.3,7.800000000000001,2.1962813670341257,7.0,9.600000000000001,282.837646484375,2.244659900665283,8.801348686218262,5.599999904632568,1,2.256402015686035,7.0,9.600000000000001
18,2,0.0,8.3,7.800000000000001,2.1962813670341257,7.0,9.600000000000001,283.337646484375,2.2492423057556152,8.821584701538086,5.599999904632568,1,2.260984420776367,7.0,9.600000000000001
18,2,0.0,8.3,7.800000000000001,2.1962813670341257,7.0,9.600000000000001,283.837646484375,2.254016399383545,8.841904640197754,5.599999904632568,1,2.265758514404297,7.0,9.600000000000001
18,2,0.0,8.3,7.800000000000001,2.1962813670341257,7.0,9.600000000000001,284.337646484375,0.0,,,0,2.270725727081299,7.0,9.600000000000001
18,2,0.0,8.3,7.800000000000001,2.1962813670341257,7.0,9.600000000000001,284.837646484375,0.0,,,0,2.2758889198303223,7.0,9.600000000000001
18,2,0.0,8.3,7.800000000000001,2.1962813670341257,7.0,9.600000000000001,285.337646484375,2.26950740814209,8.903406143188477,5.599999904632568,1,2.281249523162842,7.0,9.600000000000001
18,2,0.0,8.3,7.800000000000001,2.1962813670341257,7.0,9.600000000000001,285.837646484375,2.2750678062438965,8.92409896850586,5.599999904632568,1,2.2868099212646484,7.0,9.600000000000001
18,2,0.0,8.3,7.800000000000001,2.1962813670341257,7.0,9.600000000000001,286.337646484375,2.2808303833007812,8.944894790649414,5.599999904632568,1,2.292572498321533,7.0,9.600000000000001
18,2,0.0,8.3,7.800000000000001,2.1962813670341257,7.0,9.600000000000001,286.837646484375,2.2867977619171143,8.965797424316406,5.599999904632568,1,2.298539876937866,7.0,9.600000000000001
18,2,0.0,8.3,7.800000000000001,2.1962813670341257,7.0,9.600000000000001,287.337646484375,2.2929720878601074,8.986809730529785,5.599999904632568,1,2.3047142028808594,7.0,9.600000000000001
18,2,0.0,8.3,7.800000000000001,2.1962813670341257,7.0,9.600000000000001,287.837646484375,2.29935622215271,9.00793743133545,5.599999904632568,1,2.311098337173462,7.0,9.600000000000001
18,2,0.0,8.3,7.800000000000001,2.1962813670341257,7.0,9.600000000000001,288.337646484375,2.305953025817871,9.029184341430664,5.599999904632568,1,2.317695140838623,7.0,9.600000000000001
18,2,0.0,8.3,7.800000000000001,2.1962813670341257,7.0,9.600000000000001,288.837646484375,2.312764883041382,9.050555229187012,5.599999904632568,1,2.324506998062134,7.0,9.600000000000001
18,2,0.0,8.3,7.800000000000001,2.1962813670341257,7.0,9.600000000000001,289.337646484375,2.3197948932647705,9.072052955627441,5.599999904632568,1,2.3315370082855225,7.0,9.600000000000001
18,2,0.0,8.3,7.800000000000001,2.1962813670341257,7.0,9.600000000000001,289.837646484375,2.3270463943481445,9.093682289123535,5.599999904632568,1,2.3387885093688965,7.0,9.600000000000001
18,2,0.0,8.3,7.800000000000001,2.1962813670341257,7.0,9.600000000000001,290.337646484375,0.0,,,0,2.346264362335205,7.0,9.600000000000001
18,2,0.0,8.3,7.800000000000001,2.1962813670341257,7.0,9.600000000000001,290.837646484375,2.342226028442383,9.137356758117676,5.599999904632568,1,2.3539681434631348,7.0,9.600000000000001
18,2,0.0,8.3,7.800000000000001,2.1962813670341257,7.0,9.600000000000001,291.337646484375,0.0,,,0,2.361902952194214,7.0,9.600000000000001
18,2,0.0,8.3,7.800000000000001,2.1962813670341257,7.0,9.600000000000001,291.837646484375,2.358330488204956,9.181614875793457,5.599999904632568,1,2.370072603225708,7.0,9.600000000000001
18,2,0.0,8.3,7.800000000000001,2.1962813670341257,7.0,9.600000000000001,292.337646484375,2.366738796234131,9.203974723815918,5.599999904632568,1,2.378480911254883,7.0,9.600000000000001
18,2,0.0,8.3,7.800000000000001,2.1962813670341257,7.0,9.600000000000001,292.837646484375,2.3753890991210938,9.226496696472168,5.599999904632568,1,2.3871312141418457,7.0,9.600000000000001
18,2,0.0,8.3,7.800000000000001,2.1962813670341257,7.0,9.600000000000001,293.337646484375,2.3842859268188477,9.249183654785156,5.599999904632568,1,2.3960280418395996,7.0,9.600000000000001
18,2,0.0,8.3,7.800000000000001,2.1962813670341257,7.0,9.600000000000001,293.837646484375,0.0,,,0,2.40517520904541,7.0,9.600000000000001
18,2,0.0,8.3,7.800000000000001,2.1962813670341257,7.0,9.600000000000001,294.337646484375,2.402834892272949,9.295079231262207,5.599999904632568,1,2.414577007293701,7.0,9.600000000000001
18,2,0.0,8.3,7.800000000000001,2.1962813670341257,7.0,9.600000000000001,294.837646484375,2.4124958515167236,9.318297386169434,5.599999904632568,1,2.4242379665374756,7.0,9.600000000000001
18,2,0.0,8.3,7.800000000000001,2.1962813670341257,7.0,9.600000000000001,295.337646484375,2.4224207401275635,9.341704368591309,5.599999904632568,1,2.4341628551483154,7.0,9.600000000000001
18,2,0.0,8.3,7.800000000000001,2.1962813670341257,7.0,9.600000000000001,295.837646484375,2.4326138496398926,9.36530590057373,5.599999904632568,1,2.4443559646606445,7.0,9.600000000000001
18,2,0.0,8.3,7.800000000000001,2.1962813670341257,7.0,9.600000000000001,296.337646484375,2.4430806636810303,9.389107704162598,5.599999904632568,1,2.4548227787017822,7.0,9.600000000000001
18,2,0.0,8.3,7.800000000000001,2.1962813670341257,7.0,9.600000000000001,296.837646484375,2.4538259506225586,9.413115501403809,5.599999904632568,1,2.4655680656433105,7.0,9.600000000000001
18,2,0.0,8.3,7.800000000000001,2.1962813670341257,7.0,9.600000000000001,297.337646484375,2.464855194091797,9.437335968017578,5.599999904632568,1,2.476597309112549,7.0,9.600000000000001
18,2,0.0,8.3,7.800000000000001,2.1962813670341257,7.0,9.600000000000001,297.837646484375,2.4761736392974854,9.461776733398438,5.599999904632568,1,2.4879157543182373,7.0,9.600000000000001
18,2,0.0,8.3,7.800000000000001,2.1962813670341257,7.0,9.600000000000001,298.337646484375,2.4877874851226807,9.486443519592285,5.599999904632568,1,2.4995296001434326,7.0,9.600000000000001
18,2,0.0,8.3,7.800000000000001,2.1962813670341257,7.0,9.600000000000001,298.837646484375,2.4997024536132812,9.511343955993652,5.599999904632568,1,2.511444568634033,7.0,9.600000000000001
18,2,0.0,8.3,7.800000000000001,2.1962813670341257,7.0,9.600000000000001,299.337646484375,2.5119245052337646,9.536483764648438,5.599999904632568,1,2.5236666202545166,7.0,9.600000000000001
18,2,0.0,8.3,7.800000000000001,2.1962813670341257,7.0,9.600000000000001,299.837646484375,2.5244603157043457,9.561872482299805,5.599999904632568,1,2.5362024307250977,7.0,9.600000000000001
18,2,0.0,8.3,7.800000000000001,2.1962813670341257,7.0,9.600000000000001,300.337646484375,2.53731632232666,9.587516784667969,5.599999904632568,1,2.549058437347412,7.0,9.600000000000001
18,2,0.0,8.3,7.800000000000001,2.1962813670341257,7.0,9.600000000000001,300.837646484375,2.550499439239502,9.613423347473145,5.599999904632568,1,2.562241554260254,7.0,9.600000000000001
18,2,0.0,8.3,7.800000000000001,2.1962813670341257,7.0,9.600000000000001,301.337646484375,2.564016819000244,9.639601707458496,5.599999904632568,1,2.575758934020996,7.0,9.600000000000001
18,2,0.0,8.3,7.800000000000001,2.1962813670341257,7.0,9.600000000000001,301.837646484375,2.5778756141662598,9.666060447692871,5.599999904632568,1,2.5896177291870117,7.0,9.600000000000001
18,2,0.0,8.3,7.800000000000001,2.1962813670341257,7.0,9.600000000000001,302.337646484375,0.0,,,0,2.6038260459899902,7.0,9.600000000000001
18,2,0.0,8.3,7.800000000000001,2.1962813670341257,7.0,9.600000000000001,302.837646484375,2.60664963722229,9.719850540161133,5.599999904632568,1,2.618391752243042,7.0,9.600000000000001
18,2,0.0,8.3,7.800000000000001,2.1962813670341257,7.0,9.600000000000001,303.337646484375,2.6215806007385254,9.747200012207031,5.599999904632568,1,2.6333227157592773,7.0,9.600000000000001
18,2,0.0,8.3,7.800000000000001,2.1962813670341257,7.0,9.600000000000001,303.837646484375,2.63688588142395,9.774866104125977,5.599999904632568,1,2.648627996444702,7.0,9.600000000000001
18,2,0.0,8.3,7.800000000000001,2.1962813670341257,7.0,9.600000000000001,304.337646484375,0.0,,,0,2.664316415786743,7.0,9.600000000000001
18,2,0.0,8.3,7.800000000000001,2.1962813670341257,7.0,9.600000000000001,304.837646484375,2.668654680252075,9.831185340881348,5.599999904632568,1,2.680396795272827,7.0,9.600000000000001
18,2,0.0,8.3,7.800000000000001,2.1962813670341257,7.0,9.600000000000001,305.337646484375,2.6851372718811035,9.859858512878418,5.599999904632568,1,2.6968793869018555,7.0,9.600000000000001
