scenario_id,scan_id,t,pose_x,pose_y,pose_yaw,goal_x,goal_y,theta_deg,r_m,hit_x,hit_y,valid,noise_free_r_m,final_goal_x,final_goal_y
0,0,0.0,26.5,28.5,-1.5284935365246266,27.3,9.600000000000001,92.42377471923828,4.885925769805908,26.293039321899414,33.38945388793945,1,4.893831729888916,10.700000000000001,0.0
0,0,0.0,26.5,28.5,-1.5284935365246266,27.3,9.600000000000001,92.92377471923828,4.88792085647583,26.250276565551758,33.38945388793945,1,4.895826816558838,10.700000000000001,0.0
0,0,0.0,26.5,28.5,-1.5284935365246266,27.3,9.600000000000001,93.42377471923828,4.890290260314941,26.207477569580078,33.38945388793945,1,4.898196220397949,10.700000000000001,0.0
0,0,0.0,26.5,28.5,-1.5284935365246266,27.3,9.600000000000001,93.92377471923828,4.893035888671875,26.16463279724121,33.38945388793945,1,4.900941848754883,10.700000000000001,0.0
0,0,0.0,26.5,28.5,-1.5284935365246266,27.3,9.600000000000001,94.42377471923828,4.896157741546631,26.121736526489258,33.38945388793945,1,4.904063701629639,10.700000000000001,0.0
0,0,0.0,26.5,28.5,-1.5284935365246266,27.3,9.600000000000001,94.92377471923828,4.899657726287842,26.07878303527832,33.38945388793945,1,4.90756368637085,10.700000000000001,0.0
0,0,0.0,26.5,28.5,-1.5284935365246266,27.3,9.600000000000001,95.42377471923828,4.903537273406982,26.035764694213867,33.38945388793945,1,4.91144323348999,10.700000000000001,0.0
0,0,0.0,26.5,28.5,-1.5284935365246266,27.3,9.600000000000001,95.92377471923828,0.0,,,0,4.915703296661377,10.700000000000001,0.0
0,0,0.0,26.5,28.5,-1.5284935365246266,27.3,9.600000000000001,96.42377471923828,4.912439823150635,25.949504852294922,33.38945388793945,1,4.920345783233643,10.700000000000001,0.0
0,0,0.0,26.5,28.5,-1.5284935365246266,27.3,9.600000000000001,96.92377471923828,0.0,,,0,4.92537260055542,10.700000000000001,0.0
0,0,0.0,26.5,28.5,-1.5284935365246266,27.3,9.600000000000001,97.42377471923828,4.922879219055176,25.86290740966797,33.38945388793945,1,4.930785179138184,10.700000000000001,0.0
0,0,0.0,26.5,28.5,-1.5284935365246266,27.3,9.600000000000001,97.92377471923828,4.928680419921875,25.8194637298584,33.38945388793945,1,4.936586380004883,10.700000000000001,0.0
0,0,0.0,26.5,28.5,-1.5284935365246266,27.3,9.600000000000001,98.42377471923828,4.934872150421143,25.775915145874023,33.38945388793945,1,4.94277811050415,10.700000000000001,0.0
0,0,0.0,26.5,28.5,-1.5284935365246266,27.3,9.600000000000001,98.92377471923828,4.9414567947387695,25.732254028320312,33.38945388793945,1,4.949362754821777,10.700000000000001,0.0
0,0,0.0,26.5,28.5,-1.5284935365246266,27.3,9.600000000000001,99.42377471923828,0.0,,,0,4.956343173980713,10.700000000000001,0.0
0,0,0.0,26.5,28.5,-1.5284935365246266,27.3,9.600000000000001,99.92377471923828,4.955815315246582,25.644563674926758,33.38945388793945,1,4.96372127532959,10.700000000000001,0.0
0,0,0.0,26.5,28.5,-1.5284935365246266,27.3,9.600000000000001,100.42377471923828,4.963594913482666,25.600521087646484,33.38945388793945,1,4.971500873565674,10.700000000000001,0.0
0,0,0.0,26.5,28.5,-1.5284935365246266,27.3,9.600000000000001,100.92377471923828,4.971778869628906,25.55633544921875,33.38945388793945,1,4.979684829711914,10.700000000000001,0.0
0,0,0.0,26.5,28.5,-1.5284935365246266,27.3,9.600000000000001,101.42377471923828,4.980370044708252,25.512001037597656,33.38945388793945,1,4.98827600479126,10.700000000000001,0.0
0,0,0.0,26.5,28.5,-1.5284935365246266,27.3,9.600000000000001,101.92377471923828,0.0,,,0,4.997278213500977,10.700000000000001,0.0
0,0,0.0,26.5,28.5,-1.5284935365246266,27.3,9.600000000000001,102.42377471923828,4.998788833618164,25.4228572845459,33.38945388793945,1,5.006694793701172,10.700000000000001,0.0
0,0,0.0,26.5,28.5,-1.5284935365246266,27.3,9.600000000000001,102.92377471923828,5.008624076843262,25.37803077697754,33.38945388793945,1,5.0165300369262695,10.700000000000001,0.0
0,0,0.0,26.5,28.5,-1.5284935365246266,27.3,9.600000000000001,103.42377471923828,5.018881320953369,25.333023071289062,33.38945388793945,1,5.026787281036377,10.700000000000001,0.0
0,0,0.0,26.5,28.5,-1.5284935365246266,27.3,9.600000000000001,103.92377471923828,0.0,,,0,5.037471294403076,10.700000000000001,0.0
0,0,0.0,26.5,28.5,-1.5284935365246266,27.3,9.600000000000001,104.42377471923828,5.040679454803467,25.24243927001953,33.38945388793945,1,5.048585414886475,10.700000000000001,0.0
0,0,0.0,26.5,28.5,-1.5284935365246266,27.3,9.600000000000001,104.92377471923828,0.0,,,0,5.060135364532471,10.700000000000001,0.0
0,0,0.0,26.5,28.5,-1.5284935365246266,27.3,9.600000000000001,105.42377471923828,5.0642194747924805,25.151037216186523,33.38945388793945,1,5.072125434875488,10.700000000000001,0.0
0,0,0.0,26.5,28.5,-1.5284935365246266,27.3,9.600000000000001,105.92377471923828,5.07665491104126,25.105009078979492,33.38945388793945,1,5.084560871124268,10.700000000000001,0.0
0,0,0.0,26.5,28.5,-1.5284935365246266,27.3,9.600000000000001,106.42377471923828,5.089540004730225,25.05875015258789,33.38945388793945,1,5.097445964813232,10.700000000000001,0.0
0,0,0.0,26.5,28.5,-1.5284935365246266,27.3,9.600000000000001,106.92377471923828,5.102880954742432,25.01225471496582,33.38945388793945,1,5.1107869148254395,10.700000000000001,0.0
0,0,0.0,26.5,28.5,-1.5284935365246266,27.3,9.600000000000001,107.42377471923828,5.116683483123779,24.96550941467285,33.38945388793945,1,5.124589443206787,10.700000000000001,0.0
0,0,0.0,26.5,28.5,-1.5284935365246266,27.3,9.600000000000001,107.92377471923828,5.130952835083008,24.918508529663086,33.38945388793945,1,5.138858795166016,10.700000000000001,0.0
0,0,0.0,26.5,28.5,-1.5284935365246266,27.3,9.600000000000001,108.42377471923828,0.0,,,0,5.15360164642334,10.700000000000001,0.0
0,0,0.0,26.5,28.5,-1.5284935365246266,27.3,9.600000000000001,108.92377471923828,5.160918235778809,24.823699951171875,33.38945388793945,1,5.168824195861816,10.700000000000001,0.0
0,0,0.0,26.5,28.5,-1.5284935365246266,27.3,9.600000000000001,109.42377471923828,5.176626682281494,24.77587127685547,33.38945388793945,1,5.184532642364502,10.700000000000001,0.0
0,0,0.0,26.5,28.5,-1.5284935365246266,27.3,9.600000000000001,109.92377471923828,5.192828178405762,24.727746963500977,33.38945388793945,1,5.2007341384887695,10.700000000000001,0.0
0,0,0.0,26.5,28.5,-1.5284935365246266,27.3,9.600000000000001,110.42377471923828,5.209529876708984,24.679319381713867,33.38945388793945,1,5.217435836791992,10.700000000000001,0.0
0,0,0.0,26.5,28.5,-1.5284935365246266,27.3,9.600000000000001,110.92377471923828,5.226738929748535,24.63057518005371,33.38945388793945,1,5.234644889831543,10.700000000000001,0.0
0,0,0.0,26.5,28.5,-1.5284935365246266,27.3,9.600000000000001,111.42377471923828,5.2444634437561035,24.58150291442871,33.38945388793945,1,5.252369403839111,10.700000000000001,0.0
0,0,0.0,26.5,28.5,-1.5284935365246266,27.3,9.600000000000001,111.92377471923828,5.262711048126221,24.532094955444336,33.38945388793945,1,5.2706170082092285,10.700000000000001,0.0
0,0,0.0,26.5,28.5,-1.5284935365246266,27.3,9.600000000000001,112.42377471923828,5.281490325927734,24.48233985900879,33.38945388793945,1,5.289396286010742,10.700000000000001,0.0
0,0,0.0,26.5,28.5,-1.5284935365246266,27.3,9.600000000000001,112.92377471923828,5.300809383392334,24.432222366333008,33.38945388793945,1,5.308715343475342,10.700000000000001,0.0
0,0,0.0,26.5,28.5,-1.5284935365246266,27.3,9.600000000000001,113.42377471923828,5.320677280426025,24.38173484802246,33.38945388793945,1,5.328583240509033,10.700000000000001,0.0
0,0,0.0,26.5,28.5,-1.5284935365246266,27.3,9.600000000000001,113.92377471923828,0.0,,,0,5.3490095138549805,10.700000000000001,0.0
0,0,0.0,26.5,28.5,-1.5284935365246266,27.3,9.600000000000001,114.42377471923828,5.36209774017334,24.279598236083984,33.38945388793945,1,5.370003700256348,10.700000000000001,0.0
0,0,0.0,26.5,28.5,-1.5284935365246266,27.3,9.600000000000001,114.92377471923828,5.383669376373291,24.227924346923828,33.38945388793945,1,5.391575336456299,10.700000000000001,0.0
0,0,0.0,26.5,28.5,-1.5284935365246266,27.3,9.600000000000001,115.42377471923828,5.405828475952148,24.175830841064453,33.38945388793945,1,5.413734436035156,10.700000000000001,0.0
0,0,0.0,26.5,28.5,-1.5284935365246266,27.3,9.600000000000001,115.92377471923828,5.428586959838867,24.123300552368164,33.38945388793945,1,5.436492919921875,10.700000000000001,0.0
0,0,0.0,26.5,28.5,-1.5284935365246266,27.3,9.600000000000001,116.42377471923828,5.4519548416137695,24.07032585144043,33.38945388793945,1,5.459860801696777,10.700000000000001,0.0
0,0,0.0,26.5,28.5,-1.5284935365246266,27.3,9.600000000000001,116.92377471923828,5.475943565368652,24.016887664794922,33.38945388793945,1,5.48384952545166,10.700000000000001,0.0
0,0,0.0,26.5,28.5,-1.5284935365246266,27.3,9.600000000000001,117.42377471923828,5.500565528869629,23.962974548339844,33.38945388793945,1,5.508471488952637,10.700000000000001,0.0
0,0,0.0,26.5,28.5,-1.5284935365246266,27.3,9.600000000000001,117.92377471923828,5.5258331298828125,23.9085693359375,33.38945388793945,1,5.53373908996582,10.700000000000001,0.0
0,0,0.0,26.5,28.5,-1.5284935365246266,27.3,9.600000000000001,118.42377471923828,5.551758766174316,23.853660583496094,33.38945388793945,1,5.559664726257324,10.700000000000001,0.0
0,0,0.0,26.5,28.5,-1.5284935365246266,27.3,9.600000000000001,118.92377471923828,5.5783562660217285,23.798229217529297,33.38945388793945,1,5.586262226104736,10.700000000000001,0.0
0,0,0.0,26.5,28.5,-1.5284935365246266,27.3,9.600000000000001,119.42377471923828,0.0,,,0,5.613544464111328,10.700000000000001,0.0
0,0,0.0,26.5,28.5,-1.5284935365246266,27.3,9.600000000000001,119.92377471923828,5.633620262145996,23.685739517211914,33.38945388793945,1,5.641526222229004,10.700000000000001,0.0
0,0,0.0,26.5,28.5,-1.5284935365246266,27.3,9.600000000000001,120.42377471923828,5.662316799163818,23.628646850585938,33.38945388793945,1,5.670222759246826,10.700000000000001,0.0
0,0,0.0,26.5,28.5,-1.5284935365246266,27.3,9.600000000000001,120.92377471923828,5.691742897033691,23.570966720581055,33.38945388793945,1,5.699648857116699,10.700000000000001,0.0
0,0,0.0,26.5,28.5,-1.5284935365246266,27.3,9.600000000000001,121.42377471923828,5.721914291381836,23.512680053710938,33.38945388793945,1,5.729820251464844,10.700000000000001,0.0
0,0,0.0,26.5,28.5,-1.5284935365246266,27.3,9.600000000000001,121.92377471923828,5.752848148345947,23.453767776489258,33.38945388793945,1,5.760754108428955,10.700000000000001,0.0
0,0,0.0,26.5,28.5,-1.5284935365246266,27.3,9.600000000000001,122.42377471923828,5.7845611572265625,23.39421272277832,33.38945388793945,1,5.79246711730957,10.700000000000001,0.0
0,0,0.0,26.5,28.5,-1.5284935365246266,27.3,9.600000000000001,122.92377471923828,5.817071437835693,23.33399200439453,33.38945388793945,1,5.824977397918701,10.700000000000001,0.0
0,0,0.0,26.5,28.5,-1.5284935365246266,27.3,9.600000000000001,123.42377471923828,5.85039758682251,23.273088455200195,33.38945388793945,1,5.858303546905518,10.700000000000001,0.0
0,0,0.0,26.5,28.5,-1.5284935365246266,27.3,9.600000000000001,123.92377471923828,5.884558200836182,23.211477279663086,33.38945388793945,1,5.8924641609191895,10.700000000000001,0.0
0,0,0.0,26.5,28.5,-1.5284935365246266,27.3,9.600000000000001,124.42377471923828,5.919573783874512,23.149141311645508,33.38945388793945,1,5.9274797439575195,10.700000000000001,0.0
0,0,0.0,26.5,28.5,-1.5284935365246266,27.3,9.600000000000001,124.92377471923828,5.955464839935303,23.0860538482666,33.38945388793945,1,5.9633708000183105,10.700000000000001,0.0
0,0,0.0,26.5,28.5,-1.5284935365246266,27.3,9.600000000000001,125.42377471923828,5.992252826690674,23.022192001342773,33.38945388793945,1,6.000158786773682,10.700000000000001,0.0
0,0,0.0,26.5,28.5,-1.5284935365246266,27.3,9.600000000000001,125.92377471923828,5.957579135894775,23.0,33.330841064453125,1,5.965485095977783,10.700000000000001,0.0
0,0,0.0,26.5,28.5,-1.5284935365246266,27.3,9.600000000000001,126.42377471923828,0.0,,,0,5.89470911026001,10.700000000000001,0.0
0,0,0.0,26.5,28.5,-1.5284935365246266,27.3,9.600000000000001,126.92377471923828,5.8181257247924805,23.0,33.157535552978516,1,5.826031684875488,10.700000000000001,0.0
0,0,0.0,26.5,28.5,-1.5284935365246266,27.3,9.600000000000001,127.42377471923828,5.751463890075684,23.0,33.073875427246094,1,5.759369850158691,10.700000000000001,0.0
0,0,0.0,26.5,28.5,-1.5284935365246266,27.3,9.600000000000001,127.92377471923828,0.0,,,0,5.694644927978516,10.700000000000001,0.0
0,0,0.0,26.5,28.5,-1.5284935365246266,27.3,9.600000000000001,128.42376708984375,5.623876571655273,23.0,32.912139892578125,1,5.631782531738281,10.700000000000001,0.0
0,0,0.0,26.5,28.5,-1.5284935365246266,27.3,9.600000000000001,128.92376708984375,5.562806606292725,23.0,32.83391571044922,1,5.570712566375732,10.700000000000001,0.0
0,0,0.0,26.5,28.5,-1.5284935365246266,27.3,9.600000000000001,129.42376708984375,0.0,,,0,5.5113677978515625,10.700000000000001,0.0
0,0,0.0,26.5,28.5,-1.5284935365246266,27.3,9.600000000000001,129.92376708984375,5.445779323577881,23.0,32.68242645263672,1,5.453685283660889,10.700000000000001,0.0
0,0,0.0,26.5,28.5,-1.5284935365246266,27.3,9.600000000000001,130.42376708984375,5.389698505401611,23.0,32.609031677246094,1,5.397604465484619,10.700000000000001,0.0
0,0,0.0,26.5,28.5,-1.5284935365246266,27.3,9.600000000000001,130.92376708984375,0.0,,,0,5.3430681228637695,10.700000000000001,0.0
0,0,0.0,26.5,28.5,-1.5284935365246266,27.3,9.600000000000001,131.42376708984375,0.0,,,0,5.2900214195251465,10.700000000000001,0.0
0,0,0.0,26.5,28.5,-1.5284935365246266,27.3,9.600000000000001,131.92376708984375,5.230506896972656,23.0,32.397560119628906,1,5.238412857055664,10.700000000000001,0.0
0,0,0.0,26.5,28.5,-1.5284935365246266,27.3,9.600000000000001,132.42376708984375,5.180286884307861,23.0,32.329795837402344,1,5.188192844390869,10.700000000000001,0.0
0,0,0.0,26.5,28.5,-1.5284935365246266,27.3,9.600000000000001,132.92376708984375,5.131408214569092,23.0,32.2633171081543,1,5.1393141746521,10.700000000000001,0.0
0,0,0.0,26.5,28.5,-1.5284935365246266,27.3,9.600000000000001,133.42376708984375,0.0,,,0,5.091732025146484,10.700000000000001,0.0
0,0,0.0,26.5,28.5,-1.5284935365246266,27.3,9.600000000000001,133.92376708984375,5.037497520446777,23.0,32.13401794433594,1,5.045403480529785,10.700000000000001,0.0
0,0,0.0,26.5,28.5,-1.5284935365246266,27.3,9.600000000000001,134.42376708984375,0.0,,,0,5.000288009643555,10.700000000000001,0.0
0,0,0.0,26.5,28.5,-1.5284935365246266,27.3,9.600000000000001,134.92376708984375,4.948440074920654,23.0,32.00932693481445,1,4.956346035003662,10.700000000000001,0.0
0,0,0.0,26.5,28.5,-1.5284935365246266,27.3,9.600000000000001,135.42376708984375,4.905634880065918,23.0,31.948606491088867,1,4.913540840148926,10.700000000000001,0.0
0,0,0.0,26.5,28.5,-1.5284935365246266,27.3,9.600000000000001,135.92376708984375,4.8639302253723145,23.0,31.8889217376709,1,4.871836185455322,10.700000000000001,0.0
0,0,0.0,26.5,28.5,-1.5284935365246266,27.3,9.600000000000001,136.42376708984375,4.8232927322387695,23.0,31.830236434936523,1,4.831198692321777,10.700000000000001,0.0
0,0,0.0,26.5,28.5,-1.5284935365246266,27.3,9.600000000000001,136.92376708984375,0.0,,,0,4.791594982147217,10.700000000000001,0.0
0,0,0.0,26.5,28.5,-1.5284935365246266,27.3,9.600000000000001,137.42376708984375,0.0,,,0,4.752994537353516,10.700000000000001,0.0
0,0,0.0,26.5,28.5,-1.5284935365246266,27.3,9.600000000000001,137.92376708984375,4.707461357116699,23.0,31.65985679626465,1,4.715367317199707,10.700000000000001,0.0
0,0,0.0,26.5,28.5,-1.5284935365246266,27.3,9.600000000000001,138.42376708984375,4.670778751373291,23.0,31.604848861694336,1,4.678684711456299,10.700000000000001,0.0
0,0,0.0,26.5,28.5,-1.5284935365246266,27.3,9.600000000000001,138.92376708984375,4.635013103485107,23.0,31.550687789916992,1,4.642919063568115,10.700000000000001,0.0
0,0,0.0,26.5,28.5,-1.5284935365246266,27.3,9.600000000000001,139.42376708984375,4.6001386642456055,23.0,31.497344970703125,1,4.608044624328613,10.700000000000001,0.0
0,0,0.0,26.5,28.5,-1.5284935365246266,27.3,9.600000000000001,139.92376708984375,0.0,,,0,4.574036121368408,10.700000000000001,0.0
0,0,0.0,26.5,28.5,-1.5284935365246266,27.3,9.600000000000001,140.42376708984375,4.532962799072266,23.0,31.393007278442383,1,4.540868759155273,10.700000000000001,0.0
0,0,0.0,26.5,28.5,-1.5284935365246266,27.3,9.600000000000001,140.92376708984375,4.500613689422607,23.0,31.341962814331055,1,4.508519649505615,10.700000000000001,0.0
0,0,0.0,26.5,28.5,-1.5284935365246266,27.3,9.600000000000001,141.42376708984375,0.0,,,0,4.4769673347473145,10.700000000000001,0.0
0,0,0.0,26.5,28.5,-1.5284935365246266,27.3,9.600000000000001,141.92376708984375,0.0,,,0,4.4461894035339355,10.700000000000001,0.0
0,0,0.0,26.5,28.5,-1.5284935365246266,27.3,9.600000000000001,142.42376708984375,4.408259868621826,23.0,31.193050384521484,1,4.416165828704834,10.700000000000001,0.0
0,0,0.0,26.5,28.5,-1.5284935365246266,27.3,9.600000000000001,142.92376708984375,4.378970623016357,23.0,31.144746780395508,1,4.386876583099365,10.700000000000001,0.0
0,0,0.0,26.5,28.5,-1.5284935365246266,27.3,9.600000000000001,143.42376708984375,4.35039758682251,23.0,31.097076416015625,1,4.358303546905518,10.700000000000001,0.0
0,0,0.0,26.5,28.5,-1.5284935365246266,27.3,9.600000000000001,143.92376708984375,4.322521686553955,23.0,31.050020217895508,1,4.330427646636963,10.700000000000001,0.0
0,0,0.0,26.5,28.5,-1.5284935365246266,27.3,9.600000000000001,144.42376708984375,4.295325756072998,23.0,31.003557205200195,1,4.303231716156006,10.700000000000001,0.0
0,0,0.0,26.5,28.5,-1.5284935365246266,27.3,9.600000000000001,144.92376708984375,0.0,,,0,4.276699066162109,10.700000000000001,0.0
0,0,0.0,26.5,28.5,-1.5284935365246266,27.3,9.600000000000001,145.42376708984375,4.2429070472717285,23.0,30.91234588623047,1,4.250813007354736,10.700000000000001,0.0
0,0,0.0,26.5,28.5,-1.5284935365246266,27.3,9.600000000000001,145.92376708984375,4.217652797698975,23.0,30.86756134033203,1,4.225558757781982,10.700000000000001,0.0
0,0,0.0,26.5,28.5,-1.5284935365246266,27.3,9.600000000000001,146.42376708984375,4.193014621734619,23.0,30.823301315307617,1,4.200920581817627,10.700000000000001,0.0
0,0,0.0,26.5,28.5,-1.5284935365246266,27.3,9.600000000000001,146.92376708984375,4.168978214263916,23.0,30.779552459716797,1,4.176884174346924,10.700000000000001,0.0
0,0,0.0,26.5,28.5,-1.5284935365246266,27.3,9.600000000000001,147.42376708984375,4.145529747009277,23.0,30.736297607421875,1,4.153435707092285,10.700000000000001,0.0
0,0,0.0,26.5,28.5,-1.5284935365246266,27.3,9.600000000000001,147.92376708984375,0.0,,,0,4.130561828613281,10.700000000000001,0.0
0,0,0.0,26.5,28.5,-1.5284935365246266,27.3,9.600000000000001,148.42376708984375,4.100344181060791,23.0,30.651212692260742,1,4.108250141143799,10.700000000000001,0.0
0,0,0.0,26.5,28.5,-1.5284935365246266,27.3,9.600000000000001,148.92376708984375,4.0785813331604,23.0,30.60935401916504,1,4.086487293243408,10.700000000000001,0.0
0,0,0.0,26.5,28.5,-1.5284935365246266,27.3,9.600000000000001,149.42376708984375,4.057355880737305,23.0,30.567934036254883,1,4.0652618408203125,10.700000000000001,0.0
0,0,0.0,26.5,28.5,-1.5284935365246266,27.3,9.600000000000001,149.92376708984375,4.036656379699707,23.0,30.526939392089844,1,4.044562339782715,10.700000000000001,0.0
0,0,0.0,26.5,28.5,-1.5284935365246266,27.3,9.600000000000001,150.42376708984375,4.0164713859558105,23.0,30.486356735229492,1,4.024377346038818,10.700000000000001,0.0
0,0,0.0,26.5,28.5,-1.5284935365246266,27.3,9.600000000000001,150.92376708984375,3.9967901706695557,23.0,30.4461727142334,1,4.004696369171143,10.700000000000001,0.0
0,0,0.0,26.5,28.5,-1.5284935365246266,27.3,9.600000000000001,151.42376708984375,3.977602481842041,23.0,30.4063777923584,1,3.985508680343628,10.700000000000001,0.0
0,0,0.0,26.5,28.5,-1.5284935365246266,27.3,9.600000000000001,151.92376708984375,3.9588985443115234,23.0,30.366960525512695,1,3.9668047428131104,10.700000000000001,0.0
0,0,0.0,26.5,28.5,-1.5284935365246266,27.3,9.600000000000001,152.42376708984375,3.940668821334839,23.0,30.32790756225586,1,3.948575019836426,10.700000000000001,0.0
0,0,0.0,26.5,28.5,-1.5284935365246266,27.3,9.600000000000001,152.92376708984375,3.9229037761688232,23.0,30.289209365844727,1,3.93080997467041,10.700000000000001,0.0
0,0,0.0,26.5,28.5,-1.5284935365246266,27.3,9.600000000000001,153.42376708984375,3.90559458732605,23.0,30.2508544921875,1,3.9135007858276367,10.700000000000001,0.0
0,0,0.0,26.5,28.5,-1.5284935365246266,27.3,9.600000000000001,153.92376708984375,3.888732671737671,23.0,30.212831497192383,1,3.896638870239258,10.700000000000001,0.0
0,0,0.0,26.5,28.5,-1.5284935365246266,27.3,9.600000000000001,154.42376708984375,3.872309446334839,23.0,30.175134658813477,1,3.880215644836426,10.700000000000001,0.0
0,0,0.0,26.5,28.5,-1.5284935365246266,27.3,9.600000000000001,154.92376708984375,3.8563172817230225,23.0,30.13774871826172,1,3.8642234802246094,10.700000000000001,0.0
0,0,0.0,26.5,28.5,-1.5284935365246266,27.3,9.600000000000001,155.42376708984375,3.8407483100891113,23.0,30.100669860839844,1,3.8486545085906982,10.700000000000001,0.0
0,0,0.0,26.5,28.5,-1.5284935365246266,27.3,9.600000000000001,155.92376708984375,3.825594902038574,23.0,30.06388282775879,1,3.833501100540161,10.700000000000001,0.0
0,0,0.0,26.5,28.5,-1.5284935365246266,27.3,9.600000000000001,156.42376708984375,3.810850143432617,23.0,30.02738380432129,1,3.818756341934204,10.700000000000001,0.0
0,0,0.0,26.5,28.5,-1.5284935365246266,27.3,9.600000000000001,156.92376708984375,0.0,,,0,3.804413080215454,10.700000000000001,0.0
0,0,0.0,26.5,28.5,-1.5284935365246266,27.3,9.600000000000001,157.42376708984375,3.7825586795806885,23.0,29.9552059173584,1,3.7904648780822754,10.700000000000001,0.0
0,0,0.0,26.5,28.5,-1.5284935365246266,27.3,9.600000000000001,157.92376708984375,3.768998861312866,23.0,29.919511795043945,1,3.776905059814453,10.700000000000001,0.0
0,0,0.0,26.5,28.5,-1.5284935365246266,27.3,9.600000000000001,158.42376708984375,3.755821466445923,23.0,29.884069442749023,1,3.7637276649475098,10.700000000000001,0.0
0,0,0.0,26.5,28.5,-1.5284935365246266,27.3,9.600000000000001,158.92376708984375,3.7430202960968018,23.0,29.84886932373047,1,3.7509264945983887,10.700000000000001,0.0
0,0,0.0,26.5,28.5,-1.5284935365246266,27.3,9.600000000000001,159.42376708984375,3.7305896282196045,23.0,29.813905715942383,1,3.7384958267211914,10.700000000000001,0.0
0,0,0.0,26.5,28.5,-1.5284935365246266,27.3,9.600000000000001,159.92376708984375,3.7185237407684326,23.0,29.779170989990234,1,3.7264299392700195,10.700000000000001,0.0
0,0,0.0,26.5,28.5,-1.5284935365246266,27.3,9.600000000000001,160.42376708984375,3.706817626953125,23.0,29.744657516479492,1,3.714723825454712,10.700000000000001,0.0
0,0,0.0,26.5,28.5,-1.5284935365246266,27.3,9.600000000000001,160.92376708984375,3.6954660415649414,23.0,29.710357666015625,1,3.7033722400665283,10.700000000000001,0.0
0,0,0.0,26.5,28.5,-1.5284935365246266,27.3,9.600000000000001,161.42376708984375,3.6844637393951416,23.0,29.6762638092041,1,3.6923699378967285,10.700000000000001,0.0
0,0,0.0,26.5,28.5,-1.5284935365246266,27.3,9.600000000000001,161.92376708984375,3.6738064289093018,23.0,29.642370223999023,1,3.6817126274108887,10.700000000000001,0.0
0,0,0.0,26.5,28.5,-1.5284935365246266,27.3,9.600000000000001,162.42376708984375,3.6634891033172607,23.0,29.608667373657227,1,3.6713953018188477,10.700000000000001,0.0
0,0,0.0,26.5,28.5,-1.5284935365246266,27.3,9.600000000000001,162.92376708984375,3.6535074710845947,23.0,29.575151443481445,1,3.6614136695861816,10.700000000000001,0.0
0,0,0.0,26.5,28.5,-1.5284935365246266,27.3,9.600000000000001,163.42376708984375,3.643857479095459,23.0,29.54181480407715,1,3.651763677597046,10.700000000000001,0.0
0,0,0.0,26.5,28.5,-1.5284935365246266,27.3,9.600000000000001,163.92376708984375,3.6345345973968506,23.0,29.508649826049805,1,3.6424407958984375,10.700000000000001,0.0
0,0,0.0,26.5,28.5,-1.5284935365246266,27.3,9.600000000000001,164.42376708984375,0.0,,,0,3.633441686630249,10.700000000000001,0.0
0,0,0.0,26.5,28.5,-1.5284935365246266,27.3,9.600000000000001,164.92376708984375,3.6168558597564697,23.0,29.442813873291016,1,3.6247620582580566,10.700000000000001,0.0
0,0,0.0,26.5,28.5,-1.5284935365246266,27.3,9.600000000000001,165.42376708984375,3.608492374420166,23.0,29.410131454467773,1,3.616398572921753,10.700000000000001,0.0
0,0,0.0,26.5,28.5,-1.5284935365246266,27.3,9.600000000000001,165.92376708984375,3.6004416942596436,23.0,29.377595901489258,1,3.6083478927612305,10.700000000000001,0.0
0,0,0.0,26.5,28.5,-1.5284935365246266,27.3,9.600000000000001,166.42376708984375,3.592700242996216,23.0,29.34520149230957,1,3.6006064414978027,10.700000000000001,0.0
0,0,0.0,26.5,28.5,-1.5284935365246266,27.3,9.600000000000001,166.92376708984375,3.5852649211883545,23.0,29.312944412231445,1,3.5931711196899414,10.700000000000001,0.0
0,0,0.0,26.5,28.5,-1.5284935365246266,27.3,9.600000000000001,167.42376708984375,0.0,,,0,3.5860390663146973,10.700000000000001,0.0
0,0,0.0,26.5,28.5,-1.5284935365246266,27.3,9.600000000000001,167.92376708984375,3.571301221847534,23.0,29.248815536499023,1,3.579207420349121,10.700000000000001,0.0
0,0,0.0,26.5,28.5,-1.5284935365246266,27.3,9.600000000000001,168.42376708984375,3.5647671222686768,23.0,29.216934204101562,1,3.5726733207702637,10.700000000000001,0.0
0,0,0.0,26.5,28.5,-1.5284935365246266,27.3,9.600000000000001,168.92376708984375,3.558527708053589,23.0,29.185165405273438,1,3.566433906555176,10.700000000000001,0.0
0,0,0.0,26.5,28.5,-1.5284935365246266,27.3,9.600000000000001,169.42376708984375,3.5525808334350586,23.0,29.15350341796875,1,3.5604870319366455,10.700000000000001,0.0
0,0,0.0,26.5,28.5,-1.5284935365246266,27.3,9.600000000000001,169.92376708984375,3.546924114227295,23.0,29.121946334838867,1,3.554830312728882,10.700000000000001,0.0
0,0,0.0,26.5,28.5,-1.5284935365246266,27.3,9.600000000000001,170.42376708984375,3.5415549278259277,23.0,29.090486526489258,1,3.5494611263275146,10.700000000000001,0.0
0,0,0.0,26.5,28.5,-1.5284935365246266,27.3,9.600000000000001,170.92376708984375,0.0,,,0,3.5443780422210693,10.700000000000001,0.0
0,0,0.0,26.5,28.5,-1.5284935365246266,27.3,9.600000000000001,171.42376708984375,3.531672239303589,23.0,29.02783966064453,1,3.539578437805176,10.700000000000001,0.0
0,0,0.0,26.5,28.5,-1.5284935365246266,27.3,9.600000000000001,171.92376708984375,3.5271544456481934,23.0,28.99664306640625,1,3.5350606441497803,10.700000000000001,0.0
0,0,0.0,26.5,28.5,-1.5284935365246266,27.3,9.600000000000001,172.42376708984375,3.522916793823242,23.0,28.96552276611328,1,3.530822992324829,10.700000000000001,0.0
0,0,0.0,26.5,28.5,-1.5284935365246266,27.3,9.600000000000001,172.92376708984375,3.5189573764801025,23.0,28.934473037719727,1,3.5268635749816895,10.700000000000001,0.0
0,0,0.0,26.5,28.5,-1.5284935365246266,27.3,9.600000000000001,173.42376708984375,3.515275001525879,23.0,28.903491973876953,1,3.523181200027466,10.700000000000001,0.0
0,0,0.0,26.5,28.5,-1.5284935365246266,27.3,9.600000000000001,173.92376708984375,3.5118680000305176,23.0,28.872573852539062,1,3.5197741985321045,10.700000000000001,0.0
0,0,0.0,26.5,28.5,-1.5284935365246266,27.3,9.600000000000001,174.42376708984375,3.508735179901123,23.0,28.841711044311523,1,3.51664137840271,10.700000000000001,0.0
0,0,0.0,26.5,28.5,-1.5284935365246266,27.3,9.600000000000001,174.92376708984375,3.5058753490448,23.0,28.810903549194336,1,3.5137815475463867,10.700000000000001,0.0
0,0,0.0,26.5,28.5,-1.5284935365246266,27.3,9.600000000000001,175.42376708984375,3.5032873153686523,23.0,28.780141830444336,1,3.5111935138702393,10.700000000000001,0.0
0,0,0.0,26.5,28.5,-1.5284935365246266,27.3,9.600000000000001,175.92376708984375,3.500969886779785,23.0,28.74942398071289,1,3.508876085281372,10.700000000000001,0.0
0,0,0.0,26.5,28.5,-1.5284935365246266,27.3,9.600000000000001,176.42376708984375,3.49892258644104,23.0,28.7187442779541,1,3.506828784942627,10.700000000000001,0.0
0,0,0.0,26.5,28.5,-1.5284935365246266,27.3,9.600000000000001,176.92376708984375,3.4971444606781006,23.0,28.68809700012207,1,3.5050506591796875,10.700000000000001,0.0
0,0,0.0,26.5,28.5,-1.5284935365246266,27.3,9.600000000000001,177.42376708984375,3.4956347942352295,23.0,28.65747833251953,1,3.5035409927368164,10.700000000000001,0.0
0,0,0.0,26.5,28.5,-1.5284935365246266,27.3,9.600000000000001,177.92376708984375,3.4943931102752686,23.0,28.62688446044922,1,3.5022993087768555,10.700000000000001,0.0
0,0,0.0,26.5,28.5,-1.5284935365246266,27.3,9.600000000000001,178.42376708984375,3.4934186935424805,23.0,28.596311569213867,1,3.5013248920440674,10.700000000000001,0.0
0,0,0.0,26.5,28.5,-1.5284935365246266,27.3,9.600000000000001,178.92376708984375,0.0,,,0,3.500617504119873,10.700000000000001,0.0
0,0,0.0,26.5,28.5,-1.5284935365246266,27.3,9.600000000000001,179.42376708984375,0.0,,,0,3.5001769065856934,10.700000000000001,0.0
0,0,0.0,26.5,28.5,-1.5284935365246266,27.3,9.600000000000001,179.92376708984375,3.4920969009399414,23.0,28.504655838012695,1,3.5000030994415283,10.700000000000001,0.0
0,0,0.0,26.5,28.5,-1.5284935365246266,27.3,9.600000000000001,180.42376708984375,3.492189645767212,23.0,28.47411346435547,1,3.500095844268799,10.700000000000001,0.0
0,0,0.0,26.5,28.5,-1.5284935365246266,27.3,9.600000000000001,180.92376708984375,3.492548704147339,23.0,28.443565368652344,1,3.500454902648926,10.700000000000001,0.0
0,0,0.0,26.5,28.5,-1.5284935365246266,27.3,9.600000000000001,181.42376708984375,3.4931747913360596,23.0,28.413009643554688,1,3.5010809898376465,10.700000000000001,0.0
0,0,0.0,26.5,28.5,-1.5284935365246266,27.3,9.600000000000001,181.92376708984375,3.494067668914795,23.0,28.38243865966797,1,3.501973867416382,10.700000000000001,0.0
0,0,0.0,26.5,28.5,-1.5284935365246266,27.3,9.600000000000001,182.42376708984375,0.0,,,0,3.50313401222229,10.700000000000001,0.0
0,0,0.0,26.5,28.5,-1.5284935365246266,27.3,9.600000000000001,182.92376708984375,3.4966557025909424,23.0,28.32124137878418,1,3.5045619010925293,10.700000000000001,0.0
0,0,0.0,26.5,28.5,-1.5284935365246266,27.3,9.600000000000001,183.42376708984375,3.49835205078125,23.0,28.290603637695312,1,3.506258249282837,10.700000000000001,0.0
0,0,0.0,26.5,28.5,-1.5284935365246266,27.3,9.600000000000001,183.92376708984375,0.0,,,0,3.508223295211792,10.700000000000001,0.0
0,0,0.0,26.5,28.5,-1.5284935365246266,27.3,9.600000000000001,184.42376708984375,3.502552032470703,23.0,28.229228973388672,1,3.51045823097229,10.700000000000001,0.0
0,0,0.0,26.5,28.5,-1.5284935365246266,27.3,9.600000000000001,184.92376708984375,3.5050573348999023,23.0,28.1984806060791,1,3.5129635334014893,10.700000000000001,0.0
0,0,0.0,26.5,28.5,-1.5284935365246266,27.3,9.600000000000001,185.42376708984375,3.5078344345092773,23.0,28.167688369750977,1,3.5157406330108643,10.700000000000001,0.0
0,0,0.0,26.5,28.5,-1.5284935365246266,27.3,9.600000000000001,185.92376708984375,3.5108838081359863,23.0,28.136842727661133,1,3.5187900066375732,10.700000000000001,0.0
0,0,0.0,26.5,28.5,-1.5284935365246266,27.3,9.600000000000001,186.42376708984375,3.514207124710083,23.0,28.105941772460938,1,3.52211332321167,10.700000000000001,0.0
0,0,0.0,26.5,28.5,-1.5284935365246266,27.3,9.600000000000001,186.92376708984375,0.0,,,0,3.5257115364074707,10.700000000000001,0.0
0,0,0.0,26.5,28.5,-1.5284935365246266,27.3,9.600000000000001,187.42376708984375,3.5216801166534424,23.0,28.04395294189453,1,3.5295863151550293,10.700000000000001,0.0
0,0,0.0,26.5,28.5,-1.5284935365246266,27.3,9.600000000000001,187.92376708984375,3.5258326530456543,23.0,28.012855529785156,1,3.533738851547241,10.700000000000001,0.0
0,0,0.0,26.5,28.5,-1.5284935365246266,27.3,9.600000000000001,188.42376708984375,3.5302648544311523,23.0,27.98168182373047,1,3.5381710529327393,10.700000000000001,0.0
0,0,0.0,26.5,28.5,-1.5284935365246266,27.3,9.600000000000001,188.92376708984375,0.0,,,0,3.542884588241577,10.700000000000001,0.0
0,0,0.0,26.5,28.5,-1.5284935365246266,27.3,9.600000000000001,189.42376708984375,3.5399749279022217,23.0,27.919086456298828,1,3.5478811264038086,10.700000000000001,0.0
0,0,0.0,26.5,28.5,-1.5284935365246266,27.3,9.600000000000001,189.92376708984375,3.5452566146850586,23.0,27.88765525817871,1,3.5531628131866455,10.700000000000001,0.0
0,0,0.0,26.5,28.5,-1.5284935365246266,27.3,9.600000000000001,190.42376708984375,3.550825357437134,23.0,27.856128692626953,1,3.5587315559387207,10.700000000000001,0.0
0,0,0.0,26.5,28.5,-1.5284935365246266,27.3,9.600000000000001,190.92376708984375,3.5566835403442383,23.0,27.824501037597656,1,3.564589738845825,10.700000000000001,0.0
0,0,0.0,26.5,28.5,-1.5284935365246266,27.3,9.600000000000001,191.42376708984375,3.562833309173584,23.0,27.79276466369629,1,3.570739507675171,10.700000000000001,0.0
0,0,0.0,26.5,28.5,-1.5284935365246266,27.3,9.600000000000001,191.92376708984375,3.56927752494812,23.0,27.76091766357422,1,3.577183723449707,10.700000000000001,0.0
0,0,0.0,26.5,28.5,-1.5284935365246266,27.3,9.600000000000001,192.42376708984375,3.5760180950164795,23.0,27.728952407836914,1,3.5839242935180664,10.700000000000001,0.0
0,0,0.0,26.5,28.5,-1.5284935365246266,27.3,9.600000000000001,192.92376708984375,3.5830583572387695,23.0,27.69686508178711,1,3.5909645557403564,10.700000000000001,0.0
0,0,0.0,26.5,28.5,-1.5284935365246266,27.3,9.600000000000001,193.42376708984375,0.0,,,0,3.5983071327209473,10.700000000000001,0.0
0,0,0.0,26.5,28.5,-1.5284935365246266,27.3,9.600000000000001,193.92376708984375,3.598048448562622,23.0,27.632295608520508,1,3.605954647064209,10.700000000000001,0.0
0,0,0.0,26.5,28.5,-1.5284935365246266,27.3,9.600000000000001,194.42376708984375,3.6060047149658203,23.0,27.599803924560547,1,3.6139109134674072,10.700000000000001,0.0
0,0,0.0,26.5,28.5,-1.5284935365246266,27.3,9.600000000000001,194.92376708984375,3.614272356033325,23.0,27.567167282104492,1,3.622178554534912,10.700000000000001,0.0
0,0,0.0,26.5,28.5,-1.5284935365246266,27.3,9.600000000000001,195.42376708984375,3.6228551864624023,23.0,27.53437614440918,1,3.6307613849639893,10.700000000000001,0.0
0,0,0.0,26.5,28.5,-1.5284935365246266,27.3,9.600000000000001,195.92376708984375,3.631756544113159,23.0,27.501428604125977,1,3.639662742614746,10.700000000000001,0.0
0,0,0.0,26.5,28.5,-1.5284935365246266,27.3,9.600000000000001,196.42376708984375,3.6409802436828613,23.0,27.46831512451172,1,3.6488864421844482,10.700000000000001,0.0
0,0,0.0,26.5,28.5,-1.5284935365246266,27.3,9.600000000000001,196.92376708984375,0.0,,,0,3.6584362983703613,10.700000000000001,0.0
0,0,0.0,26.5,28.5,-1.5284935365246266,27.3,9.600000000000001,197.42376708984375,0.0,,,0,3.66831636428833,10.700000000000001,0.0
0,0,0.0,26.5,28.5,-1.5284935365246266,27.3,9.600000000000001,197.92376708984375,3.6706247329711914,23.0,27.36792755126953,1,3.6785309314727783,10.700000000000001,0.0
0,0,0.0,26.5,28.5,-1.5284935365246266,27.3,9.600000000000001,198.42376708984375,3.681177854537964,23.0,27.334091186523438,1,3.689084053039551,10.700000000000001,0.0
0,0,0.0,26.5,28.5,-1.5284935365246266,27.3,9.600000000000001,198.92376708984375,3.6920745372772217,23.0,27.300060272216797,1,3.6999807357788086,10.700000000000001,0.0
0,0,0.0,26.5,28.5,-1.5284935365246266,27.3,9.600000000000001,199.42376708984375,0.0,,,0,3.7112252712249756,10.700000000000001,0.0
0,0,0.0,26.5,28.5,-1.5284935365246266,27.3,9.600000000000001,199.92376708984375,3.714916467666626,23.0,27.231374740600586,1,3.722822666168213,10.700000000000001,0.0
0,0,0.0,26.5,28.5,-1.5284935365246266,27.3,9.600000000000001,200.42376708984375,3.726871967315674,23.0,27.19670867919922,1,3.7347781658172607,10.700000000000001,0.0
0,0,0.0,26.5,28.5,-1.5284935365246266,27.3,9.600000000000001,200.92376708984375,3.7391908168792725,23.0,27.161815643310547,1,3.7470970153808594,10.700000000000001,0.0
0,0,0.0,26.5,28.5,-1.5284935365246266,27.3,9.600000000000001,201.42376708984375,3.751878499984741,23.0,27.126689910888672,1,3.759784698486328,10.700000000000001,0.0
0,0,0.0,26.5,28.5,-1.5284935365246266,27.3,9.600000000000001,201.92376708984375,3.7649407386779785,23.0,27.09132194519043,1,3.7728469371795654,10.700000000000001,0.0
0,0,0.0,26.5,28.5,-1.5284935365246266,27.3,9.600000000000001,202.42376708984375,3.778383255004883,23.0,27.05570411682129,1,3.7862894535064697,10.700000000000001,0.0
0,0,0.0,26.5,28.5,-1.5284935365246266,27.3,9.600000000000001,202.92376708984375,3.79221248626709,23.0,27.01983070373535,1,3.8001186847686768,10.700000000000001,0.0
0,0,0.0,26.5,28.5,-1.5284935365246266,27.3,9.600000000000001,203.42376708984375,3.765407085418701,23.037647247314453,27.0,1,3.773313283920288,10.700000000000001,0.0
0,0,0.0,26.5,28.5,-1.5284935365246266,27.3,9.600000000000001,203.92376708984375,3.691040277481079,23.118844985961914,27.0,1,3.698946475982666,10.700000000000001,0.0
0,0,0.0,26.5,28.5,-1.5284935365246266,27.3,9.600000000000001,204.42376708984375,3.619819164276123,23.196910858154297,27.0,1,3.62772536277771,10.700000000000001,0.0
0,0,0.0,26.5,28.5,-1.5284935365246266,27.3,9.600000000000001,204.92376708984375,0.0,,,0,3.5594611167907715,10.700000000000001,0.0
0,0,0.0,26.5,28.5,-1.5284935365246266,27.3,9.600000000000001,205.42376708984375,3.4860734939575195,23.34438705444336,27.0,1,3.4939796924591064,10.700000000000001,0.0
0,0,0.0,26.5,28.5,-1.5284935365246266,27.3,9.600000000000001,205.92376708984375,3.4232144355773926,23.41413116455078,27.0,1,3.4311206340789795,10.700000000000001,0.0
0,0,0.0,26.5,28.5,-1.5284935365246266,27.3,9.600000000000001,206.42376708984375,3.3628292083740234,23.481414794921875,27.0,1,3.3707354068756104,10.700000000000001,0.0
0,0,0.0,26.5,28.5,-1.5284935365246266,27.3,9.600000000000001,206.92376708984375,3.3047804832458496,23.546377182006836,27.0,1,3.3126866817474365,10.700000000000001,0.0
0,0,0.0,26.5,28.5,-1.5284935365246266,27.3,9.600000000000001,207.42376708984375,3.24894118309021,23.609142303466797,27.0,1,3.256847381591797,10.700000000000001,0.0
0,0,0.0,26.5,28.5,-1.5284935365246266,27.3,9.600000000000001,207.92376708984375,0.0,,,0,3.203099250793457,10.700000000000001,0.0
0,0,0.0,26.5,28.5,-1.5284935365246266,27.3,9.600000000000001,208.42376708984375,3.1434264183044434,23.728557586669922,27.0,1,3.1513326168060303,10.700000000000001,0.0
0,0,0.0,26.5,28.5,-1.5284935365246266,27.3,9.600000000000001,208.92376708984375,3.093538522720337,23.785417556762695,27.0,1,3.101444721221924,10.700000000000001,0.0
0,0,0.0,26.5,28.5,-1.5284935365246266,27.3,9.600000000000001,209.42376708984375,3.0454347133636475,23.84050941467285,27.0,1,3.0533409118652344,10.700000000000001,0.0
0,0,0.0,26.5,28.5,-1.5284935365246266,27.3,9.600000000000001,209.92376708984375,2.999025583267212,23.893922805786133,27.0,1,3.006931781768799,10.700000000000001,0.0
0,0,0.0,26.5,28.5,-1.5284935365246266,27.3,9.600000000000001,210.42376708984375,2.954228401184082,23.94573974609375,27.0,1,2.962134599685669,10.700000000000001,0.0
0,0,0.0,26.5,28.5,-1.5284935365246266,27.3,9.600000000000001,210.92376708984375,2.9109654426574707,23.99604034423828,27.0,1,2.9188716411590576,10.700000000000001,0.0
0,0,0.0,26.5,28.5,-1.5284935365246266,27.3,9.600000000000001,211.42376708984375,2.869163990020752,24.044897079467773,27.0,1,2.877070188522339,10.700000000000001,0.0
0,0,0.0,26.5,28.5,-1.5284935365246266,27.3,9.600000000000001,211.92376708984375,2.8287558555603027,24.092376708984375,27.0,1,2.8366620540618896,10.700000000000001,0.0
0,0,0.0,26.5,28.5,-1.5284935365246266,27.3,9.600000000000001,212.42376708984375,2.789677143096924,24.1385440826416,27.0,1,2.7975833415985107,10.700000000000001,0.0
0,0,0.0,26.5,28.5,-1.5284935365246266,27.3,9.600000000000001,212.92376708984375,2.7518677711486816,24.183460235595703,27.0,1,2.7597739696502686,10.700000000000001,0.0
0,0,0.0,26.5,28.5,-1.5284935365246266,27.3,9.600000000000001,213.42376708984375,2.715271472930908,24.227182388305664,27.0,1,2.723177671432495,10.700000000000001,0.0
0,0,0.0,26.5,28.5,-1.5284935365246266,27.3,9.600000000000001,213.92376708984375,0.0,,,0,2.687741279602051,10.700000000000001,0.0
0,0,0.0,26.5,28.5,-1.5284935365246266,27.3,9.600000000000001,214.42376708984375,2.6455085277557373,24.311254501342773,27.0,1,2.653414726257324,10.700000000000001,0.0
0,0,0.0,26.5,28.5,-1.5284935365246266,27.3,9.600000000000001,214.92376708984375,2.6122448444366455,24.351699829101562,27.0,1,2.6201510429382324,10.700000000000001,0.0
0,0,0.0,26.5,28.5,-1.5284935365246266,27.3,9.600000000000001,215.42376708984375,2.5799992084503174,24.39114761352539,27.0,1,2.5879054069519043,10.700000000000001,0.0
0,0,0.0,26.5,28.5,-1.5284935365246266,27.3,9.600000000000001,215.92376708984375,2.5487301349639893,24.42963981628418,27.0,1,2.556636333465576,10.700000000000001,0.0
0,0,0.0,26.5,28.5,-1.5284935365246266,27.3,9.600000000000001,216.42376708984375,2.518397808074951,24.46721649169922,27.0,1,2.526304006576538,10.700000000000001,0.0
0,0,0.0,26.5,28.5,-1.5284935365246266,27.3,9.600000000000001,216.92376708984375,0.0,,,0,2.496870756149292,10.700000000000001,0.0
0,0,0.0,26.5,28.5,-1.5284935365246266,27.3,9.600000000000001,217.42376708984375,2.460395097732544,24.53976821899414,27.0,1,2.468301296234131,10.700000000000001,0.0
0,0,0.0,26.5,28.5,-1.5284935365246266,27.3,9.600000000000001,217.92376708984375,2.4326558113098145,24.574813842773438,27.0,1,2.4405620098114014,10.700000000000001,0.0
0,0,0.0,26.5,28.5,-1.5284935365246266,27.3,9.600000000000001,218.42376708984375,2.405714750289917,24.60908317565918,27.0,1,2.413620948791504,10.700000000000001,0.0
0,0,0.0,26.5,28.5,-1.5284935365246266,27.3,9.600000000000001,218.92376708984375,2.3795418739318848,24.642606735229492,27.0,1,2.3874480724334717,10.700000000000001,0.0
0,0,0.0,26.5,28.5,-1.5284935365246266,27.3,9.600000000000001,219.42376708984375,2.3541085720062256,24.675413131713867,27.0,1,2.3620147705078125,10.700000000000001,0.0
0,0,0.0,26.5,28.5,-1.5284935365246266,27.3,9.600000000000001,219.92376708984375,0.0,,,0,2.3372936248779297,10.700000000000001,0.0
0,0,0.0,26.5,28.5,-1.5284935365246266,27.3,9.600000000000001,220.42376708984375,2.3053529262542725,24.73898696899414,27.0,1,2.3132591247558594,10.700000000000001,0.0
0,0,0.0,26.5,28.5,-1.5284935365246266,27.3,9.600000000000001,220.92376708984375,2.281980037689209,24.769804000854492,27.0,1,2.289886236190796,10.700000000000001,0.0
0,0,0.0,26.5,28.5,-1.5284935365246266,27.3,9.600000000000001,221.42376708984375,2.2592458724975586,24.800006866455078,27.0,1,2.2671520709991455,10.700000000000001,0.0
0,0,0.0,26.5,28.5,-1.5284935365246266,27.3,9.600000000000001,221.92376708984375,2.2371277809143066,24.82961654663086,27.0,1,2.2450339794158936,10.700000000000001,0.0
0,0,0.0,26.5,28.5,-1.5284935365246266,27.3,9.600000000000001,222.42376708984375,2.2156050205230713,24.858657836914062,27.0,1,2.223511219024658,10.700000000000001,0.0
0,0,0.0,26.5,28.5,-1.5284935365246266,27.3,9.600000000000001,222.92376708984375,2.19465708732605,24.887149810791016,27.0,1,2.2025632858276367,10.700000000000001,0.0
0,0,0.0,26.5,28.5,-1.5284935365246266,27.3,9.600000000000001,223.42376708984375,2.174264669418335,24.915111541748047,27.0,1,2.182170867919922,10.700000000000001,0.0
0,0,0.0,26.5,28.5,-1.5284935365246266,27.3,9.600000000000001,223.92376708984375,0.0,,,0,2.162315845489502,10.700000000000001,0.0
0,0,0.0,26.5,28.5,-1.5284935365246266,27.3,9.600000000000001,224.42376708984375,2.1350743770599365,24.969520568847656,27.0,1,2.1429805755615234,10.700000000000001,0.0
0,0,0.0,26.5,28.5,-1.5284935365246266,27.3,9.600000000000001,224.92376708984375,2.1162421703338623,24.996004104614258,27.0,1,2.124148368835449,10.700000000000001,0.0
0,0,0.0,26.5,28.5,-1.5284935365246266,27.3,9.600000000000001,225.42376708984375,2.0978968143463135,25.02202606201172,27.0,1,2.1058030128479004,10.700000000000001,0.0
0,0,0.0,26.5,28.5,-1.5284935365246266,27.3,9.600000000000001,225.92376708984375,2.0800235271453857,25.047605514526367,27.0,1,2.0879297256469727,10.700000000000001,0.0
0,0,0.0,26.5,28.5,-1.5284935365246266,27.3,9.600000000000001,226.42376708984375,2.062607526779175,25.072755813598633,27.0,1,2.0705137252807617,10.700000000000001,0.0
0,0,0.0,26.5,28.5,-1.5284935365246266,27.3,9.600000000000001,226.92376708984375,0.0,,,0,2.0535407066345215,10.700000000000001,0.0
0,0,0.0,26.5,28.5,-1.5284935365246266,27.3,9.600000000000001,227.42376708984375,0.0,,,0,2.0369977951049805,10.700000000000001,0.0
0,0,0.0,26.5,28.5,-1.5284935365246266,27.3,9.600000000000001,227.92376708984375,0.0,,,0,2.020871639251709,10.700000000000001,0.0
0,0,0.0,26.5,28.5,-1.5284935365246266,27.3,9.600000000000001,228.42376708984375,1.9972443580627441,25.169349670410156,27.0,1,2.005150556564331,10.700000000000001,0.0
0,0,0.0,26.5,28.5,-1.5284935365246266,27.3,9.600000000000001,228.92376708984375,1.9819163084030151,25.192562103271484,27.0,1,1.989822506904602,10.700000000000001,0.0
0,0,0.0,26.5,28.5,-1.5284935365246266,27.3,9.600000000000001,229.42376708984375,1.9669700860977173,25.215423583984375,27.0,1,1.9748762845993042,10.700000000000001,0.0
0,0,0.0,26.5,28.5,-1.5284935365246266,27.3,9.600000000000001,229.92376708984375,1.9523948431015015,25.237945556640625,27.0,1,1.9603010416030884,10.700000000000001,0.0
0,0,0.0,26.5,28.5,-1.5284935365246266,27.3,9.600000000000001,230.42376708984375,1.9381803274154663,25.26013946533203,27.0,1,1.9460865259170532,10.700000000000001,0.0
0,0,0.0,26.5,28.5,-1.5284935365246266,27.3,9.600000000000001,230.92376708984375,1.9243165254592896,25.28201675415039,27.0,1,1.9322227239608765,10.700000000000001,0.0
0,0,0.0,26.5,28.5,-1.5284935365246266,27.3,9.600000000000001,231.42376708984375,1.9107940196990967,25.303585052490234,27.0,1,1.9187002182006836,10.700000000000001,0.0
0,0,0.0,26.5,28.5,-1.5284935365246266,27.3,9.600000000000001,231.92376708984375,1.8976035118103027,25.324853897094727,27.0,1,1.9055097103118896,10.700000000000001,0.0
0,0,0.0,26.5,28.5,-1.5284935365246266,27.3,9.600000000000001,232.42376708984375,1.8847362995147705,25.345834732055664,27.0,1,1.8926424980163574,10.700000000000001,0.0
0,0,0.0,26.5,28.5,-1.5284935365246266,27.3,9.600000000000001,232.92376708984375,0.0,,,0,1.8800899982452393,10.700000000000001,0.0
0,0,0.0,26.5,28.5,-1.5284935365246266,27.3,9.600000000000001,233.42376708984375,1.859938144683838,25.386966705322266,27.0,1,1.8678443431854248,10.700000000000001,0.0
0,0,0.0,26.5,28.5,-1.5284935365246266,27.3,9.600000000000001,233.92376708984375,1.8479913473129272,25.407135009765625,27.0,1,1.8558975458145142,10.700000000000001,0.0
0,0,0.0,26.5,28.5,-1.5284935365246266,27.3,9.600000000000001,234.42376708984375,0.0,,,0,1.8442422151565552,10.700000000000001,0.0
0,0,0.0,26.5,28.5,-1.5284935365246266,27.3,9.600000000000001,234.92376708984375,1.8249647617340088,25.446712493896484,27.0,1,1.8328709602355957,10.700000000000001,0.0
0,0,0.0,26.5,28.5,-1.5284935365246266,27.3,9.600000000000001,235.42376708984375,1.8138707876205444,25.466136932373047,27.0,1,1.8217769861221313,10.700000000000001,0.0
0,0,0.0,26.5,28.5,-1.5284935365246266,27.3,9.600000000000001,235.92376708984375,1.8030474185943604,25.48533058166504,27.0,1,1.8109536170959473,10.700000000000001,0.0
0,0,0.0,26.5,28.5,-1.5284935365246266,27.3,9.600000000000001,236.42376708984375,1.7924882173538208,25.50429916381836,27.0,1,1.8003944158554077,10.700000000000001,0.0
0,0,0.0,26.5,28.5,-1.5284935365246266,27.3,9.600000000000001,236.92376708984375,0.0,,,0,1.790093183517456,10.700000000000001,0.0
0,0,0.0,26.5,28.5,-1.5284935365246266,27.3,9.600000000000001,237.42376708984375,1.7721376419067383,25.54158592224121,27.0,1,1.7800438404083252,10.700000000000001,0.0
0,0,0.0,26.5,28.5,-1.5284935365246266,27.3,9.600000000000001,237.92376708984375,1.7623347043991089,25.559919357299805,27.0,1,1.7702409029006958,10.700000000000001,0.0
0,0,0.0,26.5,28.5,-1.5284935365246266,27.3,9.600000000000001,238.42376708984375,1.752772331237793,25.57805061340332,27.0,1,1.7606785297393799,10.700000000000001,0.0
0,0,0.0,26.5,28.5,-1.5284935365246266,27.3,9.600000000000001,238.92376708984375,1.7434455156326294,25.595991134643555,27.0,1,1.7513517141342163,10.700000000000001,0.0
0,0,0.0,26.5,28.5,-1.5284935365246266,27.3,9.600000000000001,239.42376708984375,0.0,,,0,1.7422550916671753,10.700000000000001,0.0
0,0,0.0,26.5,28.5,-1.5284935365246266,27.3,9.600000000000001,239.92376708984375,1.7254775762557983,25.631311416625977,27.0,1,1.7333837747573853,10.700000000000001,0.0
0,0,0.0,26.5,28.5,-1.5284935365246266,27.3,9.600000000000001,240.42376708984375,1.7168269157409668,25.648704528808594,27.0,1,1.7247331142425537,10.700000000000001,0.0
0,0,0.0,26.5,28.5,-1.5284935365246266,27.3,9.600000000000001,240.92376708984375,1.7083921432495117,25.665925979614258,27.0,1,1.7162983417510986,10.700000000000001,0.0
0,0,0.0,26.5,28.5,-1.5284935365246266,27.3,9.600000000000001,241.42376708984375,1.7001689672470093,25.682981491088867,27.0,1,1.7080751657485962,10.700000000000001,0.0
0,0,0.0,26.5,28.5,-1.5284935365246266,27.3,9.600000000000001,241.92376708984375,0.0,,,0,1.700059175491333,10.700000000000001,0.0
0,0,0.0,26.5,28.5,-1.5284935365246266,27.3,9.600000000000001,242.42376708984375,1.684340238571167,25.716611862182617,27.0,1,1.692246437072754,10.700000000000001,0.0
0,0,0.0,26.5,28.5,-1.5284935365246266,27.3,9.600000000000001,242.92376708984375,1.6767266988754272,25.733196258544922,27.0,1,1.6846328973770142,10.700000000000001,0.0
0,0,0.0,26.5,28.5,-1.5284935365246266,27.3,9.600000000000001,243.42376708984375,1.6693084239959717,25.7496337890625,27.0,1,1.6772146224975586,10.700000000000001,0.0
0,0,0.0,26.5,28.5,-1.5284935365246266,27.3,9.600000000000001,243.92376708984375,1.6620818376541138,25.765928268432617,27.0,1,1.6699880361557007,10.700000000000001,0.0
0,0,0.0,26.5,28.5,-1.5284935365246266,27.3,9.600000000000001,244.42376708984375,1.655043363571167,25.782085418701172,27.0,1,1.662949562072754,10.700000000000001,0.0
0,0,0.0,26.5,28.5,-1.5284935365246266,27.3,9.600000000000001,244.92376708984375,1.6481895446777344,25.798107147216797,27.0,1,1.6560957431793213,10.700000000000001,0.0
0,0,0.0,26.5,28.5,-1.5284935365246266,27.3,9.600000000000001,245.42376708984375,1.641517162322998,25.81399917602539,27.0,1,1.649423360824585,10.700000000000001,0.0
0,0,0.0,26.5,28.5,-1.5284935365246266,27.3,9.600000000000001,245.92376708984375,1.6350228786468506,25.829763412475586,27.0,1,1.6429290771484375,10.700000000000001,0.0
0,0,0.0,26.5,28.5,-1.5284935365246266,27.3,9.600000000000001,246.42376708984375,1.6287037134170532,25.845407485961914,27.0,1,1.6366099119186401,10.700000000000001,0.0
0,0,0.0,26.5,28.5,-1.5284935365246266,27.3,9.600000000000001,246.92376708984375,1.6225565671920776,25.860931396484375,27.0,1,1.6304627656936646,10.700000000000001,0.0
0,0,0.0,26.5,28.5,-1.5284935365246266,27.3,9.600000000000001,247.42376708984375,1.6165788173675537,25.876340866088867,27.0,1,1.6244850158691406,10.700000000000001,0.0
0,0,0.0,26.5,28.5,-1.5284935365246266,27.3,9.600000000000001,247.92376708984375,1.6107674837112427,25.891637802124023,27.0,1,1.6186736822128296,10.700000000000001,0.0
0,0,0.0,26.5,28.5,-1.5284935365246266,27.3,9.600000000000001,248.42376708984375,1.6051199436187744,25.906827926635742,27.0,1,1.6130261421203613,10.700000000000001,0.0
0,0,0.0,26.5,28.5,-1.5284935365246266,27.3,9.600000000000001,248.92376708984375,1.5996336936950684,25.921913146972656,27.0,1,1.6075398921966553,10.700000000000001,0.0
0,0,0.0,26.5,28.5,-1.5284935365246266,27.3,9.600000000000001,249.42376708984375,1.594306230545044,25.93689727783203,27.0,1,1.6022124290466309,10.700000000000001,0.0
0,0,0.0,26.5,28.5,-1.5284935365246266,27.3,9.600000000000001,249.92376708984375,1.5891351699829102,25.951784133911133,27.0,1,1.597041368484497,10.700000000000001,0.0
0,0,0.0,26.5,28.5,-1.5284935365246266,27.3,9.600000000000001,250.42376708984375,1.584118366241455,25.966575622558594,27.0,1,1.592024564743042,10.700000000000001,0.0
0,0,0.0,26.5,28.5,-1.5284935365246266,27.3,9.600000000000001,250.92376708984375,1.5792533159255981,25.98127555847168,27.0,1,1.587159514427185,10.700000000000001,0.0
0,0,0.0,26.5,28.5,-1.5284935365246266,27.3,9.600000000000001,251.42376708984375,1.5745381116867065,25.995887756347656,27.0,1,1.5824443101882935,10.700000000000001,0.0
0,0,0.0,26.5,28.5,-1.5284935365246266,27.3,9.600000000000001,251.92376708984375,1.5699706077575684,26.010412216186523,27.0,1,1.5778768062591553,10.700000000000001,0.0
0,0,0.0,26.5,28.5,-1.5284935365246266,27.3,9.600000000000001,252.42376708984375,1.5655488967895508,26.024856567382812,27.0,1,1.5734550952911377,10.700000000000001,0.0
0,0,0.0,26.5,28.5,-1.5284935365246266,27.3,9.600000000000001,252.92376708984375,0.0,,,0,1.569177269935608,10.700000000000001,0.0
0,0,0.0,26.5,28.5,-1.5284935365246266,27.3,9.600000000000001,253.42376708984375,1.5571353435516357,26.053508758544922,27.0,1,1.5650415420532227,10.700000000000001,0.0
0,0,0.0,26.5,28.5,-1.5284935365246266,27.3,9.600000000000001,253.92376708984375,0.0,,,0,1.5610461235046387,10.700000000000001,0.0
0,0,0.0,26.5,28.5,-1.5284935365246266,27.3,9.600000000000001,254.42376708984375,1.5492830276489258,26.081863403320312,27.0,1,1.5571892261505127,10.700000000000001,0.0
0,0,0.0,26.5,28.5,-1.5284935365246266,27.3,9.600000000000001,254.92376708984375,1.5455632209777832,26.095935821533203,27.0,1,1.5534694194793701,10.700000000000001,0.0
0,0,0.0,26.5,28.5,-1.5284935365246266,27.3,9.600000000000001,255.42376708984375,1.5419789552688599,26.109943389892578,27.0,1,1.5498851537704468,10.700000000000001,0.0
0,0,0.0,26.5,28.5,-1.5284935365246266,27.3,9.600000000000001,255.92376708984375,1.538528561592102,26.12388801574707,27.0,1,1.546434760093689,10.700000000000001,0.0
0,0,0.0,26.5,28.5,-1.5284935365246266,27.3,9.600000000000001,256.42376708984375,1.5352108478546143,26.13776969909668,27.0,1,1.5431170463562012,10.700000000000001,0.0
0,0,0.0,26.5,28.5,-1.5284935365246266,27.3,9.600000000000001,256.92376708984375,1.5320243835449219,26.151594161987305,27.0,1,1.5399305820465088,10.700000000000001,0.0
0,0,0.0,26.5,28.5,-1.5284935365246266,27.3,9.600000000000001,257.42376708984375,1.5289677381515503,26.165363311767578,27.0,1,1.5368739366531372,10.700000000000001,0.0
0,0,0.0,26.5,28.5,-1.5284935365246266,27.3,9.600000000000001,257.92376708984375,0.0,,,0,1.5339460372924805,10.700000000000001,0.0
0,0,0.0,26.5,28.5,-1.5284935365246266,27.3,9.600000000000001,258.42376708984375,1.5232394933700562,26.1927433013916,27.0,1,1.531145691871643,10.700000000000001,0.0
0,0,0.0,26.5,28.5,-1.5284935365246266,27.3,9.600000000000001,258.92376708984375,1.5205655097961426,26.206357955932617,27.0,1,1.5284717082977295,10.700000000000001,0.0
0,0,0.0,26.5,28.5,-1.5284935365246266,27.3,9.600000000000001,259.42376708984375,1.5180168151855469,26.219926834106445,27.0,1,1.5259230136871338,10.700000000000001,0.0
0,0,0.0,26.5,28.5,-1.5284935365246266,27.3,9.600000000000001,259.92376708984375,1.5155924558639526,26.23345184326172,27.0,1,1.5234986543655396,10.700000000000001,0.0
0,0,0.0,26.5,28.5,-1.5284935365246266,27.3,9.600000000000001,260.42376708984375,1.5132914781570435,26.24693489074707,27.0,1,1.5211976766586304,10.700000000000001,0.0
0,0,0.0,26.5,28.5,-1.5284935365246266,27.3,9.600000000000001,260.92376708984375,1.511112928390503,26.260377883911133,27.0,1,1.5190191268920898,10.700000000000001,0.0
0,0,0.0,26.5,28.5,-1.5284935365246266,27.3,9.600000000000001,261.42376708984375,1.5090559720993042,26.27378273010254,27.0,1,1.5169621706008911,10.700000000000001,0.0
0,0,0.0,26.5,28.5,-1.5284935365246266,27.3,9.600000000000001,261.92376708984375,1.5071197748184204,26.287153244018555,27.0,1,1.5150259733200073,10.700000000000001,0.0
0,0,0.0,26.5,28.5,-1.5284935365246266,27.3,9.600000000000001,262.42376708984375,1.5053036212921143,26.300491333007812,27.0,1,1.5132098197937012,10.700000000000001,0.0
0,0,0.0,26.5,28.5,-1.5284935365246266,27.3,9.600000000000001,262.92376708984375,1.5036067962646484,26.313796997070312,27.0,1,1.5115129947662354,10.700000000000001,0.0
0,0,0.0,26.5,28.5,-1.5284935365246266,27.3,9.600000000000001,263.42376708984375,1.5020285844802856,26.32707405090332,27.0,1,1.5099347829818726,10.700000000000001,0.0
0,0,0.0,26.5,28.5,-1.5284935365246266,27.3,9.600000000000001,263.92376708984375,1.5005685091018677,26.3403263092041,27.0,1,1.5084747076034546,10.700000000000001,0.0
0,0,0.0,26.5,28.5,-1.5284935365246266,27.3,9.600000000000001,264.42376708984375,1.4992258548736572,26.353551864624023,27.0,1,1.5071320533752441,10.700000000000001,0.0
0,0,0.0,26.5,28.5,-1.5284935365246266,27.3,9.600000000000001,264.92376708984375,1.498000144958496,26.366756439208984,27.0,1,1.505906343460083,10.700000000000001,0.0
0,0,0.0,26.5,28.5,-1.5284935365246266,27.3,9.600000000000001,265.42376708984375,1.4968910217285156,26.379940032958984,27.0,1,1.5047972202301025,10.700000000000001,0.0
0,0,0.0,26.5,28.5,-1.5284935365246266,27.3,9.600000000000001,265.92376708984375,0.0,,,0,1.503804087638855,10.700000000000001,0.0
0,0,0.0,26.5,28.5,-1.5284935365246266,27.3,9.600000000000001,266.42376708984375,1.4950205087661743,26.406251907348633,27.0,1,1.5029267072677612,10.700000000000001,0.0
0,0,0.0,26.5,28.5,-1.5284935365246266,27.3,9.600000000000001,266.92376708984375,1.4942584037780762,26.419387817382812,27.0,1,1.502164602279663,10.700000000000001,0.0
0,0,0.0,26.5,28.5,-1.5284935365246266,27.3,9.600000000000001,267.42376708984375,0.0,,,0,1.5015175342559814,10.700000000000001,0.0
0,0,0.0,26.5,28.5,-1.5284935365246266,27.3,9.600000000000001,267.92376708984375,1.4930791854858398,26.445621490478516,27.0,1,1.5009853839874268,10.700000000000001,0.0
0,0,0.0,26.5,28.5,-1.5284935365246266,27.3,9.600000000000001,268.42376708984375,1.4926615953445435,26.458723068237305,27.0,1,1.5005677938461304,10.700000000000001,0.0
0,0,0.0,26.5,28.5,-1.5284935365246266,27.3,9.600000000000001,268.92376708984375,1.4923584461212158,26.471820831298828,27.0,1,1.5002646446228027,10.700000000000001,0.0
0,0,0.0,26.5,28.5,-1.5284935365246266,27.3,9.600000000000001,269.42376708984375,1.4921696186065674,26.484914779663086,27.0,1,1.5000758171081543,10.700000000000001,0.0
0,0,0.0,26.5,28.5,-1.5284935365246266,27.3,9.600000000000001,269.92376708984375,1.4920951128005981,26.498004913330078,27.0,1,1.500001311302185,10.700000000000001,0.0
0,0,0.0,26.5,28.5,-1.5284935365246266,27.3,9.600000000000001,270.42376708984375,1.4921348094940186,26.51109504699707,27.0,1,1.5000410079956055,10.700000000000001,0.0
0,0,0.0,26.5,28.5,-1.5284935365246266,27.3,9.600000000000001,270.92376708984375,1.4922888278961182,26.524187088012695,27.0,1,1.500195026397705,10.700000000000001,0.0
0,0,0.0,26.5,28.5,-1.5284935365246266,27.3,9.600000000000001,271.42376708984375,0.0,,,0,1.5004632472991943,10.700000000000001,0.0
0,0,0.0,26.5,28.5,-1.5284935365246266,27.3,9.600000000000001,271.92376708984375,1.4929397106170654,26.550382614135742,27.0,1,1.5008459091186523,10.700000000000001,0.0
0,0,0.0,26.5,28.5,-1.5284935365246266,27.3,9.600000000000001,272.42376708984375,1.4934369325637817,26.563491821289062,27.0,1,1.5013431310653687,10.700000000000001,0.0
0,0,0.0,26.5,28.5,-1.5284935365246266,27.3,9.600000000000001,272.92376708984375,1.4940489530563354,26.576610565185547,27.0,1,1.5019551515579224,10.700000000000001,0.0
0,0,0.0,26.5,28.5,-1.5284935365246266,27.3,9.600000000000001,273.42376708984375,1.4947758913040161,26.589740753173828,27.0,1,1.502682089805603,10.700000000000001,0.0
0,0,0.0,26.5,28.5,-1.5284935365246266,27.3,9.600000000000001,273.92376708984375,1.4956181049346924,26.60288429260254,27.0,1,1.5035243034362793,10.700000000000001,0.0
0,0,0.0,26.5,28.5,-1.5284935365246266,27.3,9.600000000000001,274.42376708984375,1.496575951576233,26.616044998168945,27.0,1,1.5044821500778198,10.700000000000001,0.0
0,0,0.0,26.5,28.5,-1.5284935365246266,27.3,9.600000000000001,274.92376708984375,1.4976496696472168,26.629222869873047,27.0,1,1.5055558681488037,10.700000000000001,0.0
0,0,0.0,26.5,28.5,-1.5284935365246266,27.3,9.600000000000001,275.42376708984375,1.4988397359848022,26.642419815063477,27.0,1,1.5067459344863892,10.700000000000001,0.0
0,0,0.0,26.5,28.5,-1.5284935365246266,27.3,9.600000000000001,275.92376708984375,1.5001466274261475,26.6556396484375,27.0,1,1.5080528259277344,10.700000000000001,0.0
0,0,0.0,26.5,28.5,-1.5284935365246266,27.3,9.600000000000001,276.42376708984375,1.5015709400177002,26.668882369995117,27.0,1,1.509477138519287,10.700000000000001,0.0
0,0,0.0,26.5,28.5,-1.5284935365246266,27.3,9.600000000000001,276.92376708984375,0.0,,,0,1.511019229888916,10.700000000000001,0.0
0,0,0.0,26.5,28.5,-1.5284935365246266,27.3,9.600000000000001,277.42376708984375,1.5047736167907715,26.69544792175293,27.0,1,1.5126798152923584,10.700000000000001,0.0
0,0,0.0,26.5,28.5,-1.5284935365246266,27.3,9.600000000000001,277.92376708984375,1.506553292274475,26.708776473999023,27.0,1,1.514459490776062,10.700000000000001,0.0
0,0,0.0,26.5,28.5,-1.5284935365246266,27.3,9.600000000000001,278.42376708984375,1.5084527730941772,26.722137451171875,27.0,1,1.5163589715957642,10.700000000000001,0.0
0,0,0.0,26.5,28.5,-1.5284935365246266,27.3,9.600000000000001,278.92376708984375,1.5104728937149048,26.735530853271484,27.0,1,1.5183790922164917,10.700000000000001,0.0
0,0,0.0,26.5,28.5,-1.5284935365246266,27.3,9.600000000000001,279.42376708984375,1.5126142501831055,26.74896240234375,27.0,1,1.5205204486846924,10.700000000000001,0.0
0,0,0.0,26.5,28.5,-1.5284935365246266,27.3,9.600000000000001,279.92376708984375,0.0,,,0,1.5227839946746826,10.700000000000001,0.0
0,0,0.0,26.5,28.5,-1.5284935365246266,27.3,9.600000000000001,280.42376708984375,1.517264485359192,26.77594566345215,27.0,1,1.5251706838607788,10.700000000000001,0.0
0,0,0.0,26.5,28.5,-1.5284935365246266,27.3,9.600000000000001,280.92376708984375,1.519775152206421,26.789499282836914,27.0,1,1.5276813507080078,10.700000000000001,0.0
0,0,0.0,26.5,28.5,-1.5284935365246266,27.3,9.600000000000001,281.42376708984375,1.5224107503890991,26.8031005859375,27.0,1,1.530316948890686,10.700000000000001,0.0
0,0,0.0,26.5,28.5,-1.5284935365246266,27.3,9.600000000000001,281.92376708984375,1.525172472000122,26.816749572753906,27.0,1,1.533078670501709,10.700000000000001,0.0
0,0,0.0,26.5,28.5,-1.5284935365246266,27.3,9.600000000000001,282.42376708984375,1.5280613899230957,26.830448150634766,27.0,1,1.5359675884246826,10.700000000000001,0.0
0,0,0.0,26.5,28.5,-1.5284935365246266,27.3,9.600000000000001,282.92376708984375,1.531078577041626,26.844200134277344,27.0,1,1.538984775543213,10.700000000000001,0.0
0,0,0.0,26.5,28.5,-1.5284935365246266,27.3,9.600000000000001,283.42376708984375,1.534225344657898,26.858007431030273,27.0,1,1.5421315431594849,10.700000000000001,0.0
0,0,0.0,26.5,28.5,-1.5284935365246266,27.3,9.600000000000001,283.92376708984375,1.5375030040740967,26.87187385559082,27.0,1,1.5454092025756836,10.700000000000001,0.0
0,0,0.0,26.5,28.5,-1.5284935365246266,27.3,9.600000000000001,284.42376708984375,1.5409127473831177,26.88579750061035,27.0,1,1.5488189458847046,10.700000000000001,0.0
0,0,0.0,26.5,28.5,-1.5284935365246266,27.3,9.600000000000001,284.92376708984375,1.5444560050964355,26.8997859954834,27.0,1,1.5523622035980225,10.700000000000001,0.0
0,0,0.0,26.5,28.5,-1.5284935365246266,27.3,9.600000000000001,285.42376708984375,1.5481343269348145,26.91383934020996,27.0,1,1.5560405254364014,10.700000000000001,0.0
0,0,0.0,26.5,28.5,-1.5284935365246266,27.3,9.600000000000001,285.92376708984375,1.5519492626190186,26.927959442138672,27.0,1,1.5598554611206055,10.700000000000001,0.0
0,0,0.0,26.5,28.5,-1.5284935365246266,27.3,9.600000000000001,286.42376708984375,1.5559022426605225,26.942150115966797,27.0,1,1.5638084411621094,10.700000000000001,0.0
0,0,0.0,26.5,28.5,-1.5284935365246266,27.3,9.600000000000001,286.92376708984375,1.5599950551986694,26.9564151763916,27.0,1,1.5679012537002563,10.700000000000001,0.0
0,0,0.0,26.5,28.5,-1.5284935365246266,27.3,9.600000000000001,287.42376708984375,1.5642293691635132,26.970754623413086,27.0,1,1.5721355676651,10.700000000000001,0.0
0,0,0.0,26.5,28.5,-1.5284935365246266,27.3,9.600000000000001,287.92376708984375,1.568606972694397,26.98517417907715,27.0,1,1.5765131711959839,10.700000000000001,0.0
0,0,0.0,26.5,28.5,-1.5284935365246266,27.3,9.600000000000001,288.42376708984375,1.5731298923492432,26.999675750732422,27.0,1,1.58103609085083,10.700000000000001,0.0
0,0,0.0,26.5,28.5,-1.5284935365246266,27.3,9.600000000000001,288.92376708984375,1.5777997970581055,27.014259338378906,27.0,1,1.5857059955596924,10.700000000000001,0.0
0,0,0.0,26.5,28.5,-1.5284935365246266,27.3,9.600000000000001,289.42376708984375,1.5826189517974854,27.028932571411133,27.0,1,1.5905251502990723,10.700000000000001,0.0
0,0,0.0,26.5,28.5,-1.5284935365246266,27.3,9.600000000000001,289.92376708984375,1.5875892639160156,27.043697357177734,27.0,1,1.5954954624176025,10.700000000000001,0.0
0,0,0.0,26.5,28.5,-1.5284935365246266,27.3,9.600000000000001,290.42376708984375,1.5927131175994873,27.05855369567871,27.0,1,1.6006193161010742,10.700000000000001,0.0
0,0,0.0,26.5,28.5,-1.5284935365246266,27.3,9.600000000000001,290.92376708984375,1.5979925394058228,27.07350730895996,27.0,1,1.6058987379074097,10.700000000000001,0.0
0,0,0.0,26.5,28.5,-1.5284935365246266,27.3,9.600000000000001,291.42376708984375,1.603430151939392,27.08856201171875,27.0,1,1.611336350440979,10.700000000000001,0.0
0,0,0.0,26.5,28.5,-1.5284935365246266,27.3,9.600000000000001,291.92376708984375,1.6090282201766968,27.10371971130371,27.0,1,1.6169344186782837,10.700000000000001,0.0
0,0,0.0,26.5,28.5,-1.5284935365246266,27.3,9.600000000000001,292.42376708984375,1.6147892475128174,27.11898422241211,27.0,1,1.6226954460144043,10.700000000000001,0.0
0,0,0.0,26.5,28.5,-1.5284935365246266,27.3,9.600000000000001,292.92376708984375,0.0,,,0,1.62862229347229,10.700000000000001,0.0
0,0,0.0,26.5,28.5,-1.5284935365246266,27.3,9.600000000000001,293.42376708984375,1.6268112659454346,27.14984703063965,27.0,1,1.6347174644470215,10.700000000000001,0.0
0,0,0.0,26.5,28.5,-1.5284935365246266,27.3,9.600000000000001,293.92376708984375,1.633077621459961,27.16545295715332,27.0,1,1.6409838199615479,10.700000000000001,0.0
0,0,0.0,26.5,28.5,-1.5284935365246266,27.3,9.600000000000001,294.42376708984375,1.6395182609558105,27.181180953979492,27.0,1,1.6474244594573975,10.700000000000001,0.0
0,0,0.0,26.5,28.5,-1.5284935365246266,27.3,9.600000000000001,294.92376708984375,1.646135926246643,27.197032928466797,27.0,1,1.65404212474823,10.700000000000001,0.0
0,0,0.0,26.5,28.5,-1.5284935365246266,27.3,9.600000000000001,295.42376708984375,1.652934193611145,27.213014602661133,27.0,1,1.660840392112732,10.700000000000001,0.0
0,0,0.0,26.5,28.5,-1.5284935365246266,27.3,9.600000000000001,295.92376708984375,1.6599159240722656,27.229129791259766,27.0,1,1.6678221225738525,10.700000000000001,0.0
0,0,0.0,26.5,28.5,-1.5284935365246266,27.3,9.600000000000001,296.42376708984375,1.667084813117981,27.24538230895996,27.0,1,1.6749910116195679,10.700000000000001,0.0
0,0,0.0,26.5,28.5,-1.5284935365246266,27.3,9.600000000000001,296.92376708984375,0.0,,,0,1.6823503971099854,10.700000000000001,0.0
0,0,0.0,26.5,28.5,-1.5284935365246266,27.3,9.600000000000001,297.42376708984375,1.6819977760314941,27.278316497802734,27.0,1,1.689903974533081,10.700000000000001,0.0
0,0,0.0,26.5,28.5,-1.5284935365246266,27.3,9.600000000000001,297.92376708984375,1.6897494792938232,27.295005798339844,27.0,1,1.6976556777954102,10.700000000000001,0.0
0,0,0.0,26.5,28.5,-1.5284935365246266,27.3,9.600000000000001,298.42376708984375,1.6977030038833618,27.311851501464844,27.0,1,1.7056092023849487,10.700000000000001,0.0
0,0,0.0,26.5,28.5,-1.5284935365246266,27.3,9.600000000000001,298.92376708984375,1.7058625221252441,27.328857421875,27.0,1,1.713768720626831,10.700000000000001,0.0
0,0,0.0,26.5,28.5,-1.5284935365246266,27.3,9.600000000000001,299.42376708984375,1.714232325553894,27.346027374267578,27.0,1,1.722138524055481,10.700000000000001,0.0
0,0,0.0,26.5,28.5,-1.5284935365246266,27.3,9.600000000000001,299.92376708984375,1.7228167057037354,27.363367080688477,27.0,1,1.7307229042053223,10.700000000000001,0.0
0,0,0.0,26.5,28.5,-1.5284935365246266,27.3,9.600000000000001,300.42376708984375,1.731620192527771,27.380882263183594,27.0,1,1.739526391029358,10.700000000000001,0.0
0,0,0.0,26.5,28.5,-1.5284935365246266,27.3,9.600000000000001,300.92376708984375,1.7406476736068726,27.398576736450195,27.0,1,1.7485538721084595,10.700000000000001,0.0
0,0,0.0,26.5,28.5,-1.5284935365246266,27.3,9.600000000000001,301.42376708984375,1.7499037981033325,27.416458129882812,27.0,1,1.7578099966049194,10.700000000000001,0.0
0,0,0.0,26.5,28.5,-1.5284935365246266,27.3,9.600000000000001,301.92376708984375,1.7593936920166016,27.434532165527344,27.0,1,1.7672998905181885,10.700000000000001,0.0
0,0,0.0,26.5,28.5,-1.5284935365246266,27.3,9.600000000000001,302.42376708984375,0.0,,,0,1.7770289182662964,10.700000000000001,0.0
0,0,0.0,26.5,28.5,-1.5284935365246266,27.3,9.600000000000001,302.92376708984375,1.7790963649749756,27.471277236938477,27.0,1,1.7870025634765625,10.700000000000001,0.0
0,0,0.0,26.5,28.5,-1.5284935365246266,27.3,9.600000000000001,303.42376708984375,1.7893201112747192,27.489961624145508,27.0,1,1.7972263097763062,10.700000000000001,0.0
0,0,0.0,26.5,28.5,-1.5284935365246266,27.3,9.600000000000001,303.92376708984375,1.799800157546997,27.508861541748047,27.0,1,1.807706356048584,10.700000000000001,0.0
0,0,0.0,26.5,28.5,-1.5284935365246266,27.3,9.600000000000001,304.42376708984375,0.0,,,0,1.8184484243392944,10.700000000000001,0.0
0,0,0.0,26.5,28.5,-1.5284935365246266,27.3,9.600000000000001,304.92376708984375,1.8215529918670654,27.547340393066406,27.0,1,1.8294591903686523,10.700000000000001,0.0
0,0,0.0,26.5,28.5,-1.5284935365246266,27.3,9.600000000000001,305.42376708984375,1.8328388929367065,27.566930770874023,27.0,1,1.8407450914382935,10.700000000000001,0.0
0,0,0.0,26.5,28.5,-1.5284935365246266,27.3,9.600000000000001,305.92376708984375,1.8444069623947144,27.586767196655273,27.0,1,1.8523131608963013,10.700000000000001,0.0
0,0,0.0,26.5,28.5,-1.5284935365246266,27.3,9.600000000000001,306.42376708984375,1.8562641143798828,27.606855392456055,27.0,1,1.8641703128814697,10.700000000000001,0.0
0,0,0.0,26.5,28.5,-1.5284935365246266,27.3,9.600000000000001,306.92376708984375,1.8684178590774536,27.62720489501953,27.0,1,1.8763240575790405,10.700000000000001,0.0
0,0,0.0,26.5,28.5,-1.5284935365246266,27.3,9.600000000000001,307.42376708984375,0.0,,,0,1.888782024383545,10.700000000000001,0.0
0,0,0.0,26.5,28.5,-1.5284935365246266,27.3,9.600000000000001,307.92376708984375,0.0,,,0,1.901552438735962,10.700000000000001,0.0
0,0,0.0,26.5,28.5,-1.5284935365246266,27.3,9.600000000000001,308.42376708984375,1.906737208366394,27.689899444580078,27.0,1,1.914643406867981,10.700000000000001,0.0
0,0,0.0,26.5,28.5,-1.5284935365246266,27.3,9.600000000000001,308.92376708984375,1.9201576709747314,27.711376190185547,27.0,1,1.9280638694763184,10.700000000000001,0.0
0,0,0.0,26.5,28.5,-1.5284935365246266,27.3,9.600000000000001,309.42376708984375,1.9339163303375244,27.733156204223633,27.0,1,1.9418225288391113,10.700000000000001,0.0
0,0,0.0,26.5,28.5,-1.5284935365246266,27.3,9.600000000000001,309.92376708984375,1.9480229616165161,27.755252838134766,27.0,1,1.955929160118103,10.700000000000001,0.0
0,0,0.0,26.5,28.5,-1.5284935365246266,27.3,9.600000000000001,310.42376708984375,1.9624871015548706,27.777673721313477,27.0,1,1.9703933000564575,10.700000000000001,0.0
0,0,0.0,26.5,28.5,-1.5284935365246266,27.3,9.600000000000001,310.92376708984375,1.9773191213607788,27.800430297851562,27.0,1,1.9852253198623657,10.700000000000001,0.0
0,0,0.0,26.5,28.5,-1.5284935365246266,27.3,9.600000000000001,311.42376708984375,1.9925296306610107,27.82353401184082,27.0,1,2.0004358291625977,10.700000000000001,0.0
0,0,0.0,26.5,28.5,-1.5284935365246266,27.3,9.600000000000001,311.92376708984375,2.008129596710205,27.846996307373047,27.0,1,2.016035795211792,10.700000000000001,0.0
0,0,0.0,26.5,28.5,-1.5284935365246266,27.3,9.600000000000001,312.42376708984375,2.0241308212280273,27.870830535888672,27.0,1,2.0320370197296143,10.700000000000001,0.0
0,0,0.0,26.5,28.5,-1.5284935365246266,27.3,9.600000000000001,312.92376708984375,0.0,,,0,2.0484516620635986,10.700000000000001,0.0
0,0,0.0,26.5,28.5,-1.5284935365246266,27.3,9.600000000000001,313.42376708984375,2.0573859214782715,27.919658660888672,27.0,1,2.0652921199798584,10.700000000000001,0.0
0,0,0.0,26.5,28.5,-1.5284935365246266,27.3,9.600000000000001,313.92376708984375,2.0746653079986572,27.94468116760254,27.0,1,2.082571506500244,10.700000000000001,0.0
0,0,0.0,26.5,28.5,-1.5284935365246266,27.3,9.600000000000001,314.42376708984375,2.092397689819336,27.970129013061523,27.0,1,2.100303888320923,10.700000000000001,0.0
0,0,0.0,26.5,28.5,-1.5284935365246266,27.3,9.600000000000001,314.92376708984375,0.0,,,0,2.1185035705566406,10.700000000000001,0.0
0,0,0.0,26.5,28.5,-1.5284935365246266,27.3,9.600000000000001,315.42376708984375,2.129279613494873,28.022354125976562,27.0,1,2.13718581199646,10.700000000000001,0.0
0,0,0.0,26.5,28.5,-1.5284935365246266,27.3,9.600000000000001,315.92376708984375,2.1484596729278564,28.049165725708008,27.0,1,2.1563658714294434,10.700000000000001,0.0
0,0,0.0,26.5,28.5,-1.5284935365246266,27.3,9.600000000000001,316.42376708984375,2.16815447807312,28.07646369934082,27.0,1,2.176060676574707,10.700000000000001,0.0
0,0,0.0,26.5,28.5,-1.5284935365246266,27.3,9.600000000000001,316.92376708984375,2.1883809566497803,28.10426902770996,27.0,1,2.196287155151367,10.700000000000001,0.0
0,0,0.0,26.5,28.5,-1.5284935365246266,27.3,9.600000000000001,317.42376708984375,2.209157705307007,28.132596969604492,27.0,1,2.2170639038085938,10.700000000000001,0.0
0,0,0.0,26.5,28.5,-1.5284935365246266,27.3,9.600000000000001,317.92376708984375,2.2305030822753906,28.161468505859375,27.0,1,2.2384092807769775,10.700000000000001,0.0
0,0,0.0,26.5,28.5,-1.5284935365246266,27.3,9.600000000000001,318.42376708984375,2.2524373531341553,28.190902709960938,27.0,1,2.260343551635742,10.700000000000001,0.0
0,0,0.0,26.5,28.5,-1.5284935365246266,27.3,9.600000000000001,318.92376708984375,2.2749814987182617,28.220922470092773,27.0,1,2.2828876972198486,10.700000000000001,0.0
0,0,0.0,26.5,28.5,-1.5284935365246266,27.3,9.600000000000001,319.42376708984375,2.298157215118408,28.251550674438477,27.0,1,2.306063413619995,10.700000000000001,0.0
0,0,0.0,26.5,28.5,-1.5284935365246266,27.3,9.600000000000001,319.92376708984375,2.3219873905181885,28.282808303833008,27.0,1,2.3298935890197754,10.700000000000001,0.0
0,0,0.0,26.5,28.5,-1.5284935365246266,27.3,9.600000000000001,320.42376708984375,2.34649658203125,28.314720153808594,27.0,1,2.354402780532837,10.700000000000001,0.0
0,0,0.0,26.5,28.5,-1.5284935365246266,27.3,9.600000000000001,320.92376708984375,0.0,,,0,2.3796160221099854,10.700000000000001,0.0
0,0,0.0,26.5,28.5,-1.5284935365246266,27.3,9.600000000000001,321.42376708984375,2.3976542949676514,28.380617141723633,27.0,1,2.4055604934692383,10.700000000000001,0.0
0,0,0.0,26.5,28.5,-1.5284935365246266,27.3,9.600000000000001,321.92376708984375,2.4243578910827637,28.414655685424805,27.0,1,2.4322640895843506,10.700000000000001,0.0
0,0,0.0,26.5,28.5,-1.5284935365246266,27.3,9.600000000000001,322.42376708984375,2.451850652694702,28.449462890625,27.0,1,2.459756851196289,10.700000000000001,0.0
0,0,0.0,26.5,28.5,-1.5284935365246266,27.3,9.600000000000001,322.92376708984375,2.480163335800171,28.48506736755371,27.0,1,2.488069534301758,10.700000000000001,0.0
0,0,0.0,26.5,28.5,-1.5284935365246266,27.3,9.600000000000001,323.42376708984375,0.0,,,0,2.51723575592041,10.700000000000001,0.0
0,0,0.0,26.5,28.5,-1.5284935365246266,27.3,9.600000000000001,323.92376708984375,2.539383888244629,28.558807373046875,27.0,1,2.547290086746216,10.700000000000001,0.0
0,0,0.0,26.5,28.5,-1.5284935365246266,27.3,9.600000000000001,324.42376708984375,2.5703632831573486,28.597015380859375,27.0,1,2.5782694816589355,10.700000000000001,0.0
0,0,0.0,26.5,28.5,-1.5284935365246266,27.3,9.600000000000001,324.92376708984375,2.602306842803955,28.636167526245117,27.0,1,2.610213041305542,10.700000000000001,0.0
0,0,0.0,26.5,28.5,-1.5284935365246266,27.3,9.600000000000001,325.42376708984375,0.0,,,0,2.6431615352630615,10.700000000000001,0.0
0,0,0.0,26.5,28.5,-1.5284935365246266,27.3,9.600000000000001,325.92376708984375,2.66925311088562,28.717472076416016,27.0,1,2.677159309387207,10.700000000000001,0.0
0,0,0.0,26.5,28.5,-1.5284935365246266,27.3,9.600000000000001,326.42376708984375,0.0,,,0,2.712252140045166,10.700000000000001,0.0
0,0,0.0,26.5,28.5,-1.5284935365246266,27.3,9.600000000000001,326.92376708984375,2.7405831813812256,28.803083419799805,27.0,1,2.7484893798828125,10.700000000000001,0.0
0,0,0.0,26.5,28.5,-1.5284935365246266,27.3,9.600000000000001,327.42376708984375,2.7780168056488037,28.84762954711914,27.0,1,2.7859230041503906,10.700000000000001,0.0
0,0,0.0,26.5,28.5,-1.5284935365246266,27.3,9.600000000000001,327.92376708984375,2.816702127456665,28.893409729003906,27.0,1,2.824608325958252,10.700000000000001,0.0
0,0,0.0,26.5,28.5,-1.5284935365246266,27.3,9.600000000000001,328.42376708984375,2.8566982746124268,28.94048309326172,27.0,1,2.8646044731140137,10.700000000000001,0.0
0,0,0.0,26.5,28.5,-1.5284935365246266,27.3,9.600000000000001,328.92376708984375,0.0,,,0,2.9059741497039795,10.700000000000001,0.0
0,0,0.0,26.5,28.5,-1.5284935365246266,27.3,9.600000000000001,329.42376708984375,2.940877676010132,29.03876495361328,27.0,1,2.9487838745117188,10.700000000000001,0.0
0,0,0.0,26.5,28.5,-1.5284935365246266,27.3,9.600000000000001,329.92376708984375,2.985199213027954,29.090112686157227,27.0,1,2.993105411529541,10.700000000000001,0.0
0,0,0.0,26.5,28.5,-1.5284935365246266,27.3,9.600000000000001,330.42376708984375,3.0311081409454346,29.143030166625977,27.0,1,3.0390143394470215,10.700000000000001,0.0
0,0,0.0,26.5,28.5,-1.5284935365246266,27.3,9.600000000000001,330.92376708984375,3.078686237335205,29.197601318359375,27.0,1,3.086592435836792,10.700000000000001,0.0
0,0,0.0,26.5,28.5,-1.5284935365246266,27.3,9.600000000000001,331.42376708984375,0.0,,,0,3.1359264850616455,10.700000000000001,0.0
0,0,0.0,26.5,28.5,-1.5284935365246266,27.3,9.600000000000001,331.92376708984375,3.179203510284424,29.312057495117188,27.0,1,3.1871097087860107,10.700000000000001,0.0
0,0,0.0,26.5,28.5,-1.5284935365246266,27.3,9.600000000000001,332.42376708984375,3.2323362827301025,29.37213706970215,27.0,1,3.2402424812316895,10.700000000000001,0.0
0,0,0.0,26.5,28.5,-1.5284935365246266,27.3,9.600000000000001,332.92376708984375,3.2875258922576904,29.43425750732422,27.0,1,3.2954320907592773,10.700000000000001,0.0
0,0,0.0,26.5,28.5,-1.5284935365246266,27.3,9.600000000000001,333.42376708984375,3.3448877334594727,29.498537063598633,27.0,1,3.3527939319610596,10.700000000000001,0.0
0,0,0.0,26.5,28.5,-1.5284935365246266,27.3,9.600000000000001,333.92376708984375,3.4045462608337402,29.565099716186523,27.0,1,3.412452459335327,10.700000000000001,0.0
0,0,0.0,26.5,28.5,-1.5284935365246266,27.3,9.600000000000001,334.42376708984375,3.4666359424591064,29.634077072143555,27.0,1,3.4745421409606934,10.700000000000001,0.0
0,0,0.0,26.5,28.5,-1.5284935365246266,27.3,9.600000000000001,334.92376708984375,3.531301498413086,29.705617904663086,27.0,1,3.539207696914673,10.700000000000001,0.0
0,0,0.0,26.5,28.5,-1.5284935365246266,27.3,9.600000000000001,335.42376708984375,0.0,,,0,3.6066055297851562,10.700000000000001,0.0
0,0,0.0,26.5,28.5,-1.5284935365246266,27.3,9.600000000000001,335.92376708984375,3.668999671936035,29.857027053833008,27.0,1,3.676905870437622,10.700000000000001,0.0
0,0,0.0,26.5,28.5,-1.5284935365246266,27.3,9.600000000000001,336.42376708984375,3.7423863410949707,29.9372501373291,27.0,1,3.7502925395965576,10.700000000000001,0.0
0,0,0.0,26.5,28.5,-1.5284935365246266,27.3,9.600000000000001,336.92376708984375,3.819059133529663,30.020748138427734,27.0,1,3.82696533203125,10.700000000000001,0.0
0,0,0.0,26.5,28.5,-1.5284935365246266,27.3,9.600000000000001,337.42376708984375,3.8992364406585693,30.107736587524414,27.0,1,3.9071426391601562,10.700000000000001,0.0
0,0,0.0,26.5,28.5,-1.5284935365246266,27.3,9.600000000000001,337.92376708984375,3.9831557273864746,30.198455810546875,27.0,1,3.9910619258880615,10.700000000000001,0.0
0,0,0.0,26.5,28.5,-1.5284935365246266,27.3,9.600000000000001,338.42376708984375,4.071076393127441,30.29316520690918,27.0,1,4.078982353210449,10.700000000000001,0.0
0,0,0.0,26.5,28.5,-1.5284935365246266,27.3,9.600000000000001,338.92376708984375,4.163282871246338,30.392148971557617,27.0,1,4.171188831329346,10.700000000000001,0.0
0,0,0.0,26.5,28.5,-1.5284935365246266,27.3,9.600000000000001,339.42376708984375,4.260087013244629,30.495718002319336,27.0,1,4.267992973327637,10.700000000000001,0.0
0,0,0.0,26.5,28.5,-1.5284935365246266,27.3,9.600000000000001,339.92376708984375,4.3618316650390625,30.604217529296875,27.0,1,4.36973762512207,10.700000000000001,0.0
0,0,0.0,26.5,28.5,-1.5284935365246266,27.3,9.600000000000001,340.42376708984375,4.468894958496094,30.718027114868164,27.0,1,4.476800918579102,10.700000000000001,0.0
0,0,0.0,26.5,28.5,-1.5284935365246266,27.3,9.600000000000001,340.92376708984375,4.581694602966309,30.837560653686523,27.0,1,4.589600563049316,10.700000000000001,0.0
0,0,0.0,26.5,28.5,-1.5284935365246266,27.3,9.600000000000001,341.42376708984375,0.0,,,0,4.70859956741333,10.700000000000001,0.0
0,0,0.0,26.5,28.5,-1.5284935365246266,27.3,9.600000000000001,341.92376708984375,4.8264055252075195,31.09571075439453,27.0,1,4.834311485290527,10.700000000000001,0.0
0,0,0.0,26.5,28.5,-1.5284935365246266,27.3,9.600000000000001,342.42376708984375,4.959402561187744,31.235414505004883,27.0,1,4.967308521270752,10.700000000000001,0.0
0,0,0.0,26.5,28.5,-1.5284935365246266,27.3,9.600000000000001,342.92376708984375,5.100324630737305,31.383033752441406,27.0,1,5.1082305908203125,10.700000000000001,0.0
0,0,0.0,26.5,28.5,-1.5284935365246266,27.3,9.600000000000001,343.42376708984375,5.249887943267822,31.53928565979004,27.0,1,5.25779390335083,10.700000000000001,0.0
0,0,0.0,26.5,28.5,-1.5284935365246266,27.3,9.600000000000001,343.92376708984375,5.408898830413818,31.704975128173828,27.0,1,5.416804790496826,10.700000000000001,0.0
0,0,0.0,26.5,28.5,-1.5284935365246266,27.3,9.600000000000001,344.42376708984375,0.0,,,0,5.586172103881836,10.700000000000001,0.0
0,0,0.0,26.5,28.5,-1.5284935365246266,27.3,9.600000000000001,344.92376708984375,0.0,,,0,5.766925811767578,10.700000000000001,0.0
0,0,0.0,26.5,28.5,-1.5284935365246266,27.3,9.600000000000001,345.42376708984375,5.952331066131592,32.26839828491211,27.0,1,5.9602370262146,10.700000000000001,0.0
0,0,0.0,26.5,28.5,-1.5284935365246266,27.3,9.600000000000001,345.92376708984375,6.1595377922058105,32.48225402832031,27.0,1,6.167443752288818,10.700000000000001,0.0
0,0,0.0,26.5,28.5,-1.5284935365246266,27.3,9.600000000000001,346.42376708984375,6.382174015045166,32.71153259277344,27.0,1,6.390079975128174,10.700000000000001,0.0
0,0,0.0,26.5,28.5,-1.5284935365246266,27.3,9.600000000000001,346.92376708984375,6.622010231018066,32.958003997802734,27.0,1,6.629916191101074,10.700000000000001,0.0
0,0,0.0,26.5,28.5,-1.5284935365246266,27.3,9.600000000000001,347.42376708984375,6.881097316741943,33.223716735839844,27.0,1,6.889003276824951,10.700000000000001,0.0
0,0,0.0,26.5,28.5,-1.5284935365246266,27.3,9.600000000000001,347.92376708984375,7.161824703216553,33.51106643676758,27.0,1,7.1697306632995605,10.700000000000001,0.0
0,0,0.0,26.5,28.5,-1.5284935365246266,27.3,9.600000000000001,348.42376708984375,7.4669976234436035,33.822853088378906,27.0,1,7.474903583526611,10.700000000000001,0.0
0,0,0.0,26.5,28.5,-1.5284935365246266,27.3,9.600000000000001,348.92376708984375,7.799924850463867,34.162391662597656,27.0,1,7.807830810546875,10.700000000000001,0.0
0,0,0.0,26.5,28.5,-1.5284935365246266,27.3,9.600000000000001,349.42376708984375,8.164542198181152,34.53361129760742,27.0,1,8.17244815826416,10.700000000000001,0.0
0,0,0.0,26.5,28.5,-1.5284935365246266,27.3,9.600000000000001,349.92376708984375,8.565567970275879,34.94123458862305,27.0,1,8.573473930358887,10.700000000000001,0.0
0,0,0.0,26.5,28.5,-1.5284935365246266,27.3,9.600000000000001,350.42376708984375,9.008703231811523,35.39096450805664,27.0,1,9.016609191894531,10.700000000000001,0.0
0,0,0.0,26.5,28.5,-1.5284935365246266,27.3,9.600000000000001,350.92376708984375,0.0,,,0,9.508813858032227,10.700000000000001,0.0
0,0,0.0,26.5,28.5,-1.5284935365246266,27.3,9.600000000000001,351.42376708984375,10.050762176513672,36.446197509765625,27.0,1,10.05866813659668,10.700000000000001,0.0
0,0,0.0,26.5,28.5,-1.5284935365246266,27.3,9.600000000000001,351.92376708984375,0.0,,,0,10.676880836486816,10.700000000000001,0.0
0,0,0.0,26.5,28.5,-1.5284935365246266,27.3,9.600000000000001,352.42376708984375,11.369077682495117,37.77766799926758,27.0,1,11.376983642578125,10.700000000000001,0.0
0,0,0.0,26.5,28.5,-1.5284935365246266,27.3,9.600000000000001,352.92376708984375,12.0,,,0,12.0,10.700000000000001,0.0
0,0,0.0,26.5,28.5,-1.5284935365246266,27.3,9.600000000000001,353.42376708984375,12.0,,,0,12.0,10.700000000000001,0.0
0,0,0.0,26.5,28.5,-1.5284935365246266,27.3,9.600000000000001,353.92376708984375,12.0,,,0,12.0,10.700000000000001,0.0
0,0,0.0,26.5,28.5,-1.5284935365246266,27.3,9.600000000000001,354.42376708984375,12.0,,,0,12.0,10.700000000000001,0.0
0,0,0.0,26.5,28.5,-1.5284935365246266,27.3,9.600000000000001,354.92376708984375,0.0,,,0,12.0,10.700000000000001,0.0
0,0,0.0,26.5,28.5,-1.5284935365246266,27.3,9.600000000000001,355.42376708984375,0.0,,,0,12.0,10.700000000000001,0.0
0,0,0.0,26.5,28.5,-1.5284935365246266,27.3,9.600000000000001,355.92376708984375,12.0,,,0,12.0,10.700000000000001,0.0
0,0,0.0,26.5,28.5,-1.5284935365246266,27.3,9.600000000000001,356.42376708984375,12.0,,,0,12.0,10.700000000000001,0.0
0,0,0.0,26.5,28.5,-1.5284935365246266,27.3,9.600000000000001,356.92376708984375,12.0,,,0,12.0,10.700000000000001,0.0
0,0,0.0,26.5,28.5,-1.5284935365246266,27.3,9.600000000000001,357.42376708984375,12.0,,,0,12.0,10.700000000000001,0.0
0,0,0.0,26.5,28.5,-1.5284935365246266,27.3,9.600000000000001,357.92376708984375,12.0,,,0,12.0,10.700000000000001,0.0
0,0,0.0,26.5,28.5,-1.5284935365246266,27.3,9.600000000000001,358.42376708984375,12.0,,,0,12.0,10.700000000000001,0.0
0,0,0.0,26.5,28.5,-1.5284935365246266,27.3,9.600000000000001,358.92376708984375,12.0,,,0,12.0,10.700000000000001,0.0
0,0,0.0,26.5,28.5,-1.5284935365246266,27.3,9.600000000000001,359.42376708984375,12.0,,,0,12.0,10.700000000000001,0.0
0,0,0.0,26.5,28.5,-1.5284935365246266,27.3,9.600000000000001,359.92376708984375,12.0,,,0,12.0,10.700000000000001,0.0
0,0,0.0,26.5,28.5,-1.5284935365246266,27.3,9.600000000000001,0.42377135157585144,0.0,,,0,12.0,10.700000000000001,0.0
0,0,0.0,26.5,28.5,-1.5284935365246266,27.3,9.600000000000001,0.923771321773529,0.0,,,0,12.0,10.700000000000001,0.0
0,0,0.0,26.5,28.5,-1.5284935365246266,27.3,9.600000000000001,1.4237713813781738,12.0,,,0,12.0,10.700000000000001,0.0
0,0,0.0,26.5,28.5,-1.5284935365246266,27.3,9.600000000000001,1.9237713813781738,12.0,,,0,12.0,10.700000000000001,0.0
0,0,0.0,26.5,28.5,-1.5284935365246266,27.3,9.600000000000001,2.423771381378174,12.0,,,0,12.0,10.700000000000001,0.0
0,0,0.0,26.5,28.5,-1.5284935365246266,27.3,9.600000000000001,2.923771381378174,12.0,,,0,12.0,10.700000000000001,0.0
0,0,0.0,26.5,28.5,-1.5284935365246266,27.3,9.600000000000001,3.423771381378174,12.0,,,0,12.0,10.700000000000001,0.0
0,0,0.0,26.5,28.5,-1.5284935365246266,27.3,9.600000000000001,3.923771381378174,12.0,,,0,12.0,10.700000000000001,0.0
0,0,0.0,26.5,28.5,-1.5284935365246266,27.3,9.600000000000001,4.423771381378174,0.0,,,0,12.0,10.700000000000001,0.0
0,0,0.0,26.5,28.5,-1.5284935365246266,27.3,9.600000000000001,4.923771381378174,12.0,,,0,12.0,10.700000000000001,0.0
0,0,0.0,26.5,28.5,-1.5284935365246266,27.3,9.600000000000001,5.423771381378174,12.0,,,0,12.0,10.700000000000001,0.0
0,0,0.0,26.5,28.5,-1.5284935365246266,27.3,9.600000000000001,5.923771381378174,12.0,,,0,12.0,10.700000000000001,0.0
0,0,0.0,26.5,28.5,-1.5284935365246266,27.3,9.600000000000001,6.423771381378174,12.0,,,0,12.0,10.700000000000001,0.0
0,0,0.0,26.5,28.5,-1.5284935365246266,27.3,9.600000000000001,6.923771381378174,12.0,,,0,12.0,10.700000000000001,0.0
0,0,0.0,26.5,28.5,-1.5284935365246266,27.3,9.600000000000001,7.423771381378174,12.0,,,0,12.0,10.700000000000001,0.0
0,0,0.0,26.5,28.5,-1.5284935365246266,27.3,9.600000000000001,7.923771381378174,12.0,,,0,12.0,10.700000000000001,0.0
0,0,0.0,26.5,28.5,-1.5284935365246266,27.3,9.600000000000001,8.423770904541016,0.0,,,0,12.0,10.700000000000001,0.0
0,0,0.0,26.5,28.5,-1.5284935365246266,27.3,9.600000000000001,8.923770904541016,12.0,,,0,12.0,10.700000000000001,0.0
0,0,0.0,26.5,28.5,-1.5284935365246266,27.3,9.600000000000001,9.423770904541016,12.0,,,0,12.0,10.700000000000001,0.0
0,0,0.0,26.5,28.5,-1.5284935365246266,27.3,9.600000000000001,9.923770904541016,0.0,,,0,12.0,10.700000000000001,0.0
0,0,0.0,26.5,28.5,-1.5284935365246266,27.3,9.600000000000001,10.423770904541016,12.0,,,0,12.0,10.700000000000001,0.0
0,0,0.0,26.5,28.5,-1.5284935365246266,27.3,9.600000000000001,10.923770904541016,12.0,,,0,12.0,10.700000000000001,0.0
0,0,0.0,26.5,28.5,-1.5284935365246266,27.3,9.600000000000001,11.423770904541016,12.0,,,0,12.0,10.700000000000001,0.0
0,0,0.0,26.5,28.5,-1.5284935365246266,27.3,9.600000000000001,11.923770904541016,12.0,,,0,12.0,10.700000000000001,0.0
0,0,0.0,26.5,28.5,-1.5284935365246266,27.3,9.600000000000001,12.423770904541016,12.0,,,0,12.0,10.700000000000001,0.0
0,0,0.0,26.5,28.5,-1.5284935365246266,27.3,9.600000000000001,12.923770904541016,12.0,,,0,12.0,10.700000000000001,0.0
0,0,0.0,26.5,28.5,-1.5284935365246266,27.3,9.600000000000001,13.423770904541016,12.0,,,0,12.0,10.700000000000001,0.0
0,0,0.0,26.5,28.5,-1.5284935365246266,27.3,9.600000000000001,13.923770904541016,0.0,,,0,12.0,10.700000000000001,0.0
0,0,0.0,26.5,28.5,-1.5284935365246266,27.3,9.600000000000001,14.423770904541016,12.0,,,0,12.0,10.700000000000001,0.0
0,0,0.0,26.5,28.5,-1.5284935365246266,27.3,9.600000000000001,14.923770904541016,12.0,,,0,12.0,10.700000000000001,0.0
0,0,0.0,26.5,28.5,-1.5284935365246266,27.3,9.600000000000001,15.423770904541016,12.0,,,0,12.0,10.700000000000001,0.0
0,0,0.0,26.5,28.5,-1.5284935365246266,27.3,9.600000000000001,15.923770904541016,0.0,,,0,12.0,10.700000000000001,0.0
0,0,0.0,26.5,28.5,-1.5284935365246266,27.3,9.600000000000001,16.423770904541016,12.0,,,0,12.0,10.700000000000001,0.0
0,0,0.0,26.5,28.5,-1.5284935365246266,27.3,9.600000000000001,16.923770904541016,12.0,,,0,12.0,10.700000000000001,0.0
0,0,0.0,26.5,28.5,-1.5284935365246266,27.3,9.600000000000001,17.423770904541016,12.0,,,0,12.0,10.700000000000001,0.0
0,0,0.0,26.5,28.5,-1.5284935365246266,27.3,9.600000000000001,17.923770904541016,12.0,,,0,12.0,10.700000000000001,0.0
0,0,0.0,26.5,28.5,-1.5284935365246266,27.3,9.600000000000001,18.423770904541016,12.0,,,0,12.0,10.700000000000001,0.0
0,0,0.0,26.5,28.5,-1.5284935365246266,27.3,9.600000000000001,18.923770904541016,12.0,,,0,12.0,10.700000000000001,0.0
0,0,0.0,26.5,28.5,-1.5284935365246266,27.3,9.600000000000001,19.423770904541016,12.0,,,0,12.0,10.700000000000001,0.0
0,0,0.0,26.5,28.5,-1.5284935365246266,27.3,9.600000000000001,19.923770904541016,12.0,,,0,12.0,10.700000000000001,0.0
0,0,0.0,26.5,28.5,-1.5284935365246266,27.3,9.600000000000001,20.423770904541016,12.0,,,0,12.0,10.700000000000001,0.0
0,0,0.0,26.5,28.5,-1.5284935365246266,27.3,9.600000000000001,20.923770904541016,12.0,,,0,12.0,10.700000000000001,0.0
0,0,0.0,26.5,28.5,-1.5284935365246266,27.3,9.600000000000001,21.423770904541016,12.0,,,0,12.0,10.700000000000001,0.0
0,0,0.0,26.5,28.5,-1.5284935365246266,27.3,9.600000000000001,21.923770904541016,12.0,,,0,12.0,10.700000000000001,0.0
0,0,0.0,26.5,28.5,-1.5284935365246266,27.3,9.600000000000001,22.423770904541016,12.0,,,0,12.0,10.700000000000001,0.0
0,0,0.0,26.5,28.5,-1.5284935365246266,27.3,9.600000000000001,22.923770904541016,12.0,,,0,12.0,10.700000000000001,0.0
0,0,0.0,26.5,28.5,-1.5284935365246266,27.3,9.600000000000001,23.423770904541016,12.0,,,0,12.0,10.700000000000001,0.0
0,0,0.0,26.5,28.5,-1.5284935365246266,27.3,9.600000000000001,23.923770904541016,0.0,,,0,12.0,10.700000000000001,0.0
0,0,0.0,26.5,28.5,-1.5284935365246266,27.3,9.600000000000001,24.423770904541016,11.817157745361328,37.26686477661133,33.38945388793945,1,11.825063705444336,10.700000000000001,0.0
0,0,0.0,26.5,28.5,-1.5284935365246266,27.3,9.600000000000001,24.923770904541016,11.594640731811523,37.02199172973633,33.38945388793945,1,11.602546691894531,10.700000000000001,0.0
0,0,0.0,26.5,28.5,-1.5284935365246266,27.3,9.600000000000001,25.423770904541016,11.381195068359375,36.78614807128906,33.38945388793945,1,11.389101028442383,10.700000000000001,0.0
0,0,0.0,26.5,28.5,-1.5284935365246266,27.3,9.600000000000001,25.923770904541016,11.176297187805176,36.55881118774414,33.38945388793945,1,11.184203147888184,10.700000000000001,0.0
0,0,0.0,26.5,28.5,-1.5284935365246266,27.3,9.600000000000001,26.423770904541016,10.979463577270508,36.3394889831543,33.38945388793945,1,10.987369537353516,10.700000000000001,0.0
0,0,0.0,26.5,28.5,-1.5284935365246266,27.3,9.600000000000001,26.923770904541016,10.79024600982666,36.12773895263672,33.38945388793945,1,10.798151969909668,10.700000000000001,0.0
0,0,0.0,26.5,28.5,-1.5284935365246266,27.3,9.600000000000001,27.423770904541016,10.608230590820312,35.92314147949219,33.38945388793945,1,10.61613655090332,10.700000000000001,0.0
0,0,0.0,26.5,28.5,-1.5284935365246266,27.3,9.600000000000001,27.923770904541016,10.43303108215332,35.72531509399414,33.38945388793945,1,10.440937042236328,10.700000000000001,0.0
0,0,0.0,26.5,28.5,-1.5284935365246266,27.3,9.600000000000001,28.423770904541016,10.264289855957031,35.53389358520508,33.38945388793945,1,10.272195816040039,10.700000000000001,0.0
0,0,0.0,26.5,28.5,-1.5284935365246266,27.3,9.600000000000001,28.923770904541016,10.10167407989502,35.34855270385742,33.38945388793945,1,10.109580039978027,10.700000000000001,0.0
0,0,0.0,26.5,28.5,-1.5284935365246266,27.3,9.600000000000001,29.423770904541016,0.0,,,0,9.952778816223145,10.700000000000001,0.0
0,0,0.0,26.5,28.5,-1.5284935365246266,27.3,9.600000000000001,29.923770904541016,9.793596267700195,34.9948616027832,33.38945388793945,1,9.801502227783203,10.700000000000001,0.0
0,0,0.0,26.5,28.5,-1.5284935365246266,27.3,9.600000000000001,30.423770904541016,0.0,,,0,9.65548038482666,10.700000000000001,0.0
0,0,0.0,26.5,28.5,-1.5284935365246266,27.3,9.600000000000001,30.923770904541016,9.506552696228027,34.66199493408203,33.38945388793945,1,9.514458656311035,10.700000000000001,0.0
0,0,0.0,26.5,28.5,-1.5284935365246266,27.3,9.600000000000001,31.423770904541016,0.0,,,0,9.37820053100586,10.700000000000001,0.0
0,0,0.0,26.5,28.5,-1.5284935365246266,27.3,9.600000000000001,31.923770904541016,9.238578796386719,34.34797668457031,33.38945388793945,1,9.246484756469727,10.700000000000001,0.0
0,0,0.0,26.5,28.5,-1.5284935365246266,27.3,9.600000000000001,32.423770904541016,9.111196517944336,34.197486877441406,33.38945388793945,1,9.119102478027344,10.700000000000001,0.0
0,0,0.0,26.5,28.5,-1.5284935365246266,27.3,9.600000000000001,32.923770904541016,8.98795223236084,34.05107498168945,33.38945388793945,1,8.995858192443848,10.700000000000001,0.0
0,0,0.0,26.5,28.5,-1.5284935365246266,27.3,9.600000000000001,33.423770904541016,8.868661880493164,33.90855407714844,33.38945388793945,1,8.876567840576172,10.700000000000001,0.0
0,0,0.0,26.5,28.5,-1.5284935365246266,27.3,9.600000000000001,33.923770904541016,8.753151893615723,33.76975631713867,33.38945388793945,1,8.76105785369873,10.700000000000001,0.0
0,0,0.0,26.5,28.5,-1.5284935365246266,27.3,9.600000000000001,34.423770904541016,8.641260147094727,33.63451385498047,33.38945388793945,1,8.649166107177734,10.700000000000001,0.0
0,0,0.0,26.5,28.5,-1.5284935365246266,27.3,9.600000000000001,34.923770904541016,8.532832145690918,33.5026741027832,33.38945388793945,1,8.540738105773926,10.700000000000001,0.0
0,0,0.0,26.5,28.5,-1.5284935365246266,27.3,9.600000000000001,35.423770904541016,0.0,,,0,8.435629844665527,10.700000000000001,0.0
0,0,0.0,26.5,28.5,-1.5284935365246266,27.3,9.600000000000001,35.923770904541016,8.325797080993652,33.248619079589844,33.38945388793945,1,8.33370304107666,10.700000000000001,0.0
0,0,0.0,26.5,28.5,-1.5284935365246266,27.3,9.600000000000001,36.423770904541016,8.226924896240234,33.126136779785156,33.38945388793945,1,8.234830856323242,10.700000000000001,0.0
0,0,0.0,26.5,28.5,-1.5284935365246266,27.3,9.600000000000001,36.923770904541016,8.130983352661133,33.00651550292969,33.38945388793945,1,8.13888931274414,10.700000000000001,0.0
0,0,0.0,26.5,28.5,-1.5284935365246266,27.3,9.600000000000001,37.423770904541016,8.037857055664062,32.889644622802734,33.38945388793945,1,8.04576301574707,10.700000000000001,0.0
0,0,0.0,26.5,28.5,-1.5284935365246266,27.3,9.600000000000001,37.923770904541016,7.947437286376953,32.77540588378906,33.38945388793945,1,7.955343246459961,10.700000000000001,0.0
0,0,0.0,26.5,28.5,-1.5284935365246266,27.3,9.600000000000001,38.423770904541016,7.859619617462158,32.663700103759766,33.38945388793945,1,7.867525577545166,10.700000000000001,0.0
0,0,0.0,26.5,28.5,-1.5284935365246266,27.3,9.600000000000001,38.923770904541016,7.774305820465088,32.55442428588867,33.38945388793945,1,7.782211780548096,10.700000000000001,0.0
0,0,0.0,26.5,28.5,-1.5284935365246266,27.3,9.600000000000001,39.423770904541016,7.691401958465576,32.447486877441406,33.38945388793945,1,7.699307918548584,10.700000000000001,0.0
0,0,0.0,26.5,28.5,-1.5284935365246266,27.3,9.600000000000001,39.923770904541016,7.610820293426514,32.34279251098633,33.38945388793945,1,7.6187262535095215,10.700000000000001,0.0
0,0,0.0,26.5,28.5,-1.5284935365246266,27.3,9.600000000000001,40.423770904541016,7.53247594833374,32.24026107788086,33.38945388793945,1,7.540381908416748,10.700000000000001,0.0
0,0,0.0,26.5,28.5,-1.5284935365246266,27.3,9.600000000000001,40.923770904541016,7.456289291381836,32.139808654785156,33.38945388793945,1,7.464195251464844,10.700000000000001,0.0
0,0,0.0,26.5,28.5,-1.5284935365246266,27.3,9.600000000000001,41.423770904541016,7.382184028625488,32.041358947753906,33.38945388793945,1,7.390089988708496,10.700000000000001,0.0
0,0,0.0,26.5,28.5,-1.5284935365246266,27.3,9.600000000000001,41.923770904541016,7.31008768081665,31.944839477539062,33.38945388793945,1,7.317993640899658,10.700000000000001,0.0
0,0,0.0,26.5,28.5,-1.5284935365246266,27.3,9.600000000000001,42.423770904541016,0.0,,,0,7.247836589813232,10.700000000000001,0.0
0,0,0.0,26.5,28.5,-1.5284935365246266,27.3,9.600000000000001,42.923770904541016,7.171648025512695,31.75730323791504,33.38945388793945,1,7.179553985595703,10.700000000000001,0.0
0,0,0.0,26.5,28.5,-1.5284935365246266,27.3,9.600000000000001,43.423770904541016,0.0,,,0,7.113081932067871,10.700000000000001,0.0
0,0,0.0,26.5,28.5,-1.5284935365246266,27.3,9.600000000000001,43.923770904541016,7.0404558181762695,31.576677322387695,33.38945388793945,1,7.048361778259277,10.700000000000001,0.0
0,0,0.0,26.5,28.5,-1.5284935365246266,27.3,9.600000000000001,44.423770904541016,6.9774298667907715,31.48880386352539,33.38945388793945,1,6.985335826873779,10.700000000000001,0.0
0,0,0.0,26.5,28.5,-1.5284935365246266,27.3,9.600000000000001,44.923770904541016,6.916043758392334,31.402481079101562,33.38945388793945,1,6.923949718475342,10.700000000000001,0.0
0,0,0.0,26.5,28.5,-1.5284935365246266,27.3,9.600000000000001,45.423770904541016,6.856245517730713,31.317657470703125,33.38945388793945,1,6.864151477813721,10.700000000000001,0.0
0,0,0.0,26.5,28.5,-1.5284935365246266,27.3,9.600000000000001,45.923770904541016,6.797984600067139,31.234277725219727,33.38945388793945,1,6.8058905601501465,10.700000000000001,0.0
0,0,0.0,26.5,28.5,-1.5284935365246266,27.3,9.600000000000001,46.423770904541016,6.741214275360107,31.152297973632812,33.38945388793945,1,6.749120235443115,10.700000000000001,0.0
0,0,0.0,26.5,28.5,-1.5284935365246266,27.3,9.600000000000001,46.923770904541016,6.685888767242432,31.071666717529297,33.38945388793945,1,6.6937947273254395,10.700000000000001,0.0
0,0,0.0,26.5,28.5,-1.5284935365246266,27.3,9.600000000000001,47.423770904541016,0.0,,,0,6.639870643615723,10.700000000000001,0.0
0,0,0.0,26.5,28.5,-1.5284935365246266,27.3,9.600000000000001,47.923770904541016,0.0,,,0,6.587306022644043,10.700000000000001,0.0
0,0,0.0,26.5,28.5,-1.5284935365246266,27.3,9.600000000000001,48.423770904541016,6.5281548500061035,30.837434768676758,33.38945388793945,1,6.536060810089111,10.700000000000001,0.0
0,0,0.0,26.5,28.5,-1.5284935365246266,27.3,9.600000000000001,48.923770904541016,6.478190898895264,30.76177215576172,33.38945388793945,1,6.4860968589782715,10.700000000000001,0.0
0,0,0.0,26.5,28.5,-1.5284935365246266,27.3,9.600000000000001,49.423770904541016,0.0,,,0,6.437377452850342,10.700000000000001,0.0
0,0,0.0,26.5,28.5,-1.5284935365246266,27.3,9.600000000000001,49.923770904541016,6.381961822509766,30.61383628845215,33.38945388793945,1,6.389867782592773,10.700000000000001,0.0
0,0,0.0,26.5,28.5,-1.5284935365246266,27.3,9.600000000000001,50.423770904541016,6.335627555847168,30.541492462158203,33.38945388793945,1,6.343533515930176,10.700000000000001,0.0
0,0,0.0,26.5,28.5,-1.5284935365246266,27.3,9.600000000000001,50.923770904541016,6.290436744689941,30.470184326171875,33.38945388793945,1,6.298342704772949,10.700000000000001,0.0
0,0,0.0,26.5,28.5,-1.5284935365246266,27.3,9.600000000000001,51.423770904541016,6.2463579177856445,30.399879455566406,33.38945388793945,1,6.254263877868652,10.700000000000001,0.0
0,0,0.0,26.5,28.5,-1.5284935365246266,27.3,9.600000000000001,51.923770904541016,6.203361511230469,30.330547332763672,33.38945388793945,1,6.211267471313477,10.700000000000001,0.0
0,0,0.0,26.5,28.5,-1.5284935365246266,27.3,9.600000000000001,52.423770904541016,6.16141939163208,30.262155532836914,33.38945388793945,1,6.169325351715088,10.700000000000001,0.0
0,0,0.0,26.5,28.5,-1.5284935365246266,27.3,9.600000000000001,52.923770904541016,6.120502948760986,30.194677352905273,33.38945388793945,1,6.128408908843994,10.700000000000001,0.0
0,0,0.0,26.5,28.5,-1.5284935365246266,27.3,9.600000000000001,53.423770904541016,6.0805864334106445,30.128082275390625,33.38945388793945,1,6.088492393493652,10.700000000000001,0.0
0,0,0.0,26.5,28.5,-1.5284935365246266,27.3,9.600000000000001,53.923770904541016,6.041644096374512,30.062345504760742,33.38945388793945,1,6.0495500564575195,10.700000000000001,0.0
0,0,0.0,26.5,28.5,-1.5284935365246266,27.3,9.600000000000001,54.423770904541016,6.003652095794678,29.997438430786133,33.38945388793945,1,6.0115580558776855,10.700000000000001,0.0
0,0,0.0,26.5,28.5,-1.5284935365246266,27.3,9.600000000000001,54.923770904541016,5.966586112976074,29.93333625793457,33.38945388793945,1,5.974492073059082,10.700000000000001,0.0
0,0,0.0,26.5,28.5,-1.5284935365246266,27.3,9.600000000000001,55.423770904541016,5.930423736572266,29.870014190673828,33.38945388793945,1,5.938329696655273,10.700000000000001,0.0
0,0,0.0,26.5,28.5,-1.5284935365246266,27.3,9.600000000000001,55.923770904541016,5.895143508911133,29.807451248168945,33.38945388793945,1,5.903049468994141,10.700000000000001,0.0
0,0,0.0,26.5,28.5,-1.5284935365246266,27.3,9.600000000000001,56.423770904541016,5.860723972320557,29.745622634887695,33.38945388793945,1,5.8686299324035645,10.700000000000001,0.0
0,0,0.0,26.5,28.5,-1.5284935365246266,27.3,9.600000000000001,56.923770904541016,5.827145576477051,29.684505462646484,33.38945388793945,1,5.835051536560059,10.700000000000001,0.0
0,0,0.0,26.5,28.5,-1.5284935365246266,27.3,9.600000000000001,57.423770904541016,5.794388771057129,29.62407875061035,33.38945388793945,1,5.802294731140137,10.700000000000001,0.0
0,0,0.0,26.5,28.5,-1.5284935365246266,27.3,9.600000000000001,57.923770904541016,5.762434482574463,29.564321517944336,33.38945388793945,1,5.770340442657471,10.700000000000001,0.0
0,0,0.0,26.5,28.5,-1.5284935365246266,27.3,9.600000000000001,58.423770904541016,5.731265068054199,29.505216598510742,33.38945388793945,1,5.739171028137207,10.700000000000001,0.0
0,0,0.0,26.5,28.5,-1.5284935365246266,27.3,9.600000000000001,58.923770904541016,5.700862884521484,29.446741104125977,33.38945388793945,1,5.708768844604492,10.700000000000001,0.0
0,0,0.0,26.5,28.5,-1.5284935365246266,27.3,9.600000000000001,59.423770904541016,5.671211242675781,29.388877868652344,33.38945388793945,1,5.679117202758789,10.700000000000001,0.0
0,0,0.0,26.5,28.5,-1.5284935365246266,27.3,9.600000000000001,59.923770904541016,5.642293930053711,29.331607818603516,33.38945388793945,1,5.650199890136719,10.700000000000001,0.0
0,0,0.0,26.5,28.5,-1.5284935365246266,27.3,9.600000000000001,60.423770904541016,5.614095687866211,29.274913787841797,33.38945388793945,1,5.622001647949219,10.700000000000001,0.0
0,0,0.0,26.5,28.5,-1.5284935365246266,27.3,9.600000000000001,60.923770904541016,5.586601734161377,29.218778610229492,33.38945388793945,1,5.594507694244385,10.700000000000001,0.0
0,0,0.0,26.5,28.5,-1.5284935365246266,27.3,9.600000000000001,61.423770904541016,5.5597968101501465,29.163185119628906,33.38945388793945,1,5.567702770233154,10.700000000000001,0.0
0,0,0.0,26.5,28.5,-1.5284935365246266,27.3,9.600000000000001,61.923770904541016,5.533668041229248,29.108118057250977,33.38945388793945,1,5.541574001312256,10.700000000000001,0.0
0,0,0.0,26.5,28.5,-1.5284935365246266,27.3,9.600000000000001,62.423770904541016,5.5082011222839355,29.05356216430664,33.38945388793945,1,5.516107082366943,10.700000000000001,0.0
0,0,0.0,26.5,28.5,-1.5284935365246266,27.3,9.600000000000001,62.923770904541016,5.483383655548096,28.999500274658203,33.38945388793945,1,5.4912896156311035,10.700000000000001,0.0
0,0,0.0,26.5,28.5,-1.5284935365246266,27.3,9.600000000000001,63.423770904541016,5.459202766418457,28.945919036865234,33.38945388793945,1,5.467108726501465,10.700000000000001,0.0
0,0,0.0,26.5,28.5,-1.5284935365246266,27.3,9.600000000000001,63.923770904541016,5.435647010803223,28.892803192138672,33.38945388793945,1,5.4435529708862305,10.700000000000001,0.0
0,0,0.0,26.5,28.5,-1.5284935365246266,27.3,9.600000000000001,64.42377471923828,5.412703990936279,28.840139389038086,33.38945388793945,1,5.420609951019287,10.700000000000001,0.0
0,0,0.0,26.5,28.5,-1.5284935365246266,27.3,9.600000000000001,64.92377471923828,5.3903632164001465,28.787914276123047,33.38945388793945,1,5.398269176483154,10.700000000000001,0.0
0,0,0.0,26.5,28.5,-1.5284935365246266,27.3,9.600000000000001,65.42377471923828,5.368613243103027,28.736112594604492,33.38945388793945,1,5.376519203186035,10.700000000000001,0.0
0,0,0.0,26.5,28.5,-1.5284935365246266,27.3,9.600000000000001,65.92377471923828,0.0,,,0,5.355350494384766,10.700000000000001,0.0
0,0,0.0,26.5,28.5,-1.5284935365246266,27.3,9.600000000000001,66.42377471923828,5.326846122741699,28.63373374938965,33.38945388793945,1,5.334752082824707,10.700000000000001,0.0
0,0,0.0,26.5,28.5,-1.5284935365246266,27.3,9.600000000000001,66.92377471923828,5.306808948516846,28.583131790161133,33.38945388793945,1,5.3147149085998535,10.700000000000001,0.0
0,0,0.0,26.5,28.5,-1.5284935365246266,27.3,9.600000000000001,67.42377471923828,5.287323474884033,28.53290367126465,33.38945388793945,1,5.295229434967041,10.700000000000001,0.0
0,0,0.0,26.5,28.5,-1.5284935365246266,27.3,9.600000000000001,67.92377471923828,5.268380641937256,28.4830379486084,33.38945388793945,1,5.276286602020264,10.700000000000001,0.0
0,0,0.0,26.5,28.5,-1.5284935365246266,27.3,9.600000000000001,68.42377471923828,5.249971866607666,28.43352508544922,33.38945388793945,1,5.257877826690674,10.700000000000001,0.0
0,0,0.0,26.5,28.5,-1.5284935365246266,27.3,9.600000000000001,68.92377471923828,5.232088565826416,28.384353637695312,33.38945388793945,1,5.239994525909424,10.700000000000001,0.0
0,0,0.0,26.5,28.5,-1.5284935365246266,27.3,9.600000000000001,69.42377471923828,5.214723110198975,28.33551025390625,33.38945388793945,1,5.222629070281982,10.700000000000001,0.0
0,0,0.0,26.5,28.5,-1.5284935365246266,27.3,9.600000000000001,69.92377471923828,5.197867393493652,28.286985397338867,33.38945388793945,1,5.20577335357666,10.700000000000001,0.0
0,0,0.0,26.5,28.5,-1.5284935365246266,27.3,9.600000000000001,70.42377471923828,5.181514263153076,28.238771438598633,33.38945388793945,1,5.189420223236084,10.700000000000001,0.0
0,0,0.0,26.5,28.5,-1.5284935365246266,27.3,9.600000000000001,70.92377471923828,5.165656089782715,28.190853118896484,33.38945388793945,1,5.173562049865723,10.700000000000001,0.0
0,0,0.0,26.5,28.5,-1.5284935365246266,27.3,9.600000000000001,71.42377471923828,5.1502861976623535,28.143224716186523,33.38945388793945,1,5.158192157745361,10.700000000000001,0.0
0,0,0.0,26.5,28.5,-1.5284935365246266,27.3,9.600000000000001,71.92377471923828,5.135397911071777,28.095874786376953,33.38945388793945,1,5.143303871154785,10.700000000000001,0.0
0,0,0.0,26.5,28.5,-1.5284935365246266,27.3,9.600000000000001,72.42377471923828,5.1209845542907715,28.04879379272461,33.38945388793945,1,5.128890514373779,10.700000000000001,0.0
0,0,0.0,26.5,28.5,-1.5284935365246266,27.3,9.600000000000001,72.92377471923828,5.1070404052734375,28.001972198486328,33.38945388793945,1,5.114946365356445,10.700000000000001,0.0
0,0,0.0,26.5,28.5,-1.5284935365246266,27.3,9.600000000000001,73.42377471923828,0.0,,,0,5.101465225219727,10.700000000000001,0.0
0,0,0.0,26.5,28.5,-1.5284935365246266,27.3,9.600000000000001,73.92377471923828,5.080535888671875,27.90907096862793,33.38945388793945,1,5.088441848754883,10.700000000000001,0.0
0,0,0.0,26.5,28.5,-1.5284935365246266,27.3,9.600000000000001,74.42377471923828,0.0,,,0,5.075870037078857,10.700000000000001,0.0
0,0,0.0,26.5,28.5,-1.5284935365246266,27.3,9.600000000000001,74.92377471923828,5.055838584899902,27.817100524902344,33.38945388793945,1,5.06374454498291,10.700000000000001,0.0
0,0,0.0,26.5,28.5,-1.5284935365246266,27.3,9.600000000000001,75.42377471923828,5.044155120849609,27.771440505981445,33.38945388793945,1,5.052061080932617,10.700000000000001,0.0
0,0,0.0,26.5,28.5,-1.5284935365246266,27.3,9.600000000000001,75.92377471923828,5.0329084396362305,27.725990295410156,33.38945388793945,1,5.040814399719238,10.700000000000001,0.0
0,0,0.0,26.5,28.5,-1.5284935365246266,27.3,9.600000000000001,76.42377471923828,5.022093772888184,27.680736541748047,33.38945388793945,1,5.029999732971191,10.700000000000001,0.0
0,0,0.0,26.5,28.5,-1.5284935365246266,27.3,9.600000000000001,76.92377471923828,5.011706829071045,27.63567352294922,33.38945388793945,1,5.019612789154053,10.700000000000001,0.0
0,0,0.0,26.5,28.5,-1.5284935365246266,27.3,9.600000000000001,77.42377471923828,5.001743316650391,27.59079360961914,33.38945388793945,1,5.009649276733398,10.700000000000001,0.0
0,0,0.0,26.5,28.5,-1.5284935365246266,27.3,9.600000000000001,77.92377471923828,12.0,,,0,12.0,10.700000000000001,0.0
0,0,0.0,26.5,28.5,-1.5284935365246266,27.3,9.600000000000001,78.42377471923828,12.0,,,0,12.0,10.700000000000001,0.0
0,0,0.0,26.5,28.5,-1.5284935365246266,27.3,9.600000000000001,78.92377471923828,12.0,,,0,12.0,10.700000000000001,0.0
0,0,0.0,26.5,28.5,-1.5284935365246266,27.3,9.600000000000001,79.42377471923828,12.0,,,0,12.0,10.700000000000001,0.0
0,0,0.0,26.5,28.5,-1.5284935365246266,27.3,9.600000000000001,79.92377471923828,12.0,,,0,12.0,10.700000000000001,0.0
0,0,0.0,26.5,28.5,-1.5284935365246266,27.3,9.600000000000001,80.42377471923828,12.0,,,0,12.0,10.700000000000001,0.0
0,0,0.0,26.5,28.5,-1.5284935365246266,27.3,9.600000000000001,80.92377471923828,12.0,,,0,12.0,10.700000000000001,0.0
0,0,0.0,26.5,28.5,-1.5284935365246266,27.3,9.600000000000001,81.42377471923828,12.0,,,0,12.0,10.700000000000001,0.0
0,0,0.0,26.5,28.5,-1.5284935365246266,27.3,9.600000000000001,81.92377471923828,0.0,,,0,12.0,10.700000000000001,0.0
0,0,0.0,26.5,28.5,-1.5284935365246266,27.3,9.600000000000001,82.42377471923828,12.0,,,0,12.0,10.700000000000001,0.0
0,0,0.0,26.5,28.5,-1.5284935365246266,27.3,9.600000000000001,82.92377471923828,12.0,,,0,12.0,10.700000000000001,0.0
0,0,0.0,26.5,28.5,-1.5284935365246266,27.3,9.600000000000001,83.42377471923828,12.0,,,0,12.0,10.700000000000001,0.0
0,0,0.0,26.5,28.5,-1.5284935365246266,27.3,9.600000000000001,83.92377471923828,12.0,,,0,12.0,10.700000000000001,0.0
0,0,0.0,26.5,28.5,-1.5284935365246266,27.3,9.600000000000001,84.42377471923828,12.0,,,0,12.0,10.700000000000001,0.0
0,0,0.0,26.5,28.5,-1.5284935365246266,27.3,9.600000000000001,84.92377471923828,4.9008002281188965,26.934328079223633,33.38945388793945,1,4.908706188201904,10.700000000000001,0.0
0,0,0.0,26.5,28.5,-1.5284935365246266,27.3,9.600000000000001,85.42377471923828,4.8971848487854,26.891353607177734,33.38945388793945,1,4.905090808868408,10.700000000000001,0.0
0,0,0.0,26.5,28.5,-1.5284935365246266,27.3,9.600000000000001,85.92377471923828,4.893947601318359,26.84844207763672,33.38945388793945,1,4.901853561401367,10.700000000000001,0.0
0,0,0.0,26.5,28.5,-1.5284935365246266,27.3,9.600000000000001,86.42377471923828,0.0,,,0,4.898993492126465,10.700000000000001,0.0
0,0,0.0,26.5,28.5,-1.5284935365246266,27.3,9.600000000000001,86.92377471923828,0.0,,,0,4.896509647369385,10.700000000000001,0.0
0,0,0.0,26.5,28.5,-1.5284935365246266,27.3,9.600000000000001,87.42377471923828,4.8864946365356445,26.719995498657227,33.38945388793945,1,4.894400596618652,10.700000000000001,0.0
0,0,0.0,26.5,28.5,-1.5284935365246266,27.3,9.600000000000001,87.92377471923828,4.884759902954102,26.677257537841797,33.38945388793945,1,4.892665863037109,10.700000000000001,0.0
0,0,0.0,26.5,28.5,-1.5284935365246266,27.3,9.600000000000001,88.42377471923828,4.883398532867432,26.634544372558594,33.38945388793945,1,4.8913044929504395,10.700000000000001,0.0
0,0,0.0,26.5,28.5,-1.5284935365246266,27.3,9.600000000000001,88.92377471923828,4.882410526275635,26.59185218811035,33.38945388793945,1,4.890316486358643,10.700000000000001,0.0
0,0,0.0,26.5,28.5,-1.5284935365246266,27.3,9.600000000000001,89.42377471923828,4.8817949295043945,26.549175262451172,33.38945388793945,1,4.889700889587402,10.700000000000001,0.0
0,0,0.0,26.5,28.5,-1.5284935365246266,27.3,9.600000000000001,89.92377471923828,4.881552219390869,26.506505966186523,33.38945388793945,1,4.889458179473877,10.700000000000001,0.0
0,0,0.0,26.5,28.5,-1.5284935365246266,27.3,9.600000000000001,90.42377471923828,4.881681442260742,26.463836669921875,33.38945388793945,1,4.88958740234375,10.700000000000001,0.0
0,0,0.0,26.5,28.5,-1.5284935365246266,27.3,9.600000000000001,90.92377471923828,4.88218355178833,26.421161651611328,33.38945388793945,1,4.890089511871338,10.700000000000001,0.0
0,0,0.0,26.5,28.5,-1.5284935365246266,27.3,9.600000000000001,91.42377471923828,4.883057594299316,26.378475189208984,33.38945388793945,1,4.890963554382324,10.700000000000001,0.0
0,0,0.0,26.5,28.5,-1.5284935365246266,27.3,9.600000000000001,91.92377471923828,4.884305000305176,26.335769653320312,33.38945388793945,1,4.892210960388184,10.700000000000001,0.0
0,1,0.0,27.3,9.600000000000001,3.1120446056878994,7.0,10.200000000000001,358.3070068359375,0.0,,,0,5.853694915771484,10.700000000000001,0.0
0,1,0.0,27.3,9.600000000000001,3.1120446056878994,7.0,10.200000000000001,358.8070068359375,5.853806018829346,33.15113830566406,9.478153228759766,1,5.852408409118652,10.700000000000001,0.0
0,1,0.0,27.3,9.600000000000001,3.1120446056878994,7.0,10.200000000000001,359.3070068359375,5.852965354919434,33.15113830566406,9.529228210449219,1,5.85156774520874,10.700000000000001,0.0
0,1,0.0,27.3,9.600000000000001,3.1120446056878994,7.0,10.200000000000001,359.8070068359375,0.0,,,0,5.851172924041748,10.700000000000001,0.0
0,1,0.0,27.3,9.600000000000001,3.1120446056878994,7.0,10.200000000000001,0.3070215582847595,5.852621555328369,33.15113830566406,9.631353378295898,1,5.851223945617676,10.700000000000001,0.0
0,1,0.0,27.3,9.600000000000001,3.1120446056878994,7.0,10.200000000000001,0.8070215582847595,5.853117942810059,33.15113830566406,9.682419776916504,1,5.851720333099365,10.700000000000001,0.0
0,1,0.0,27.3,9.600000000000001,3.1120446056878994,7.0,10.200000000000001,1.3070216178894043,5.854060173034668,33.15113830566406,9.733498573303223,1,5.852662563323975,10.700000000000001,0.0
0,1,0.0,27.3,9.600000000000001,3.1120446056878994,7.0,10.200000000000001,1.8070216178894043,5.8554487228393555,33.15113830566406,9.784597396850586,1,5.854051113128662,10.700000000000001,0.0
0,1,0.0,27.3,9.600000000000001,3.1120446056878994,7.0,10.200000000000001,2.3070216178894043,5.857284069061279,33.15113830566406,9.835723876953125,1,5.855886459350586,10.700000000000001,0.0
0,1,0.0,27.3,9.600000000000001,3.1120446056878994,7.0,10.200000000000001,2.8070216178894043,5.859566688537598,33.15113830566406,9.886887550354004,1,5.858169078826904,10.700000000000001,0.0
0,1,0.0,27.3,9.600000000000001,3.1120446056878994,7.0,10.200000000000001,3.3070216178894043,5.862297534942627,33.15113830566406,9.938094139099121,1,5.860899925231934,10.700000000000001,0.0
0,1,0.0,27.3,9.600000000000001,3.1120446056878994,7.0,10.200000000000001,3.8070216178894043,5.865477561950684,33.15113830566406,9.989352226257324,1,5.86407995223999,10.700000000000001,0.0
0,1,0.0,27.3,9.600000000000001,3.1120446056878994,7.0,10.200000000000001,4.307021617889404,5.869108200073242,33.15113830566406,10.040670394897461,1,5.867710590362549,10.700000000000001,0.0
0,1,0.0,27.3,9.600000000000001,3.1120446056878994,7.0,10.200000000000001,4.807021617889404,5.873190879821777,33.15113830566406,10.092056274414062,1,5.871793270111084,10.700000000000001,0.0
0,1,0.0,27.3,9.600000000000001,3.1120446056878994,7.0,10.200000000000001,5.307021617889404,5.877727031707764,33.15113830566406,10.14351749420166,1,5.87632942199707,10.700000000000001,0.0
0,1,0.0,27.3,9.600000000000001,3.1120446056878994,7.0,10.200000000000001,5.807021617889404,5.882718563079834,33.15113830566406,10.195061683654785,1,5.881320953369141,10.700000000000001,0.0
0,1,0.0,27.3,9.600000000000001,3.1120446056878994,7.0,10.200000000000001,6.307021617889404,5.888167381286621,33.15113830566406,10.246697425842285,1,5.886769771575928,10.700000000000001,0.0
0,1,0.0,27.3,9.600000000000001,3.1120446056878994,7.0,10.200000000000001,6.807021617889404,5.8940749168396,33.15113830566406,10.298433303833008,1,5.892677307128906,10.700000000000001,0.0
0,1,0.0,27.3,9.600000000000001,3.1120446056878994,7.0,10.200000000000001,7.307021617889404,5.900444507598877,33.15113830566406,10.350276947021484,1,5.899046897888184,10.700000000000001,0.0
0,1,0.0,27.3,9.600000000000001,3.1120446056878994,7.0,10.200000000000001,7.807021617889404,0.0,,,0,5.905880451202393,10.700000000000001,0.0
0,1,0.0,27.3,9.600000000000001,3.1120446056878994,7.0,10.200000000000001,8.307021141052246,5.914577960968018,33.15113830566406,10.454320907592773,1,5.913180351257324,10.700000000000001,0.0
0,1,0.0,27.3,9.600000000000001,3.1120446056878994,7.0,10.200000000000001,8.807021141052246,5.922347545623779,33.15113830566406,10.506538391113281,1,5.920949935913086,10.700000000000001,0.0
0,1,0.0,27.3,9.600000000000001,3.1120446056878994,7.0,10.200000000000001,9.307021141052246,5.9305901527404785,33.15113830566406,10.558897018432617,1,5.929192543029785,10.700000000000001,0.0
0,1,0.0,27.3,9.600000000000001,3.1120446056878994,7.0,10.200000000000001,9.807021141052246,0.0,,,0,5.937910556793213,10.700000000000001,0.0
0,1,0.0,27.3,9.600000000000001,3.1120446056878994,7.0,10.200000000000001,10.307021141052246,5.948505401611328,33.15113830566406,10.66407299041748,1,5.947107791900635,10.700000000000001,0.0
0,1,0.0,27.3,9.600000000000001,3.1120446056878994,7.0,10.200000000000001,10.807021141052246,5.95818567276001,33.15113830566406,10.716907501220703,1,5.956788063049316,10.700000000000001,0.0
0,1,0.0,27.3,9.600000000000001,3.1120446056878994,7.0,10.200000000000001,11.307021141052246,5.968352317810059,33.15113830566406,10.769918441772461,1,5.966954708099365,10.700000000000001,0.0
0,1,0.0,27.3,9.600000000000001,3.1120446056878994,7.0,10.200000000000001,11.807021141052246,5.979010105133057,33.15113830566406,10.823115348815918,1,5.977612495422363,10.700000000000001,0.0
0,1,0.0,27.3,9.600000000000001,3.1120446056878994,7.0,10.200000000000001,12.307021141052246,5.990162372589111,33.15113830566406,10.876505851745605,1,5.988764762878418,10.700000000000001,0.0
0,1,0.0,27.3,9.600000000000001,3.1120446056878994,7.0,10.200000000000001,12.807021141052246,6.001814842224121,33.15113830566406,10.930100440979004,1,6.000417232513428,10.700000000000001,0.0
0,1,0.0,27.3,9.600000000000001,3.1120446056878994,7.0,10.200000000000001,13.307021141052246,6.013970851898193,33.15113830566406,10.983907699584961,1,6.0125732421875,10.700000000000001,0.0
0,1,0.0,27.3,9.600000000000001,3.1120446056878994,7.0,10.200000000000001,13.807021141052246,6.026636600494385,33.15113830566406,11.037938117980957,1,6.025238990783691,10.700000000000001,0.0
0,1,0.0,27.3,9.600000000000001,3.1120446056878994,7.0,10.200000000000001,14.307021141052246,0.0,,,0,6.038418769836426,10.700000000000001,0.0
0,1,0.0,27.3,9.600000000000001,3.1120446056878994,7.0,10.200000000000001,14.807021141052246,6.053515911102295,33.15113830566406,11.14670467376709,1,6.052118301391602,10.700000000000001,0.0
0,1,0.0,27.3,9.600000000000001,3.1120446056878994,7.0,10.200000000000001,15.307021141052246,6.067740440368652,33.15113830566406,11.201461791992188,1,6.066342830657959,10.700000000000001,0.0
0,1,0.0,27.3,9.600000000000001,3.1120446056878994,7.0,10.200000000000001,15.807021141052246,6.082496643066406,33.15113830566406,11.25648021697998,1,6.081099033355713,10.700000000000001,0.0
0,1,0.0,27.3,9.600000000000001,3.1120446056878994,7.0,10.200000000000001,16.307022094726562,6.097789764404297,33.15113830566406,11.311771392822266,1,6.0963921546936035,10.700000000000001,0.0
0,1,0.0,27.3,9.600000000000001,3.1120446056878994,7.0,10.200000000000001,16.807022094726562,6.113626956939697,33.15113830566406,11.367345809936523,1,6.112229347229004,10.700000000000001,0.0
0,1,0.0,27.3,9.600000000000001,3.1120446056878994,7.0,10.200000000000001,17.307022094726562,6.130014896392822,33.15113830566406,11.423213958740234,1,6.128617286682129,10.700000000000001,0.0
0,1,0.0,27.3,9.600000000000001,3.1120446056878994,7.0,10.200000000000001,17.807022094726562,6.1469597816467285,33.15113830566406,11.479386329650879,1,6.145562171936035,10.700000000000001,0.0
0,1,0.0,27.3,9.600000000000001,3.1120446056878994,7.0,10.200000000000001,18.307022094726562,6.164469242095947,33.15113830566406,11.53587532043457,1,6.163071632385254,10.700000000000001,0.0
0,1,0.0,27.3,9.600000000000001,3.1120446056878994,7.0,10.200000000000001,18.807022094726562,6.18255090713501,33.15113830566406,11.592690467834473,1,6.181153297424316,10.700000000000001,0.0
0,1,0.0,27.3,9.600000000000001,3.1120446056878994,7.0,10.200000000000001,19.307022094726562,6.201212406158447,33.15113830566406,11.649845123291016,1,6.199814796447754,10.700000000000001,0.0
0,1,0.0,27.3,9.600000000000001,3.1120446056878994,7.0,10.200000000000001,19.807022094726562,0.0,,,0,6.219064235687256,10.700000000000001,0.0
0,1,0.0,27.3,9.600000000000001,3.1120446056878994,7.0,10.200000000000001,20.307022094726562,6.2403082847595215,33.15113830566406,11.765217781066895,1,6.238910675048828,10.700000000000001,0.0
0,1,0.0,27.3,9.600000000000001,3.1120446056878994,7.0,10.200000000000001,20.807022094726562,6.2607598304748535,33.15113830566406,11.823460578918457,1,6.25936222076416,10.700000000000001,0.0
0,1,0.0,27.3,9.600000000000001,3.1120446056878994,7.0,10.200000000000001,21.307022094726562,6.281825542449951,33.15113830566406,11.88209056854248,1,6.280427932739258,10.700000000000001,0.0
0,1,0.0,27.3,9.600000000000001,3.1120446056878994,7.0,10.200000000000001,21.807022094726562,6.3035149574279785,33.15113830566406,11.941121101379395,1,6.302117347717285,10.700000000000001,0.0
0,1,0.0,27.3,9.600000000000001,3.1120446056878994,7.0,10.200000000000001,22.307022094726562,6.325838565826416,33.15113830566406,12.000565528869629,1,6.324440956115723,10.700000000000001,0.0
0,1,0.0,27.3,9.600000000000001,3.1120446056878994,7.0,10.200000000000001,22.807022094726562,6.3488054275512695,33.15113830566406,12.060436248779297,1,6.347407817840576,10.700000000000001,0.0
0,1,0.0,27.3,9.600000000000001,3.1120446056878994,7.0,10.200000000000001,23.307022094726562,6.372426986694336,33.15113830566406,12.120749473571777,1,6.371029376983643,10.700000000000001,0.0
0,1,0.0,27.3,9.600000000000001,3.1120446056878994,7.0,10.200000000000001,23.807022094726562,6.396713733673096,33.15113830566406,12.181516647338867,1,6.395316123962402,10.700000000000001,0.0
0,1,0.0,27.3,9.600000000000001,3.1120446056878994,7.0,10.200000000000001,24.307022094726562,6.421677112579346,33.15113830566406,12.242753982543945,1,6.420279502868652,10.700000000000001,0.0
0,1,0.0,27.3,9.600000000000001,3.1120446056878994,7.0,10.200000000000001,24.807022094726562,6.447329044342041,33.15113830566406,12.304476737976074,1,6.445931434631348,10.700000000000001,0.0
0,1,0.0,27.3,9.600000000000001,3.1120446056878994,7.0,10.200000000000001,25.307022094726562,6.473681449890137,33.15113830566406,12.366698265075684,1,6.472283840179443,10.700000000000001,0.0
0,1,0.0,27.3,9.600000000000001,3.1120446056878994,7.0,10.200000000000001,25.807022094726562,6.500747203826904,33.15113830566406,12.429436683654785,1,6.499349594116211,10.700000000000001,0.0
0,1,0.0,27.3,9.600000000000001,3.1120446056878994,7.0,10.200000000000001,26.307022094726562,0.0,,,0,6.52714204788208,10.700000000000001,0.0
0,1,0.0,27.3,9.600000000000001,3.1120446056878994,7.0,10.200000000000001,26.807022094726562,6.557072162628174,33.15113830566406,12.556523323059082,1,6.5556745529174805,10.700000000000001,0.0
0,1,0.0,27.3,9.600000000000001,3.1120446056878994,7.0,10.200000000000001,27.307022094726562,6.586359024047852,33.15113830566406,12.620906829833984,1,6.584961414337158,10.700000000000001,0.0
0,1,0.0,27.3,9.600000000000001,3.1120446056878994,7.0,10.200000000000001,27.807022094726562,6.616414546966553,33.15113830566406,12.685873031616211,1,6.615016937255859,10.700000000000001,0.0
0,1,0.0,27.3,9.600000000000001,3.1120446056878994,7.0,10.200000000000001,28.307022094726562,6.64725399017334,33.15113830566406,12.751439094543457,1,6.6458563804626465,10.700000000000001,0.0
0,1,0.0,27.3,9.600000000000001,3.1120446056878994,7.0,10.200000000000001,28.807022094726562,0.0,,,0,6.677495956420898,10.700000000000001,0.0
0,1,0.0,27.3,9.600000000000001,3.1120446056878994,7.0,10.200000000000001,29.307022094726562,0.0,,,0,6.709951400756836,10.700000000000001,0.0
0,1,0.0,27.3,9.600000000000001,3.1120446056878994,7.0,10.200000000000001,29.807022094726562,0.0,,,0,6.743239879608154,10.700000000000001,0.0
0,1,0.0,27.3,9.600000000000001,3.1120446056878994,7.0,10.200000000000001,30.307022094726562,6.7787766456604,33.15113830566406,13.020092010498047,1,6.777379035949707,10.700000000000001,0.0
0,1,0.0,27.3,9.600000000000001,3.1120446056878994,7.0,10.200000000000001,30.807022094726562,6.813785076141357,33.15113830566406,13.088951110839844,1,6.812387466430664,10.700000000000001,0.0
0,1,0.0,27.3,9.600000000000001,3.1120446056878994,7.0,10.200000000000001,31.307022094726562,6.8496809005737305,33.15113830566406,13.158531188964844,1,6.848283290863037,10.700000000000001,0.0
0,1,0.0,27.3,9.600000000000001,3.1120446056878994,7.0,10.200000000000001,31.807022094726562,0.0,,,0,6.885086536407471,10.700000000000001,0.0
0,1,0.0,27.3,9.600000000000001,3.1120446056878994,7.0,10.200000000000001,32.30702209472656,6.924214839935303,33.15113830566406,13.299941062927246,1,6.922817230224609,10.700000000000001,0.0
0,1,0.0,27.3,9.600000000000001,3.1120446056878994,7.0,10.200000000000001,32.80702209472656,0.0,,,0,6.9614973068237305,10.700000000000001,0.0
0,1,0.0,27.3,9.600000000000001,3.1120446056878994,7.0,10.200000000000001,33.30702209472656,0.0,,,0,7.001148223876953,10.700000000000001,0.0
0,1,0.0,27.3,9.600000000000001,3.1120446056878994,7.0,10.200000000000001,33.80702209472656,7.043190002441406,33.15113830566406,13.518034934997559,1,7.041792392730713,10.700000000000001,0.0
0,1,0.0,27.3,9.600000000000001,3.1120446056878994,7.0,10.200000000000001,34.30702209472656,7.084851264953613,33.15113830566406,13.592428207397461,1,7.08345365524292,10.700000000000001,0.0
0,1,0.0,27.3,9.600000000000001,3.1120446056878994,7.0,10.200000000000001,34.80702209472656,7.127554893493652,33.15113830566406,13.66771125793457,1,7.126157283782959,10.700000000000001,0.0
0,1,0.0,27.3,9.600000000000001,3.1120446056878994,7.0,10.200000000000001,35.30702209472656,7.17132568359375,33.15113830566406,13.743914604187012,1,7.169928073883057,10.700000000000001,0.0
0,1,0.0,27.3,9.600000000000001,3.1120446056878994,7.0,10.200000000000001,35.80702209472656,7.216190338134766,33.15113830566406,13.821064949035645,1,7.214792728424072,10.700000000000001,0.0
0,1,0.0,27.3,9.600000000000001,3.1120446056878994,7.0,10.200000000000001,36.30702209472656,7.262176036834717,33.15113830566406,13.89919376373291,1,7.260778427124023,10.700000000000001,0.0
0,1,0.0,27.3,9.600000000000001,3.1120446056878994,7.0,10.200000000000001,36.80702209472656,7.309312343597412,33.15113830566406,13.978330612182617,1,7.307914733886719,10.700000000000001,0.0
0,1,0.0,27.3,9.600000000000001,3.1120446056878994,7.0,10.200000000000001,37.30702209472656,7.357627868652344,33.15113830566406,14.058506965637207,1,7.35623025894165,10.700000000000001,0.0
0,1,0.0,27.3,9.600000000000001,3.1120446056878994,7.0,10.200000000000001,37.80702209472656,7.4071550369262695,33.15113830566406,14.139758110046387,1,7.405757427215576,10.700000000000001,0.0
0,1,0.0,27.3,9.600000000000001,3.1120446056878994,7.0,10.200000000000001,38.30702209472656,0.0,,,0,7.456527233123779,10.700000000000001,0.0
0,1,0.0,27.3,9.600000000000001,3.1120446056878994,7.0,10.200000000000001,38.80702209472656,0.0,,,0,7.508573532104492,10.700000000000001,0.0
0,1,0.0,27.3,9.600000000000001,3.1120446056878994,7.0,10.200000000000001,39.30702209472656,7.563329696655273,33.15113830566406,14.390299797058105,1,7.56193208694458,10.700000000000001,0.0
0,1,0.0,27.3,9.600000000000001,3.1120446056878994,7.0,10.200000000000001,39.80702209472656,0.0,,,0,7.61663818359375,10.700000000000001,0.0
0,1,0.0,27.3,9.600000000000001,3.1120446056878994,7.0,10.200000000000001,40.30702209472656,7.674127578735352,33.15113830566406,14.563360214233398,1,7.672729969024658,10.700000000000001,0.0
0,1,0.0,27.3,9.600000000000001,3.1120446056878994,7.0,10.200000000000001,40.80702209472656,7.731645107269287,33.15113830566406,14.651820182800293,1,7.730247497558594,10.700000000000001,0.0
0,1,0.0,27.3,9.600000000000001,3.1120446056878994,7.0,10.200000000000001,41.30702209472656,7.790628910064697,33.15113830566406,14.741622924804688,1,7.789231300354004,10.700000000000001,0.0
0,1,0.0,27.3,9.600000000000001,3.1120446056878994,7.0,10.200000000000001,41.80702209472656,7.85112190246582,33.15113830566406,14.832813262939453,1,7.849724292755127,10.700000000000001,0.0
0,1,0.0,27.3,9.600000000000001,3.1120446056878994,7.0,10.200000000000001,42.30702209472656,7.9131693840026855,33.15113830566406,14.92543888092041,1,7.911771774291992,10.700000000000001,0.0
0,1,0.0,27.3,9.600000000000001,3.1120446056878994,7.0,10.200000000000001,42.80702209472656,7.976818084716797,33.15113830566406,15.019547462463379,1,7.9754204750061035,10.700000000000001,0.0
0,1,0.0,27.3,9.600000000000001,3.1120446056878994,7.0,10.200000000000001,43.30702209472656,8.042116165161133,33.15113830566406,15.115189552307129,1,8.040718078613281,10.700000000000001,0.0
0,1,0.0,27.3,9.600000000000001,3.1120446056878994,7.0,10.200000000000001,43.80702209472656,8.109114646911621,33.15113830566406,15.212418556213379,1,8.10771656036377,10.700000000000001,0.0
0,1,0.0,27.3,9.600000000000001,3.1120446056878994,7.0,10.200000000000001,44.30702209472656,8.177867889404297,33.15113830566406,15.311288833618164,1,8.176469802856445,10.700000000000001,0.0
0,1,0.0,27.3,9.600000000000001,3.1120446056878994,7.0,10.200000000000001,44.80702209472656,8.248429298400879,33.15113830566406,15.411857604980469,1,8.247031211853027,10.700000000000001,0.0
0,1,0.0,27.3,9.600000000000001,3.1120446056878994,7.0,10.200000000000001,45.30702209472656,8.3208589553833,33.15113830566406,15.514185905456543,1,8.31946086883545,10.700000000000001,0.0
0,1,0.0,27.3,9.600000000000001,3.1120446056878994,7.0,10.200000000000001,45.80702209472656,8.395216941833496,33.15113830566406,15.618334770202637,1,8.393818855285645,10.700000000000001,0.0
0,1,0.0,27.3,9.600000000000001,3.1120446056878994,7.0,10.200000000000001,46.30702209472656,8.471566200256348,33.15113830566406,15.724370956420898,1,8.470168113708496,10.700000000000001,0.0
0,1,0.0,27.3,9.600000000000001,3.1120446056878994,7.0,10.200000000000001,46.80702209472656,8.549975395202637,33.15113830566406,15.832361221313477,1,8.548577308654785,10.700000000000001,0.0
0,1,0.0,27.3,9.600000000000001,3.1120446056878994,7.0,10.200000000000001,47.30702209472656,8.630512237548828,33.15113830566406,15.942378997802734,1,8.629114151000977,10.700000000000001,0.0
0,1,0.0,27.3,9.600000000000001,3.1120446056878994,7.0,10.200000000000001,47.80702209472656,8.713251113891602,33.15113830566406,16.05449676513672,1,8.71185302734375,10.700000000000001,0.0
0,1,0.0,27.3,9.600000000000001,3.1120446056878994,7.0,10.200000000000001,48.30702209472656,8.79826831817627,33.15113830566406,16.16879653930664,1,8.796870231628418,10.700000000000001,0.0
0,1,0.0,27.3,9.600000000000001,3.1120446056878994,7.0,10.200000000000001,48.80702209472656,8.88564395904541,33.15113830566406,16.285356521606445,1,8.884245872497559,10.700000000000001,0.0
0,1,0.0,27.3,9.600000000000001,3.1120446056878994,7.0,10.200000000000001,49.30702209472656,8.9754638671875,33.15113830566406,16.404264450073242,1,8.974065780639648,10.700000000000001,0.0
0,1,0.0,27.3,9.600000000000001,3.1120446056878994,7.0,10.200000000000001,49.80702209472656,9.067814826965332,33.15113830566406,16.525609970092773,1,9.06641674041748,10.700000000000001,0.0
0,1,0.0,27.3,9.600000000000001,3.1120446056878994,7.0,10.200000000000001,50.30702209472656,9.162792205810547,33.15113830566406,16.649490356445312,1,9.161394119262695,10.700000000000001,0.0
0,1,0.0,27.3,9.600000000000001,3.1120446056878994,7.0,10.200000000000001,50.80702209472656,9.260493278503418,33.15113830566406,16.7760009765625,1,9.259095191955566,10.700000000000001,0.0
0,1,0.0,27.3,9.600000000000001,3.1120446056878994,7.0,10.200000000000001,51.30702209472656,0.0,,,0,9.35962200164795,10.700000000000001,0.0
0,1,0.0,27.3,9.600000000000001,3.1120446056878994,7.0,10.200000000000001,51.80702209472656,9.464483261108398,33.15113830566406,17.0373477935791,1,9.463085174560547,10.700000000000001,0.0
0,1,0.0,27.3,9.600000000000001,3.1120446056878994,7.0,10.200000000000001,52.30702209472656,9.570996284484863,33.15113830566406,17.172409057617188,1,9.569598197937012,10.700000000000001,0.0
0,1,0.0,27.3,9.600000000000001,3.1120446056878994,7.0,10.200000000000001,52.80702209472656,9.680679321289062,33.15113830566406,17.31055450439453,1,9.679281234741211,10.700000000000001,0.0
0,1,0.0,27.3,9.600000000000001,3.1120446056878994,7.0,10.200000000000001,53.30702209472656,0.0,,,0,9.792262077331543,10.700000000000001,0.0
0,1,0.0,27.3,9.600000000000001,3.1120446056878994,7.0,10.200000000000001,53.80702209472656,9.910073280334473,33.15113830566406,17.59662437438965,1,9.908675193786621,10.700000000000001,0.0
0,1,0.0,27.3,9.600000000000001,3.1120446056878994,7.0,10.200000000000001,54.30702209472656,0.0,,,0,10.02866268157959,10.700000000000001,0.0
0,1,0.0,27.3,9.600000000000001,3.1120446056878994,7.0,10.200000000000001,54.80702209472656,10.153772354125977,33.15113830566406,17.896678924560547,1,10.152374267578125,10.700000000000001,0.0
0,1,0.0,27.3,9.600000000000001,3.1120446056878994,7.0,10.200000000000001,55.30702209472656,10.281367301940918,33.15113830566406,18.052331924438477,1,10.279969215393066,10.700000000000001,0.0
0,1,0.0,27.3,9.600000000000001,3.1120446056878994,7.0,10.200000000000001,55.80702209472656,10.413012504577637,33.15113830566406,18.21196174621582,1,10.411614418029785,10.700000000000001,0.0
0,1,0.0,27.3,9.600000000000001,3.1120446056878994,7.0,10.200000000000001,56.30702209472656,10.548887252807617,33.15113830566406,18.375743865966797,1,10.547489166259766,10.700000000000001,0.0
0,1,0.0,27.3,9.600000000000001,3.1120446056878994,7.0,10.200000000000001,56.80702209472656,10.689179420471191,33.15113830566406,18.54387092590332,1,10.68778133392334,10.700000000000001,0.0
0,1,0.0,27.3,9.600000000000001,3.1120446056878994,7.0,10.200000000000001,57.30702209472656,10.834090232849121,33.15113830566406,18.71654510498047,1,10.83269214630127,10.700000000000001,0.0
0,1,0.0,27.3,9.600000000000001,3.1120446056878994,7.0,10.200000000000001,57.80702209472656,10.983832359313965,33.15113830566406,18.893978118896484,1,10.982434272766113,10.700000000000001,0.0
0,1,0.0,27.3,9.600000000000001,3.1120446056878994,7.0,10.200000000000001,58.30702209472656,11.138632774353027,33.15113830566406,19.076400756835938,1,11.137234687805176,10.700000000000001,0.0
0,1,0.0,27.3,9.600000000000001,3.1120446056878994,7.0,10.200000000000001,58.80702209472656,11.223854064941406,33.11235809326172,19.200000762939453,1,11.222455978393555,10.700000000000001,0.0
0,1,0.0,27.3,9.600000000000001,3.1120446056878994,7.0,10.200000000000001,59.30702209472656,0.0,,,0,11.163896560668945,10.700000000000001,0.0
0,1,0.0,27.3,9.600000000000001,3.1120446056878994,7.0,10.200000000000001,59.80702209472656,11.108183860778809,32.88575744628906,19.200000762939453,1,11.106785774230957,10.700000000000001,0.0
0,1,0.0,27.3,9.600000000000001,3.1120446056878994,7.0,10.200000000000001,60.30702209472656,11.05249309539795,32.77418518066406,19.200000762939453,1,11.051095008850098,10.700000000000001,0.0
0,1,0.0,27.3,9.600000000000001,3.1120446056878994,7.0,10.200000000000001,60.80702209472656,0.0,,,0,10.99679183959961,10.700000000000001,0.0
0,1,0.0,27.3,9.600000000000001,3.1120446056878994,7.0,10.200000000000001,61.30702209472656,10.945247650146484,32.554317474365234,19.200000762939453,1,10.943849563598633,10.700000000000001,0.0
0,1,0.0,27.3,9.600000000000001,3.1120446056878994,7.0,10.200000000000001,61.80702209472656,10.893638610839844,32.445960998535156,19.200000762939453,1,10.892240524291992,10.700000000000001,0.0
0,1,0.0,27.3,9.600000000000001,3.1120446056878994,7.0,10.200000000000001,62.30702209472656,10.84333610534668,32.3386116027832,19.200000762939453,1,10.841938018798828,10.700000000000001,0.0
0,1,0.0,27.3,9.600000000000001,3.1120446056878994,7.0,10.200000000000001,62.80702209472656,0.0,,,0,10.792915344238281,10.700000000000001,0.0
0,1,0.0,27.3,9.600000000000001,3.1120446056878994,7.0,10.200000000000001,63.30702209472656,0.0,,,0,10.745148658752441,10.700000000000001,0.0
0,1,0.0,27.3,9.600000000000001,3.1120446056878994,7.0,10.200000000000001,63.80702209472656,10.70001220703125,32.02232360839844,19.200000762939453,1,10.698614120483398,10.700000000000001,0.0
0,1,0.0,27.3,9.600000000000001,3.1120446056878994,7.0,10.200000000000001,64.30702209472656,10.65468692779541,31.918718338012695,19.200000762939453,1,10.653288841247559,10.700000000000001,0.0
0,1,0.0,27.3,9.600000000000001,3.1120446056878994,7.0,10.200000000000001,64.80702209472656,10.610548973083496,31.815980911254883,19.200000762939453,1,10.609150886535645,10.700000000000001,0.0
0,1,0.0,27.3,9.600000000000001,3.1120446056878994,7.0,10.200000000000001,65.30702209472656,10.56757640838623,31.714080810546875,19.200000762939453,1,10.566178321838379,10.700000000000001,0.0
0,1,0.0,27.3,9.600000000000001,3.1120446056878994,7.0,10.200000000000001,65.80702209472656,10.525748252868652,31.61299705505371,19.200000762939453,1,10.5243501663208,10.700000000000001,0.0
0,1,0.0,27.3,9.600000000000001,3.1120446056878994,7.0,10.200000000000001,66.30702209472656,0.0,,,0,10.483647346496582,10.700000000000001,0.0
0,1,0.0,27.3,9.600000000000001,3.1120446056878994,7.0,10.200000000000001,66.80702209472656,0.0,,,0,10.444050788879395,10.700000000000001,0.0
0,1,0.0,27.3,9.600000000000001,3.1120446056878994,7.0,10.200000000000001,67.30702209472656,10.406939506530762,31.31438446044922,19.200000762939453,1,10.40554141998291,10.700000000000001,0.0
0,1,0.0,27.3,9.600000000000001,3.1120446056878994,7.0,10.200000000000001,67.80702209472656,10.369499206542969,31.2163143157959,19.200000762939453,1,10.368101119995117,10.700000000000001,0.0
0,1,0.0,27.3,9.600000000000001,3.1120446056878994,7.0,10.200000000000001,68.30702209472656,10.333111763000488,31.118940353393555,19.200000762939453,1,10.331713676452637,10.700000000000001,0.0
0,1,0.0,27.3,9.600000000000001,3.1120446056878994,7.0,10.200000000000001,68.80702209472656,10.297760963439941,31.022241592407227,19.200000762939453,1,10.29636287689209,10.700000000000001,0.0
0,1,0.0,27.3,9.600000000000001,3.1120446056878994,7.0,10.200000000000001,69.30702209472656,10.263428688049316,30.926193237304688,19.200000762939453,1,10.262030601501465,10.700000000000001,0.0
0,1,0.0,27.3,9.600000000000001,3.1120446056878994,7.0,10.200000000000001,69.80702209472656,10.230101585388184,30.83077621459961,19.200000762939453,1,10.228703498840332,10.700000000000001,0.0
0,1,0.0,27.3,9.600000000000001,3.1120446056878994,7.0,10.200000000000001,70.30702209472656,10.19776439666748,30.73596954345703,19.200000762939453,1,10.196366310119629,10.700000000000001,0.0
0,1,0.0,27.3,9.600000000000001,3.1120446056878994,7.0,10.200000000000001,70.80702209472656,10.166402816772461,30.641754150390625,19.200000762939453,1,10.16500473022461,10.700000000000001,0.0
0,1,0.0,27.3,9.600000000000001,3.1120446056878994,7.0,10.200000000000001,71.30702209472656,10.136002540588379,30.54810905456543,19.200000762939453,1,10.134604454040527,10.700000000000001,0.0
0,1,0.0,27.3,9.600000000000001,3.1120446056878994,7.0,10.200000000000001,71.80702209472656,10.106551170349121,30.455015182495117,19.200000762939453,1,10.10515308380127,10.700000000000001,0.0
0,1,0.0,27.3,9.600000000000001,3.1120446056878994,7.0,10.200000000000001,72.30702209472656,10.078035354614258,30.362455368041992,19.200000762939453,1,10.076637268066406,10.700000000000001,0.0
0,1,0.0,27.3,9.600000000000001,3.1120446056878994,7.0,10.200000000000001,72.80702209472656,0.0,,,0,10.04904556274414,10.700000000000001,0.0
0,1,0.0,27.3,9.600000000000001,3.1120446056878994,7.0,10.200000000000001,73.30702209472656,10.023763656616211,30.178855895996094,19.200000762939453,1,10.02236557006836,10.700000000000001,0.0
0,1,0.0,27.3,9.600000000000001,3.1120446056878994,7.0,10.200000000000001,73.80702209472656,0.0,,,0,9.996585845947266,10.700000000000001,0.0
0,1,0.0,27.3,9.600000000000001,3.1120446056878994,7.0,10.200000000000001,74.30702209472656,9.97309398651123,29.997169494628906,19.200000762939453,1,9.971695899963379,10.700000000000001,0.0
0,1,0.0,27.3,9.600000000000001,3.1120446056878994,7.0,10.200000000000001,74.80702209472656,9.94908332824707,29.906999588012695,19.200000762939453,1,9.947685241699219,10.700000000000001,0.0
0,1,0.0,27.3,9.600000000000001,3.1120446056878994,7.0,10.200000000000001,75.30702209472656,0.0,,,0,9.924544334411621,10.700000000000001,0.0
0,1,0.0,27.3,9.600000000000001,3.1120446056878994,7.0,10.200000000000001,75.80702209472656,9.903660774230957,29.727922439575195,19.200000762939453,1,9.902262687683105,10.700000000000001,0.0
0,1,0.0,27.3,9.600000000000001,3.1120446056878994,7.0,10.200000000000001,76.30702209472656,0.0,,,0,9.880831718444824,10.700000000000001,0.0
0,1,0.0,27.3,9.600000000000001,3.1120446056878994,7.0,10.200000000000001,76.80702209472656,9.861640930175781,29.550418853759766,19.200000762939453,1,9.86024284362793,10.700000000000001,0.0
0,1,0.0,27.3,9.600000000000001,3.1120446056878994,7.0,10.200000000000001,77.30702209472656,9.84188461303711,29.462217330932617,19.200000762939453,1,9.840486526489258,10.700000000000001,0.0
0,1,0.0,27.3,9.600000000000001,3.1120446056878994,7.0,10.200000000000001,77.80702209472656,9.822955131530762,29.37436294555664,19.200000762939453,1,9.82155704498291,10.700000000000001,0.0
0,1,0.0,27.3,9.600000000000001,3.1120446056878994,7.0,10.200000000000001,78.30702209472656,9.804842948913574,29.286836624145508,19.200000762939453,1,9.803444862365723,10.700000000000001,0.0
0,1,0.0,27.3,9.600000000000001,3.1120446056878994,7.0,10.200000000000001,78.80702209472656,9.787540435791016,29.199628829956055,19.200000762939453,1,9.786142349243164,10.700000000000001,0.0
0,1,0.0,27.3,9.600000000000001,3.1120446056878994,7.0,10.200000000000001,79.30702209472656,9.771042823791504,29.112720489501953,19.200000762939453,1,9.769644737243652,10.700000000000001,0.0
0,1,0.0,27.3,9.600000000000001,3.1120446056878994,7.0,10.200000000000001,79.80702209472656,0.0,,,0,9.75394344329834,10.700000000000001,0.0
0,1,0.0,27.3,9.600000000000001,3.1120446056878994,7.0,10.200000000000001,80.30702209472656,9.740431785583496,28.939746856689453,19.200000762939453,1,9.739033699035645,10.700000000000001,0.0
0,1,0.0,27.3,9.600000000000001,3.1120446056878994,7.0,10.200000000000001,80.80702209472656,0.0,,,0,9.724907875061035,10.700000000000001,0.0
0,1,0.0,27.3,9.600000000000001,3.1120446056878994,7.0,10.200000000000001,81.30702209472656,9.712960243225098,28.767803192138672,19.200000762939453,1,9.711562156677246,10.700000000000001,0.0
0,1,0.0,27.3,9.600000000000001,3.1120446056878994,7.0,10.200000000000001,81.80702209472656,0.0,,,0,9.698990821838379,10.700000000000001,0.0
0,1,0.0,27.3,9.600000000000001,3.1120446056878994,7.0,10.200000000000001,82.30702209472656,9.688586235046387,28.596773147583008,19.200000762939453,1,9.687188148498535,10.700000000000001,0.0
0,1,0.0,27.3,9.600000000000001,3.1120446056878994,7.0,10.200000000000001,82.80702209472656,9.6775484085083,28.511566162109375,19.200000762939453,1,9.67615032196045,10.700000000000001,0.0
0,1,0.0,27.3,9.600000000000001,3.1120446056878994,7.0,10.200000000000001,83.30702209472656,0.0,,,0,9.665873527526855,10.700000000000001,0.0
0,1,0.0,27.3,9.600000000000001,3.1120446056878994,7.0,10.200000000000001,83.80702209472656,9.657751083374023,28.341703414916992,19.200000762939453,1,9.656352996826172,10.700000000000001,0.0
0,1,0.0,27.3,9.600000000000001,3.1120446056878994,7.0,10.200000000000001,84.30702209472656,9.648983001708984,28.25701904296875,19.200000762939453,1,9.647584915161133,10.700000000000001,0.0
0,1,0.0,27.3,9.600000000000001,3.1120446056878994,7.0,10.200000000000001,84.80702209472656,9.640963554382324,28.172481536865234,19.200000762939453,1,9.639565467834473,10.700000000000001,0.0
0,1,0.0,27.3,9.600000000000001,3.1120446056878994,7.0,10.200000000000001,85.30702209472656,9.63369083404541,28.08807945251465,19.200000762939453,1,9.632292747497559,10.700000000000001,0.0
0,1,0.0,27.3,9.600000000000001,3.1120446056878994,7.0,10.200000000000001,85.80702209472656,9.627161979675293,28.00379753112793,19.200000762939453,1,9.625763893127441,10.700000000000001,0.0
0,1,0.0,27.3,9.600000000000001,3.1120446056878994,7.0,10.200000000000001,86.30702209472656,9.621374130249023,27.91962242126465,19.200000762939453,1,9.619976043701172,10.700000000000001,0.0
0,1,0.0,27.3,9.600000000000001,3.1120446056878994,7.0,10.200000000000001,86.80702209472656,9.616324424743652,27.835542678833008,19.200000762939453,1,9.6149263381958,10.700000000000001,0.0
0,1,0.0,27.3,9.600000000000001,3.1120446056878994,7.0,10.200000000000001,87.30702209472656,9.612011909484863,27.751544952392578,19.200000762939453,1,9.610613822937012,10.700000000000001,0.0
0,1,0.0,27.3,9.600000000000001,3.1120446056878994,7.0,10.200000000000001,87.80702209472656,9.608433723449707,27.66761589050293,19.200000762939453,1,9.607035636901855,10.700000000000001,0.0
0,1,0.0,27.3,9.600000000000001,3.1120446056878994,7.0,10.200000000000001,88.30702209472656,9.6055908203125,27.583744049072266,19.200000762939453,1,9.604192733764648,10.700000000000001,0.0
0,1,0.0,27.3,9.600000000000001,3.1120446056878994,7.0,10.200000000000001,88.80702209472656,9.603479385375977,27.499914169311523,19.200000762939453,1,9.602081298828125,10.700000000000001,0.0
0,1,0.0,27.3,9.600000000000001,3.1120446056878994,7.0,10.200000000000001,89.30702209472656,0.0,,,0,9.600702285766602,10.700000000000001,0.0
0,1,0.0,27.3,9.600000000000001,3.1120446056878994,7.0,10.200000000000001,89.80702209472656,9.601452827453613,27.332334518432617,19.200000762939453,1,9.600054740905762,10.700000000000001,0.0
0,1,0.0,27.3,9.600000000000001,3.1120446056878994,7.0,10.200000000000001,90.30702209472656,9.60153579711914,27.248558044433594,19.200000762939453,1,9.600137710571289,10.700000000000001,0.0
0,1,0.0,27.3,9.600000000000001,3.1120446056878994,7.0,10.200000000000001,90.80702209472656,9.602350234985352,27.16477394104004,19.200000762939453,1,9.6009521484375,10.700000000000001,0.0
0,1,0.0,27.3,9.600000000000001,3.1120446056878994,7.0,10.200000000000001,91.30702209472656,0.0,,,0,9.602498054504395,10.700000000000001,0.0
0,1,0.0,27.3,9.600000000000001,3.1120446056878994,7.0,10.200000000000001,91.80702209472656,0.0,,,0,9.604776382446289,10.700000000000001,0.0
0,1,0.0,27.3,9.600000000000001,3.1120446056878994,7.0,10.200000000000001,92.30702209472656,9.609185218811035,26.913246154785156,19.200000762939453,1,9.607787132263184,10.700000000000001,0.0
0,1,0.0,27.3,9.600000000000001,3.1120446056878994,7.0,10.200000000000001,92.80702209472656,0.0,,,0,9.611532211303711,10.700000000000001,0.0
0,1,0.0,27.3,9.600000000000001,3.1120446056878994,7.0,10.200000000000001,93.30702209472656,9.617410659790039,26.74528694152832,19.200000762939453,1,9.616012573242188,10.700000000000001,0.0
0,1,0.0,27.3,9.600000000000001,3.1120446056878994,7.0,10.200000000000001,93.80702209472656,9.622629165649414,26.66118621826172,19.200000762939453,1,9.621231079101562,10.700000000000001,0.0
0,1,0.0,27.3,9.600000000000001,3.1120446056878994,7.0,10.200000000000001,94.30702209472656,0.0,,,0,9.627187728881836,10.700000000000001,0.0
0,1,0.0,27.3,9.600000000000001,3.1120446056878994,7.0,10.200000000000001,94.80702209472656,9.635284423828125,26.4926815032959,19.200000762939453,1,9.633886337280273,10.700000000000001,0.0
0,1,0.0,27.3,9.600000000000001,3.1120446056878994,7.0,10.200000000000001,95.30702209472656,9.64272689819336,26.408248901367188,19.200000762939453,1,9.641328811645508,10.700000000000001,0.0
0,1,0.0,27.3,9.600000000000001,3.1120446056878994,7.0,10.200000000000001,95.80702209472656,9.65091609954834,26.323678970336914,19.200000762939453,1,9.649518013000488,10.700000000000001,0.0
0,1,0.0,27.3,9.600000000000001,3.1120446056878994,7.0,10.200000000000001,96.30702209472656,9.659855842590332,26.23895835876465,19.200000762939453,1,9.65845775604248,10.700000000000001,0.0
0,1,0.0,27.3,9.600000000000001,3.1120446056878994,7.0,10.200000000000001,96.80702209472656,9.669548988342285,26.154075622558594,19.200000762939453,1,9.668150901794434,10.700000000000001,0.0
0,1,0.0,27.3,9.600000000000001,3.1120446056878994,7.0,10.200000000000001,97.30702209472656,9.679999351501465,26.069015502929688,19.200000762939453,1,9.678601264953613,10.700000000000001,0.0
0,1,0.0,27.3,9.600000000000001,3.1120446056878994,7.0,10.200000000000001,97.80702209472656,0.0,,,0,9.689812660217285,10.700000000000001,0.0
0,1,0.0,27.3,9.600000000000001,3.1120446056878994,7.0,10.200000000000001,98.30702209472656,9.703187942504883,25.8983097076416,19.200000762939453,1,9.701789855957031,10.700000000000001,0.0
0,1,0.0,27.3,9.600000000000001,3.1120446056878994,7.0,10.200000000000001,98.80702209472656,9.715935707092285,25.812637329101562,19.200000762939453,1,9.714537620544434,10.700000000000001,0.0
0,1,0.0,27.3,9.600000000000001,3.1120446056878994,7.0,10.200000000000001,99.30702209472656,9.729458808898926,25.72673225402832,19.200000762939453,1,9.728060722351074,10.700000000000001,0.0
0,1,0.0,27.3,9.600000000000001,3.1120446056878994,7.0,10.200000000000001,99.80702209472656,9.743762969970703,25.640581130981445,19.200000762939453,1,9.742364883422852,10.700000000000001,0.0
0,1,0.0,27.3,9.600000000000001,3.1120446056878994,7.0,10.200000000000001,100.30702209472656,0.0,,,0,9.757454872131348,10.700000000000001,0.0
0,1,0.0,27.3,9.600000000000001,3.1120446056878994,7.0,10.200000000000001,100.80702209472656,9.774735450744629,25.467483520507812,19.200000762939453,1,9.773337364196777,10.700000000000001,0.0
0,1,0.0,27.3,9.600000000000001,3.1120446056878994,7.0,10.200000000000001,101.30702209472656,9.79141616821289,25.38050651550293,19.200000762939453,1,9.790018081665039,10.700000000000001,0.0
0,1,0.0,27.3,9.600000000000001,3.1120446056878994,7.0,10.200000000000001,101.80702209472656,9.8089017868042,25.293228149414062,19.200000762939453,1,9.807503700256348,10.700000000000001,0.0
0,1,0.0,27.3,9.600000000000001,3.1120446056878994,7.0,10.200000000000001,102.30702209472656,9.827199935913086,25.205629348754883,19.200000762939453,1,9.825801849365234,10.700000000000001,0.0
0,1,0.0,27.3,9.600000000000001,3.1120446056878994,7.0,10.200000000000001,102.80702209472656,9.846318244934082,25.11769676208496,19.200000762939453,1,9.84492015838623,10.700000000000001,0.0
0,1,0.0,27.3,9.600000000000001,3.1120446056878994,7.0,10.200000000000001,103.30702209472656,9.866263389587402,25.0294132232666,19.200000762939453,1,9.86486530303955,10.700000000000001,0.0
0,1,0.0,27.3,9.600000000000001,3.1120446056878994,7.0,10.200000000000001,103.80702209472656,9.887042999267578,24.940767288208008,19.200000762939453,1,9.885644912719727,10.700000000000001,0.0
0,1,0.0,27.3,9.600000000000001,3.1120446056878994,7.0,10.200000000000001,104.30702209472656,9.90866756439209,24.85173797607422,19.200000762939453,1,9.907269477844238,10.700000000000001,0.0
0,1,0.0,27.3,9.600000000000001,3.1120446056878994,7.0,10.200000000000001,104.80702209472656,9.931144714355469,24.762311935424805,19.200000762939453,1,9.929746627807617,10.700000000000001,0.0
0,1,0.0,27.3,9.600000000000001,3.1120446056878994,7.0,10.200000000000001,105.30702209472656,9.954483032226562,24.67247200012207,19.200000762939453,1,9.953084945678711,10.700000000000001,0.0
0,1,0.0,27.3,9.600000000000001,3.1120446056878994,7.0,10.200000000000001,105.80702209472656,9.913358688354492,24.600000381469727,19.137136459350586,1,9.91196060180664,10.700000000000001,0.0
0,1,0.0,27.3,9.600000000000001,3.1120446056878994,7.0,10.200000000000001,106.30702209472656,9.617319107055664,24.600000381469727,18.82908058166504,1,9.615921020507812,10.700000000000001,0.0
0,1,0.0,27.3,9.600000000000001,3.1120446056878994,7.0,10.200000000000001,106.80702209472656,9.339140892028809,24.600000381469727,18.53887176513672,1,9.337742805480957,10.700000000000001,0.0
0,1,0.0,27.3,9.600000000000001,3.1120446056878994,7.0,10.200000000000001,107.30702209472656,0.0,,,0,9.075878143310547,10.700000000000001,0.0
0,1,0.0,27.3,9.600000000000001,3.1120446056878994,7.0,10.200000000000001,107.80702209472656,8.830351829528809,24.600000381469727,18.0059757232666,1,8.828953742980957,10.700000000000001,0.0
0,1,0.0,27.3,9.600000000000001,3.1120446056878994,7.0,10.200000000000001,108.30702209472656,8.597146034240723,24.600000381469727,17.760690689086914,1,8.595747947692871,10.700000000000001,0.0
0,1,0.0,27.3,9.600000000000001,3.1120446056878994,7.0,10.200000000000001,108.80702209472656,8.37656307220459,24.600000381469727,17.528013229370117,1,8.375164985656738,10.700000000000001,0.0
0,1,0.0,27.3,9.600000000000001,3.1120446056878994,7.0,10.200000000000001,109.30702209472656,8.167624473571777,24.600000381469727,17.306961059570312,1,8.166226387023926,10.700000000000001,0.0
0,1,0.0,27.3,9.600000000000001,3.1120446056878994,7.0,10.200000000000001,109.80702209472656,7.969449520111084,24.600000381469727,17.096654891967773,1,7.968051910400391,10.700000000000001,0.0
0,1,0.0,27.3,9.600000000000001,3.1120446056878994,7.0,10.200000000000001,110.30702209472656,7.781243324279785,24.600000381469727,16.89630126953125,1,7.779845714569092,10.700000000000001,0.0
0,1,0.0,27.3,9.600000000000001,3.1120446056878994,7.0,10.200000000000001,110.80702209472656,7.602288246154785,24.600000381469727,16.705177307128906,1,7.600890636444092,10.700000000000001,0.0
0,1,0.0,27.3,9.600000000000001,3.1120446056878994,7.0,10.200000000000001,111.30702209472656,7.431934356689453,24.600000381469727,16.522634506225586,1,7.43053674697876,10.700000000000001,0.0
0,1,0.0,27.3,9.600000000000001,3.1120446056878994,7.0,10.200000000000001,111.80702209472656,7.269590377807617,24.600000381469727,16.34808349609375,1,7.268192768096924,10.700000000000001,0.0
0,1,0.0,27.3,9.600000000000001,3.1120446056878994,7.0,10.200000000000001,112.30702209472656,7.114718437194824,24.600000381469727,16.18098258972168,1,7.113320827484131,10.700000000000001,0.0
0,1,0.0,27.3,9.600000000000001,3.1120446056878994,7.0,10.200000000000001,112.80702209472656,6.9668288230896,24.600000381469727,16.020843505859375,1,6.965431213378906,10.700000000000001,0.0
0,1,0.0,27.3,9.600000000000001,3.1120446056878994,7.0,10.200000000000001,113.30702209472656,6.825471878051758,24.600000381469727,15.867215156555176,1,6.8240742683410645,10.700000000000001,0.0
0,1,0.0,27.3,9.600000000000001,3.1120446056878994,7.0,10.200000000000001,113.80702209472656,6.690237998962402,24.600000381469727,15.719688415527344,1,6.688840389251709,10.700000000000001,0.0
0,1,0.0,27.3,9.600000000000001,3.1120446056878994,7.0,10.200000000000001,114.30702209472656,6.560749053955078,24.600000381469727,15.57788372039795,1,6.559351444244385,10.700000000000001,0.0
0,1,0.0,27.3,9.600000000000001,3.1120446056878994,7.0,10.200000000000001,114.80702209472656,6.436659812927246,24.600000381469727,15.441454887390137,1,6.435262203216553,10.700000000000001,0.0
0,1,0.0,27.3,9.600000000000001,3.1120446056878994,7.0,10.200000000000001,115.30702209472656,6.317650318145752,24.600000381469727,15.31008243560791,1,6.316252708435059,10.700000000000001,0.0
0,1,0.0,27.3,9.600000000000001,3.1120446056878994,7.0,10.200000000000001,115.80702209472656,6.203426361083984,24.600000381469727,15.1834716796875,1,6.202028751373291,10.700000000000001,0.0
0,1,0.0,27.3,9.600000000000001,3.1120446056878994,7.0,10.200000000000001,116.30702209472656,6.093715667724609,24.600000381469727,15.061349868774414,1,6.092318058013916,10.700000000000001,0.0
0,1,0.0,27.3,9.600000000000001,3.1120446056878994,7.0,10.200000000000001,116.80702209472656,0.0,,,0,5.986869812011719,10.700000000000001,0.0
0,1,0.0,27.3,9.600000000000001,3.1120446056878994,7.0,10.200000000000001,117.30702209472656,5.886847972869873,24.600000381469727,14.829581260681152,1,5.88545036315918,10.700000000000001,0.0
0,1,0.0,27.3,9.600000000000001,3.1120446056878994,7.0,10.200000000000001,117.80702209472656,0.0,,,0,5.787842750549316,10.700000000000001,0.0
0,1,0.0,27.3,9.600000000000001,3.1120446056878994,7.0,10.200000000000001,118.30702209472656,5.695244312286377,24.600000381469727,14.612972259521484,1,5.693846702575684,10.700000000000001,0.0
0,1,0.0,27.3,9.600000000000001,3.1120446056878994,7.0,10.200000000000001,118.80702209472656,5.604672431945801,24.600000381469727,14.509856224060059,1,5.603274822235107,10.700000000000001,0.0
0,1,0.0,27.3,9.600000000000001,3.1120446056878994,7.0,10.200000000000001,119.30702209472656,5.517350673675537,24.600000381469727,14.409961700439453,1,5.515953063964844,10.700000000000001,0.0
0,1,0.0,27.3,9.600000000000001,3.1120446056878994,7.0,10.200000000000001,119.80702209472656,5.433115482330322,24.600000381469727,14.313126564025879,1,5.431717872619629,10.700000000000001,0.0
0,1,0.0,27.3,9.600000000000001,3.1120446056878994,7.0,10.200000000000001,120.30702209472656,5.351816177368164,24.600000381469727,14.219196319580078,1,5.350418567657471,10.700000000000001,0.0
0,1,0.0,27.3,9.600000000000001,3.1120446056878994,7.0,10.200000000000001,120.80702209472656,0.0,,,0,5.271912097930908,10.700000000000001,0.0
0,1,0.0,27.3,9.600000000000001,3.1120446056878994,7.0,10.200000000000001,121.30702209472656,5.197464466094971,24.600000381469727,14.039494514465332,1,5.196066856384277,10.700000000000001,0.0
0,1,0.0,27.3,9.600000000000001,3.1120446056878994,7.0,10.200000000000001,121.80702209472656,5.124154567718506,24.600000381469727,13.953462600708008,1,5.1227569580078125,10.700000000000001,0.0
0,1,0.0,27.3,9.600000000000001,3.1120446056878994,7.0,10.200000000000001,122.30702209472656,5.053264141082764,24.600000381469727,13.869818687438965,1,5.05186653137207,10.700000000000001,0.0
0,1,0.0,27.3,9.600000000000001,3.1120446056878994,7.0,10.200000000000001,122.80702209472656,4.984683036804199,24.600000381469727,13.7884521484375,1,4.983285427093506,10.700000000000001,0.0
0,1,0.0,27.3,9.600000000000001,3.1120446056878994,7.0,10.200000000000001,123.30702209472656,4.918308734893799,24.600000381469727,13.709259986877441,1,4.9169111251831055,10.700000000000001,0.0
0,1,0.0,27.3,9.600000000000001,3.1120446056878994,7.0,10.200000000000001,123.80702209472656,4.854043960571289,24.600000381469727,13.632143020629883,1,4.852646350860596,10.700000000000001,0.0
0,1,0.0,27.3,9.600000000000001,3.1120446056878994,7.0,10.200000000000001,124.30702209472656,4.791797161102295,24.600000381469727,13.557010650634766,1,4.790399551391602,10.700000000000001,0.0
0,1,0.0,27.3,9.600000000000001,3.1120446056878994,7.0,10.200000000000001,124.80702209472656,0.0,,,0,4.730085372924805,10.700000000000001,0.0
0,1,0.0,27.3,9.600000000000001,3.1120446056878994,7.0,10.200000000000001,125.30702209472656,4.673020362854004,24.600000381469727,13.41235637664795,1,4.6716227531433105,10.700000000000001,0.0
0,1,0.0,27.3,9.600000000000001,3.1120446056878994,7.0,10.200000000000001,125.80702209472656,4.616332054138184,24.600000381469727,13.34267520904541,1,4.61493444442749,10.700000000000001,0.0
0,1,0.0,27.3,9.600000000000001,3.1120446056878994,7.0,10.200000000000001,126.30702209472656,0.0,,,0,4.559948444366455,10.700000000000001,0.0
0,1,0.0,27.3,9.600000000000001,3.1120446056878994,7.0,10.200000000000001,126.80702209472656,4.507994174957275,24.600000381469727,13.208242416381836,1,4.506596565246582,10.700000000000001,0.0
0,1,0.0,27.3,9.600000000000001,3.1120446056878994,7.0,10.200000000000001,127.30702209472656,0.0,,,0,4.454814434051514,10.700000000000001,0.0
0,1,0.0,27.3,9.600000000000001,3.1120446056878994,7.0,10.200000000000001,127.80702209472656,4.405937194824219,24.600000381469727,13.079937934875488,1,4.404539585113525,10.700000000000001,0.0
0,1,0.0,27.3,9.600000000000001,3.1120446056878994,7.0,10.200000000000001,128.30702209472656,0.0,,,0,4.355715274810791,10.700000000000001,0.0
0,1,0.0,27.3,9.600000000000001,3.1120446056878994,7.0,10.200000000000001,128.80702209472656,4.309683799743652,24.600000381469727,12.957280158996582,1,4.308286190032959,10.700000000000001,0.0
0,1,0.0,27.3,9.600000000000001,3.1120446056878994,7.0,10.200000000000001,129.30702209472656,4.26359748840332,24.600000381469727,12.897931098937988,1,4.262199878692627,10.700000000000001,0.0
0,1,0.0,27.3,9.600000000000001,3.1120446056878994,7.0,10.200000000000001,129.80702209472656,4.218804359436035,24.600000381469727,12.83983325958252,1,4.217406749725342,10.700000000000001,0.0
0,1,0.0,27.3,9.600000000000001,3.1120446056878994,7.0,10.200000000000001,130.30702209472656,0.0,,,0,4.1738600730896,10.700000000000001,0.0
0,1,0.0,27.3,9.600000000000001,3.1120446056878994,7.0,10.200000000000001,130.80702209472656,4.1329121589660645,24.600000381469727,12.727205276489258,1,4.131514549255371,10.700000000000001,0.0
0,1,0.0,27.3,9.600000000000001,3.1120446056878994,7.0,10.200000000000001,131.30702209472656,4.091725826263428,24.600000381469727,12.672586441040039,1,4.090328216552734,10.700000000000001,0.0
0,1,0.0,27.3,9.600000000000001,3.1120446056878994,7.0,10.200000000000001,131.80702209472656,4.051657676696777,24.600000381469727,12.619041442871094,1,4.050260066986084,10.700000000000001,0.0
0,1,0.0,27.3,9.600000000000001,3.1120446056878994,7.0,10.200000000000001,132.30702209472656,4.012670040130615,24.600000381469727,12.56653118133545,1,4.011272430419922,10.700000000000001,0.0
0,1,0.0,27.3,9.600000000000001,3.1120446056878994,7.0,10.200000000000001,132.80702209472656,3.9747250080108643,24.600000381469727,12.515018463134766,1,3.973327398300171,10.700000000000001,0.0
0,1,0.0,27.3,9.600000000000001,3.1120446056878994,7.0,10.200000000000001,133.30702209472656,3.937788248062134,24.600000381469727,12.46446704864502,1,3.9363906383514404,10.700000000000001,0.0
0,1,0.0,27.3,9.600000000000001,3.1120446056878994,7.0,10.200000000000001,133.80702209472656,3.9018261432647705,24.600000381469727,12.414843559265137,1,3.900428533554077,10.700000000000001,0.0
0,1,0.0,27.3,9.600000000000001,3.1120446056878994,7.0,10.200000000000001,134.30702209472656,3.866806983947754,24.600000381469727,12.366114616394043,1,3.8654093742370605,10.700000000000001,0.0
0,1,0.0,27.3,9.600000000000001,3.1120446056878994,7.0,10.200000000000001,134.80702209472656,3.832700252532959,24.600000381469727,12.318249702453613,1,3.8313026428222656,10.700000000000001,0.0
0,1,0.0,27.3,9.600000000000001,3.1120446056878994,7.0,10.200000000000001,135.30702209472656,3.7994766235351562,24.600000381469727,12.271218299865723,1,3.798079013824463,10.700000000000001,0.0
0,1,0.0,27.3,9.600000000000001,3.1120446056878994,7.0,10.200000000000001,135.80702209472656,3.767108678817749,24.600000381469727,12.224991798400879,1,3.7657110691070557,10.700000000000001,0.0
0,1,0.0,27.3,9.600000000000001,3.1120446056878994,7.0,10.200000000000001,136.30702209472656,3.735569953918457,24.600000381469727,12.179543495178223,1,3.7341723442077637,10.700000000000001,0.0
0,1,0.0,27.3,9.600000000000001,3.1120446056878994,7.0,10.200000000000001,136.80702209472656,0.0,,,0,3.703436851501465,10.700000000000001,0.0
0,1,0.0,27.3,9.600000000000001,3.1120446056878994,7.0,10.200000000000001,137.30702209472656,0.0,,,0,3.673480987548828,10.700000000000001,0.0
0,1,0.0,27.3,9.600000000000001,3.1120446056878994,7.0,10.200000000000001,137.80702209472656,0.0,,,0,3.6442809104919434,10.700000000000001,0.0
0,1,0.0,27.3,9.600000000000001,3.1120446056878994,7.0,10.200000000000001,138.30702209472656,3.6172122955322266,24.600000381469727,12.005019187927246,1,3.615814685821533,10.700000000000001,0.0
0,1,0.0,27.3,9.600000000000001,3.1120446056878994,7.0,10.200000000000001,138.80702209472656,3.5894582271575928,24.600000381469727,11.96308708190918,1,3.5880606174468994,10.700000000000001,0.0
0,1,0.0,27.3,9.600000000000001,3.1120446056878994,7.0,10.200000000000001,139.30702209472656,3.562396287918091,24.600000381469727,11.921791076660156,1,3.5609986782073975,10.700000000000001,0.0
0,1,0.0,27.3,9.600000000000001,3.1120446056878994,7.0,10.200000000000001,139.80702209472656,3.5360066890716553,24.600000381469727,11.881110191345215,1,3.534609079360962,10.700000000000001,0.0
0,1,0.0,27.3,9.600000000000001,3.1120446056878994,7.0,10.200000000000001,140.30702209472656,3.510270595550537,24.600000381469727,11.841024398803711,1,3.5088729858398438,10.700000000000001,0.0
0,1,0.0,27.3,9.600000000000001,3.1120446056878994,7.0,10.200000000000001,140.80702209472656,0.0,,,0,3.4837722778320312,10.700000000000001,0.0
0,1,0.0,27.3,9.600000000000001,3.1120446056878994,7.0,10.200000000000001,141.30702209472656,3.4606873989105225,24.600000381469727,11.762564659118652,1,3.459289789199829,10.700000000000001,0.0
0,1,0.0,27.3,9.600000000000001,3.1120446056878994,7.0,10.200000000000001,141.80702209472656,3.4368064403533936,24.600000381469727,11.724154472351074,1,3.4354088306427,10.700000000000001,0.0
0,1,0.0,27.3,9.600000000000001,3.1120446056878994,7.0,10.200000000000001,142.30702209472656,3.413510799407959,24.600000381469727,11.68626880645752,1,3.4121131896972656,10.700000000000001,0.0
0,1,0.0,27.3,9.600000000000001,3.1120446056878994,7.0,10.200000000000001,142.80702209472656,3.3907854557037354,24.600000381469727,11.648890495300293,1,3.389387845993042,10.700000000000001,0.0
0,1,0.0,27.3,9.600000000000001,3.1120446056878994,7.0,10.200000000000001,143.30702209472656,3.3686156272888184,24.600000381469727,11.612003326416016,1,3.367218017578125,10.700000000000001,0.0
0,1,0.0,27.3,9.600000000000001,3.1120446056878994,7.0,10.200000000000001,143.80702209472656,3.346987009048462,24.600000381469727,11.575592994689941,1,3.3455893993377686,10.700000000000001,0.0
0,1,0.0,27.3,9.600000000000001,3.1120446056878994,7.0,10.200000000000001,144.30702209472656,3.3258860111236572,24.600000381469727,11.539645195007324,1,3.324488401412964,10.700000000000001,0.0
0,1,0.0,27.3,9.600000000000001,3.1120446056878994,7.0,10.200000000000001,144.80702209472656,0.0,,,0,3.3039019107818604,10.700000000000001,0.0
0,1,0.0,27.3,9.600000000000001,3.1120446056878994,7.0,10.200000000000001,145.30702209472656,3.285215139389038,24.600000381469727,11.46907901763916,1,3.2838175296783447,10.700000000000001,0.0
0,1,0.0,27.3,9.600000000000001,3.1120446056878994,7.0,10.200000000000001,145.80702209472656,3.265620231628418,24.600000381469727,11.43443489074707,1,3.2642226219177246,10.700000000000001,0.0
0,1,0.0,27.3,9.600000000000001,3.1120446056878994,7.0,10.200000000000001,146.30702209472656,3.2465035915374756,24.600000381469727,11.400197982788086,1,3.2451059818267822,10.700000000000001,0.0
0,1,0.0,27.3,9.600000000000001,3.1120446056878994,7.0,10.200000000000001,146.80702209472656,0.0,,,0,3.2264564037323,10.700000000000001,0.0
0,1,0.0,27.3,9.600000000000001,3.1120446056878994,7.0,10.200000000000001,147.30702209472656,0.0,,,0,3.2082626819610596,10.700000000000001,0.0
0,1,0.0,27.3,9.600000000000001,3.1120446056878994,7.0,10.200000000000001,147.80702209472656,3.1919121742248535,24.600000381469727,11.299818992614746,1,3.19051456451416,10.700000000000001,0.0
0,1,0.0,27.3,9.600000000000001,3.1120446056878994,7.0,10.200000000000001,148.30702209472656,3.1745998859405518,24.600000381469727,11.267096519470215,1,3.1732022762298584,10.700000000000001,0.0
0,1,0.0,27.3,9.600000000000001,3.1120446056878994,7.0,10.200000000000001,148.80702209472656,3.1577134132385254,24.600000381469727,11.234725952148438,1,3.156315803527832,10.700000000000001,0.0
0,1,0.0,27.3,9.600000000000001,3.1120446056878994,7.0,10.200000000000001,149.30702209472656,3.1412434577941895,24.600000381469727,11.2026948928833,1,3.139845848083496,10.700000000000001,0.0
0,1,0.0,27.3,9.600000000000001,3.1120446056878994,7.0,10.200000000000001,149.80702209472656,3.125181198120117,24.600000381469727,11.170994758605957,1,3.123783588409424,10.700000000000001,0.0
0,1,0.0,27.3,9.600000000000001,3.1120446056878994,7.0,10.200000000000001,150.30702209472656,3.109518051147461,24.600000381469727,11.13961410522461,1,3.1081204414367676,10.700000000000001,0.0
0,1,0.0,27.3,9.600000000000001,3.1120446056878994,7.0,10.200000000000001,150.80702209472656,3.094245433807373,24.600000381469727,11.10854434967041,1,3.0928478240966797,10.700000000000001,0.0
0,1,0.0,27.3,9.600000000000001,3.1120446056878994,7.0,10.200000000000001,151.30702209472656,3.079355478286743,24.600000381469727,11.077776908874512,1,3.07795786857605,10.700000000000001,0.0
0,1,0.0,27.3,9.600000000000001,3.1120446056878994,7.0,10.200000000000001,151.80702209472656,3.064840316772461,24.600000381469727,11.047301292419434,1,3.0634427070617676,10.700000000000001,0.0
0,1,0.0,27.3,9.600000000000001,3.1120446056878994,7.0,10.200000000000001,152.30702209472656,0.0,,,0,3.049294948577881,10.700000000000001,0.0
0,1,0.0,27.3,9.600000000000001,3.1120446056878994,7.0,10.200000000000001,152.80702209472656,0.0,,,0,3.0355074405670166,10.700000000000001,0.0
0,1,0.0,27.3,9.600000000000001,3.1120446056878994,7.0,10.200000000000001,153.30702209472656,3.023470640182495,24.600000381469727,10.957544326782227,1,3.0220730304718018,10.700000000000001,0.0
0,1,0.0,27.3,9.600000000000001,3.1120446056878994,7.0,10.200000000000001,153.80702209472656,3.010382890701294,24.600000381469727,10.928153991699219,1,3.0089852809906006,10.700000000000001,0.0
0,1,0.0,27.3,9.600000000000001,3.1120446056878994,7.0,10.200000000000001,154.30702209472656,2.9976351261138916,24.600000381469727,10.899014472961426,1,2.9962375164031982,10.700000000000001,0.0
0,1,0.0,27.3,9.600000000000001,3.1120446056878994,7.0,10.200000000000001,154.80702209472656,2.9852211475372314,24.600000381469727,10.870119094848633,1,2.983823537826538,10.700000000000001,0.0
0,1,0.0,27.3,9.600000000000001,3.1120446056878994,7.0,10.200000000000001,155.30702209472656,2.973135232925415,24.600000381469727,10.841460227966309,1,2.9717376232147217,10.700000000000001,0.0
0,1,0.0,27.3,9.600000000000001,3.1120446056878994,7.0,10.200000000000001,155.80702209472656,2.9613709449768066,24.600000381469727,10.813030242919922,1,2.9599733352661133,10.700000000000001,0.0
0,1,0.0,27.3,9.600000000000001,3.1120446056878994,7.0,10.200000000000001,156.30702209472656,2.949923515319824,24.600000381469727,10.784822463989258,1,2.948525905609131,10.700000000000001,0.0
0,1,0.0,27.3,9.600000000000001,3.1120446056878994,7.0,10.200000000000001,156.80702209472656,0.0,,,0,2.9373891353607178,10.700000000000001,0.0
0,1,0.0,27.3,9.600000000000001,3.1120446056878994,7.0,10.200000000000001,157.30702209472656,2.9279561042785645,24.600000381469727,10.729045867919922,1,2.926558494567871,10.700000000000001,0.0
0,1,0.0,27.3,9.600000000000001,3.1120446056878994,7.0,10.200000000000001,157.80702209472656,2.917426109313965,24.600000381469727,10.70146369934082,1,2.9160284996032715,10.700000000000001,0.0
0,1,0.0,27.3,9.600000000000001,3.1120446056878994,7.0,10.200000000000001,158.30702209472656,2.9071922302246094,24.600000381469727,10.674077033996582,1,2.905794620513916,10.700000000000001,0.0
0,1,0.0,27.3,9.600000000000001,3.1120446056878994,7.0,10.200000000000001,158.80702209472656,2.897249460220337,24.600000381469727,10.646880149841309,1,2.8958518505096436,10.700000000000001,0.0
0,1,0.0,27.3,9.600000000000001,3.1120446056878994,7.0,10.200000000000001,159.30702209472656,2.8875937461853027,24.600000381469727,10.619867324829102,1,2.8861961364746094,10.700000000000001,0.0
0,1,0.0,27.3,9.600000000000001,3.1120446056878994,7.0,10.200000000000001,159.80702209472656,2.878220558166504,24.600000381469727,10.59303092956543,1,2.8768229484558105,10.700000000000001,0.0
0,1,0.0,27.3,9.600000000000001,3.1120446056878994,7.0,10.200000000000001,160.30702209472656,2.8691258430480957,24.600000381469727,10.566367149353027,1,2.8677282333374023,10.700000000000001,0.0
0,1,0.0,27.3,9.600000000000001,3.1120446056878994,7.0,10.200000000000001,160.80702209472656,2.8603053092956543,24.600000381469727,10.539868354797363,1,2.858907699584961,10.700000000000001,0.0
0,1,0.0,27.3,9.600000000000001,3.1120446056878994,7.0,10.200000000000001,161.30702209472656,2.851755142211914,24.600000381469727,10.513530731201172,1,2.8503575325012207,10.700000000000001,0.0
0,1,0.0,27.3,9.600000000000001,3.1120446056878994,7.0,10.200000000000001,161.80702209472656,2.8434720039367676,24.600000381469727,10.487348556518555,1,2.842074394226074,10.700000000000001,0.0
0,1,0.0,27.3,9.600000000000001,3.1120446056878994,7.0,10.200000000000001,162.30702209472656,2.835452079772949,24.600000381469727,10.461315155029297,1,2.834054470062256,10.700000000000001,0.0
0,1,0.0,27.3,9.600000000000001,3.1120446056878994,7.0,10.200000000000001,162.80702209472656,2.8276917934417725,24.600000381469727,10.435426712036133,1,2.826294183731079,10.700000000000001,0.0
0,1,0.0,27.3,9.600000000000001,3.1120446056878994,7.0,10.200000000000001,163.30702209472656,0.0,,,0,2.8187901973724365,10.700000000000001,0.0
0,1,0.0,27.3,9.600000000000001,3.1120446056878994,7.0,10.200000000000001,163.80702209472656,2.8129374980926514,24.600000381469727,10.384063720703125,1,2.811539888381958,10.700000000000001,0.0
0,1,0.0,27.3,9.600000000000001,3.1120446056878994,7.0,10.200000000000001,164.30702209472656,2.8059370517730713,24.600000381469727,10.3585786819458,1,2.804539442062378,10.700000000000001,0.0
0,1,0.0,27.3,9.600000000000001,3.1120446056878994,7.0,10.200000000000001,164.80702209472656,2.7991840839385986,24.600000381469727,10.333218574523926,1,2.7977864742279053,10.700000000000001,0.0
0,1,0.0,27.3,9.600000000000001,3.1120446056878994,7.0,10.200000000000001,165.30702209472656,2.792675733566284,24.600000381469727,10.307977676391602,1,2.791278123855591,10.700000000000001,0.0
0,1,0.0,27.3,9.600000000000001,3.1120446056878994,7.0,10.200000000000001,165.80702209472656,2.7864089012145996,24.600000381469727,10.282853126525879,1,2.7850112915039062,10.700000000000001,0.0
0,1,0.0,27.3,9.600000000000001,3.1120446056878994,7.0,10.200000000000001,166.30702209472656,2.780381441116333,24.600000381469727,10.257838249206543,1,2.7789838314056396,10.700000000000001,0.0
0,1,0.0,27.3,9.600000000000001,3.1120446056878994,7.0,10.200000000000001,166.80702209472656,2.7745907306671143,24.600000381469727,10.232930183410645,1,2.773193120956421,10.700000000000001,0.0
0,1,0.0,27.3,9.600000000000001,3.1120446056878994,7.0,10.200000000000001,167.30702209472656,2.7690346240997314,24.600000381469727,10.208123207092285,1,2.767637014389038,10.700000000000001,0.0
0,1,0.0,27.3,9.600000000000001,3.1120446056878994,7.0,10.200000000000001,167.80702209472656,2.7637104988098145,24.600000381469727,10.183414459228516,1,2.762312889099121,10.700000000000001,0.0
0,1,0.0,27.3,9.600000000000001,3.1120446056878994,7.0,10.200000000000001,168.30702209472656,2.7586164474487305,24.600000381469727,10.158798217773438,1,2.757218837738037,10.700000000000001,0.0
0,1,0.0,27.3,9.600000000000001,3.1120446056878994,7.0,10.200000000000001,168.80702209472656,2.7537503242492676,24.600000381469727,10.134270668029785,1,2.752352714538574,10.700000000000001,0.0
0,1,0.0,27.3,9.600000000000001,3.1120446056878994,7.0,10.200000000000001,169.30702209472656,2.749110221862793,24.600000381469727,10.109827995300293,1,2.7477126121520996,10.700000000000001,0.0
0,1,0.0,27.3,9.600000000000001,3.1120446056878994,7.0,10.200000000000001,169.80702209472656,2.744694232940674,24.600000381469727,10.085465431213379,1,2.7432966232299805,10.700000000000001,0.0
0,1,0.0,27.3,9.600000000000001,3.1120446056878994,7.0,10.200000000000001,170.30702209472656,2.7405006885528564,24.600000381469727,10.061179161071777,1,2.739103078842163,10.700000000000001,0.0
0,1,0.0,27.3,9.600000000000001,3.1120446056878994,7.0,10.200000000000001,170.80702209472656,0.0,,,0,2.7351303100585938,10.700000000000001,0.0
0,1,0.0,27.3,9.600000000000001,3.1120446056878994,7.0,10.200000000000001,171.30702209472656,2.732774496078491,24.600000381469727,10.012819290161133,1,2.731376886367798,10.700000000000001,0.0
0,1,0.0,27.3,9.600000000000001,3.1120446056878994,7.0,10.200000000000001,171.80702209472656,2.729238748550415,24.600000381469727,9.988738059997559,1,2.7278411388397217,10.700000000000001,0.0
0,1,0.0,27.3,9.600000000000001,3.1120446056878994,7.0,10.200000000000001,172.30702209472656,0.0,,,0,2.7245216369628906,10.700000000000001,0.0
0,1,0.0,27.3,9.600000000000001,3.1120446056878994,7.0,10.200000000000001,172.80702209472656,2.7228150367736816,24.600000381469727,9.940752983093262,1,2.7214174270629883,10.700000000000001,0.0
0,1,0.0,27.3,9.600000000000001,3.1120446056878994,7.0,10.200000000000001,173.30702209472656,2.7199244499206543,24.600000381469727,9.916841506958008,1,2.718526840209961,10.700000000000001,0.0
0,1,0.0,27.3,9.600000000000001,3.1120446056878994,7.0,10.200000000000001,173.80702209472656,2.7172467708587646,24.600000381469727,9.89297866821289,1,2.7158491611480713,10.700000000000001,0.0
0,1,0.0,27.3,9.600000000000001,3.1120446056878994,7.0,10.200000000000001,174.30702209472656,2.714780807495117,24.600000381469727,9.869161605834961,1,2.713383197784424,10.700000000000001,0.0
0,1,0.0,27.3,9.600000000000001,3.1120446056878994,7.0,10.200000000000001,174.80702209472656,0.0,,,0,2.711127758026123,10.700000000000001,0.0
0,1,0.0,27.3,9.600000000000001,3.1120446056878994,7.0,10.200000000000001,175.30702209472656,2.710479974746704,24.600000381469727,9.821647644042969,1,2.7090823650360107,10.700000000000001,0.0
0,1,0.0,27.3,9.600000000000001,3.1120446056878994,7.0,10.200000000000001,175.80702209472656,2.708643674850464,24.600000381469727,9.797943115234375,1,2.7072460651397705,10.700000000000001,0.0
0,1,0.0,27.3,9.600000000000001,3.1120446056878994,7.0,10.200000000000001,176.30702209472656,2.7070157527923584,24.600000381469727,9.774269104003906,1,2.705618143081665,10.700000000000001,0.0
0,1,0.0,27.3,9.600000000000001,3.1120446056878994,7.0,10.200000000000001,176.80702209472656,0.0,,,0,2.704198122024536,10.700000000000001,0.0
0,1,0.0,27.3,9.600000000000001,3.1120446056878994,7.0,10.200000000000001,177.30702209472656,2.7043826580047607,24.600000381469727,9.726997375488281,1,2.7029850482940674,10.700000000000001,0.0
0,1,0.0,27.3,9.600000000000001,3.1120446056878994,7.0,10.200000000000001,177.80702209472656,2.703376531600952,24.600000381469727,9.703392028808594,1,2.701978921890259,10.700000000000001,0.0
0,1,0.0,27.3,9.600000000000001,3.1120446056878994,7.0,10.200000000000001,178.30702209472656,2.7025766372680664,24.600000381469727,9.679802894592285,1,2.701179027557373,10.700000000000001,0.0
0,1,0.0,27.3,9.600000000000001,3.1120446056878994,7.0,10.200000000000001,178.80702209472656,2.7019829750061035,24.600000381469727,9.65622615814209,1,2.70058536529541,10.700000000000001,0.0
0,1,0.0,27.3,9.600000000000001,3.1120446056878994,7.0,10.200000000000001,179.30702209472656,0.0,,,0,2.700197458267212,10.700000000000001,0.0
0,1,0.0,27.3,9.600000000000001,3.1120446056878994,7.0,10.200000000000001,179.80702209472656,2.7014129161834717,24.600000381469727,9.60909366607666,1,2.7000153064727783,10.700000000000001,0.0
0,1,0.0,27.3,9.600000000000001,3.1120446056878994,7.0,10.200000000000001,180.30702209472656,2.7014362812042236,24.600000381469727,9.585532188415527,1,2.7000386714935303,10.700000000000001,0.0
0,1,0.0,27.3,9.600000000000001,3.1120446056878994,7.0,10.200000000000001,180.80702209472656,2.7016654014587402,24.600000381469727,9.561967849731445,1,2.700267791748047,10.700000000000001,0.0
0,1,0.0,27.3,9.600000000000001,3.1120446056878994,7.0,10.200000000000001,181.30702209472656,2.7021002769470215,24.600000381469727,9.538397789001465,1,2.700702667236328,10.700000000000001,0.0
0,1,0.0,27.3,9.600000000000001,3.1120446056878994,7.0,10.200000000000001,181.80702209472656,2.7027409076690674,24.600000381469727,9.51481819152832,1,2.701343297958374,10.700000000000001,0.0
0,1,0.0,27.3,9.600000000000001,3.1120446056878994,7.0,10.200000000000001,182.30702209472656,2.703587770462036,24.600000381469727,9.491225242614746,1,2.7021901607513428,10.700000000000001,0.0
0,1,0.0,27.3,9.600000000000001,3.1120446056878994,7.0,10.200000000000001,182.80702209472656,2.704641103744507,24.600000381469727,9.467616081237793,1,2.7032434940338135,10.700000000000001,0.0
0,1,0.0,27.3,9.600000000000001,3.1120446056878994,7.0,10.200000000000001,183.30702209472656,2.7059013843536377,24.600000381469727,9.443986892700195,1,2.7045037746429443,10.700000000000001,0.0
0,1,0.0,27.3,9.600000000000001,3.1120446056878994,7.0,10.200000000000001,183.80702209472656,2.707368850708008,24.600000381469727,9.420333862304688,1,2.7059712409973145,10.700000000000001,0.0
0,1,0.0,27.3,9.600000000000001,3.1120446056878994,7.0,10.200000000000001,184.30702209472656,2.7090442180633545,24.600000381469727,9.396653175354004,1,2.707646608352661,10.700000000000001,0.0
0,1,0.0,27.3,9.600000000000001,3.1120446056878994,7.0,10.200000000000001,184.80702209472656,2.710928201675415,24.600000381469727,9.372941017150879,1,2.7095305919647217,10.700000000000001,0.0
0,1,0.0,27.3,9.600000000000001,3.1120446056878994,7.0,10.200000000000001,185.30702209472656,0.0,,,0,2.7116236686706543,10.700000000000001,0.0
0,1,0.0,27.3,9.600000000000001,3.1120446056878994,7.0,10.200000000000001,185.80702209472656,0.0,,,0,2.7139270305633545,10.700000000000001,0.0
0,1,0.0,27.3,9.600000000000001,3.1120446056878994,7.0,10.200000000000001,186.30702209472656,0.0,,,0,2.7164411544799805,10.700000000000001,0.0
0,1,0.0,27.3,9.600000000000001,3.1120446056878994,7.0,10.200000000000001,186.80702209472656,2.7205650806427,24.600000381469727,9.277709007263184,1,2.719167470932007,10.700000000000001,0.0
0,1,0.0,27.3,9.600000000000001,3.1120446056878994,7.0,10.200000000000001,187.30702209472656,2.7235043048858643,24.600000381469727,9.253786087036133,1,2.722106695175171,10.700000000000001,0.0
0,1,0.0,27.3,9.600000000000001,3.1120446056878994,7.0,10.200000000000001,187.80702209472656,0.0,,,0,2.725259780883789,10.700000000000001,0.0
0,1,0.0,27.3,9.600000000000001,3.1120446056878994,7.0,10.200000000000001,188.30702209472656,2.7300262451171875,24.600000381469727,9.205774307250977,1,2.728628635406494,10.700000000000001,0.0
0,1,0.0,27.3,9.600000000000001,3.1120446056878994,7.0,10.200000000000001,188.80702209472656,2.7336113452911377,24.600000381469727,9.181678771972656,1,2.7322137355804443,10.700000000000001,0.0
0,1,0.0,27.3,9.600000000000001,3.1120446056878994,7.0,10.200000000000001,189.30702209472656,2.737414836883545,24.600000381469727,9.15751838684082,1,2.7360172271728516,10.700000000000001,0.0
0,1,0.0,27.3,9.600000000000001,3.1120446056878994,7.0,10.200000000000001,189.80702209472656,0.0,,,0,2.7400400638580322,10.700000000000001,0.0
0,1,0.0,27.3,9.600000000000001,3.1120446056878994,7.0,10.200000000000001,190.30702209472656,2.7456817626953125,24.600000381469727,9.10898494720459,1,2.744284152984619,10.700000000000001,0.0
0,1,0.0,27.3,9.600000000000001,3.1120446056878994,7.0,10.200000000000001,190.80702209472656,0.0,,,0,2.748751163482666,10.700000000000001,0.0
0,1,0.0,27.3,9.600000000000001,3.1120446056878994,7.0,10.200000000000001,191.30702209472656,0.0,,,0,2.7534425258636475,10.700000000000001,0.0
0,1,0.0,27.3,9.600000000000001,3.1120446056878994,7.0,10.200000000000001,191.80702209472656,2.759758234024048,24.600000381469727,9.035594940185547,1,2.7583606243133545,10.700000000000001,0.0
0,1,0.0,27.3,9.600000000000001,3.1120446056878994,7.0,10.200000000000001,192.30702209472656,2.764904499053955,24.600000381469727,9.010957717895508,1,2.7635068893432617,10.700000000000001,0.0
0,1,0.0,27.3,9.600000000000001,3.1120446056878994,7.0,10.200000000000001,192.80702209472656,2.7702813148498535,24.600000381469727,8.986227035522461,1,2.76888370513916,10.700000000000001,0.0
0,1,0.0,27.3,9.600000000000001,3.1120446056878994,7.0,10.200000000000001,193.30702209472656,2.775890827178955,24.600000381469727,8.961398124694824,1,2.7744932174682617,10.700000000000001,0.0
0,1,0.0,27.3,9.600000000000001,3.1120446056878994,7.0,10.200000000000001,193.80702209472656,2.781735420227051,24.600000381469727,8.9364652633667,1,2.7803378105163574,10.700000000000001,0.0
0,1,0.0,27.3,9.600000000000001,3.1120446056878994,7.0,10.200000000000001,194.30702209472656,2.7878172397613525,24.600000381469727,8.911426544189453,1,2.786419630050659,10.700000000000001,0.0
0,1,0.0,27.3,9.600000000000001,3.1120446056878994,7.0,10.200000000000001,194.80702209472656,2.7941386699676514,24.600000381469727,8.886275291442871,1,2.792741060256958,10.700000000000001,0.0
0,1,0.0,27.3,9.600000000000001,3.1120446056878994,7.0,10.200000000000001,195.30702209472656,2.8007028102874756,24.600000381469727,8.861007690429688,1,2.7993052005767822,10.700000000000001,0.0
0,1,0.0,27.3,9.600000000000001,3.1120446056878994,7.0,10.200000000000001,195.80702209472656,2.807511806488037,24.600000381469727,8.835619926452637,1,2.8061141967773438,10.700000000000001,0.0
0,1,0.0,27.3,9.600000000000001,3.1120446056878994,7.0,10.200000000000001,196.30702209472656,2.8145689964294434,24.600000381469727,8.810105323791504,1,2.81317138671875,10.700000000000001,0.0
0,1,0.0,27.3,9.600000000000001,3.1120446056878994,7.0,10.200000000000001,196.80702209472656,2.8218770027160645,24.600000381469727,8.78446102142334,1,2.820479393005371,10.700000000000001,0.0
0,1,0.0,27.3,9.600000000000001,3.1120446056878994,7.0,10.200000000000001,197.30702209472656,2.8294389247894287,24.600000381469727,8.75868034362793,1,2.8280413150787354,10.700000000000001,0.0
0,1,0.0,27.3,9.600000000000001,3.1120446056878994,7.0,10.200000000000001,197.80702209472656,2.8372583389282227,24.600000381469727,8.732759475708008,1,2.8358607292175293,10.700000000000001,0.0
0,1,0.0,27.3,9.600000000000001,3.1120446056878994,7.0,10.200000000000001,198.30702209472656,2.8453381061553955,24.600000381469727,8.706693649291992,1,2.843940496444702,10.700000000000001,0.0
0,1,0.0,27.3,9.600000000000001,3.1120446056878994,7.0,10.200000000000001,198.80702209472656,2.853681802749634,24.600000381469727,8.680476188659668,1,2.8522841930389404,10.700000000000001,0.0
0,1,0.0,27.3,9.600000000000001,3.1120446056878994,7.0,10.200000000000001,199.30702209472656,0.0,,,0,2.8608953952789307,10.700000000000001,0.0
0,1,0.0,27.3,9.600000000000001,3.1120446056878994,7.0,10.200000000000001,199.80702209472656,2.871175765991211,24.600000381469727,8.62756633758545,1,2.8697781562805176,10.700000000000001,0.0
0,1,0.0,27.3,9.600000000000001,3.1120446056878994,7.0,10.200000000000001,200.30702209472656,2.88033390045166,24.600000381469727,8.600863456726074,1,2.878936290740967,10.700000000000001,0.0
0,1,0.0,27.3,9.600000000000001,3.1120446056878994,7.0,10.200000000000001,200.80702209472656,2.8897712230682373,24.600000381469727,8.57398796081543,1,2.888373613357544,10.700000000000001,0.0
0,1,0.0,27.3,9.600000000000001,3.1120446056878994,7.0,10.200000000000001,201.30702209472656,2.899491786956787,24.600000381469727,8.5469331741333,1,2.8980941772460938,10.700000000000001,0.0
0,1,0.0,27.3,9.600000000000001,3.1120446056878994,7.0,10.200000000000001,201.80702209472656,2.9095005989074707,24.600000381469727,8.519693374633789,1,2.9081029891967773,10.700000000000001,0.0
0,1,0.0,27.3,9.600000000000001,3.1120446056878994,7.0,10.200000000000001,202.30702209472656,2.919801712036133,24.600000381469727,8.492262840270996,1,2.9184041023254395,10.700000000000001,0.0
0,1,0.0,27.3,9.600000000000001,3.1120446056878994,7.0,10.200000000000001,202.80702209472656,2.9303996562957764,24.600000381469727,8.464634895324707,1,2.929002046585083,10.700000000000001,0.0
0,1,0.0,27.3,9.600000000000001,3.1120446056878994,7.0,10.200000000000001,203.30702209472656,2.9412999153137207,24.600000381469727,8.436803817749023,1,2.9399023056030273,10.700000000000001,0.0
0,1,0.0,27.3,9.600000000000001,3.1120446056878994,7.0,10.200000000000001,203.80702209472656,2.9525067806243896,24.600000381469727,8.40876293182373,1,2.9511091709136963,10.700000000000001,0.0
0,1,0.0,27.3,9.600000000000001,3.1120446056878994,7.0,10.200000000000001,204.30702209472656,2.9640262126922607,24.600000381469727,8.380504608154297,1,2.9626286029815674,10.700000000000001,0.0
0,1,0.0,27.3,9.600000000000001,3.1120446056878994,7.0,10.200000000000001,204.80702209472656,2.975863218307495,24.600000381469727,8.352023124694824,1,2.9744656085968018,10.700000000000001,0.0
0,1,0.0,27.3,9.600000000000001,3.1120446056878994,7.0,10.200000000000001,205.30702209472656,0.0,,,0,2.986625909805298,10.700000000000001,0.0
0,1,0.0,27.3,9.600000000000001,3.1120446056878994,7.0,10.200000000000001,205.80702209472656,3.0005130767822266,24.600000381469727,8.294361114501953,1,2.999115467071533,10.700000000000001,0.0
0,1,0.0,27.3,9.600000000000001,3.1120446056878994,7.0,10.200000000000001,206.30702209472656,3.0133378505706787,24.600000381469727,8.265165328979492,1,3.0119402408599854,10.700000000000001,0.0
0,1,0.0,27.3,9.600000000000001,3.1120446056878994,7.0,10.200000000000001,206.80702209472656,3.0265040397644043,24.600000381469727,8.235716819763184,1,3.025106430053711,10.700000000000001,0.0
0,1,0.0,27.3,9.600000000000001,3.1120446056878994,7.0,10.200000000000001,207.30702209472656,3.040018320083618,24.600000381469727,8.20600700378418,1,3.038620710372925,10.700000000000001,0.0
0,1,0.0,27.3,9.600000000000001,3.1120446056878994,7.0,10.200000000000001,207.80702209472656,3.0538876056671143,24.600000381469727,8.17602825164795,1,3.052489995956421,10.700000000000001,0.0
0,1,0.0,27.3,9.600000000000001,3.1120446056878994,7.0,10.200000000000001,208.30702209472656,3.0681183338165283,24.600000381469727,8.145772933959961,1,3.066720724105835,10.700000000000001,0.0
0,1,0.0,27.3,9.600000000000001,3.1120446056878994,7.0,10.200000000000001,208.80702209472656,3.0827183723449707,24.600000381469727,8.11523151397705,1,3.0813207626342773,10.700000000000001,0.0
0,1,0.0,27.3,9.600000000000001,3.1120446056878994,7.0,10.200000000000001,209.30702209472656,3.0976948738098145,24.600000381469727,8.084395408630371,1,3.096297264099121,10.700000000000001,0.0
0,1,0.0,27.3,9.600000000000001,3.1120446056878994,7.0,10.200000000000001,209.80702209472656,3.113055944442749,24.600000381469727,8.053256034851074,1,3.1116583347320557,10.700000000000001,0.0
0,1,0.0,27.3,9.600000000000001,3.1120446056878994,7.0,10.200000000000001,210.30702209472656,3.1288094520568848,24.600000381469727,8.021803855895996,1,3.1274118423461914,10.700000000000001,0.0
0,1,0.0,27.3,9.600000000000001,3.1120446056878994,7.0,10.200000000000001,210.80702209472656,3.1449637413024902,24.600000381469727,7.990028381347656,1,3.143566131591797,10.700000000000001,0.0
0,1,0.0,27.3,9.600000000000001,3.1120446056878994,7.0,10.200000000000001,211.30702209472656,3.1615278720855713,24.600000381469727,7.957921028137207,1,3.160130262374878,10.700000000000001,0.0
0,1,0.0,27.3,9.600000000000001,3.1120446056878994,7.0,10.200000000000001,211.80702209472656,3.1785106658935547,24.600000381469727,7.92547082901001,1,3.1771130561828613,10.700000000000001,0.0
0,1,0.0,27.3,9.600000000000001,3.1120446056878994,7.0,10.200000000000001,212.30702209472656,3.1959216594696045,24.600000381469727,7.892667770385742,1,3.194524049758911,10.700000000000001,0.0
0,1,0.0,27.3,9.600000000000001,3.1120446056878994,7.0,10.200000000000001,212.80702209472656,3.2137703895568848,24.600000381469727,7.859500408172607,1,3.2123727798461914,10.700000000000001,0.0
0,1,0.0,27.3,9.600000000000001,3.1120446056878994,7.0,10.200000000000001,213.30702209472656,3.232067108154297,24.600000381469727,7.825957775115967,1,3.2306694984436035,10.700000000000001,0.0
0,1,0.0,27.3,9.600000000000001,3.1120446056878994,7.0,10.200000000000001,213.80702209472656,3.2508223056793213,24.600000381469727,7.792028427124023,1,3.249424695968628,10.700000000000001,0.0
0,1,0.0,27.3,9.600000000000001,3.1120446056878994,7.0,10.200000000000001,214.30702209472656,3.270047187805176,24.600000381469727,7.757699966430664,1,3.2686495780944824,10.700000000000001,0.0
0,1,0.0,27.3,9.600000000000001,3.1120446056878994,7.0,10.200000000000001,214.80702209472656,3.28975248336792,24.600000381469727,7.722960472106934,1,3.2883548736572266,10.700000000000001,0.0
0,1,0.0,27.3,9.600000000000001,3.1120446056878994,7.0,10.200000000000001,215.30702209472656,3.309950351715088,24.600000381469727,7.687796592712402,1,3.3085527420043945,10.700000000000001,0.0
0,1,0.0,27.3,9.600000000000001,3.1120446056878994,7.0,10.200000000000001,215.80702209472656,0.0,,,0,3.3292555809020996,10.700000000000001,0.0
0,1,0.0,27.3,9.600000000000001,3.1120446056878994,7.0,10.200000000000001,216.30702209472656,3.3518731594085693,24.600000381469727,7.616143226623535,1,3.350475549697876,10.700000000000001,0.0
0,1,0.0,27.3,9.600000000000001,3.1120446056878994,7.0,10.200000000000001,216.80702209472656,3.373624086380005,24.600000381469727,7.579625606536865,1,3.3722264766693115,10.700000000000001,0.0
0,1,0.0,27.3,9.600000000000001,3.1120446056878994,7.0,10.200000000000001,217.30702209472656,3.3959195613861084,24.600000381469727,7.542628288269043,1,3.394521951675415,10.700000000000001,0.0
0,1,0.0,27.3,9.600000000000001,3.1120446056878994,7.0,10.200000000000001,217.80702209472656,0.0,,,0,3.4173758029937744,10.700000000000001,0.0
0,1,0.0,27.3,9.600000000000001,3.1120446056878994,7.0,10.200000000000001,218.30702209472656,3.4422011375427246,24.600000381469727,7.4671311378479,1,3.4408035278320312,10.700000000000001,0.0
0,1,0.0,27.3,9.600000000000001,3.1120446056878994,7.0,10.200000000000001,218.80702209472656,3.4662179946899414,24.600000381469727,7.4285993576049805,1,3.464820384979248,10.700000000000001,0.0
0,1,0.0,27.3,9.600000000000001,3.1120446056878994,7.0,10.200000000000001,219.30702209472656,3.490839958190918,24.600000381469727,7.389523029327393,1,3.4894423484802246,10.700000000000001,0.0
0,1,0.0,27.3,9.600000000000001,3.1120446056878994,7.0,10.200000000000001,219.80702209472656,0.0,,,0,3.5146865844726562,10.700000000000001,0.0
0,1,0.0,27.3,9.600000000000001,3.1120446056878994,7.0,10.200000000000001,220.30702209472656,3.5419676303863525,24.600000381469727,7.309664726257324,1,3.540570020675659,10.700000000000001,0.0
0,1,0.0,27.3,9.600000000000001,3.1120446056878994,7.0,10.200000000000001,220.80702209472656,0.0,,,0,3.5671112537384033,10.700000000000001,0.0
0,1,0.0,27.3,9.600000000000001,3.1120446056878994,7.0,10.200000000000001,221.30702209472656,3.59572696685791,24.600000381469727,7.227405548095703,1,3.594329357147217,10.700000000000001,0.0
0,1,0.0,27.3,9.600000000000001,3.1120446056878994,7.0,10.200000000000001,221.80702209472656,0.0,,,0,3.622243881225586,10.700000000000001,0.0
0,1,0.0,27.3,9.600000000000001,3.1120446056878994,7.0,10.200000000000001,222.30702209472656,3.652273178100586,24.600000381469727,7.142584323883057,1,3.6508755683898926,10.700000000000001,0.0
0,1,0.0,27.3,9.600000000000001,3.1120446056878994,7.0,10.200000000000001,222.80702209472656,3.6816437244415283,24.600000381469727,7.099157810211182,1,3.680246114730835,10.700000000000001,0.0
0,1,0.0,27.3,9.600000000000001,3.1120446056878994,7.0,10.200000000000001,223.30702209472656,0.0,,,0,3.7103776931762695,10.700000000000001,0.0
0,1,0.0,27.3,9.600000000000001,3.1120446056878994,7.0,10.200000000000001,223.80702209472656,3.7426917552948,24.600000381469727,7.010158061981201,1,3.7412941455841064,10.700000000000001,0.0
0,1,0.0,27.3,9.600000000000001,3.1120446056878994,7.0,10.200000000000001,224.30702209472656,3.7744176387786865,24.600000381469727,6.964534282684326,1,3.773020029067993,10.700000000000001,0.0
0,1,0.0,27.3,9.600000000000001,3.1120446056878994,7.0,10.200000000000001,224.80702209472656,0.0,,,0,3.8055806159973145,10.700000000000001,0.0
0,1,0.0,27.3,9.600000000000001,3.1120446056878994,7.0,10.200000000000001,225.30702209472656,3.8404006958007812,24.600000381469727,6.870907783508301,1,3.839003086090088,10.700000000000001,0.0
0,1,0.0,27.3,9.600000000000001,3.1120446056878994,7.0,10.200000000000001,225.80702209472656,3.8747129440307617,24.600000381469727,6.822848320007324,1,3.8733153343200684,10.700000000000001,0.0
0,1,0.0,27.3,9.600000000000001,3.1120446056878994,7.0,10.200000000000001,226.30702209472656,3.909944534301758,24.600000381469727,6.773918151855469,1,3.9085469245910645,10.700000000000001,0.0
0,1,0.0,27.3,9.600000000000001,3.1120446056878994,7.0,10.200000000000001,226.80702209472656,3.9461259841918945,24.600000381469727,6.724085807800293,1,3.944728374481201,10.700000000000001,0.0
0,1,0.0,27.3,9.600000000000001,3.1120446056878994,7.0,10.200000000000001,227.30702209472656,3.9832897186279297,24.600000381469727,6.673318386077881,1,3.9818921089172363,10.700000000000001,0.0
0,1,0.0,27.3,9.600000000000001,3.1120446056878994,7.0,10.200000000000001,227.80702209472656,0.0,,,0,4.020071983337402,10.700000000000001,0.0
0,1,0.0,27.3,9.600000000000001,3.1120446056878994,7.0,10.200000000000001,228.30702209472656,4.060700416564941,24.600000381469727,6.568838596343994,1,4.059302806854248,10.700000000000001,0.0
0,1,0.0,27.3,9.600000000000001,3.1120446056878994,7.0,10.200000000000001,228.80702209472656,4.101019859313965,24.600000381469727,6.515052318572998,1,4.0996222496032715,10.700000000000001,0.0
0,1,0.0,27.3,9.600000000000001,3.1120446056878994,7.0,10.200000000000001,229.30702209472656,4.142467021942139,24.600000381469727,6.460182189941406,1,4.141069412231445,10.700000000000001,0.0
0,1,0.0,27.3,9.600000000000001,3.1120446056878994,7.0,10.200000000000001,229.80702209472656,4.18508243560791,24.600000381469727,6.404187202453613,1,4.183684825897217,10.700000000000001,0.0
0,1,0.0,27.3,9.600000000000001,3.1120446056878994,7.0,10.200000000000001,230.30702209472656,4.228909492492676,24.600000381469727,6.347023010253906,1,4.227511882781982,10.700000000000001,0.0
0,1,0.0,27.3,9.600000000000001,3.1120446056878994,7.0,10.200000000000001,230.80702209472656,4.273993492126465,24.600000381469727,6.288644313812256,1,4.2725958824157715,10.700000000000001,0.0
0,1,0.0,27.3,9.600000000000001,3.1120446056878994,7.0,10.200000000000001,231.30702209472656,4.3203816413879395,24.600000381469727,6.229002475738525,1,4.318984031677246,10.700000000000001,0.0
0,1,0.0,27.3,9.600000000000001,3.1120446056878994,7.0,10.200000000000001,231.80702209472656,0.0,,,0,4.366726875305176,10.700000000000001,0.0
0,1,0.0,27.3,9.600000000000001,3.1120446056878994,7.0,10.200000000000001,232.30702209472656,4.417274475097656,24.600000381469727,6.1057233810424805,1,4.415876865386963,10.700000000000001,0.0
0,1,0.0,27.3,9.600000000000001,3.1120446056878994,7.0,10.200000000000001,232.80702209472656,4.467887878417969,24.600000381469727,6.041975975036621,1,4.466490268707275,10.700000000000001,0.0
0,1,0.0,27.3,9.600000000000001,3.1120446056878994,7.0,10.200000000000001,233.30702209472656,4.520022869110107,24.600000381469727,5.97674560546875,1,4.518625259399414,10.700000000000001,0.0
0,1,0.0,27.3,9.600000000000001,3.1120446056878994,7.0,10.200000000000001,233.80702209472656,4.573741436004639,24.600000381469727,5.909968852996826,1,4.572343826293945,10.700000000000001,0.0
0,1,0.0,27.3,9.600000000000001,3.1120446056878994,7.0,10.200000000000001,234.30702209472656,4.6291093826293945,24.600000381469727,5.841580390930176,1,4.627711772918701,10.700000000000001,0.0
0,1,0.0,27.3,9.600000000000001,3.1120446056878994,7.0,10.200000000000001,234.80702209472656,4.6861958503723145,24.600000381469727,5.771510124206543,1,4.684798240661621,10.700000000000001,0.0
0,1,0.0,27.3,9.600000000000001,3.1120446056878994,7.0,10.200000000000001,235.30702209472656,4.745074272155762,24.600000381469727,5.699683666229248,1,4.743676662445068,10.700000000000001,0.0
0,1,0.0,27.3,9.600000000000001,3.1120446056878994,7.0,10.200000000000001,235.80702209472656,0.0,,,0,4.804424285888672,10.700000000000001,0.0
0,1,0.0,27.3,9.600000000000001,3.1120446056878994,7.0,10.200000000000001,236.30702209472656,4.868520736694336,24.600000381469727,5.550445556640625,1,4.867123126983643,10.700000000000001,0.0
0,1,0.0,27.3,9.600000000000001,3.1120446056878994,7.0,10.200000000000001,236.80702209472656,0.0,,,0,4.93186092376709,10.700000000000001,0.0
0,1,0.0,27.3,9.600000000000001,3.1120446056878994,7.0,10.200000000000001,237.30702209472656,5.000127792358398,24.600000381469727,5.393183708190918,1,4.998730182647705,10.700000000000001,0.0
0,1,0.0,27.3,9.600000000000001,3.1120446056878994,7.0,10.200000000000001,237.80702209472656,5.069226264953613,24.600000381469727,5.311307430267334,1,5.06782865524292,10.700000000000001,0.0
0,1,0.0,27.3,9.600000000000001,3.1120446056878994,7.0,10.200000000000001,238.30702209472656,0.0,,,0,5.139260768890381,10.700000000000001,0.0
0,1,0.0,27.3,9.600000000000001,3.1120446056878994,7.0,10.200000000000001,238.80702209472656,5.214536190032959,24.600000381469727,5.140536785125732,1,5.213138580322266,10.700000000000001,0.0
0,1,0.0,27.3,9.600000000000001,3.1120446056878994,7.0,10.200000000000001,239.30702209472656,5.2909770011901855,24.600000381469727,5.051412105560303,1,5.289579391479492,10.700000000000001,0.0
0,1,0.0,27.3,9.600000000000001,3.1120446056878994,7.0,10.200000000000001,239.80702209472656,5.370108604431152,24.600000381469727,4.959627628326416,1,5.368710994720459,10.700000000000001,0.0
0,1,0.0,27.3,9.600000000000001,3.1120446056878994,7.0,10.200000000000001,240.30702209472656,5.452064514160156,24.600000381469727,4.865047931671143,1,5.450666904449463,10.700000000000001,0.0
0,1,0.0,27.3,9.600000000000001,3.1120446056878994,7.0,10.200000000000001,240.80702209472656,5.536990165710449,24.600000381469727,4.767528533935547,1,5.535592555999756,10.700000000000001,0.0
0,1,0.0,27.3,9.600000000000001,3.1120446056878994,7.0,10.200000000000001,241.30702209472656,5.6250386238098145,24.600000381469727,4.666913986206055,1,5.623641014099121,10.700000000000001,0.0
0,1,0.0,27.3,9.600000000000001,3.1120446056878994,7.0,10.200000000000001,241.80702209472656,0.0,,,0,5.714978218078613,10.700000000000001,0.0
0,1,0.0,27.3,9.600000000000001,3.1120446056878994,7.0,10.200000000000001,242.30702209472656,5.811178207397461,24.600000381469727,4.455726146697998,1,5.809780597686768,10.700000000000001,0.0
0,1,0.0,27.3,9.600000000000001,3.1120446056878994,7.0,10.200000000000001,242.80702209472656,5.909636974334717,24.600000381469727,4.344784259796143,1,5.908239364624023,10.700000000000001,0.0
0,1,0.0,27.3,9.600000000000001,3.1120446056878994,7.0,10.200000000000001,243.30702209472656,6.011956214904785,24.600000381469727,4.230008125305176,1,6.010558605194092,10.700000000000001,0.0
0,1,0.0,27.3,9.600000000000001,3.1120446056878994,7.0,10.200000000000001,243.80702209472656,6.1183552742004395,24.600000381469727,4.111177444458008,1,6.116957664489746,10.700000000000001,0.0
0,1,0.0,27.3,9.600000000000001,3.1120446056878994,7.0,10.200000000000001,244.30702209472656,6.229072570800781,24.600000381469727,3.9880545139312744,1,6.227674961090088,10.700000000000001,0.0
0,1,0.0,27.3,9.600000000000001,3.1120446056878994,7.0,10.200000000000001,244.80702209472656,6.344363212585449,24.600000381469727,3.860382318496704,1,6.342965602874756,10.700000000000001,0.0
0,1,0.0,27.3,9.600000000000001,3.1120446056878994,7.0,10.200000000000001,245.30702209472656,6.464504718780518,24.600000381469727,3.7278835773468018,1,6.463107109069824,10.700000000000001,0.0
0,1,0.0,27.3,9.600000000000001,3.1120446056878994,7.0,10.200000000000001,245.80702209472656,6.589796543121338,24.600000381469727,3.5902578830718994,1,6.5883989334106445,10.700000000000001,0.0
0,1,0.0,27.3,9.600000000000001,3.1120446056878994,7.0,10.200000000000001,246.30702209472656,6.720563888549805,24.600000381469727,3.4471797943115234,1,6.719166278839111,10.700000000000001,0.0
0,1,0.0,27.3,9.600000000000001,3.1120446056878994,7.0,10.200000000000001,246.80702209472656,6.8571600914001465,24.600000381469727,3.298295259475708,1,6.855762481689453,10.700000000000001,0.0
0,1,0.0,27.3,9.600000000000001,3.1120446056878994,7.0,10.200000000000001,247.30702209472656,6.999969482421875,24.600000381469727,3.1432197093963623,1,6.998571872711182,10.700000000000001,0.0
0,1,0.0,27.3,9.600000000000001,3.1120446056878994,7.0,10.200000000000001,247.80702209472656,0.0,,,0,7.148013591766357,10.700000000000001,0.0
0,1,0.0,27.3,9.600000000000001,3.1120446056878994,7.0,10.200000000000001,248.30702209472656,7.305942535400391,24.600000381469727,2.8127784729003906,1,7.304544925689697,10.700000000000001,0.0
0,1,0.0,27.3,9.600000000000001,3.1120446056878994,7.0,10.200000000000001,248.80702209472656,7.470064163208008,24.600000381469727,2.63645339012146,1,7.4686665534973145,10.700000000000001,0.0
0,1,0.0,27.3,9.600000000000001,3.1120446056878994,7.0,10.200000000000001,249.30702209472656,7.6423258781433105,24.600000381469727,2.4520082473754883,1,7.640928268432617,10.700000000000001,0.0
0,1,0.0,27.3,9.600000000000001,3.1120446056878994,7.0,10.200000000000001,249.80702209472656,7.823331356048584,24.600000381469727,2.2588388919830322,1,7.821933746337891,10.700000000000001,0.0
0,1,0.0,27.3,9.600000000000001,3.1120446056878994,7.0,10.200000000000001,250.30702209472656,8.01374626159668,24.600000381469727,2.0562796592712402,1,8.012348175048828,10.700000000000001,0.0
0,1,0.0,27.3,9.600000000000001,3.1120446056878994,7.0,10.200000000000001,250.80702209472656,8.214303016662598,24.600000381469727,1.8435956239700317,1,8.212904930114746,10.700000000000001,0.0
0,1,0.0,27.3,9.600000000000001,3.1120446056878994,7.0,10.200000000000001,251.30702209472656,0.0,,,0,8.424418449401855,10.700000000000001,0.0
0,1,0.0,27.3,9.600000000000001,3.1120446056878994,7.0,10.200000000000001,251.80702209472656,8.649188041687012,24.600000381469727,1.3845102787017822,1,8.64778995513916,10.700000000000001,0.0
0,1,0.0,27.3,9.600000000000001,3.1120446056878994,7.0,10.200000000000001,252.30702209472656,8.885422706604004,24.600000381469727,1.1362009048461914,1,8.884024620056152,10.700000000000001,0.0
0,1,0.0,27.3,9.600000000000001,3.1120446056878994,7.0,10.200000000000001,252.80702209472656,9.135642051696777,24.600000381469727,0.8739238381385803,1,9.134243965148926,10.700000000000001,0.0
0,1,0.0,27.3,9.600000000000001,3.1120446056878994,7.0,10.200000000000001,253.30702209472656,9.401100158691406,24.600000381469727,0.5964226722717285,1,9.399702072143555,10.700000000000001,0.0
0,1,0.0,27.3,9.600000000000001,3.1120446056878994,7.0,10.200000000000001,253.80702209472656,0.0,,,0,9.681812286376953,10.700000000000001,0.0
0,1,0.0,27.3,9.600000000000001,3.1120446056878994,7.0,10.200000000000001,254.30702209472656,9.983560562133789,24.600000381469727,-0.010076634585857391,1,9.982162475585938,10.700000000000001,0.0
0,1,0.0,27.3,9.600000000000001,3.1120446056878994,7.0,10.200000000000001,254.80702209472656,10.303953170776367,24.600000381469727,-0.34246644377708435,1,10.302555084228516,10.700000000000001,0.0
0,1,0.0,27.3,9.600000000000001,3.1120446056878994,7.0,10.200000000000001,255.30702209472656,10.646431922912598,24.600000381469727,-0.6969287395477295,1,10.645033836364746,10.700000000000001,0.0
0,1,0.0,27.3,9.600000000000001,3.1120446056878994,7.0,10.200000000000001,255.80702209472656,11.013330459594727,24.600000381469727,-1.075797438621521,1,11.011932373046875,10.700000000000001,0.0
0,1,0.0,27.3,9.600000000000001,3.1120446056878994,7.0,10.200000000000001,256.3070068359375,11.407322883605957,24.600000381469727,-1.481747031211853,1,11.405924797058105,10.700000000000001,0.0
0,1,0.0,27.3,9.600000000000001,3.1120446056878994,7.0,10.200000000000001,256.8070068359375,11.831488609313965,24.600000381469727,-1.9178576469421387,1,11.830090522766113,10.700000000000001,0.0
0,1,0.0,27.3,9.600000000000001,3.1120446056878994,7.0,10.200000000000001,257.3070068359375,12.0,,,0,12.0,10.700000000000001,0.0
0,1,0.0,27.3,9.600000000000001,3.1120446056878994,7.0,10.200000000000001,257.8070068359375,12.0,,,0,12.0,10.700000000000001,0.0
0,1,0.0,27.3,9.600000000000001,3.1120446056878994,7.0,10.200000000000001,258.3070068359375,0.0,,,0,12.0,10.700000000000001,0.0
0,1,0.0,27.3,9.600000000000001,3.1120446056878994,7.0,10.200000000000001,258.8070068359375,12.0,,,0,12.0,10.700000000000001,0.0
0,1,0.0,27.3,9.600000000000001,3.1120446056878994,7.0,10.200000000000001,259.3070068359375,12.0,,,0,12.0,10.700000000000001,0.0
0,1,0.0,27.3,9.600000000000001,3.1120446056878994,7.0,10.200000000000001,259.8070068359375,12.0,,,0,12.0,10.700000000000001,0.0
0,1,0.0,27.3,9.600000000000001,3.1120446056878994,7.0,10.200000000000001,260.3070068359375,0.0,,,0,12.0,10.700000000000001,0.0
0,1,0.0,27.3,9.600000000000001,3.1120446056878994,7.0,10.200000000000001,260.8070068359375,12.0,,,0,12.0,10.700000000000001,0.0
0,1,0.0,27.3,9.600000000000001,3.1120446056878994,7.0,10.200000000000001,261.3070068359375,12.0,,,0,12.0,10.700000000000001,0.0
0,1,0.0,27.3,9.600000000000001,3.1120446056878994,7.0,10.200000000000001,261.8070068359375,12.0,,,0,12.0,10.700000000000001,0.0
0,1,0.0,27.3,9.600000000000001,3.1120446056878994,7.0,10.200000000000001,262.3070068359375,12.0,,,0,12.0,10.700000000000001,0.0
0,1,0.0,27.3,9.600000000000001,3.1120446056878994,7.0,10.200000000000001,262.8070068359375,12.0,,,0,12.0,10.700000000000001,0.0
0,1,0.0,27.3,9.600000000000001,3.1120446056878994,7.0,10.200000000000001,263.3070068359375,12.0,,,0,12.0,10.700000000000001,0.0
0,1,0.0,27.3,9.600000000000001,3.1120446056878994,7.0,10.200000000000001,263.8070068359375,12.0,,,0,12.0,10.700000000000001,0.0
0,1,0.0,27.3,9.600000000000001,3.1120446056878994,7.0,10.200000000000001,264.3070068359375,12.0,,,0,12.0,10.700000000000001,0.0
0,1,0.0,27.3,9.600000000000001,3.1120446056878994,7.0,10.200000000000001,264.8070068359375,12.0,,,0,12.0,10.700000000000001,0.0
0,1,0.0,27.3,9.600000000000001,3.1120446056878994,7.0,10.200000000000001,265.3070068359375,12.0,,,0,12.0,10.700000000000001,0.0
0,1,0.0,27.3,9.600000000000001,3.1120446056878994,7.0,10.200000000000001,265.8070068359375,12.0,,,0,12.0,10.700000000000001,0.0
0,1,0.0,27.3,9.600000000000001,3.1120446056878994,7.0,10.200000000000001,266.3070068359375,12.0,,,0,12.0,10.700000000000001,0.0
0,1,0.0,27.3,9.600000000000001,3.1120446056878994,7.0,10.200000000000001,266.8070068359375,12.0,,,0,12.0,10.700000000000001,0.0
0,1,0.0,27.3,9.600000000000001,3.1120446056878994,7.0,10.200000000000001,267.3070068359375,12.0,,,0,12.0,10.700000000000001,0.0
0,1,0.0,27.3,9.600000000000001,3.1120446056878994,7.0,10.200000000000001,267.8070068359375,0.0,,,0,12.0,10.700000000000001,0.0
0,1,0.0,27.3,9.600000000000001,3.1120446056878994,7.0,10.200000000000001,268.3070068359375,12.0,,,0,12.0,10.700000000000001,0.0
0,1,0.0,27.3,9.600000000000001,3.1120446056878994,7.0,10.200000000000001,268.8070068359375,12.0,,,0,12.0,10.700000000000001,0.0
0,1,0.0,27.3,9.600000000000001,3.1120446056878994,7.0,10.200000000000001,269.3070068359375,12.0,,,0,12.0,10.700000000000001,0.0
0,1,0.0,27.3,9.600000000000001,3.1120446056878994,7.0,10.200000000000001,269.8070068359375,12.0,,,0,12.0,10.700000000000001,0.0
0,1,0.0,27.3,9.600000000000001,3.1120446056878994,7.0,10.200000000000001,270.3070068359375,12.0,,,0,12.0,10.700000000000001,0.0
0,1,0.0,27.3,9.600000000000001,3.1120446056878994,7.0,10.200000000000001,270.8070068359375,0.0,,,0,12.0,10.700000000000001,0.0
0,1,0.0,27.3,9.600000000000001,3.1120446056878994,7.0,10.200000000000001,271.3070068359375,12.0,,,0,12.0,10.700000000000001,0.0
0,1,0.0,27.3,9.600000000000001,3.1120446056878994,7.0,10.200000000000001,271.8070068359375,12.0,,,0,12.0,10.700000000000001,0.0
0,1,0.0,27.3,9.600000000000001,3.1120446056878994,7.0,10.200000000000001,272.3070068359375,12.0,,,0,12.0,10.700000000000001,0.0
0,1,0.0,27.3,9.600000000000001,3.1120446056878994,7.0,10.200000000000001,272.8070068359375,12.0,,,0,12.0,10.700000000000001,0.0
0,1,0.0,27.3,9.600000000000001,3.1120446056878994,7.0,10.200000000000001,273.3070068359375,0.0,,,0,12.0,10.700000000000001,0.0
0,1,0.0,27.3,9.600000000000001,3.1120446056878994,7.0,10.200000000000001,273.8070068359375,12.0,,,0,12.0,10.700000000000001,0.0
0,1,0.0,27.3,9.600000000000001,3.1120446056878994,7.0,10.200000000000001,274.3070068359375,12.0,,,0,12.0,10.700000000000001,0.0
0,1,0.0,27.3,9.600000000000001,3.1120446056878994,7.0,10.200000000000001,274.8070068359375,0.0,,,0,12.0,10.700000000000001,0.0
0,1,0.0,27.3,9.600000000000001,3.1120446056878994,7.0,10.200000000000001,275.3070068359375,12.0,,,0,12.0,10.700000000000001,0.0
0,1,0.0,27.3,9.600000000000001,3.1120446056878994,7.0,10.200000000000001,275.8070068359375,12.0,,,0,12.0,10.700000000000001,0.0
0,1,0.0,27.3,9.600000000000001,3.1120446056878994,7.0,10.200000000000001,276.3070068359375,12.0,,,0,12.0,10.700000000000001,0.0
0,1,0.0,27.3,9.600000000000001,3.1120446056878994,7.0,10.200000000000001,276.8070068359375,12.0,,,0,12.0,10.700000000000001,0.0
0,1,0.0,27.3,9.600000000000001,3.1120446056878994,7.0,10.200000000000001,277.3070068359375,12.0,,,0,12.0,10.700000000000001,0.0
0,1,0.0,27.3,9.600000000000001,3.1120446056878994,7.0,10.200000000000001,277.8070068359375,12.0,,,0,12.0,10.700000000000001,0.0
0,1,0.0,27.3,9.600000000000001,3.1120446056878994,7.0,10.200000000000001,278.3070068359375,12.0,,,0,12.0,10.700000000000001,0.0
0,1,0.0,27.3,9.600000000000001,3.1120446056878994,7.0,10.200000000000001,278.8070068359375,12.0,,,0,12.0,10.700000000000001,0.0
0,1,0.0,27.3,9.600000000000001,3.1120446056878994,7.0,10.200000000000001,279.3070068359375,12.0,,,0,12.0,10.700000000000001,0.0
0,1,0.0,27.3,9.600000000000001,3.1120446056878994,7.0,10.200000000000001,279.8070068359375,0.0,,,0,12.0,10.700000000000001,0.0
0,1,0.0,27.3,9.600000000000001,3.1120446056878994,7.0,10.200000000000001,280.3070068359375,12.0,,,0,12.0,10.700000000000001,0.0
0,1,0.0,27.3,9.600000000000001,3.1120446056878994,7.0,10.200000000000001,280.8070068359375,12.0,,,0,12.0,10.700000000000001,0.0
0,1,0.0,27.3,9.600000000000001,3.1120446056878994,7.0,10.200000000000001,281.3070068359375,0.0,,,0,12.0,10.700000000000001,0.0
0,1,0.0,27.3,9.600000000000001,3.1120446056878994,7.0,10.200000000000001,281.8070068359375,0.0,,,0,12.0,10.700000000000001,0.0
0,1,0.0,27.3,9.600000000000001,3.1120446056878994,7.0,10.200000000000001,282.3070068359375,12.0,,,0,12.0,10.700000000000001,0.0
0,1,0.0,27.3,9.600000000000001,3.1120446056878994,7.0,10.200000000000001,282.8070068359375,0.0,,,0,12.0,10.700000000000001,0.0
0,1,0.0,27.3,9.600000000000001,3.1120446056878994,7.0,10.200000000000001,283.3070068359375,0.0,,,0,12.0,10.700000000000001,0.0
0,1,0.0,27.3,9.600000000000001,3.1120446056878994,7.0,10.200000000000001,283.8070068359375,12.0,,,0,12.0,10.700000000000001,0.0
0,1,0.0,27.3,9.600000000000001,3.1120446056878994,7.0,10.200000000000001,284.3070068359375,12.0,,,0,12.0,10.700000000000001,0.0
0,1,0.0,27.3,9.600000000000001,3.1120446056878994,7.0,10.200000000000001,284.8070068359375,12.0,,,0,12.0,10.700000000000001,0.0
0,1,0.0,27.3,9.600000000000001,3.1120446056878994,7.0,10.200000000000001,285.3070068359375,0.0,,,0,12.0,10.700000000000001,0.0
0,1,0.0,27.3,9.600000000000001,3.1120446056878994,7.0,10.200000000000001,285.8070068359375,12.0,,,0,12.0,10.700000000000001,0.0
0,1,0.0,27.3,9.600000000000001,3.1120446056878994,7.0,10.200000000000001,286.3070068359375,12.0,,,0,12.0,10.700000000000001,0.0
0,1,0.0,27.3,9.600000000000001,3.1120446056878994,7.0,10.200000000000001,286.8070068359375,12.0,,,0,12.0,10.700000000000001,0.0
0,1,0.0,27.3,9.600000000000001,3.1120446056878994,7.0,10.200000000000001,287.3070068359375,0.0,,,0,12.0,10.700000000000001,0.0
0,1,0.0,27.3,9.600000000000001,3.1120446056878994,7.0,10.200000000000001,287.8070068359375,12.0,,,0,12.0,10.700000000000001,0.0
0,1,0.0,27.3,9.600000000000001,3.1120446056878994,7.0,10.200000000000001,288.3070068359375,12.0,,,0,12.0,10.700000000000001,0.0
0,1,0.0,27.3,9.600000000000001,3.1120446056878994,7.0,10.200000000000001,288.8070068359375,12.0,,,0,12.0,10.700000000000001,0.0
0,1,0.0,27.3,9.600000000000001,3.1120446056878994,7.0,10.200000000000001,289.3070068359375,12.0,,,0,12.0,10.700000000000001,0.0
0,1,0.0,27.3,9.600000000000001,3.1120446056878994,7.0,10.200000000000001,289.8070068359375,12.0,,,0,12.0,10.700000000000001,0.0
0,1,0.0,27.3,9.600000000000001,3.1120446056878994,7.0,10.200000000000001,290.3070068359375,12.0,,,0,12.0,10.700000000000001,0.0
0,1,0.0,27.3,9.600000000000001,3.1120446056878994,7.0,10.200000000000001,290.8070068359375,12.0,,,0,12.0,10.700000000000001,0.0
0,1,0.0,27.3,9.600000000000001,3.1120446056878994,7.0,10.200000000000001,291.3070068359375,12.0,,,0,12.0,10.700000000000001,0.0
0,1,0.0,27.3,9.600000000000001,3.1120446056878994,7.0,10.200000000000001,291.8070068359375,0.0,,,0,12.0,10.700000000000001,0.0
0,1,0.0,27.3,9.600000000000001,3.1120446056878994,7.0,10.200000000000001,292.3070068359375,12.0,,,0,12.0,10.700000000000001,0.0
0,1,0.0,27.3,9.600000000000001,3.1120446056878994,7.0,10.200000000000001,292.8070068359375,12.0,,,0,12.0,10.700000000000001,0.0
0,1,0.0,27.3,9.600000000000001,3.1120446056878994,7.0,10.200000000000001,293.3070068359375,12.0,,,0,12.0,10.700000000000001,0.0
0,1,0.0,27.3,9.600000000000001,3.1120446056878994,7.0,10.200000000000001,293.8070068359375,0.0,,,0,12.0,10.700000000000001,0.0
0,1,0.0,27.3,9.600000000000001,3.1120446056878994,7.0,10.200000000000001,294.3070068359375,12.0,,,0,12.0,10.700000000000001,0.0
0,1,0.0,27.3,9.600000000000001,3.1120446056878994,7.0,10.200000000000001,294.8070068359375,0.0,,,0,12.0,10.700000000000001,0.0
0,1,0.0,27.3,9.600000000000001,3.1120446056878994,7.0,10.200000000000001,295.3070068359375,12.0,,,0,12.0,10.700000000000001,0.0
0,1,0.0,27.3,9.600000000000001,3.1120446056878994,7.0,10.200000000000001,295.8070068359375,12.0,,,0,12.0,10.700000000000001,0.0
0,1,0.0,27.3,9.600000000000001,3.1120446056878994,7.0,10.200000000000001,296.3070068359375,12.0,,,0,12.0,10.700000000000001,0.0
0,1,0.0,27.3,9.600000000000001,3.1120446056878994,7.0,10.200000000000001,296.8070068359375,12.0,,,0,12.0,10.700000000000001,0.0
0,1,0.0,27.3,9.600000000000001,3.1120446056878994,7.0,10.200000000000001,297.3070068359375,12.0,,,0,12.0,10.700000000000001,0.0
0,1,0.0,27.3,9.600000000000001,3.1120446056878994,7.0,10.200000000000001,297.8070068359375,12.0,,,0,12.0,10.700000000000001,0.0
0,1,0.0,27.3,9.600000000000001,3.1120446056878994,7.0,10.200000000000001,298.3070068359375,0.0,,,0,12.0,10.700000000000001,0.0
0,1,0.0,27.3,9.600000000000001,3.1120446056878994,7.0,10.200000000000001,298.8070068359375,0.0,,,0,12.0,10.700000000000001,0.0
0,1,0.0,27.3,9.600000000000001,3.1120446056878994,7.0,10.200000000000001,299.3070068359375,0.0,,,0,11.953559875488281,10.700000000000001,0.0
0,1,0.0,27.3,9.600000000000001,3.1120446056878994,7.0,10.200000000000001,299.8070068359375,11.77241325378418,33.15113830566406,-0.6137636303901672,1,11.771015167236328,10.700000000000001,0.0
0,1,0.0,27.3,9.600000000000001,3.1120446056878994,7.0,10.200000000000001,300.3070068359375,11.596230506896973,33.15113830566406,-0.4102095663547516,1,11.594832420349121,10.700000000000001,0.0
0,1,0.0,27.3,9.600000000000001,3.1120446056878994,7.0,10.200000000000001,300.8070068359375,11.426100730895996,33.15113830566406,-0.21264421939849854,1,11.424702644348145,10.700000000000001,0.0
0,1,0.0,27.3,9.600000000000001,3.1120446056878994,7.0,10.200000000000001,301.3070068359375,11.261735916137695,33.15113830566406,-0.020778359845280647,1,11.260337829589844,10.700000000000001,0.0
0,1,0.0,27.3,9.600000000000001,3.1120446056878994,7.0,10.200000000000001,301.8070068359375,11.10286808013916,33.15113830566406,0.16565914452075958,1,11.101469993591309,10.700000000000001,0.0
0,1,0.0,27.3,9.600000000000001,3.1120446056878994,7.0,10.200000000000001,302.3070068359375,10.949241638183594,33.15113830566406,0.3469226658344269,1,10.947843551635742,10.700000000000001,0.0
0,1,0.0,27.3,9.600000000000001,3.1120446056878994,7.0,10.200000000000001,302.8070068359375,10.800621032714844,33.15113830566406,0.5232511758804321,1,10.799222946166992,10.700000000000001,0.0
0,1,0.0,27.3,9.600000000000001,3.1120446056878994,7.0,10.200000000000001,303.3070068359375,0.0,,,0,10.655383110046387,10.700000000000001,0.0
0,1,0.0,27.3,9.600000000000001,3.1120446056878994,7.0,10.200000000000001,303.8070068359375,10.5175142288208,33.15113830566406,0.8619881868362427,1,10.51611614227295,10.700000000000001,0.0
0,1,0.0,27.3,9.600000000000001,3.1120446056878994,7.0,10.200000000000001,304.3070068359375,0.0,,,0,10.381221771240234,10.700000000000001,0.0
0,1,0.0,27.3,9.600000000000001,3.1120446056878994,7.0,10.200000000000001,304.8070068359375,10.251914024353027,33.15113830566406,1.1835139989852905,1,10.250515937805176,10.700000000000001,0.0
0,1,0.0,27.3,9.600000000000001,3.1120446056878994,7.0,10.200000000000001,305.3070068359375,0.0,,,0,10.123821258544922,10.700000000000001,0.0
0,1,0.0,27.3,9.600000000000001,3.1120446056878994,7.0,10.200000000000001,305.8070068359375,10.002370834350586,33.15113830566406,1.48928964138031,1,10.000972747802734,10.700000000000001,0.0
0,1,0.0,27.3,9.600000000000001,3.1120446056878994,7.0,10.200000000000001,306.3070068359375,9.883212089538574,33.15113830566406,1.6366838216781616,1,9.881814002990723,10.700000000000001,0.0
0,1,0.0,27.3,9.600000000000001,3.1120446056878994,7.0,10.200000000000001,306.8070068359375,9.767593383789062,33.15113830566406,1.7806178331375122,1,9.766195297241211,10.700000000000001,0.0
0,1,0.0,27.3,9.600000000000001,3.1120446056878994,7.0,10.200000000000001,307.3070068359375,9.655376434326172,33.15113830566406,1.9212332963943481,1,9.65397834777832,10.700000000000001,0.0
0,1,0.0,27.3,9.600000000000001,3.1120446056878994,7.0,10.200000000000001,307.8070068359375,9.546426773071289,33.15113830566406,2.058664321899414,1,9.545028686523438,10.700000000000001,0.0
0,1,0.0,27.3,9.600000000000001,3.1120446056878994,7.0,10.200000000000001,308.3070068359375,9.440620422363281,33.15113830566406,2.19303822517395,1,9.43922233581543,10.700000000000001,0.0
0,1,0.0,27.3,9.600000000000001,3.1120446056878994,7.0,10.200000000000001,308.8070068359375,9.337837219238281,33.15113830566406,2.3244755268096924,1,9.33643913269043,10.700000000000001,0.0
0,1,0.0,27.3,9.600000000000001,3.1120446056878994,7.0,10.200000000000001,309.3070068359375,9.237963676452637,33.15113830566406,2.4530911445617676,1,9.236565589904785,10.700000000000001,0.0
0,1,0.0,27.3,9.600000000000001,3.1120446056878994,7.0,10.200000000000001,309.8070068359375,9.14089298248291,33.15113830566406,2.578993558883667,1,9.139494895935059,10.700000000000001,0.0
0,1,0.0,27.3,9.600000000000001,3.1120446056878994,7.0,10.200000000000001,310.3070068359375,9.046523094177246,33.15113830566406,2.7022864818573,1,9.045125007629395,10.700000000000001,0.0
0,1,0.0,27.3,9.600000000000001,3.1120446056878994,7.0,10.200000000000001,310.8070068359375,8.954757690429688,33.15113830566406,2.823068380355835,1,8.953359603881836,10.700000000000001,0.0
0,1,0.0,27.3,9.600000000000001,3.1120446056878994,7.0,10.200000000000001,311.3070068359375,0.0,,,0,8.864104270935059,10.700000000000001,0.0
0,1,0.0,27.3,9.600000000000001,3.1120446056878994,7.0,10.200000000000001,311.8070068359375,0.0,,,0,8.777274131774902,10.700000000000001,0.0
0,1,0.0,27.3,9.600000000000001,3.1120446056878994,7.0,10.200000000000001,312.3070068359375,8.694181442260742,33.15113830566406,3.171264171600342,1,8.69278335571289,10.700000000000001,0.0
0,1,0.0,27.3,9.600000000000001,3.1120446056878994,7.0,10.200000000000001,312.8070068359375,8.61195182800293,33.15113830566406,3.2828967571258545,1,8.610553741455078,10.700000000000001,0.0
0,1,0.0,27.3,9.600000000000001,3.1120446056878994,7.0,10.200000000000001,313.3070068359375,8.531906127929688,33.15113830566406,3.3924455642700195,1,8.530508041381836,10.700000000000001,0.0
0,1,0.0,27.3,9.600000000000001,3.1120446056878994,7.0,10.200000000000001,313.8070068359375,8.453973770141602,33.15113830566406,3.4999842643737793,1,8.45257568359375,10.700000000000001,0.0
0,1,0.0,27.3,9.600000000000001,3.1120446056878994,7.0,10.200000000000001,314.3070068359375,8.378083229064941,33.15113830566406,3.605583906173706,1,8.37668514251709,10.700000000000001,0.0
0,1,0.0,27.3,9.600000000000001,3.1120446056878994,7.0,10.200000000000001,314.8070068359375,8.304171562194824,33.15113830566406,3.7093122005462646,1,8.302773475646973,10.700000000000001,0.0
0,1,0.0,27.3,9.600000000000001,3.1120446056878994,7.0,10.200000000000001,315.3070068359375,8.232172966003418,33.15113830566406,3.8112335205078125,1,8.230774879455566,10.700000000000001,0.0
0,1,0.0,27.3,9.600000000000001,3.1120446056878994,7.0,10.200000000000001,315.8070068359375,8.162029266357422,33.15113830566406,3.911410093307495,1,8.16063117980957,10.700000000000001,0.0
0,1,0.0,27.3,9.600000000000001,3.1120446056878994,7.0,10.200000000000001,316.3070068359375,8.093681335449219,33.15113830566406,4.00990104675293,1,8.092283248901367,10.700000000000001,0.0
0,1,0.0,27.3,9.600000000000001,3.1120446056878994,7.0,10.200000000000001,316.8070068359375,8.027074813842773,33.15113830566406,4.106762886047363,1,8.025676727294922,10.700000000000001,0.0
0,1,0.0,27.3,9.600000000000001,3.1120446056878994,7.0,10.200000000000001,317.3070068359375,7.962157249450684,33.15113830566406,4.202051162719727,1,7.96075963973999,10.700000000000001,0.0
0,1,0.0,27.3,9.600000000000001,3.1120446056878994,7.0,10.200000000000001,317.8070068359375,7.89887809753418,33.15113830566406,4.295816898345947,1,7.897480487823486,10.700000000000001,0.0
0,1,0.0,27.3,9.600000000000001,3.1120446056878994,7.0,10.200000000000001,318.3070068359375,7.837189197540283,33.15113830566406,4.388110637664795,1,7.83579158782959,10.700000000000001,0.0
0,1,0.0,27.3,9.600000000000001,3.1120446056878994,7.0,10.200000000000001,318.8070068359375,7.77704381942749,33.15113830566406,4.478980541229248,1,7.775646209716797,10.700000000000001,0.0
0,1,0.0,27.3,9.600000000000001,3.1120446056878994,7.0,10.200000000000001,319.3070068359375,7.718398571014404,33.15113830566406,4.5684733390808105,1,7.717000961303711,10.700000000000001,0.0
0,1,0.0,27.3,9.600000000000001,3.1120446056878994,7.0,10.200000000000001,319.8070068359375,0.0,,,0,7.659811973571777,10.700000000000001,0.0
0,1,0.0,27.3,9.600000000000001,3.1120446056878994,7.0,10.200000000000001,320.3070068359375,7.605437278747559,33.15113830566406,4.74350118637085,1,7.604039669036865,10.700000000000001,0.0
0,1,0.0,27.3,9.600000000000001,3.1120446056878994,7.0,10.200000000000001,320.8070068359375,7.551042079925537,33.15113830566406,4.829120635986328,1,7.549644470214844,10.700000000000001,0.0
0,1,0.0,27.3,9.600000000000001,3.1120446056878994,7.0,10.200000000000001,321.3070068359375,7.49798583984375,33.15113830566406,4.913530349731445,1,7.496588230133057,10.700000000000001,0.0
0,1,0.0,27.3,9.600000000000001,3.1120446056878994,7.0,10.200000000000001,321.8070068359375,7.446233749389648,33.15113830566406,4.996767997741699,1,7.444836139678955,10.700000000000001,0.0
0,1,0.0,27.3,9.600000000000001,3.1120446056878994,7.0,10.200000000000001,322.3070068359375,7.395750045776367,33.15113830566406,5.0788702964782715,1,7.394352436065674,10.700000000000001,0.0
0,1,0.0,27.3,9.600000000000001,3.1120446056878994,7.0,10.200000000000001,322.8070068359375,7.346502304077148,33.15113830566406,5.159873008728027,1,7.345104694366455,10.700000000000001,0.0
0,1,0.0,27.3,9.600000000000001,3.1120446056878994,7.0,10.200000000000001,323.3070068359375,7.298458099365234,33.15113830566406,5.239809989929199,1,7.297060489654541,10.700000000000001,0.0
0,1,0.0,27.3,9.600000000000001,3.1120446056878994,7.0,10.200000000000001,323.8070068359375,7.2515869140625,33.15113830566406,5.318714141845703,1,7.250189304351807,10.700000000000001,0.0
0,1,0.0,27.3,9.600000000000001,3.1120446056878994,7.0,10.200000000000001,324.3070068359375,0.0,,,0,7.204462051391602,10.700000000000001,0.0
0,1,0.0,27.3,9.600000000000001,3.1120446056878994,7.0,10.200000000000001,324.8070068359375,7.1612467765808105,33.15113830566406,5.473548412322998,1,7.159849166870117,10.700000000000001,0.0
0,1,0.0,27.3,9.600000000000001,3.1120446056878994,7.0,10.200000000000001,325.3070068359375,7.1177215576171875,33.15113830566406,5.549539566040039,1,7.116323947906494,10.700000000000001,0.0
0,1,0.0,27.3,9.600000000000001,3.1120446056878994,7.0,10.200000000000001,325.8070068359375,0.0,,,0,7.0738606452941895,10.700000000000001,0.0
0,1,0.0,27.3,9.600000000000001,3.1120446056878994,7.0,10.200000000000001,326.3070068359375,7.033830642700195,33.15113830566406,5.698810577392578,1,7.032433032989502,10.700000000000001,0.0
0,1,0.0,27.3,9.600000000000001,3.1120446056878994,7.0,10.200000000000001,326.8070068359375,0.0,,,0,6.99201774597168,10.700000000000001,0.0
0,1,0.0,27.3,9.600000000000001,3.1120446056878994,7.0,10.200000000000001,327.3070068359375,6.953988075256348,33.15113830566406,5.844647407531738,1,6.952590465545654,10.700000000000001,0.0
0,1,0.0,27.3,9.600000000000001,3.1120446056878994,7.0,10.200000000000001,327.8070068359375,6.915526390075684,33.15113830566406,5.916341781616211,1,6.91412878036499,10.700000000000001,0.0
0,1,0.0,27.3,9.600000000000001,3.1120446056878994,7.0,10.200000000000001,328.3070068359375,0.0,,,0,6.876611232757568,10.700000000000001,0.0
0,1,0.0,27.3,9.600000000000001,3.1120446056878994,7.0,10.200000000000001,328.8070068359375,6.841413974761963,33.15113830566406,6.057403564453125,1,6.8400163650512695,10.700000000000001,0.0
0,1,0.0,27.3,9.600000000000001,3.1120446056878994,7.0,10.200000000000001,329.3070068359375,6.805722713470459,33.15113830566406,6.126817226409912,1,6.804325103759766,10.700000000000001,0.0
0,1,0.0,27.3,9.600000000000001,3.1120446056878994,7.0,10.200000000000001,329.8070068359375,6.770914077758789,33.15113830566406,6.195515155792236,1,6.769516468048096,10.700000000000001,0.0
0,1,0.0,27.3,9.600000000000001,3.1120446056878994,7.0,10.200000000000001,330.3070068359375,0.0,,,0,6.735572814941406,10.700000000000001,0.0
0,1,0.0,27.3,9.600000000000001,3.1120446056878994,7.0,10.200000000000001,330.8070068359375,0.0,,,0,6.7024760246276855,10.700000000000001,0.0
0,1,0.0,27.3,9.600000000000001,3.1120446056878994,7.0,10.200000000000001,331.3070068359375,6.671605587005615,33.15113830566406,6.397526264190674,1,6.670207977294922,10.700000000000001,0.0
0,1,0.0,27.3,9.600000000000001,3.1120446056878994,7.0,10.200000000000001,331.8070068359375,6.64015007019043,33.15113830566406,6.463569641113281,1,6.638752460479736,10.700000000000001,0.0
0,1,0.0,27.3,9.600000000000001,3.1120446056878994,7.0,10.200000000000001,332.3070068359375,6.609490871429443,33.15113830566406,6.528997421264648,1,6.60809326171875,10.700000000000001,0.0
0,1,0.0,27.3,9.600000000000001,3.1120446056878994,7.0,10.200000000000001,332.8070068359375,6.579611778259277,33.15113830566406,6.593829154968262,1,6.578214168548584,10.700000000000001,0.0
0,1,0.0,27.3,9.600000000000001,3.1120446056878994,7.0,10.200000000000001,333.3070068359375,6.5504984855651855,33.15113830566406,6.658081531524658,1,6.549100875854492,10.700000000000001,0.0
0,1,0.0,27.3,9.600000000000001,3.1120446056878994,7.0,10.200000000000001,333.8070068359375,6.522136211395264,33.15113830566406,6.72177267074585,1,6.52073860168457,10.700000000000001,0.0
0,1,0.0,27.3,9.600000000000001,3.1120446056878994,7.0,10.200000000000001,334.3070068359375,6.494510650634766,33.15113830566406,6.784919738769531,1,6.493113040924072,10.700000000000001,0.0
0,1,0.0,27.3,9.600000000000001,3.1120446056878994,7.0,10.200000000000001,334.8070068359375,0.0,,,0,6.466210842132568,10.700000000000001,0.0
0,1,0.0,27.3,9.600000000000001,3.1120446056878994,7.0,10.200000000000001,335.3070068359375,6.4414167404174805,33.15113830566406,6.909645080566406,1,6.440019130706787,10.700000000000001,0.0
0,1,0.0,27.3,9.600000000000001,3.1120446056878994,7.0,10.200000000000001,335.8070068359375,6.415923118591309,33.15113830566406,6.971255302429199,1,6.414525508880615,10.700000000000001,0.0
0,1,0.0,27.3,9.600000000000001,3.1120446056878994,7.0,10.200000000000001,336.3070068359375,6.391115188598633,33.15113830566406,7.032384395599365,1,6.3897175788879395,10.700000000000001,0.0
0,1,0.0,27.3,9.600000000000001,3.1120446056878994,7.0,10.200000000000001,336.8070068359375,6.366981029510498,33.15113830566406,7.093047142028809,1,6.365583419799805,10.700000000000001,0.0
0,1,0.0,27.3,9.600000000000001,3.1120446056878994,7.0,10.200000000000001,337.3070068359375,12.0,,,0,12.0,10.700000000000001,0.0
0,1,0.0,27.3,9.600000000000001,3.1120446056878994,7.0,10.200000000000001,337.8070068359375,0.0,,,0,12.0,10.700000000000001,0.0
0,1,0.0,27.3,9.600000000000001,3.1120446056878994,7.0,10.200000000000001,338.3070068359375,12.0,,,0,12.0,10.700000000000001,0.0
0,1,0.0,27.3,9.600000000000001,3.1120446056878994,7.0,10.200000000000001,338.8070068359375,12.0,,,0,12.0,10.700000000000001,0.0
0,1,0.0,27.3,9.600000000000001,3.1120446056878994,7.0,10.200000000000001,339.3070068359375,12.0,,,0,12.0,10.700000000000001,0.0
0,1,0.0,27.3,9.600000000000001,3.1120446056878994,7.0,10.200000000000001,339.8070068359375,12.0,,,0,12.0,10.700000000000001,0.0
0,1,0.0,27.3,9.600000000000001,3.1120446056878994,7.0,10.200000000000001,340.3070068359375,12.0,,,0,12.0,10.700000000000001,0.0
0,1,0.0,27.3,9.600000000000001,3.1120446056878994,7.0,10.200000000000001,340.8070068359375,0.0,,,0,12.0,10.700000000000001,0.0
0,1,0.0,27.3,9.600000000000001,3.1120446056878994,7.0,10.200000000000001,341.3070068359375,0.0,,,0,12.0,10.700000000000001,0.0
0,1,0.0,27.3,9.600000000000001,3.1120446056878994,7.0,10.200000000000001,341.8070068359375,12.0,,,0,12.0,10.700000000000001,0.0
0,1,0.0,27.3,9.600000000000001,3.1120446056878994,7.0,10.200000000000001,342.3070068359375,6.143045425415039,33.15113830566406,7.733453273773193,1,6.141647815704346,10.700000000000001,0.0
0,1,0.0,27.3,9.600000000000001,3.1120446056878994,7.0,10.200000000000001,342.8070068359375,6.126227855682373,33.15113830566406,7.789555549621582,1,6.12483024597168,10.700000000000001,0.0
0,1,0.0,27.3,9.600000000000001,3.1120446056878994,7.0,10.200000000000001,343.3070068359375,6.10996675491333,33.15113830566406,7.84535551071167,1,6.108569145202637,10.700000000000001,0.0
0,1,0.0,27.3,9.600000000000001,3.1120446056878994,7.0,10.200000000000001,343.8070068359375,6.094254016876221,33.15113830566406,7.900864124298096,1,6.092856407165527,10.700000000000001,0.0
0,1,0.0,27.3,9.600000000000001,3.1120446056878994,7.0,10.200000000000001,344.3070068359375,6.0790839195251465,33.15113830566406,7.956092357635498,1,6.077686309814453,10.700000000000001,0.0
0,1,0.0,27.3,9.600000000000001,3.1120446056878994,7.0,10.200000000000001,344.8070068359375,6.064449787139893,33.15113830566406,8.0110502243042,1,6.063052177429199,10.700000000000001,0.0
0,1,0.0,27.3,9.600000000000001,3.1120446056878994,7.0,10.200000000000001,345.3070068359375,6.050344944000244,33.15113830566406,8.06574821472168,1,6.048947334289551,10.700000000000001,0.0
0,1,0.0,27.3,9.600000000000001,3.1120446056878994,7.0,10.200000000000001,345.8070068359375,6.036764621734619,33.15113830566406,8.120197296142578,1,6.035367012023926,10.700000000000001,0.0
0,1,0.0,27.3,9.600000000000001,3.1120446056878994,7.0,10.200000000000001,346.3070068359375,6.023702621459961,33.15113830566406,8.174405097961426,1,6.022305011749268,10.700000000000001,0.0
0,1,0.0,27.3,9.600000000000001,3.1120446056878994,7.0,10.200000000000001,346.8070068359375,0.0,,,0,6.009756088256836,10.700000000000001,0.0
0,1,0.0,27.3,9.600000000000001,3.1120446056878994,7.0,10.200000000000001,347.3070068359375,5.999112606048584,33.15113830566406,8.28214168548584,1,5.997714996337891,10.700000000000001,0.0
0,1,0.0,27.3,9.600000000000001,3.1120446056878994,7.0,10.200000000000001,347.8070068359375,5.987575054168701,33.15113830566406,8.335689544677734,1,5.986177444458008,10.700000000000001,0.0
0,1,0.0,27.3,9.600000000000001,3.1120446056878994,7.0,10.200000000000001,348.3070068359375,5.976535797119141,33.15113830566406,8.38903522491455,1,5.975138187408447,10.700000000000001,0.0
0,1,0.0,27.3,9.600000000000001,3.1120446056878994,7.0,10.200000000000001,348.8070068359375,5.9659905433654785,33.15113830566406,8.442188262939453,1,5.964592933654785,10.700000000000001,0.0
0,1,0.0,27.3,9.600000000000001,3.1120446056878994,7.0,10.200000000000001,349.3070068359375,0.0,,,0,5.954537391662598,10.700000000000001,0.0
0,1,0.0,27.3,9.600000000000001,3.1120446056878994,7.0,10.200000000000001,349.8070068359375,5.9463653564453125,33.15113830566406,8.547953605651855,1,5.944967746734619,10.700000000000001,0.0
0,1,0.0,27.3,9.600000000000001,3.1120446056878994,7.0,10.200000000000001,350.3070068359375,5.937277317047119,33.15113830566406,8.600584030151367,1,5.935879707336426,10.700000000000001,0.0
0,1,0.0,27.3,9.600000000000001,3.1120446056878994,7.0,10.200000000000001,350.8070068359375,5.92866849899292,33.15113830566406,8.653058052062988,1,5.927270889282227,10.700000000000001,0.0
0,1,0.0,27.3,9.600000000000001,3.1120446056878994,7.0,10.200000000000001,351.3070068359375,5.920534133911133,33.15113830566406,8.70538330078125,1,5.9191365242004395,10.700000000000001,0.0
0,1,0.0,27.3,9.600000000000001,3.1120446056878994,7.0,10.200000000000001,351.8070068359375,5.912871837615967,33.15113830566406,8.757569313049316,1,5.911474227905273,10.700000000000001,0.0
0,1,0.0,27.3,9.600000000000001,3.1120446056878994,7.0,10.200000000000001,352.3070068359375,5.9056782722473145,33.15113830566406,8.809624671936035,1,5.904280662536621,10.700000000000001,0.0
0,1,0.0,27.3,9.600000000000001,3.1120446056878994,7.0,10.200000000000001,352.8070068359375,5.898951053619385,33.15113830566406,8.861557960510254,1,5.897553443908691,10.700000000000001,0.0
0,1,0.0,27.3,9.600000000000001,3.1120446056878994,7.0,10.200000000000001,353.3070068359375,5.89268684387207,33.15113830566406,8.913375854492188,1,5.891289234161377,10.700000000000001,0.0
0,1,0.0,27.3,9.600000000000001,3.1120446056878994,7.0,10.200000000000001,353.8070068359375,0.0,,,0,5.885486602783203,10.700000000000001,0.0
0,1,0.0,27.3,9.600000000000001,3.1120446056878994,7.0,10.200000000000001,354.3070068359375,5.881539821624756,33.15113830566406,9.016702651977539,1,5.8801422119140625,10.700000000000001,0.0
0,1,0.0,27.3,9.600000000000001,3.1120446056878994,7.0,10.200000000000001,354.8070068359375,5.876652717590332,33.15113830566406,9.068227767944336,1,5.875255107879639,10.700000000000001,0.0
0,1,0.0,27.3,9.600000000000001,3.1120446056878994,7.0,10.200000000000001,355.3070068359375,5.872220039367676,33.15113830566406,9.119670867919922,1,5.870822429656982,10.700000000000001,0.0
0,1,0.0,27.3,9.600000000000001,3.1120446056878994,7.0,10.200000000000001,355.8070068359375,5.8682403564453125,33.15113830566406,9.171039581298828,1,5.866842746734619,10.700000000000001,0.0
0,1,0.0,27.3,9.600000000000001,3.1120446056878994,7.0,10.200000000000001,356.3070068359375,5.864712715148926,33.15113830566406,9.222343444824219,1,5.863315105438232,10.700000000000001,0.0
0,1,0.0,27.3,9.600000000000001,3.1120446056878994,7.0,10.200000000000001,356.8070068359375,5.861635208129883,33.15113830566406,9.273590087890625,1,5.8602375984191895,10.700000000000001,0.0
0,1,0.0,27.3,9.600000000000001,3.1120446056878994,7.0,10.200000000000001,357.3070068359375,0.0,,,0,5.857608795166016,10.700000000000001,0.0
0,1,0.0,27.3,9.600000000000001,3.1120446056878994,7.0,10.200000000000001,357.8070068359375,5.856825828552246,33.15113830566406,9.375940322875977,1,5.855428218841553,10.700000000000001,0.0
0,2,0.0,7.0,10.200000000000001,-1.222812724623063,10.700000000000001,0.0,109.93798828125,12.0,,,0,12.0,10.700000000000001,0.0
0,2,0.0,7.0,10.200000000000001,-1.222812724623063,10.700000000000001,0.0,110.43798828125,0.0,,,0,12.0,10.700000000000001,0.0
0,2,0.0,7.0,10.200000000000001,-1.222812724623063,10.700000000000001,0.0,110.93798828125,12.0,,,0,12.0,10.700000000000001,0.0
0,2,0.0,7.0,10.200000000000001,-1.222812724623063,10.700000000000001,0.0,111.43798828125,10.988204002380371,2.994859457015991,20.399999618530273,1,10.958154678344727,10.700000000000001,0.0
0,2,0.0,7.0,10.200000000000001,-1.222812724623063,10.700000000000001,0.0,111.93798828125,11.026302337646484,2.891767740249634,20.399999618530273,1,10.99625301361084,10.700000000000001,0.0
0,2,0.0,7.0,10.200000000000001,-1.222812724623063,10.700000000000001,0.0,112.43798828125,11.065508842468262,2.7879488468170166,20.399999618530273,1,11.035459518432617,10.700000000000001,0.0
0,2,0.0,7.0,10.200000000000001,-1.222812724623063,10.700000000000001,0.0,112.93798828125,11.105843544006348,2.6833786964416504,20.399999618530273,1,11.075794219970703,10.700000000000001,0.0
0,2,0.0,7.0,10.200000000000001,-1.222812724623063,10.700000000000001,0.0,113.43798828125,11.147323608398438,2.578033685684204,20.399999618530273,1,11.117274284362793,10.700000000000001,0.0
0,2,0.0,7.0,10.200000000000001,-1.222812724623063,10.700000000000001,0.0,113.93798828125,11.18996810913086,2.471888303756714,20.399999618530273,1,11.159918785095215,10.700000000000001,0.0
0,2,0.0,7.0,10.200000000000001,-1.222812724623063,10.700000000000001,0.0,114.43798828125,11.233798027038574,2.364917278289795,20.399999618530273,1,11.20374870300293,10.700000000000001,0.0
0,2,0.0,7.0,10.200000000000001,-1.222812724623063,10.700000000000001,0.0,114.93798828125,0.0,,,0,11.248785018920898,10.700000000000001,0.0
0,2,0.0,7.0,10.200000000000001,-1.222812724623063,10.700000000000001,0.0,115.43798828125,11.325096130371094,2.148392915725708,20.399999618530273,1,11.29504680633545,10.700000000000001,0.0
0,2,0.0,7.0,10.200000000000001,-1.222812724623063,10.700000000000001,0.0,115.93798828125,0.0,,,0,11.342558860778809,10.700000000000001,0.0
0,2,0.0,7.0,10.200000000000001,-1.222812724623063,10.700000000000001,0.0,116.43798828125,0.0,,,0,11.39134407043457,10.700000000000001,0.0
0,2,0.0,7.0,10.200000000000001,-1.222812724623063,10.700000000000001,0.0,116.93798828125,11.471474647521973,1.8167375326156616,20.399999618530273,1,11.441425323486328,10.700000000000001,0.0
0,2,0.0,7.0,10.200000000000001,-1.222812724623063,10.700000000000001,0.0,117.43798828125,0.0,,,0,11.492827415466309,10.700000000000001,0.0
0,2,0.0,7.0,10.200000000000001,-1.222812724623063,10.700000000000001,0.0,117.93798828125,11.575626373291016,1.5907154083251953,20.399999618530273,1,11.545577049255371,10.700000000000001,0.0
0,2,0.0,7.0,10.200000000000001,-1.222812724623063,10.700000000000001,0.0,118.43798828125,11.62975025177002,1.4761366844177246,20.399999618530273,1,11.599700927734375,10.700000000000001,0.0
0,2,0.0,7.0,10.200000000000001,-1.222812724623063,10.700000000000001,0.0,118.93798828125,11.68527603149414,1.3604698181152344,20.399999618530273,1,11.655226707458496,10.700000000000001,0.0
0,2,0.0,7.0,10.200000000000001,-1.222812724623063,10.700000000000001,0.0,119.43798828125,11.742231369018555,1.2436811923980713,20.399999618530273,1,11.71218204498291,10.700000000000001,0.0
0,2,0.0,7.0,10.200000000000001,-1.222812724623063,10.700000000000001,0.0,119.93798828125,11.800646781921387,1.1257365942001343,20.399999618530273,1,11.770597457885742,10.700000000000001,0.0
0,2,0.0,7.0,10.200000000000001,-1.222812724623063,10.700000000000001,0.0,120.43798828125,0.0,,,0,11.830504417419434,10.700000000000001,0.0
0,2,0.0,7.0,10.200000000000001,-1.222812724623063,10.700000000000001,0.0,120.93798828125,0.0,,,0,11.891934394836426,10.700000000000001,0.0
0,2,0.0,7.0,10.200000000000001,-1.222812724623063,10.700000000000001,0.0,121.43798828125,11.984970092773438,0.764606237411499,20.399999618530273,1,11.954920768737793,10.700000000000001,0.0
0,2,0.0,7.0,10.200000000000001,-1.222812724623063,10.700000000000001,0.0,121.93798828125,12.0,,,0,12.0,10.700000000000001,0.0
0,2,0.0,7.0,10.200000000000001,-1.222812724623063,10.700000000000001,0.0,122.43798828125,12.0,,,0,12.0,10.700000000000001,0.0
0,2,0.0,7.0,10.200000000000001,-1.222812724623063,10.700000000000001,0.0,122.93798828125,0.0,,,0,12.0,10.700000000000001,0.0
0,2,0.0,7.0,10.200000000000001,-1.222812724623063,10.700000000000001,0.0,123.43798828125,12.0,,,0,12.0,10.700000000000001,0.0
0,2,0.0,7.0,10.200000000000001,-1.222812724623063,10.700000000000001,0.0,123.93798828125,12.0,,,0,12.0,10.700000000000001,0.0
0,2,0.0,7.0,10.200000000000001,-1.222812724623063,10.700000000000001,0.0,124.43798828125,12.0,,,0,12.0,10.700000000000001,0.0
0,2,0.0,7.0,10.200000000000001,-1.222812724623063,10.700000000000001,0.0,124.93798828125,0.0,,,0,12.0,10.700000000000001,0.0
0,2,0.0,7.0,10.200000000000001,-1.222812724623063,10.700000000000001,0.0,125.43798828125,12.0,,,0,12.0,10.700000000000001,0.0
0,2,0.0,7.0,10.200000000000001,-1.222812724623063,10.700000000000001,0.0,125.93798828125,12.0,,,0,12.0,10.700000000000001,0.0
0,2,0.0,7.0,10.200000000000001,-1.222812724623063,10.700000000000001,0.0,126.43798828125,12.0,,,0,12.0,10.700000000000001,0.0
0,2,0.0,7.0,10.200000000000001,-1.222812724623063,10.700000000000001,0.0,126.93798828125,12.0,,,0,12.0,10.700000000000001,0.0
0,2,0.0,7.0,10.200000000000001,-1.222812724623063,10.700000000000001,0.0,127.43798828125,0.0,,,0,12.0,10.700000000000001,0.0
0,2,0.0,7.0,10.200000000000001,-1.222812724623063,10.700000000000001,0.0,127.93798828125,12.0,,,0,12.0,10.700000000000001,0.0
0,2,0.0,7.0,10.200000000000001,-1.222812724623063,10.700000000000001,0.0,128.43798828125,12.0,,,0,12.0,10.700000000000001,0.0
0,2,0.0,7.0,10.200000000000001,-1.222812724623063,10.700000000000001,0.0,128.93798828125,12.0,,,0,12.0,10.700000000000001,0.0
0,2,0.0,7.0,10.200000000000001,-1.222812724623063,10.700000000000001,0.0,129.43798828125,12.0,,,0,12.0,10.700000000000001,0.0
0,2,0.0,7.0,10.200000000000001,-1.222812724623063,10.700000000000001,0.0,129.93798828125,12.0,,,0,12.0,10.700000000000001,0.0
0,2,0.0,7.0,10.200000000000001,-1.222812724623063,10.700000000000001,0.0,130.43798828125,0.0,,,0,12.0,10.700000000000001,0.0
0,2,0.0,7.0,10.200000000000001,-1.222812724623063,10.700000000000001,0.0,130.93798828125,12.0,,,0,12.0,10.700000000000001,0.0
0,2,0.0,7.0,10.200000000000001,-1.222812724623063,10.700000000000001,0.0,131.43798828125,12.0,,,0,12.0,10.700000000000001,0.0
0,2,0.0,7.0,10.200000000000001,-1.222812724623063,10.700000000000001,0.0,131.93798828125,12.0,,,0,12.0,10.700000000000001,0.0
0,2,0.0,7.0,10.200000000000001,-1.222812724623063,10.700000000000001,0.0,132.43798828125,12.0,,,0,12.0,10.700000000000001,0.0
0,2,0.0,7.0,10.200000000000001,-1.222812724623063,10.700000000000001,0.0,132.93798828125,0.0,,,0,12.0,10.700000000000001,0.0
0,2,0.0,7.0,10.200000000000001,-1.222812724623063,10.700000000000001,0.0,133.43798828125,12.0,,,0,12.0,10.700000000000001,0.0
0,2,0.0,7.0,10.200000000000001,-1.222812724623063,10.700000000000001,0.0,133.93798828125,12.0,,,0,12.0,10.700000000000001,0.0
0,2,0.0,7.0,10.200000000000001,-1.222812724623063,10.700000000000001,0.0,134.43798828125,12.0,,,0,12.0,10.700000000000001,0.0
0,2,0.0,7.0,10.200000000000001,-1.222812724623063,10.700000000000001,0.0,134.93798828125,12.0,,,0,12.0,10.700000000000001,0.0
0,2,0.0,7.0,10.200000000000001,-1.222812724623063,10.700000000000001,0.0,135.43798828125,12.0,,,0,12.0,10.700000000000001,0.0
0,2,0.0,7.0,10.200000000000001,-1.222812724623063,10.700000000000001,0.0,135.93798828125,12.0,,,0,12.0,10.700000000000001,0.0
0,2,0.0,7.0,10.200000000000001,-1.222812724623063,10.700000000000001,0.0,136.43798828125,12.0,,,0,12.0,10.700000000000001,0.0
0,2,0.0,7.0,10.200000000000001,-1.222812724623063,10.700000000000001,0.0,136.93798828125,0.0,,,0,12.0,10.700000000000001,0.0
0,2,0.0,7.0,10.200000000000001,-1.222812724623063,10.700000000000001,0.0,137.43798828125,12.0,,,0,12.0,10.700000000000001,0.0
0,2,0.0,7.0,10.200000000000001,-1.222812724623063,10.700000000000001,0.0,137.93798828125,12.0,,,0,12.0,10.700000000000001,0.0
0,2,0.0,7.0,10.200000000000001,-1.222812724623063,10.700000000000001,0.0,138.43798828125,12.0,,,0,12.0,10.700000000000001,0.0
0,2,0.0,7.0,10.200000000000001,-1.222812724623063,10.700000000000001,0.0,138.93798828125,0.0,,,0,12.0,10.700000000000001,0.0
0,2,0.0,7.0,10.200000000000001,-1.222812724623063,10.700000000000001,0.0,139.43798828125,12.0,,,0,12.0,10.700000000000001,0.0
0,2,0.0,7.0,10.200000000000001,-1.222812724623063,10.700000000000001,0.0,139.93798828125,12.0,,,0,12.0,10.700000000000001,0.0
0,2,0.0,7.0,10.200000000000001,-1.222812724623063,10.700000000000001,0.0,140.43798828125,12.0,,,0,12.0,10.700000000000001,0.0
0,2,0.0,7.0,10.200000000000001,-1.222812724623063,10.700000000000001,0.0,140.93798828125,12.0,,,0,12.0,10.700000000000001,0.0
0,2,0.0,7.0,10.200000000000001,-1.222812724623063,10.700000000000001,0.0,141.43798828125,12.0,,,0,12.0,10.700000000000001,0.0
0,2,0.0,7.0,10.200000000000001,-1.222812724623063,10.700000000000001,0.0,141.93798828125,12.0,,,0,12.0,10.700000000000001,0.0
0,2,0.0,7.0,10.200000000000001,-1.222812724623063,10.700000000000001,0.0,142.43798828125,12.0,,,0,12.0,10.700000000000001,0.0
0,2,0.0,7.0,10.200000000000001,-1.222812724623063,10.700000000000001,0.0,142.93798828125,0.0,,,0,12.0,10.700000000000001,0.0
0,2,0.0,7.0,10.200000000000001,-1.222812724623063,10.700000000000001,0.0,143.43798828125,12.0,,,0,12.0,10.700000000000001,0.0
0,2,0.0,7.0,10.200000000000001,-1.222812724623063,10.700000000000001,0.0,143.93798828125,12.0,,,0,12.0,10.700000000000001,0.0
0,2,0.0,7.0,10.200000000000001,-1.222812724623063,10.700000000000001,0.0,144.43798828125,12.0,,,0,12.0,10.700000000000001,0.0
0,2,0.0,7.0,10.200000000000001,-1.222812724623063,10.700000000000001,0.0,144.93798828125,12.0,,,0,12.0,10.700000000000001,0.0
0,2,0.0,7.0,10.200000000000001,-1.222812724623063,10.700000000000001,0.0,145.43798828125,12.0,,,0,12.0,10.700000000000001,0.0
0,2,0.0,7.0,10.200000000000001,-1.222812724623063,10.700000000000001,0.0,145.93798828125,12.0,,,0,12.0,10.700000000000001,0.0
0,2,0.0,7.0,10.200000000000001,-1.222812724623063,10.700000000000001,0.0,146.43798828125,12.0,,,0,12.0,10.700000000000001,0.0
0,2,0.0,7.0,10.200000000000001,-1.222812724623063,10.700000000000001,0.0,146.93798828125,12.0,,,0,12.0,10.700000000000001,0.0
0,2,0.0,7.0,10.200000000000001,-1.222812724623063,10.700000000000001,0.0,147.43798828125,12.0,,,0,12.0,10.700000000000001,0.0
0,2,0.0,7.0,10.200000000000001,-1.222812724623063,10.700000000000001,0.0,147.93798828125,12.0,,,0,12.0,10.700000000000001,0.0
0,2,0.0,7.0,10.200000000000001,-1.222812724623063,10.700000000000001,0.0,148.43798828125,12.0,,,0,12.0,10.700000000000001,0.0
0,2,0.0,7.0,10.200000000000001,-1.222812724623063,10.700000000000001,0.0,148.93798828125,12.0,,,0,12.0,10.700000000000001,0.0
0,2,0.0,7.0,10.200000000000001,-1.222812724623063,10.700000000000001,0.0,149.43798828125,12.0,,,0,12.0,10.700000000000001,0.0
0,2,0.0,7.0,10.200000000000001,-1.222812724623063,10.700000000000001,0.0,149.93798828125,12.0,,,0,12.0,10.700000000000001,0.0
0,2,0.0,7.0,10.200000000000001,-1.222812724623063,10.700000000000001,0.0,150.43798828125,12.0,,,0,12.0,10.700000000000001,0.0
0,2,0.0,7.0,10.200000000000001,-1.222812724623063,10.700000000000001,0.0,150.93798828125,12.0,,,0,12.0,10.700000000000001,0.0
0,2,0.0,7.0,10.200000000000001,-1.222812724623063,10.700000000000001,0.0,151.43798828125,0.0,,,0,12.0,10.700000000000001,0.0
0,2,0.0,7.0,10.200000000000001,-1.222812724623063,10.700000000000001,0.0,151.93798828125,0.0,,,0,12.0,10.700000000000001,0.0
0,2,0.0,7.0,10.200000000000001,-1.222812724623063,10.700000000000001,0.0,152.43798828125,12.0,,,0,12.0,10.700000000000001,0.0
0,2,0.0,7.0,10.200000000000001,-1.222812724623063,10.700000000000001,0.0,152.93798828125,12.0,,,0,12.0,10.700000000000001,0.0
0,2,0.0,7.0,10.200000000000001,-1.222812724623063,10.700000000000001,0.0,153.43798828125,12.0,,,0,12.0,10.700000000000001,0.0
0,2,0.0,7.0,10.200000000000001,-1.222812724623063,10.700000000000001,0.0,153.93798828125,12.0,,,0,12.0,10.700000000000001,0.0
0,2,0.0,7.0,10.200000000000001,-1.222812724623063,10.700000000000001,0.0,154.43798828125,12.0,,,0,12.0,10.700000000000001,0.0
0,2,0.0,7.0,10.200000000000001,-1.222812724623063,10.700000000000001,0.0,154.93798828125,12.0,,,0,12.0,10.700000000000001,0.0
0,2,0.0,7.0,10.200000000000001,-1.222812724623063,10.700000000000001,0.0,155.43798828125,12.0,,,0,12.0,10.700000000000001,0.0
0,2,0.0,7.0,10.200000000000001,-1.222812724623063,10.700000000000001,0.0,155.93798828125,12.0,,,0,12.0,10.700000000000001,0.0
0,2,0.0,7.0,10.200000000000001,-1.222812724623063,10.700000000000001,0.0,156.43798828125,12.0,,,0,12.0,10.700000000000001,0.0
0,2,0.0,7.0,10.200000000000001,-1.222812724623063,10.700000000000001,0.0,156.93798828125,12.0,,,0,12.0,10.700000000000001,0.0
0,2,0.0,7.0,10.200000000000001,-1.222812724623063,10.700000000000001,0.0,157.43798828125,12.0,,,0,12.0,10.700000000000001,0.0
0,2,0.0,7.0,10.200000000000001,-1.222812724623063,10.700000000000001,0.0,157.93798828125,12.0,,,0,12.0,10.700000000000001,0.0
0,2,0.0,7.0,10.200000000000001,-1.222812724623063,10.700000000000001,0.0,158.43798828125,12.0,,,0,12.0,10.700000000000001,0.0
0,2,0.0,7.0,10.200000000000001,-1.222812724623063,10.700000000000001,0.0,158.93798828125,12.0,,,0,12.0,10.700000000000001,0.0
0,2,0.0,7.0,10.200000000000001,-1.222812724623063,10.700000000000001,0.0,159.43798828125,0.0,,,0,12.0,10.700000000000001,0.0
0,2,0.0,7.0,10.200000000000001,-1.222812724623063,10.700000000000001,0.0,159.93798828125,12.0,,,0,12.0,10.700000000000001,0.0
0,2,0.0,7.0,10.200000000000001,-1.222812724623063,10.700000000000001,0.0,160.43798828125,12.0,,,0,12.0,10.700000000000001,0.0
0,2,0.0,7.0,10.200000000000001,-1.222812724623063,10.700000000000001,0.0,160.93798828125,0.0,,,0,12.0,10.700000000000001,0.0
0,2,0.0,7.0,10.200000000000001,-1.222812724623063,10.700000000000001,0.0,161.43798828125,12.0,,,0,12.0,10.700000000000001,0.0
0,2,0.0,7.0,10.200000000000001,-1.222812724623063,10.700000000000001,0.0,161.93798828125,12.0,,,0,12.0,10.700000000000001,0.0
0,2,0.0,7.0,10.200000000000001,-1.222812724623063,10.700000000000001,0.0,162.43798828125,12.0,,,0,12.0,10.700000000000001,0.0
0,2,0.0,7.0,10.200000000000001,-1.222812724623063,10.700000000000001,0.0,162.93798828125,12.0,,,0,12.0,10.700000000000001,0.0
0,2,0.0,7.0,10.200000000000001,-1.222812724623063,10.700000000000001,0.0,163.43798828125,12.0,,,0,12.0,10.700000000000001,0.0
0,2,0.0,7.0,10.200000000000001,-1.222812724623063,10.700000000000001,0.0,163.93798828125,12.0,,,0,12.0,10.700000000000001,0.0
0,2,0.0,7.0,10.200000000000001,-1.222812724623063,10.700000000000001,0.0,164.43798828125,12.0,,,0,12.0,10.700000000000001,0.0
0,2,0.0,7.0,10.200000000000001,-1.222812724623063,10.700000000000001,0.0,164.93798828125,12.0,,,0,12.0,10.700000000000001,0.0
0,2,0.0,7.0,10.200000000000001,-1.222812724623063,10.700000000000001,0.0,165.43798828125,12.0,,,0,12.0,10.700000000000001,0.0
0,2,0.0,7.0,10.200000000000001,-1.222812724623063,10.700000000000001,0.0,165.93798828125,12.0,,,0,12.0,10.700000000000001,0.0
0,2,0.0,7.0,10.200000000000001,-1.222812724623063,10.700000000000001,0.0,166.43798828125,0.0,,,0,12.0,10.700000000000001,0.0
0,2,0.0,7.0,10.200000000000001,-1.222812724623063,10.700000000000001,0.0,166.93798828125,12.0,,,0,12.0,10.700000000000001,0.0
0,2,0.0,7.0,10.200000000000001,-1.222812724623063,10.700000000000001,0.0,167.43798828125,12.0,,,0,12.0,10.700000000000001,0.0
0,2,0.0,7.0,10.200000000000001,-1.222812724623063,10.700000000000001,0.0,167.93798828125,12.0,,,0,12.0,10.700000000000001,0.0
0,2,0.0,7.0,10.200000000000001,-1.222812724623063,10.700000000000001,0.0,168.43798828125,12.0,,,0,12.0,10.700000000000001,0.0
0,2,0.0,7.0,10.200000000000001,-1.222812724623063,10.700000000000001,0.0,168.93798828125,0.0,,,0,12.0,10.700000000000001,0.0
0,2,0.0,7.0,10.200000000000001,-1.222812724623063,10.700000000000001,0.0,169.43798828125,12.0,,,0,12.0,10.700000000000001,0.0
0,2,0.0,7.0,10.200000000000001,-1.222812724623063,10.700000000000001,0.0,169.93798828125,12.0,,,0,12.0,10.700000000000001,0.0
0,2,0.0,7.0,10.200000000000001,-1.222812724623063,10.700000000000001,0.0,170.43798828125,12.0,,,0,12.0,10.700000000000001,0.0
0,2,0.0,7.0,10.200000000000001,-1.222812724623063,10.700000000000001,0.0,170.93798828125,12.0,,,0,12.0,10.700000000000001,0.0
0,2,0.0,7.0,10.200000000000001,-1.222812724623063,10.700000000000001,0.0,171.43798828125,12.0,,,0,12.0,10.700000000000001,0.0
0,2,0.0,7.0,10.200000000000001,-1.222812724623063,10.700000000000001,0.0,171.93798828125,12.0,,,0,12.0,10.700000000000001,0.0
0,2,0.0,7.0,10.200000000000001,-1.222812724623063,10.700000000000001,0.0,172.43798828125,0.0,,,0,12.0,10.700000000000001,0.0
0,2,0.0,7.0,10.200000000000001,-1.222812724623063,10.700000000000001,0.0,172.93798828125,12.0,,,0,12.0,10.700000000000001,0.0
0,2,0.0,7.0,10.200000000000001,-1.222812724623063,10.700000000000001,0.0,173.43798828125,12.0,,,0,12.0,10.700000000000001,0.0
0,2,0.0,7.0,10.200000000000001,-1.222812724623063,10.700000000000001,0.0,173.93798828125,0.0,,,0,12.0,10.700000000000001,0.0
0,2,0.0,7.0,10.200000000000001,-1.222812724623063,10.700000000000001,0.0,174.43798828125,0.0,,,0,12.0,10.700000000000001,0.0
0,2,0.0,7.0,10.200000000000001,-1.222812724623063,10.700000000000001,0.0,174.93798828125,12.0,,,0,12.0,10.700000000000001,0.0
0,2,0.0,7.0,10.200000000000001,-1.222812724623063,10.700000000000001,0.0,175.43798828125,0.0,,,0,12.0,10.700000000000001,0.0
0,2,0.0,7.0,10.200000000000001,-1.222812724623063,10.700000000000001,0.0,175.93798828125,12.0,,,0,12.0,10.700000000000001,0.0
0,2,0.0,7.0,10.200000000000001,-1.222812724623063,10.700000000000001,0.0,176.43798828125,12.0,,,0,12.0,10.700000000000001,0.0
0,2,0.0,7.0,10.200000000000001,-1.222812724623063,10.700000000000001,0.0,176.93798828125,12.0,,,0,12.0,10.700000000000001,0.0
0,2,0.0,7.0,10.200000000000001,-1.222812724623063,10.700000000000001,0.0,177.43798828125,12.0,,,0,12.0,10.700000000000001,0.0
0,2,0.0,7.0,10.200000000000001,-1.222812724623063,10.700000000000001,0.0,177.93798828125,12.0,,,0,12.0,10.700000000000001,0.0
0,2,0.0,7.0,10.200000000000001,-1.222812724623063,10.700000000000001,0.0,178.43798828125,12.0,,,0,12.0,10.700000000000001,0.0
0,2,0.0,7.0,10.200000000000001,-1.222812724623063,10.700000000000001,0.0,178.93798828125,12.0,,,0,12.0,10.700000000000001,0.0
0,2,0.0,7.0,10.200000000000001,-1.222812724623063,10.700000000000001,0.0,179.43798828125,12.0,,,0,12.0,10.700000000000001,0.0
0,2,0.0,7.0,10.200000000000001,-1.222812724623063,10.700000000000001,0.0,179.93798828125,0.0,,,0,12.0,10.700000000000001,0.0
0,2,0.0,7.0,10.200000000000001,-1.222812724623063,10.700000000000001,0.0,180.43798828125,12.0,,,0,12.0,10.700000000000001,0.0
0,2,0.0,7.0,10.200000000000001,-1.222812724623063,10.700000000000001,0.0,180.93798828125,0.0,,,0,12.0,10.700000000000001,0.0
0,2,0.0,7.0,10.200000000000001,-1.222812724623063,10.700000000000001,0.0,181.43798828125,12.0,,,0,12.0,10.700000000000001,0.0
0,2,0.0,7.0,10.200000000000001,-1.222812724623063,10.700000000000001,0.0,181.93798828125,12.0,,,0,12.0,10.700000000000001,0.0
0,2,0.0,7.0,10.200000000000001,-1.222812724623063,10.700000000000001,0.0,182.43798828125,0.0,,,0,12.0,10.700000000000001,0.0
0,2,0.0,7.0,10.200000000000001,-1.222812724623063,10.700000000000001,0.0,182.93798828125,0.0,,,0,12.0,10.700000000000001,0.0
0,2,0.0,7.0,10.200000000000001,-1.222812724623063,10.700000000000001,0.0,183.43798828125,12.0,,,0,12.0,10.700000000000001,0.0
0,2,0.0,7.0,10.200000000000001,-1.222812724623063,10.700000000000001,0.0,183.93798828125,12.0,,,0,12.0,10.700000000000001,0.0
0,2,0.0,7.0,10.200000000000001,-1.222812724623063,10.700000000000001,0.0,184.43798828125,0.0,,,0,12.0,10.700000000000001,0.0
0,2,0.0,7.0,10.200000000000001,-1.222812724623063,10.700000000000001,0.0,184.93798828125,12.0,,,0,12.0,10.700000000000001,0.0
0,2,0.0,7.0,10.200000000000001,-1.222812724623063,10.700000000000001,0.0,185.43798828125,12.0,,,0,12.0,10.700000000000001,0.0
0,2,0.0,7.0,10.200000000000001,-1.222812724623063,10.700000000000001,0.0,185.93798828125,12.0,,,0,12.0,10.700000000000001,0.0
0,2,0.0,7.0,10.200000000000001,-1.222812724623063,10.700000000000001,0.0,186.43798828125,12.0,,,0,12.0,10.700000000000001,0.0
0,2,0.0,7.0,10.200000000000001,-1.222812724623063,10.700000000000001,0.0,186.93798828125,12.0,,,0,12.0,10.700000000000001,0.0
0,2,0.0,7.0,10.200000000000001,-1.222812724623063,10.700000000000001,0.0,187.43798828125,12.0,,,0,12.0,10.700000000000001,0.0
0,2,0.0,7.0,10.200000000000001,-1.222812724623063,10.700000000000001,0.0,187.93798828125,12.0,,,0,12.0,10.700000000000001,0.0
0,2,0.0,7.0,10.200000000000001,-1.222812724623063,10.700000000000001,0.0,188.43798828125,12.0,,,0,12.0,10.700000000000001,0.0
0,2,0.0,7.0,10.200000000000001,-1.222812724623063,10.700000000000001,0.0,188.93798828125,0.0,,,0,12.0,10.700000000000001,0.0
0,2,0.0,7.0,10.200000000000001,-1.222812724623063,10.700000000000001,0.0,189.43798828125,0.0,,,0,12.0,10.700000000000001,0.0
0,2,0.0,7.0,10.200000000000001,-1.222812724623063,10.700000000000001,0.0,189.93798828125,12.0,,,0,12.0,10.700000000000001,0.0
0,2,0.0,7.0,10.200000000000001,-1.222812724623063,10.700000000000001,0.0,190.43798828125,12.0,,,0,12.0,10.700000000000001,0.0
0,2,0.0,7.0,10.200000000000001,-1.222812724623063,10.700000000000001,0.0,190.93798828125,12.0,,,0,12.0,10.700000000000001,0.0
0,2,0.0,7.0,10.200000000000001,-1.222812724623063,10.700000000000001,0.0,191.43798828125,12.0,,,0,12.0,10.700000000000001,0.0
0,2,0.0,7.0,10.200000000000001,-1.222812724623063,10.700000000000001,0.0,191.93798828125,12.0,,,0,12.0,10.700000000000001,0.0
0,2,0.0,7.0,10.200000000000001,-1.222812724623063,10.700000000000001,0.0,192.43798828125,12.0,,,0,12.0,10.700000000000001,0.0
0,2,0.0,7.0,10.200000000000001,-1.222812724623063,10.700000000000001,0.0,192.93798828125,12.0,,,0,12.0,10.700000000000001,0.0
0,2,0.0,7.0,10.200000000000001,-1.222812724623063,10.700000000000001,0.0,193.43798828125,12.0,,,0,12.0,10.700000000000001,0.0
0,2,0.0,7.0,10.200000000000001,-1.222812724623063,10.700000000000001,0.0,193.93798828125,12.0,,,0,12.0,10.700000000000001,0.0
0,2,0.0,7.0,10.200000000000001,-1.222812724623063,10.700000000000001,0.0,194.43798828125,12.0,,,0,12.0,10.700000000000001,0.0
0,2,0.0,7.0,10.200000000000001,-1.222812724623063,10.700000000000001,0.0,194.93798828125,12.0,,,0,12.0,10.700000000000001,0.0
0,2,0.0,7.0,10.200000000000001,-1.222812724623063,10.700000000000001,0.0,195.43798828125,12.0,,,0,12.0,10.700000000000001,0.0
0,2,0.0,7.0,10.200000000000001,-1.222812724623063,10.700000000000001,0.0,195.93798828125,12.0,,,0,12.0,10.700000000000001,0.0
0,2,0.0,7.0,10.200000000000001,-1.222812724623063,10.700000000000001,0.0,196.43798828125,12.0,,,0,12.0,10.700000000000001,0.0
0,2,0.0,7.0,10.200000000000001,-1.222812724623063,10.700000000000001,0.0,196.93798828125,12.0,,,0,12.0,10.700000000000001,0.0
0,2,0.0,7.0,10.200000000000001,-1.222812724623063,10.700000000000001,0.0,197.43798828125,12.0,,,0,12.0,10.700000000000001,0.0
0,2,0.0,7.0,10.200000000000001,-1.222812724623063,10.700000000000001,0.0,197.93798828125,12.0,,,0,12.0,10.700000000000001,0.0
0,2,0.0,7.0,10.200000000000001,-1.222812724623063,10.700000000000001,0.0,198.43798828125,12.0,,,0,12.0,10.700000000000001,0.0
0,2,0.0,7.0,10.200000000000001,-1.222812724623063,10.700000000000001,0.0,198.93798828125,12.0,,,0,12.0,10.700000000000001,0.0
0,2,0.0,7.0,10.200000000000001,-1.222812724623063,10.700000000000001,0.0,199.43798828125,12.0,,,0,12.0,10.700000000000001,0.0
0,2,0.0,7.0,10.200000000000001,-1.222812724623063,10.700000000000001,0.0,199.93798828125,12.0,,,0,12.0,10.700000000000001,0.0
0,2,0.0,7.0,10.200000000000001,-1.222812724623063,10.700000000000001,0.0,200.43798828125,0.0,,,0,12.0,10.700000000000001,0.0
0,2,0.0,7.0,10.200000000000001,-1.222812724623063,10.700000000000001,0.0,200.93798828125,12.0,,,0,12.0,10.700000000000001,0.0
0,2,0.0,7.0,10.200000000000001,-1.222812724623063,10.700000000000001,0.0,201.43798828125,12.0,,,0,12.0,10.700000000000001,0.0
0,2,0.0,7.0,10.200000000000001,-1.222812724623063,10.700000000000001,0.0,201.93798828125,12.0,,,0,12.0,10.700000000000001,0.0
0,2,0.0,7.0,10.200000000000001,-1.222812724623063,10.700000000000001,0.0,202.43798828125,12.0,,,0,12.0,10.700000000000001,0.0
0,2,0.0,7.0,10.200000000000001,-1.222812724623063,10.700000000000001,0.0,202.93798828125,12.0,,,0,12.0,10.700000000000001,0.0
0,2,0.0,7.0,10.200000000000001,-1.222812724623063,10.700000000000001,0.0,203.43798828125,12.0,,,0,12.0,10.700000000000001,0.0
0,2,0.0,7.0,10.200000000000001,-1.222812724623063,10.700000000000001,0.0,203.93798828125,12.0,,,0,12.0,10.700000000000001,0.0
0,2,0.0,7.0,10.200000000000001,-1.222812724623063,10.700000000000001,0.0,204.43798828125,12.0,,,0,12.0,10.700000000000001,0.0
0,2,0.0,7.0,10.200000000000001,-1.222812724623063,10.700000000000001,0.0,204.93798828125,12.0,,,0,12.0,10.700000000000001,0.0
0,2,0.0,7.0,10.200000000000001,-1.222812724623063,10.700000000000001,0.0,205.43798828125,12.0,,,0,12.0,10.700000000000001,0.0
0,2,0.0,7.0,10.200000000000001,-1.222812724623063,10.700000000000001,0.0,205.93798828125,12.0,,,0,12.0,10.700000000000001,0.0
0,2,0.0,7.0,10.200000000000001,-1.222812724623063,10.700000000000001,0.0,206.43798828125,12.0,,,0,12.0,10.700000000000001,0.0
0,2,0.0,7.0,10.200000000000001,-1.222812724623063,10.700000000000001,0.0,206.93798828125,12.0,,,0,12.0,10.700000000000001,0.0
0,2,0.0,7.0,10.200000000000001,-1.222812724623063,10.700000000000001,0.0,207.43798828125,0.0,,,0,12.0,10.700000000000001,0.0
0,2,0.0,7.0,10.200000000000001,-1.222812724623063,10.700000000000001,0.0,207.93798828125,0.0,,,0,12.0,10.700000000000001,0.0
0,2,0.0,7.0,10.200000000000001,-1.222812724623063,10.700000000000001,0.0,208.43798828125,12.0,,,0,12.0,10.700000000000001,0.0
0,2,0.0,7.0,10.200000000000001,-1.222812724623063,10.700000000000001,0.0,208.93798828125,12.0,,,0,12.0,10.700000000000001,0.0
0,2,0.0,7.0,10.200000000000001,-1.222812724623063,10.700000000000001,0.0,209.43798828125,12.0,,,0,12.0,10.700000000000001,0.0
0,2,0.0,7.0,10.200000000000001,-1.222812724623063,10.700000000000001,0.0,209.93798828125,12.0,,,0,12.0,10.700000000000001,0.0
0,2,0.0,7.0,10.200000000000001,-1.222812724623063,10.700000000000001,0.0,210.43798828125,12.0,,,0,12.0,10.700000000000001,0.0
0,2,0.0,7.0,10.200000000000001,-1.222812724623063,10.700000000000001,0.0,210.93798828125,0.0,,,0,12.0,10.700000000000001,0.0
0,2,0.0,7.0,10.200000000000001,-1.222812724623063,10.700000000000001,0.0,211.43798828125,12.0,,,0,12.0,10.700000000000001,0.0
0,2,0.0,7.0,10.200000000000001,-1.222812724623063,10.700000000000001,0.0,211.93798828125,12.0,,,0,12.0,10.700000000000001,0.0
0,2,0.0,7.0,10.200000000000001,-1.222812724623063,10.700000000000001,0.0,212.43798828125,12.0,,,0,12.0,10.700000000000001,0.0
0,2,0.0,7.0,10.200000000000001,-1.222812724623063,10.700000000000001,0.0,212.93798828125,12.0,,,0,12.0,10.700000000000001,0.0
0,2,0.0,7.0,10.200000000000001,-1.222812724623063,10.700000000000001,0.0,213.43798828125,12.0,,,0,12.0,10.700000000000001,0.0
0,2,0.0,7.0,10.200000000000001,-1.222812724623063,10.700000000000001,0.0,213.93798828125,12.0,,,0,12.0,10.700000000000001,0.0
0,2,0.0,7.0,10.200000000000001,-1.222812724623063,10.700000000000001,0.0,214.43798828125,12.0,,,0,12.0,10.700000000000001,0.0
0,2,0.0,7.0,10.200000000000001,-1.222812724623063,10.700000000000001,0.0,214.93798828125,12.0,,,0,12.0,10.700000000000001,0.0
0,2,0.0,7.0,10.200000000000001,-1.222812724623063,10.700000000000001,0.0,215.43798828125,12.0,,,0,12.0,10.700000000000001,0.0
0,2,0.0,7.0,10.200000000000001,-1.222812724623063,10.700000000000001,0.0,215.93798828125,12.0,,,0,12.0,10.700000000000001,0.0
0,2,0.0,7.0,10.200000000000001,-1.222812724623063,10.700000000000001,0.0,216.43798828125,12.0,,,0,12.0,10.700000000000001,0.0
0,2,0.0,7.0,10.200000000000001,-1.222812724623063,10.700000000000001,0.0,216.93798828125,12.0,,,0,12.0,10.700000000000001,0.0
0,2,0.0,7.0,10.200000000000001,-1.222812724623063,10.700000000000001,0.0,217.43798828125,12.0,,,0,12.0,10.700000000000001,0.0
0,2,0.0,7.0,10.200000000000001,-1.222812724623063,10.700000000000001,0.0,217.93798828125,12.0,,,0,12.0,10.700000000000001,0.0
0,2,0.0,7.0,10.200000000000001,-1.222812724623063,10.700000000000001,0.0,218.43798828125,12.0,,,0,12.0,10.700000000000001,0.0
0,2,0.0,7.0,10.200000000000001,-1.222812724623063,10.700000000000001,0.0,218.93798828125,12.0,,,0,12.0,10.700000000000001,0.0
0,2,0.0,7.0,10.200000000000001,-1.222812724623063,10.700000000000001,0.0,219.43798828125,12.0,,,0,12.0,10.700000000000001,0.0
0,2,0.0,7.0,10.200000000000001,-1.222812724623063,10.700000000000001,0.0,219.93798828125,12.0,,,0,12.0,10.700000000000001,0.0
0,2,0.0,7.0,10.200000000000001,-1.222812724623063,10.700000000000001,0.0,220.43798828125,0.0,,,0,12.0,10.700000000000001,0.0
0,2,0.0,7.0,10.200000000000001,-1.222812724623063,10.700000000000001,0.0,220.93798828125,12.0,,,0,12.0,10.700000000000001,0.0
0,2,0.0,7.0,10.200000000000001,-1.222812724623063,10.700000000000001,0.0,221.43798828125,12.0,,,0,12.0,10.700000000000001,0.0
0,2,0.0,7.0,10.200000000000001,-1.222812724623063,10.700000000000001,0.0,221.93798828125,12.0,,,0,12.0,10.700000000000001,0.0
0,2,0.0,7.0,10.200000000000001,-1.222812724623063,10.700000000000001,0.0,222.43798828125,12.0,,,0,12.0,10.700000000000001,0.0
0,2,0.0,7.0,10.200000000000001,-1.222812724623063,10.700000000000001,0.0,222.93798828125,12.0,,,0,12.0,10.700000000000001,0.0
0,2,0.0,7.0,10.200000000000001,-1.222812724623063,10.700000000000001,0.0,223.43798828125,12.0,,,0,12.0,10.700000000000001,0.0
0,2,0.0,7.0,10.200000000000001,-1.222812724623063,10.700000000000001,0.0,223.93798828125,12.0,,,0,12.0,10.700000000000001,0.0
0,2,0.0,7.0,10.200000000000001,-1.222812724623063,10.700000000000001,0.0,224.43798828125,12.0,,,0,12.0,10.700000000000001,0.0
0,2,0.0,7.0,10.200000000000001,-1.222812724623063,10.700000000000001,0.0,224.93798828125,12.0,,,0,12.0,10.700000000000001,0.0
0,2,0.0,7.0,10.200000000000001,-1.222812724623063,10.700000000000001,0.0,225.43798828125,12.0,,,0,12.0,10.700000000000001,0.0
0,2,0.0,7.0,10.200000000000001,-1.222812724623063,10.700000000000001,0.0,225.93798828125,12.0,,,0,12.0,10.700000000000001,0.0
0,2,0.0,7.0,10.200000000000001,-1.222812724623063,10.700000000000001,0.0,226.43798828125,12.0,,,0,12.0,10.700000000000001,0.0
0,2,0.0,7.0,10.200000000000001,-1.222812724623063,10.700000000000001,0.0,226.93798828125,12.0,,,0,12.0,10.700000000000001,0.0
0,2,0.0,7.0,10.200000000000001,-1.222812724623063,10.700000000000001,0.0,227.43798828125,12.0,,,0,12.0,10.700000000000001,0.0
0,2,0.0,7.0,10.200000000000001,-1.222812724623063,10.700000000000001,0.0,227.93798828125,0.0,,,0,12.0,10.700000000000001,0.0
0,2,0.0,7.0,10.200000000000001,-1.222812724623063,10.700000000000001,0.0,228.43798828125,12.0,,,0,12.0,10.700000000000001,0.0
0,2,0.0,7.0,10.200000000000001,-1.222812724623063,10.700000000000001,0.0,228.93798828125,0.0,,,0,12.0,10.700000000000001,0.0
0,2,0.0,7.0,10.200000000000001,-1.222812724623063,10.700000000000001,0.0,229.43798828125,12.0,,,0,12.0,10.700000000000001,0.0
0,2,0.0,7.0,10.200000000000001,-1.222812724623063,10.700000000000001,0.0,229.93798828125,12.0,,,0,12.0,10.700000000000001,0.0
0,2,0.0,7.0,10.200000000000001,-1.222812724623063,10.700000000000001,0.0,230.43798828125,12.0,,,0,12.0,10.700000000000001,0.0
0,2,0.0,7.0,10.200000000000001,-1.222812724623063,10.700000000000001,0.0,230.93798828125,12.0,,,0,12.0,10.700000000000001,0.0
0,2,0.0,7.0,10.200000000000001,-1.222812724623063,10.700000000000001,0.0,231.43798828125,12.0,,,0,12.0,10.700000000000001,0.0
0,2,0.0,7.0,10.200000000000001,-1.222812724623063,10.700000000000001,0.0,231.93798828125,12.0,,,0,12.0,10.700000000000001,0.0
0,2,0.0,7.0,10.200000000000001,-1.222812724623063,10.700000000000001,0.0,232.43798828125,12.0,,,0,12.0,10.700000000000001,0.0
0,2,0.0,7.0,10.200000000000001,-1.222812724623063,10.700000000000001,0.0,232.93798828125,12.0,,,0,12.0,10.700000000000001,0.0
0,2,0.0,7.0,10.200000000000001,-1.222812724623063,10.700000000000001,0.0,233.43798828125,12.0,,,0,12.0,10.700000000000001,0.0
0,2,0.0,7.0,10.200000000000001,-1.222812724623063,10.700000000000001,0.0,233.93798828125,0.0,,,0,12.0,10.700000000000001,0.0
0,2,0.0,7.0,10.200000000000001,-1.222812724623063,10.700000000000001,0.0,234.43798828125,12.0,,,0,12.0,10.700000000000001,0.0
0,2,0.0,7.0,10.200000000000001,-1.222812724623063,10.700000000000001,0.0,234.93798828125,12.0,,,0,12.0,10.700000000000001,0.0
0,2,0.0,7.0,10.200000000000001,-1.222812724623063,10.700000000000001,0.0,235.43798828125,12.0,,,0,12.0,10.700000000000001,0.0
0,2,0.0,7.0,10.200000000000001,-1.222812724623063,10.700000000000001,0.0,235.93798828125,12.0,,,0,12.0,10.700000000000001,0.0
0,2,0.0,7.0,10.200000000000001,-1.222812724623063,10.700000000000001,0.0,236.43798828125,0.0,,,0,12.0,10.700000000000001,0.0
0,2,0.0,7.0,10.200000000000001,-1.222812724623063,10.700000000000001,0.0,236.93798828125,12.0,,,0,12.0,10.700000000000001,0.0
0,2,0.0,7.0,10.200000000000001,-1.222812724623063,10.700000000000001,0.0,237.43798828125,12.0,,,0,12.0,10.700000000000001,0.0
0,2,0.0,7.0,10.200000000000001,-1.222812724623063,10.700000000000001,0.0,237.93798828125,12.0,,,0,12.0,10.700000000000001,0.0
0,2,0.0,7.0,10.200000000000001,-1.222812724623063,10.700000000000001,0.0,238.43798828125,12.0,,,0,12.0,10.700000000000001,0.0
0,2,0.0,7.0,10.200000000000001,-1.222812724623063,10.700000000000001,0.0,238.93798828125,12.0,,,0,12.0,10.700000000000001,0.0
0,2,0.0,7.0,10.200000000000001,-1.222812724623063,10.700000000000001,0.0,239.43798828125,12.0,,,0,12.0,10.700000000000001,0.0
0,2,0.0,7.0,10.200000000000001,-1.222812724623063,10.700000000000001,0.0,239.93798828125,12.0,,,0,12.0,10.700000000000001,0.0
0,2,0.0,7.0,10.200000000000001,-1.222812724623063,10.700000000000001,0.0,240.43798828125,12.0,,,0,12.0,10.700000000000001,0.0
0,2,0.0,7.0,10.200000000000001,-1.222812724623063,10.700000000000001,0.0,240.93798828125,0.0,,,0,12.0,10.700000000000001,0.0
0,2,0.0,7.0,10.200000000000001,-1.222812724623063,10.700000000000001,0.0,241.43798828125,12.0,,,0,12.0,10.700000000000001,0.0
0,2,0.0,7.0,10.200000000000001,-1.222812724623063,10.700000000000001,0.0,241.93798828125,0.0,,,0,12.0,10.700000000000001,0.0
0,2,0.0,7.0,10.200000000000001,-1.222812724623063,10.700000000000001,0.0,242.43798828125,12.0,,,0,12.0,10.700000000000001,0.0
0,2,0.0,7.0,10.200000000000001,-1.222812724623063,10.700000000000001,0.0,242.93798828125,12.0,,,0,12.0,10.700000000000001,0.0
0,2,0.0,7.0,10.200000000000001,-1.222812724623063,10.700000000000001,0.0,243.43798828125,12.0,,,0,12.0,10.700000000000001,0.0
0,2,0.0,7.0,10.200000000000001,-1.222812724623063,10.700000000000001,0.0,243.93798828125,12.0,,,0,12.0,10.700000000000001,0.0
0,2,0.0,7.0,10.200000000000001,-1.222812724623063,10.700000000000001,0.0,244.43798828125,12.0,,,0,12.0,10.700000000000001,0.0
0,2,0.0,7.0,10.200000000000001,-1.222812724623063,10.700000000000001,0.0,244.93798828125,12.0,,,0,12.0,10.700000000000001,0.0
0,2,0.0,7.0,10.200000000000001,-1.222812724623063,10.700000000000001,0.0,245.43798828125,12.0,,,0,12.0,10.700000000000001,0.0
0,2,0.0,7.0,10.200000000000001,-1.222812724623063,10.700000000000001,0.0,245.93798828125,0.0,,,0,12.0,10.700000000000001,0.0
0,2,0.0,7.0,10.200000000000001,-1.222812724623063,10.700000000000001,0.0,246.43798828125,12.0,,,0,12.0,10.700000000000001,0.0
0,2,0.0,7.0,10.200000000000001,-1.222812724623063,10.700000000000001,0.0,246.93798828125,0.0,,,0,12.0,10.700000000000001,0.0
0,2,0.0,7.0,10.200000000000001,-1.222812724623063,10.700000000000001,0.0,247.43798828125,12.0,,,0,12.0,10.700000000000001,0.0
0,2,0.0,7.0,10.200000000000001,-1.222812724623063,10.700000000000001,0.0,247.93798828125,0.0,,,0,12.0,10.700000000000001,0.0
0,2,0.0,7.0,10.200000000000001,-1.222812724623063,10.700000000000001,0.0,248.43798828125,12.0,,,0,12.0,10.700000000000001,0.0
0,2,0.0,7.0,10.200000000000001,-1.222812724623063,10.700000000000001,0.0,248.93798828125,12.0,,,0,12.0,10.700000000000001,0.0
0,2,0.0,7.0,10.200000000000001,-1.222812724623063,10.700000000000001,0.0,249.43798828125,12.0,,,0,12.0,10.700000000000001,0.0
0,2,0.0,7.0,10.200000000000001,-1.222812724623063,10.700000000000001,0.0,249.93798828125,12.0,,,0,12.0,10.700000000000001,0.0
0,2,0.0,7.0,10.200000000000001,-1.222812724623063,10.700000000000001,0.0,250.43798828125,12.0,,,0,12.0,10.700000000000001,0.0
0,2,0.0,7.0,10.200000000000001,-1.222812724623063,10.700000000000001,0.0,250.93798828125,12.0,,,0,12.0,10.700000000000001,0.0
0,2,0.0,7.0,10.200000000000001,-1.222812724623063,10.700000000000001,0.0,251.43798828125,12.0,,,0,12.0,10.700000000000001,0.0
0,2,0.0,7.0,10.200000000000001,-1.222812724623063,10.700000000000001,0.0,251.93798828125,0.0,,,0,12.0,10.700000000000001,0.0
0,2,0.0,7.0,10.200000000000001,-1.222812724623063,10.700000000000001,0.0,252.43798828125,0.0,,,0,12.0,10.700000000000001,0.0
0,2,0.0,7.0,10.200000000000001,-1.222812724623063,10.700000000000001,0.0,252.93798828125,12.0,,,0,12.0,10.700000000000001,0.0
0,2,0.0,7.0,10.200000000000001,-1.222812724623063,10.700000000000001,0.0,253.43798828125,0.0,,,0,12.0,10.700000000000001,0.0
0,2,0.0,7.0,10.200000000000001,-1.222812724623063,10.700000000000001,0.0,253.93798828125,12.0,,,0,12.0,10.700000000000001,0.0
0,2,0.0,7.0,10.200000000000001,-1.222812724623063,10.700000000000001,0.0,254.43798828125,12.0,,,0,12.0,10.700000000000001,0.0
0,2,0.0,7.0,10.200000000000001,-1.222812724623063,10.700000000000001,0.0,254.93798828125,12.0,,,0,12.0,10.700000000000001,0.0
0,2,0.0,7.0,10.200000000000001,-1.222812724623063,10.700000000000001,0.0,255.43798828125,12.0,,,0,12.0,10.700000000000001,0.0
0,2,0.0,7.0,10.200000000000001,-1.222812724623063,10.700000000000001,0.0,255.93798828125,12.0,,,0,12.0,10.700000000000001,0.0
0,2,0.0,7.0,10.200000000000001,-1.222812724623063,10.700000000000001,0.0,256.43798828125,12.0,,,0,12.0,10.700000000000001,0.0
0,2,0.0,7.0,10.200000000000001,-1.222812724623063,10.700000000000001,0.0,256.93798828125,0.0,,,0,12.0,10.700000000000001,0.0
0,2,0.0,7.0,10.200000000000001,-1.222812724623063,10.700000000000001,0.0,257.43798828125,0.0,,,0,12.0,10.700000000000001,0.0
0,2,0.0,7.0,10.200000000000001,-1.222812724623063,10.700000000000001,0.0,257.93798828125,12.0,,,0,12.0,10.700000000000001,0.0
0,2,0.0,7.0,10.200000000000001,-1.222812724623063,10.700000000000001,0.0,258.43798828125,12.0,,,0,12.0,10.700000000000001,0.0
0,2,0.0,7.0,10.200000000000001,-1.222812724623063,10.700000000000001,0.0,258.93798828125,12.0,,,0,12.0,10.700000000000001,0.0
0,2,0.0,7.0,10.200000000000001,-1.222812724623063,10.700000000000001,0.0,259.43798828125,12.0,,,0,12.0,10.700000000000001,0.0
0,2,0.0,7.0,10.200000000000001,-1.222812724623063,10.700000000000001,0.0,259.93798828125,12.0,,,0,12.0,10.700000000000001,0.0
0,2,0.0,7.0,10.200000000000001,-1.222812724623063,10.700000000000001,0.0,260.43798828125,12.0,,,0,12.0,10.700000000000001,0.0
0,2,0.0,7.0,10.200000000000001,-1.222812724623063,10.700000000000001,0.0,260.93798828125,12.0,,,0,12.0,10.700000000000001,0.0
0,2,0.0,7.0,10.200000000000001,-1.222812724623063,10.700000000000001,0.0,261.43798828125,12.0,,,0,12.0,10.700000000000001,0.0
0,2,0.0,7.0,10.200000000000001,-1.222812724623063,10.700000000000001,0.0,261.93798828125,12.0,,,0,12.0,10.700000000000001,0.0
0,2,0.0,7.0,10.200000000000001,-1.222812724623063,10.700000000000001,0.0,262.43798828125,12.0,,,0,12.0,10.700000000000001,0.0
0,2,0.0,7.0,10.200000000000001,-1.222812724623063,10.700000000000001,0.0,262.93798828125,12.0,,,0,12.0,10.700000000000001,0.0
0,2,0.0,7.0,10.200000000000001,-1.222812724623063,10.700000000000001,0.0,263.43798828125,12.0,,,0,12.0,10.700000000000001,0.0
0,2,0.0,7.0,10.200000000000001,-1.222812724623063,10.700000000000001,0.0,263.93798828125,12.0,,,0,12.0,10.700000000000001,0.0
0,2,0.0,7.0,10.200000000000001,-1.222812724623063,10.700000000000001,0.0,264.43798828125,12.0,,,0,12.0,10.700000000000001,0.0
0,2,0.0,7.0,10.200000000000001,-1.222812724623063,10.700000000000001,0.0,264.93798828125,12.0,,,0,12.0,10.700000000000001,0.0
0,2,0.0,7.0,10.200000000000001,-1.222812724623063,10.700000000000001,0.0,265.43798828125,12.0,,,0,12.0,10.700000000000001,0.0
0,2,0.0,7.0,10.200000000000001,-1.222812724623063,10.700000000000001,0.0,265.93798828125,12.0,,,0,12.0,10.700000000000001,0.0
0,2,0.0,7.0,10.200000000000001,-1.222812724623063,10.700000000000001,0.0,266.43798828125,12.0,,,0,12.0,10.700000000000001,0.0
0,2,0.0,7.0,10.200000000000001,-1.222812724623063,10.700000000000001,0.0,266.93798828125,12.0,,,0,12.0,10.700000000000001,0.0
0,2,0.0,7.0,10.200000000000001,-1.222812724623063,10.700000000000001,0.0,267.43798828125,12.0,,,0,12.0,10.700000000000001,0.0
0,2,0.0,7.0,10.200000000000001,-1.222812724623063,10.700000000000001,0.0,267.93798828125,12.0,,,0,12.0,10.700000000000001,0.0
0,2,0.0,7.0,10.200000000000001,-1.222812724623063,10.700000000000001,0.0,268.43798828125,12.0,,,0,12.0,10.700000000000001,0.0
0,2,0.0,7.0,10.200000000000001,-1.222812724623063,10.700000000000001,0.0,268.93798828125,12.0,,,0,12.0,10.700000000000001,0.0
0,2,0.0,7.0,10.200000000000001,-1.222812724623063,10.700000000000001,0.0,269.43798828125,12.0,,,0,12.0,10.700000000000001,0.0
0,2,0.0,7.0,10.200000000000001,-1.222812724623063,10.700000000000001,0.0,269.93798828125,12.0,,,0,12.0,10.700000000000001,0.0
0,2,0.0,7.0,10.200000000000001,-1.222812724623063,10.700000000000001,0.0,270.43798828125,0.0,,,0,12.0,10.700000000000001,0.0
0,2,0.0,7.0,10.200000000000001,-1.222812724623063,10.700000000000001,0.0,270.93798828125,0.0,,,0,12.0,10.700000000000001,0.0
0,2,0.0,7.0,10.200000000000001,-1.222812724623063,10.700000000000001,0.0,271.43798828125,12.0,,,0,12.0,10.700000000000001,0.0
0,2,0.0,7.0,10.200000000000001,-1.222812724623063,10.700000000000001,0.0,271.93798828125,12.0,,,0,12.0,10.700000000000001,0.0
0,2,0.0,7.0,10.200000000000001,-1.222812724623063,10.700000000000001,0.0,272.43798828125,12.0,,,0,12.0,10.700000000000001,0.0
0,2,0.0,7.0,10.200000000000001,-1.222812724623063,10.700000000000001,0.0,272.93798828125,12.0,,,0,12.0,10.700000000000001,0.0
0,2,0.0,7.0,10.200000000000001,-1.222812724623063,10.700000000000001,0.0,273.43798828125,0.0,,,0,12.0,10.700000000000001,0.0
0,2,0.0,7.0,10.200000000000001,-1.222812724623063,10.700000000000001,0.0,273.93798828125,12.0,,,0,12.0,10.700000000000001,0.0
0,2,0.0,7.0,10.200000000000001,-1.222812724623063,10.700000000000001,0.0,274.43798828125,12.0,,,0,12.0,10.700000000000001,0.0
0,2,0.0,7.0,10.200000000000001,-1.222812724623063,10.700000000000001,0.0,274.93798828125,12.0,,,0,12.0,10.700000000000001,0.0
0,2,0.0,7.0,10.200000000000001,-1.222812724623063,10.700000000000001,0.0,275.43798828125,12.0,,,0,12.0,10.700000000000001,0.0
0,2,0.0,7.0,10.200000000000001,-1.222812724623063,10.700000000000001,0.0,275.93798828125,12.0,,,0,12.0,10.700000000000001,0.0
0,2,0.0,7.0,10.200000000000001,-1.222812724623063,10.700000000000001,0.0,276.43798828125,12.0,,,0,12.0,10.700000000000001,0.0
0,2,0.0,7.0,10.200000000000001,-1.222812724623063,10.700000000000001,0.0,276.93798828125,12.0,,,0,12.0,10.700000000000001,0.0
0,2,0.0,7.0,10.200000000000001,-1.222812724623063,10.700000000000001,0.0,277.43798828125,12.0,,,0,12.0,10.700000000000001,0.0
0,2,0.0,7.0,10.200000000000001,-1.222812724623063,10.700000000000001,0.0,277.93798828125,12.0,,,0,12.0,10.700000000000001,0.0
0,2,0.0,7.0,10.200000000000001,-1.222812724623063,10.700000000000001,0.0,278.43798828125,12.0,,,0,12.0,10.700000000000001,0.0
0,2,0.0,7.0,10.200000000000001,-1.222812724623063,10.700000000000001,0.0,278.93798828125,12.0,,,0,12.0,10.700000000000001,0.0
0,2,0.0,7.0,10.200000000000001,-1.222812724623063,10.700000000000001,0.0,279.43798828125,12.0,,,0,12.0,10.700000000000001,0.0
0,2,0.0,7.0,10.200000000000001,-1.222812724623063,10.700000000000001,0.0,279.93798828125,12.0,,,0,12.0,10.700000000000001,0.0
0,2,0.0,7.0,10.200000000000001,-1.222812724623063,10.700000000000001,0.0,280.43798828125,12.0,,,0,12.0,10.700000000000001,0.0
0,2,0.0,7.0,10.200000000000001,-1.222812724623063,10.700000000000001,0.0,280.93798828125,12.0,,,0,12.0,10.700000000000001,0.0
0,2,0.0,7.0,10.200000000000001,-1.222812724623063,10.700000000000001,0.0,281.43798828125,0.0,,,0,12.0,10.700000000000001,0.0
0,2,0.0,7.0,10.200000000000001,-1.222812724623063,10.700000000000001,0.0,281.93798828125,12.0,,,0,12.0,10.700000000000001,0.0
0,2,0.0,7.0,10.200000000000001,-1.222812724623063,10.700000000000001,0.0,282.43798828125,12.0,,,0,12.0,10.700000000000001,0.0
0,2,0.0,7.0,10.200000000000001,-1.222812724623063,10.700000000000001,0.0,282.93798828125,12.0,,,0,12.0,10.700000000000001,0.0
0,2,0.0,7.0,10.200000000000001,-1.222812724623063,10.700000000000001,0.0,283.43798828125,0.0,,,0,12.0,10.700000000000001,0.0
0,2,0.0,7.0,10.200000000000001,-1.222812724623063,10.700000000000001,0.0,283.93798828125,12.0,,,0,12.0,10.700000000000001,0.0
0,2,0.0,7.0,10.200000000000001,-1.222812724623063,10.700000000000001,0.0,284.43798828125,12.0,,,0,12.0,10.700000000000001,0.0
0,2,0.0,7.0,10.200000000000001,-1.222812724623063,10.700000000000001,0.0,284.93798828125,12.0,,,0,12.0,10.700000000000001,0.0
0,2,0.0,7.0,10.200000000000001,-1.222812724623063,10.700000000000001,0.0,285.43798828125,12.0,,,0,12.0,10.700000000000001,0.0
0,2,0.0,7.0,10.200000000000001,-1.222812724623063,10.700000000000001,0.0,285.93798828125,12.0,,,0,12.0,10.700000000000001,0.0
0,2,0.0,7.0,10.200000000000001,-1.222812724623063,10.700000000000001,0.0,286.43798828125,0.0,,,0,12.0,10.700000000000001,0.0
0,2,0.0,7.0,10.200000000000001,-1.222812724623063,10.700000000000001,0.0,286.93798828125,0.0,,,0,12.0,10.700000000000001,0.0
0,2,0.0,7.0,10.200000000000001,-1.222812724623063,10.700000000000001,0.0,287.43798828125,12.0,,,0,12.0,10.700000000000001,0.0
0,2,0.0,7.0,10.200000000000001,-1.222812724623063,10.700000000000001,0.0,287.93798828125,12.0,,,0,12.0,10.700000000000001,0.0
0,2,0.0,7.0,10.200000000000001,-1.222812724623063,10.700000000000001,0.0,288.43798828125,12.0,,,0,12.0,10.700000000000001,0.0
0,2,0.0,7.0,10.200000000000001,-1.222812724623063,10.700000000000001,0.0,288.93798828125,12.0,,,0,12.0,10.700000000000001,0.0
0,2,0.0,7.0,10.200000000000001,-1.222812724623063,10.700000000000001,0.0,289.43798828125,0.0,,,0,12.0,10.700000000000001,0.0
0,2,0.0,7.0,10.200000000000001,-1.222812724623063,10.700000000000001,0.0,289.93798828125,10.88039493560791,10.699999809265137,0.0,1,10.850345611572266,10.700000000000001,0.0
0,2,0.0,7.0,10.200000000000001,-1.222812724623063,10.700000000000001,0.0,290.43798828125,12.0,,,0,12.0,10.700000000000001,0.0
0,2,0.0,7.0,10.200000000000001,-1.222812724623063,10.700000000000001,0.0,290.93798828125,12.0,,,0,12.0,10.700000000000001,0.0
0,2,0.0,7.0,10.200000000000001,-1.222812724623063,10.700000000000001,0.0,291.43798828125,12.0,,,0,12.0,10.700000000000001,0.0
0,2,0.0,7.0,10.200000000000001,-1.222812724623063,10.700000000000001,0.0,291.93798828125,12.0,,,0,12.0,10.700000000000001,0.0
0,2,0.0,7.0,10.200000000000001,-1.222812724623063,10.700000000000001,0.0,292.43798828125,0.0,,,0,12.0,10.700000000000001,0.0
0,2,0.0,7.0,10.200000000000001,-1.222812724623063,10.700000000000001,0.0,292.93798828125,12.0,,,0,12.0,10.700000000000001,0.0
0,2,0.0,7.0,10.200000000000001,-1.222812724623063,10.700000000000001,0.0,293.43798828125,12.0,,,0,12.0,10.700000000000001,0.0
0,2,0.0,7.0,10.200000000000001,-1.222812724623063,10.700000000000001,0.0,293.93798828125,12.0,,,0,12.0,10.700000000000001,0.0
0,2,0.0,7.0,10.200000000000001,-1.222812724623063,10.700000000000001,0.0,294.43798828125,12.0,,,0,12.0,10.700000000000001,0.0
0,2,0.0,7.0,10.200000000000001,-1.222812724623063,10.700000000000001,0.0,294.93798828125,12.0,,,0,12.0,10.700000000000001,0.0
0,2,0.0,7.0,10.200000000000001,-1.222812724623063,10.700000000000001,0.0,295.43798828125,12.0,,,0,12.0,10.700000000000001,0.0
0,2,0.0,7.0,10.200000000000001,-1.222812724623063,10.700000000000001,0.0,295.93798828125,12.0,,,0,12.0,10.700000000000001,0.0
0,2,0.0,7.0,10.200000000000001,-1.222812724623063,10.700000000000001,0.0,296.43798828125,12.0,,,0,12.0,10.700000000000001,0.0
0,2,0.0,7.0,10.200000000000001,-1.222812724623063,10.700000000000001,0.0,296.93798828125,12.0,,,0,12.0,10.700000000000001,0.0
0,2,0.0,7.0,10.200000000000001,-1.222812724623063,10.700000000000001,0.0,297.43798828125,12.0,,,0,12.0,10.700000000000001,0.0
0,2,0.0,7.0,10.200000000000001,-1.222812724623063,10.700000000000001,0.0,297.93798828125,0.0,,,0,12.0,10.700000000000001,0.0
0,2,0.0,7.0,10.200000000000001,-1.222812724623063,10.700000000000001,0.0,298.43798828125,0.0,,,0,12.0,10.700000000000001,0.0
0,2,0.0,7.0,10.200000000000001,-1.222812724623063,10.700000000000001,0.0,298.93798828125,12.0,,,0,12.0,10.700000000000001,0.0
0,2,0.0,7.0,10.200000000000001,-1.222812724623063,10.700000000000001,0.0,299.43798828125,12.0,,,0,12.0,10.700000000000001,0.0
0,2,0.0,7.0,10.200000000000001,-1.222812724623063,10.700000000000001,0.0,299.93798828125,12.0,,,0,12.0,10.700000000000001,0.0
0,2,0.0,7.0,10.200000000000001,-1.222812724623063,10.700000000000001,0.0,300.43798828125,12.0,,,0,12.0,10.700000000000001,0.0
0,2,0.0,7.0,10.200000000000001,-1.222812724623063,10.700000000000001,0.0,300.93798828125,0.0,,,0,12.0,10.700000000000001,0.0
0,2,0.0,7.0,10.200000000000001,-1.222812724623063,10.700000000000001,0.0,301.43798828125,12.0,,,0,12.0,10.700000000000001,0.0
0,2,0.0,7.0,10.200000000000001,-1.222812724623063,10.700000000000001,0.0,301.93798828125,12.0,,,0,12.0,10.700000000000001,0.0
0,2,0.0,7.0,10.200000000000001,-1.222812724623063,10.700000000000001,0.0,302.43798828125,12.0,,,0,12.0,10.700000000000001,0.0
0,2,0.0,7.0,10.200000000000001,-1.222812724623063,10.700000000000001,0.0,302.93798828125,0.0,,,0,12.0,10.700000000000001,0.0
0,2,0.0,7.0,10.200000000000001,-1.222812724623063,10.700000000000001,0.0,303.43798828125,12.0,,,0,12.0,10.700000000000001,0.0
0,2,0.0,7.0,10.200000000000001,-1.222812724623063,10.700000000000001,0.0,303.93798828125,12.0,,,0,12.0,10.700000000000001,0.0
0,2,0.0,7.0,10.200000000000001,-1.222812724623063,10.700000000000001,0.0,304.43798828125,12.0,,,0,12.0,10.700000000000001,0.0
0,2,0.0,7.0,10.200000000000001,-1.222812724623063,10.700000000000001,0.0,304.93798828125,12.0,,,0,12.0,10.700000000000001,0.0
0,2,0.0,7.0,10.200000000000001,-1.222812724623063,10.700000000000001,0.0,305.43798828125,12.0,,,0,12.0,10.700000000000001,0.0
0,2,0.0,7.0,10.200000000000001,-1.222812724623063,10.700000000000001,0.0,305.93798828125,11.956933975219727,14.0,0.5433664321899414,1,11.926884651184082,10.700000000000001,0.0
0,2,0.0,7.0,10.200000000000001,-1.222812724623063,10.700000000000001,0.0,306.43798828125,11.81550407409668,14.0,0.7185999155044556,1,11.785454750061035,10.700000000000001,0.0
0,2,0.0,7.0,10.200000000000001,-1.222812724623063,10.700000000000001,0.0,306.93798828125,11.678266525268555,14.0,0.8897391557693481,1,11.64821720123291,10.700000000000001,0.0
0,2,0.0,7.0,10.200000000000001,-1.222812724623063,10.700000000000001,0.0,307.43798828125,11.54505443572998,14.0,1.0569511651992798,1,11.515005111694336,10.700000000000001,0.0
0,2,0.0,7.0,10.200000000000001,-1.222812724623063,10.700000000000001,0.0,307.93798828125,11.415712356567383,14.0,1.2203941345214844,1,11.385663032531738,10.700000000000001,0.0
0,2,0.0,7.0,10.200000000000001,-1.222812724623063,10.700000000000001,0.0,308.43798828125,0.0,,,0,11.260042190551758,10.700000000000001,0.0
0,2,0.0,7.0,10.200000000000001,-1.222812724623063,10.700000000000001,0.0,308.93798828125,11.168051719665527,14.0,1.5365657806396484,1,11.138002395629883,10.700000000000001,0.0
0,2,0.0,7.0,10.200000000000001,-1.222812724623063,10.700000000000001,0.0,309.43798828125,11.049458503723145,14.0,1.6895720958709717,1,11.0194091796875,10.700000000000001,0.0
0,2,0.0,7.0,10.200000000000001,-1.222812724623063,10.700000000000001,0.0,309.93798828125,10.934185981750488,14.0,1.839365839958191,1,10.904136657714844,10.700000000000001,0.0
0,2,0.0,7.0,10.200000000000001,-1.222812724623063,10.700000000000001,0.0,310.43798828125,10.822113990783691,14.0,1.9860689640045166,1,10.792064666748047,10.700000000000001,0.0
0,2,0.0,7.0,10.200000000000001,-1.222812724623063,10.700000000000001,0.0,310.93798828125,10.713127136230469,14.0,2.129798173904419,1,10.683077812194824,10.700000000000001,0.0
0,2,0.0,7.0,10.200000000000001,-1.222812724623063,10.700000000000001,0.0,311.43798828125,10.607117652893066,14.0,2.2706639766693115,1,10.577068328857422,10.700000000000001,0.0
0,2,0.0,7.0,10.200000000000001,-1.222812724623063,10.700000000000001,0.0,311.93798828125,0.0,,,0,10.473931312561035,10.700000000000001,0.0
0,2,0.0,7.0,10.200000000000001,-1.222812724623063,10.700000000000001,0.0,312.43798828125,10.403617858886719,14.0,2.544222831726074,1,10.373568534851074,10.700000000000001,0.0
0,2,0.0,7.0,10.200000000000001,-1.222812724623063,10.700000000000001,0.0,312.93798828125,10.305935859680176,14.0,2.677112340927124,1,10.275886535644531,10.700000000000001,0.0
0,2,0.0,7.0,10.200000000000001,-1.222812724623063,10.700000000000001,0.0,313.43798828125,10.210844039916992,14.0,2.807532548904419,1,10.180794715881348,10.700000000000001,0.0
0,2,0.0,7.0,10.200000000000001,-1.222812724623063,10.700000000000001,0.0,313.93798828125,0.0,,,0,10.088207244873047,10.700000000000001,0.0
0,2,0.0,7.0,10.200000000000001,-1.222812724623063,10.700000000000001,0.0,314.43798828125,10.028093338012695,14.0,3.0613105297088623,1,9.99804401397705,10.700000000000001,0.0
0,2,0.0,7.0,10.200000000000001,-1.222812724623063,10.700000000000001,0.0,314.93798828125,9.940275192260742,14.0,3.1848320960998535,1,9.910225868225098,10.700000000000001,0.0
0,2,0.0,7.0,10.200000000000001,-1.222812724623063,10.700000000000001,0.0,315.43798828125,9.854728698730469,14.0,3.3062117099761963,1,9.824679374694824,10.700000000000001,0.0
0,2,0.0,7.0,10.200000000000001,-1.222812724623063,10.700000000000001,0.0,315.93798828125,9.771381378173828,14.0,3.425522804260254,1,9.741332054138184,10.700000000000001,0.0
0,2,0.0,7.0,10.200000000000001,-1.222812724623063,10.700000000000001,0.0,316.43798828125,9.690165519714355,14.0,3.542835235595703,1,9.660116195678711,10.700000000000001,0.0
0,2,0.0,7.0,10.200000000000001,-1.222812724623063,10.700000000000001,0.0,316.93798828125,9.611016273498535,14.0,3.658216714859009,1,9.58096694946289,10.700000000000001,0.0
0,2,0.0,7.0,10.200000000000001,-1.222812724623063,10.700000000000001,0.0,317.43798828125,9.5338716506958,14.0,3.77173113822937,1,9.503822326660156,10.700000000000001,0.0
0,2,0.0,7.0,10.200000000000001,-1.222812724623063,10.700000000000001,0.0,317.93798828125,9.458671569824219,14.0,3.8834407329559326,1,9.428622245788574,10.700000000000001,0.0
0,2,0.0,7.0,10.200000000000001,-1.222812724623063,10.700000000000001,0.0,318.43798828125,9.385359764099121,14.0,3.9934046268463135,1,9.355310440063477,10.700000000000001,0.0
0,2,0.0,7.0,10.200000000000001,-1.222812724623063,10.700000000000001,0.0,318.93798828125,9.31387996673584,14.0,4.101679801940918,1,9.283830642700195,10.700000000000001,0.0
0,2,0.0,7.0,10.200000000000001,-1.222812724623063,10.700000000000001,0.0,319.43798828125,0.0,,,0,9.214131355285645,10.700000000000001,0.0
0,2,0.0,7.0,10.200000000000001,-1.222812724623063,10.700000000000001,0.0,319.93798828125,9.1762113571167,14.0,4.313381195068359,1,9.146162033081055,10.700000000000001,0.0
0,2,0.0,7.0,10.200000000000001,-1.222812724623063,10.700000000000001,0.0,320.43798828125,0.0,,,0,9.079874992370605,10.700000000000001,0.0
0,2,0.0,7.0,10.200000000000001,-1.222812724623063,10.700000000000001,0.0,320.93798828125,9.045272827148438,14.0,4.518957138061523,1,9.015223503112793,10.700000000000001,0.0
0,2,0.0,7.0,10.200000000000001,-1.222812724623063,10.700000000000001,0.0,321.43798828125,8.98221206665039,14.0,4.619568824768066,1,8.952162742614746,10.700000000000001,0.0
0,2,0.0,7.0,10.200000000000001,-1.222812724623063,10.700000000000001,0.0,321.93798828125,8.920699119567871,14.0,4.718790054321289,1,8.890649795532227,10.700000000000001,0.0
0,2,0.0,7.0,10.200000000000001,-1.222812724623063,10.700000000000001,0.0,322.43798828125,8.860694885253906,14.0,4.816664695739746,1,8.830645561218262,10.700000000000001,0.0
0,2,0.0,7.0,10.200000000000001,-1.222812724623063,10.700000000000001,0.0,322.93798828125,8.80215835571289,14.0,4.913234233856201,1,8.772109031677246,10.700000000000001,0.0
0,2,0.0,7.0,10.200000000000001,-1.222812724623063,10.700000000000001,0.0,323.43798828125,0.0,,,0,8.715002059936523,10.700000000000001,0.0
0,2,0.0,7.0,10.200000000000001,-1.222812724623063,10.700000000000001,0.0,323.93798828125,8.689338684082031,14.0,5.10261869430542,1,8.659289360046387,10.700000000000001,0.0
0,2,0.0,7.0,10.200000000000001,-1.222812724623063,10.700000000000001,0.0,324.43798828125,8.634984970092773,14.0,5.195509433746338,1,8.604935646057129,10.700000000000001,0.0
0,2,0.0,7.0,10.200000000000001,-1.222812724623063,10.700000000000001,0.0,324.93798828125,8.58195686340332,14.0,5.287248611450195,1,8.551907539367676,10.700000000000001,0.0
0,2,0.0,7.0,10.200000000000001,-1.222812724623063,10.700000000000001,0.0,325.43798828125,8.530221939086914,14.0,5.377871036529541,1,8.50017261505127,10.700000000000001,0.0
0,2,0.0,7.0,10.200000000000001,-1.222812724623063,10.700000000000001,0.0,325.93798828125,8.479747772216797,14.0,5.467410087585449,1,8.449698448181152,10.700000000000001,0.0
0,2,0.0,7.0,10.200000000000001,-1.222812724623063,10.700000000000001,0.0,326.43798828125,8.430506706237793,14.0,5.555898666381836,1,8.400457382202148,10.700000000000001,0.0
0,2,0.0,7.0,10.200000000000001,-1.222812724623063,10.700000000000001,0.0,326.93798828125,8.382467269897461,14.0,5.643368721008301,1,8.352417945861816,10.700000000000001,0.0
0,2,0.0,7.0,10.200000000000001,-1.222812724623063,10.700000000000001,0.0,327.43798828125,8.335603713989258,14.0,5.7298502922058105,1,8.305554389953613,10.700000000000001,0.0
0,2,0.0,7.0,10.200000000000001,-1.222812724623063,10.700000000000001,0.0,327.93798828125,0.0,,,0,8.259839057922363,10.700000000000001,0.0
0,2,0.0,7.0,10.200000000000001,-1.222812724623063,10.700000000000001,0.0,328.43798828125,8.245296478271484,14.0,5.899966716766357,1,8.21524715423584,10.700000000000001,0.0
0,2,0.0,7.0,10.200000000000001,-1.222812724623063,10.700000000000001,0.0,328.93798828125,8.201802253723145,14.0,5.983658313751221,1,8.1717529296875,10.700000000000001,0.0
0,2,0.0,7.0,10.200000000000001,-1.222812724623063,10.700000000000001,0.0,329.43798828125,8.159380912780762,14.0,6.066473960876465,1,8.129331588745117,10.700000000000001,0.0
0,2,0.0,7.0,10.200000000000001,-1.222812724623063,10.700000000000001,0.0,329.93798828125,8.118011474609375,14.0,6.148440837860107,1,8.08796215057373,10.700000000000001,0.0
0,2,0.0,7.0,10.200000000000001,-1.222812724623063,10.700000000000001,0.0,330.43798828125,8.077670097351074,14.0,6.229583740234375,1,8.04762077331543,10.700000000000001,0.0
0,2,0.0,7.0,10.200000000000001,-1.222812724623063,10.700000000000001,0.0,330.93798828125,8.038336753845215,14.0,6.309927463531494,1,8.00828742980957,10.700000000000001,0.0
0,2,0.0,7.0,10.200000000000001,-1.222812724623063,10.700000000000001,0.0,331.43798828125,7.999989032745361,14.0,6.389495372772217,1,7.969940185546875,10.700000000000001,0.0
0,2,0.0,7.0,10.200000000000001,-1.222812724623063,10.700000000000001,0.0,331.93798828125,0.0,,,0,7.932559490203857,10.700000000000001,0.0
0,2,0.0,7.0,10.200000000000001,-1.222812724623063,10.700000000000001,0.0,332.43798828125,0.0,,,0,7.896126747131348,10.700000000000001,0.0
0,2,0.0,7.0,10.200000000000001,-1.222812724623063,10.700000000000001,0.0,332.93798828125,7.890671730041504,14.0,6.62377405166626,1,7.860622882843018,10.700000000000001,0.0
0,2,0.0,7.0,10.200000000000001,-1.222812724623063,10.700000000000001,0.0,333.43798828125,7.8560791015625,14.0,6.700464725494385,1,7.826030254364014,10.700000000000001,0.0
0,2,0.0,7.0,10.200000000000001,-1.222812724623063,10.700000000000001,0.0,333.93798828125,7.822380065917969,14.0,6.7764892578125,1,7.792331218719482,10.700000000000001,0.0
0,2,0.0,7.0,10.200000000000001,-1.222812724623063,10.700000000000001,0.0,334.43798828125,7.7895588874816895,14.0,6.851867198944092,1,7.759510040283203,10.700000000000001,0.0
0,2,0.0,7.0,10.200000000000001,-1.222812724623063,10.700000000000001,0.0,334.93798828125,7.757598400115967,14.0,6.926618576049805,1,7.7275495529174805,10.700000000000001,0.0
0,2,0.0,7.0,10.200000000000001,-1.222812724623063,10.700000000000001,0.0,335.43798828125,7.726484298706055,14.0,7.000762462615967,1,7.696435451507568,10.700000000000001,0.0
0,2,0.0,7.0,10.200000000000001,-1.222812724623063,10.700000000000001,0.0,335.93798828125,7.696201324462891,14.0,7.074317455291748,1,7.666152477264404,10.700000000000001,0.0
0,2,0.0,7.0,10.200000000000001,-1.222812724623063,10.700000000000001,0.0,336.43798828125,7.66673469543457,14.0,7.147301197052002,1,7.636685848236084,10.700000000000001,0.0
0,2,0.0,7.0,10.200000000000001,-1.222812724623063,10.700000000000001,0.0,336.93798828125,0.0,,,0,7.608022212982178,10.700000000000001,0.0
0,2,0.0,7.0,10.200000000000001,-1.222812724623063,10.700000000000001,0.0,337.43798828125,7.610196590423584,14.0,7.291625499725342,1,7.580147743225098,10.700000000000001,0.0
0,2,0.0,7.0,10.200000000000001,-1.222812724623063,10.700000000000001,0.0,337.93798828125,7.583098888397217,14.0,7.363000392913818,1,7.5530500411987305,10.700000000000001,0.0
0,2,0.0,7.0,10.200000000000001,-1.222812724623063,10.700000000000001,0.0,338.43798828125,7.556765556335449,14.0,7.433871746063232,1,7.526716709136963,10.700000000000001,0.0
0,2,0.0,7.0,10.200000000000001,-1.222812724623063,10.700000000000001,0.0,338.93798828125,7.531184673309326,14.0,7.504256248474121,1,7.50113582611084,10.700000000000001,0.0
0,2,0.0,7.0,10.200000000000001,-1.222812724623063,10.700000000000001,0.0,339.43798828125,0.0,,,0,7.476294994354248,10.700000000000001,0.0
0,2,0.0,7.0,10.200000000000001,-1.222812724623063,10.700000000000001,0.0,339.93798828125,7.482233047485352,14.0,7.643625736236572,1,7.452184200286865,10.700000000000001,0.0
0,2,0.0,7.0,10.200000000000001,-1.222812724623063,10.700000000000001,0.0,340.43798828125,7.458841323852539,14.0,7.712640762329102,1,7.428792476654053,10.700000000000001,0.0
0,2,0.0,7.0,10.200000000000001,-1.222812724623063,10.700000000000001,0.0,340.93798828125,7.436157703399658,14.0,7.781229496002197,1,7.406108856201172,10.700000000000001,0.0
0,2,0.0,7.0,10.200000000000001,-1.222812724623063,10.700000000000001,0.0,341.43798828125,7.414173126220703,14.0,7.849405765533447,1,7.384124279022217,10.700000000000001,0.0
0,2,0.0,7.0,10.200000000000001,-1.222812724623063,10.700000000000001,0.0,341.93798828125,7.39287805557251,14.0,7.917183876037598,1,7.362829208374023,10.700000000000001,0.0
0,2,0.0,7.0,10.200000000000001,-1.222812724623063,10.700000000000001,0.0,342.43798828125,7.372262477874756,14.0,7.98457670211792,1,7.3422136306762695,10.700000000000001,0.0
0,2,0.0,7.0,10.200000000000001,-1.222812724623063,10.700000000000001,0.0,342.93798828125,7.352318286895752,14.0,8.05159854888916,1,7.322269439697266,10.700000000000001,0.0
0,2,0.0,7.0,10.200000000000001,-1.222812724623063,10.700000000000001,0.0,343.43798828125,0.0,,,0,7.302988052368164,10.700000000000001,0.0
0,2,0.0,7.0,10.200000000000001,-1.222812724623063,10.700000000000001,0.0,343.93798828125,7.3144097328186035,14.0,8.18458080291748,1,7.284360885620117,10.700000000000001,0.0
0,2,0.0,7.0,10.200000000000001,-1.222812724623063,10.700000000000001,0.0,344.43798828125,7.296429634094238,14.0,8.250567436218262,1,7.266380786895752,10.700000000000001,0.0
0,2,0.0,7.0,10.200000000000001,-1.222812724623063,10.700000000000001,0.0,344.93798828125,7.279088497161865,14.0,8.31623363494873,1,7.249039649963379,10.700000000000001,0.0
0,2,0.0,7.0,10.200000000000001,-1.222812724623063,10.700000000000001,0.0,345.43798828125,7.2623796463012695,14.0,8.381591796875,1,7.232330799102783,10.700000000000001,0.0
0,2,0.0,7.0,10.200000000000001,-1.222812724623063,10.700000000000001,0.0,345.93798828125,7.24629545211792,14.0,8.4466552734375,1,7.216246604919434,10.700000000000001,0.0
0,2,0.0,7.0,10.200000000000001,-1.222812724623063,10.700000000000001,0.0,346.43798828125,0.0,,,0,7.200781345367432,10.700000000000001,0.0
0,2,0.0,7.0,10.200000000000001,-1.222812724623063,10.700000000000001,0.0,346.93798828125,7.215977191925049,14.0,8.57594108581543,1,7.1859283447265625,10.700000000000001,0.0
0,2,0.0,7.0,10.200000000000001,-1.222812724623063,10.700000000000001,0.0,347.43798828125,7.201730251312256,14.0,8.64018726348877,1,7.1716814041137695,10.700000000000001,0.0
0,2,0.0,7.0,10.200000000000001,-1.222812724623063,10.700000000000001,0.0,347.93798828125,7.188083648681641,14.0,8.704184532165527,1,7.158034801483154,10.700000000000001,0.0
0,2,0.0,7.0,10.200000000000001,-1.222812724623063,10.700000000000001,0.0,348.43798828125,7.175032138824463,14.0,8.767942428588867,1,7.144983291625977,10.700000000000001,0.0
0,2,0.0,7.0,10.200000000000001,-1.222812724623063,10.700000000000001,0.0,348.93798828125,0.0,,,0,7.132521629333496,10.700000000000001,0.0
0,2,0.0,7.0,10.200000000000001,-1.222812724623063,10.700000000000001,0.0,349.43798828125,7.150692939758301,14.0,8.89478874206543,1,7.1206440925598145,10.700000000000001,0.0
0,2,0.0,7.0,10.200000000000001,-1.222812724623063,10.700000000000001,0.0,349.93798828125,7.1393961906433105,14.0,8.957898139953613,1,7.109347343444824,10.700000000000001,0.0
0,2,0.0,7.0,10.200000000000001,-1.222812724623063,10.700000000000001,0.0,350.43798828125,7.128674507141113,14.0,9.020812034606934,1,7.098625659942627,10.700000000000001,0.0
0,2,0.0,7.0,10.200000000000001,-1.222812724623063,10.700000000000001,0.0,350.93798828125,7.118524074554443,14.0,9.083541870117188,1,7.088475227355957,10.700000000000001,0.0
0,2,0.0,7.0,10.200000000000001,-1.222812724623063,10.700000000000001,0.0,351.43798828125,7.108941078186035,14.0,9.146097183227539,1,7.078892230987549,10.700000000000001,0.0
0,2,0.0,7.0,10.200000000000001,-1.222812724623063,10.700000000000001,0.0,351.93798828125,7.099921226501465,14.0,9.208487510681152,1,7.0698723793029785,10.700000000000001,0.0
0,2,0.0,7.0,10.200000000000001,-1.222812724623063,10.700000000000001,0.0,352.43798828125,7.091461658477783,14.0,9.270724296569824,1,7.061412811279297,10.700000000000001,0.0
0,2,0.0,7.0,10.200000000000001,-1.222812724623063,10.700000000000001,0.0,352.93798828125,7.083559036254883,14.0,9.332817077636719,1,7.0535101890563965,10.700000000000001,0.0
0,2,0.0,7.0,10.200000000000001,-1.222812724623063,10.700000000000001,0.0,353.43798828125,7.076210021972656,14.0,9.394775390625,1,7.04616117477417,10.700000000000001,0.0
0,2,0.0,7.0,10.200000000000001,-1.222812724623063,10.700000000000001,0.0,353.93798828125,7.069411754608154,14.0,9.456609725952148,1,7.039362907409668,10.700000000000001,0.0
0,2,0.0,7.0,10.200000000000001,-1.222812724623063,10.700000000000001,0.0,354.43798828125,7.063161373138428,14.0,9.518329620361328,1,7.033112525939941,10.700000000000001,0.0
0,2,0.0,7.0,10.200000000000001,-1.222812724623063,10.700000000000001,0.0,354.93798828125,0.0,,,0,7.027408599853516,10.700000000000001,0.0
0,2,0.0,7.0,10.200000000000001,-1.222812724623063,10.700000000000001,0.0,355.43798828125,7.0522966384887695,14.0,9.641465187072754,1,7.022247791290283,10.700000000000001,0.0
0,2,0.0,7.0,10.200000000000001,-1.222812724623063,10.700000000000001,0.0,355.93798828125,0.0,,,0,7.0176286697387695,10.700000000000001,0.0
0,2,0.0,7.0,10.200000000000001,-1.222812724623063,10.700000000000001,0.0,356.43798828125,0.0,,,0,7.013549327850342,10.700000000000001,0.0
0,2,0.0,7.0,10.200000000000001,-1.222812724623063,10.700000000000001,0.0,356.93798828125,7.040057182312012,14.0,9.82554817199707,1,7.010008335113525,10.700000000000001,0.0
0,2,0.0,7.0,10.200000000000001,-1.222812724623063,10.700000000000001,0.0,357.43798828125,7.037052631378174,14.0,9.8867826461792,1,7.0070037841796875,10.700000000000001,0.0
0,2,0.0,7.0,10.200000000000001,-1.222812724623063,10.700000000000001,0.0,357.93798828125,7.0345845222473145,14.0,9.947969436645508,1,7.004535675048828,10.700000000000001,0.0
0,2,0.0,7.0,10.200000000000001,-1.222812724623063,10.700000000000001,0.0,358.43798828125,7.032650947570801,14.0,10.009117126464844,1,7.0026021003723145,10.700000000000001,0.0
0,2,0.0,7.0,10.200000000000001,-1.222812724623063,10.700000000000001,0.0,358.93798828125,7.031251430511475,14.0,10.070236206054688,1,7.001202583312988,10.700000000000001,0.0
0,2,0.0,7.0,10.200000000000001,-1.222812724623063,10.700000000000001,0.0,359.43798828125,7.030385494232178,14.0,10.131335258483887,1,7.000336647033691,10.700000000000001,0.0
0,2,0.0,7.0,10.200000000000001,-1.222812724623063,10.700000000000001,0.0,359.93798828125,7.03005313873291,14.0,10.192423820495605,1,7.000004291534424,10.700000000000001,0.0
0,2,0.0,7.0,10.200000000000001,-1.222812724623063,10.700000000000001,0.0,0.437991738319397,7.0302534103393555,14.0,10.253511428833008,1,7.000204563140869,10.700000000000001,0.0
0,2,0.0,7.0,10.200000000000001,-1.222812724623063,10.700000000000001,0.0,0.937991738319397,0.0,,,0,7.0009379386901855,10.700000000000001,0.0
0,2,0.0,7.0,10.200000000000001,-1.222812724623063,10.700000000000001,0.0,1.437991738319397,0.0,,,0,7.0022053718566895,10.700000000000001,0.0
0,2,0.0,7.0,10.200000000000001,-1.222812724623063,10.700000000000001,0.0,1.937991738319397,7.034055233001709,14.0,10.436861038208008,1,7.004006385803223,10.700000000000001,0.0
0,2,0.0,7.0,10.200000000000001,-1.222812724623063,10.700000000000001,0.0,2.4379918575286865,7.036390781402588,14.0,10.49803638458252,1,7.006341934204102,10.700000000000001,0.0
0,2,0.0,7.0,10.200000000000001,-1.222812724623063,10.700000000000001,0.0,2.9379918575286865,7.039261817932129,14.0,10.559258460998535,1,7.009212970733643,10.700000000000001,0.0
0,2,0.0,7.0,10.200000000000001,-1.222812724623063,10.700000000000001,0.0,3.4379918575286865,7.042669773101807,14.0,10.620534896850586,1,7.01262092590332,10.700000000000001,0.0
0,2,0.0,7.0,10.200000000000001,-1.222812724623063,10.700000000000001,0.0,3.9379918575286865,7.046615123748779,14.0,10.681875228881836,1,7.016566276550293,10.700000000000001,0.0
0,2,0.0,7.0,10.200000000000001,-1.222812724623063,10.700000000000001,0.0,4.437991619110107,7.051100254058838,14.0,10.743289947509766,1,7.021051406860352,10.700000000000001,0.0
0,2,0.0,7.0,10.200000000000001,-1.222812724623063,10.700000000000001,0.0,4.937991619110107,7.056126594543457,14.0,10.804787635803223,1,7.026077747344971,10.700000000000001,0.0
0,2,0.0,7.0,10.200000000000001,-1.222812724623063,10.700000000000001,0.0,5.437991619110107,7.0616960525512695,14.0,10.866377830505371,1,7.031647205352783,10.700000000000001,0.0
0,2,0.0,7.0,10.200000000000001,-1.222812724623063,10.700000000000001,0.0,5.937991619110107,7.067810535430908,14.0,10.928071022033691,1,7.037761688232422,10.700000000000001,0.0
0,2,0.0,7.0,10.200000000000001,-1.222812724623063,10.700000000000001,0.0,6.437991619110107,7.074472427368164,14.0,10.989875793457031,1,7.044423580169678,10.700000000000001,0.0
0,2,0.0,7.0,10.200000000000001,-1.222812724623063,10.700000000000001,0.0,6.937991619110107,7.081684589385986,14.0,11.051802635192871,1,7.0516357421875,10.700000000000001,0.0
0,2,0.0,7.0,10.200000000000001,-1.222812724623063,10.700000000000001,0.0,7.437991619110107,7.089449882507324,14.0,11.113861083984375,1,7.059401035308838,10.700000000000001,0.0
0,2,0.0,7.0,10.200000000000001,-1.222812724623063,10.700000000000001,0.0,7.937991619110107,7.097771167755127,14.0,11.176061630249023,1,7.067722320556641,10.700000000000001,0.0
0,2,0.0,7.0,10.200000000000001,-1.222812724623063,10.700000000000001,0.0,8.437992095947266,7.106651306152344,14.0,11.238412857055664,1,7.076602458953857,10.700000000000001,0.0
0,2,0.0,7.0,10.200000000000001,-1.222812724623063,10.700000000000001,0.0,8.937992095947266,7.11609411239624,14.0,11.300926208496094,1,7.086045265197754,10.700000000000001,0.0
0,2,0.0,7.0,10.200000000000001,-1.222812724623063,10.700000000000001,0.0,9.437992095947266,7.126103401184082,14.0,11.363612174987793,1,7.096054553985596,10.700000000000001,0.0
0,2,0.0,7.0,10.200000000000001,-1.222812724623063,10.700000000000001,0.0,9.937992095947266,7.136682987213135,14.0,11.42647933959961,1,7.106634140014648,10.700000000000001,0.0
0,2,0.0,7.0,10.200000000000001,-1.222812724623063,10.700000000000001,0.0,10.437992095947266,7.147837162017822,14.0,11.48953914642334,1,7.117788314819336,10.700000000000001,0.0
0,2,0.0,7.0,10.200000000000001,-1.222812724623063,10.700000000000001,0.0,10.937992095947266,0.0,,,0,7.129521369934082,10.700000000000001,0.0
0,2,0.0,7.0,10.200000000000001,-1.222812724623063,10.700000000000001,0.0,11.437992095947266,7.171886444091797,14.0,11.616278648376465,1,7.1418375968933105,10.700000000000001,0.0
0,2,0.0,7.0,10.200000000000001,-1.222812724623063,10.700000000000001,0.0,11.937992095947266,7.184791564941406,14.0,11.67997932434082,1,7.15474271774292,10.700000000000001,0.0
0,2,0.0,7.0,10.200000000000001,-1.222812724623063,10.700000000000001,0.0,12.437992095947266,0.0,,,0,7.168241024017334,10.700000000000001,0.0
0,2,0.0,7.0,10.200000000000001,-1.222812724623063,10.700000000000001,0.0,12.937992095947266,7.2123870849609375,14.0,11.808099746704102,1,7.182338237762451,10.700000000000001,0.0
0,2,0.0,7.0,10.200000000000001,-1.222812724623063,10.700000000000001,0.0,13.437992095947266,7.2270894050598145,14.0,11.872541427612305,1,7.197040557861328,10.700000000000001,0.0
0,2,0.0,7.0,10.200000000000001,-1.222812724623063,10.700000000000001,0.0,13.937992095947266,7.24240255355835,14.0,11.937251091003418,1,7.212353706359863,10.700000000000001,0.0
0,2,0.0,7.0,10.200000000000001,-1.222812724623063,10.700000000000001,0.0,14.437992095947266,7.258332252502441,14.0,12.002243041992188,1,7.228283405303955,10.700000000000001,0.0
0,2,0.0,7.0,10.200000000000001,-1.222812724623063,10.700000000000001,0.0,14.937992095947266,7.274885654449463,14.0,12.067526817321777,1,7.244836807250977,10.700000000000001,0.0
0,2,0.0,7.0,10.200000000000001,-1.222812724623063,10.700000000000001,0.0,15.437992095947266,7.292068958282471,14.0,12.133115768432617,1,7.262020111083984,10.700000000000001,0.0
0,2,0.0,7.0,10.200000000000001,-1.222812724623063,10.700000000000001,0.0,15.937992095947266,7.309889793395996,14.0,12.199021339416504,1,7.27984094619751,10.700000000000001,0.0
0,2,0.0,7.0,10.200000000000001,-1.222812724623063,10.700000000000001,0.0,16.437992095947266,7.32835578918457,14.0,12.265256881713867,1,7.298306941986084,10.700000000000001,0.0
0,2,0.0,7.0,10.200000000000001,-1.222812724623063,10.700000000000001,0.0,16.937992095947266,7.347474098205566,14.0,12.331833839416504,1,7.31742525100708,10.700000000000001,0.0
0,2,0.0,7.0,10.200000000000001,-1.222812724623063,10.700000000000001,0.0,17.437992095947266,7.367253303527832,14.0,12.398765563964844,1,7.337204456329346,10.700000000000001,0.0
0,2,0.0,7.0,10.200000000000001,-1.222812724623063,10.700000000000001,0.0,17.937992095947266,7.387701511383057,14.0,12.466065406799316,1,7.35765266418457,10.700000000000001,0.0
0,2,0.0,7.0,10.200000000000001,-1.222812724623063,10.700000000000001,0.0,18.437992095947266,7.408827304840088,14.0,12.533746719360352,1,7.378778457641602,10.700000000000001,0.0
0,2,0.0,7.0,10.200000000000001,-1.222812724623063,10.700000000000001,0.0,18.937992095947266,7.43064022064209,14.0,12.601822853088379,1,7.4005913734436035,10.700000000000001,0.0
0,2,0.0,7.0,10.200000000000001,-1.222812724623063,10.700000000000001,0.0,19.437992095947266,7.453149318695068,14.0,12.670307159423828,1,7.423100471496582,10.700000000000001,0.0
0,2,0.0,7.0,10.200000000000001,-1.222812724623063,10.700000000000001,0.0,19.937992095947266,7.476364612579346,14.0,12.739215850830078,1,7.446315765380859,10.700000000000001,0.0
0,2,0.0,7.0,10.200000000000001,-1.222812724623063,10.700000000000001,0.0,20.437992095947266,7.500296115875244,14.0,12.808561325073242,1,7.470247268676758,10.700000000000001,0.0
0,2,0.0,7.0,10.200000000000001,-1.222812724623063,10.700000000000001,0.0,20.937992095947266,0.0,,,0,7.494905471801758,10.700000000000001,0.0
0,2,0.0,7.0,10.200000000000001,-1.222812724623063,10.700000000000001,0.0,21.437992095947266,7.550351142883301,14.0,12.948625564575195,1,7.5203022956848145,10.700000000000001,0.0
0,2,0.0,7.0,10.200000000000001,-1.222812724623063,10.700000000000001,0.0,21.937992095947266,7.576496601104736,14.0,13.01937484741211,1,7.54644775390625,10.700000000000001,0.0
0,2,0.0,7.0,10.200000000000001,-1.222812724623063,10.700000000000001,0.0,22.437992095947266,7.603403568267822,14.0,13.09062385559082,1,7.573354721069336,10.700000000000001,0.0
0,2,0.0,7.0,10.200000000000001,-1.222812724623063,10.700000000000001,0.0,22.937992095947266,7.631083965301514,14.0,13.162386894226074,1,7.601035118103027,10.700000000000001,0.0
0,2,0.0,7.0,10.200000000000001,-1.222812724623063,10.700000000000001,0.0,23.437992095947266,7.659550666809082,14.0,13.2346830368042,1,7.629501819610596,10.700000000000001,0.0
0,2,0.0,7.0,10.200000000000001,-1.222812724623063,10.700000000000001,0.0,23.937992095947266,7.688817024230957,14.0,13.307527542114258,1,7.658768177032471,10.700000000000001,0.0
0,2,0.0,7.0,10.200000000000001,-1.222812724623063,10.700000000000001,0.0,24.437992095947266,7.718896389007568,14.0,13.380939483642578,1,7.688847541809082,10.700000000000001,0.0
0,2,0.0,7.0,10.200000000000001,-1.222812724623063,10.700000000000001,0.0,24.937992095947266,7.749803066253662,14.0,13.454935073852539,1,7.719754219055176,10.700000000000001,0.0
0,2,0.0,7.0,10.200000000000001,-1.222812724623063,10.700000000000001,0.0,25.437992095947266,0.0,,,0,7.751502990722656,10.700000000000001,0.0
0,2,0.0,7.0,10.200000000000001,-1.222812724623063,10.700000000000001,0.0,25.937992095947266,7.814157962799072,14.0,13.604755401611328,1,7.784109115600586,10.700000000000001,0.0
0,2,0.0,7.0,10.200000000000001,-1.222812724623063,10.700000000000001,0.0,26.437992095947266,7.84763765335083,14.0,13.680617332458496,1,7.817588806152344,10.700000000000001,0.0
0,2,0.0,7.0,10.200000000000001,-1.222812724623063,10.700000000000001,0.0,26.937992095947266,0.0,,,0,7.851958274841309,10.700000000000001,0.0
0,2,0.0,7.0,10.200000000000001,-1.222812724623063,10.700000000000001,0.0,27.437992095947266,7.917283535003662,14.0,13.834345817565918,1,7.887234687805176,10.700000000000001,0.0
0,2,0.0,7.0,10.200000000000001,-1.222812724623063,10.700000000000001,0.0,27.937992095947266,7.953484535217285,14.0,13.912254333496094,1,7.923435688018799,10.700000000000001,0.0
0,2,0.0,7.0,10.200000000000001,-1.222812724623063,10.700000000000001,0.0,28.437992095947266,7.990628242492676,14.0,13.990886688232422,1,7.9605793952941895,10.700000000000001,0.0
0,2,0.0,7.0,10.200000000000001,-1.222812724623063,10.700000000000001,0.0,28.937992095947266,8.02873420715332,14.0,14.070265769958496,1,7.998684883117676,10.700000000000001,0.0
0,2,0.0,7.0,10.200000000000001,-1.222812724623063,10.700000000000001,0.0,29.437992095947266,8.067821502685547,14.0,14.15041446685791,1,8.037772178649902,10.700000000000001,0.0
0,2,0.0,7.0,10.200000000000001,-1.222812724623063,10.700000000000001,0.0,29.937992095947266,8.10791015625,14.0,14.23135757446289,1,8.077860832214355,10.700000000000001,0.0
0,2,0.0,7.0,10.200000000000001,-1.222812724623063,10.700000000000001,0.0,30.437992095947266,8.149023056030273,14.0,14.313117027282715,1,8.118973731994629,10.700000000000001,0.0
0,2,0.0,7.0,10.200000000000001,-1.222812724623063,10.700000000000001,0.0,30.937992095947266,8.191181182861328,14.0,14.395720481872559,1,8.161131858825684,10.700000000000001,0.0
0,2,0.0,7.0,10.200000000000001,-1.222812724623063,10.700000000000001,0.0,31.437992095947266,8.234406471252441,14.0,14.479191780090332,1,8.204357147216797,10.700000000000001,0.0
0,2,0.0,7.0,10.200000000000001,-1.222812724623063,10.700000000000001,0.0,31.937992095947266,8.278724670410156,14.0,14.563558578491211,1,8.248675346374512,10.700000000000001,0.0
0,2,0.0,7.0,10.200000000000001,-1.222812724623063,10.700000000000001,0.0,32.437992095947266,8.324158668518066,14.0,14.648848533630371,1,8.294109344482422,10.700000000000001,0.0
0,2,0.0,7.0,10.200000000000001,-1.222812724623063,10.700000000000001,0.0,32.937992095947266,0.0,,,0,8.340685844421387,10.700000000000001,0.0
0,2,0.0,7.0,10.200000000000001,-1.222812724623063,10.700000000000001,0.0,33.437992095947266,0.0,,,0,8.38843059539795,10.700000000000001,0.0
0,2,0.0,7.0,10.200000000000001,-1.222812724623063,10.700000000000001,0.0,33.937992095947266,8.46742057800293,14.0,14.910545349121094,1,8.437371253967285,10.700000000000001,0.0
0,2,0.0,7.0,10.200000000000001,-1.222812724623063,10.700000000000001,0.0,34.437992095947266,8.517585754394531,14.0,14.999820709228516,1,8.487536430358887,10.700000000000001,0.0
0,2,0.0,7.0,10.200000000000001,-1.222812724623063,10.700000000000001,0.0,34.937992095947266,8.569005966186523,14.0,15.090170860290527,1,8.538956642150879,10.700000000000001,0.0
0,2,0.0,7.0,10.200000000000001,-1.222812724623063,10.700000000000001,0.0,35.437992095947266,8.621710777282715,14.0,15.18163013458252,1,8.59166145324707,10.700000000000001,0.0
0,2,0.0,7.0,10.200000000000001,-1.222812724623063,10.700000000000001,0.0,35.937992095947266,8.675732612609863,14.0,15.274231910705566,1,8.645683288574219,10.700000000000001,0.0
0,2,0.0,7.0,10.200000000000001,-1.222812724623063,10.700000000000001,0.0,36.437992095947266,8.731104850769043,14.0,15.368013381958008,1,8.701055526733398,10.700000000000001,0.0
0,2,0.0,7.0,10.200000000000001,-1.222812724623063,10.700000000000001,0.0,36.937992095947266,8.787861824035645,14.0,15.463010787963867,1,8.7578125,10.700000000000001,0.0
0,2,0.0,7.0,10.200000000000001,-1.222812724623063,10.700000000000001,0.0,37.437992095947266,8.846040725708008,14.0,15.5592622756958,1,8.815991401672363,10.700000000000001,0.0
0,2,0.0,7.0,10.200000000000001,-1.222812724623063,10.700000000000001,0.0,37.937992095947266,8.90567684173584,14.0,15.65680980682373,1,8.875627517700195,10.700000000000001,0.0
0,2,0.0,7.0,10.200000000000001,-1.222812724623063,10.700000000000001,0.0,38.437992095947266,8.966812133789062,14.0,15.755693435668945,1,8.936762809753418,10.700000000000001,0.0
0,2,0.0,7.0,10.200000000000001,-1.222812724623063,10.700000000000001,0.0,38.937992095947266,9.029484748840332,14.0,15.855956077575684,1,8.999435424804688,10.700000000000001,0.0
0,2,0.0,7.0,10.200000000000001,-1.222812724623063,10.700000000000001,0.0,39.437992095947266,0.0,,,0,9.063688278198242,10.700000000000001,0.0
0,2,0.0,7.0,10.200000000000001,-1.222812724623063,10.700000000000001,0.0,39.937992095947266,9.159614562988281,14.0,16.06079864501953,1,9.129565238952637,10.700000000000001,0.0
0,2,0.0,7.0,10.200000000000001,-1.222812724623063,10.700000000000001,0.0,40.437992095947266,9.22716236114502,14.0,16.165475845336914,1,9.197113037109375,10.700000000000001,0.0
0,2,0.0,7.0,10.200000000000001,-1.222812724623063,10.700000000000001,0.0,40.937992095947266,0.0,,,0,9.266378402709961,10.700000000000001,0.0
0,2,0.0,7.0,10.200000000000001,-1.222812724623063,10.700000000000001,0.0,41.437992095947266,9.367461204528809,14.0,16.37958335876465,1,9.337411880493164,10.700000000000001,0.0
0,2,0.0,7.0,10.200000000000001,-1.222812724623063,10.700000000000001,0.0,41.937992095947266,9.440314292907715,14.0,16.489124298095703,1,9.41026496887207,10.700000000000001,0.0
0,2,0.0,7.0,10.200000000000001,-1.222812724623063,10.700000000000001,0.0,42.437992095947266,9.515040397644043,14.0,16.60039520263672,1,9.484991073608398,10.700000000000001,0.0
0,2,0.0,7.0,10.200000000000001,-1.222812724623063,10.700000000000001,0.0,42.937992095947266,9.591697692871094,14.0,16.713457107543945,1,9.56164836883545,10.700000000000001,0.0
0,2,0.0,7.0,10.200000000000001,-1.222812724623063,10.700000000000001,0.0,43.437992095947266,9.670343399047852,14.0,16.828369140625,1,9.640294075012207,10.700000000000001,0.0
0,2,0.0,7.0,10.200000000000001,-1.222812724623063,10.700000000000001,0.0,43.937992095947266,0.0,,,0,9.720991134643555,10.700000000000001,0.0
0,2,0.0,7.0,10.200000000000001,-1.222812724623063,10.700000000000001,0.0,44.437992095947266,9.833852767944336,14.0,17.06400489807129,1,9.803803443908691,10.700000000000001,0.0
0,2,0.0,7.0,10.200000000000001,-1.222812724623063,10.700000000000001,0.0,44.937992095947266,9.918848037719727,14.0,17.184864044189453,1,9.888798713684082,10.700000000000001,0.0
0,2,0.0,7.0,10.200000000000001,-1.222812724623063,10.700000000000001,0.0,45.437992095947266,10.006095886230469,14.0,17.30784797668457,1,9.976046562194824,10.700000000000001,0.0
0,2,0.0,7.0,10.200000000000001,-1.222812724623063,10.700000000000001,0.0,45.937992095947266,10.095670700073242,14.0,17.43303108215332,1,10.065621376037598,10.700000000000001,0.0
0,2,0.0,7.0,10.200000000000001,-1.222812724623063,10.700000000000001,0.0,46.437992095947266,10.18764877319336,14.0,17.56049156188965,1,10.157599449157715,10.700000000000001,0.0
0,2,0.0,7.0,10.200000000000001,-1.222812724623063,10.700000000000001,0.0,46.937992095947266,10.282111167907715,14.0,17.690311431884766,1,10.25206184387207,10.700000000000001,0.0
0,2,0.0,7.0,10.200000000000001,-1.222812724623063,10.700000000000001,0.0,47.437992095947266,10.379142761230469,14.0,17.822580337524414,1,10.349093437194824,10.700000000000001,0.0
0,2,0.0,7.0,10.200000000000001,-1.222812724623063,10.700000000000001,0.0,47.937992095947266,10.478832244873047,14.0,17.957387924194336,1,10.448782920837402,10.700000000000001,0.0
0,2,0.0,7.0,10.200000000000001,-1.222812724623063,10.700000000000001,0.0,48.437992095947266,10.58127212524414,14.0,18.09482765197754,1,10.551222801208496,10.700000000000001,0.0
0,2,0.0,7.0,10.200000000000001,-1.222812724623063,10.700000000000001,0.0,48.937992095947266,0.0,,,0,10.656510353088379,10.700000000000001,0.0
0,2,0.0,7.0,10.200000000000001,-1.222812724623063,10.700000000000001,0.0,49.437992095947266,10.794798851013184,14.0,18.378007888793945,1,10.764749526977539,10.700000000000001,0.0
0,2,0.0,7.0,10.200000000000001,-1.222812724623063,10.700000000000001,0.0,49.937992095947266,10.906094551086426,14.0,18.523963928222656,1,10.876045227050781,10.700000000000001,0.0
0,2,0.0,7.0,10.200000000000001,-1.222812724623063,10.700000000000001,0.0,50.437992095947266,11.020562171936035,14.0,18.6729793548584,1,10.99051284790039,10.700000000000001,0.0
0,2,0.0,7.0,10.200000000000001,-1.222812724623063,10.700000000000001,0.0,50.937992095947266,11.138319969177246,14.0,18.825176239013672,1,11.108270645141602,10.700000000000001,0.0
0,2,0.0,7.0,10.200000000000001,-1.222812724623063,10.700000000000001,0.0,51.437992095947266,11.259492874145508,14.0,18.980684280395508,1,11.229443550109863,10.700000000000001,0.0
0,2,0.0,7.0,10.200000000000001,-1.222812724623063,10.700000000000001,0.0,51.937992095947266,11.384212493896484,14.0,19.139633178710938,1,11.35416316986084,10.700000000000001,0.0
0,2,0.0,7.0,10.200000000000001,-1.222812724623063,10.700000000000001,0.0,52.437992095947266,11.512618064880371,14.0,19.30216407775879,1,11.482568740844727,10.700000000000001,0.0
0,2,0.0,7.0,10.200000000000001,-1.222812724623063,10.700000000000001,0.0,52.937992095947266,11.644856452941895,14.0,19.468427658081055,1,11.61480712890625,10.700000000000001,0.0
0,2,0.0,7.0,10.200000000000001,-1.222812724623063,10.700000000000001,0.0,53.437992095947266,11.78108024597168,14.0,19.63857650756836,1,11.751030921936035,10.700000000000001,0.0
0,2,0.0,7.0,10.200000000000001,-1.222812724623063,10.700000000000001,0.0,53.937992095947266,11.921454429626465,14.0,19.81277847290039,1,11.89140510559082,10.700000000000001,0.0
0,2,0.0,7.0,10.200000000000001,-1.222812724623063,10.700000000000001,0.0,54.437992095947266,0.0,,,0,12.0,10.700000000000001,0.0
0,2,0.0,7.0,10.200000000000001,-1.222812724623063,10.700000000000001,0.0,54.937992095947266,0.0,,,0,12.0,10.700000000000001,0.0
0,2,0.0,7.0,10.200000000000001,-1.222812724623063,10.700000000000001,0.0,55.437992095947266,12.0,,,0,12.0,10.700000000000001,0.0
0,2,0.0,7.0,10.200000000000001,-1.222812724623063,10.700000000000001,0.0,55.937992095947266,12.0,,,0,12.0,10.700000000000001,0.0
0,2,0.0,7.0,10.200000000000001,-1.222812724623063,10.700000000000001,0.0,56.437992095947266,12.0,,,0,12.0,10.700000000000001,0.0
0,2,0.0,7.0,10.200000000000001,-1.222812724623063,10.700000000000001,0.0,56.937992095947266,12.0,,,0,12.0,10.700000000000001,0.0
0,2,0.0,7.0,10.200000000000001,-1.222812724623063,10.700000000000001,0.0,57.437992095947266,12.0,,,0,12.0,10.700000000000001,0.0
0,2,0.0,7.0,10.200000000000001,-1.222812724623063,10.700000000000001,0.0,57.937992095947266,12.0,,,0,12.0,10.700000000000001,0.0
0,2,0.0,7.0,10.200000000000001,-1.222812724623063,10.700000000000001,0.0,58.437992095947266,0.0,,,0,11.970788955688477,10.700000000000001,0.0
0,2,0.0,7.0,10.200000000000001,-1.222812724623063,10.700000000000001,0.0,58.937992095947266,11.937459945678711,13.14381217956543,20.399999618530273,1,11.907410621643066,10.700000000000001,0.0
0,2,0.0,7.0,10.200000000000001,-1.222812724623063,10.700000000000001,0.0,59.437992095947266,11.87564754486084,13.023138046264648,20.399999618530273,1,11.845598220825195,10.700000000000001,0.0
0,2,0.0,7.0,10.200000000000001,-1.222812724623063,10.700000000000001,0.0,59.937992095947266,11.8153657913208,12.903700828552246,20.399999618530273,1,11.785316467285156,10.700000000000001,0.0
0,2,0.0,7.0,10.200000000000001,-1.222812724623063,10.700000000000001,0.0,60.437992095947266,0.0,,,0,11.726533889770508,10.700000000000001,0.0
0,2,0.0,7.0,10.200000000000001,-1.222812724623063,10.700000000000001,0.0,60.937992095947266,11.699268341064453,12.668392181396484,20.399999618530273,1,11.669219017028809,10.700000000000001,0.0
0,2,0.0,7.0,10.200000000000001,-1.222812724623063,10.700000000000001,0.0,61.437992095947266,11.643390655517578,12.552450180053711,20.399999618530273,1,11.613341331481934,10.700000000000001,0.0
0,2,0.0,7.0,10.200000000000001,-1.222812724623063,10.700000000000001,0.0,61.937992095947266,11.588922500610352,12.437603950500488,20.399999618530273,1,11.558873176574707,10.700000000000001,0.0
0,2,0.0,7.0,10.200000000000001,-1.222812724623063,10.700000000000001,0.0,62.437992095947266,11.535834312438965,12.323822021484375,20.399999618530273,1,11.50578498840332,10.700000000000001,0.0
0,2,0.0,7.0,10.200000000000001,-1.222812724623063,10.700000000000001,0.0,62.937992095947266,11.484099388122559,12.211071968078613,20.399999618530273,1,11.454050064086914,10.700000000000001,0.0
0,2,0.0,7.0,10.200000000000001,-1.222812724623063,10.700000000000001,0.0,63.437992095947266,0.0,,,0,11.403643608093262,10.700000000000001,0.0
0,2,0.0,7.0,10.200000000000001,-1.222812724623063,10.700000000000001,0.0,63.937992095947266,11.384589195251465,11.988544464111328,20.399999618530273,1,11.35453987121582,10.700000000000001,0.0
0,2,0.0,7.0,10.200000000000001,-1.222812724623063,10.700000000000001,0.0,64.43798828125,11.336763381958008,11.878707885742188,20.399999618530273,1,11.306714057922363,10.700000000000001,0.0
0,2,0.0,7.0,10.200000000000001,-1.222812724623063,10.700000000000001,0.0,64.93798828125,11.290193557739258,11.769783973693848,20.399999618530273,1,11.260144233703613,10.700000000000001,0.0
0,2,0.0,7.0,10.200000000000001,-1.222812724623063,10.700000000000001,0.0,65.43798828125,11.244854927062988,11.66174602508545,20.399999618530273,1,11.214805603027344,10.700000000000001,0.0
0,2,0.0,7.0,10.200000000000001,-1.222812724623063,10.700000000000001,0.0,65.93798828125,11.200728416442871,11.554566383361816,20.399999618530273,1,11.170679092407227,10.700000000000001,0.0
0,2,0.0,7.0,10.200000000000001,-1.222812724623063,10.700000000000001,0.0,66.43798828125,0.0,,,0,11.127741813659668,10.700000000000001,0.0
0,2,0.0,7.0,10.200000000000001,-1.222812724623063,10.700000000000001,0.0,66.93798828125,11.116024017333984,11.342677116394043,20.399999618530273,1,11.08597469329834,10.700000000000001,0.0
0,2,0.0,7.0,10.200000000000001,-1.222812724623063,10.700000000000001,0.0,67.43798828125,0.0,,,0,11.045358657836914,10.700000000000001,0.0
0,2,0.0,7.0,10.200000000000001,-1.222812724623063,10.700000000000001,0.0,67.93798828125,11.03592300415039,11.13391399383545,20.399999618530273,1,11.005873680114746,10.700000000000001,0.0
0,2,0.0,7.0,10.200000000000001,-1.222812724623063,10.700000000000001,0.0,68.43798828125,10.997550964355469,11.030644416809082,20.399999618530273,1,10.967501640319824,10.700000000000001,0.0
0,2,0.0,7.0,10.200000000000001,-1.222812724623063,10.700000000000001,0.0,68.93798828125,10.960275650024414,10.928084373474121,20.399999618530273,1,10.93022632598877,10.700000000000001,0.0
0,2,0.0,7.0,10.200000000000001,-1.222812724623063,10.700000000000001,0.0,69.43798828125,10.924078941345215,10.826210975646973,20.399999618530273,1,10.89402961730957,10.700000000000001,0.0
0,2,0.0,7.0,10.200000000000001,-1.222812724623063,10.700000000000001,0.0,69.93798828125,10.888946533203125,10.72500228881836,20.399999618530273,1,10.85889720916748,10.700000000000001,0.0
0,2,0.0,7.0,10.200000000000001,-1.222812724623063,10.700000000000001,0.0,70.43798828125,10.85486125946045,10.62443733215332,20.399999618530273,1,10.824811935424805,10.700000000000001,0.0
0,2,0.0,7.0,10.200000000000001,-1.222812724623063,10.700000000000001,0.0,70.93798828125,10.821807861328125,10.524494171142578,20.399999618530273,1,10.79175853729248,10.700000000000001,0.0
0,2,0.0,7.0,10.200000000000001,-1.222812724623063,10.700000000000001,0.0,71.43798828125,0.0,,,0,10.759723663330078,10.700000000000001,0.0
0,2,0.0,7.0,10.200000000000001,-1.222812724623063,10.700000000000001,0.0,71.93798828125,10.758743286132812,10.32638931274414,20.399999618530273,1,10.728693962097168,10.700000000000001,0.0
0,2,0.0,7.0,10.200000000000001,-1.222812724623063,10.700000000000001,0.0,72.43798828125,10.728703498840332,10.228188514709473,20.399999618530273,1,10.698654174804688,10.700000000000001,0.0
0,2,0.0,7.0,10.200000000000001,-1.222812724623063,10.700000000000001,0.0,72.93798828125,10.699642181396484,10.13052749633789,20.399999618530273,1,10.66959285736084,10.700000000000001,0.0
0,2,0.0,7.0,10.200000000000001,-1.222812724623063,10.700000000000001,0.0,73.43798828125,10.67154598236084,10.0333890914917,20.399999618530273,1,10.641496658325195,10.700000000000001,0.0
0,2,0.0,7.0,10.200000000000001,-1.222812724623063,10.700000000000001,0.0,73.93798828125,10.644403457641602,9.936753273010254,20.399999618530273,1,10.614354133605957,10.700000000000001,0.0
0,2,0.0,7.0,10.200000000000001,-1.222812724623063,10.700000000000001,0.0,74.43798828125,10.618204116821289,9.840601921081543,20.399999618530273,1,10.588154792785645,10.700000000000001,0.0
0,2,0.0,7.0,10.200000000000001,-1.222812724623063,10.700000000000001,0.0,74.93798828125,10.592935562133789,9.744916915893555,20.399999618530273,1,10.562886238098145,10.700000000000001,0.0
0,2,0.0,7.0,10.200000000000001,-1.222812724623063,10.700000000000001,0.0,75.43798828125,10.568588256835938,9.649680137634277,20.399999618530273,1,10.538538932800293,10.700000000000001,0.0
0,2,0.0,7.0,10.200000000000001,-1.222812724623063,10.700000000000001,0.0,75.93798828125,0.0,,,0,10.51510238647461,10.700000000000001,0.0
0,2,0.0,7.0,10.200000000000001,-1.222812724623063,10.700000000000001,0.0,76.43798828125,10.522616386413574,9.460481643676758,20.399999618530273,1,10.49256706237793,10.700000000000001,0.0
0,2,0.0,7.0,10.200000000000001,-1.222812724623063,10.700000000000001,0.0,76.93798828125,10.50097370147705,9.366485595703125,20.399999618530273,1,10.470924377441406,10.700000000000001,0.0
0,2,0.0,7.0,10.200000000000001,-1.222812724623063,10.700000000000001,0.0,77.43798828125,10.48021411895752,9.272870063781738,20.399999618530273,1,10.450164794921875,10.700000000000001,0.0
0,2,0.0,7.0,10.200000000000001,-1.222812724623063,10.700000000000001,0.0,77.93798828125,0.0,,,0,10.430279731750488,10.700000000000001,0.0
0,2,0.0,7.0,10.200000000000001,-1.222812724623063,10.700000000000001,0.0,78.43798828125,10.44131088256836,9.086711883544922,20.399999618530273,1,10.411261558532715,10.700000000000001,0.0
0,2,0.0,7.0,10.200000000000001,-1.222812724623063,10.700000000000001,0.0,78.93798828125,10.423151969909668,8.99413776397705,20.399999618530273,1,10.393102645874023,10.700000000000001,0.0
0,2,0.0,7.0,10.200000000000001,-1.222812724623063,10.700000000000001,0.0,79.43798828125,10.405845642089844,8.901878356933594,20.399999618530273,1,10.3757963180542,10.700000000000001,0.0
0,2,0.0,7.0,10.200000000000001,-1.222812724623063,10.700000000000001,0.0,79.93798828125,10.389383316040039,8.809919357299805,20.399999618530273,1,10.359333992004395,10.700000000000001,0.0
0,2,0.0,7.0,10.200000000000001,-1.222812724623063,10.700000000000001,0.0,80.43798828125,0.0,,,0,10.343710899353027,10.700000000000001,0.0
0,2,0.0,7.0,10.200000000000001,-1.222812724623063,10.700000000000001,0.0,80.93798828125,0.0,,,0,10.328920364379883,10.700000000000001,0.0
0,2,0.0,7.0,10.200000000000001,-1.222812724623063,10.700000000000001,0.0,81.43798828125,10.345005989074707,8.535687446594238,20.399999618530273,1,10.314956665039062,10.700000000000001,0.0
0,2,0.0,7.0,10.200000000000001,-1.222812724623063,10.700000000000001,0.0,81.93798828125,10.331863403320312,8.444775581359863,20.399999618530273,1,10.301814079284668,10.700000000000001,0.0
0,2,0.0,7.0,10.200000000000001,-1.222812724623063,10.700000000000001,0.0,82.43798828125,10.319537162780762,8.354086875915527,20.399999618530273,1,10.289487838745117,10.700000000000001,0.0
0,2,0.0,7.0,10.200000000000001,-1.222812724623063,10.700000000000001,0.0,82.93798828125,10.308021545410156,8.263608932495117,20.399999618530273,1,10.277972221374512,10.700000000000001,0.0
0,2,0.0,7.0,10.200000000000001,-1.222812724623063,10.700000000000001,0.0,83.43798828125,10.29731273651123,8.17332649230957,20.399999618530273,1,10.267263412475586,10.700000000000001,0.0
0,2,0.0,7.0,10.200000000000001,-1.222812724623063,10.700000000000001,0.0,83.93798828125,10.287406921386719,8.08322525024414,20.399999618530273,1,10.257357597351074,10.700000000000001,0.0
0,2,0.0,7.0,10.200000000000001,-1.222812724623063,10.700000000000001,0.0,84.43798828125,10.278299331665039,7.993290901184082,20.399999618530273,1,10.248250007629395,10.700000000000001,0.0
0,2,0.0,7.0,10.200000000000001,-1.222812724623063,10.700000000000001,0.0,84.93798828125,10.269987106323242,7.90350866317749,20.399999618530273,1,10.239937782287598,10.700000000000001,0.0
0,2,0.0,7.0,10.200000000000001,-1.222812724623063,10.700000000000001,0.0,85.43798828125,10.262467384338379,7.813865661621094,20.399999618530273,1,10.232418060302734,10.700000000000001,0.0
0,2,0.0,7.0,10.200000000000001,-1.222812724623063,10.700000000000001,0.0,85.93798828125,0.0,,,0,10.225687026977539,10.700000000000001,0.0
0,2,0.0,7.0,10.200000000000001,-1.222812724623063,10.700000000000001,0.0,86.43798828125,10.249792098999023,7.634939670562744,20.399999618530273,1,10.219742774963379,10.700000000000001,0.0
0,2,0.0,7.0,10.200000000000001,-1.222812724623063,10.700000000000001,0.0,86.93798828125,10.244632720947266,7.545629024505615,20.399999618530273,1,10.214583396911621,10.700000000000001,0.0
0,2,0.0,7.0,10.200000000000001,-1.222812724623063,10.700000000000001,0.0,87.43798828125,10.240255355834961,7.45640230178833,20.399999618530273,1,10.210206031799316,10.700000000000001,0.0
0,2,0.0,7.0,10.200000000000001,-1.222812724623063,10.700000000000001,0.0,87.93798828125,10.236658096313477,7.367244720458984,20.399999618530273,1,10.206608772277832,10.700000000000001,0.0
0,2,0.0,7.0,10.200000000000001,-1.222812724623063,10.700000000000001,0.0,88.43798828125,0.0,,,0,10.203791618347168,10.700000000000001,0.0
0,2,0.0,7.0,10.200000000000001,-1.222812724623063,10.700000000000001,0.0,88.93798828125,10.231801986694336,7.189084053039551,20.399999618530273,1,10.201752662658691,10.700000000000001,0.0
0,2,0.0,7.0,10.200000000000001,-1.222812724623063,10.700000000000001,0.0,89.43798828125,10.23054027557373,7.100053787231445,20.399999618530273,1,10.200490951538086,10.700000000000001,0.0
0,2,0.0,7.0,10.200000000000001,-1.222812724623063,10.700000000000001,0.0,89.93798828125,10.23005485534668,7.011038780212402,20.399999618530273,1,10.200005531311035,10.700000000000001,0.0
0,2,0.0,7.0,10.200000000000001,-1.222812724623063,10.700000000000001,0.0,90.43798828125,10.230347633361816,6.922025680541992,20.399999618530273,1,10.200298309326172,10.700000000000001,0.0
0,2,0.0,7.0,10.200000000000001,-1.222812724623063,10.700000000000001,0.0,90.93798828125,10.231416702270508,6.833000659942627,20.399999618530273,1,10.201367378234863,10.700000000000001,0.0
0,2,0.0,7.0,10.200000000000001,-1.222812724623063,10.700000000000001,0.0,91.43798828125,0.0,,,0,10.203213691711426,10.700000000000001,0.0
0,2,0.0,7.0,10.200000000000001,-1.222812724623063,10.700000000000001,0.0,91.93798828125,10.235886573791504,6.654860019683838,20.399999618530273,1,10.20583724975586,10.700000000000001,0.0
0,2,0.0,7.0,10.200000000000001,-1.222812724623063,10.700000000000001,0.0,92.43798828125,10.239290237426758,6.565717697143555,20.399999618530273,1,10.209240913391113,10.700000000000001,0.0
0,2,0.0,7.0,10.200000000000001,-1.222812724623063,10.700000000000001,0.0,92.93798828125,0.0,,,0,10.213424682617188,10.700000000000001,0.0
0,2,0.0,7.0,10.200000000000001,-1.222812724623063,10.700000000000001,0.0,93.43798828125,10.24843978881836,6.387220859527588,20.399999618530273,1,10.218390464782715,10.700000000000001,0.0
0,2,0.0,7.0,10.200000000000001,-1.222812724623063,10.700000000000001,0.0,93.93798828125,10.254188537597656,6.2978386878967285,20.399999618530273,1,10.224139213562012,10.700000000000001,0.0
0,2,0.0,7.0,10.200000000000001,-1.222812724623063,10.700000000000001,0.0,94.43798828125,10.260724067687988,6.208348751068115,20.399999618530273,1,10.230674743652344,10.700000000000001,0.0
0,2,0.0,7.0,10.200000000000001,-1.222812724623063,10.700000000000001,0.0,94.93798828125,10.268048286437988,6.118738174438477,20.399999618530273,1,10.237998962402344,10.700000000000001,0.0
0,2,0.0,7.0,10.200000000000001,-1.222812724623063,10.700000000000001,0.0,95.43798828125,10.276163101196289,6.02899169921875,20.399999618530273,1,10.246113777160645,10.700000000000001,0.0
0,2,0.0,7.0,10.200000000000001,-1.222812724623063,10.700000000000001,0.0,95.93798828125,10.285073280334473,5.939096450805664,20.399999618530273,1,10.255023956298828,10.700000000000001,0.0
0,2,0.0,7.0,10.200000000000001,-1.222812724623063,10.700000000000001,0.0,96.43798828125,10.294780731201172,5.8490376472473145,20.399999618530273,1,10.264731407165527,10.700000000000001,0.0
0,2,0.0,7.0,10.200000000000001,-1.222812724623063,10.700000000000001,0.0,96.93798828125,10.305290222167969,5.758801460266113,20.399999618530273,1,10.275240898132324,10.700000000000001,0.0
0,2,0.0,7.0,10.200000000000001,-1.222812724623063,10.700000000000001,0.0,97.43798828125,10.316605567932129,5.668373107910156,20.399999618530273,1,10.286556243896484,10.700000000000001,0.0
0,2,0.0,7.0,10.200000000000001,-1.222812724623063,10.700000000000001,0.0,97.93798828125,10.328730583190918,5.5777387619018555,20.399999618530273,1,10.298681259155273,10.700000000000001,0.0
0,2,0.0,7.0,10.200000000000001,-1.222812724623063,10.700000000000001,0.0,98.43798828125,0.0,,,0,10.311620712280273,10.700000000000001,0.0
0,2,0.0,7.0,10.200000000000001,-1.222812724623063,10.700000000000001,0.0,98.93798828125,10.355429649353027,5.395792484283447,20.399999618530273,1,10.325380325317383,10.700000000000001,0.0
0,2,0.0,7.0,10.200000000000001,-1.222812724623063,10.700000000000001,0.0,99.43798828125,10.370015144348145,5.3044514656066895,20.399999618530273,1,10.3399658203125,10.700000000000001,0.0
0,2,0.0,7.0,10.200000000000001,-1.222812724623063,10.700000000000001,0.0,99.93798828125,0.0,,,0,10.35538101196289,10.700000000000001,0.0
0,2,0.0,7.0,10.200000000000001,-1.222812724623063,10.700000000000001,0.0,100.43798828125,0.0,,,0,10.371634483337402,10.700000000000001,0.0
0,2,0.0,7.0,10.200000000000001,-1.222812724623063,10.700000000000001,0.0,100.93798828125,10.418780326843262,5.028774261474609,20.399999618530273,1,10.388731002807617,10.700000000000001,0.0
0,2,0.0,7.0,10.200000000000001,-1.222812724623063,10.700000000000001,0.0,101.43798828125,10.436726570129395,4.936279773712158,20.399999618530273,1,10.40667724609375,10.700000000000001,0.0
0,2,0.0,7.0,10.200000000000001,-1.222812724623063,10.700000000000001,0.0,101.93798828125,10.455531120300293,4.84345817565918,20.399999618530273,1,10.425481796264648,10.700000000000001,0.0
0,2,0.0,7.0,10.200000000000001,-1.222812724623063,10.700000000000001,0.0,102.43798828125,0.0,,,0,10.445151329040527,10.700000000000001,0.0
0,2,0.0,7.0,10.200000000000001,-1.222812724623063,10.700000000000001,0.0,102.93798828125,0.0,,,0,10.465693473815918,10.700000000000001,0.0
0,2,0.0,7.0,10.200000000000001,-1.222812724623063,10.700000000000001,0.0,103.43798828125,10.517165184020996,4.562868595123291,20.399999618530273,1,10.487115859985352,10.700000000000001,0.0
0,2,0.0,7.0,10.200000000000001,-1.222812724623063,10.700000000000001,0.0,103.93798828125,10.539478302001953,4.468576431274414,20.399999618530273,1,10.509428977966309,10.700000000000001,0.0
0,2,0.0,7.0,10.200000000000001,-1.222812724623063,10.700000000000001,0.0,104.43798828125,10.562690734863281,4.373874664306641,20.399999618530273,1,10.532641410827637,10.700000000000001,0.0
0,2,0.0,7.0,10.200000000000001,-1.222812724623063,10.700000000000001,0.0,104.93798828125,10.586811065673828,4.278746128082275,20.399999618530273,1,10.556761741638184,10.700000000000001,0.0
0,2,0.0,7.0,10.200000000000001,-1.222812724623063,10.700000000000001,0.0,105.43798828125,10.611849784851074,4.183174133300781,20.399999618530273,1,10.58180046081543,10.700000000000001,0.0
0,2,0.0,7.0,10.200000000000001,-1.222812724623063,10.700000000000001,0.0,105.93798828125,10.637818336486816,4.087140083312988,20.399999618530273,1,10.607769012451172,10.700000000000001,0.0
0,2,0.0,7.0,10.200000000000001,-1.222812724623063,10.700000000000001,0.0,106.43798828125,10.664725303649902,3.990626096725464,20.399999618530273,1,10.634675979614258,10.700000000000001,0.0
0,2,0.0,7.0,10.200000000000001,-1.222812724623063,10.700000000000001,0.0,106.93798828125,10.692583084106445,3.893613815307617,20.399999618530273,1,10.6625337600708,10.700000000000001,0.0
0,2,0.0,7.0,10.200000000000001,-1.222812724623063,10.700000000000001,0.0,107.43798828125,10.721404075622559,3.7960846424102783,20.399999618530273,1,10.691354751586914,10.700000000000001,0.0
0,2,0.0,7.0,10.200000000000001,-1.222812724623063,10.700000000000001,0.0,107.93798828125,0.0,,,0,10.721151351928711,10.700000000000001,0.0
0,2,0.0,7.0,10.200000000000001,-1.222812724623063,10.700000000000001,0.0,108.43798828125,12.0,,,0,12.0,10.700000000000001,0.0
0,2,0.0,7.0,10.200000000000001,-1.222812724623063,10.700000000000001,0.0,108.93798828125,12.0,,,0,12.0,10.700000000000001,0.0
0,2,0.0,7.0,10.200000000000001,-1.222812724623063,10.700000000000001,0.0,109.43798828125,12.0,,,0,12.0,10.700000000000001,0.0
