scenario_id,scan_id,t,pose_x,pose_y,pose_yaw,goal_x,goal_y,theta_deg,r_m,hit_x,hit_y,valid,noise_free_r_m,final_goal_x,final_goal_y
15,0,0.0,5.5,0.30000000000000004,1.6657480331376526,5.300000000000001,2.4000000000000004,275.4403381347656,3.722254514694214,5.855444431304932,-3.4321682453155518,1,3.749056100845337,2.9000000000000004,9.600000000000001
15,0,0.0,5.5,0.30000000000000004,1.6657480331376526,5.300000000000001,2.4000000000000004,275.9403381347656,3.725515842437744,5.8883376121521,-3.4321682453155518,1,3.752317428588867,2.9000000000000004,9.600000000000001
15,0,0.0,5.5,0.30000000000000004,1.6657480331376526,5.300000000000001,2.4000000000000004,276.4403381347656,3.729069232940674,5.921290397644043,-3.4321682453155518,1,3.755870819091797,2.9000000000000004,9.600000000000001
15,0,0.0,5.5,0.30000000000000004,1.6657480331376526,5.300000000000001,2.4000000000000004,276.9403381347656,3.7329158782958984,5.954308032989502,-3.4321682453155518,1,3.7597174644470215,2.9000000000000004,9.600000000000001
15,0,0.0,5.5,0.30000000000000004,1.6657480331376526,5.300000000000001,2.4000000000000004,277.4403381347656,3.7370574474334717,5.987395763397217,-3.4321682453155518,1,3.7638590335845947,2.9000000000000004,9.600000000000001
15,0,0.0,5.5,0.30000000000000004,1.6657480331376526,5.300000000000001,2.4000000000000004,277.9403381347656,3.741495370864868,6.020559310913086,-3.4321682453155518,1,3.768296957015991,2.9000000000000004,9.600000000000001
15,0,0.0,5.5,0.30000000000000004,1.6657480331376526,5.300000000000001,2.4000000000000004,278.4403381347656,3.7462315559387207,6.053803443908691,-3.4321682453155518,1,3.7730331420898438,2.9000000000000004,9.600000000000001
15,0,0.0,5.5,0.30000000000000004,1.6657480331376526,5.300000000000001,2.4000000000000004,278.9403381347656,3.751267671585083,6.087133884429932,-3.4321682453155518,1,3.778069257736206,2.9000000000000004,9.600000000000001
15,0,0.0,5.5,0.30000000000000004,1.6657480331376526,5.300000000000001,2.4000000000000004,279.4403381347656,3.756605625152588,6.120555877685547,-3.4321682453155518,1,3.783407211303711,2.9000000000000004,9.600000000000001
15,0,0.0,5.5,0.30000000000000004,1.6657480331376526,5.300000000000001,2.4000000000000004,279.9403381347656,3.7622478008270264,6.1540751457214355,-3.4321682453155518,1,3.7890493869781494,2.9000000000000004,9.600000000000001
15,0,0.0,5.5,0.30000000000000004,1.6657480331376526,5.300000000000001,2.4000000000000004,280.4403381347656,3.7681961059570312,6.187696933746338,-3.4321682453155518,1,3.7949976921081543,2.9000000000000004,9.600000000000001
15,0,0.0,5.5,0.30000000000000004,1.6657480331376526,5.300000000000001,2.4000000000000004,280.9403381347656,3.7744531631469727,6.2214274406433105,-3.4321682453155518,1,3.8012547492980957,2.9000000000000004,9.600000000000001
15,0,0.0,5.5,0.30000000000000004,1.6657480331376526,5.300000000000001,2.4000000000000004,281.4403381347656,3.7810213565826416,6.2552714347839355,-3.4321682453155518,1,3.8078229427337646,2.9000000000000004,9.600000000000001
15,0,0.0,5.5,0.30000000000000004,1.6657480331376526,5.300000000000001,2.4000000000000004,281.9403381347656,0.0,,,0,3.8147048950195312,2.9000000000000004,9.600000000000001
15,0,0.0,5.5,0.30000000000000004,1.6657480331376526,5.300000000000001,2.4000000000000004,282.4403381347656,3.7951016426086426,6.323325157165527,-3.4321682453155518,1,3.8219032287597656,2.9000000000000004,9.600000000000001
15,0,0.0,5.5,0.30000000000000004,1.6657480331376526,5.300000000000001,2.4000000000000004,282.9403381347656,3.802619457244873,6.357545852661133,-3.4321682453155518,1,3.829421043395996,2.9000000000000004,9.600000000000001
15,0,0.0,5.5,0.30000000000000004,1.6657480331376526,5.300000000000001,2.4000000000000004,283.4403381347656,3.810459852218628,6.391904830932617,-3.4321682453155518,1,3.837261438369751,2.9000000000000004,9.600000000000001
15,0,0.0,5.5,0.30000000000000004,1.6657480331376526,5.300000000000001,2.4000000000000004,283.9403381347656,3.8186256885528564,6.4264068603515625,-3.4321682453155518,1,3.8454272747039795,2.9000000000000004,9.600000000000001
15,0,0.0,5.5,0.30000000000000004,1.6657480331376526,5.300000000000001,2.4000000000000004,284.4403381347656,3.827120304107666,6.461058616638184,-3.4321682453155518,1,3.853921890258789,2.9000000000000004,9.600000000000001
15,0,0.0,5.5,0.30000000000000004,1.6657480331376526,5.300000000000001,2.4000000000000004,284.9403381347656,0.0,,,0,3.8627490997314453,2.9000000000000004,9.600000000000001
15,0,0.0,5.5,0.30000000000000004,1.6657480331376526,5.300000000000001,2.4000000000000004,285.4403381347656,3.8451108932495117,6.530837535858154,-3.4321682453155518,1,3.8719124794006348,2.9000000000000004,9.600000000000001
15,0,0.0,5.5,0.30000000000000004,1.6657480331376526,5.300000000000001,2.4000000000000004,285.9403381347656,3.854614019393921,6.565977096557617,-3.4321682453155518,1,3.881415605545044,2.9000000000000004,9.600000000000001
15,0,0.0,5.5,0.30000000000000004,1.6657480331376526,5.300000000000001,2.4000000000000004,286.4403381347656,3.8644611835479736,6.601292133331299,-3.4321682453155518,1,3.8912627696990967,2.9000000000000004,9.600000000000001
15,0,0.0,5.5,0.30000000000000004,1.6657480331376526,5.300000000000001,2.4000000000000004,286.9403381347656,0.0,,,0,3.9014575481414795,2.9000000000000004,9.600000000000001
15,0,0.0,5.5,0.30000000000000004,1.6657480331376526,5.300000000000001,2.4000000000000004,287.4403381347656,3.8852031230926514,6.672476291656494,-3.4321682453155518,1,3.9120047092437744,2.9000000000000004,9.600000000000001
15,0,0.0,5.5,0.30000000000000004,1.6657480331376526,5.300000000000001,2.4000000000000004,287.9403381347656,3.8961071968078613,6.708359241485596,-3.4321682453155518,1,3.9229087829589844,2.9000000000000004,9.600000000000001
15,0,0.0,5.5,0.30000000000000004,1.6657480331376526,5.300000000000001,2.4000000000000004,288.4403381347656,0.0,,,0,3.934174060821533,2.9000000000000004,9.600000000000001
15,0,0.0,5.5,0.30000000000000004,1.6657480331376526,5.300000000000001,2.4000000000000004,288.9403381347656,3.919003963470459,6.780742645263672,-3.4321682453155518,1,3.945805549621582,2.9000000000000004,9.600000000000001
15,0,0.0,5.5,0.30000000000000004,1.6657480331376526,5.300000000000001,2.4000000000000004,289.4403381347656,3.931006908416748,6.817257881164551,-3.4321682453155518,1,3.957808494567871,2.9000000000000004,9.600000000000001
15,0,0.0,5.5,0.30000000000000004,1.6657480331376526,5.300000000000001,2.4000000000000004,289.9403381347656,3.9433863162994385,6.853998184204102,-3.4321682453155518,1,3.9701879024505615,2.9000000000000004,9.600000000000001
15,0,0.0,5.5,0.30000000000000004,1.6657480331376526,5.300000000000001,2.4000000000000004,290.4403381347656,3.9561476707458496,6.890972137451172,-3.4321682453155518,1,3.9829492568969727,2.9000000000000004,9.600000000000001
15,0,0.0,5.5,0.30000000000000004,1.6657480331376526,5.300000000000001,2.4000000000000004,290.9403381347656,3.969296455383301,6.928187370300293,-3.4321682453155518,1,3.996098041534424,2.9000000000000004,9.600000000000001
15,0,0.0,5.5,0.30000000000000004,1.6657480331376526,5.300000000000001,2.4000000000000004,291.4403381347656,3.9828391075134277,6.9656524658203125,-3.4321682453155518,1,4.009640693664551,2.9000000000000004,9.600000000000001
15,0,0.0,5.5,0.30000000000000004,1.6657480331376526,5.300000000000001,2.4000000000000004,291.9403381347656,3.9967808723449707,7.0033745765686035,-3.4321682453155518,1,4.023582458496094,2.9000000000000004,9.600000000000001
15,0,0.0,5.5,0.30000000000000004,1.6657480331376526,5.300000000000001,2.4000000000000004,292.4403381347656,0.0,,,0,4.037930488586426,2.9000000000000004,9.600000000000001
15,0,0.0,5.5,0.30000000000000004,1.6657480331376526,5.300000000000001,2.4000000000000004,292.9403381347656,4.025888919830322,7.079626560211182,-3.4321682453155518,1,4.052690505981445,2.9000000000000004,9.600000000000001
15,0,0.0,5.5,0.30000000000000004,1.6657480331376526,5.300000000000001,2.4000000000000004,293.4403381347656,4.0410685539245605,7.118173599243164,-3.4321682453155518,1,4.067870140075684,2.9000000000000004,9.600000000000001
15,0,0.0,5.5,0.30000000000000004,1.6657480331376526,5.300000000000001,2.4000000000000004,293.9403381347656,4.056674003601074,7.157013416290283,-3.4321682453155518,1,4.083475589752197,2.9000000000000004,9.600000000000001
15,0,0.0,5.5,0.30000000000000004,1.6657480331376526,5.300000000000001,2.4000000000000004,294.4403381347656,4.072713375091553,7.196155548095703,-3.4321682453155518,1,4.099514961242676,2.9000000000000004,9.600000000000001
15,0,0.0,5.5,0.30000000000000004,1.6657480331376526,5.300000000000001,2.4000000000000004,294.9403381347656,10.670774459838867,10.010891914367676,-9.399999618530273,1,10.697576522827148,2.9000000000000004,9.600000000000001
15,0,0.0,5.5,0.30000000000000004,1.6657480331376526,5.300000000000001,2.4000000000000004,295.4403381347656,10.714775085449219,10.114269256591797,-9.399999618530273,1,10.7415771484375,2.9000000000000004,9.600000000000001
15,0,0.0,5.5,0.30000000000000004,1.6657480331376526,5.300000000000001,2.4000000000000004,295.9403381347656,10.759963989257812,10.218507766723633,-9.399999618530273,1,10.786766052246094,2.9000000000000004,9.600000000000001
15,0,0.0,5.5,0.30000000000000004,1.6657480331376526,5.300000000000001,2.4000000000000004,296.4403381347656,10.806363105773926,10.32363510131836,-9.399999618530273,1,10.833165168762207,2.9000000000000004,9.600000000000001
15,0,0.0,5.5,0.30000000000000004,1.6657480331376526,5.300000000000001,2.4000000000000004,296.9403381347656,0.0,,,0,10.880796432495117,2.9000000000000004,9.600000000000001
15,0,0.0,5.5,0.30000000000000004,1.6657480331376526,5.300000000000001,2.4000000000000004,297.4403381347656,10.902883529663086,10.53666877746582,-9.399999618530273,1,10.929685592651367,2.9000000000000004,9.600000000000001
15,0,0.0,5.5,0.30000000000000004,1.6657480331376526,5.300000000000001,2.4000000000000004,297.9403381347656,10.95305347442627,10.644631385803223,-9.399999618530273,1,10.97985553741455,2.9000000000000004,9.600000000000001
15,0,0.0,5.5,0.30000000000000004,1.6657480331376526,5.300000000000001,2.4000000000000004,298.4403381347656,11.00452995300293,10.7535982131958,-9.399999618530273,1,11.031332015991211,2.9000000000000004,9.600000000000001
15,0,0.0,5.5,0.30000000000000004,1.6657480331376526,5.300000000000001,2.4000000000000004,298.9403381347656,11.057339668273926,10.86359977722168,-9.399999618530273,1,11.084141731262207,2.9000000000000004,9.600000000000001
15,0,0.0,5.5,0.30000000000000004,1.6657480331376526,5.300000000000001,2.4000000000000004,299.4403381347656,11.111510276794434,10.974668502807617,-9.399999618530273,1,11.138312339782715,2.9000000000000004,9.600000000000001
15,0,0.0,5.5,0.30000000000000004,1.6657480331376526,5.300000000000001,2.4000000000000004,299.9403381347656,10.993081092834473,11.0,-9.249231338500977,1,11.019883155822754,2.9000000000000004,9.600000000000001
15,0,0.0,5.5,0.30000000000000004,1.6657480331376526,5.300000000000001,2.4000000000000004,300.4403381347656,10.829015731811523,11.0,-9.05942153930664,1,10.855817794799805,2.9000000000000004,9.600000000000001
15,0,0.0,5.5,0.30000000000000004,1.6657480331376526,5.300000000000001,2.4000000000000004,300.9403381347656,10.67056655883789,11.0,-8.875166893005371,1,10.697368621826172,2.9000000000000004,9.600000000000001
15,0,0.0,5.5,0.30000000000000004,1.6657480331376526,5.300000000000001,2.4000000000000004,301.4403381347656,0.0,,,0,10.544269561767578,2.9000000000000004,9.600000000000001
15,0,0.0,5.5,0.30000000000000004,1.6657480331376526,5.300000000000001,2.4000000000000004,301.9403381347656,4.3712310791015625,7.826716899871826,-3.4321682453155518,1,4.3980326652526855,2.9000000000000004,9.600000000000001
15,0,0.0,5.5,0.30000000000000004,1.6657480331376526,5.300000000000001,2.4000000000000004,302.4403381347656,4.395458221435547,7.872192859649658,-3.4321682453155518,1,4.42225980758667,2.9000000000000004,9.600000000000001
15,0,0.0,5.5,0.30000000000000004,1.6657480331376526,5.300000000000001,2.4000000000000004,302.9403381347656,4.420293807983398,7.918176174163818,-3.4321682453155518,1,4.4470953941345215,2.9000000000000004,9.600000000000001
15,0,0.0,5.5,0.30000000000000004,1.6657480331376526,5.300000000000001,2.4000000000000004,303.4403381347656,4.4457526206970215,7.964682579040527,-3.4321682453155518,1,4.4725542068481445,2.9000000000000004,9.600000000000001
15,0,0.0,5.5,0.30000000000000004,1.6657480331376526,5.300000000000001,2.4000000000000004,303.9403381347656,0.0,,,0,4.498651027679443,2.9000000000000004,9.600000000000001
15,0,0.0,5.5,0.30000000000000004,1.6657480331376526,5.300000000000001,2.4000000000000004,304.4403381347656,4.498599052429199,8.059329986572266,-3.4321682453155518,1,4.525400638580322,2.9000000000000004,9.600000000000001
15,0,0.0,5.5,0.30000000000000004,1.6657480331376526,5.300000000000001,2.4000000000000004,304.9403381347656,4.526017189025879,8.107503890991211,-3.4321682453155518,1,4.552818775177002,2.9000000000000004,9.600000000000001
15,0,0.0,5.5,0.30000000000000004,1.6657480331376526,5.300000000000001,2.4000000000000004,305.4403381347656,0.0,,,0,4.580922603607178,2.9000000000000004,9.600000000000001
15,0,0.0,5.5,0.30000000000000004,1.6657480331376526,5.300000000000001,2.4000000000000004,305.9403381347656,4.5829267501831055,8.205645561218262,-3.4321682453155518,1,4.6097283363342285,2.9000000000000004,9.600000000000001
15,0,0.0,5.5,0.30000000000000004,1.6657480331376526,5.300000000000001,2.4000000000000004,306.4403381347656,4.612452983856201,8.25564956665039,-3.4321682453155518,1,4.639254570007324,2.9000000000000004,9.600000000000001
15,0,0.0,5.5,0.30000000000000004,1.6657480331376526,5.300000000000001,2.4000000000000004,306.9403381347656,4.642717361450195,8.306302070617676,-3.4321682453155518,1,4.669518947601318,2.9000000000000004,9.600000000000001
15,0,0.0,5.5,0.30000000000000004,1.6657480331376526,5.300000000000001,2.4000000000000004,307.4403381347656,0.0,,,0,4.7005414962768555,2.9000000000000004,9.600000000000001
15,0,0.0,5.5,0.30000000000000004,1.6657480331376526,5.300000000000001,2.4000000000000004,307.9403381347656,4.705540180206299,8.409635543823242,-3.4321682453155518,1,4.732341766357422,2.9000000000000004,9.600000000000001
15,0,0.0,5.5,0.30000000000000004,1.6657480331376526,5.300000000000001,2.4000000000000004,308.4403381347656,4.7381391525268555,8.462360382080078,-3.4321682453155518,1,4.7649407386779785,2.9000000000000004,9.600000000000001
15,0,0.0,5.5,0.30000000000000004,1.6657480331376526,5.300000000000001,2.4000000000000004,308.9403381347656,0.0,,,0,4.798359394073486,2.9000000000000004,9.600000000000001
15,0,0.0,5.5,0.30000000000000004,1.6657480331376526,5.300000000000001,2.4000000000000004,309.4403381347656,0.0,,,0,4.832621097564697,2.9000000000000004,9.600000000000001
15,0,0.0,5.5,0.30000000000000004,1.6657480331376526,5.300000000000001,2.4000000000000004,309.9403381347656,4.840947151184082,8.625043869018555,-3.4321682453155518,1,4.867748737335205,2.9000000000000004,9.600000000000001
15,0,0.0,5.5,0.30000000000000004,1.6657480331376526,5.300000000000001,2.4000000000000004,310.4403381347656,4.876965522766113,8.680856704711914,-3.4321682453155518,1,4.903767108917236,2.9000000000000004,9.600000000000001
15,0,0.0,5.5,0.30000000000000004,1.6657480331376526,5.300000000000001,2.4000000000000004,310.9403381347656,4.913899898529053,8.737506866455078,-3.4321682453155518,1,4.940701484680176,2.9000000000000004,9.600000000000001
15,0,0.0,5.5,0.30000000000000004,1.6657480331376526,5.300000000000001,2.4000000000000004,311.4403381347656,4.95177698135376,8.795021057128906,-3.4321682453155518,1,4.978578567504883,2.9000000000000004,9.600000000000001
15,0,0.0,5.5,0.30000000000000004,1.6657480331376526,5.300000000000001,2.4000000000000004,311.9403381347656,4.99062442779541,8.85342788696289,-3.4321682453155518,1,5.017426013946533,2.9000000000000004,9.600000000000001
15,0,0.0,5.5,0.30000000000000004,1.6657480331376526,5.300000000000001,2.4000000000000004,312.4403381347656,5.030470848083496,8.912758827209473,-3.4321682453155518,1,5.057272434234619,2.9000000000000004,9.600000000000001
15,0,0.0,5.5,0.30000000000000004,1.6657480331376526,5.300000000000001,2.4000000000000004,312.9403381347656,5.071346282958984,8.973043441772461,-3.4321682453155518,1,5.098147869110107,2.9000000000000004,9.600000000000001
15,0,0.0,5.5,0.30000000000000004,1.6657480331376526,5.300000000000001,2.4000000000000004,313.4403381347656,5.113283157348633,9.034316062927246,-3.4321682453155518,1,5.140084743499756,2.9000000000000004,9.600000000000001
15,0,0.0,5.5,0.30000000000000004,1.6657480331376526,5.300000000000001,2.4000000000000004,313.9403381347656,5.156313419342041,9.096609115600586,-3.4321682453155518,1,5.183115005493164,2.9000000000000004,9.600000000000001
15,0,0.0,5.5,0.30000000000000004,1.6657480331376526,5.300000000000001,2.4000000000000004,314.4403381347656,0.0,,,0,5.227272987365723,2.9000000000000004,9.600000000000001
15,0,0.0,5.5,0.30000000000000004,1.6657480331376526,5.300000000000001,2.4000000000000004,314.9403381347656,0.0,,,0,5.272594928741455,2.9000000000000004,9.600000000000001
15,0,0.0,5.5,0.30000000000000004,1.6657480331376526,5.300000000000001,2.4000000000000004,315.4403381347656,5.292316913604736,9.289978981018066,-3.4321682453155518,1,5.319118499755859,2.9000000000000004,9.600000000000001
15,0,0.0,5.5,0.30000000000000004,1.6657480331376526,5.300000000000001,2.4000000000000004,315.9403381347656,5.340081214904785,9.356727600097656,-3.4321682453155518,1,5.366882801055908,2.9000000000000004,9.600000000000001
15,0,0.0,5.5,0.30000000000000004,1.6657480331376526,5.300000000000001,2.4000000000000004,316.4403381347656,5.389126777648926,9.424691200256348,-3.4321682453155518,1,5.415928363800049,2.9000000000000004,9.600000000000001
15,0,0.0,5.5,0.30000000000000004,1.6657480331376526,5.300000000000001,2.4000000000000004,316.9403381347656,5.439497470855713,9.493913650512695,-3.4321682453155518,1,5.466299057006836,2.9000000000000004,9.600000000000001
15,0,0.0,5.5,0.30000000000000004,1.6657480331376526,5.300000000000001,2.4000000000000004,317.4403381347656,5.491238117218018,9.564440727233887,-3.4321682453155518,1,5.518039703369141,2.9000000000000004,9.600000000000001
15,0,0.0,5.5,0.30000000000000004,1.6657480331376526,5.300000000000001,2.4000000000000004,317.9403381347656,5.544395923614502,9.636322021484375,-3.4321682453155518,1,5.571197509765625,2.9000000000000004,9.600000000000001
15,0,0.0,5.5,0.30000000000000004,1.6657480331376526,5.300000000000001,2.4000000000000004,318.4403381347656,0.0,,,0,5.625822067260742,2.9000000000000004,9.600000000000001
15,0,0.0,5.5,0.30000000000000004,1.6657480331376526,5.300000000000001,2.4000000000000004,318.9403381347656,0.0,,,0,5.681965351104736,2.9000000000000004,9.600000000000001
15,0,0.0,5.5,0.30000000000000004,1.6657480331376526,5.300000000000001,2.4000000000000004,319.4403381347656,0.0,,,0,5.739681720733643,2.9000000000000004,9.600000000000001
15,0,0.0,5.5,0.30000000000000004,1.6657480331376526,5.300000000000001,2.4000000000000004,319.9403381347656,5.772227764129639,9.938429832458496,-3.4321682453155518,1,5.799029350280762,2.9000000000000004,9.600000000000001
15,0,0.0,5.5,0.30000000000000004,1.6657480331376526,5.300000000000001,2.4000000000000004,320.4403381347656,0.0,,,0,5.860067844390869,2.9000000000000004,9.600000000000001
15,0,0.0,5.5,0.30000000000000004,1.6657480331376526,5.300000000000001,2.4000000000000004,320.9403381347656,0.0,,,0,5.922860622406006,2.9000000000000004,9.600000000000001
15,0,0.0,5.5,0.30000000000000004,1.6657480331376526,5.300000000000001,2.4000000000000004,321.4403381347656,5.960672855377197,10.181962013244629,-3.4321682453155518,1,5.98747444152832,2.9000000000000004,9.600000000000001
15,0,0.0,5.5,0.30000000000000004,1.6657480331376526,5.300000000000001,2.4000000000000004,321.9403381347656,6.0271782875061035,10.266716957092285,-3.4321682453155518,1,6.053979873657227,2.9000000000000004,9.600000000000001
15,0,0.0,5.5,0.30000000000000004,1.6657480331376526,5.300000000000001,2.4000000000000004,322.4403381347656,6.095649242401123,10.35338306427002,-3.4321682453155518,1,6.122450828552246,2.9000000000000004,9.600000000000001
15,0,0.0,5.5,0.30000000000000004,1.6657480331376526,5.300000000000001,2.4000000000000004,322.9403381347656,6.166163921356201,10.442038536071777,-3.4321682453155518,1,6.192965507507324,2.9000000000000004,9.600000000000001
15,0,0.0,5.5,0.30000000000000004,1.6657480331376526,5.300000000000001,2.4000000000000004,323.4403381347656,6.238804340362549,10.532766342163086,-3.4321682453155518,1,6.265605926513672,2.9000000000000004,9.600000000000001
15,0,0.0,5.5,0.30000000000000004,1.6657480331376526,5.300000000000001,2.4000000000000004,323.9403381347656,6.313657760620117,10.625655174255371,-3.4321682453155518,1,6.34045934677124,2.9000000000000004,9.600000000000001
15,0,0.0,5.5,0.30000000000000004,1.6657480331376526,5.300000000000001,2.4000000000000004,324.4403381347656,6.390815734863281,10.72079849243164,-3.4321682453155518,1,6.417617321014404,2.9000000000000004,9.600000000000001
15,0,0.0,5.5,0.30000000000000004,1.6657480331376526,5.300000000000001,2.4000000000000004,324.9403381347656,6.470376014709473,10.818292617797852,-3.4321682453155518,1,6.497177600860596,2.9000000000000004,9.600000000000001
15,0,0.0,5.5,0.30000000000000004,1.6657480331376526,5.300000000000001,2.4000000000000004,325.4403381347656,6.552440643310547,10.918241500854492,-3.4321682453155518,1,6.57924222946167,2.9000000000000004,9.600000000000001
15,0,0.0,5.5,0.30000000000000004,1.6657480331376526,5.300000000000001,2.4000000000000004,325.9403381347656,6.612063884735107,11.0,-3.4181363582611084,1,6.6388654708862305,2.9000000000000004,9.600000000000001
15,0,0.0,5.5,0.30000000000000004,1.6657480331376526,5.300000000000001,2.4000000000000004,326.4403381347656,6.573378562927246,11.0,-3.3486132621765137,1,6.600180149078369,2.9000000000000004,9.600000000000001
15,0,0.0,5.5,0.30000000000000004,1.6657480331376526,5.300000000000001,2.4000000000000004,326.9403381347656,0.0,,,0,6.562439918518066,2.9000000000000004,9.600000000000001
15,0,0.0,5.5,0.30000000000000004,1.6657480331376526,5.300000000000001,2.4000000000000004,327.4403381347656,6.498821258544922,11.0,-3.211944103240967,1,6.525622844696045,2.9000000000000004,9.600000000000001
15,0,0.0,5.5,0.30000000000000004,1.6657480331376526,5.300000000000001,2.4000000000000004,327.9403381347656,6.462906360626221,11.0,-3.1447508335113525,1,6.489707946777344,2.9000000000000004,9.600000000000001
15,0,0.0,5.5,0.30000000000000004,1.6657480331376526,5.300000000000001,2.4000000000000004,328.4403381347656,6.427873611450195,11.0,-3.0782880783081055,1,6.454675197601318,2.9000000000000004,9.600000000000001
15,0,0.0,5.5,0.30000000000000004,1.6657480331376526,5.300000000000001,2.4000000000000004,328.9403381347656,6.393702983856201,11.0,-3.0125339031219482,1,6.420504570007324,2.9000000000000004,9.600000000000001
15,0,0.0,5.5,0.30000000000000004,1.6657480331376526,5.300000000000001,2.4000000000000004,329.4403381347656,0.0,,,0,6.38717794418335,2.9000000000000004,9.600000000000001
15,0,0.0,5.5,0.30000000000000004,1.6657480331376526,5.300000000000001,2.4000000000000004,329.9403381347656,6.32787561416626,11.0,-2.883068084716797,1,6.354677200317383,2.9000000000000004,9.600000000000001
15,0,0.0,5.5,0.30000000000000004,1.6657480331376526,5.300000000000001,2.4000000000000004,330.4403381347656,0.0,,,0,6.322984218597412,2.9000000000000004,9.600000000000001
15,0,0.0,5.5,0.30000000000000004,1.6657480331376526,5.300000000000001,2.4000000000000004,330.9403381347656,6.2652812004089355,11.0,-2.7561917304992676,1,6.292082786560059,2.9000000000000004,9.600000000000001
15,0,0.0,5.5,0.30000000000000004,1.6657480331376526,5.300000000000001,2.4000000000000004,331.4403381347656,6.23515510559082,11.0,-2.693676710128784,1,6.261956691741943,2.9000000000000004,9.600000000000001
15,0,0.0,5.5,0.30000000000000004,1.6657480331376526,5.300000000000001,2.4000000000000004,331.9403381347656,6.2057881355285645,11.0,-2.6317529678344727,1,6.2325897216796875,2.9000000000000004,9.600000000000001
15,0,0.0,5.5,0.30000000000000004,1.6657480331376526,5.300000000000001,2.4000000000000004,332.4403381347656,6.177165985107422,11.0,-2.5704026222229004,1,6.203967571258545,2.9000000000000004,9.600000000000001
15,0,0.0,5.5,0.30000000000000004,1.6657480331376526,5.300000000000001,2.4000000000000004,332.9403381347656,6.14927339553833,11.0,-2.509608507156372,1,6.176074981689453,2.9000000000000004,9.600000000000001
15,0,0.0,5.5,0.30000000000000004,1.6657480331376526,5.300000000000001,2.4000000000000004,333.4403381347656,6.122096538543701,11.0,-2.4493541717529297,1,6.148898124694824,2.9000000000000004,9.600000000000001
15,0,0.0,5.5,0.30000000000000004,1.6657480331376526,5.300000000000001,2.4000000000000004,333.9403381347656,6.0956220626831055,11.0,-2.3896231651306152,1,6.1224236488342285,2.9000000000000004,9.600000000000001
15,0,0.0,5.5,0.30000000000000004,1.6657480331376526,5.300000000000001,2.4000000000000004,334.4403381347656,0.0,,,0,6.0966386795043945,2.9000000000000004,9.600000000000001
15,0,0.0,5.5,0.30000000000000004,1.6657480331376526,5.300000000000001,2.4000000000000004,334.9403381347656,0.0,,,0,6.071530342102051,2.9000000000000004,9.600000000000001
15,0,0.0,5.5,0.30000000000000004,1.6657480331376526,5.300000000000001,2.4000000000000004,335.4403381347656,6.020284652709961,11.0,-2.2134149074554443,1,6.047086238861084,2.9000000000000004,9.600000000000001
15,0,0.0,5.5,0.30000000000000004,1.6657480331376526,5.300000000000001,2.4000000000000004,335.9403381347656,5.996493816375732,11.0,-2.1556241512298584,1,6.0232954025268555,2.9000000000000004,9.600000000000001
15,0,0.0,5.5,0.30000000000000004,1.6657480331376526,5.300000000000001,2.4000000000000004,336.4403381347656,5.973344802856445,11.0,-2.0982818603515625,1,6.000146389007568,2.9000000000000004,9.600000000000001
15,0,0.0,5.5,0.30000000000000004,1.6657480331376526,5.300000000000001,2.4000000000000004,336.9403381347656,0.0,,,0,5.977627754211426,2.9000000000000004,9.600000000000001
15,0,0.0,5.5,0.30000000000000004,1.6657480331376526,5.300000000000001,2.4000000000000004,337.4403381347656,5.928927898406982,11.0,-1.984887957572937,1,5.9557294845581055,2.9000000000000004,9.600000000000001
15,0,0.0,5.5,0.30000000000000004,1.6657480331376526,5.300000000000001,2.4000000000000004,337.9403381347656,5.907639503479004,11.0,-1.9288097620010376,1,5.934441089630127,2.9000000000000004,9.600000000000001
15,0,0.0,5.5,0.30000000000000004,1.6657480331376526,5.300000000000001,2.4000000000000004,338.4403381347656,5.886951923370361,11.0,-1.873126745223999,1,5.913753509521484,2.9000000000000004,9.600000000000001
15,0,0.0,5.5,0.30000000000000004,1.6657480331376526,5.300000000000001,2.4000000000000004,338.9403381347656,5.866855144500732,11.0,-1.817826509475708,1,5.8936567306518555,2.9000000000000004,9.600000000000001
15,0,0.0,5.5,0.30000000000000004,1.6657480331376526,5.300000000000001,2.4000000000000004,339.4403381347656,5.847340106964111,11.0,-1.7628966569900513,1,5.874141693115234,2.9000000000000004,9.600000000000001
15,0,0.0,5.5,0.30000000000000004,1.6657480331376526,5.300000000000001,2.4000000000000004,339.9403381347656,5.828398704528809,11.0,-1.7083252668380737,1,5.855200290679932,2.9000000000000004,9.600000000000001
15,0,0.0,5.5,0.30000000000000004,1.6657480331376526,5.300000000000001,2.4000000000000004,340.4403381347656,5.810021877288818,11.0,-1.6541005373001099,1,5.836823463439941,2.9000000000000004,9.600000000000001
15,0,0.0,5.5,0.30000000000000004,1.6657480331376526,5.300000000000001,2.4000000000000004,340.9403381347656,5.792201995849609,11.0,-1.6002110242843628,1,5.819003582000732,2.9000000000000004,9.600000000000001
15,0,0.0,5.5,0.30000000000000004,1.6657480331376526,5.300000000000001,2.4000000000000004,341.4403381347656,5.774930953979492,11.0,-1.5466454029083252,1,5.801732540130615,2.9000000000000004,9.600000000000001
15,0,0.0,5.5,0.30000000000000004,1.6657480331376526,5.300000000000001,2.4000000000000004,341.9403381347656,5.7582011222839355,11.0,-1.493392825126648,1,5.785002708435059,2.9000000000000004,9.600000000000001
15,0,0.0,5.5,0.30000000000000004,1.6657480331376526,5.300000000000001,2.4000000000000004,342.4403381347656,5.742005825042725,11.0,-1.4404425621032715,1,5.768807411193848,2.9000000000000004,9.600000000000001
15,0,0.0,5.5,0.30000000000000004,1.6657480331376526,5.300000000000001,2.4000000000000004,342.9403381347656,5.726337909698486,11.0,-1.3877838850021362,1,5.753139495849609,2.9000000000000004,9.600000000000001
15,0,0.0,5.5,0.30000000000000004,1.6657480331376526,5.300000000000001,2.4000000000000004,343.4403381347656,5.711190700531006,11.0,-1.3354064226150513,1,5.737992286682129,2.9000000000000004,9.600000000000001
15,0,0.0,5.5,0.30000000000000004,1.6657480331376526,5.300000000000001,2.4000000000000004,343.9403381347656,5.696557521820068,11.0,-1.2833001613616943,1,5.723359107971191,2.9000000000000004,9.600000000000001
15,0,0.0,5.5,0.30000000000000004,1.6657480331376526,5.300000000000001,2.4000000000000004,344.4403381347656,5.682432651519775,11.0,-1.2314549684524536,1,5.709234237670898,2.9000000000000004,9.600000000000001
15,0,0.0,5.5,0.30000000000000004,1.6657480331376526,5.300000000000001,2.4000000000000004,344.9403381347656,5.66880989074707,11.0,-1.1798611879348755,1,5.695611476898193,2.9000000000000004,9.600000000000001
15,0,0.0,5.5,0.30000000000000004,1.6657480331376526,5.300000000000001,2.4000000000000004,345.4403381347656,5.655683517456055,11.0,-1.1285091638565063,1,5.682485103607178,2.9000000000000004,9.600000000000001
15,0,0.0,5.5,0.30000000000000004,1.6657480331376526,5.300000000000001,2.4000000000000004,345.9403381347656,5.6430487632751465,11.0,-1.0773893594741821,1,5.6698503494262695,2.9000000000000004,9.600000000000001
15,0,0.0,5.5,0.30000000000000004,1.6657480331376526,5.300000000000001,2.4000000000000004,346.4403381347656,5.630899429321289,11.0,-1.0264925956726074,1,5.657701015472412,2.9000000000000004,9.600000000000001
15,0,0.0,5.5,0.30000000000000004,1.6657480331376526,5.300000000000001,2.4000000000000004,346.9403381347656,0.0,,,0,5.64603328704834,2.9000000000000004,9.600000000000001
15,0,0.0,5.5,0.30000000000000004,1.6657480331376526,5.300000000000001,2.4000000000000004,347.4403381347656,5.608039855957031,11.0,-0.9253312349319458,1,5.634841442108154,2.9000000000000004,9.600000000000001
15,0,0.0,5.5,0.30000000000000004,1.6657480331376526,5.300000000000001,2.4000000000000004,347.9403381347656,5.597319602966309,11.0,-0.8750489354133606,1,5.624121189117432,2.9000000000000004,9.600000000000001
15,0,0.0,5.5,0.30000000000000004,1.6657480331376526,5.300000000000001,2.4000000000000004,348.4403381347656,5.587067127227783,11.0,-0.8249537348747253,1,5.613868713378906,2.9000000000000004,9.600000000000001
15,0,0.0,5.5,0.30000000000000004,1.6657480331376526,5.300000000000001,2.4000000000000004,348.9403381347656,5.577277660369873,11.0,-0.7750370502471924,1,5.604079246520996,2.9000000000000004,9.600000000000001
15,0,0.0,5.5,0.30000000000000004,1.6657480331376526,5.300000000000001,2.4000000000000004,349.4403381347656,5.567947864532471,11.0,-0.7252903580665588,1,5.594749450683594,2.9000000000000004,9.600000000000001
15,0,0.0,5.5,0.30000000000000004,1.6657480331376526,5.300000000000001,2.4000000000000004,349.9403381347656,5.559073448181152,11.0,-0.6757052540779114,1,5.585875034332275,2.9000000000000004,9.600000000000001
15,0,0.0,5.5,0.30000000000000004,1.6657480331376526,5.300000000000001,2.4000000000000004,350.4403381347656,5.550651550292969,11.0,-0.626273512840271,1,5.577453136444092,2.9000000000000004,9.600000000000001
15,0,0.0,5.5,0.30000000000000004,1.6657480331376526,5.300000000000001,2.4000000000000004,350.9403381347656,5.542678356170654,11.0,-0.5769867897033691,1,5.569479942321777,2.9000000000000004,9.600000000000001
15,0,0.0,5.5,0.30000000000000004,1.6657480331376526,5.300000000000001,2.4000000000000004,351.4403381347656,5.53515100479126,11.0,-0.5278370380401611,1,5.561952590942383,2.9000000000000004,9.600000000000001
15,0,0.0,5.5,0.30000000000000004,1.6657480331376526,5.300000000000001,2.4000000000000004,351.9403381347656,5.528066158294678,11.0,-0.47881630063056946,1,5.554867744445801,2.9000000000000004,9.600000000000001
15,0,0.0,5.5,0.30000000000000004,1.6657480331376526,5.300000000000001,2.4000000000000004,352.4403381347656,5.521421432495117,11.0,-0.42991653084754944,1,5.54822301864624,2.9000000000000004,9.600000000000001
15,0,0.0,5.5,0.30000000000000004,1.6657480331376526,5.300000000000001,2.4000000000000004,352.9403381347656,5.515213966369629,11.0,-0.3811298906803131,1,5.542015552520752,2.9000000000000004,9.600000000000001
15,0,0.0,5.5,0.30000000000000004,1.6657480331376526,5.300000000000001,2.4000000000000004,353.4403381347656,5.50944185256958,11.0,-0.3324486017227173,1,5.536243438720703,2.9000000000000004,9.600000000000001
15,0,0.0,5.5,0.30000000000000004,1.6657480331376526,5.300000000000001,2.4000000000000004,353.9403381347656,5.5041022300720215,11.0,-0.28386491537094116,1,5.5309038162231445,2.9000000000000004,9.600000000000001
15,0,0.0,5.5,0.30000000000000004,1.6657480331376526,5.300000000000001,2.4000000000000004,354.4403381347656,5.4991936683654785,11.0,-0.2353711724281311,1,5.525995254516602,2.9000000000000004,9.600000000000001
15,0,0.0,5.5,0.30000000000000004,1.6657480331376526,5.300000000000001,2.4000000000000004,354.9403381347656,5.49471378326416,11.0,-0.18695972859859467,1,5.521515369415283,2.9000000000000004,9.600000000000001
15,0,0.0,5.5,0.30000000000000004,1.6657480331376526,5.300000000000001,2.4000000000000004,355.4403381347656,0.0,,,0,5.517462253570557,2.9000000000000004,9.600000000000001
15,0,0.0,5.5,0.30000000000000004,1.6657480331376526,5.300000000000001,2.4000000000000004,355.9403381347656,5.487033367156982,11.0,-0.09035360813140869,1,5.5138349533081055,2.9000000000000004,9.600000000000001
15,0,0.0,5.5,0.30000000000000004,1.6657480331376526,5.300000000000001,2.4000000000000004,356.4403381347656,5.483829975128174,11.0,-0.042143918573856354,1,5.510631561279297,2.9000000000000004,9.600000000000001
15,0,0.0,5.5,0.30000000000000004,1.6657480331376526,5.300000000000001,2.4000000000000004,356.9403381347656,5.48105001449585,11.0,0.006013453006744385,1,5.507851600646973,2.9000000000000004,9.600000000000001
15,0,0.0,5.5,0.30000000000000004,1.6657480331376526,5.300000000000001,2.4000000000000004,357.4403381347656,5.478691577911377,11.0,0.05412591993808746,1,5.5054931640625,2.9000000000000004,9.600000000000001
15,0,0.0,5.5,0.30000000000000004,1.6657480331376526,5.300000000000001,2.4000000000000004,357.9403381347656,5.476754188537598,11.0,0.10220085829496384,1,5.503555774688721,2.9000000000000004,9.600000000000001
15,0,0.0,5.5,0.30000000000000004,1.6657480331376526,5.300000000000001,2.4000000000000004,358.4403381347656,5.475236892700195,11.0,0.15024563670158386,1,5.502038478851318,2.9000000000000004,9.600000000000001
15,0,0.0,5.5,0.30000000000000004,1.6657480331376526,5.300000000000001,2.4000000000000004,358.9403381347656,5.474139213562012,11.0,0.19826757907867432,1,5.500940799713135,2.9000000000000004,9.600000000000001
15,0,0.0,5.5,0.30000000000000004,1.6657480331376526,5.300000000000001,2.4000000000000004,359.4403381347656,5.473460674285889,11.0,0.24627402424812317,1,5.500262260437012,2.9000000000000004,9.600000000000001
15,0,0.0,5.5,0.30000000000000004,1.6657480331376526,5.300000000000001,2.4000000000000004,359.9403381347656,5.473201274871826,11.0,0.2942722737789154,1,5.500002861022949,2.9000000000000004,9.600000000000001
15,0,0.0,5.5,0.30000000000000004,1.6657480331376526,5.300000000000001,2.4000000000000004,0.4403320252895355,5.473361015319824,11.0,0.3422696590423584,1,5.500162601470947,2.9000000000000004,9.600000000000001
15,0,0.0,5.5,0.30000000000000004,1.6657480331376526,5.300000000000001,2.4000000000000004,0.9403320550918579,5.473939418792725,11.0,0.3902735114097595,1,5.500741004943848,2.9000000000000004,9.600000000000001
15,0,0.0,5.5,0.30000000000000004,1.6657480331376526,5.300000000000001,2.4000000000000004,1.440332055091858,5.474936485290527,11.0,0.438291072845459,1,5.50173807144165,2.9000000000000004,9.600000000000001
15,0,0.0,5.5,0.30000000000000004,1.6657480331376526,5.300000000000001,2.4000000000000004,1.940332055091858,5.476353645324707,11.0,0.48632973432540894,1,5.50315523147583,2.9000000000000004,9.600000000000001
15,0,0.0,5.5,0.30000000000000004,1.6657480331376526,5.300000000000001,2.4000000000000004,2.4403319358825684,5.478190898895264,11.0,0.5343968272209167,1,5.504992485046387,2.9000000000000004,9.600000000000001
15,0,0.0,5.5,0.30000000000000004,1.6657480331376526,5.300000000000001,2.4000000000000004,2.9403319358825684,5.4804487228393555,11.0,0.582499623298645,1,5.5072503089904785,2.9000000000000004,9.600000000000001
15,0,0.0,5.5,0.30000000000000004,1.6657480331376526,5.300000000000001,2.4000000000000004,3.4403319358825684,0.0,,,0,4.999246120452881,2.9000000000000004,9.600000000000001
15,0,0.0,5.5,0.30000000000000004,1.6657480331376526,5.300000000000001,2.4000000000000004,3.9403319358825684,4.338893890380859,9.855376243591309,0.6000000238418579,1,4.365695476531982,2.9000000000000004,9.600000000000001
15,0,0.0,5.5,0.30000000000000004,1.6657480331376526,5.300000000000001,2.4000000000000004,4.440331935882568,3.848123073577881,9.363293647766113,0.6000000238418579,1,3.874924659729004,2.9000000000000004,9.600000000000001
15,0,0.0,5.5,0.30000000000000004,1.6657480331376526,5.300000000000001,2.4000000000000004,4.940331935882568,3.456780433654785,8.970640182495117,0.6000000238418579,1,3.483582019805908,2.9000000000000004,9.600000000000001
15,0,0.0,5.5,0.30000000000000004,1.6657480331376526,5.300000000000001,2.4000000000000004,5.440331935882568,3.1374518871307373,8.649999618530273,0.6000000238418579,1,3.1642534732818604,2.9000000000000004,9.600000000000001
15,0,0.0,5.5,0.30000000000000004,1.6657480331376526,5.300000000000001,2.4000000000000004,5.940331935882568,0.0,,,0,2.898754835128784,2.9000000000000004,9.600000000000001
15,0,0.0,5.5,0.30000000000000004,1.6657480331376526,5.300000000000001,2.4000000000000004,6.440331935882568,2.64774751663208,8.157670021057129,0.6000000238418579,1,2.674549102783203,2.9000000000000004,9.600000000000001
15,0,0.0,5.5,0.30000000000000004,1.6657480331376526,5.300000000000001,2.4000000000000004,6.940331935882568,2.4559097290039062,7.964519500732422,0.6000000238418579,1,2.4827113151550293,2.9000000000000004,9.600000000000001
15,0,0.0,5.5,0.30000000000000004,1.6657480331376526,5.300000000000001,2.4000000000000004,7.440331935882568,2.289914608001709,7.797210216522217,0.6000000238418579,1,2.316716194152832,2.9000000000000004,9.600000000000001
15,0,0.0,5.5,0.30000000000000004,1.6657480331376526,5.300000000000001,2.4000000000000004,7.940331935882568,2.144880533218384,7.6508612632751465,0.6000000238418579,1,2.171682119369507,2.9000000000000004,9.600000000000001
15,0,0.0,5.5,0.30000000000000004,1.6657480331376526,5.300000000000001,2.4000000000000004,8.440332412719727,2.017082452774048,7.52174711227417,0.6000000238418579,1,2.043884038925171,2.9000000000000004,9.600000000000001
15,0,0.0,5.5,0.30000000000000004,1.6657480331376526,5.300000000000001,2.4000000000000004,8.940332412719727,1.9036282300949097,7.406976699829102,0.6000000238418579,1,1.9304299354553223,2.9000000000000004,9.600000000000001
15,0,0.0,5.5,0.30000000000000004,1.6657480331376526,5.300000000000001,2.4000000000000004,9.440332412719727,0.0,,,0,1.829040765762329,2.9000000000000004,9.600000000000001
15,0,0.0,5.5,0.30000000000000004,1.6657480331376526,5.300000000000001,2.4000000000000004,9.940332412719727,0.0,,,0,1.737896203994751,2.9000000000000004,9.600000000000001
15,0,0.0,5.5,0.30000000000000004,1.6657480331376526,5.300000000000001,2.4000000000000004,10.440332412719727,1.6287226676940918,7.128115653991699,0.6000000238418579,1,1.6555243730545044,2.9000000000000004,9.600000000000001
15,0,0.0,5.5,0.30000000000000004,1.6657480331376526,5.300000000000001,2.4000000000000004,10.940332412719727,1.553920865058899,7.051993370056152,0.6000000238418579,1,1.5807225704193115,2.9000000000000004,9.600000000000001
15,0,0.0,5.5,0.30000000000000004,1.6657480331376526,5.300000000000001,2.4000000000000004,11.440332412719727,1.48569655418396,6.982447624206543,0.6000000238418579,1,1.5124982595443726,2.9000000000000004,9.600000000000001
15,0,0.0,5.5,0.30000000000000004,1.6657480331376526,5.300000000000001,2.4000000000000004,11.940332412719727,1.423223614692688,6.918652057647705,0.6000000238418579,1,1.4500253200531006,2.9000000000000004,9.600000000000001
15,0,0.0,5.5,0.30000000000000004,1.6657480331376526,5.300000000000001,2.4000000000000004,12.440332412719727,1.3658087253570557,6.859913349151611,0.6000000238418579,1,1.3926104307174683,2.9000000000000004,9.600000000000001
15,0,0.0,5.5,0.30000000000000004,1.6657480331376526,5.300000000000001,2.4000000000000004,12.940332412719727,1.3128654956817627,6.805644512176514,0.6000000238418579,1,1.3396672010421753,2.9000000000000004,9.600000000000001
15,0,0.0,5.5,0.30000000000000004,1.6657480331376526,5.300000000000001,2.4000000000000004,13.440332412719727,1.263895034790039,6.755347728729248,0.6000000238418579,1,1.2906967401504517,2.9000000000000004,9.600000000000001
15,0,0.0,5.5,0.30000000000000004,1.6657480331376526,5.300000000000001,2.4000000000000004,13.940332412719727,1.2184698581695557,6.708594799041748,0.6000000238418579,1,1.2452715635299683,2.9000000000000004,9.600000000000001
15,0,0.0,5.5,0.30000000000000004,1.6657480331376526,5.300000000000001,2.4000000000000004,14.440332412719727,0.0,,,0,1.2030237913131714,2.9000000000000004,9.600000000000001
15,0,0.0,5.5,0.30000000000000004,1.6657480331376526,5.300000000000001,2.4000000000000004,14.940332412719727,1.1368324756622314,6.624297142028809,0.6000000238418579,1,1.163634181022644,2.9000000000000004,9.600000000000001
15,0,0.0,5.5,0.30000000000000004,1.6657480331376526,5.300000000000001,2.4000000000000004,15.440332412719727,1.100023627281189,6.586156368255615,0.6000000238418579,1,1.1268253326416016,2.9000000000000004,9.600000000000001
15,0,0.0,5.5,0.30000000000000004,1.6657480331376526,5.300000000000001,2.4000000000000004,15.940332412719727,1.0655527114868164,6.550351619720459,0.6000000238418579,1,1.092354416847229,2.9000000000000004,9.600000000000001
15,0,0.0,5.5,0.30000000000000004,1.6657480331376526,5.300000000000001,2.4000000000000004,16.440332412719727,1.0332064628601074,6.516669750213623,0.6000000238418579,1,1.06000816822052,2.9000000000000004,9.600000000000001
15,0,0.0,5.5,0.30000000000000004,1.6657480331376526,5.300000000000001,2.4000000000000004,16.940332412719727,1.00279700756073,6.484923362731934,0.6000000238418579,1,1.0295987129211426,2.9000000000000004,9.600000000000001
15,0,0.0,5.5,0.30000000000000004,1.6657480331376526,5.300000000000001,2.4000000000000004,17.440332412719727,0.9741578102111816,6.454945087432861,0.6000000238418579,1,1.0009595155715942,2.9000000000000004,9.600000000000001
15,0,0.0,5.5,0.30000000000000004,1.6657480331376526,5.300000000000001,2.4000000000000004,17.940332412719727,0.9471408128738403,6.426587104797363,0.6000000238418579,1,0.9739425182342529,2.9000000000000004,9.600000000000001
15,0,0.0,5.5,0.30000000000000004,1.6657480331376526,5.300000000000001,2.4000000000000004,18.440332412719727,0.9216142892837524,6.399718284606934,0.6000000238418579,1,0.948415994644165,2.9000000000000004,9.600000000000001
15,0,0.0,5.5,0.30000000000000004,1.6657480331376526,5.300000000000001,2.4000000000000004,18.940332412719727,0.8974602222442627,6.37421989440918,0.6000000238418579,1,0.9242619276046753,2.9000000000000004,9.600000000000001
15,0,0.0,5.5,0.30000000000000004,1.6657480331376526,5.300000000000001,2.4000000000000004,19.440332412719727,0.8745728731155396,6.3499860763549805,0.6000000238418579,1,0.9013745784759521,2.9000000000000004,9.600000000000001
15,0,0.0,5.5,0.30000000000000004,1.6657480331376526,5.300000000000001,2.4000000000000004,19.940332412719727,0.8528569936752319,6.326921463012695,0.6000000238418579,1,0.8796586990356445,2.9000000000000004,9.600000000000001
15,0,0.0,5.5,0.30000000000000004,1.6657480331376526,5.300000000000001,2.4000000000000004,20.440332412719727,0.8322267532348633,6.304940700531006,0.6000000238418579,1,0.8590284585952759,2.9000000000000004,9.600000000000001
15,0,0.0,5.5,0.30000000000000004,1.6657480331376526,5.300000000000001,2.4000000000000004,20.940332412719727,0.0,,,0,0.8394061326980591,2.9000000000000004,9.600000000000001
15,0,0.0,5.5,0.30000000000000004,1.6657480331376526,5.300000000000001,2.4000000000000004,21.440332412719727,0.0,,,0,0.8207213878631592,2.9000000000000004,9.600000000000001
15,0,0.0,5.5,0.30000000000000004,1.6657480331376526,5.300000000000001,2.4000000000000004,21.940332412719727,0.77610844373703,6.244758129119873,0.6000000238418579,1,0.8029101490974426,2.9000000000000004,9.600000000000001
15,0,0.0,5.5,0.30000000000000004,1.6657480331376526,5.300000000000001,2.4000000000000004,22.440332412719727,0.7591124176979065,6.226402759552002,0.6000000238418579,1,0.7859141230583191,2.9000000000000004,9.600000000000001
15,0,0.0,5.5,0.30000000000000004,1.6657480331376526,5.300000000000001,2.4000000000000004,22.940332412719727,0.7428784370422363,6.208806991577148,0.6000000238418579,1,0.7696801424026489,2.9000000000000004,9.600000000000001
15,0,0.0,5.5,0.30000000000000004,1.6657480331376526,5.300000000000001,2.4000000000000004,23.440332412719727,0.727357804775238,6.191922187805176,0.6000000238418579,1,0.7541595101356506,2.9000000000000004,9.600000000000001
15,0,0.0,5.5,0.30000000000000004,1.6657480331376526,5.300000000000001,2.4000000000000004,23.940332412719727,0.7125059366226196,6.175704002380371,0.6000000238418579,1,0.7393076419830322,2.9000000000000004,9.600000000000001
15,0,0.0,5.5,0.30000000000000004,1.6657480331376526,5.300000000000001,2.4000000000000004,24.440332412719727,0.0,,,0,0.7250836491584778,2.9000000000000004,9.600000000000001
15,0,0.0,5.5,0.30000000000000004,1.6657480331376526,5.300000000000001,2.4000000000000004,24.940332412719727,0.6846480369567871,6.145105361938477,0.6000000238418579,1,0.7114497423171997,2.9000000000000004,9.600000000000001
15,0,0.0,5.5,0.30000000000000004,1.6657480331376526,5.300000000000001,2.4000000000000004,25.440332412719727,0.6715695858001709,6.13065242767334,0.6000000238418579,1,0.6983712911605835,2.9000000000000004,9.600000000000001
15,0,0.0,5.5,0.30000000000000004,1.6657480331376526,5.300000000000001,2.4000000000000004,25.940332412719727,0.6590146422386169,6.116720199584961,0.6000000238418579,1,0.6858163475990295,2.9000000000000004,9.600000000000001
15,0,0.0,5.5,0.30000000000000004,1.6657480331376526,5.300000000000001,2.4000000000000004,26.440332412719727,0.6469534635543823,6.1032795906066895,0.6000000238418579,1,0.6737551689147949,2.9000000000000004,9.600000000000001
15,0,0.0,5.5,0.30000000000000004,1.6657480331376526,5.300000000000001,2.4000000000000004,26.940332412719727,0.6353588104248047,6.090301990509033,0.6000000238418579,1,0.6621605157852173,2.9000000000000004,9.600000000000001
15,0,0.0,5.5,0.30000000000000004,1.6657480331376526,5.300000000000001,2.4000000000000004,27.440332412719727,0.6242051720619202,6.077763080596924,0.6000000238418579,1,0.6510068774223328,2.9000000000000004,9.600000000000001
15,0,0.0,5.5,0.30000000000000004,1.6657480331376526,5.300000000000001,2.4000000000000004,27.940332412719727,0.6134690046310425,6.065638065338135,0.6000000238418579,1,0.6402707099914551,2.9000000000000004,9.600000000000001
15,0,0.0,5.5,0.30000000000000004,1.6657480331376526,5.300000000000001,2.4000000000000004,28.440332412719727,0.6031284332275391,6.053905963897705,0.6000000238418579,1,0.6299301385879517,2.9000000000000004,9.600000000000001
15,0,0.0,5.5,0.30000000000000004,1.6657480331376526,5.300000000000001,2.4000000000000004,28.940332412719727,0.593163013458252,6.042546272277832,0.6000000238418579,1,0.6199647188186646,2.9000000000000004,9.600000000000001
15,0,0.0,5.5,0.30000000000000004,1.6657480331376526,5.300000000000001,2.4000000000000004,29.440332412719727,0.0,,,0,0.6103554368019104,2.9000000000000004,9.600000000000001
15,0,0.0,5.5,0.30000000000000004,1.6657480331376526,5.300000000000001,2.4000000000000004,29.940332412719727,0.5742828249931335,6.020867347717285,0.6000000238418579,1,0.6010845303535461,2.9000000000000004,9.600000000000001
15,0,0.0,5.5,0.30000000000000004,1.6657480331376526,5.300000000000001,2.4000000000000004,30.440332412719727,0.5653337836265564,6.010513782501221,0.6000000238418579,1,0.592135488986969,2.9000000000000004,9.600000000000001
15,0,0.0,5.5,0.30000000000000004,1.6657480331376526,5.300000000000001,2.4000000000000004,30.940332412719727,0.5566911101341248,6.000463485717773,0.6000000238418579,1,0.5834928154945374,2.9000000000000004,9.600000000000001
15,0,0.0,5.5,0.30000000000000004,1.6657480331376526,5.300000000000001,2.4000000000000004,31.440332412719727,0.5483402609825134,5.990701675415039,0.6000000238418579,1,0.575141966342926,2.9000000000000004,9.600000000000001
15,0,0.0,5.5,0.30000000000000004,1.6657480331376526,5.300000000000001,2.4000000000000004,31.940332412719727,0.5402676463127136,5.981215000152588,0.6000000238418579,1,0.5670693516731262,2.9000000000000004,9.600000000000001
15,0,0.0,5.5,0.30000000000000004,1.6657480331376526,5.300000000000001,2.4000000000000004,32.440330505371094,0.0,,,0,0.559262216091156,2.9000000000000004,9.600000000000001
15,0,0.0,5.5,0.30000000000000004,1.6657480331376526,5.300000000000001,2.4000000000000004,32.940330505371094,0.5249068737030029,5.963014602661133,0.6000000238418579,1,0.5517085790634155,2.9000000000000004,9.600000000000001
15,0,0.0,5.5,0.30000000000000004,1.6657480331376526,5.300000000000001,2.4000000000000004,33.440330505371094,0.5175954699516296,5.954277515411377,0.6000000238418579,1,0.5443971753120422,2.9000000000000004,9.600000000000001
15,0,0.0,5.5,0.30000000000000004,1.6657480331376526,5.300000000000001,2.4000000000000004,33.940330505371094,0.5105156898498535,5.9457688331604,0.6000000238418579,1,0.5373173952102661,2.9000000000000004,9.600000000000001
15,0,0.0,5.5,0.30000000000000004,1.6657480331376526,5.300000000000001,2.4000000000000004,34.440330505371094,0.5036575198173523,5.937478065490723,0.6000000238418579,1,0.5304592251777649,2.9000000000000004,9.600000000000001
15,0,0.0,5.5,0.30000000000000004,1.6657480331376526,5.300000000000001,2.4000000000000004,34.940330505371094,0.4970116913318634,5.92939567565918,0.6000000238418579,1,0.5238133668899536,2.9000000000000004,9.600000000000001
15,0,0.0,5.5,0.30000000000000004,1.6657480331376526,5.300000000000001,2.4000000000000004,35.440330505371094,0.0,,,0,0.517370879650116,2.9000000000000004,9.600000000000001
15,0,0.0,5.5,0.30000000000000004,1.6657480331376526,5.300000000000001,2.4000000000000004,35.940330505371094,0.4843217432498932,5.913820266723633,0.6000000238418579,1,0.5111234188079834,2.9000000000000004,9.600000000000001
15,0,0.0,5.5,0.30000000000000004,1.6657480331376526,5.300000000000001,2.4000000000000004,36.440330505371094,0.4782613217830658,5.90631103515625,0.6000000238418579,1,0.505062997341156,2.9000000000000004,9.600000000000001
15,0,0.0,5.5,0.30000000000000004,1.6657480331376526,5.300000000000001,2.4000000000000004,36.940330505371094,0.0,,,0,0.49918216466903687,2.9000000000000004,9.600000000000001
15,0,0.0,5.5,0.30000000000000004,1.6657480331376526,5.300000000000001,2.4000000000000004,37.440330505371094,0.46667221188545227,5.891811847686768,0.6000000238418579,1,0.4934738874435425,2.9000000000000004,9.600000000000001
15,0,0.0,5.5,0.30000000000000004,1.6657480331376526,5.300000000000001,2.4000000000000004,37.940330505371094,0.461129754781723,5.88480806350708,0.6000000238418579,1,0.48793143033981323,2.9000000000000004,9.600000000000001
15,0,0.0,5.5,0.30000000000000004,1.6657480331376526,5.300000000000001,2.4000000000000004,38.440330505371094,0.45574674010276794,5.87795877456665,0.6000000238418579,1,0.48254841566085815,2.9000000000000004,9.600000000000001
15,0,0.0,5.5,0.30000000000000004,1.6657480331376526,5.300000000000001,2.4000000000000004,38.940330505371094,0.4505171477794647,5.8712592124938965,0.6000000238418579,1,0.47731882333755493,2.9000000000000004,9.600000000000001
15,0,0.0,5.5,0.30000000000000004,1.6657480331376526,5.300000000000001,2.4000000000000004,39.440330505371094,0.4454352855682373,5.864702224731445,0.6000000238418579,1,0.4722369611263275,2.9000000000000004,9.600000000000001
15,0,0.0,5.5,0.30000000000000004,1.6657480331376526,5.300000000000001,2.4000000000000004,39.940330505371094,0.44049569964408875,5.858283042907715,0.6000000238418579,1,0.46729737520217896,2.9000000000000004,9.600000000000001
15,0,0.0,5.5,0.30000000000000004,1.6657480331376526,5.300000000000001,2.4000000000000004,40.440330505371094,0.43569323420524597,5.851996421813965,0.6000000238418579,1,0.4624949097633362,2.9000000000000004,9.600000000000001
15,0,0.0,5.5,0.30000000000000004,1.6657480331376526,5.300000000000001,2.4000000000000004,40.940330505371094,0.431022971868515,5.845837116241455,0.6000000238418579,1,0.4578246474266052,2.9000000000000004,9.600000000000001
15,0,0.0,5.5,0.30000000000000004,1.6657480331376526,5.300000000000001,2.4000000000000004,41.440330505371094,0.4264802634716034,5.839800834655762,0.6000000238418579,1,0.4532819390296936,2.9000000000000004,9.600000000000001
15,0,0.0,5.5,0.30000000000000004,1.6657480331376526,5.300000000000001,2.4000000000000004,41.940330505371094,0.42206069827079773,5.8338823318481445,0.6000000238418579,1,0.44886237382888794,2.9000000000000004,9.600000000000001
15,0,0.0,5.5,0.30000000000000004,1.6657480331376526,5.300000000000001,2.4000000000000004,42.440330505371094,0.4177599847316742,5.828077793121338,0.6000000238418579,1,0.4445616602897644,2.9000000000000004,9.600000000000001
15,0,0.0,5.5,0.30000000000000004,1.6657480331376526,5.300000000000001,2.4000000000000004,42.940330505371094,0.0,,,0,0.44037580490112305,2.9000000000000004,9.600000000000001
15,0,0.0,5.5,0.30000000000000004,1.6657480331376526,5.300000000000001,2.4000000000000004,43.440330505371094,0.0,,,0,0.43630093336105347,2.9000000000000004,9.600000000000001
15,0,0.0,5.5,0.30000000000000004,1.6657480331376526,5.300000000000001,2.4000000000000004,43.940330505371094,0.40553176403045654,5.811307430267334,0.6000000238418579,1,0.43233343958854675,2.9000000000000004,9.600000000000001
15,0,0.0,5.5,0.30000000000000004,1.6657480331376526,5.300000000000001,2.4000000000000004,44.440330505371094,0.40166807174682617,5.8059186935424805,0.6000000238418579,1,0.4284697473049164,2.9000000000000004,9.600000000000001
15,0,0.0,5.5,0.30000000000000004,1.6657480331376526,5.300000000000001,2.4000000000000004,44.940330505371094,0.3979049026966095,5.800625324249268,0.6000000238418579,1,0.4247065782546997,2.9000000000000004,9.600000000000001
15,0,0.0,5.5,0.30000000000000004,1.6657480331376526,5.300000000000001,2.4000000000000004,45.440330505371094,0.39423906803131104,5.795423984527588,0.6000000238418579,1,0.42104074358940125,2.9000000000000004,9.600000000000001
15,0,0.0,5.5,0.30000000000000004,1.6657480331376526,5.300000000000001,2.4000000000000004,45.940330505371094,0.39066746830940247,5.790310859680176,0.6000000238418579,1,0.4174691438674927,2.9000000000000004,9.600000000000001
15,0,0.0,5.5,0.30000000000000004,1.6657480331376526,5.300000000000001,2.4000000000000004,46.440330505371094,0.3871872127056122,5.78528356552124,0.6000000238418579,1,0.4139888882637024,2.9000000000000004,9.600000000000001
15,0,0.0,5.5,0.30000000000000004,1.6657480331376526,5.300000000000001,2.4000000000000004,46.940330505371094,0.38379552960395813,5.780339241027832,0.6000000238418579,1,0.41059720516204834,2.9000000000000004,9.600000000000001
15,0,0.0,5.5,0.30000000000000004,1.6657480331376526,5.300000000000001,2.4000000000000004,47.440330505371094,0.0,,,0,0.4072914123535156,2.9000000000000004,9.600000000000001
15,0,0.0,5.5,0.30000000000000004,1.6657480331376526,5.300000000000001,2.4000000000000004,47.940330505371094,0.3772672414779663,5.770687580108643,0.6000000238418579,1,0.4040689170360565,2.9000000000000004,9.600000000000001
15,0,0.0,5.5,0.30000000000000004,1.6657480331376526,5.300000000000001,2.4000000000000004,48.440330505371094,0.0,,,0,0.40092733502388,2.9000000000000004,9.600000000000001
15,0,0.0,5.5,0.30000000000000004,1.6657480331376526,5.300000000000001,2.4000000000000004,48.940330505371094,0.0,,,0,0.39786428213119507,2.9000000000000004,9.600000000000001
15,0,0.0,5.5,0.30000000000000004,1.6657480331376526,5.300000000000001,2.4000000000000004,49.440330505371094,0.3680758476257324,5.756764888763428,0.6000000238418579,1,0.39487752318382263,2.9000000000000004,9.600000000000001
15,0,0.0,5.5,0.30000000000000004,1.6657480331376526,5.300000000000001,2.4000000000000004,49.940330505371094,0.36516323685646057,5.752262592315674,0.6000000238418579,1,0.3919649124145508,2.9000000000000004,9.600000000000001
15,0,0.0,5.5,0.30000000000000004,1.6657480331376526,5.300000000000001,2.4000000000000004,50.440330505371094,0.0,,,0,0.3891243636608124,2.9000000000000004,9.600000000000001
15,0,0.0,5.5,0.30000000000000004,1.6657480331376526,5.300000000000001,2.4000000000000004,50.940330505371094,0.3595522344112396,5.743453025817871,0.6000000238418579,1,0.38635390996932983,2.9000000000000004,9.600000000000001
15,0,0.0,5.5,0.30000000000000004,1.6657480331376526,5.300000000000001,2.4000000000000004,51.440330505371094,0.35684993863105774,5.739141464233398,0.6000000238418579,1,0.38365161418914795,2.9000000000000004,9.600000000000001
15,0,0.0,5.5,0.30000000000000004,1.6657480331376526,5.300000000000001,2.4000000000000004,51.940330505371094,0.35421401262283325,5.734889030456543,0.6000000238418579,1,0.38101568818092346,2.9000000000000004,9.600000000000001
15,0,0.0,5.5,0.30000000000000004,1.6657480331376526,5.300000000000001,2.4000000000000004,52.440330505371094,0.3516426682472229,5.730694770812988,0.6000000238418579,1,0.3784443438053131,2.9000000000000004,9.600000000000001
15,0,0.0,5.5,0.30000000000000004,1.6657480331376526,5.300000000000001,2.4000000000000004,52.940330505371094,0.349134236574173,5.726556301116943,0.6000000238418579,1,0.3759359121322632,2.9000000000000004,9.600000000000001
15,0,0.0,5.5,0.30000000000000004,1.6657480331376526,5.300000000000001,2.4000000000000004,53.440330505371094,0.34668710827827454,5.722472190856934,0.6000000238418579,1,0.37348878383636475,2.9000000000000004,9.600000000000001
15,0,0.0,5.5,0.30000000000000004,1.6657480331376526,5.300000000000001,2.4000000000000004,53.940330505371094,0.34429970383644104,5.718440532684326,0.6000000238418579,1,0.37110137939453125,2.9000000000000004,9.600000000000001
15,0,0.0,5.5,0.30000000000000004,1.6657480331376526,5.300000000000001,2.4000000000000004,54.440330505371094,0.3419705331325531,5.714459419250488,0.6000000238418579,1,0.3687722086906433,2.9000000000000004,9.600000000000001
15,0,0.0,5.5,0.30000000000000004,1.6657480331376526,5.300000000000001,2.4000000000000004,54.940330505371094,0.3396981358528137,5.710528373718262,0.6000000238418579,1,0.36649981141090393,2.9000000000000004,9.600000000000001
15,0,0.0,5.5,0.30000000000000004,1.6657480331376526,5.300000000000001,2.4000000000000004,55.440330505371094,0.33748117089271545,5.706644535064697,0.6000000238418579,1,0.36428284645080566,2.9000000000000004,9.600000000000001
15,0,0.0,5.5,0.30000000000000004,1.6657480331376526,5.300000000000001,2.4000000000000004,55.940330505371094,0.33531826734542847,5.702807426452637,0.6000000238418579,1,0.3621199429035187,2.9000000000000004,9.600000000000001
15,0,0.0,5.5,0.30000000000000004,1.6657480331376526,5.300000000000001,2.4000000000000004,56.440330505371094,0.3332081437110901,5.699015140533447,0.6000000238418579,1,0.3600098192691803,2.9000000000000004,9.600000000000001
15,0,0.0,5.5,0.30000000000000004,1.6657480331376526,5.300000000000001,2.4000000000000004,56.940330505371094,0.3311495780944824,5.6952667236328125,0.6000000238418579,1,0.35795125365257263,2.9000000000000004,9.600000000000001
15,0,0.0,5.5,0.30000000000000004,1.6657480331376526,5.300000000000001,2.4000000000000004,57.440330505371094,0.32914137840270996,5.691560745239258,0.6000000238418579,1,0.35594305396080017,2.9000000000000004,9.600000000000001
15,0,0.0,5.5,0.30000000000000004,1.6657480331376526,5.300000000000001,2.4000000000000004,57.940330505371094,0.3271823823451996,5.68789529800415,0.6000000238418579,1,0.3539840579032898,2.9000000000000004,9.600000000000001
15,0,0.0,5.5,0.30000000000000004,1.6657480331376526,5.300000000000001,2.4000000000000004,58.440330505371094,0.32527151703834534,5.68427038192749,0.6000000238418579,1,0.35207319259643555,2.9000000000000004,9.600000000000001
15,0,0.0,5.5,0.30000000000000004,1.6657480331376526,5.300000000000001,2.4000000000000004,58.940330505371094,0.32340767979621887,5.680683612823486,0.6000000238418579,1,0.3502093553543091,2.9000000000000004,9.600000000000001
15,0,0.0,5.5,0.30000000000000004,1.6657480331376526,5.300000000000001,2.4000000000000004,59.440330505371094,0.321589857339859,5.6771345138549805,0.6000000238418579,1,0.3483915328979492,2.9000000000000004,9.600000000000001
15,0,0.0,5.5,0.30000000000000004,1.6657480331376526,5.300000000000001,2.4000000000000004,59.940330505371094,0.0,,,0,0.34661874175071716,2.9000000000000004,9.600000000000001
15,0,0.0,5.5,0.30000000000000004,1.6657480331376526,5.300000000000001,2.4000000000000004,60.440330505371094,0.3180883824825287,5.670144557952881,0.6000000238418579,1,0.3448900580406189,2.9000000000000004,9.600000000000001
15,0,0.0,5.5,0.30000000000000004,1.6657480331376526,5.300000000000001,2.4000000000000004,60.940330505371094,0.0,,,0,0.343204528093338,2.9000000000000004,9.600000000000001
15,0,0.0,5.5,0.30000000000000004,1.6657480331376526,5.300000000000001,2.4000000000000004,61.440330505371094,0.31475958228111267,5.6632914543151855,0.6000000238418579,1,0.3415612578392029,2.9000000000000004,9.600000000000001
15,0,0.0,5.5,0.30000000000000004,1.6657480331376526,5.300000000000001,2.4000000000000004,61.940330505371094,0.3131577670574188,5.659914016723633,0.6000000238418579,1,0.33995944261550903,2.9000000000000004,9.600000000000001
15,0,0.0,5.5,0.30000000000000004,1.6657480331376526,5.300000000000001,2.4000000000000004,62.440330505371094,0.311596542596817,5.656567573547363,0.6000000238418579,1,0.3383982181549072,2.9000000000000004,9.600000000000001
15,0,0.0,5.5,0.30000000000000004,1.6657480331376526,5.300000000000001,2.4000000000000004,62.940330505371094,0.31007513403892517,5.6532511711120605,0.6000000238418579,1,0.3368768095970154,2.9000000000000004,9.600000000000001
15,0,0.0,5.5,0.30000000000000004,1.6657480331376526,5.300000000000001,2.4000000000000004,63.440330505371094,0.3085927665233612,5.649964809417725,0.6000000238418579,1,0.3353944420814514,2.9000000000000004,9.600000000000001
15,0,0.0,5.5,0.30000000000000004,1.6657480331376526,5.300000000000001,2.4000000000000004,63.940330505371094,0.30714869499206543,5.646706581115723,0.6000000238418579,1,0.33395037055015564,2.9000000000000004,9.600000000000001
15,0,0.0,5.5,0.30000000000000004,1.6657480331376526,5.300000000000001,2.4000000000000004,64.4403305053711,0.3057422637939453,5.643476486206055,0.6000000238418579,1,0.3325439393520355,2.9000000000000004,9.600000000000001
15,0,0.0,5.5,0.30000000000000004,1.6657480331376526,5.300000000000001,2.4000000000000004,64.9403305053711,0.3043726980686188,5.640272617340088,0.6000000238418579,1,0.331174373626709,2.9000000000000004,9.600000000000001
15,0,0.0,5.5,0.30000000000000004,1.6657480331376526,5.300000000000001,2.4000000000000004,65.4403305053711,0.30303940176963806,5.6370954513549805,0.6000000238418579,1,0.32984107732772827,2.9000000000000004,9.600000000000001
15,0,0.0,5.5,0.30000000000000004,1.6657480331376526,5.300000000000001,2.4000000000000004,65.9403305053711,0.30174171924591064,5.6339430809021,0.6000000238418579,1,0.32854339480400085,2.9000000000000004,9.600000000000001
15,0,0.0,5.5,0.30000000000000004,1.6657480331376526,5.300000000000001,2.4000000000000004,66.4403305053711,0.3004790246486664,5.630815505981445,0.6000000238418579,1,0.3272807002067566,2.9000000000000004,9.600000000000001
15,0,0.0,5.5,0.30000000000000004,1.6657480331376526,5.300000000000001,2.4000000000000004,66.9403305053711,0.2992507517337799,5.627711296081543,0.6000000238418579,1,0.3260524272918701,2.9000000000000004,9.600000000000001
15,0,0.0,5.5,0.30000000000000004,1.6657480331376526,5.300000000000001,2.4000000000000004,67.4403305053711,0.29805630445480347,5.624630451202393,0.6000000238418579,1,0.3248579800128937,2.9000000000000004,9.600000000000001
15,0,0.0,5.5,0.30000000000000004,1.6657480331376526,5.300000000000001,2.4000000000000004,67.9403305053711,0.2968951165676117,5.6215715408325195,0.6000000238418579,1,0.3236967921257019,2.9000000000000004,9.600000000000001
15,0,0.0,5.5,0.30000000000000004,1.6657480331376526,5.300000000000001,2.4000000000000004,68.4403305053711,0.295766681432724,5.618534088134766,0.6000000238418579,1,0.3225683569908142,2.9000000000000004,9.600000000000001
15,0,0.0,5.5,0.30000000000000004,1.6657480331376526,5.300000000000001,2.4000000000000004,68.9403305053711,0.2946705222129822,5.615517616271973,0.6000000238418579,1,0.3214721977710724,2.9000000000000004,9.600000000000001
15,0,0.0,5.5,0.30000000000000004,1.6657480331376526,5.300000000000001,2.4000000000000004,69.4403305053711,0.29360607266426086,5.612521648406982,0.6000000238418579,1,0.3204077482223511,2.9000000000000004,9.600000000000001
15,0,0.0,5.5,0.30000000000000004,1.6657480331376526,5.300000000000001,2.4000000000000004,69.9403305053711,0.29257288575172424,5.6095452308654785,0.6000000238418579,1,0.31937456130981445,2.9000000000000004,9.600000000000001
15,0,0.0,5.5,0.30000000000000004,1.6657480331376526,5.300000000000001,2.4000000000000004,70.4403305053711,0.0,,,0,0.3183721899986267,2.9000000000000004,9.600000000000001
15,0,0.0,5.5,0.30000000000000004,1.6657480331376526,5.300000000000001,2.4000000000000004,70.9403305053711,0.2905985116958618,5.603647708892822,0.6000000238418579,1,0.317400187253952,2.9000000000000004,9.600000000000001
15,0,0.0,5.5,0.30000000000000004,1.6657480331376526,5.300000000000001,2.4000000000000004,71.4403305053711,0.28965646028518677,5.600726127624512,0.6000000238418579,1,0.316458135843277,2.9000000000000004,9.600000000000001
15,0,0.0,5.5,0.30000000000000004,1.6657480331376526,5.300000000000001,2.4000000000000004,71.9403305053711,0.0,,,0,0.31554561853408813,2.9000000000000004,9.600000000000001
15,0,0.0,5.5,0.30000000000000004,1.6657480331376526,5.300000000000001,2.4000000000000004,72.4403305053711,0.28786054253578186,5.594933032989502,0.6000000238418579,1,0.31466221809387207,2.9000000000000004,9.600000000000001
15,0,0.0,5.5,0.30000000000000004,1.6657480331376526,5.300000000000001,2.4000000000000004,72.9403305053711,0.2870059311389923,5.5920610427856445,0.6000000238418579,1,0.3138076066970825,2.9000000000000004,9.600000000000001
15,0,0.0,5.5,0.30000000000000004,1.6657480331376526,5.300000000000001,2.4000000000000004,73.4403305053711,0.28617972135543823,5.589203834533691,0.6000000238418579,1,0.31298139691352844,2.9000000000000004,9.600000000000001
15,0,0.0,5.5,0.30000000000000004,1.6657480331376526,5.300000000000001,2.4000000000000004,73.9403305053711,0.285381555557251,5.586361885070801,0.6000000238418579,1,0.3121832311153412,2.9000000000000004,9.600000000000001
15,0,0.0,5.5,0.30000000000000004,1.6657480331376526,5.300000000000001,2.4000000000000004,74.4403305053711,0.2846111059188843,5.583533763885498,0.6000000238418579,1,0.3114127814769745,2.9000000000000004,9.600000000000001
15,0,0.0,5.5,0.30000000000000004,1.6657480331376526,5.300000000000001,2.4000000000000004,74.9403305053711,0.28386804461479187,5.580719470977783,0.6000000238418579,1,0.3106697201728821,2.9000000000000004,9.600000000000001
15,0,0.0,5.5,0.30000000000000004,1.6657480331376526,5.300000000000001,2.4000000000000004,75.4403305053711,0.2831520736217499,5.577918529510498,0.6000000238418579,1,0.3099537491798401,2.9000000000000004,9.600000000000001
15,0,0.0,5.5,0.30000000000000004,1.6657480331376526,5.300000000000001,2.4000000000000004,75.9403305053711,0.2824628949165344,5.575130462646484,0.6000000238418579,1,0.30926457047462463,2.9000000000000004,9.600000000000001
15,0,0.0,5.5,0.30000000000000004,1.6657480331376526,5.300000000000001,2.4000000000000004,76.4403305053711,0.28180021047592163,5.572354316711426,0.6000000238418579,1,0.30860188603401184,2.9000000000000004,9.600000000000001
15,0,0.0,5.5,0.30000000000000004,1.6657480331376526,5.300000000000001,2.4000000000000004,76.9403305053711,0.0,,,0,0.3079654276371002,2.9000000000000004,9.600000000000001
15,0,0.0,5.5,0.30000000000000004,1.6657480331376526,5.300000000000001,2.4000000000000004,77.4403305053711,0.28055331110954285,5.566836357116699,0.6000000238418579,1,0.30735498666763306,2.9000000000000004,9.600000000000001
15,0,0.0,5.5,0.30000000000000004,1.6657480331376526,5.300000000000001,2.4000000000000004,77.9403305053711,0.27996858954429626,5.564093589782715,0.6000000238418579,1,0.3067702651023865,2.9000000000000004,9.600000000000001
15,0,0.0,5.5,0.30000000000000004,1.6657480331376526,5.300000000000001,2.4000000000000004,78.4403305053711,0.0,,,0,0.30621102452278137,2.9000000000000004,9.600000000000001
15,0,0.0,5.5,0.30000000000000004,1.6657480331376526,5.300000000000001,2.4000000000000004,78.9403305053711,0.0,,,0,0.30567705631256104,2.9000000000000004,9.600000000000001
15,0,0.0,5.5,0.30000000000000004,1.6657480331376526,5.300000000000001,2.4000000000000004,79.4403305053711,0.0,,,0,0.30516815185546875,2.9000000000000004,9.600000000000001
15,0,0.0,5.5,0.30000000000000004,1.6657480331376526,5.300000000000001,2.4000000000000004,79.9403305053711,0.2778824269771576,5.553220272064209,0.6000000238418579,1,0.3046841025352478,2.9000000000000004,9.600000000000001
15,0,0.0,5.5,0.30000000000000004,1.6657480331376526,5.300000000000001,2.4000000000000004,80.4403305053711,0.0,,,0,0.3042246997356415,2.9000000000000004,9.600000000000001
15,0,0.0,5.5,0.30000000000000004,1.6657480331376526,5.300000000000001,2.4000000000000004,80.9403305053711,0.27698814868927,5.547835826873779,0.6000000238418579,1,0.30378982424736023,2.9000000000000004,9.600000000000001
15,0,0.0,5.5,0.30000000000000004,1.6657480331376526,5.300000000000001,2.4000000000000004,81.4403305053711,0.27657753229141235,5.545154571533203,0.6000000238418579,1,0.30337920784950256,2.9000000000000004,9.600000000000001
15,0,0.0,5.5,0.30000000000000004,1.6657480331376526,5.300000000000001,2.4000000000000004,81.9403305053711,0.0,,,0,0.3029927909374237,2.9000000000000004,9.600000000000001
15,0,0.0,5.5,0.30000000000000004,1.6657480331376526,5.300000000000001,2.4000000000000004,82.4403305053711,0.27582865953445435,5.53981351852417,0.6000000238418579,1,0.30263033509254456,2.9000000000000004,9.600000000000001
15,0,0.0,5.5,0.30000000000000004,1.6657480331376526,5.300000000000001,2.4000000000000004,82.9403305053711,0.0,,,0,0.30229175090789795,2.9000000000000004,9.600000000000001
15,0,0.0,5.5,0.30000000000000004,1.6657480331376526,5.300000000000001,2.4000000000000004,83.4403305053711,0.2751752436161041,5.534497261047363,0.6000000238418579,1,0.30197691917419434,2.9000000000000004,9.600000000000001
15,0,0.0,5.5,0.30000000000000004,1.6657480331376526,5.300000000000001,2.4000000000000004,83.9403305053711,0.2748839855194092,5.53184700012207,0.6000000238418579,1,0.3016856610774994,2.9000000000000004,9.600000000000001
15,0,0.0,5.5,0.30000000000000004,1.6657480331376526,5.300000000000001,2.4000000000000004,84.4403305053711,0.2746162414550781,5.529201984405518,0.6000000238418579,1,0.30141791701316833,2.9000000000000004,9.600000000000001
15,0,0.0,5.5,0.30000000000000004,1.6657480331376526,5.300000000000001,2.4000000000000004,84.9403305053711,0.2743718922138214,5.526561260223389,0.6000000238418579,1,0.3011735677719116,2.9000000000000004,9.600000000000001
15,0,0.0,5.5,0.30000000000000004,1.6657480331376526,5.300000000000001,2.4000000000000004,85.4403305053711,0.2741508185863495,5.523924827575684,0.6000000238418579,1,0.3009524941444397,2.9000000000000004,9.600000000000001
15,0,0.0,5.5,0.30000000000000004,1.6657480331376526,5.300000000000001,2.4000000000000004,85.9403305053711,0.0,,,0,0.3007546365261078,2.9000000000000004,9.600000000000001
15,0,0.0,5.5,0.30000000000000004,1.6657480331376526,5.300000000000001,2.4000000000000004,86.4403305053711,0.2737782299518585,5.518662452697754,0.6000000238418579,1,0.30057990550994873,2.9000000000000004,9.600000000000001
15,0,0.0,5.5,0.30000000000000004,1.6657480331376526,5.300000000000001,2.4000000000000004,86.9403305053711,0.2736265957355499,5.516035556793213,0.6000000238418579,1,0.30042827129364014,2.9000000000000004,9.600000000000001
15,0,0.0,5.5,0.30000000000000004,1.6657480331376526,5.300000000000001,2.4000000000000004,87.4403305053711,0.27349793910980225,5.513411521911621,0.6000000238418579,1,0.30029961466789246,2.9000000000000004,9.600000000000001
15,0,0.0,5.5,0.30000000000000004,1.6657480331376526,5.300000000000001,2.4000000000000004,87.9403305053711,0.2733922600746155,5.510788917541504,0.6000000238418579,1,0.3001939356327057,2.9000000000000004,9.600000000000001
15,0,0.0,5.5,0.30000000000000004,1.6657480331376526,5.300000000000001,2.4000000000000004,88.4403305053711,0.0,,,0,0.30011117458343506,2.9000000000000004,9.600000000000001
15,0,0.0,5.5,0.30000000000000004,1.6657480331376526,5.300000000000001,2.4000000000000004,88.9403305053711,0.27324962615966797,5.50554895401001,0.6000000238418579,1,0.3000513017177582,2.9000000000000004,9.600000000000001
15,0,0.0,5.5,0.30000000000000004,1.6657480331376526,5.300000000000001,2.4000000000000004,89.4403305053711,0.27321264147758484,5.502930641174316,0.6000000238418579,1,0.30001431703567505,2.9000000000000004,9.600000000000001
15,0,0.0,5.5,0.30000000000000004,1.6657480331376526,5.300000000000001,2.4000000000000004,89.9403305053711,0.2731984853744507,5.500312328338623,0.6000000238418579,1,0.3000001609325409,2.9000000000000004,9.600000000000001
15,0,0.0,5.5,0.30000000000000004,1.6657480331376526,5.300000000000001,2.4000000000000004,90.4403305053711,0.2732071876525879,5.497694492340088,0.6000000238418579,1,0.3000088632106781,2.9000000000000004,9.600000000000001
15,0,0.0,5.5,0.30000000000000004,1.6657480331376526,5.300000000000001,2.4000000000000004,90.9403305053711,0.0,,,0,0.3000403940677643,2.9000000000000004,9.600000000000001
15,0,0.0,5.5,0.30000000000000004,1.6657480331376526,5.300000000000001,2.4000000000000004,91.4403305053711,0.273293137550354,5.492456912994385,0.6000000238418579,1,0.3000948131084442,2.9000000000000004,9.600000000000001
15,0,0.0,5.5,0.30000000000000004,1.6657480331376526,5.300000000000001,2.4000000000000004,91.9403305053711,0.0,,,0,0.3001721203327179,2.9000000000000004,9.600000000000001
15,0,0.0,5.5,0.30000000000000004,1.6657480331376526,5.300000000000001,2.4000000000000004,92.4403305053711,0.2734706401824951,5.4872145652771,0.6000000238418579,1,0.3002723157405853,2.9000000000000004,9.600000000000001
15,0,0.0,5.5,0.30000000000000004,1.6657480331376526,5.300000000000001,2.4000000000000004,92.9403305053711,0.0,,,0,0.3003954589366913,2.9000000000000004,9.600000000000001
15,0,0.0,5.5,0.30000000000000004,1.6657480331376526,5.300000000000001,2.4000000000000004,93.4403305053711,0.2737399637699127,5.481964588165283,0.6000000238418579,1,0.30054163932800293,2.9000000000000004,9.600000000000001
15,0,0.0,5.5,0.30000000000000004,1.6657480331376526,5.300000000000001,2.4000000000000004,93.9403305053711,0.27390915155410767,5.479335784912109,0.6000000238418579,1,0.3007108271121979,2.9000000000000004,9.600000000000001
15,0,0.0,5.5,0.30000000000000004,1.6657480331376526,5.300000000000001,2.4000000000000004,94.4403305053711,0.27410149574279785,5.476703643798828,0.6000000238418579,1,0.30090317130088806,2.9000000000000004,9.600000000000001
15,0,0.0,5.5,0.30000000000000004,1.6657480331376526,5.300000000000001,2.4000000000000004,94.9403305053711,0.2743169963359833,5.4740681648254395,0.6000000238418579,1,0.3011186718940735,2.9000000000000004,9.600000000000001
15,0,0.0,5.5,0.30000000000000004,1.6657480331376526,5.300000000000001,2.4000000000000004,95.4403305053711,0.2745558023452759,5.471428394317627,0.6000000238418579,1,0.3013574779033661,2.9000000000000004,9.600000000000001
15,0,0.0,5.5,0.30000000000000004,1.6657480331376526,5.300000000000001,2.4000000000000004,95.9403305053711,0.27481794357299805,5.468784332275391,0.6000000238418579,1,0.30161961913108826,2.9000000000000004,9.600000000000001
15,0,0.0,5.5,0.30000000000000004,1.6657480331376526,5.300000000000001,2.4000000000000004,96.4403305053711,0.2751035988330841,5.4661359786987305,0.6000000238418579,1,0.3019052743911743,2.9000000000000004,9.600000000000001
15,0,0.0,5.5,0.30000000000000004,1.6657480331376526,5.300000000000001,2.4000000000000004,96.9403305053711,0.27541279792785645,5.463481903076172,0.6000000238418579,1,0.30221447348594666,2.9000000000000004,9.600000000000001
15,0,0.0,5.5,0.30000000000000004,1.6657480331376526,5.300000000000001,2.4000000000000004,97.4403305053711,0.275745689868927,5.460822105407715,0.6000000238418579,1,0.3025473654270172,2.9000000000000004,9.600000000000001
15,0,0.0,5.5,0.30000000000000004,1.6657480331376526,5.300000000000001,2.4000000000000004,97.9403305053711,0.2761024236679077,5.458156108856201,0.6000000238418579,1,0.3029040992259979,2.9000000000000004,9.600000000000001
15,0,0.0,5.5,0.30000000000000004,1.6657480331376526,5.300000000000001,2.4000000000000004,98.4403305053711,0.27648311853408813,5.455483913421631,0.6000000238418579,1,0.30328479409217834,2.9000000000000004,9.600000000000001
15,0,0.0,5.5,0.30000000000000004,1.6657480331376526,5.300000000000001,2.4000000000000004,98.9403305053711,0.2768879234790802,5.452805042266846,0.6000000238418579,1,0.3036895990371704,2.9000000000000004,9.600000000000001
15,0,0.0,5.5,0.30000000000000004,1.6657480331376526,5.300000000000001,2.4000000000000004,99.4403305053711,0.0,,,0,0.30411869287490845,2.9000000000000004,9.600000000000001
15,0,0.0,5.5,0.30000000000000004,1.6657480331376526,5.300000000000001,2.4000000000000004,99.9403305053711,0.2777705490589142,5.447423934936523,0.6000000238418579,1,0.3045722246170044,2.9000000000000004,9.600000000000001
15,0,0.0,5.5,0.30000000000000004,1.6657480331376526,5.300000000000001,2.4000000000000004,100.4403305053711,0.27824869751930237,5.444721221923828,0.6000000238418579,1,0.3050503730773926,2.9000000000000004,9.600000000000001
15,0,0.0,5.5,0.30000000000000004,1.6657480331376526,5.300000000000001,2.4000000000000004,100.9403305053711,0.2787516415119171,5.442009925842285,0.6000000238418579,1,0.3055533170700073,2.9000000000000004,9.600000000000001
15,0,0.0,5.5,0.30000000000000004,1.6657480331376526,5.300000000000001,2.4000000000000004,101.4403305053711,0.0,,,0,0.30608129501342773,2.9000000000000004,9.600000000000001
15,0,0.0,5.5,0.30000000000000004,1.6657480331376526,5.300000000000001,2.4000000000000004,101.9403305053711,0.27983278036117554,5.436559677124023,0.6000000238418579,1,0.30663445591926575,2.9000000000000004,9.600000000000001
15,0,0.0,5.5,0.30000000000000004,1.6657480331376526,5.300000000000001,2.4000000000000004,102.4403305053711,0.28041142225265503,5.43381929397583,0.6000000238418579,1,0.30721309781074524,2.9000000000000004,9.600000000000001
15,0,0.0,5.5,0.30000000000000004,1.6657480331376526,5.300000000000001,2.4000000000000004,102.9403305053711,0.0,,,0,0.30781739950180054,2.9000000000000004,9.600000000000001
15,0,0.0,5.5,0.30000000000000004,1.6657480331376526,5.300000000000001,2.4000000000000004,103.4403305053711,0.28164592385292053,5.428306579589844,0.6000000238418579,1,0.30844759941101074,2.9000000000000004,9.600000000000001
15,0,0.0,5.5,0.30000000000000004,1.6657480331376526,5.300000000000001,2.4000000000000004,103.9403305053711,0.2823023200035095,5.425533294677734,0.6000000238418579,1,0.30910399556159973,2.9000000000000004,9.600000000000001
15,0,0.0,5.5,0.30000000000000004,1.6657480331376526,5.300000000000001,2.4000000000000004,104.4403305053711,0.2829851508140564,5.42274808883667,0.6000000238418579,1,0.3097868263721466,2.9000000000000004,9.600000000000001
15,0,0.0,5.5,0.30000000000000004,1.6657480331376526,5.300000000000001,2.4000000000000004,104.9403305053711,0.28369471430778503,5.419950008392334,0.6000000238418579,1,0.31049638986587524,2.9000000000000004,9.600000000000001
15,0,0.0,5.5,0.30000000000000004,1.6657480331376526,5.300000000000001,2.4000000000000004,105.4403305053711,0.2844312787055969,5.417139053344727,0.6000000238418579,1,0.31123295426368713,2.9000000000000004,9.600000000000001
15,0,0.0,5.5,0.30000000000000004,1.6657480331376526,5.300000000000001,2.4000000000000004,105.9403305053711,0.28519514203071594,5.414314270019531,0.6000000238418579,1,0.31199681758880615,2.9000000000000004,9.600000000000001
15,0,0.0,5.5,0.30000000000000004,1.6657480331376526,5.300000000000001,2.4000000000000004,106.4403305053711,0.28598669171333313,5.411475658416748,0.6000000238418579,1,0.31278836727142334,2.9000000000000004,9.600000000000001
15,0,0.0,5.5,0.30000000000000004,1.6657480331376526,5.300000000000001,2.4000000000000004,106.9403305053711,0.2868061661720276,5.4086222648620605,0.6000000238418579,1,0.3136078417301178,2.9000000000000004,9.600000000000001
15,0,0.0,5.5,0.30000000000000004,1.6657480331376526,5.300000000000001,2.4000000000000004,107.4403305053711,0.28765398263931274,5.4057536125183105,0.6000000238418579,1,0.31445565819740295,2.9000000000000004,9.600000000000001
15,0,0.0,5.5,0.30000000000000004,1.6657480331376526,5.300000000000001,2.4000000000000004,107.9403305053711,0.28853046894073486,5.40286922454834,0.6000000238418579,1,0.3153321444988251,2.9000000000000004,9.600000000000001
15,0,0.0,5.5,0.30000000000000004,1.6657480331376526,5.300000000000001,2.4000000000000004,108.4403305053711,0.2894359827041626,5.39996862411499,0.6000000238418579,1,0.3162376582622528,2.9000000000000004,9.600000000000001
15,0,0.0,5.5,0.30000000000000004,1.6657480331376526,5.300000000000001,2.4000000000000004,108.9403305053711,0.29037097096443176,5.397050857543945,0.6000000238418579,1,0.317172646522522,2.9000000000000004,9.600000000000001
15,0,0.0,5.5,0.30000000000000004,1.6657480331376526,5.300000000000001,2.4000000000000004,109.4403305053711,0.0,,,0,0.3181374669075012,2.9000000000000004,9.600000000000001
15,0,0.0,5.5,0.30000000000000004,1.6657480331376526,5.300000000000001,2.4000000000000004,109.9403305053711,0.0,,,0,0.319132536649704,2.9000000000000004,9.600000000000001
15,0,0.0,5.5,0.30000000000000004,1.6657480331376526,5.300000000000001,2.4000000000000004,110.4403305053711,0.29335665702819824,5.388190746307373,0.6000000238418579,1,0.32015833258628845,2.9000000000000004,9.600000000000001
15,0,0.0,5.5,0.30000000000000004,1.6657480331376526,5.300000000000001,2.4000000000000004,110.9403305053711,0.0,,,0,0.32121527194976807,2.9000000000000004,9.600000000000001
15,0,0.0,5.5,0.30000000000000004,1.6657480331376526,5.300000000000001,2.4000000000000004,111.4403305053711,0.2955021560192108,5.382187843322754,0.6000000238418579,1,0.322303831577301,2.9000000000000004,9.600000000000001
15,0,0.0,5.5,0.30000000000000004,1.6657480331376526,5.300000000000001,2.4000000000000004,111.9403305053711,0.2966228425502777,5.37915563583374,0.6000000238418579,1,0.3234245181083679,2.9000000000000004,9.600000000000001
15,0,0.0,5.5,0.30000000000000004,1.6657480331376526,5.300000000000001,2.4000000000000004,112.4403305053711,0.29777616262435913,5.376101970672607,0.6000000238418579,1,0.32457783818244934,2.9000000000000004,9.600000000000001
15,0,0.0,5.5,0.30000000000000004,1.6657480331376526,5.300000000000001,2.4000000000000004,112.9403305053711,0.29896262288093567,5.373025894165039,0.6000000238418579,1,0.3257642984390259,2.9000000000000004,9.600000000000001
15,0,0.0,5.5,0.30000000000000004,1.6657480331376526,5.300000000000001,2.4000000000000004,113.4403305053711,0.3001827597618103,5.369927406311035,0.6000000238418579,1,0.3269844353199005,2.9000000000000004,9.600000000000001
15,0,0.0,5.5,0.30000000000000004,1.6657480331376526,5.300000000000001,2.4000000000000004,113.9403305053711,0.3014371991157532,5.366805553436279,0.6000000238418579,1,0.3282388746738434,2.9000000000000004,9.600000000000001
15,0,0.0,5.5,0.30000000000000004,1.6657480331376526,5.300000000000001,2.4000000000000004,114.4403305053711,0.30272647738456726,5.363659381866455,0.6000000238418579,1,0.32952815294265747,2.9000000000000004,9.600000000000001
15,0,0.0,5.5,0.30000000000000004,1.6657480331376526,5.300000000000001,2.4000000000000004,114.9403305053711,0.0,,,0,0.3308528959751129,2.9000000000000004,9.600000000000001
15,0,0.0,5.5,0.30000000000000004,1.6657480331376526,5.300000000000001,2.4000000000000004,115.4403305053711,0.30541205406188965,5.357290744781494,0.6000000238418579,1,0.33221372961997986,2.9000000000000004,9.600000000000001
15,0,0.0,5.5,0.30000000000000004,1.6657480331376526,5.300000000000001,2.4000000000000004,115.9403305053711,0.3068096339702606,5.354066848754883,0.6000000238418579,1,0.33361130952835083,2.9000000000000004,9.600000000000001
15,0,0.0,5.5,0.30000000000000004,1.6657480331376526,5.300000000000001,2.4000000000000004,116.4403305053711,0.0,,,0,0.33504632115364075,2.9000000000000004,9.600000000000001
15,0,0.0,5.5,0.30000000000000004,1.6657480331376526,5.300000000000001,2.4000000000000004,116.9403305053711,0.0,,,0,0.3365194797515869,2.9000000000000004,9.600000000000001
15,0,0.0,5.5,0.30000000000000004,1.6657480331376526,5.300000000000001,2.4000000000000004,117.4403305053711,0.0,,,0,0.33803150057792664,2.9000000000000004,9.600000000000001
15,0,0.0,5.5,0.30000000000000004,1.6657480331376526,5.300000000000001,2.4000000000000004,117.9403305053711,0.0,,,0,0.339583158493042,2.9000000000000004,9.600000000000001
15,0,0.0,5.5,0.30000000000000004,1.6657480331376526,5.300000000000001,2.4000000000000004,118.4403305053711,0.31437355279922485,5.337517738342285,0.6000000238418579,1,0.34117522835731506,2.9000000000000004,9.600000000000001
15,0,0.0,5.5,0.30000000000000004,1.6657480331376526,5.300000000000001,2.4000000000000004,118.9403305053711,0.3160068392753601,5.334115505218506,0.6000000238418579,1,0.3428085148334503,2.9000000000000004,9.600000000000001
15,0,0.0,5.5,0.30000000000000004,1.6657480331376526,5.300000000000001,2.4000000000000004,119.4403305053711,0.0,,,0,0.344483882188797,2.9000000000000004,9.600000000000001
15,0,0.0,5.5,0.30000000000000004,1.6657480331376526,5.300000000000001,2.4000000000000004,119.9403305053711,0.31940051913261414,5.327211380004883,0.6000000238418579,1,0.34620219469070435,2.9000000000000004,9.600000000000001
15,0,0.0,5.5,0.30000000000000004,1.6657480331376526,5.300000000000001,2.4000000000000004,120.4403305053711,0.32116270065307617,5.323707103729248,0.6000000238418579,1,0.3479643762111664,2.9000000000000004,9.600000000000001
15,0,0.0,5.5,0.30000000000000004,1.6657480331376526,5.300000000000001,2.4000000000000004,120.9403305053711,0.3229696750640869,5.32016658782959,0.6000000238418579,1,0.3497713506221771,2.9000000000000004,9.600000000000001
15,0,0.0,5.5,0.30000000000000004,1.6657480331376526,5.300000000000001,2.4000000000000004,121.4403305053711,0.32482242584228516,5.31658935546875,0.6000000238418579,1,0.35162410140037537,2.9000000000000004,9.600000000000001
15,0,0.0,5.5,0.30000000000000004,1.6657480331376526,5.300000000000001,2.4000000000000004,121.9403305053711,0.0,,,0,0.3535236716270447,2.9000000000000004,9.600000000000001
15,0,0.0,5.5,0.30000000000000004,1.6657480331376526,5.300000000000001,2.4000000000000004,122.4403305053711,0.32866939902305603,5.3093180656433105,0.6000000238418579,1,0.35547107458114624,2.9000000000000004,9.600000000000001
15,0,0.0,5.5,0.30000000000000004,1.6657480331376526,5.300000000000001,2.4000000000000004,122.9403305053711,0.3306657671928406,5.30562162399292,0.6000000238418579,1,0.3574674427509308,2.9000000000000004,9.600000000000001
15,0,0.0,5.5,0.30000000000000004,1.6657480331376526,5.300000000000001,2.4000000000000004,123.4403305053711,0.33271220326423645,5.301883220672607,0.6000000238418579,1,0.35951387882232666,2.9000000000000004,9.600000000000001
15,0,0.0,5.5,0.30000000000000004,1.6657480331376526,5.300000000000001,2.4000000000000004,123.9403305053711,0.33480989933013916,5.298101902008057,0.6000000238418579,1,0.36161157488822937,2.9000000000000004,9.600000000000001
15,0,0.0,5.5,0.30000000000000004,1.6657480331376526,5.300000000000001,2.4000000000000004,124.4403305053711,0.3369600772857666,5.294275283813477,0.6000000238418579,1,0.3637617528438568,2.9000000000000004,9.600000000000001
15,0,0.0,5.5,0.30000000000000004,1.6657480331376526,5.300000000000001,2.4000000000000004,124.9403305053711,0.33916404843330383,5.290402889251709,0.6000000238418579,1,0.36596572399139404,2.9000000000000004,9.600000000000001
15,0,0.0,5.5,0.30000000000000004,1.6657480331376526,5.300000000000001,2.4000000000000004,125.4403305053711,0.34142306447029114,5.286483287811279,0.6000000238418579,1,0.36822474002838135,2.9000000000000004,9.600000000000001
15,0,0.0,5.5,0.30000000000000004,1.6657480331376526,5.300000000000001,2.4000000000000004,125.9403305053711,0.0,,,0,0.37054023146629333,2.9000000000000004,9.600000000000001
15,0,0.0,5.5,0.30000000000000004,1.6657480331376526,5.300000000000001,2.4000000000000004,126.4403305053711,0.346111923456192,5.278494834899902,0.6000000238418579,1,0.3729135990142822,2.9000000000000004,9.600000000000001
15,0,0.0,5.5,0.30000000000000004,1.6657480331376526,5.300000000000001,2.4000000000000004,126.9403305053711,0.3485446572303772,5.274423122406006,0.6000000238418579,1,0.3753463327884674,2.9000000000000004,9.600000000000001
15,0,0.0,5.5,0.30000000000000004,1.6657480331376526,5.300000000000001,2.4000000000000004,127.4403305053711,0.3510383367538452,5.270298004150391,0.6000000238418579,1,0.3778400123119354,2.9000000000000004,9.600000000000001
15,0,0.0,5.5,0.30000000000000004,1.6657480331376526,5.300000000000001,2.4000000000000004,127.9403305053711,0.0,,,0,0.38039615750312805,2.9000000000000004,9.600000000000001
15,0,0.0,5.5,0.30000000000000004,1.6657480331376526,5.300000000000001,2.4000000000000004,128.44033813476562,0.35621485114097595,5.261878967285156,0.6000000238418579,1,0.38301652669906616,2.9000000000000004,9.600000000000001
15,0,0.0,5.5,0.30000000000000004,1.6657480331376526,5.300000000000001,2.4000000000000004,128.94033813476562,0.0,,,0,0.38570281863212585,2.9000000000000004,9.600000000000001
15,0,0.0,5.5,0.30000000000000004,1.6657480331376526,5.300000000000001,2.4000000000000004,129.44033813476562,0.3616551458835602,5.253223419189453,0.6000000238418579,1,0.3884568214416504,2.9000000000000004,9.600000000000001
15,0,0.0,5.5,0.30000000000000004,1.6657480331376526,5.300000000000001,2.4000000000000004,129.94033813476562,0.36447879672050476,5.248802185058594,0.6000000238418579,1,0.39128047227859497,2.9000000000000004,9.600000000000001
15,0,0.0,5.5,0.30000000000000004,1.6657480331376526,5.300000000000001,2.4000000000000004,130.44033813476562,0.3673740327358246,5.2443156242370605,0.6000000238418579,1,0.3941757082939148,2.9000000000000004,9.600000000000001
15,0,0.0,5.5,0.30000000000000004,1.6657480331376526,5.300000000000001,2.4000000000000004,130.94033813476562,0.3703429102897644,5.239761829376221,0.6000000238418579,1,0.3971445858478546,2.9000000000000004,9.600000000000001
15,0,0.0,5.5,0.30000000000000004,1.6657480331376526,5.300000000000001,2.4000000000000004,131.44033813476562,0.37338754534721375,5.235138893127441,0.6000000238418579,1,0.40018922090530396,2.9000000000000004,9.600000000000001
15,0,0.0,5.5,0.30000000000000004,1.6657480331376526,5.300000000000001,2.4000000000000004,131.94033813476562,0.3765101730823517,5.230443954467773,0.6000000238418579,1,0.4033118486404419,2.9000000000000004,9.600000000000001
15,0,0.0,5.5,0.30000000000000004,1.6657480331376526,5.300000000000001,2.4000000000000004,132.44033813476562,0.37971311807632446,5.225674629211426,0.6000000238418579,1,0.4065147936344147,2.9000000000000004,9.600000000000001
15,0,0.0,5.5,0.30000000000000004,1.6657480331376526,5.300000000000001,2.4000000000000004,132.94033813476562,0.38299882411956787,5.220829010009766,0.6000000238418579,1,0.4098004996776581,2.9000000000000004,9.600000000000001
15,0,0.0,5.5,0.30000000000000004,1.6657480331376526,5.300000000000001,2.4000000000000004,133.44033813476562,0.3863697648048401,5.2159037590026855,0.6000000238418579,1,0.4131714403629303,2.9000000000000004,9.600000000000001
15,0,0.0,5.5,0.30000000000000004,1.6657480331376526,5.300000000000001,2.4000000000000004,133.94033813476562,0.389828622341156,5.2108964920043945,0.6000000238418579,1,0.4166302978992462,2.9000000000000004,9.600000000000001
15,0,0.0,5.5,0.30000000000000004,1.6657480331376526,5.300000000000001,2.4000000000000004,134.44033813476562,0.3933781683444977,5.205804347991943,0.6000000238418579,1,0.4201798439025879,2.9000000000000004,9.600000000000001
15,0,0.0,5.5,0.30000000000000004,1.6657480331376526,5.300000000000001,2.4000000000000004,134.94033813476562,0.0,,,0,0.42382293939590454,2.9000000000000004,9.600000000000001
15,0,0.0,5.5,0.30000000000000004,1.6657480331376526,5.300000000000001,2.4000000000000004,135.44033813476562,0.4007609188556671,5.195353031158447,0.6000000238418579,1,0.4275625944137573,2.9000000000000004,9.600000000000001
15,0,0.0,5.5,0.30000000000000004,1.6657480331376526,5.300000000000001,2.4000000000000004,135.94033813476562,0.4046002924442291,5.189987659454346,0.6000000238418579,1,0.43140196800231934,2.9000000000000004,9.600000000000001
15,0,0.0,5.5,0.30000000000000004,1.6657480331376526,5.300000000000001,2.4000000000000004,136.44033813476562,0.4085427224636078,5.1845245361328125,0.6000000238418579,1,0.435344398021698,2.9000000000000004,9.600000000000001
15,0,0.0,5.5,0.30000000000000004,1.6657480331376526,5.300000000000001,2.4000000000000004,136.94033813476562,0.4125916063785553,5.17896032333374,0.6000000238418579,1,0.4393932819366455,2.9000000000000004,9.600000000000001
15,0,0.0,5.5,0.30000000000000004,1.6657480331376526,5.300000000000001,2.4000000000000004,137.44033813476562,0.41675063967704773,5.173291206359863,0.6000000238418579,1,0.44355231523513794,2.9000000000000004,9.600000000000001
15,0,0.0,5.5,0.30000000000000004,1.6657480331376526,5.300000000000001,2.4000000000000004,137.94033813476562,0.42102357745170593,5.167513370513916,0.6000000238418579,1,0.44782525300979614,2.9000000000000004,9.600000000000001
15,0,0.0,5.5,0.30000000000000004,1.6657480331376526,5.300000000000001,2.4000000000000004,138.44033813476562,0.42541441321372986,5.161622524261475,0.6000000238418579,1,0.45221608877182007,2.9000000000000004,9.600000000000001
15,0,0.0,5.5,0.30000000000000004,1.6657480331376526,5.300000000000001,2.4000000000000004,138.94033813476562,0.42992734909057617,5.155614376068115,0.6000000238418579,1,0.4567290246486664,2.9000000000000004,9.600000000000001
15,0,0.0,5.5,0.30000000000000004,1.6657480331376526,5.300000000000001,2.4000000000000004,139.44033813476562,0.4345667362213135,5.149485111236572,0.6000000238418579,1,0.4613684117794037,2.9000000000000004,9.600000000000001
15,0,0.0,5.5,0.30000000000000004,1.6657480331376526,5.300000000000001,2.4000000000000004,139.94033813476562,0.43933719396591187,5.143229007720947,0.6000000238418579,1,0.4661388695240021,2.9000000000000004,9.600000000000001
15,0,0.0,5.5,0.30000000000000004,1.6657480331376526,5.300000000000001,2.4000000000000004,140.44033813476562,0.0,,,0,0.47104528546333313,2.9000000000000004,9.600000000000001
15,0,0.0,5.5,0.30000000000000004,1.6657480331376526,5.300000000000001,2.4000000000000004,140.94033813476562,0.44929102063179016,5.130318641662598,0.6000000238418579,1,0.47609269618988037,2.9000000000000004,9.600000000000001
15,0,0.0,5.5,0.30000000000000004,1.6657480331376526,5.300000000000001,2.4000000000000004,141.44033813476562,0.0,,,0,0.48128652572631836,2.9000000000000004,9.600000000000001
15,0,0.0,5.5,0.30000000000000004,1.6657480331376526,5.300000000000001,2.4000000000000004,141.94033813476562,0.45983070135116577,5.116840839385986,0.6000000238418579,1,0.486632376909256,2.9000000000000004,9.600000000000001
15,0,0.0,5.5,0.30000000000000004,1.6657480331376526,5.300000000000001,2.4000000000000004,142.44033813476562,0.46533456444740295,5.109874248504639,0.6000000238418579,1,0.49213624000549316,2.9000000000000004,9.600000000000001
15,0,0.0,5.5,0.30000000000000004,1.6657480331376526,5.300000000000001,2.4000000000000004,142.94033813476562,0.4710026681423187,5.102747917175293,0.6000000238418579,1,0.49780434370040894,2.9000000000000004,9.600000000000001
15,0,0.0,5.5,0.30000000000000004,1.6657480331376526,5.300000000000001,2.4000000000000004,143.44033813476562,0.47684165835380554,5.095455169677734,0.6000000238418579,1,0.5036433339118958,2.9000000000000004,9.600000000000001
15,0,0.0,5.5,0.30000000000000004,1.6657480331376526,5.300000000000001,2.4000000000000004,143.94033813476562,0.4828585684299469,5.087988376617432,0.6000000238418579,1,0.5096602439880371,2.9000000000000004,9.600000000000001
15,0,0.0,5.5,0.30000000000000004,1.6657480331376526,5.300000000000001,2.4000000000000004,144.44033813476562,0.4890606701374054,5.08034086227417,0.6000000238418579,1,0.5158623456954956,2.9000000000000004,9.600000000000001
15,0,0.0,5.5,0.30000000000000004,1.6657480331376526,5.300000000000001,2.4000000000000004,144.94033813476562,0.49545589089393616,5.072504043579102,0.6000000238418579,1,0.5222575664520264,2.9000000000000004,9.600000000000001
15,0,0.0,5.5,0.30000000000000004,1.6657480331376526,5.300000000000001,2.4000000000000004,145.44033813476562,0.5020524263381958,5.064469814300537,0.6000000238418579,1,0.5288541316986084,2.9000000000000004,9.600000000000001
15,0,0.0,5.5,0.30000000000000004,1.6657480331376526,5.300000000000001,2.4000000000000004,145.94033813476562,0.5088590383529663,5.056229114532471,0.6000000238418579,1,0.5356607437133789,2.9000000000000004,9.600000000000001
15,0,0.0,5.5,0.30000000000000004,1.6657480331376526,5.300000000000001,2.4000000000000004,146.44033813476562,0.515885055065155,5.047773361206055,0.6000000238418579,1,0.5426867604255676,2.9000000000000004,9.600000000000001
15,0,0.0,5.5,0.30000000000000004,1.6657480331376526,5.300000000000001,2.4000000000000004,146.94033813476562,0.5231402516365051,5.039092063903809,0.6000000238418579,1,0.5499419569969177,2.9000000000000004,9.600000000000001
15,0,0.0,5.5,0.30000000000000004,1.6657480331376526,5.300000000000001,2.4000000000000004,147.44033813476562,0.0,,,0,0.5574367642402649,2.9000000000000004,9.600000000000001
15,0,0.0,5.5,0.30000000000000004,1.6657480331376526,5.300000000000001,2.4000000000000004,147.94033813476562,0.0,,,0,0.5651823282241821,2.9000000000000004,9.600000000000001
15,0,0.0,5.5,0.30000000000000004,1.6657480331376526,5.300000000000001,2.4000000000000004,148.44033813476562,0.0,,,0,0.573190450668335,2.9000000000000004,9.600000000000001
15,0,0.0,5.5,0.30000000000000004,1.6657480331376526,5.300000000000001,2.4000000000000004,148.94033813476562,0.5546720027923584,5.00189208984375,0.6000000238418579,1,0.581473708152771,2.9000000000000004,9.600000000000001
15,0,0.0,5.5,0.30000000000000004,1.6657480331376526,5.300000000000001,2.4000000000000004,149.44033813476562,0.5632437467575073,4.991911888122559,0.6000000238418579,1,0.5900454521179199,2.9000000000000004,9.600000000000001
15,0,0.0,5.5,0.30000000000000004,1.6657480331376526,5.300000000000001,2.4000000000000004,149.94033813476562,0.5721182823181152,4.981632232666016,0.6000000238418579,1,0.5989199876785278,2.9000000000000004,9.600000000000001
15,0,0.0,5.5,0.30000000000000004,1.6657480331376526,5.300000000000001,2.4000000000000004,150.44033813476562,0.5813109278678894,4.971037864685059,0.6000000238418579,1,0.608112633228302,2.9000000000000004,9.600000000000001
15,0,0.0,5.5,0.30000000000000004,1.6657480331376526,5.300000000000001,2.4000000000000004,150.94033813476562,0.590837836265564,4.960112571716309,0.6000000238418579,1,0.6176395416259766,2.9000000000000004,9.600000000000001
15,0,0.0,5.5,0.30000000000000004,1.6657480331376526,5.300000000000001,2.4000000000000004,151.44033813476562,0.6007165908813477,4.948838233947754,0.6000000238418579,1,0.6275182962417603,2.9000000000000004,9.600000000000001
15,0,0.0,5.5,0.30000000000000004,1.6657480331376526,5.300000000000001,2.4000000000000004,151.94033813476562,0.6109658479690552,4.937196731567383,0.6000000238418579,1,0.6377675533294678,2.9000000000000004,9.600000000000001
15,0,0.0,5.5,0.30000000000000004,1.6657480331376526,5.300000000000001,2.4000000000000004,152.44033813476562,0.6216056942939758,4.925167560577393,0.6000000238418579,1,0.6484073996543884,2.9000000000000004,9.600000000000001
15,0,0.0,5.5,0.30000000000000004,1.6657480331376526,5.300000000000001,2.4000000000000004,152.94033813476562,0.6326575875282288,4.912729740142822,0.6000000238418579,1,0.6594592928886414,2.9000000000000004,9.600000000000001
15,0,0.0,5.5,0.30000000000000004,1.6657480331376526,5.300000000000001,2.4000000000000004,153.44033813476562,0.6441447734832764,4.8998589515686035,0.6000000238418579,1,0.670946478843689,2.9000000000000004,9.600000000000001
15,0,0.0,5.5,0.30000000000000004,1.6657480331376526,5.300000000000001,2.4000000000000004,153.94033813476562,0.6560921669006348,4.886531352996826,0.6000000238418579,1,0.6828938722610474,2.9000000000000004,9.600000000000001
15,0,0.0,5.5,0.30000000000000004,1.6657480331376526,5.300000000000001,2.4000000000000004,154.44033813476562,0.0,,,0,0.6953283548355103,2.9000000000000004,9.600000000000001
15,0,0.0,5.5,0.30000000000000004,1.6657480331376526,5.300000000000001,2.4000000000000004,154.94033813476562,0.6814773678779602,4.85839319229126,0.6000000238418579,1,0.7082790732383728,2.9000000000000004,9.600000000000001
15,0,0.0,5.5,0.30000000000000004,1.6657480331376526,5.300000000000001,2.4000000000000004,155.44033813476562,0.6949756145477295,4.843522548675537,0.6000000238418579,1,0.7217773199081421,2.9000000000000004,9.600000000000001
15,0,0.0,5.5,0.30000000000000004,1.6657480331376526,5.300000000000001,2.4000000000000004,155.94033813476562,0.709055483341217,4.828073024749756,0.6000000238418579,1,0.7358571887016296,2.9000000000000004,9.600000000000001
15,0,0.0,5.5,0.30000000000000004,1.6657480331376526,5.300000000000001,2.4000000000000004,156.44033813476562,0.7237539291381836,4.812007427215576,0.6000000238418579,1,0.7505556344985962,2.9000000000000004,9.600000000000001
15,0,0.0,5.5,0.30000000000000004,1.6657480331376526,5.300000000000001,2.4000000000000004,156.94033813476562,0.7391110062599182,4.795285701751709,0.6000000238418579,1,0.7659127116203308,2.9000000000000004,9.600000000000001
15,0,0.0,5.5,0.30000000000000004,1.6657480331376526,5.300000000000001,2.4000000000000004,157.44033813476562,0.0,,,0,0.7819721698760986,2.9000000000000004,9.600000000000001
15,0,0.0,5.5,0.30000000000000004,1.6657480331376526,5.300000000000001,2.4000000000000004,157.94033813476562,0.7719799876213074,4.759694576263428,0.6000000238418579,1,0.79878169298172,2.9000000000000004,9.600000000000001
15,0,0.0,5.5,0.30000000000000004,1.6657480331376526,5.300000000000001,2.4000000000000004,158.44033813476562,0.7895915508270264,4.740725517272949,0.6000000238418579,1,0.816393256187439,2.9000000000000004,9.600000000000001
15,0,0.0,5.5,0.30000000000000004,1.6657480331376526,5.300000000000001,2.4000000000000004,158.94033813476562,0.0,,,0,0.8348639607429504,2.9000000000000004,9.600000000000001
15,0,0.0,5.5,0.30000000000000004,1.6657480331376526,5.300000000000001,2.4000000000000004,159.44033813476562,0.0,,,0,0.8542563319206238,2.9000000000000004,9.600000000000001
15,0,0.0,5.5,0.30000000000000004,1.6657480331376526,5.300000000000001,2.4000000000000004,159.94033813476562,0.8478375673294067,4.678420066833496,0.6000000238418579,1,0.8746392726898193,2.9000000000000004,9.600000000000001
15,0,0.0,5.5,0.30000000000000004,1.6657480331376526,5.300000000000001,2.4000000000000004,160.44033813476562,0.0,,,0,0.8960885405540466,2.9000000000000004,9.600000000000001
15,0,0.0,5.5,0.30000000000000004,1.6657480331376526,5.300000000000001,2.4000000000000004,160.94033813476562,0.891886293888092,4.6316752433776855,0.6000000238418579,1,0.9186879992485046,2.9000000000000004,9.600000000000001
15,0,0.0,5.5,0.30000000000000004,1.6657480331376526,5.300000000000001,2.4000000000000004,161.44033813476562,0.0,,,0,0.9425305724143982,2.9000000000000004,9.600000000000001
15,0,0.0,5.5,0.30000000000000004,1.6657480331376526,5.300000000000001,2.4000000000000004,161.94033813476562,0.9409175515174866,4.5799560546875,0.6000000238418579,1,0.9677192568778992,2.9000000000000004,9.600000000000001
15,0,0.0,5.5,0.30000000000000004,1.6657480331376526,5.300000000000001,2.4000000000000004,162.44033813476562,0.9675673842430115,4.551965236663818,0.6000000238418579,1,0.9943690896034241,2.9000000000000004,9.600000000000001
15,0,0.0,5.5,0.30000000000000004,1.6657480331376526,5.300000000000001,2.4000000000000004,162.94033813476562,0.9958066940307617,4.52238655090332,0.6000000238418579,1,1.0226083993911743,2.9000000000000004,9.600000000000001
15,0,0.0,5.5,0.30000000000000004,1.6657480331376526,5.300000000000001,2.4000000000000004,163.44033813476562,1.0257792472839355,4.491076469421387,0.6000000238418579,1,1.0525809526443481,2.9000000000000004,9.600000000000001
15,0,0.0,5.5,0.30000000000000004,1.6657480331376526,5.300000000000001,2.4000000000000004,163.94033813476562,1.0576469898223877,4.4578728675842285,0.6000000238418579,1,1.0844486951828003,2.9000000000000004,9.600000000000001
15,0,0.0,5.5,0.30000000000000004,1.6657480331376526,5.300000000000001,2.4000000000000004,164.44033813476562,1.0915924310684204,4.422593116760254,0.6000000238418579,1,1.118394136428833,2.9000000000000004,9.600000000000001
15,0,0.0,5.5,0.30000000000000004,1.6657480331376526,5.300000000000001,2.4000000000000004,164.94033813476562,1.1278223991394043,4.385030746459961,0.6000000238418579,1,1.154624104499817,2.9000000000000004,9.600000000000001
15,0,0.0,5.5,0.30000000000000004,1.6657480331376526,5.300000000000001,2.4000000000000004,165.44033813476562,0.0,,,0,1.1933739185333252,2.9000000000000004,9.600000000000001
15,0,0.0,5.5,0.30000000000000004,1.6657480331376526,5.300000000000001,2.4000000000000004,165.94033813476562,1.2081105709075928,4.30208158493042,0.6000000238418579,1,1.2349122762680054,2.9000000000000004,9.600000000000001
15,0,0.0,5.5,0.30000000000000004,1.6657480331376526,5.300000000000001,2.4000000000000004,166.44033813476562,0.0,,,0,1.2795475721359253,2.9000000000000004,9.600000000000001
15,0,0.0,5.5,0.30000000000000004,1.6657480331376526,5.300000000000001,2.4000000000000004,166.94033813476562,1.3008337020874023,4.2067036628723145,0.6000000238418579,1,1.327635407447815,2.9000000000000004,9.600000000000001
15,0,0.0,5.5,0.30000000000000004,1.6657480331376526,5.300000000000001,2.4000000000000004,167.44033813476562,1.3527864217758179,4.153425216674805,0.6000000238418579,1,1.3795881271362305,2.9000000000000004,9.600000000000001
15,0,0.0,5.5,0.30000000000000004,1.6657480331376526,5.300000000000001,2.4000000000000004,167.94033813476562,1.4090843200683594,4.095803260803223,0.6000000238418579,1,1.435886025428772,2.9000000000000004,9.600000000000001
15,0,0.0,5.5,0.30000000000000004,1.6657480331376526,5.300000000000001,2.4000000000000004,168.44033813476562,1.4702914953231812,4.033273220062256,0.6000000238418579,1,1.4970932006835938,2.9000000000000004,9.600000000000001
15,0,0.0,5.5,0.30000000000000004,1.6657480331376526,5.300000000000001,2.4000000000000004,168.94033813476562,1.4892765283584595,4.012078285217285,0.5908310413360596,1,1.516078233718872,2.9000000000000004,9.600000000000001
15,0,0.0,5.5,0.30000000000000004,1.6657480331376526,5.300000000000001,2.4000000000000004,169.44033813476562,0.0,,,0,1.5135542154312134,2.9000000000000004,9.600000000000001
15,0,0.0,5.5,0.30000000000000004,1.6657480331376526,5.300000000000001,2.4000000000000004,169.94033813476562,1.4843517541885376,4.012078285217285,0.5639587044715881,1,1.5111534595489502,2.9000000000000004,9.600000000000001
15,0,0.0,5.5,0.30000000000000004,1.6657480331376526,5.300000000000001,2.4000000000000004,170.44033813476562,1.4820733070373535,4.012078285217285,0.5505858659744263,1,1.5088750123977661,2.9000000000000004,9.600000000000001
15,0,0.0,5.5,0.30000000000000004,1.6657480331376526,5.300000000000001,2.4000000000000004,170.94033813476562,1.4799163341522217,4.012078285217285,0.5372523069381714,1,1.5067180395126343,2.9000000000000004,9.600000000000001
15,0,0.0,5.5,0.30000000000000004,1.6657480331376526,5.300000000000001,2.4000000000000004,171.44033813476562,1.4778798818588257,4.012078285217285,0.523955762386322,1,1.5046815872192383,2.9000000000000004,9.600000000000001
15,0,0.0,5.5,0.30000000000000004,1.6657480331376526,5.300000000000001,2.4000000000000004,171.94033813476562,1.4759632349014282,4.012078285217285,0.5106940865516663,1,1.5027649402618408,2.9000000000000004,9.600000000000001
15,0,0.0,5.5,0.30000000000000004,1.6657480331376526,5.300000000000001,2.4000000000000004,172.44033813476562,1.474165678024292,4.012078285217285,0.49746519327163696,1,1.5009673833847046,2.9000000000000004,9.600000000000001
15,0,0.0,5.5,0.30000000000000004,1.6657480331376526,5.300000000000001,2.4000000000000004,172.94033813476562,0.0,,,0,1.4992880821228027,2.9000000000000004,9.600000000000001
15,0,0.0,5.5,0.30000000000000004,1.6657480331376526,5.300000000000001,2.4000000000000004,173.44033813476562,1.4709248542785645,4.012078285217285,0.47109708189964294,1,1.497726559638977,2.9000000000000004,9.600000000000001
15,0,0.0,5.5,0.30000000000000004,1.6657480331376526,5.300000000000001,2.4000000000000004,173.94033813476562,1.4694803953170776,4.012078285217285,0.45795366168022156,1,1.4962821006774902,2.9000000000000004,9.600000000000001
15,0,0.0,5.5,0.30000000000000004,1.6657480331376526,5.300000000000001,2.4000000000000004,174.44033813476562,1.468152403831482,4.012078285217285,0.4448345899581909,1,1.4949541091918945,2.9000000000000004,9.600000000000001
15,0,0.0,5.5,0.30000000000000004,1.6657480331376526,5.300000000000001,2.4000000000000004,174.94033813476562,1.4669404029846191,4.012078285217285,0.4317378103733063,1,1.4937421083450317,2.9000000000000004,9.600000000000001
15,0,0.0,5.5,0.30000000000000004,1.6657480331376526,5.300000000000001,2.4000000000000004,175.44033813476562,1.465843915939331,4.012078285217285,0.4186612069606781,1,1.4926456212997437,2.9000000000000004,9.600000000000001
15,0,0.0,5.5,0.30000000000000004,1.6657480331376526,5.300000000000001,2.4000000000000004,175.94033813476562,0.0,,,0,1.4916644096374512,2.9000000000000004,9.600000000000001
15,0,0.0,5.5,0.30000000000000004,1.6657480331376526,5.300000000000001,2.4000000000000004,176.44033813476562,1.4639960527420044,4.012078285217285,0.39256060123443604,1,1.490797758102417,2.9000000000000004,9.600000000000001
15,0,0.0,5.5,0.30000000000000004,1.6657480331376526,5.300000000000001,2.4000000000000004,176.94033813476562,1.4632439613342285,4.012078285217285,0.3795325458049774,1,1.4900456666946411,2.9000000000000004,9.600000000000001
15,0,0.0,5.5,0.30000000000000004,1.6657480331376526,5.300000000000001,2.4000000000000004,177.44033813476562,1.4626059532165527,4.012078285217285,0.3665166199207306,1,1.4894076585769653,2.9000000000000004,9.600000000000001
15,0,0.0,5.5,0.30000000000000004,1.6657480331376526,5.300000000000001,2.4000000000000004,177.94033813476562,1.462081789970398,4.012078285217285,0.3535108268260956,1,1.4888834953308105,2.9000000000000004,9.600000000000001
15,0,0.0,5.5,0.30000000000000004,1.6657480331376526,5.300000000000001,2.4000000000000004,178.44033813476562,1.4616713523864746,4.012078285217285,0.3405132293701172,1,1.4884730577468872,2.9000000000000004,9.600000000000001
15,0,0.0,5.5,0.30000000000000004,1.6657480331376526,5.300000000000001,2.4000000000000004,178.94033813476562,1.4613744020462036,4.012078285217285,0.32752180099487305,1,1.4881761074066162,2.9000000000000004,9.600000000000001
15,0,0.0,5.5,0.30000000000000004,1.6657480331376526,5.300000000000001,2.4000000000000004,179.44033813476562,1.4611908197402954,4.012078285217285,0.3145345449447632,1,1.487992525100708,2.9000000000000004,9.600000000000001
15,0,0.0,5.5,0.30000000000000004,1.6657480331376526,5.300000000000001,2.4000000000000004,179.94033813476562,1.4611207246780396,4.012078285217285,0.3015495240688324,1,1.4879224300384521,2.9000000000000004,9.600000000000001
15,0,0.0,5.5,0.30000000000000004,1.6657480331376526,5.300000000000001,2.4000000000000004,180.44033813476562,1.4611637592315674,4.012078285217285,0.2885647416114807,1,1.48796546459198,2.9000000000000004,9.600000000000001
15,0,0.0,5.5,0.30000000000000004,1.6657480331376526,5.300000000000001,2.4000000000000004,180.94033813476562,1.4613202810287476,4.012078285217285,0.27557820081710815,1,1.4881219863891602,2.9000000000000004,9.600000000000001
15,0,0.0,5.5,0.30000000000000004,1.6657480331376526,5.300000000000001,2.4000000000000004,181.44033813476562,1.4615901708602905,4.012078285217285,0.26258793473243713,1,1.4883918762207031,2.9000000000000004,9.600000000000001
15,0,0.0,5.5,0.30000000000000004,1.6657480331376526,5.300000000000001,2.4000000000000004,181.94033813476562,1.4619735479354858,4.012078285217285,0.24959199130535126,1,1.4887752532958984,2.9000000000000004,9.600000000000001
15,0,0.0,5.5,0.30000000000000004,1.6657480331376526,5.300000000000001,2.4000000000000004,182.44033813476562,1.462470531463623,4.012078285217285,0.23658834397792816,1,1.4892722368240356,2.9000000000000004,9.600000000000001
15,0,0.0,5.5,0.30000000000000004,1.6657480331376526,5.300000000000001,2.4000000000000004,182.94033813476562,1.4630813598632812,4.012078285217285,0.22357502579689026,1,1.4898830652236938,2.9000000000000004,9.600000000000001
15,0,0.0,5.5,0.30000000000000004,1.6657480331376526,5.300000000000001,2.4000000000000004,183.44033813476562,1.46380615234375,4.012078285217285,0.21055004000663757,1,1.4906078577041626,2.9000000000000004,9.600000000000001
15,0,0.0,5.5,0.30000000000000004,1.6657480331376526,5.300000000000001,2.4000000000000004,183.94033813476562,1.4646453857421875,4.012078285217285,0.19751137495040894,1,1.4914470911026,2.9000000000000004,9.600000000000001
15,0,0.0,5.5,0.30000000000000004,1.6657480331376526,5.300000000000001,2.4000000000000004,184.44033813476562,1.4655992984771729,4.012078285217285,0.18445703387260437,1,1.4924010038375854,2.9000000000000004,9.600000000000001
15,0,0.0,5.5,0.30000000000000004,1.6657480331376526,5.300000000000001,2.4000000000000004,184.94033813476562,0.0,,,0,1.4934699535369873,2.9000000000000004,9.600000000000001
15,0,0.0,5.5,0.30000000000000004,1.6657480331376526,5.300000000000001,2.4000000000000004,185.44033813476562,1.4678525924682617,4.012078285217285,0.15829318761825562,1,1.4946542978286743,2.9000000000000004,9.600000000000001
15,0,0.0,5.5,0.30000000000000004,1.6657480331376526,5.300000000000001,2.4000000000000004,185.94033813476562,1.469152808189392,4.012078285217285,0.1451796144247055,1,1.4959545135498047,2.9000000000000004,9.600000000000001
15,0,0.0,5.5,0.30000000000000004,1.6657480331376526,5.300000000000001,2.4000000000000004,186.44033813476562,0.0,,,0,1.4973711967468262,2.9000000000000004,9.600000000000001
15,0,0.0,5.5,0.30000000000000004,1.6657480331376526,5.300000000000001,2.4000000000000004,186.94033813476562,1.4721029996871948,4.012078285217285,0.11887888610363007,1,1.4989047050476074,2.9000000000000004,9.600000000000001
15,0,0.0,5.5,0.30000000000000004,1.6657480331376526,5.300000000000001,2.4000000000000004,187.44033813476562,1.4737541675567627,4.012078285217285,0.10568757355213165,1,1.5005558729171753,2.9000000000000004,9.600000000000001
15,0,0.0,5.5,0.30000000000000004,1.6657480331376526,5.300000000000001,2.4000000000000004,187.94033813476562,1.4755234718322754,4.012078285217285,0.09246616065502167,1,1.502325177192688,2.9000000000000004,9.600000000000001
15,0,0.0,5.5,0.30000000000000004,1.6657480331376526,5.300000000000001,2.4000000000000004,188.44033813476562,0.0,,,0,1.5042133331298828,2.9000000000000004,9.600000000000001
15,0,0.0,5.5,0.30000000000000004,1.6657480331376526,5.300000000000001,2.4000000000000004,188.94033813476562,1.4794193506240845,4.012078285217285,0.0659245103597641,1,1.506221055984497,2.9000000000000004,9.600000000000001
15,0,0.0,5.5,0.30000000000000004,1.6657480331376526,5.300000000000001,2.4000000000000004,189.44033813476562,0.0,,,0,1.5083491802215576,2.9000000000000004,9.600000000000001
15,0,0.0,5.5,0.30000000000000004,1.6657480331376526,5.300000000000001,2.4000000000000004,189.94033813476562,1.4837969541549683,4.012078285217285,0.03923669084906578,1,1.5105986595153809,2.9000000000000004,9.600000000000001
15,0,0.0,5.5,0.30000000000000004,1.6657480331376526,5.300000000000001,2.4000000000000004,190.44033813476562,1.486168384552002,4.012078285217285,0.02583247795701027,1,1.5129700899124146,2.9000000000000004,9.600000000000001
15,0,0.0,5.5,0.30000000000000004,1.6657480331376526,5.300000000000001,2.4000000000000004,190.94033813476562,1.4886629581451416,4.012078285217285,0.012385089881718159,1,1.5154646635055542,2.9000000000000004,9.600000000000001
15,0,0.0,5.5,0.30000000000000004,1.6657480331376526,5.300000000000001,2.4000000000000004,191.44033813476562,0.0,,,0,1.5180832147598267,2.9000000000000004,9.600000000000001
15,0,0.0,5.5,0.30000000000000004,1.6657480331376526,5.300000000000001,2.4000000000000004,191.94033813476562,0.0,,,0,1.520826816558838,2.9000000000000004,9.600000000000001
15,0,0.0,5.5,0.30000000000000004,1.6657480331376526,5.300000000000001,2.4000000000000004,192.44033813476562,0.0,,,0,1.5236966609954834,2.9000000000000004,9.600000000000001
15,0,0.0,5.5,0.30000000000000004,1.6657480331376526,5.300000000000001,2.4000000000000004,192.94033813476562,1.4998921155929565,4.012078285217285,-0.04188204184174538,1,1.5266938209533691,2.9000000000000004,9.600000000000001
15,0,0.0,5.5,0.30000000000000004,1.6657480331376526,5.300000000000001,2.4000000000000004,193.44033813476562,1.503017783164978,4.012078285217285,-0.05557993799448013,1,1.5298194885253906,2.9000000000000004,9.600000000000001
15,0,0.0,5.5,0.30000000000000004,1.6657480331376526,5.300000000000001,2.4000000000000004,193.94033813476562,1.5062732696533203,4.012078285217285,-0.06933509558439255,1,1.533074975013733,2.9000000000000004,9.600000000000001
15,0,0.0,5.5,0.30000000000000004,1.6657480331376526,5.300000000000001,2.4000000000000004,194.44033813476562,1.509660005569458,4.012078285217285,-0.0831499695777893,1,1.5364617109298706,2.9000000000000004,9.600000000000001
15,0,0.0,5.5,0.30000000000000004,1.6657480331376526,5.300000000000001,2.4000000000000004,194.94033813476562,0.0,,,0,1.5399808883666992,2.9000000000000004,9.600000000000001
15,0,0.0,5.5,0.30000000000000004,1.6657480331376526,5.300000000000001,2.4000000000000004,195.44033813476562,1.5168323516845703,4.012078285217285,-0.11096895486116409,1,1.543634057044983,2.9000000000000004,9.600000000000001
15,0,0.0,5.5,0.30000000000000004,1.6657480331376526,5.300000000000001,2.4000000000000004,195.94033813476562,1.5206210613250732,4.012078285217285,-0.1249782145023346,1,1.5474227666854858,2.9000000000000004,9.600000000000001
15,0,0.0,5.5,0.30000000000000004,1.6657480331376526,5.300000000000001,2.4000000000000004,196.44033813476562,1.52454674243927,4.012078285217285,-0.1390574872493744,1,1.5513484477996826,2.9000000000000004,9.600000000000001
15,0,0.0,5.5,0.30000000000000004,1.6657480331376526,5.300000000000001,2.4000000000000004,196.94033813476562,0.0,,,0,1.555413007736206,2.9000000000000004,9.600000000000001
15,0,0.0,5.5,0.30000000000000004,1.6657480331376526,5.300000000000001,2.4000000000000004,197.44033813476562,1.5328161716461182,4.012078285217285,-0.1674368679523468,1,1.5596178770065308,2.9000000000000004,9.600000000000001
15,0,0.0,5.5,0.30000000000000004,1.6657480331376526,5.300000000000001,2.4000000000000004,197.94033813476562,1.537163257598877,4.012078285217285,-0.18174248933792114,1,1.5639649629592896,2.9000000000000004,9.600000000000001
15,0,0.0,5.5,0.30000000000000004,1.6657480331376526,5.300000000000001,2.4000000000000004,198.44033813476562,0.0,,,0,1.5684561729431152,2.9000000000000004,9.600000000000001
15,0,0.0,5.5,0.30000000000000004,1.6657480331376526,5.300000000000001,2.4000000000000004,198.94033813476562,0.0,,,0,1.5730934143066406,2.9000000000000004,9.600000000000001
15,0,0.0,5.5,0.30000000000000004,1.6657480331376526,5.300000000000001,2.4000000000000004,199.44033813476562,1.551076889038086,4.012078285217285,-0.2251574695110321,1,1.5778785943984985,2.9000000000000004,9.600000000000001
15,0,0.0,5.5,0.30000000000000004,1.6657480331376526,5.300000000000001,2.4000000000000004,199.94033813476562,1.5560122728347778,4.012078285217285,-0.23980502784252167,1,1.5828139781951904,2.9000000000000004,9.600000000000001
15,0,0.0,5.5,0.30000000000000004,1.6657480331376526,5.300000000000001,2.4000000000000004,200.44033813476562,1.561099886894226,4.012078285217285,-0.2545456290245056,1,1.5879015922546387,2.9000000000000004,9.600000000000001
15,0,0.0,5.5,0.30000000000000004,1.6657480331376526,5.300000000000001,2.4000000000000004,200.94033813476562,1.5663419961929321,4.012078285217285,-0.26938244700431824,1,1.5931437015533447,2.9000000000000004,9.600000000000001
15,0,0.0,5.5,0.30000000000000004,1.6657480331376526,5.300000000000001,2.4000000000000004,201.44033813476562,1.5717411041259766,4.012078285217285,-0.2843186855316162,1,1.5985428094863892,2.9000000000000004,9.600000000000001
15,0,0.0,5.5,0.30000000000000004,1.6657480331376526,5.300000000000001,2.4000000000000004,201.94033813476562,1.5772993564605713,4.012078285217285,-0.2993576228618622,1,1.6041010618209839,2.9000000000000004,9.600000000000001
15,0,0.0,5.5,0.30000000000000004,1.6657480331376526,5.300000000000001,2.4000000000000004,202.44033813476562,1.583019495010376,4.012078285217285,-0.31450268626213074,1,1.6098212003707886,2.9000000000000004,9.600000000000001
15,0,0.0,5.5,0.30000000000000004,1.6657480331376526,5.300000000000001,2.4000000000000004,202.94033813476562,0.0,,,0,1.6157057285308838,2.9000000000000004,9.600000000000001
15,0,0.0,5.5,0.30000000000000004,1.6657480331376526,5.300000000000001,2.4000000000000004,203.44033813476562,1.5949556827545166,4.012078285217285,-0.34512507915496826,1,1.6217573881149292,2.9000000000000004,9.600000000000001
15,0,0.0,5.5,0.30000000000000004,1.6657480331376526,5.300000000000001,2.4000000000000004,203.94033813476562,0.0,,,0,1.627979040145874,2.9000000000000004,9.600000000000001
15,0,0.0,5.5,0.30000000000000004,1.6657480331376526,5.300000000000001,2.4000000000000004,204.44033813476562,1.6075717210769653,4.012078285217285,-0.37621447443962097,1,1.634373426437378,2.9000000000000004,9.600000000000001
15,0,0.0,5.5,0.30000000000000004,1.6657480331376526,5.300000000000001,2.4000000000000004,204.94033813476562,1.6141421794891357,4.012078285217285,-0.39194369316101074,1,1.6409438848495483,2.9000000000000004,9.600000000000001
15,0,0.0,5.5,0.30000000000000004,1.6657480331376526,5.300000000000001,2.4000000000000004,205.44033813476562,1.6208915710449219,4.012078285217285,-0.40780109167099,1,1.6476932764053345,2.9000000000000004,9.600000000000001
15,0,0.0,5.5,0.30000000000000004,1.6657480331376526,5.300000000000001,2.4000000000000004,205.94033813476562,1.6278232336044312,4.012078285217285,-0.42379069328308105,1,1.6546249389648438,2.9000000000000004,9.600000000000001
15,0,0.0,5.5,0.30000000000000004,1.6657480331376526,5.300000000000001,2.4000000000000004,206.44033813476562,1.634940505027771,4.012078285217285,-0.4399166405200958,1,1.6617422103881836,2.9000000000000004,9.600000000000001
15,0,0.0,5.5,0.30000000000000004,1.6657480331376526,5.300000000000001,2.4000000000000004,206.94033813476562,1.642246961593628,4.012078285217285,-0.45618313550949097,1,1.6690486669540405,2.9000000000000004,9.600000000000001
15,0,0.0,5.5,0.30000000000000004,1.6657480331376526,5.300000000000001,2.4000000000000004,207.44033813476562,1.649746298789978,4.012078285217285,-0.47259458899497986,1,1.6765480041503906,2.9000000000000004,9.600000000000001
15,0,0.0,5.5,0.30000000000000004,1.6657480331376526,5.300000000000001,2.4000000000000004,207.94033813476562,1.6574419736862183,4.012078285217285,-0.48915544152259827,1,1.6842436790466309,2.9000000000000004,9.600000000000001
15,0,0.0,5.5,0.30000000000000004,1.6657480331376526,5.300000000000001,2.4000000000000004,208.44033813476562,1.6653382778167725,4.012078285217285,-0.5058702826499939,1,1.692139983177185,2.9000000000000004,9.600000000000001
15,0,0.0,5.5,0.30000000000000004,1.6657480331376526,5.300000000000001,2.4000000000000004,208.94033813476562,1.6734389066696167,4.012078285217285,-0.5227439403533936,1,1.7002406120300293,2.9000000000000004,9.600000000000001
15,0,0.0,5.5,0.30000000000000004,1.6657480331376526,5.300000000000001,2.4000000000000004,209.44033813476562,1.6817482709884644,4.012078285217285,-0.5397812128067017,1,1.708549976348877,2.9000000000000004,9.600000000000001
15,0,0.0,5.5,0.30000000000000004,1.6657480331376526,5.300000000000001,2.4000000000000004,209.94033813476562,1.6902706623077393,4.012078285217285,-0.5569871068000793,1,1.7170723676681519,2.9000000000000004,9.600000000000001
15,0,0.0,5.5,0.30000000000000004,1.6657480331376526,5.300000000000001,2.4000000000000004,210.44033813476562,1.6990106105804443,4.012078285217285,-0.5743669271469116,1,1.725812315940857,2.9000000000000004,9.600000000000001
15,0,0.0,5.5,0.30000000000000004,1.6657480331376526,5.300000000000001,2.4000000000000004,210.94033813476562,1.707972764968872,4.012078285217285,-0.591925859451294,1,1.7347744703292847,2.9000000000000004,9.600000000000001
15,0,0.0,5.5,0.30000000000000004,1.6657480331376526,5.300000000000001,2.4000000000000004,211.44033813476562,1.7171618938446045,4.012078285217285,-0.6096694469451904,1,1.743963599205017,2.9000000000000004,9.600000000000001
15,0,0.0,5.5,0.30000000000000004,1.6657480331376526,5.300000000000001,2.4000000000000004,211.94033813476562,1.7265832424163818,4.012078285217285,-0.6276034116744995,1,1.7533849477767944,2.9000000000000004,9.600000000000001
15,0,0.0,5.5,0.30000000000000004,1.6657480331376526,5.300000000000001,2.4000000000000004,212.44033813476562,1.7362419366836548,4.012078285217285,-0.6457335948944092,1,1.7630436420440674,2.9000000000000004,9.600000000000001
15,0,0.0,5.5,0.30000000000000004,1.6657480331376526,5.300000000000001,2.4000000000000004,212.94033813476562,1.7461433410644531,4.012078285217285,-0.6640660762786865,1,1.7729450464248657,2.9000000000000004,9.600000000000001
15,0,0.0,5.5,0.30000000000000004,1.6657480331376526,5.300000000000001,2.4000000000000004,213.44033813476562,0.0,,,0,1.7830947637557983,2.9000000000000004,9.600000000000001
15,0,0.0,5.5,0.30000000000000004,1.6657480331376526,5.300000000000001,2.4000000000000004,213.94033813476562,1.7666971683502197,4.012078285217285,-0.7013628482818604,1,1.7934988737106323,2.9000000000000004,9.600000000000001
15,0,0.0,5.5,0.30000000000000004,1.6657480331376526,5.300000000000001,2.4000000000000004,214.44033813476562,1.777361512184143,4.012078285217285,-0.720340371131897,1,1.8041632175445557,2.9000000000000004,9.600000000000001
15,0,0.0,5.5,0.30000000000000004,1.6657480331376526,5.300000000000001,2.4000000000000004,214.94033813476562,1.7882925271987915,4.012078285217285,-0.7395463585853577,1,1.815094232559204,2.9000000000000004,9.600000000000001
15,0,0.0,5.5,0.30000000000000004,1.6657480331376526,5.300000000000001,2.4000000000000004,215.44033813476562,1.7994967699050903,4.012078285217285,-0.7589879631996155,1,1.826298475265503,2.9000000000000004,9.600000000000001
15,0,0.0,5.5,0.30000000000000004,1.6657480331376526,5.300000000000001,2.4000000000000004,215.94033813476562,0.0,,,0,1.8377827405929565,2.9000000000000004,9.600000000000001
15,0,0.0,5.5,0.30000000000000004,1.6657480331376526,5.300000000000001,2.4000000000000004,216.44033813476562,1.8227523565292358,4.012078285217285,-0.7986079454421997,1,1.8495540618896484,2.9000000000000004,9.600000000000001
15,0,0.0,5.5,0.30000000000000004,1.6657480331376526,5.300000000000001,2.4000000000000004,216.94033813476562,1.8348180055618286,4.012078285217285,-0.8188018202781677,1,1.8616197109222412,2.9000000000000004,9.600000000000001
15,0,0.0,5.5,0.30000000000000004,1.6657480331376526,5.300000000000001,2.4000000000000004,217.44033813476562,1.8471859693527222,4.012078285217285,-0.8392624855041504,1,1.8739876747131348,2.9000000000000004,9.600000000000001
15,0,0.0,5.5,0.30000000000000004,1.6657480331376526,5.300000000000001,2.4000000000000004,217.94033813476562,1.8598638772964478,4.012078285217285,-0.8599984049797058,1,1.8866655826568604,2.9000000000000004,9.600000000000001
15,0,0.0,5.5,0.30000000000000004,1.6657480331376526,5.300000000000001,2.4000000000000004,218.44033813476562,1.8728601932525635,4.012078285217285,-0.8810184001922607,1,1.899661898612976,2.9000000000000004,9.600000000000001
15,0,0.0,5.5,0.30000000000000004,1.6657480331376526,5.300000000000001,2.4000000000000004,218.94033813476562,1.8861833810806274,4.012078285217285,-0.9023316502571106,1,1.91298508644104,2.9000000000000004,9.600000000000001
15,0,0.0,5.5,0.30000000000000004,1.6657480331376526,5.300000000000001,2.4000000000000004,219.44033813476562,1.899842619895935,4.012078285217285,-0.9239476323127747,1,1.9266443252563477,2.9000000000000004,9.600000000000001
15,0,0.0,5.5,0.30000000000000004,1.6657480331376526,5.300000000000001,2.4000000000000004,219.94033813476562,1.9138472080230713,4.012078285217285,-0.9458762407302856,1,1.9406489133834839,2.9000000000000004,9.600000000000001
15,0,0.0,5.5,0.30000000000000004,1.6657480331376526,5.300000000000001,2.4000000000000004,220.44033813476562,1.9282068014144897,4.012078285217285,-0.9681276082992554,1,1.9550085067749023,2.9000000000000004,9.600000000000001
15,0,0.0,5.5,0.30000000000000004,1.6657480331376526,5.300000000000001,2.4000000000000004,220.94033813476562,1.9429316520690918,4.012078285217285,-0.9907125234603882,1,1.9697333574295044,2.9000000000000004,9.600000000000001
15,0,0.0,5.5,0.30000000000000004,1.6657480331376526,5.300000000000001,2.4000000000000004,221.44033813476562,1.958032250404358,4.012078285217285,-1.0136419534683228,1,1.9848339557647705,2.9000000000000004,9.600000000000001
15,0,0.0,5.5,0.30000000000000004,1.6657480331376526,5.300000000000001,2.4000000000000004,221.94033813476562,1.9735196828842163,4.012078285217285,-1.0369274616241455,1,2.000321388244629,2.9000000000000004,9.600000000000001
15,0,0.0,5.5,0.30000000000000004,1.6657480331376526,5.300000000000001,2.4000000000000004,222.44033813476562,1.9894055128097534,4.012078285217285,-1.060581088066101,1,2.016207218170166,2.9000000000000004,9.600000000000001
15,0,0.0,5.5,0.30000000000000004,1.6657480331376526,5.300000000000001,2.4000000000000004,222.94033813476562,2.005701780319214,4.012078285217285,-1.0846151113510132,1,2.032503366470337,2.9000000000000004,9.600000000000001
15,0,0.0,5.5,0.30000000000000004,1.6657480331376526,5.300000000000001,2.4000000000000004,223.44033813476562,2.022420883178711,4.012078285217285,-1.1090428829193115,1,2.049222469329834,2.9000000000000004,9.600000000000001
15,0,0.0,5.5,0.30000000000000004,1.6657480331376526,5.300000000000001,2.4000000000000004,223.94033813476562,5.351668834686279,1.6271634101867676,-3.4321682453155518,1,5.378470420837402,2.9000000000000004,9.600000000000001
15,0,0.0,5.5,0.30000000000000004,1.6657480331376526,5.300000000000001,2.4000000000000004,224.44033813476562,5.303602695465088,1.6941980123519897,-3.4321682453155518,1,5.330404281616211,2.9000000000000004,9.600000000000001
15,0,0.0,5.5,0.30000000000000004,1.6657480331376526,5.300000000000001,2.4000000000000004,224.94033813476562,5.256786823272705,1.7600501775741577,-3.4321682453155518,1,5.283588409423828,2.9000000000000004,9.600000000000001
15,0,0.0,5.5,0.30000000000000004,1.6657480331376526,5.300000000000001,2.4000000000000004,225.44033813476562,0.0,,,0,5.237983226776123,2.9000000000000004,9.600000000000001
15,0,0.0,5.5,0.30000000000000004,1.6657480331376526,5.300000000000001,2.4000000000000004,225.94033813476562,0.0,,,0,5.1935505867004395,2.9000000000000004,9.600000000000001
15,0,0.0,5.5,0.30000000000000004,1.6657480331376526,5.300000000000001,2.4000000000000004,226.44033813476562,0.0,,,0,5.150254249572754,2.9000000000000004,9.600000000000001
15,0,0.0,5.5,0.30000000000000004,1.6657480331376526,5.300000000000001,2.4000000000000004,226.94033813476562,5.0812578201293945,2.012423038482666,-3.4321682453155518,1,5.108059406280518,2.9000000000000004,9.600000000000001
15,0,0.0,5.5,0.30000000000000004,1.6657480331376526,5.300000000000001,2.4000000000000004,227.44033813476562,0.0,,,0,6.653284549713135,2.9000000000000004,9.600000000000001
15,0,0.0,5.5,0.30000000000000004,1.6657480331376526,5.300000000000001,2.4000000000000004,227.94033813476562,6.690577030181885,1.0,-4.6873016357421875,1,6.717378616333008,2.9000000000000004,9.600000000000001
15,0,0.0,5.5,0.30000000000000004,1.6657480331376526,5.300000000000001,2.4000000000000004,228.44033813476562,6.756439685821533,1.0,-4.77566385269165,1,6.783241271972656,2.9000000000000004,9.600000000000001
15,0,0.0,5.5,0.30000000000000004,1.6657480331376526,5.300000000000001,2.4000000000000004,228.94033813476562,6.824133396148682,1.0,-4.865782737731934,1,6.850934982299805,2.9000000000000004,9.600000000000001
15,0,0.0,5.5,0.30000000000000004,1.6657480331376526,5.300000000000001,2.4000000000000004,229.44033813476562,0.0,,,0,6.920526027679443,2.9000000000000004,9.600000000000001
15,0,0.0,5.5,0.30000000000000004,1.6657480331376526,5.300000000000001,2.4000000000000004,229.94033813476562,6.9652814865112305,1.0,-5.051563262939453,1,6.9920830726623535,2.9000000000000004,9.600000000000001
15,0,0.0,5.5,0.30000000000000004,1.6657480331376526,5.300000000000001,2.4000000000000004,230.44033813476562,7.038877487182617,1.0,-5.147368431091309,1,7.06567907333374,2.9000000000000004,9.600000000000001
15,0,0.0,5.5,0.30000000000000004,1.6657480331376526,5.300000000000001,2.4000000000000004,230.94033813476562,7.114589214324951,1.0,-5.245219707489014,1,7.141390800476074,2.9000000000000004,9.600000000000001
15,0,0.0,5.5,0.30000000000000004,1.6657480331376526,5.300000000000001,2.4000000000000004,231.44033813476562,7.192496299743652,1.0,-5.345198154449463,1,7.219297885894775,2.9000000000000004,9.600000000000001
15,0,0.0,5.5,0.30000000000000004,1.6657480331376526,5.300000000000001,2.4000000000000004,231.94033813476562,7.272684097290039,1.0,-5.447390079498291,1,7.299485683441162,2.9000000000000004,9.600000000000001
15,0,0.0,5.5,0.30000000000000004,1.6657480331376526,5.300000000000001,2.4000000000000004,232.44033813476562,0.0,,,0,7.382043361663818,2.9000000000000004,9.600000000000001
15,0,0.0,5.5,0.30000000000000004,1.6657480331376526,5.300000000000001,2.4000000000000004,232.94033813476562,4.650052070617676,2.6815109252929688,-3.4321682453155518,1,4.676853656768799,2.9000000000000004,9.600000000000001
15,0,0.0,5.5,0.30000000000000004,1.6657480331376526,5.300000000000001,2.4000000000000004,233.44033813476562,4.619608402252197,2.732321262359619,-3.4321682453155518,1,4.64640998840332,2.9000000000000004,9.600000000000001
15,0,0.0,5.5,0.30000000000000004,1.6657480331376526,5.300000000000001,2.4000000000000004,233.94033813476562,2.5009799003601074,4.012078285217285,-1.7434698343276978,1,2.5277814865112305,2.9000000000000004,9.600000000000001
15,0,0.0,5.5,0.30000000000000004,1.6657480331376526,5.300000000000001,2.4000000000000004,234.44033813476562,2.53174090385437,4.012078285217285,-1.7814007997512817,1,2.558542490005493,2.9000000000000004,9.600000000000001
15,0,0.0,5.5,0.30000000000000004,1.6657480331376526,5.300000000000001,2.4000000000000004,234.94033813476562,2.5634593963623047,4.012078285217285,-1.820269227027893,1,2.5902609825134277,2.9000000000000004,9.600000000000001
15,0,0.0,5.5,0.30000000000000004,1.6657480331376526,5.300000000000001,2.4000000000000004,235.44033813476562,0.0,,,0,2.6229782104492188,2.9000000000000004,9.600000000000001
15,0,0.0,5.5,0.30000000000000004,1.6657480331376526,5.300000000000001,2.4000000000000004,235.94033813476562,2.6299357414245605,4.012078285217285,-1.9009867906570435,1,2.6567373275756836,2.9000000000000004,9.600000000000001
15,0,0.0,5.5,0.30000000000000004,1.6657480331376526,5.300000000000001,2.4000000000000004,236.44033813476562,2.664782762527466,4.012078285217285,-1.9429258108139038,1,2.691584348678589,2.9000000000000004,9.600000000000001
15,0,0.0,5.5,0.30000000000000004,1.6657480331376526,5.300000000000001,2.4000000000000004,236.94033813476562,2.7007665634155273,4.012078285217285,-1.985982894897461,1,2.7275681495666504,2.9000000000000004,9.600000000000001
15,0,0.0,5.5,0.30000000000000004,1.6657480331376526,5.300000000000001,2.4000000000000004,237.44033813476562,2.7379391193389893,4.012078285217285,-2.030210494995117,1,2.7647407054901123,2.9000000000000004,9.600000000000001
15,0,0.0,5.5,0.30000000000000004,1.6657480331376526,5.300000000000001,2.4000000000000004,237.94033813476562,2.776355028152466,4.012078285217285,-2.0756635665893555,1,2.803156614303589,2.9000000000000004,9.600000000000001
15,0,0.0,5.5,0.30000000000000004,1.6657480331376526,5.300000000000001,2.4000000000000004,238.44033813476562,0.0,,,0,2.8428750038146973,2.9000000000000004,9.600000000000001
15,0,0.0,5.5,0.30000000000000004,1.6657480331376526,5.300000000000001,2.4000000000000004,238.94033813476562,2.8571560382843018,4.012078285217285,-2.1704859733581543,1,2.883957624435425,2.9000000000000004,9.600000000000001
15,0,0.0,5.5,0.30000000000000004,1.6657480331376526,5.300000000000001,2.4000000000000004,239.44033813476562,2.899669647216797,4.012078285217285,-2.219984769821167,1,2.92647123336792,2.9000000000000004,9.600000000000001
15,0,0.0,5.5,0.30000000000000004,1.6657480331376526,5.300000000000001,2.4000000000000004,239.94033813476562,2.9436850547790527,4.012078285217285,-2.2709689140319824,1,2.970486640930176,2.9000000000000004,9.600000000000001
15,0,0.0,5.5,0.30000000000000004,1.6657480331376526,5.300000000000001,2.4000000000000004,240.44033813476562,2.9892780780792236,4.012078285217285,-2.323513984680176,1,3.0160796642303467,2.9000000000000004,9.600000000000001
15,0,0.0,5.5,0.30000000000000004,1.6657480331376526,5.300000000000001,2.4000000000000004,240.94033813476562,3.036529064178467,4.012078285217285,-2.3777012825012207,1,3.06333065032959,2.9000000000000004,9.600000000000001
15,0,0.0,5.5,0.30000000000000004,1.6657480331376526,5.300000000000001,2.4000000000000004,241.44033813476562,3.0855252742767334,4.012078285217285,-2.4336180686950684,1,3.1123268604278564,2.9000000000000004,9.600000000000001
15,0,0.0,5.5,0.30000000000000004,1.6657480331376526,5.300000000000001,2.4000000000000004,241.94033813476562,3.1363587379455566,4.012078285217285,-2.49135684967041,1,3.1631603240966797,2.9000000000000004,9.600000000000001
15,0,0.0,5.5,0.30000000000000004,1.6657480331376526,5.300000000000001,2.4000000000000004,242.44033813476562,3.189129590988159,4.012078285217285,-2.5510177612304688,1,3.2159311771392822,2.9000000000000004,9.600000000000001
15,0,0.0,5.5,0.30000000000000004,1.6657480331376526,5.300000000000001,2.4000000000000004,242.94033813476562,3.2439441680908203,4.012078285217285,-2.6127078533172607,1,3.2707457542419434,2.9000000000000004,9.600000000000001
15,0,0.0,5.5,0.30000000000000004,1.6657480331376526,5.300000000000001,2.4000000000000004,243.44033813476562,3.300917625427246,4.012078285217285,-2.676542282104492,1,3.327719211578369,2.9000000000000004,9.600000000000001
15,0,0.0,5.5,0.30000000000000004,1.6657480331376526,5.300000000000001,2.4000000000000004,243.94033813476562,3.360173463821411,4.012078285217285,-2.742645263671875,1,3.386975049972534,2.9000000000000004,9.600000000000001
15,0,0.0,5.5,0.30000000000000004,1.6657480331376526,5.300000000000001,2.4000000000000004,244.44033813476562,3.4218454360961914,4.012078285217285,-2.811150312423706,1,3.4486470222473145,2.9000000000000004,9.600000000000001
15,0,0.0,5.5,0.30000000000000004,1.6657480331376526,5.300000000000001,2.4000000000000004,244.94033813476562,3.486077308654785,4.012078285217285,-2.882201910018921,1,3.512878894805908,2.9000000000000004,9.600000000000001
15,0,0.0,5.5,0.30000000000000004,1.6657480331376526,5.300000000000001,2.4000000000000004,245.44033813476562,3.553025245666504,4.012078285217285,-2.955955982208252,1,3.579826831817627,2.9000000000000004,9.600000000000001
15,0,0.0,5.5,0.30000000000000004,1.6657480331376526,5.300000000000001,2.4000000000000004,245.94033813476562,3.6228578090667725,4.012078285217285,-3.0325820446014404,1,3.6496593952178955,2.9000000000000004,9.600000000000001
15,0,0.0,5.5,0.30000000000000004,1.6657480331376526,5.300000000000001,2.4000000000000004,246.44033813476562,0.0,,,0,3.722559690475464,2.9000000000000004,9.600000000000001
15,0,0.0,5.5,0.30000000000000004,1.6657480331376526,5.300000000000001,2.4000000000000004,246.94033813476562,3.771925449371338,4.012078285217285,-3.1951990127563477,1,3.798727035522461,2.9000000000000004,9.600000000000001
15,0,0.0,5.5,0.30000000000000004,1.6657480331376526,5.300000000000001,2.4000000000000004,247.44033813476562,3.851576089859009,4.012078285217285,-3.2816061973571777,1,3.878377676010132,2.9000000000000004,9.600000000000001
15,0,0.0,5.5,0.30000000000000004,1.6657480331376526,5.300000000000001,2.4000000000000004,247.94033813476562,3.9349467754364014,4.012078285217285,-3.3717215061187744,1,3.9617483615875244,2.9000000000000004,9.600000000000001
15,0,0.0,5.5,0.30000000000000004,1.6657480331376526,5.300000000000001,2.4000000000000004,248.44033813476562,4.9226202964782715,3.6812360286712646,-4.30313777923584,1,4.9494218826293945,2.9000000000000004,9.600000000000001
15,0,0.0,5.5,0.30000000000000004,1.6657480331376526,5.300000000000001,2.4000000000000004,248.94033813476562,0.0,,,0,5.0614013671875,2.9000000000000004,9.600000000000001
15,0,0.0,5.5,0.30000000000000004,1.6657480331376526,5.300000000000001,2.4000000000000004,249.44033813476562,5.152167320251465,3.6812360286712646,-4.549104690551758,1,5.178968906402588,2.9000000000000004,9.600000000000001
15,0,0.0,5.5,0.30000000000000004,1.6657480331376526,5.300000000000001,2.4000000000000004,249.94033813476562,5.275739669799805,3.6812360286712646,-4.6808671951293945,1,5.302541255950928,2.9000000000000004,9.600000000000001
15,0,0.0,5.5,0.30000000000000004,1.6657480331376526,5.300000000000001,2.4000000000000004,250.44033813476562,3.933927059173584,4.173994064331055,-3.4321682453155518,1,3.960728645324707,2.9000000000000004,9.600000000000001
15,0,0.0,5.5,0.30000000000000004,1.6657480331376526,5.300000000000001,2.4000000000000004,250.94033813476562,3.921834945678711,4.210562229156494,-3.4321682453155518,1,3.948636531829834,2.9000000000000004,9.600000000000001
15,0,0.0,5.5,0.30000000000000004,1.6657480331376526,5.300000000000001,2.4000000000000004,251.44033813476562,0.0,,,0,3.9369168281555176,2.9000000000000004,9.600000000000001
15,0,0.0,5.5,0.30000000000000004,1.6657480331376526,5.300000000000001,2.4000000000000004,251.94033813476562,3.8987629413604736,4.283046722412109,-3.4321682453155518,1,3.9255645275115967,2.9000000000000004,9.600000000000001
15,0,0.0,5.5,0.30000000000000004,1.6657480331376526,5.300000000000001,2.4000000000000004,252.44033813476562,3.887773036956787,4.318977355957031,-3.4321682453155518,1,3.91457462310791,2.9000000000000004,9.600000000000001
15,0,0.0,5.5,0.30000000000000004,1.6657480331376526,5.300000000000001,2.4000000000000004,252.94033813476562,3.877141237258911,4.354710102081299,-3.4321682453155518,1,3.903942823410034,2.9000000000000004,9.600000000000001
15,0,0.0,5.5,0.30000000000000004,1.6657480331376526,5.300000000000001,2.4000000000000004,253.44033813476562,0.0,,,0,3.8936641216278076,2.9000000000000004,9.600000000000001
15,0,0.0,5.5,0.30000000000000004,1.6657480331376526,5.300000000000001,2.4000000000000004,253.94033813476562,3.8569328784942627,4.425610542297363,-3.4321682453155518,1,3.8837344646453857,2.9000000000000004,9.600000000000001
15,0,0.0,5.5,0.30000000000000004,1.6657480331376526,5.300000000000001,2.4000000000000004,254.44033813476562,0.0,,,0,3.8741495609283447,2.9000000000000004,9.600000000000001
15,0,0.0,5.5,0.30000000000000004,1.6657480331376526,5.300000000000001,2.4000000000000004,254.94033813476562,3.838104009628296,4.4958014488220215,-3.4321682453155518,1,3.864905595779419,2.9000000000000004,9.600000000000001
15,0,0.0,5.5,0.30000000000000004,1.6657480331376526,5.300000000000001,2.4000000000000004,255.44033813476562,3.8291969299316406,4.5306477546691895,-3.4321682453155518,1,3.8559985160827637,2.9000000000000004,9.600000000000001
15,0,0.0,5.5,0.30000000000000004,1.6657480331376526,5.300000000000001,2.4000000000000004,255.94033813476562,3.8206231594085693,4.56533670425415,-3.4321682453155518,1,3.8474247455596924,2.9000000000000004,9.600000000000001
15,0,0.0,5.5,0.30000000000000004,1.6657480331376526,5.300000000000001,2.4000000000000004,256.4403381347656,3.8123788833618164,4.599874019622803,-3.4321682453155518,1,3.8391804695129395,2.9000000000000004,9.600000000000001
15,0,0.0,5.5,0.30000000000000004,1.6657480331376526,5.300000000000001,2.4000000000000004,256.9403381347656,3.8044612407684326,4.634266376495361,-3.4321682453155518,1,3.8312628269195557,2.9000000000000004,9.600000000000001
15,0,0.0,5.5,0.30000000000000004,1.6657480331376526,5.300000000000001,2.4000000000000004,257.4403381347656,3.7968668937683105,4.668519496917725,-3.4321682453155518,1,3.8236684799194336,2.9000000000000004,9.600000000000001
15,0,0.0,5.5,0.30000000000000004,1.6657480331376526,5.300000000000001,2.4000000000000004,257.9403381347656,0.0,,,0,3.816394090652466,2.9000000000000004,9.600000000000001
15,0,0.0,5.5,0.30000000000000004,1.6657480331376526,5.300000000000001,2.4000000000000004,258.4403381347656,3.78263521194458,4.73663330078125,-3.4321682453155518,1,3.809436798095703,2.9000000000000004,9.600000000000001
15,0,0.0,5.5,0.30000000000000004,1.6657480331376526,5.300000000000001,2.4000000000000004,258.9403381347656,3.7759923934936523,4.770505428314209,-3.4321682453155518,1,3.8027939796447754,2.9000000000000004,9.600000000000001
15,0,0.0,5.5,0.30000000000000004,1.6657480331376526,5.300000000000001,2.4000000000000004,259.4403381347656,0.0,,,0,3.7964630126953125,2.9000000000000004,9.600000000000001
15,0,0.0,5.5,0.30000000000000004,1.6657480331376526,5.300000000000001,2.4000000000000004,259.9403381347656,3.763639450073242,4.837909698486328,-3.4321682453155518,1,3.7904410362243652,2.9000000000000004,9.600000000000001
15,0,0.0,5.5,0.30000000000000004,1.6657480331376526,5.300000000000001,2.4000000000000004,260.4403381347656,3.7579245567321777,4.871452808380127,-3.4321682453155518,1,3.784726142883301,2.9000000000000004,9.600000000000001
15,0,0.0,5.5,0.30000000000000004,1.6657480331376526,5.300000000000001,2.4000000000000004,260.9403381347656,0.0,,,0,3.779315710067749,2.9000000000000004,9.600000000000001
15,0,0.0,5.5,0.30000000000000004,1.6657480331376526,5.300000000000001,2.4000000000000004,261.4403381347656,3.747406244277954,4.938249588012695,-3.4321682453155518,1,3.774207830429077,2.9000000000000004,9.600000000000001
15,0,0.0,5.5,0.30000000000000004,1.6657480331376526,5.300000000000001,2.4000000000000004,261.9403381347656,0.0,,,0,3.769400119781494,2.9000000000000004,9.600000000000001
15,0,0.0,5.5,0.30000000000000004,1.6657480331376526,5.300000000000001,2.4000000000000004,262.4403381347656,3.7380897998809814,5.004695892333984,-3.4321682453155518,1,3.7648913860321045,2.9000000000000004,9.600000000000001
15,0,0.0,5.5,0.30000000000000004,1.6657480331376526,5.300000000000001,2.4000000000000004,262.9403381347656,3.733877658843994,5.037801742553711,-3.4321682453155518,1,3.760679244995117,2.9000000000000004,9.600000000000001
15,0,0.0,5.5,0.30000000000000004,1.6657480331376526,5.300000000000001,2.4000000000000004,263.4403381347656,3.7299606800079346,5.070835590362549,-3.4321682453155518,1,3.7567622661590576,2.9000000000000004,9.600000000000001
15,0,0.0,5.5,0.30000000000000004,1.6657480331376526,5.300000000000001,2.4000000000000004,263.9403381347656,3.726337432861328,5.1038031578063965,-3.4321682453155518,1,3.753139019012451,2.9000000000000004,9.600000000000001
15,0,0.0,5.5,0.30000000000000004,1.6657480331376526,5.300000000000001,2.4000000000000004,264.4403381347656,3.7230064868927,5.136710166931152,-3.4321682453155518,1,3.7498080730438232,2.9000000000000004,9.600000000000001
15,0,0.0,5.5,0.30000000000000004,1.6657480331376526,5.300000000000001,2.4000000000000004,264.9403381347656,3.719966411590576,5.16956090927124,-3.4321682453155518,1,3.746767997741699,2.9000000000000004,9.600000000000001
15,0,0.0,5.5,0.30000000000000004,1.6657480331376526,5.300000000000001,2.4000000000000004,265.4403381347656,0.0,,,0,3.7440178394317627,2.9000000000000004,9.600000000000001
15,0,0.0,5.5,0.30000000000000004,1.6657480331376526,5.300000000000001,2.4000000000000004,265.9403381347656,3.714754819869995,5.2351155281066895,-3.4321682453155518,1,3.741556406021118,2.9000000000000004,9.600000000000001
15,0,0.0,5.5,0.30000000000000004,1.6657480331376526,5.300000000000001,2.4000000000000004,266.4403381347656,3.712581157684326,5.267829418182373,-3.4321682453155518,1,3.739382743835449,2.9000000000000004,9.600000000000001
15,0,0.0,5.5,0.30000000000000004,1.6657480331376526,5.300000000000001,2.4000000000000004,266.9403381347656,3.7106945514678955,5.300507545471191,-3.4321682453155518,1,3.7374961376190186,2.9000000000000004,9.600000000000001
15,0,0.0,5.5,0.30000000000000004,1.6657480331376526,5.300000000000001,2.4000000000000004,267.4403381347656,3.709094285964966,5.333155632019043,-3.4321682453155518,1,3.735895872116089,2.9000000000000004,9.600000000000001
15,0,0.0,5.5,0.30000000000000004,1.6657480331376526,5.300000000000001,2.4000000000000004,267.9403381347656,0.0,,,0,3.7345809936523438,2.9000000000000004,9.600000000000001
15,0,0.0,5.5,0.30000000000000004,1.6657480331376526,5.300000000000001,2.4000000000000004,268.4403381347656,3.70674991607666,5.398380279541016,-3.4321682453155518,1,3.733551502227783,2.9000000000000004,9.600000000000001
15,0,0.0,5.5,0.30000000000000004,1.6657480331376526,5.300000000000001,2.4000000000000004,268.9403381347656,3.706005096435547,5.430966854095459,-3.4321682453155518,1,3.73280668258667,2.9000000000000004,9.600000000000001
15,0,0.0,5.5,0.30000000000000004,1.6657480331376526,5.300000000000001,2.4000000000000004,269.4403381347656,3.7055447101593018,5.463542938232422,-3.4321682453155518,1,3.732346296310425,2.9000000000000004,9.600000000000001
15,0,0.0,5.5,0.30000000000000004,1.6657480331376526,5.300000000000001,2.4000000000000004,269.9403381347656,3.705368757247925,5.496113300323486,-3.4321682453155518,1,3.732170343399048,2.9000000000000004,9.600000000000001
15,0,0.0,5.5,0.30000000000000004,1.6657480331376526,5.300000000000001,2.4000000000000004,270.4403381347656,0.0,,,0,3.73227858543396,2.9000000000000004,9.600000000000001
15,0,0.0,5.5,0.30000000000000004,1.6657480331376526,5.300000000000001,2.4000000000000004,270.9403381347656,3.705869436264038,5.561257362365723,-3.4321682453155518,1,3.732671022415161,2.9000000000000004,9.600000000000001
15,0,0.0,5.5,0.30000000000000004,1.6657480331376526,5.300000000000001,2.4000000000000004,271.4403381347656,3.7065463066101074,5.593841075897217,-3.4321682453155518,1,3.7333478927612305,2.9000000000000004,9.600000000000001
15,0,0.0,5.5,0.30000000000000004,1.6657480331376526,5.300000000000001,2.4000000000000004,271.9403381347656,3.707507848739624,5.626439094543457,-3.4321682453155518,1,3.734309434890747,2.9000000000000004,9.600000000000001
15,0,0.0,5.5,0.30000000000000004,1.6657480331376526,5.300000000000001,2.4000000000000004,272.4403381347656,3.708754539489746,5.659056186676025,-3.4321682453155518,1,3.735556125640869,2.9000000000000004,9.600000000000001
15,0,0.0,5.5,0.30000000000000004,1.6657480331376526,5.300000000000001,2.4000000000000004,272.9403381347656,3.7102866172790527,5.691697597503662,-3.4321682453155518,1,3.737088203430176,2.9000000000000004,9.600000000000001
15,0,0.0,5.5,0.30000000000000004,1.6657480331376526,5.300000000000001,2.4000000000000004,273.4403381347656,3.7121047973632812,5.724368095397949,-3.4321682453155518,1,3.7389063835144043,2.9000000000000004,9.600000000000001
15,0,0.0,5.5,0.30000000000000004,1.6657480331376526,5.300000000000001,2.4000000000000004,273.9403381347656,3.714210033416748,5.757073402404785,-3.4321682453155518,1,3.741011619567871,2.9000000000000004,9.600000000000001
15,0,0.0,5.5,0.30000000000000004,1.6657480331376526,5.300000000000001,2.4000000000000004,274.4403381347656,3.7166025638580322,5.789817810058594,-3.4321682453155518,1,3.7434041500091553,2.9000000000000004,9.600000000000001
15,0,0.0,5.5,0.30000000000000004,1.6657480331376526,5.300000000000001,2.4000000000000004,274.9403381347656,3.7192838191986084,5.822606563568115,-3.4321682453155518,1,3.7460854053497314,2.9000000000000004,9.600000000000001
15,1,0.0,5.300000000000001,2.4000000000000004,2.90142164572962,0.4,3.6,346.2392272949219,5.4555864334106445,10.600000381469727,1.1020407676696777,1,5.456619739532471,2.9000000000000004,9.600000000000001
15,1,0.0,5.300000000000001,2.4000000000000004,2.90142164572962,0.4,3.6,346.7392272949219,5.444156646728516,10.600000381469727,1.1509625911712646,1,5.445189952850342,2.9000000000000004,9.600000000000001
15,1,0.0,5.300000000000001,2.4000000000000004,2.90142164572962,0.4,3.6,347.2392272949219,5.433187961578369,10.600000381469727,1.199683666229248,1,5.434221267700195,2.9000000000000004,9.600000000000001
15,1,0.0,5.300000000000001,2.4000000000000004,2.90142164572962,0.4,3.6,347.7392272949219,5.422675132751465,10.600000381469727,1.248212456703186,1,5.423708438873291,2.9000000000000004,9.600000000000001
15,1,0.0,5.300000000000001,2.4000000000000004,2.90142164572962,0.4,3.6,348.2392272949219,5.412614822387695,10.600000381469727,1.2965575456619263,1,5.4136481285095215,2.9000000000000004,9.600000000000001
15,1,0.0,5.300000000000001,2.4000000000000004,2.90142164572962,0.4,3.6,348.7392272949219,5.4030022621154785,10.600000381469727,1.3447272777557373,1,5.404035568237305,2.9000000000000004,9.600000000000001
15,1,0.0,5.300000000000001,2.4000000000000004,2.90142164572962,0.4,3.6,349.2392272949219,0.0,,,0,5.394867420196533,2.9000000000000004,9.600000000000001
15,1,0.0,5.300000000000001,2.4000000000000004,2.90142164572962,0.4,3.6,349.7392272949219,5.385106086730957,10.600000381469727,1.4405735731124878,1,5.386139392852783,2.9000000000000004,9.600000000000001
15,1,0.0,5.300000000000001,2.4000000000000004,2.90142164572962,0.4,3.6,350.2392272949219,5.376815319061279,10.600000381469727,1.4882663488388062,1,5.3778486251831055,2.9000000000000004,9.600000000000001
15,1,0.0,5.300000000000001,2.4000000000000004,2.90142164572962,0.4,3.6,350.7392272949219,5.368958473205566,10.600000381469727,1.5358160734176636,1,5.369991779327393,2.9000000000000004,9.600000000000001
15,1,0.0,5.300000000000001,2.4000000000000004,2.90142164572962,0.4,3.6,351.2392272949219,5.361532688140869,10.600000381469727,1.5832306146621704,1,5.362565994262695,2.9000000000000004,9.600000000000001
15,1,0.0,5.300000000000001,2.4000000000000004,2.90142164572962,0.4,3.6,351.7392272949219,5.354534149169922,10.600000381469727,1.6305179595947266,1,5.355567455291748,2.9000000000000004,9.600000000000001
15,1,0.0,5.300000000000001,2.4000000000000004,2.90142164572962,0.4,3.6,352.2392272949219,5.347960948944092,10.600000381469727,1.6776854991912842,1,5.348994255065918,2.9000000000000004,9.600000000000001
15,1,0.0,5.300000000000001,2.4000000000000004,2.90142164572962,0.4,3.6,352.7392272949219,5.34181022644043,10.600000381469727,1.724740982055664,1,5.342843532562256,2.9000000000000004,9.600000000000001
15,1,0.0,5.300000000000001,2.4000000000000004,2.90142164572962,0.4,3.6,353.2392272949219,5.336079120635986,10.600000381469727,1.7716920375823975,1,5.3371124267578125,2.9000000000000004,9.600000000000001
15,1,0.0,5.300000000000001,2.4000000000000004,2.90142164572962,0.4,3.6,353.7392272949219,5.330766677856445,10.600000381469727,1.818545937538147,1,5.3317999839782715,2.9000000000000004,9.600000000000001
15,1,0.0,5.300000000000001,2.4000000000000004,2.90142164572962,0.4,3.6,354.2392272949219,5.325869560241699,10.600000381469727,1.8653103113174438,1,5.326902866363525,2.9000000000000004,9.600000000000001
15,1,0.0,5.300000000000001,2.4000000000000004,2.90142164572962,0.4,3.6,354.7392272949219,5.321386337280273,10.600000381469727,1.9119923114776611,1,5.3224196434021,2.9000000000000004,9.600000000000001
15,1,0.0,5.300000000000001,2.4000000000000004,2.90142164572962,0.4,3.6,355.2392272949219,5.317315578460693,10.600000381469727,1.9585994482040405,1,5.3183488845825195,2.9000000000000004,9.600000000000001
15,1,0.0,5.300000000000001,2.4000000000000004,2.90142164572962,0.4,3.6,355.7392272949219,0.0,,,0,5.314688682556152,2.9000000000000004,9.600000000000001
15,1,0.0,5.300000000000001,2.4000000000000004,2.90142164572962,0.4,3.6,356.2392272949219,5.310404300689697,10.600000381469727,2.0516176223754883,1,5.311437606811523,2.9000000000000004,9.600000000000001
15,1,0.0,5.300000000000001,2.4000000000000004,2.90142164572962,0.4,3.6,356.7392272949219,5.30756139755249,10.600000381469727,2.098043203353882,1,5.308594703674316,2.9000000000000004,9.600000000000001
15,1,0.0,5.300000000000001,2.4000000000000004,2.90142164572962,0.4,3.6,357.2392272949219,5.3051252365112305,10.600000381469727,2.144422769546509,1,5.306158542633057,2.9000000000000004,9.600000000000001
15,1,0.0,5.300000000000001,2.4000000000000004,2.90142164572962,0.4,3.6,357.7392272949219,0.0,,,0,5.304128646850586,2.9000000000000004,9.600000000000001
15,1,0.0,5.300000000000001,2.4000000000000004,2.90142164572962,0.4,3.6,358.2392272949219,5.3014702796936035,10.600000381469727,2.2370717525482178,1,5.30250358581543,2.9000000000000004,9.600000000000001
15,1,0.0,5.300000000000001,2.4000000000000004,2.90142164572962,0.4,3.6,358.7392272949219,0.0,,,0,5.301283359527588,2.9000000000000004,9.600000000000001
15,1,0.0,5.300000000000001,2.4000000000000004,2.90142164572962,0.4,3.6,359.2392272949219,5.299434185028076,10.600000381469727,2.3296213150024414,1,5.300467491149902,2.9000000000000004,9.600000000000001
15,1,0.0,5.300000000000001,2.4000000000000004,2.90142164572962,0.4,3.6,359.7392272949219,5.2990217208862305,10.600000381469727,2.3758766651153564,1,5.300055027008057,2.9000000000000004,9.600000000000001
15,1,0.0,5.300000000000001,2.4000000000000004,2.90142164572962,0.4,3.6,0.23921488225460052,5.299012660980225,10.600000381469727,2.422128200531006,1,5.300045967102051,2.9000000000000004,9.600000000000001
15,1,0.0,5.300000000000001,2.4000000000000004,2.90142164572962,0.4,3.6,0.7392148971557617,5.299407958984375,10.600000381469727,2.4683830738067627,1,5.300441265106201,2.9000000000000004,9.600000000000001
15,1,0.0,5.300000000000001,2.4000000000000004,2.90142164572962,0.4,3.6,1.2392148971557617,5.300206661224365,10.600000381469727,2.514648199081421,1,5.301239967346191,2.9000000000000004,9.600000000000001
15,1,0.0,5.300000000000001,2.4000000000000004,2.90142164572962,0.4,3.6,1.7392148971557617,5.3014092445373535,10.600000381469727,2.5609309673309326,1,5.30244255065918,2.9000000000000004,9.600000000000001
15,1,0.0,5.300000000000001,2.4000000000000004,2.90142164572962,0.4,3.6,2.2392148971557617,5.303016662597656,10.600000381469727,2.607238292694092,1,5.304049968719482,2.9000000000000004,9.600000000000001
15,1,0.0,5.300000000000001,2.4000000000000004,2.90142164572962,0.4,3.6,2.7392148971557617,5.305029392242432,10.600000381469727,2.6535773277282715,1,5.306062698364258,2.9000000000000004,9.600000000000001
15,1,0.0,5.300000000000001,2.4000000000000004,2.90142164572962,0.4,3.6,3.2392148971557617,5.307447910308838,10.600000381469727,2.6999549865722656,1,5.308481216430664,2.9000000000000004,9.600000000000001
15,1,0.0,5.300000000000001,2.4000000000000004,2.90142164572962,0.4,3.6,3.7392148971557617,5.310273170471191,10.600000381469727,2.7463784217834473,1,5.311306476593018,2.9000000000000004,9.600000000000001
15,1,0.0,5.300000000000001,2.4000000000000004,2.90142164572962,0.4,3.6,4.239214897155762,5.313506603240967,10.600000381469727,2.7928547859191895,1,5.314539909362793,2.9000000000000004,9.600000000000001
15,1,0.0,5.300000000000001,2.4000000000000004,2.90142164572962,0.4,3.6,4.739214897155762,5.3171491622924805,10.600000381469727,2.8393914699554443,1,5.318182468414307,2.9000000000000004,9.600000000000001
15,1,0.0,5.300000000000001,2.4000000000000004,2.90142164572962,0.4,3.6,5.239214897155762,0.0,,,0,5.322235584259033,2.9000000000000004,9.600000000000001
15,1,0.0,5.300000000000001,2.4000000000000004,2.90142164572962,0.4,3.6,5.739214897155762,5.325667381286621,10.600000381469727,2.9326741695404053,1,5.326700687408447,2.9000000000000004,9.600000000000001
15,1,0.0,5.300000000000001,2.4000000000000004,2.90142164572962,0.4,3.6,6.239214897155762,5.330546855926514,10.600000381469727,2.9794347286224365,1,5.33158016204834,2.9000000000000004,9.600000000000001
15,1,0.0,5.300000000000001,2.4000000000000004,2.90142164572962,0.4,3.6,6.739214897155762,5.335841655731201,10.600000381469727,3.026284694671631,1,5.336874961853027,2.9000000000000004,9.600000000000001
15,1,0.0,5.300000000000001,2.4000000000000004,2.90142164572962,0.4,3.6,7.239214897155762,5.341554164886475,10.600000381469727,3.0732314586639404,1,5.342587471008301,2.9000000000000004,9.600000000000001
15,1,0.0,5.300000000000001,2.4000000000000004,2.90142164572962,0.4,3.6,7.739214897155762,0.0,,,0,5.348720073699951,2.9000000000000004,9.600000000000001
15,1,0.0,5.300000000000001,2.4000000000000004,2.90142164572962,0.4,3.6,8.239214897155762,5.354241847991943,10.600000381469727,3.167444944381714,1,5.3552751541137695,2.9000000000000004,9.600000000000001
15,1,0.0,5.300000000000001,2.4000000000000004,2.90142164572962,0.4,3.6,8.739214897155762,5.361221790313721,10.600000381469727,3.214726686477661,1,5.362255096435547,2.9000000000000004,9.600000000000001
15,1,0.0,5.300000000000001,2.4000000000000004,2.90142164572962,0.4,3.6,9.239214897155762,5.368629455566406,10.600000381469727,3.2621357440948486,1,5.369662761688232,2.9000000000000004,9.600000000000001
15,1,0.0,5.300000000000001,2.4000000000000004,2.90142164572962,0.4,3.6,9.739214897155762,5.376467704772949,10.600000381469727,3.3096795082092285,1,5.377501010894775,2.9000000000000004,9.600000000000001
15,1,0.0,5.300000000000001,2.4000000000000004,2.90142164572962,0.4,3.6,10.239214897155762,5.384739398956299,10.600000381469727,3.357365846633911,1,5.385772705078125,2.9000000000000004,9.600000000000001
15,1,0.0,5.300000000000001,2.4000000000000004,2.90142164572962,0.4,3.6,10.739214897155762,5.393448352813721,10.600000381469727,3.405202865600586,1,5.394481658935547,2.9000000000000004,9.600000000000001
15,1,0.0,5.300000000000001,2.4000000000000004,2.90142164572962,0.4,3.6,11.239214897155762,5.402597427368164,10.600000381469727,3.4531984329223633,1,5.40363073348999,2.9000000000000004,9.600000000000001
15,1,0.0,5.300000000000001,2.4000000000000004,2.90142164572962,0.4,3.6,11.739214897155762,5.412190914154053,10.600000381469727,3.5013608932495117,1,5.413224220275879,2.9000000000000004,9.600000000000001
15,1,0.0,5.300000000000001,2.4000000000000004,2.90142164572962,0.4,3.6,12.239214897155762,5.422232151031494,10.600000381469727,3.5496981143951416,1,5.42326545715332,2.9000000000000004,9.600000000000001
15,1,0.0,5.300000000000001,2.4000000000000004,2.90142164572962,0.4,3.6,12.739214897155762,5.432724952697754,10.600000381469727,3.5982189178466797,1,5.43375825881958,2.9000000000000004,9.600000000000001
15,1,0.0,5.300000000000001,2.4000000000000004,2.90142164572962,0.4,3.6,13.239214897155762,0.0,,,0,5.44470739364624,2.9000000000000004,9.600000000000001
15,1,0.0,5.300000000000001,2.4000000000000004,2.90142164572962,0.4,3.6,13.739214897155762,0.0,,,0,5.456117153167725,2.9000000000000004,9.600000000000001
15,1,0.0,5.300000000000001,2.4000000000000004,2.90142164572962,0.4,3.6,14.239214897155762,5.466958522796631,10.600000381469727,3.744966506958008,1,5.467991828918457,2.9000000000000004,9.600000000000001
15,1,0.0,5.300000000000001,2.4000000000000004,2.90142164572962,0.4,3.6,14.739214897155762,5.479303359985352,10.600000381469727,3.794306755065918,1,5.480336666107178,2.9000000000000004,9.600000000000001
15,1,0.0,5.300000000000001,2.4000000000000004,2.90142164572962,0.4,3.6,15.239214897155762,5.492123603820801,10.600000381469727,3.843874216079712,1,5.493156909942627,2.9000000000000004,9.600000000000001
15,1,0.0,5.300000000000001,2.4000000000000004,2.90142164572962,0.4,3.6,15.739214897155762,5.5054240226745605,10.600000381469727,3.8936777114868164,1,5.506457328796387,2.9000000000000004,9.600000000000001
15,1,0.0,5.300000000000001,2.4000000000000004,2.90142164572962,0.4,3.6,16.239213943481445,0.0,,,0,5.5202436447143555,2.9000000000000004,9.600000000000001
15,1,0.0,5.300000000000001,2.4000000000000004,2.90142164572962,0.4,3.6,16.739213943481445,5.533488750457764,10.600000381469727,3.9940309524536133,1,5.53452205657959,2.9000000000000004,9.600000000000001
15,1,0.0,5.300000000000001,2.4000000000000004,2.90142164572962,0.4,3.6,17.239213943481445,5.548264980316162,10.600000381469727,4.044600009918213,1,5.549298286437988,2.9000000000000004,9.600000000000001
15,1,0.0,5.300000000000001,2.4000000000000004,2.90142164572962,0.4,3.6,17.739213943481445,5.563544750213623,10.600000381469727,4.0954437255859375,1,5.564578056335449,2.9000000000000004,9.600000000000001
15,1,0.0,5.300000000000001,2.4000000000000004,2.90142164572962,0.4,3.6,18.239213943481445,5.5793352127075195,10.600000381469727,4.146571636199951,1,5.580368518829346,2.9000000000000004,9.600000000000001
15,1,0.0,5.300000000000001,2.4000000000000004,2.90142164572962,0.4,3.6,18.739213943481445,0.0,,,0,5.596676349639893,2.9000000000000004,9.600000000000001
15,1,0.0,5.300000000000001,2.4000000000000004,2.90142164572962,0.4,3.6,19.239213943481445,5.612475395202637,10.600000381469727,4.249723434448242,1,5.613508701324463,2.9000000000000004,9.600000000000001
15,1,0.0,5.300000000000001,2.4000000000000004,2.90142164572962,0.4,3.6,19.739213943481445,5.629838943481445,10.600000381469727,4.3017683029174805,1,5.6308722496032715,2.9000000000000004,9.600000000000001
15,1,0.0,5.300000000000001,2.4000000000000004,2.90142164572962,0.4,3.6,20.239213943481445,5.647741794586182,10.600000381469727,4.354139804840088,1,5.648775100708008,2.9000000000000004,9.600000000000001
15,1,0.0,5.300000000000001,2.4000000000000004,2.90142164572962,0.4,3.6,20.739213943481445,5.666192054748535,10.600000381469727,4.406849384307861,1,5.667225360870361,2.9000000000000004,9.600000000000001
15,1,0.0,5.300000000000001,2.4000000000000004,2.90142164572962,0.4,3.6,21.239213943481445,5.685197830200195,10.600000381469727,4.459908962249756,1,5.6862311363220215,2.9000000000000004,9.600000000000001
15,1,0.0,5.300000000000001,2.4000000000000004,2.90142164572962,0.4,3.6,21.739213943481445,5.704767227172852,10.600000381469727,4.513329029083252,1,5.705800533294678,2.9000000000000004,9.600000000000001
15,1,0.0,5.300000000000001,2.4000000000000004,2.90142164572962,0.4,3.6,22.239213943481445,0.0,,,0,5.725942611694336,2.9000000000000004,9.600000000000001
15,1,0.0,5.300000000000001,2.4000000000000004,2.90142164572962,0.4,3.6,22.739213943481445,0.0,,,0,5.74666690826416,2.9000000000000004,9.600000000000001
15,1,0.0,5.300000000000001,2.4000000000000004,2.90142164572962,0.4,3.6,23.239213943481445,5.76694917678833,10.600000381469727,4.675878047943115,1,5.767982482910156,2.9000000000000004,9.600000000000001
15,1,0.0,5.300000000000001,2.4000000000000004,2.90142164572962,0.4,3.6,23.739213943481445,5.78886604309082,10.600000381469727,4.730865001678467,1,5.7898993492126465,2.9000000000000004,9.600000000000001
15,1,0.0,5.300000000000001,2.4000000000000004,2.90142164572962,0.4,3.6,24.239213943481445,5.811394214630127,10.600000381469727,4.786275863647461,1,5.812427520751953,2.9000000000000004,9.600000000000001
15,1,0.0,5.300000000000001,2.4000000000000004,2.90142164572962,0.4,3.6,24.739213943481445,5.733887195587158,10.508581161499023,4.800000190734863,1,5.734920501708984,2.9000000000000004,9.600000000000001
15,1,0.0,5.300000000000001,2.4000000000000004,2.90142164572962,0.4,3.6,25.239213943481445,5.627504348754883,10.39121150970459,4.800000190734863,1,5.628537654876709,2.9000000000000004,9.600000000000001
15,1,0.0,5.300000000000001,2.4000000000000004,2.90142164572962,0.4,3.6,25.739213943481445,5.525409698486328,10.278109550476074,4.800000190734863,1,5.526443004608154,2.9000000000000004,9.600000000000001
15,1,0.0,5.300000000000001,2.4000000000000004,2.90142164572962,0.4,3.6,26.239213943481445,5.427359104156494,10.169029235839844,4.800000190734863,1,5.42839241027832,2.9000000000000004,9.600000000000001
15,1,0.0,5.300000000000001,2.4000000000000004,2.90142164572962,0.4,3.6,26.739213943481445,5.333125591278076,10.063743591308594,4.800000190734863,1,5.334158897399902,2.9000000000000004,9.600000000000001
15,1,0.0,5.300000000000001,2.4000000000000004,2.90142164572962,0.4,3.6,27.239213943481445,5.2425007820129395,9.962043762207031,4.800000190734863,1,5.243534088134766,2.9000000000000004,9.600000000000001
15,1,0.0,5.300000000000001,2.4000000000000004,2.90142164572962,0.4,3.6,27.739213943481445,5.155290126800537,9.863734245300293,4.800000190734863,1,5.156323432922363,2.9000000000000004,9.600000000000001
15,1,0.0,5.300000000000001,2.4000000000000004,2.90142164572962,0.4,3.6,28.239213943481445,0.0,,,0,5.072346210479736,2.9000000000000004,9.600000000000001
15,1,0.0,5.300000000000001,2.4000000000000004,2.90142164572962,0.4,3.6,28.739213943481445,4.990400791168213,9.676575660705566,4.800000190734863,1,4.991434097290039,2.9000000000000004,9.600000000000001
15,1,0.0,5.300000000000001,2.4000000000000004,2.90142164572962,0.4,3.6,29.239213943481445,4.912398338317871,9.587401390075684,4.800000190734863,1,4.913431644439697,2.9000000000000004,9.600000000000001
15,1,0.0,5.300000000000001,2.4000000000000004,2.90142164572962,0.4,3.6,29.739213943481445,4.837158679962158,9.500964164733887,4.800000190734863,1,4.838191986083984,2.9000000000000004,9.600000000000001
15,1,0.0,5.300000000000001,2.4000000000000004,2.90142164572962,0.4,3.6,30.239213943481445,4.7645463943481445,9.417128562927246,4.800000190734863,1,4.765579700469971,2.9000000000000004,9.600000000000001
15,1,0.0,5.300000000000001,2.4000000000000004,2.90142164572962,0.4,3.6,30.739213943481445,4.694433212280273,9.335765838623047,4.800000190734863,1,4.6954665184021,2.9000000000000004,9.600000000000001
15,1,0.0,5.300000000000001,2.4000000000000004,2.90142164572962,0.4,3.6,31.239213943481445,4.6267008781433105,9.256756782531738,4.800000190734863,1,4.627734184265137,2.9000000000000004,9.600000000000001
15,1,0.0,5.300000000000001,2.4000000000000004,2.90142164572962,0.4,3.6,31.739213943481445,0.0,,,0,4.562270641326904,2.9000000000000004,9.600000000000001
15,1,0.0,5.300000000000001,2.4000000000000004,2.90142164572962,0.4,3.6,32.23921585083008,0.0,,,0,4.498970985412598,2.9000000000000004,9.600000000000001
15,1,0.0,5.300000000000001,2.4000000000000004,2.90142164572962,0.4,3.6,32.73921585083008,4.436704158782959,9.032761573791504,4.800000190734863,1,4.437737464904785,2.9000000000000004,9.600000000000001
15,1,0.0,5.300000000000001,2.4000000000000004,2.90142164572962,0.4,3.6,33.23921585083008,4.377443790435791,8.962111473083496,4.800000190734863,1,4.378477096557617,2.9000000000000004,9.600000000000001
15,1,0.0,5.300000000000001,2.4000000000000004,2.90142164572962,0.4,3.6,33.73921585083008,4.320069789886475,8.893318176269531,4.800000190734863,1,4.321103096008301,2.9000000000000004,9.600000000000001
15,1,0.0,5.300000000000001,2.4000000000000004,2.90142164572962,0.4,3.6,34.23921585083008,4.264501094818115,8.826298713684082,4.800000190734863,1,4.265534400939941,2.9000000000000004,9.600000000000001
15,1,0.0,5.300000000000001,2.4000000000000004,2.90142164572962,0.4,3.6,34.73921585083008,4.210659980773926,8.760976791381836,4.800000190734863,1,4.211693286895752,2.9000000000000004,9.600000000000001
15,1,0.0,5.300000000000001,2.4000000000000004,2.90142164572962,0.4,3.6,35.23921585083008,0.0,,,0,4.159506797790527,2.9000000000000004,9.600000000000001
15,1,0.0,5.300000000000001,2.4000000000000004,2.90142164572962,0.4,3.6,35.73921585083008,4.107873916625977,8.635133743286133,4.800000190734863,1,4.108907222747803,2.9000000000000004,9.600000000000001
15,1,0.0,5.300000000000001,2.4000000000000004,2.90142164572962,0.4,3.6,36.23921585083008,4.058795928955078,8.574479103088379,4.800000190734863,1,4.059829235076904,2.9000000000000004,9.600000000000001
15,1,0.0,5.300000000000001,2.4000000000000004,2.90142164572962,0.4,3.6,36.73921585083008,4.011178970336914,8.515252113342285,4.800000190734863,1,4.01221227645874,2.9000000000000004,9.600000000000001
15,1,0.0,5.300000000000001,2.4000000000000004,2.90142164572962,0.4,3.6,37.23921585083008,3.964963674545288,8.457393646240234,4.800000190734863,1,3.9659972190856934,2.9000000000000004,9.600000000000001
15,1,0.0,5.300000000000001,2.4000000000000004,2.90142164572962,0.4,3.6,37.73921585083008,0.0,,,0,3.9211301803588867,2.9000000000000004,9.600000000000001
15,1,0.0,5.300000000000001,2.4000000000000004,2.90142164572962,0.4,3.6,38.23921585083008,3.876525402069092,8.345564842224121,4.800000190734863,1,3.877558946609497,2.9000000000000004,9.600000000000001
15,1,0.0,5.300000000000001,2.4000000000000004,2.90142164572962,0.4,3.6,38.73921585083008,3.834200620651245,8.291491508483887,4.800000190734863,1,3.8352341651916504,2.9000000000000004,9.600000000000001
15,1,0.0,5.300000000000001,2.4000000000000004,2.90142164572962,0.4,3.6,39.23921585083008,3.7930755615234375,8.238581657409668,4.800000190734863,1,3.7941091060638428,2.9000000000000004,9.600000000000001
15,1,0.0,5.300000000000001,2.4000000000000004,2.90142164572962,0.4,3.6,39.73921585083008,0.0,,,0,3.7541396617889404,2.9000000000000004,9.600000000000001
15,1,0.0,5.300000000000001,2.4000000000000004,2.90142164572962,0.4,3.6,40.23921585083008,3.714250087738037,8.136076927185059,4.800000190734863,1,3.7152836322784424,2.9000000000000004,9.600000000000001
15,1,0.0,5.300000000000001,2.4000000000000004,2.90142164572962,0.4,3.6,40.73921585083008,3.676467180252075,8.086397171020508,4.800000190734863,1,3.6775007247924805,2.9000000000000004,9.600000000000001
15,1,0.0,5.300000000000001,2.4000000000000004,2.90142164572962,0.4,3.6,41.23921585083008,3.6397194862365723,8.037714958190918,4.800000190734863,1,3.6407530307769775,2.9000000000000004,9.600000000000001
15,1,0.0,5.300000000000001,2.4000000000000004,2.90142164572962,0.4,3.6,41.73921585083008,3.603970766067505,7.989992141723633,4.800000190734863,1,3.60500431060791,2.9000000000000004,9.600000000000001
15,1,0.0,5.300000000000001,2.4000000000000004,2.90142164572962,0.4,3.6,42.23921585083008,3.5691866874694824,7.943193435668945,4.800000190734863,1,3.5702202320098877,2.9000000000000004,9.600000000000001
15,1,0.0,5.300000000000001,2.4000000000000004,2.90142164572962,0.4,3.6,42.73921585083008,3.5353338718414307,7.8972859382629395,4.800000190734863,1,3.536367416381836,2.9000000000000004,9.600000000000001
15,1,0.0,5.300000000000001,2.4000000000000004,2.90142164572962,0.4,3.6,43.23921585083008,3.5023815631866455,7.852237701416016,4.800000190734863,1,3.503415107727051,2.9000000000000004,9.600000000000001
15,1,0.0,5.300000000000001,2.4000000000000004,2.90142164572962,0.4,3.6,43.73921585083008,3.470299482345581,7.808017730712891,4.800000190734863,1,3.4713330268859863,2.9000000000000004,9.600000000000001
15,1,0.0,5.300000000000001,2.4000000000000004,2.90142164572962,0.4,3.6,44.23921585083008,3.439059257507324,7.764596939086914,4.800000190734863,1,3.4400928020477295,2.9000000000000004,9.600000000000001
15,1,0.0,5.300000000000001,2.4000000000000004,2.90142164572962,0.4,3.6,44.73921585083008,3.4086334705352783,7.72194766998291,4.800000190734863,1,3.4096670150756836,2.9000000000000004,9.600000000000001
15,1,0.0,5.300000000000001,2.4000000000000004,2.90142164572962,0.4,3.6,45.23921585083008,3.3789966106414795,7.680042743682861,4.800000190734863,1,3.3800301551818848,2.9000000000000004,9.600000000000001
15,1,0.0,5.300000000000001,2.4000000000000004,2.90142164572962,0.4,3.6,45.73921585083008,3.350123405456543,7.638857364654541,4.800000190734863,1,3.3511569499969482,2.9000000000000004,9.600000000000001
15,1,0.0,5.300000000000001,2.4000000000000004,2.90142164572962,0.4,3.6,46.23921585083008,0.0,,,0,3.323023796081543,2.9000000000000004,9.600000000000001
15,1,0.0,5.300000000000001,2.4000000000000004,2.90142164572962,0.4,3.6,46.73921585083008,0.0,,,0,3.295607805252075,2.9000000000000004,9.600000000000001
15,1,0.0,5.300000000000001,2.4000000000000004,2.90142164572962,0.4,3.6,47.23921585083008,3.2678539752960205,7.519375324249268,4.800000190734863,1,3.268887519836426,2.9000000000000004,9.600000000000001
15,1,0.0,5.300000000000001,2.4000000000000004,2.90142164572962,0.4,3.6,47.73921585083008,3.2418084144592285,7.480831146240234,4.800000190734863,1,3.242841958999634,2.9000000000000004,9.600000000000001
15,1,0.0,5.300000000000001,2.4000000000000004,2.90142164572962,0.4,3.6,48.23921585083008,3.2164177894592285,7.4428935050964355,4.800000190734863,1,3.217451333999634,2.9000000000000004,9.600000000000001
15,1,0.0,5.300000000000001,2.4000000000000004,2.90142164572962,0.4,3.6,48.73921585083008,3.1916630268096924,7.405542850494385,4.800000190734863,1,3.1926965713500977,2.9000000000000004,9.600000000000001
15,1,0.0,5.300000000000001,2.4000000000000004,2.90142164572962,0.4,3.6,49.23921585083008,3.16752552986145,7.368759632110596,4.800000190734863,1,3.1685590744018555,2.9000000000000004,9.600000000000001
15,1,0.0,5.300000000000001,2.4000000000000004,2.90142164572962,0.4,3.6,49.73921585083008,3.1439878940582275,7.332525730133057,4.800000190734863,1,3.145021438598633,2.9000000000000004,9.600000000000001
15,1,0.0,5.300000000000001,2.4000000000000004,2.90142164572962,0.4,3.6,50.23921585083008,0.0,,,0,3.1220672130584717,2.9000000000000004,9.600000000000001
15,1,0.0,5.300000000000001,2.4000000000000004,2.90142164572962,0.4,3.6,50.73921585083008,3.0986461639404297,7.261635780334473,4.800000190734863,1,3.099679708480835,2.9000000000000004,9.600000000000001
15,1,0.0,5.300000000000001,2.4000000000000004,2.90142164572962,0.4,3.6,51.23921585083008,3.076810359954834,7.2269463539123535,4.800000190734863,1,3.0778439044952393,2.9000000000000004,9.600000000000001
15,1,0.0,5.300000000000001,2.4000000000000004,2.90142164572962,0.4,3.6,51.73921585083008,3.055510997772217,7.192739963531494,4.800000190734863,1,3.056544542312622,2.9000000000000004,9.600000000000001
15,1,0.0,5.300000000000001,2.4000000000000004,2.90142164572962,0.4,3.6,52.23921585083008,3.0347342491149902,7.159001350402832,4.800000190734863,1,3.0357677936553955,2.9000000000000004,9.600000000000001
15,1,0.0,5.300000000000001,2.4000000000000004,2.90142164572962,0.4,3.6,52.73921585083008,3.0144660472869873,7.125715732574463,4.800000190734863,1,3.0154995918273926,2.9000000000000004,9.600000000000001
15,1,0.0,5.300000000000001,2.4000000000000004,2.90142164572962,0.4,3.6,53.23921585083008,2.9946930408477783,7.092868804931641,4.800000190734863,1,2.9957265853881836,2.9000000000000004,9.600000000000001
15,1,0.0,5.300000000000001,2.4000000000000004,2.90142164572962,0.4,3.6,53.73921585083008,2.975403070449829,7.060447692871094,4.800000190734863,1,2.9764366149902344,2.9000000000000004,9.600000000000001
15,1,0.0,5.300000000000001,2.4000000000000004,2.90142164572962,0.4,3.6,54.23921585083008,2.9565837383270264,7.028438568115234,4.800000190734863,1,2.9576172828674316,2.9000000000000004,9.600000000000001
15,1,0.0,5.300000000000001,2.4000000000000004,2.90142164572962,0.4,3.6,54.73921585083008,2.938223361968994,6.996829986572266,4.800000190734863,1,2.9392569065093994,2.9000000000000004,9.600000000000001
15,1,0.0,5.300000000000001,2.4000000000000004,2.90142164572962,0.4,3.6,55.23921585083008,2.9203104972839355,6.965608596801758,4.800000190734863,1,2.921344041824341,2.9000000000000004,9.600000000000001
15,1,0.0,5.300000000000001,2.4000000000000004,2.90142164572962,0.4,3.6,55.73921585083008,2.90283465385437,6.934762954711914,4.800000190734863,1,2.9038681983947754,2.9000000000000004,9.600000000000001
15,1,0.0,5.300000000000001,2.4000000000000004,2.90142164572962,0.4,3.6,56.23921585083008,2.8857851028442383,6.904282093048096,4.800000190734863,1,2.8868186473846436,2.9000000000000004,9.600000000000001
15,1,0.0,5.300000000000001,2.4000000000000004,2.90142164572962,0.4,3.6,56.73921585083008,2.8691518306732178,6.874155044555664,4.800000190734863,1,2.870185375213623,2.9000000000000004,9.600000000000001
15,1,0.0,5.300000000000001,2.4000000000000004,2.90142164572962,0.4,3.6,57.23921585083008,2.8529253005981445,6.8443708419799805,4.800000190734863,1,2.85395884513855,2.9000000000000004,9.600000000000001
15,1,0.0,5.300000000000001,2.4000000000000004,2.90142164572962,0.4,3.6,57.73921585083008,2.8370959758758545,6.8149189949035645,4.800000190734863,1,2.8381295204162598,2.9000000000000004,9.600000000000001
15,1,0.0,5.300000000000001,2.4000000000000004,2.90142164572962,0.4,3.6,58.23921585083008,2.8216552734375,6.785789966583252,4.800000190734863,1,2.8226888179779053,2.9000000000000004,9.600000000000001
15,1,0.0,5.300000000000001,2.4000000000000004,2.90142164572962,0.4,3.6,58.73921585083008,2.806594133377075,6.756973743438721,4.800000190734863,1,2.8076276779174805,2.9000000000000004,9.600000000000001
15,1,0.0,5.300000000000001,2.4000000000000004,2.90142164572962,0.4,3.6,59.23921585083008,2.7919044494628906,6.728461742401123,4.800000190734863,1,2.792937994003296,2.9000000000000004,9.600000000000001
15,1,0.0,5.300000000000001,2.4000000000000004,2.90142164572962,0.4,3.6,59.73921585083008,0.0,,,0,2.778611898422241,2.9000000000000004,9.600000000000001
15,1,0.0,5.300000000000001,2.4000000000000004,2.90142164572962,0.4,3.6,60.23921585083008,2.7636077404022217,6.672312259674072,4.800000190734863,1,2.764641284942627,2.9000000000000004,9.600000000000001
15,1,0.0,5.300000000000001,2.4000000000000004,2.90142164572962,0.4,3.6,60.73921585083008,0.0,,,0,2.75101900100708,2.9000000000000004,9.600000000000001
15,1,0.0,5.300000000000001,2.4000000000000004,2.90142164572962,0.4,3.6,61.23921585083008,0.0,,,0,2.7377376556396484,2.9000000000000004,9.600000000000001
15,1,0.0,5.300000000000001,2.4000000000000004,2.90142164572962,0.4,3.6,61.73921585083008,2.723757028579712,6.59014892578125,4.800000190734863,1,2.724790573120117,2.9000000000000004,9.600000000000001
15,1,0.0,5.300000000000001,2.4000000000000004,2.90142164572962,0.4,3.6,62.23921585083008,2.711137294769287,6.563277721405029,4.800000190734863,1,2.7121708393096924,2.9000000000000004,9.600000000000001
15,1,0.0,5.300000000000001,2.4000000000000004,2.90142164572962,0.4,3.6,62.73921585083008,2.698838710784912,6.5366530418396,4.800000190734863,1,2.6998722553253174,2.9000000000000004,9.600000000000001
15,1,0.0,5.300000000000001,2.4000000000000004,2.90142164572962,0.4,3.6,63.23921585083008,0.0,,,0,2.6878883838653564,2.9000000000000004,9.600000000000001
15,1,0.0,5.300000000000001,2.4000000000000004,2.90142164572962,0.4,3.6,63.73921585083008,2.675179958343506,6.4841108322143555,4.800000190734863,1,2.676213502883911,2.9000000000000004,9.600000000000001
15,1,0.0,5.300000000000001,2.4000000000000004,2.90142164572962,0.4,3.6,64.23921203613281,2.6638078689575195,6.458179473876953,4.800000190734863,1,2.664841413497925,2.9000000000000004,9.600000000000001
15,1,0.0,5.300000000000001,2.4000000000000004,2.90142164572962,0.4,3.6,64.73921203613281,2.652733325958252,6.432465553283691,4.800000190734863,1,2.6537668704986572,2.9000000000000004,9.600000000000001
15,1,0.0,5.300000000000001,2.4000000000000004,2.90142164572962,0.4,3.6,65.23921203613281,2.641950845718384,6.406962871551514,4.800000190734863,1,2.642984390258789,2.9000000000000004,9.600000000000001
15,1,0.0,5.300000000000001,2.4000000000000004,2.90142164572962,0.4,3.6,65.73921203613281,2.631455421447754,6.381664752960205,4.800000190734863,1,2.632488965988159,2.9000000000000004,9.600000000000001
15,1,0.0,5.300000000000001,2.4000000000000004,2.90142164572962,0.4,3.6,66.23921203613281,2.621242046356201,6.356564521789551,4.800000190734863,1,2.6222755908966064,2.9000000000000004,9.600000000000001
15,1,0.0,5.300000000000001,2.4000000000000004,2.90142164572962,0.4,3.6,66.73921203613281,2.6113054752349854,6.331656455993652,4.800000190734863,1,2.6123390197753906,2.9000000000000004,9.600000000000001
15,1,0.0,5.300000000000001,2.4000000000000004,2.90142164572962,0.4,3.6,67.23921203613281,2.6016416549682617,6.306934833526611,4.800000190734863,1,2.602675199508667,2.9000000000000004,9.600000000000001
15,1,0.0,5.300000000000001,2.4000000000000004,2.90142164572962,0.4,3.6,67.73921203613281,0.0,,,0,2.5932791233062744,2.9000000000000004,9.600000000000001
15,1,0.0,5.300000000000001,2.4000000000000004,2.90142164572962,0.4,3.6,68.23921203613281,2.583113431930542,6.258026599884033,4.800000190734863,1,2.5841469764709473,2.9000000000000004,9.600000000000001
15,1,0.0,5.300000000000001,2.4000000000000004,2.90142164572962,0.4,3.6,68.73921203613281,2.5742406845092773,6.233829021453857,4.800000190734863,1,2.5752742290496826,2.9000000000000004,9.600000000000001
15,1,0.0,5.300000000000001,2.4000000000000004,2.90142164572962,0.4,3.6,69.23921203613281,2.5656232833862305,6.2097954750061035,4.800000190734863,1,2.5666568279266357,2.9000000000000004,9.600000000000001
15,1,0.0,5.300000000000001,2.4000000000000004,2.90142164572962,0.4,3.6,69.73921203613281,0.0,,,0,2.55829119682312,2.9000000000000004,9.600000000000001
15,1,0.0,5.300000000000001,2.4000000000000004,2.90142164572962,0.4,3.6,70.23921203613281,0.0,,,0,2.55017352104187,2.9000000000000004,9.600000000000001
15,1,0.0,5.300000000000001,2.4000000000000004,2.90142164572962,0.4,3.6,70.73921203613281,2.541266679763794,6.13862419128418,4.800000190734863,1,2.542300224304199,2.9000000000000004,9.600000000000001
15,1,0.0,5.300000000000001,2.4000000000000004,2.90142164572962,0.4,3.6,71.23921203613281,2.5336344242095947,6.115193843841553,4.800000190734863,1,2.53466796875,2.9000000000000004,9.600000000000001
15,1,0.0,5.300000000000001,2.4000000000000004,2.90142164572962,0.4,3.6,71.73921203613281,2.5262396335601807,6.091902256011963,4.800000190734863,1,2.527273178100586,2.9000000000000004,9.600000000000001
15,1,0.0,5.300000000000001,2.4000000000000004,2.90142164572962,0.4,3.6,72.23921203613281,2.5190789699554443,6.06874418258667,4.800000190734863,1,2.5201125144958496,2.9000000000000004,9.600000000000001
15,1,0.0,5.300000000000001,2.4000000000000004,2.90142164572962,0.4,3.6,72.73921203613281,2.5121498107910156,6.04571533203125,4.800000190734863,1,2.513183355331421,2.9000000000000004,9.600000000000001
15,1,0.0,5.300000000000001,2.4000000000000004,2.90142164572962,0.4,3.6,73.23921203613281,2.505449056625366,6.022810935974121,4.800000190734863,1,2.5064826011657715,2.9000000000000004,9.600000000000001
15,1,0.0,5.300000000000001,2.4000000000000004,2.90142164572962,0.4,3.6,73.73921203613281,2.498973846435547,6.000026226043701,4.800000190734863,1,2.500007390975952,2.9000000000000004,9.600000000000001
15,1,0.0,5.300000000000001,2.4000000000000004,2.90142164572962,0.4,3.6,74.23921203613281,2.4927213191986084,5.977357864379883,4.800000190734863,1,2.4937548637390137,2.9000000000000004,9.600000000000001
15,1,0.0,5.300000000000001,2.4000000000000004,2.90142164572962,0.4,3.6,74.73921203613281,0.0,,,0,2.487722635269165,2.9000000000000004,9.600000000000001
15,1,0.0,5.300000000000001,2.4000000000000004,2.90142164572962,0.4,3.6,75.23921203613281,2.4808743000030518,5.932350158691406,4.800000190734863,1,2.481907844543457,2.9000000000000004,9.600000000000001
15,1,0.0,5.300000000000001,2.4000000000000004,2.90142164572962,0.4,3.6,75.73921203613281,2.4752750396728516,5.910003185272217,4.800000190734863,1,2.476308584213257,2.9000000000000004,9.600000000000001
15,1,0.0,5.300000000000001,2.4000000000000004,2.90142164572962,0.4,3.6,76.23921203613281,2.46988844871521,5.887754917144775,4.800000190734863,1,2.4709219932556152,2.9000000000000004,9.600000000000001
15,1,0.0,5.300000000000001,2.4000000000000004,2.90142164572962,0.4,3.6,76.73921203613281,2.4647128582000732,5.865602016448975,4.800000190734863,1,2.4657464027404785,2.9000000000000004,9.600000000000001
15,1,0.0,5.300000000000001,2.4000000000000004,2.90142164572962,0.4,3.6,77.23921203613281,2.4597458839416504,5.843539237976074,4.800000190734863,1,2.4607794284820557,2.9000000000000004,9.600000000000001
15,1,0.0,5.300000000000001,2.4000000000000004,2.90142164572962,0.4,3.6,77.73921203613281,0.0,,,0,2.4560189247131348,2.9000000000000004,9.600000000000001
15,1,0.0,5.300000000000001,2.4000000000000004,2.90142164572962,0.4,3.6,78.23921203613281,0.0,,,0,2.451463222503662,2.9000000000000004,9.600000000000001
15,1,0.0,5.300000000000001,2.4000000000000004,2.90142164572962,0.4,3.6,78.73921203613281,0.0,,,0,2.447110414505005,2.9000000000000004,9.600000000000001
15,1,0.0,5.300000000000001,2.4000000000000004,2.90142164572962,0.4,3.6,79.23921203613281,2.441925287246704,5.75612211227417,4.800000190734863,1,2.4429588317871094,2.9000000000000004,9.600000000000001
15,1,0.0,5.300000000000001,2.4000000000000004,2.90142164572962,0.4,3.6,79.73921203613281,2.4379730224609375,5.734457015991211,4.800000190734863,1,2.4390065670013428,2.9000000000000004,9.600000000000001
15,1,0.0,5.300000000000001,2.4000000000000004,2.90142164572962,0.4,3.6,80.23921203613281,2.4342188835144043,5.712860584259033,4.800000190734863,1,2.4352524280548096,2.9000000000000004,9.600000000000001
15,1,0.0,5.300000000000001,2.4000000000000004,2.90142164572962,0.4,3.6,80.73921203613281,2.4306609630584717,5.691328525543213,4.800000190734863,1,2.431694507598877,2.9000000000000004,9.600000000000001
15,1,0.0,5.300000000000001,2.4000000000000004,2.90142164572962,0.4,3.6,81.23921203613281,2.427298069000244,5.669857978820801,4.800000190734863,1,2.4283316135406494,2.9000000000000004,9.600000000000001
15,1,0.0,5.300000000000001,2.4000000000000004,2.90142164572962,0.4,3.6,81.73921203613281,2.424129009246826,5.648444652557373,4.800000190734863,1,2.4251625537872314,2.9000000000000004,9.600000000000001
15,1,0.0,5.300000000000001,2.4000000000000004,2.90142164572962,0.4,3.6,82.23921203613281,0.0,,,0,2.4221861362457275,2.9000000000000004,9.600000000000001
15,1,0.0,5.300000000000001,2.4000000000000004,2.90142164572962,0.4,3.6,82.73921203613281,2.4183671474456787,5.605777740478516,4.800000190734863,1,2.419400691986084,2.9000000000000004,9.600000000000001
15,1,0.0,5.300000000000001,2.4000000000000004,2.90142164572962,0.4,3.6,83.23921203613281,2.4157721996307373,5.584517002105713,4.800000190734863,1,2.4168057441711426,2.9000000000000004,9.600000000000001
15,1,0.0,5.300000000000001,2.4000000000000004,2.90142164572962,0.4,3.6,83.73921203613281,2.4133663177490234,5.563300132751465,4.800000190734863,1,2.4143998622894287,2.9000000000000004,9.600000000000001
15,1,0.0,5.300000000000001,2.4000000000000004,2.90142164572962,0.4,3.6,84.23921203613281,2.4111487865448,5.542123794555664,4.800000190734863,1,2.412182331085205,2.9000000000000004,9.600000000000001
15,1,0.0,5.300000000000001,2.4000000000000004,2.90142164572962,0.4,3.6,84.73921203613281,2.409118890762329,5.520984649658203,4.800000190734863,1,2.4101524353027344,2.9000000000000004,9.600000000000001
15,1,0.0,5.300000000000001,2.4000000000000004,2.90142164572962,0.4,3.6,85.23921203613281,2.407275438308716,5.499879360198975,4.800000190734863,1,2.408308982849121,2.9000000000000004,9.600000000000001
15,1,0.0,5.300000000000001,2.4000000000000004,2.90142164572962,0.4,3.6,85.73921203613281,0.0,,,0,2.406651496887207,2.9000000000000004,9.600000000000001
15,1,0.0,5.300000000000001,2.4000000000000004,2.90142164572962,0.4,3.6,86.23921203613281,0.0,,,0,2.405179262161255,2.9000000000000004,9.600000000000001
15,1,0.0,5.300000000000001,2.4000000000000004,2.90142164572962,0.4,3.6,86.73921203613281,2.4028584957122803,5.436735153198242,4.800000190734863,1,2.4038920402526855,2.9000000000000004,9.600000000000001
15,1,0.0,5.300000000000001,2.4000000000000004,2.90142164572962,0.4,3.6,87.23921203613281,2.4017553329467773,5.4157328605651855,4.800000190734863,1,2.4027888774871826,2.9000000000000004,9.600000000000001
15,1,0.0,5.300000000000001,2.4000000000000004,2.90142164572962,0.4,3.6,87.73921203613281,2.4008359909057617,5.394748687744141,4.800000190734863,1,2.401869535446167,2.9000000000000004,9.600000000000001
15,1,0.0,5.300000000000001,2.4000000000000004,2.90142164572962,0.4,3.6,88.23921203613281,2.4001002311706543,5.373778820037842,4.800000190734863,1,2.4011337757110596,2.9000000000000004,9.600000000000001
15,1,0.0,5.300000000000001,2.4000000000000004,2.90142164572962,0.4,3.6,88.73921203613281,2.399547576904297,5.35282039642334,4.800000190734863,1,2.400581121444702,2.9000000000000004,9.600000000000001
15,1,0.0,5.300000000000001,2.4000000000000004,2.90142164572962,0.4,3.6,89.23921203613281,2.3991780281066895,5.331869602203369,4.800000190734863,1,2.4002115726470947,2.9000000000000004,9.600000000000001
15,1,0.0,5.300000000000001,2.4000000000000004,2.90142164572962,0.4,3.6,89.73921203613281,2.398991346359253,5.310924053192139,4.800000190734863,1,2.400024890899658,2.9000000000000004,9.600000000000001
15,1,0.0,5.300000000000001,2.4000000000000004,2.90142164572962,0.4,3.6,90.23921203613281,0.0,,,0,2.4000208377838135,2.9000000000000004,9.600000000000001
15,1,0.0,5.300000000000001,2.4000000000000004,2.90142164572962,0.4,3.6,90.73921203613281,0.0,,,0,2.4001996517181396,2.9000000000000004,9.600000000000001
15,1,0.0,5.300000000000001,2.4000000000000004,2.90142164572962,0.4,3.6,91.23921203613281,2.3995280265808105,5.248083591461182,4.800000190734863,1,2.400561571121216,2.9000000000000004,9.600000000000001
15,1,0.0,5.300000000000001,2.4000000000000004,2.90142164572962,0.4,3.6,91.73921203613281,2.4000725746154785,5.227125644683838,4.800000190734863,1,2.401106119155884,2.9000000000000004,9.600000000000001
15,1,0.0,5.300000000000001,2.4000000000000004,2.90142164572962,0.4,3.6,92.23921203613281,2.4008004665374756,5.206156253814697,4.800000190734863,1,2.401834011077881,2.9000000000000004,9.600000000000001
15,1,0.0,5.300000000000001,2.4000000000000004,2.90142164572962,0.4,3.6,92.73921203613281,2.401711940765381,5.1851725578308105,4.800000190734863,1,2.402745485305786,2.9000000000000004,9.600000000000001
15,1,0.0,5.300000000000001,2.4000000000000004,2.90142164572962,0.4,3.6,93.23921203613281,2.4028069972991943,5.16417121887207,4.800000190734863,1,2.4038405418395996,2.9000000000000004,9.600000000000001
15,1,0.0,5.300000000000001,2.4000000000000004,2.90142164572962,0.4,3.6,93.73921203613281,2.4040863513946533,5.143149375915527,4.800000190734863,1,2.4051198959350586,2.9000000000000004,9.600000000000001
15,1,0.0,5.300000000000001,2.4000000000000004,2.90142164572962,0.4,3.6,94.23921203613281,2.405550479888916,5.122103214263916,4.800000190734863,1,2.4065840244293213,2.9000000000000004,9.600000000000001
15,1,0.0,5.300000000000001,2.4000000000000004,2.90142164572962,0.4,3.6,94.73921203613281,0.0,,,0,2.408233642578125,2.9000000000000004,9.600000000000001
15,1,0.0,5.300000000000001,2.4000000000000004,2.90142164572962,0.4,3.6,95.23921203613281,0.0,,,0,2.410068988800049,2.9000000000000004,9.600000000000001
15,1,0.0,5.300000000000001,2.4000000000000004,2.90142164572962,0.4,3.6,95.73921203613281,0.0,,,0,2.412091016769409,2.9000000000000004,9.600000000000001
15,1,0.0,5.300000000000001,2.4000000000000004,2.90142164572962,0.4,3.6,96.23921203613281,2.413266897201538,5.037614345550537,4.800000190734863,1,2.4143004417419434,2.9000000000000004,9.600000000000001
15,1,0.0,5.300000000000001,2.4000000000000004,2.90142164572962,0.4,3.6,96.73921203613281,2.4156644344329834,5.016399383544922,4.800000190734863,1,2.4166979789733887,2.9000000000000004,9.600000000000001
15,1,0.0,5.300000000000001,2.4000000000000004,2.90142164572962,0.4,3.6,97.23921203613281,0.0,,,0,2.4192848205566406,2.9000000000000004,9.600000000000001
15,1,0.0,5.300000000000001,2.4000000000000004,2.90142164572962,0.4,3.6,97.73921203613281,2.4210283756256104,4.97383451461792,4.800000190734863,1,2.4220619201660156,2.9000000000000004,9.600000000000001
15,1,0.0,5.300000000000001,2.4000000000000004,2.90142164572962,0.4,3.6,98.23921203613281,2.423996686935425,4.952477931976318,4.800000190734863,1,2.42503023147583,2.9000000000000004,9.600000000000001
15,1,0.0,5.300000000000001,2.4000000000000004,2.90142164572962,0.4,3.6,98.73921203613281,2.427157402038574,4.931066989898682,4.800000190734863,1,2.4281909465789795,2.9000000000000004,9.600000000000001
15,1,0.0,5.300000000000001,2.4000000000000004,2.90142164572962,0.4,3.6,99.23921203613281,2.430511951446533,4.9095988273620605,4.800000190734863,1,2.4315454959869385,2.9000000000000004,9.600000000000001
15,1,0.0,5.300000000000001,2.4000000000000004,2.90142164572962,0.4,3.6,99.73921203613281,0.0,,,0,2.4350948333740234,2.9000000000000004,9.600000000000001
15,1,0.0,5.300000000000001,2.4000000000000004,2.90142164572962,0.4,3.6,100.23921203613281,0.0,,,0,2.438840627670288,2.9000000000000004,9.600000000000001
15,1,0.0,5.300000000000001,2.4000000000000004,2.90142164572962,0.4,3.6,100.73921203613281,0.0,,,0,2.442784070968628,2.9000000000000004,9.600000000000001
15,1,0.0,5.300000000000001,2.4000000000000004,2.90142164572962,0.4,3.6,101.23921203613281,0.0,,,0,2.446927309036255,2.9000000000000004,9.600000000000001
15,1,0.0,5.300000000000001,2.4000000000000004,2.90142164572962,0.4,3.6,101.73921203613281,2.45023775100708,4.801270484924316,4.800000190734863,1,2.4512712955474854,2.9000000000000004,9.600000000000001
15,1,0.0,5.300000000000001,2.4000000000000004,2.90142164572962,0.4,3.6,102.23921203613281,0.0,,,0,2.4558181762695312,2.9000000000000004,9.600000000000001
15,1,0.0,5.300000000000001,2.4000000000000004,2.90142164572962,0.4,3.6,102.73921203613281,2.45953631401062,4.757410526275635,4.800000190734863,1,2.4605698585510254,2.9000000000000004,9.600000000000001
15,1,0.0,5.300000000000001,2.4000000000000004,2.90142164572962,0.4,3.6,103.23921203613281,2.464494228363037,4.735352039337158,4.800000190734863,1,2.4655277729034424,2.9000000000000004,9.600000000000001
15,1,0.0,5.300000000000001,2.4000000000000004,2.90142164572962,0.4,3.6,103.73921203613281,2.469660997390747,4.713202476501465,4.800000190734863,1,2.4706945419311523,2.9000000000000004,9.600000000000001
15,1,0.0,5.300000000000001,2.4000000000000004,2.90142164572962,0.4,3.6,104.23921203613281,2.4750382900238037,4.690958499908447,4.800000190734863,1,2.476071834564209,2.9000000000000004,9.600000000000001
15,1,0.0,5.300000000000001,2.4000000000000004,2.90142164572962,0.4,3.6,104.73921203613281,0.0,,,0,2.4816620349884033,2.9000000000000004,9.600000000000001
15,1,0.0,5.300000000000001,2.4000000000000004,2.90142164572962,0.4,3.6,105.23921203613281,2.486433744430542,4.646170139312744,4.800000190734863,1,2.4874672889709473,2.9000000000000004,9.600000000000001
15,1,0.0,5.300000000000001,2.4000000000000004,2.90142164572962,0.4,3.6,105.73921203613281,2.4924566745758057,4.623617649078369,4.800000190734863,1,2.493490219116211,2.9000000000000004,9.600000000000001
15,1,0.0,5.300000000000001,2.4000000000000004,2.90142164572962,0.4,3.6,106.23921203613281,2.498699426651001,4.600954055786133,4.800000190734863,1,2.4997329711914062,2.9000000000000004,9.600000000000001
15,1,0.0,5.300000000000001,2.4000000000000004,2.90142164572962,0.4,3.6,106.73921203613281,2.5051651000976562,4.578174591064453,4.800000190734863,1,2.5061986446380615,2.9000000000000004,9.600000000000001
15,1,0.0,5.300000000000001,2.4000000000000004,2.90142164572962,0.4,3.6,107.23921203613281,2.5118560791015625,4.5552754402160645,4.800000190734863,1,2.5128896236419678,2.9000000000000004,9.600000000000001
15,1,0.0,5.300000000000001,2.4000000000000004,2.90142164572962,0.4,3.6,107.73921203613281,2.518775463104248,4.532251834869385,4.800000190734863,1,2.5198090076446533,2.9000000000000004,9.600000000000001
15,1,0.0,5.300000000000001,2.4000000000000004,2.90142164572962,0.4,3.6,108.23921203613281,2.525925874710083,4.50909948348999,4.800000190734863,1,2.5269594192504883,2.9000000000000004,9.600000000000001
15,1,0.0,5.300000000000001,2.4000000000000004,2.90142164572962,0.4,3.6,108.73921203613281,2.5333104133605957,4.485813617706299,4.800000190734863,1,2.534343957901001,2.9000000000000004,9.600000000000001
15,1,0.0,5.300000000000001,2.4000000000000004,2.90142164572962,0.4,3.6,109.23921203613281,2.5409326553344727,4.4623894691467285,4.800000190734863,1,2.541966199874878,2.9000000000000004,9.600000000000001
15,1,0.0,5.300000000000001,2.4000000000000004,2.90142164572962,0.4,3.6,109.73921203613281,2.548795461654663,4.438821792602539,4.800000190734863,1,2.5498290061950684,2.9000000000000004,9.600000000000001
15,1,0.0,5.300000000000001,2.4000000000000004,2.90142164572962,0.4,3.6,110.23921203613281,2.5569024085998535,4.415106296539307,4.800000190734863,1,2.557935953140259,2.9000000000000004,9.600000000000001
15,1,0.0,5.300000000000001,2.4000000000000004,2.90142164572962,0.4,3.6,110.73921203613281,2.5652573108673096,4.391237735748291,4.800000190734863,1,2.566290855407715,2.9000000000000004,9.600000000000001
15,1,0.0,5.300000000000001,2.4000000000000004,2.90142164572962,0.4,3.6,111.23921203613281,2.5738635063171387,4.367210865020752,4.800000190734863,1,2.574897050857544,2.9000000000000004,9.600000000000001
15,1,0.0,5.300000000000001,2.4000000000000004,2.90142164572962,0.4,3.6,111.73921203613281,2.5827252864837646,4.343020915985107,4.800000190734863,1,2.58375883102417,2.9000000000000004,9.600000000000001
15,1,0.0,5.300000000000001,2.4000000000000004,2.90142164572962,0.4,3.6,112.23921203613281,2.591846227645874,4.318661212921143,4.800000190734863,1,2.5928797721862793,2.9000000000000004,9.600000000000001
15,1,0.0,5.300000000000001,2.4000000000000004,2.90142164572962,0.4,3.6,112.73921203613281,2.6012306213378906,4.294127464294434,4.800000190734863,1,2.602264165878296,2.9000000000000004,9.600000000000001
15,1,0.0,5.300000000000001,2.4000000000000004,2.90142164572962,0.4,3.6,113.23921203613281,2.6108829975128174,4.269413948059082,4.800000190734863,1,2.6119165420532227,2.9000000000000004,9.600000000000001
15,1,0.0,5.300000000000001,2.4000000000000004,2.90142164572962,0.4,3.6,113.73921203613281,2.620807647705078,4.244513988494873,4.800000190734863,1,2.6218411922454834,2.9000000000000004,9.600000000000001
15,1,0.0,5.300000000000001,2.4000000000000004,2.90142164572962,0.4,3.6,114.23921203613281,2.631009101867676,4.219422340393066,4.800000190734863,1,2.632042646408081,2.9000000000000004,9.600000000000001
15,1,0.0,5.300000000000001,2.4000000000000004,2.90142164572962,0.4,3.6,114.73921203613281,2.6414923667907715,4.1941328048706055,4.800000190734863,1,2.6425259113311768,2.9000000000000004,9.600000000000001
15,1,0.0,5.300000000000001,2.4000000000000004,2.90142164572962,0.4,3.6,115.23921203613281,0.0,,,0,2.6532957553863525,2.9000000000000004,9.600000000000001
15,1,0.0,5.300000000000001,2.4000000000000004,2.90142164572962,0.4,3.6,115.73921203613281,2.6633241176605225,4.142934322357178,4.800000190734863,1,2.6643576622009277,2.9000000000000004,9.600000000000001
15,1,0.0,5.300000000000001,2.4000000000000004,2.90142164572962,0.4,3.6,116.23921203613281,0.0,,,0,2.6757166385650635,2.9000000000000004,9.600000000000001
15,1,0.0,5.300000000000001,2.4000000000000004,2.90142164572962,0.4,3.6,116.73921203613281,2.686344861984253,4.090867042541504,4.800000190734863,1,2.687378406524658,2.9000000000000004,9.600000000000001
15,1,0.0,5.300000000000001,2.4000000000000004,2.90142164572962,0.4,3.6,117.23921203613281,2.698315382003784,4.06449031829834,4.800000190734863,1,2.6993489265441895,2.9000000000000004,9.600000000000001
15,1,0.0,5.300000000000001,2.4000000000000004,2.90142164572962,0.4,3.6,117.73921203613281,2.7106001377105713,4.037875652313232,4.800000190734863,1,2.7116336822509766,2.9000000000000004,9.600000000000001
15,1,0.0,5.300000000000001,2.4000000000000004,2.90142164572962,0.4,3.6,118.23921203613281,2.723206043243408,4.01101541519165,4.800000190734863,1,2.7242395877838135,2.9000000000000004,9.600000000000001
15,1,0.0,5.300000000000001,2.4000000000000004,2.90142164572962,0.4,3.6,118.73921203613281,0.0,,,0,2.7371723651885986,2.9000000000000004,9.600000000000001
15,1,0.0,5.300000000000001,2.4000000000000004,2.90142164572962,0.4,3.6,119.23921203613281,2.7494053840637207,3.956528902053833,4.800000190734863,1,2.750438928604126,2.9000000000000004,9.600000000000001
15,1,0.0,5.300000000000001,2.4000000000000004,2.90142164572962,0.4,3.6,119.73921203613281,2.7630128860473633,3.9288861751556396,4.800000190734863,1,2.7640464305877686,2.9000000000000004,9.600000000000001
15,1,0.0,5.300000000000001,2.4000000000000004,2.90142164572962,0.4,3.6,120.23921203613281,2.776968240737915,3.9009666442871094,4.800000190734863,1,2.7780017852783203,2.9000000000000004,9.600000000000001
15,1,0.0,5.300000000000001,2.4000000000000004,2.90142164572962,0.4,3.6,120.73921203613281,2.7912790775299072,3.8727617263793945,4.800000190734863,1,2.7923126220703125,2.9000000000000004,9.600000000000001
15,1,0.0,5.300000000000001,2.4000000000000004,2.90142164572962,0.4,3.6,121.23921203613281,2.805952787399292,3.8442623615264893,4.800000190734863,1,2.8069863319396973,2.9000000000000004,9.600000000000001
15,1,0.0,5.300000000000001,2.4000000000000004,2.90142164572962,0.4,3.6,121.73921203613281,2.820997714996338,3.815459728240967,4.800000190734863,1,2.822031259536743,2.9000000000000004,9.600000000000001
15,1,0.0,5.300000000000001,2.4000000000000004,2.90142164572962,0.4,3.6,122.23921203613281,2.8364219665527344,3.786344289779663,4.800000190734863,1,2.8374555110931396,2.9000000000000004,9.600000000000001
15,1,0.0,5.300000000000001,2.4000000000000004,2.90142164572962,0.4,3.6,122.73921203613281,2.852234125137329,3.756906747817993,4.800000190734863,1,2.8532676696777344,2.9000000000000004,9.600000000000001
15,1,0.0,5.300000000000001,2.4000000000000004,2.90142164572962,0.4,3.6,123.23921203613281,2.868443489074707,3.7271368503570557,4.800000190734863,1,2.8694770336151123,2.9000000000000004,9.600000000000001
15,1,0.0,5.300000000000001,2.4000000000000004,2.90142164572962,0.4,3.6,123.73921203613281,0.0,,,0,2.8860924243927,2.9000000000000004,9.600000000000001
15,1,0.0,5.300000000000001,2.4000000000000004,2.90142164572962,0.4,3.6,124.23921203613281,2.902090311050415,3.6665592193603516,4.800000190734863,1,2.9031238555908203,2.9000000000000004,9.600000000000001
15,1,0.0,5.300000000000001,2.4000000000000004,2.90142164572962,0.4,3.6,124.73921203613281,2.9195477962493896,3.6357297897338867,4.800000190734863,1,2.920581340789795,2.9000000000000004,9.600000000000001
15,1,0.0,5.300000000000001,2.4000000000000004,2.90142164572962,0.4,3.6,125.23921203613281,2.9243505001068115,3.6120784282684326,4.789308071136475,1,2.925384044647217,2.9000000000000004,9.600000000000001
15,1,0.0,5.300000000000001,2.4000000000000004,2.90142164572962,0.4,3.6,125.73921203613281,2.888763666152954,3.6120784282684326,4.745602130889893,1,2.8897972106933594,2.9000000000000004,9.600000000000001
15,1,0.0,5.300000000000001,2.4000000000000004,2.90142164572962,0.4,3.6,126.23921203613281,2.8542470932006836,3.6120784282684326,4.702943325042725,1,2.855280637741089,2.9000000000000004,9.600000000000001
15,1,0.0,5.300000000000001,2.4000000000000004,2.90142164572962,0.4,3.6,126.73921203613281,0.0,,,0,2.821791410446167,2.9000000000000004,9.600000000000001
15,1,0.0,5.300000000000001,2.4000000000000004,2.90142164572962,0.4,3.6,127.23921203613281,2.788254976272583,3.6120784282684326,4.620596885681152,1,2.7892885208129883,2.9000000000000004,9.600000000000001
15,1,0.0,5.300000000000001,2.4000000000000004,2.90142164572962,0.4,3.6,127.73921203613281,0.0,,,0,2.7577333450317383,2.9000000000000004,9.600000000000001
15,1,0.0,5.300000000000001,2.4000000000000004,2.90142164572962,0.4,3.6,128.2392120361328,2.7260560989379883,3.6120784282684326,4.541947364807129,1,2.7270896434783936,2.9000000000000004,9.600000000000001
15,1,0.0,5.300000000000001,2.4000000000000004,2.90142164572962,0.4,3.6,128.7392120361328,2.6962890625,3.6120784282684326,4.503917694091797,1,2.6973226070404053,2.9000000000000004,9.600000000000001
15,1,0.0,5.300000000000001,2.4000000000000004,2.90142164572962,0.4,3.6,129.2392120361328,2.6673660278320312,3.6120784282684326,4.4667067527771,1,2.6683995723724365,2.9000000000000004,9.600000000000001
15,1,0.0,5.300000000000001,2.4000000000000004,2.90142164572962,0.4,3.6,129.7392120361328,2.6392552852630615,3.6120784282684326,4.430282115936279,1,2.640288829803467,2.9000000000000004,9.600000000000001
15,1,0.0,5.300000000000001,2.4000000000000004,2.90142164572962,0.4,3.6,130.2392120361328,2.6119277477264404,3.6120784282684326,4.3946146965026855,1,2.6129612922668457,2.9000000000000004,9.600000000000001
15,1,0.0,5.300000000000001,2.4000000000000004,2.90142164572962,0.4,3.6,130.7392120361328,0.0,,,0,2.58638858795166,2.9000000000000004,9.600000000000001
15,1,0.0,5.300000000000001,2.4000000000000004,2.90142164572962,0.4,3.6,131.2392120361328,2.5595104694366455,3.6120784282684326,4.325436592102051,1,2.560544013977051,2.9000000000000004,9.600000000000001
15,1,0.0,5.300000000000001,2.4000000000000004,2.90142164572962,0.4,3.6,131.7392120361328,2.5343685150146484,3.6120784282684326,4.291872978210449,1,2.5354020595550537,2.9000000000000004,9.600000000000001
15,1,0.0,5.300000000000001,2.4000000000000004,2.90142164572962,0.4,3.6,132.2392120361328,2.509904623031616,3.6120784282684326,4.258959770202637,1,2.5109381675720215,2.9000000000000004,9.600000000000001
15,1,0.0,5.300000000000001,2.4000000000000004,2.90142164572962,0.4,3.6,132.7392120361328,2.486095905303955,3.6120784282684326,4.226673126220703,1,2.4871294498443604,2.9000000000000004,9.600000000000001
15,1,0.0,5.300000000000001,2.4000000000000004,2.90142164572962,0.4,3.6,133.2392120361328,2.462920665740967,3.6120784282684326,4.194990158081055,1,2.463954210281372,2.9000000000000004,9.600000000000001
15,1,0.0,5.300000000000001,2.4000000000000004,2.90142164572962,0.4,3.6,133.7392120361328,2.440357208251953,3.6120784282684326,4.163890361785889,1,2.4413907527923584,2.9000000000000004,9.600000000000001
15,1,0.0,5.300000000000001,2.4000000000000004,2.90142164572962,0.4,3.6,134.2392120361328,2.4183859825134277,3.6120784282684326,4.133352756500244,1,2.419419527053833,2.9000000000000004,9.600000000000001
15,1,0.0,5.300000000000001,2.4000000000000004,2.90142164572962,0.4,3.6,134.7392120361328,2.3969876766204834,3.6120784282684326,4.103357315063477,1,2.3980212211608887,2.9000000000000004,9.600000000000001
15,1,0.0,5.300000000000001,2.4000000000000004,2.90142164572962,0.4,3.6,135.2392120361328,2.3761439323425293,3.6120784282684326,4.073885440826416,1,2.3771774768829346,2.9000000000000004,9.600000000000001
15,1,0.0,5.300000000000001,2.4000000000000004,2.90142164572962,0.4,3.6,135.7392120361328,2.355837345123291,3.6120784282684326,4.044919967651367,1,2.3568708896636963,2.9000000000000004,9.600000000000001
15,1,0.0,5.300000000000001,2.4000000000000004,2.90142164572962,0.4,3.6,136.2392120361328,2.3360512256622314,3.6120784282684326,4.01644229888916,1,2.3370847702026367,2.9000000000000004,9.600000000000001
15,1,0.0,5.300000000000001,2.4000000000000004,2.90142164572962,0.4,3.6,136.7392120361328,2.316769599914551,3.6120784282684326,3.9884371757507324,1,2.317803144454956,2.9000000000000004,9.600000000000001
15,1,0.0,5.300000000000001,2.4000000000000004,2.90142164572962,0.4,3.6,137.2392120361328,2.2979772090911865,3.6120784282684326,3.960887908935547,1,2.299010753631592,2.9000000000000004,9.600000000000001
15,1,0.0,5.300000000000001,2.4000000000000004,2.90142164572962,0.4,3.6,137.7392120361328,2.2796595096588135,3.6120784282684326,3.9337799549102783,1,2.2806930541992188,2.9000000000000004,9.600000000000001
15,1,0.0,5.300000000000001,2.4000000000000004,2.90142164572962,0.4,3.6,138.2392120361328,2.2618021965026855,3.6120784282684326,3.9070985317230225,1,2.262835741043091,2.9000000000000004,9.600000000000001
15,1,0.0,5.300000000000001,2.4000000000000004,2.90142164572962,0.4,3.6,138.7392120361328,0.0,,,0,2.2454254627227783,2.9000000000000004,9.600000000000001
15,1,0.0,5.300000000000001,2.4000000000000004,2.90142164572962,0.4,3.6,139.2392120361328,0.0,,,0,2.228449583053589,2.9000000000000004,9.600000000000001
15,1,0.0,5.300000000000001,2.4000000000000004,2.90142164572962,0.4,3.6,139.7392120361328,2.210862159729004,3.6120784282684326,3.8294765949249268,1,2.211895704269409,2.9000000000000004,9.600000000000001
15,1,0.0,5.300000000000001,2.4000000000000004,2.90142164572962,0.4,3.6,140.2392120361328,2.194718360900879,3.6120784282684326,3.8043670654296875,1,2.195751905441284,2.9000000000000004,9.600000000000001
15,1,0.0,5.300000000000001,2.4000000000000004,2.90142164572962,0.4,3.6,140.7392120361328,2.1789731979370117,3.6120784282684326,3.7796196937561035,1,2.180006742477417,2.9000000000000004,9.600000000000001
15,1,0.0,5.300000000000001,2.4000000000000004,2.90142164572962,0.4,3.6,141.2392120361328,2.163616180419922,3.6120784282684326,3.755222797393799,1,2.164649724960327,2.9000000000000004,9.600000000000001
15,1,0.0,5.300000000000001,2.4000000000000004,2.90142164572962,0.4,3.6,141.7392120361328,2.1486363410949707,3.6120784282684326,3.7311654090881348,1,2.149669885635376,2.9000000000000004,9.600000000000001
15,1,0.0,5.300000000000001,2.4000000000000004,2.90142164572962,0.4,3.6,142.2392120361328,2.134023904800415,3.6120784282684326,3.7074368000030518,1,2.1350574493408203,2.9000000000000004,9.600000000000001
15,1,0.0,5.300000000000001,2.4000000000000004,2.90142164572962,0.4,3.6,142.7392120361328,2.119769334793091,3.6120784282684326,3.6840269565582275,1,2.120802879333496,2.9000000000000004,9.600000000000001
15,1,0.0,5.300000000000001,2.4000000000000004,2.90142164572962,0.4,3.6,143.2392120361328,2.105863094329834,3.6120784282684326,3.66092586517334,1,2.1068966388702393,2.9000000000000004,9.600000000000001
15,1,0.0,5.300000000000001,2.4000000000000004,2.90142164572962,0.4,3.6,143.7392120361328,2.0922963619232178,3.6120784282684326,3.6381239891052246,1,2.093329906463623,2.9000000000000004,9.600000000000001
15,1,0.0,5.300000000000001,2.4000000000000004,2.90142164572962,0.4,3.6,144.2392120361328,2.0790607929229736,3.6120784282684326,3.615612030029297,1,2.080094337463379,2.9000000000000004,9.600000000000001
15,1,0.0,5.300000000000001,2.4000000000000004,2.90142164572962,0.4,3.6,144.7392120361328,2.066147804260254,3.6120784282684326,3.593381404876709,1,2.067181348800659,2.9000000000000004,9.600000000000001
15,1,0.0,5.300000000000001,2.4000000000000004,2.90142164572962,0.4,3.6,145.2392120361328,2.0535497665405273,3.6120784282684326,3.5714235305786133,1,2.0545833110809326,2.9000000000000004,9.600000000000001
15,1,0.0,5.300000000000001,2.4000000000000004,2.90142164572962,0.4,3.6,145.7392120361328,2.0412588119506836,3.6120784282684326,3.549730062484741,1,2.042292356491089,2.9000000000000004,9.600000000000001
15,1,0.0,5.300000000000001,2.4000000000000004,2.90142164572962,0.4,3.6,146.2392120361328,2.0292677879333496,3.6120784282684326,3.5282928943634033,1,2.030301332473755,2.9000000000000004,9.600000000000001
15,1,0.0,5.300000000000001,2.4000000000000004,2.90142164572962,0.4,3.6,146.7392120361328,2.0175697803497314,3.6120784282684326,3.5071041584014893,1,2.0186033248901367,2.9000000000000004,9.600000000000001
15,1,0.0,5.300000000000001,2.4000000000000004,2.90142164572962,0.4,3.6,147.2392120361328,2.006157636642456,3.6120784282684326,3.486156940460205,1,2.0071911811828613,2.9000000000000004,9.600000000000001
15,1,0.0,5.300000000000001,2.4000000000000004,2.90142164572962,0.4,3.6,147.7392120361328,1.9950248003005981,3.6120784282684326,3.4654433727264404,1,1.9960583448410034,2.9000000000000004,9.600000000000001
15,1,0.0,5.300000000000001,2.4000000000000004,2.90142164572962,0.4,3.6,148.2392120361328,1.9841653108596802,3.6120784282684326,3.4449570178985596,1,1.9851988554000854,2.9000000000000004,9.600000000000001
15,1,0.0,5.300000000000001,2.4000000000000004,2.90142164572962,0.4,3.6,148.7392120361328,1.973572850227356,3.6120784282684326,3.4246907234191895,1,1.9746063947677612,2.9000000000000004,9.600000000000001
15,1,0.0,5.300000000000001,2.4000000000000004,2.90142164572962,0.4,3.6,149.2392120361328,1.9632415771484375,3.6120784282684326,3.4046380519866943,1,1.9642751216888428,2.9000000000000004,9.600000000000001
15,1,0.0,5.300000000000001,2.4000000000000004,2.90142164572962,0.4,3.6,149.7392120361328,1.9531660079956055,3.6120784282684326,3.3847925662994385,1,1.9541995525360107,2.9000000000000004,9.600000000000001
15,1,0.0,5.300000000000001,2.4000000000000004,2.90142164572962,0.4,3.6,150.2392120361328,1.943340539932251,3.6120784282684326,3.3651483058929443,1,1.9443740844726562,2.9000000000000004,9.600000000000001
15,1,0.0,5.300000000000001,2.4000000000000004,2.90142164572962,0.4,3.6,150.7392120361328,1.9337599277496338,3.6120784282684326,3.345698833465576,1,1.934793472290039,2.9000000000000004,9.600000000000001
15,1,0.0,5.300000000000001,2.4000000000000004,2.90142164572962,0.4,3.6,151.2392120361328,1.9244191646575928,3.6120784282684326,3.3264389038085938,1,1.925452709197998,2.9000000000000004,9.600000000000001
15,1,0.0,5.300000000000001,2.4000000000000004,2.90142164572962,0.4,3.6,151.7392120361328,1.915313482284546,3.6120784282684326,3.3073625564575195,1,1.9163470268249512,2.9000000000000004,9.600000000000001
15,1,0.0,5.300000000000001,2.4000000000000004,2.90142164572962,0.4,3.6,152.2392120361328,1.9064381122589111,3.6120784282684326,3.288464307785034,1,1.9074716567993164,2.9000000000000004,9.600000000000001
15,1,0.0,5.300000000000001,2.4000000000000004,2.90142164572962,0.4,3.6,152.7392120361328,1.897788405418396,3.6120784282684326,3.2697386741638184,1,1.8988219499588013,2.9000000000000004,9.600000000000001
15,1,0.0,5.300000000000001,2.4000000000000004,2.90142164572962,0.4,3.6,153.2392120361328,1.8893601894378662,3.6120784282684326,3.25118088722229,1,1.8903937339782715,2.9000000000000004,9.600000000000001
15,1,0.0,5.300000000000001,2.4000000000000004,2.90142164572962,0.4,3.6,153.7392120361328,1.8811490535736084,3.6120784282684326,3.232785940170288,1,1.8821825981140137,2.9000000000000004,9.600000000000001
15,1,0.0,5.300000000000001,2.4000000000000004,2.90142164572962,0.4,3.6,154.2392120361328,1.873151183128357,3.6120784282684326,3.214548349380493,1,1.8741847276687622,2.9000000000000004,9.600000000000001
15,1,0.0,5.300000000000001,2.4000000000000004,2.90142164572962,0.4,3.6,154.7392120361328,1.8653624057769775,3.6120784282684326,3.1964638233184814,1,1.8663959503173828,2.9000000000000004,9.600000000000001
15,1,0.0,5.300000000000001,2.4000000000000004,2.90142164572962,0.4,3.6,155.2392120361328,1.8577791452407837,3.6120784282684326,3.17852783203125,1,1.858812689781189,2.9000000000000004,9.600000000000001
15,1,0.0,5.300000000000001,2.4000000000000004,2.90142164572962,0.4,3.6,155.7392120361328,1.8503977060317993,3.6120784282684326,3.1607353687286377,1,1.8514312505722046,2.9000000000000004,9.600000000000001
15,1,0.0,5.300000000000001,2.4000000000000004,2.90142164572962,0.4,3.6,156.2392120361328,1.843214511871338,3.6120784282684326,3.143082618713379,1,1.8442480564117432,2.9000000000000004,9.600000000000001
15,1,0.0,5.300000000000001,2.4000000000000004,2.90142164572962,0.4,3.6,156.7392120361328,0.0,,,0,1.8372597694396973,2.9000000000000004,9.600000000000001
15,1,0.0,5.300000000000001,2.4000000000000004,2.90142164572962,0.4,3.6,157.2392120361328,0.0,,,0,1.8304630517959595,2.9000000000000004,9.600000000000001
15,1,0.0,5.300000000000001,2.4000000000000004,2.90142164572962,0.4,3.6,157.7392120361328,0.0,,,0,1.823854923248291,2.9000000000000004,9.600000000000001
15,1,0.0,5.300000000000001,2.4000000000000004,2.90142164572962,0.4,3.6,158.2392120361328,5.059587478637695,0.6000000238418579,4.276135444641113,1,5.0606207847595215,2.9000000000000004,9.600000000000001
15,1,0.0,5.300000000000001,2.4000000000000004,2.90142164572962,0.4,3.6,158.7392120361328,5.042212009429932,0.6000000238418579,4.228748798370361,1,5.043245315551758,2.9000000000000004,9.600000000000001
15,1,0.0,5.300000000000001,2.4000000000000004,2.90142164572962,0.4,3.6,159.2392120361328,5.025336265563965,0.6000000238418579,4.181682586669922,1,5.026369571685791,2.9000000000000004,9.600000000000001
15,1,0.0,5.300000000000001,2.4000000000000004,2.90142164572962,0.4,3.6,159.7392120361328,5.00895357131958,0.6000000238418579,4.134926795959473,1,5.009986877441406,2.9000000000000004,9.600000000000001
15,1,0.0,5.300000000000001,2.4000000000000004,2.90142164572962,0.4,3.6,160.2392120361328,0.0,,,0,4.9940900802612305,2.9000000000000004,9.600000000000001
15,1,0.0,5.300000000000001,2.4000000000000004,2.90142164572962,0.4,3.6,160.7392120361328,4.977638244628906,0.6000000238418579,4.042305946350098,1,4.978671550750732,2.9000000000000004,9.600000000000001
15,1,0.0,5.300000000000001,2.4000000000000004,2.90142164572962,0.4,3.6,161.2392120361328,4.962691307067871,0.6000000238418579,3.9964218139648438,1,4.963724613189697,2.9000000000000004,9.600000000000001
15,1,0.0,5.300000000000001,2.4000000000000004,2.90142164572962,0.4,3.6,161.7392120361328,0.0,,,0,4.949243068695068,2.9000000000000004,9.600000000000001
15,1,0.0,5.300000000000001,2.4000000000000004,2.90142164572962,0.4,3.6,162.2392120361328,4.934187412261963,0.6000000238418579,3.9054572582244873,1,4.935220718383789,2.9000000000000004,9.600000000000001
15,1,0.0,5.300000000000001,2.4000000000000004,2.90142164572962,0.4,3.6,162.7392120361328,4.920617580413818,0.6000000238418579,3.860358953475952,1,4.9216508865356445,2.9000000000000004,9.600000000000001
15,1,0.0,5.300000000000001,2.4000000000000004,2.90142164572962,0.4,3.6,163.2392120361328,4.907495021820068,0.6000000238418579,3.815504312515259,1,4.9085283279418945,2.9000000000000004,9.600000000000001
15,1,0.0,5.300000000000001,2.4000000000000004,2.90142164572962,0.4,3.6,163.7392120361328,4.894814491271973,0.6000000238418579,3.7708849906921387,1,4.895847797393799,2.9000000000000004,9.600000000000001
15,1,0.0,5.300000000000001,2.4000000000000004,2.90142164572962,0.4,3.6,164.2392120361328,4.882570266723633,0.6000000238418579,3.726492166519165,1,4.883603572845459,2.9000000000000004,9.600000000000001
15,1,0.0,5.300000000000001,2.4000000000000004,2.90142164572962,0.4,3.6,164.7392120361328,0.0,,,0,4.871789932250977,2.9000000000000004,9.600000000000001
15,1,0.0,5.300000000000001,2.4000000000000004,2.90142164572962,0.4,3.6,165.2392120361328,4.85936975479126,0.6000000238418579,3.638352870941162,1,4.860403060913086,2.9000000000000004,9.600000000000001
15,1,0.0,5.300000000000001,2.4000000000000004,2.90142164572962,0.4,3.6,165.7392120361328,4.848404407501221,0.6000000238418579,3.5945897102355957,1,4.849437713623047,2.9000000000000004,9.600000000000001
15,1,0.0,5.300000000000001,2.4000000000000004,2.90142164572962,0.4,3.6,166.2392120361328,0.0,,,0,4.838889122009277,2.9000000000000004,9.600000000000001
15,1,0.0,5.300000000000001,2.4000000000000004,2.90142164572962,0.4,3.6,166.7392120361328,4.8277201652526855,0.6000000238418579,3.507636785507202,1,4.828753471374512,2.9000000000000004,9.600000000000001
15,1,0.0,5.300000000000001,2.4000000000000004,2.90142164572962,0.4,3.6,167.2392120361328,4.8179931640625,0.6000000238418579,3.4644315242767334,1,4.819026470184326,2.9000000000000004,9.600000000000001
15,1,0.0,5.300000000000001,2.4000000000000004,2.90142164572962,0.4,3.6,167.7392120361328,0.0,,,0,4.809703826904297,2.9000000000000004,9.600000000000001
15,1,0.0,5.300000000000001,2.4000000000000004,2.90142164572962,0.4,3.6,168.2392120361328,4.79974889755249,0.6000000238418579,3.3785245418548584,1,4.800782203674316,2.9000000000000004,9.600000000000001
15,1,0.0,5.300000000000001,2.4000000000000004,2.90142164572962,0.4,3.6,168.7392120361328,4.791224479675293,0.6000000238418579,3.3358078002929688,1,4.792257785797119,2.9000000000000004,9.600000000000001
15,1,0.0,5.300000000000001,2.4000000000000004,2.90142164572962,0.4,3.6,169.2392120361328,4.78309440612793,0.6000000238418579,3.2932395935058594,1,4.784127712249756,2.9000000000000004,9.600000000000001
15,1,0.0,5.300000000000001,2.4000000000000004,2.90142164572962,0.4,3.6,169.7392120361328,4.775354385375977,0.6000000238418579,3.25081205368042,1,4.776387691497803,2.9000000000000004,9.600000000000001
15,1,0.0,5.300000000000001,2.4000000000000004,2.90142164572962,0.4,3.6,170.2392120361328,4.768002510070801,0.6000000238418579,3.2085185050964355,1,4.769035816192627,2.9000000000000004,9.600000000000001
15,1,0.0,5.300000000000001,2.4000000000000004,2.90142164572962,0.4,3.6,170.7392120361328,4.761034965515137,0.6000000238418579,3.166351795196533,1,4.762068271636963,2.9000000000000004,9.600000000000001
15,1,0.0,5.300000000000001,2.4000000000000004,2.90142164572962,0.4,3.6,171.2392120361328,0.0,,,0,4.7554826736450195,2.9000000000000004,9.600000000000001
15,1,0.0,5.300000000000001,2.4000000000000004,2.90142164572962,0.4,3.6,171.7392120361328,0.0,,,0,4.749276638031006,2.9000000000000004,9.600000000000001
15,1,0.0,5.300000000000001,2.4000000000000004,2.90142164572962,0.4,3.6,172.2392120361328,4.742414474487305,0.6000000238418579,3.0405430793762207,1,4.743447780609131,2.9000000000000004,9.600000000000001
15,1,0.0,5.300000000000001,2.4000000000000004,2.90142164572962,0.4,3.6,172.7392120361328,4.736959934234619,0.6000000238418579,2.998814582824707,1,4.737993240356445,2.9000000000000004,9.600000000000001
15,1,0.0,5.300000000000001,2.4000000000000004,2.90142164572962,0.4,3.6,173.2392120361328,0.0,,,0,4.732911109924316,2.9000000000000004,9.600000000000001
15,1,0.0,5.300000000000001,2.4000000000000004,2.90142164572962,0.4,3.6,173.7392120361328,0.0,,,0,4.7281999588012695,2.9000000000000004,9.600000000000001
15,1,0.0,5.300000000000001,2.4000000000000004,2.90142164572962,0.4,3.6,174.2392120361328,4.7228240966796875,0.6000000238418579,2.8741588592529297,1,4.723857402801514,2.9000000000000004,9.600000000000001
15,1,0.0,5.300000000000001,2.4000000000000004,2.90142164572962,0.4,3.6,174.7392120361328,4.71884822845459,0.6000000238418579,2.832761526107788,1,4.719881534576416,2.9000000000000004,9.600000000000001
15,1,0.0,5.300000000000001,2.4000000000000004,2.90142164572962,0.4,3.6,175.2392120361328,4.715238094329834,0.6000000238418579,2.791430711746216,1,4.71627140045166,2.9000000000000004,9.600000000000001
15,1,0.0,5.300000000000001,2.4000000000000004,2.90142164572962,0.4,3.6,175.7392120361328,4.711992263793945,0.6000000238418579,2.750159978866577,1,4.7130255699157715,2.9000000000000004,9.600000000000001
15,1,0.0,5.300000000000001,2.4000000000000004,2.90142164572962,0.4,3.6,176.2392120361328,4.709109306335449,0.6000000238418579,2.7089428901672363,1,4.710142612457275,2.9000000000000004,9.600000000000001
15,1,0.0,5.300000000000001,2.4000000000000004,2.90142164572962,0.4,3.6,176.7392120361328,4.706588268280029,0.6000000238418579,2.6677730083465576,1,4.7076215744018555,2.9000000000000004,9.600000000000001
15,1,0.0,5.300000000000001,2.4000000000000004,2.90142164572962,0.4,3.6,177.2392120361328,0.0,,,0,1.6898829936981201,2.9000000000000004,9.600000000000001
15,1,0.0,5.300000000000001,2.4000000000000004,2.90142164572962,0.4,3.6,177.7392120361328,1.6882028579711914,3.6120784282684326,2.466636896133423,1,1.6892364025115967,2.9000000000000004,9.600000000000001
15,1,0.0,5.300000000000001,2.4000000000000004,2.90142164572962,0.4,3.6,178.2392120361328,1.6876853704452515,3.6120784282684326,2.4518887996673584,1,1.6887189149856567,2.9000000000000004,9.600000000000001
15,1,0.0,5.300000000000001,2.4000000000000004,2.90142164572962,0.4,3.6,178.7392120361328,1.687296748161316,3.6120784282684326,2.4371485710144043,1,1.6883302927017212,2.9000000000000004,9.600000000000001
15,1,0.0,5.300000000000001,2.4000000000000004,2.90142164572962,0.4,3.6,179.2392120361328,1.6870368719100952,3.6120784282684326,2.4224138259887695,1,1.6880704164505005,2.9000000000000004,9.600000000000001
15,1,0.0,5.300000000000001,2.4000000000000004,2.90142164572962,0.4,3.6,179.7392120361328,1.6869055032730103,3.6120784282684326,2.4076826572418213,1,1.6879390478134155,2.9000000000000004,9.600000000000001
15,1,0.0,5.300000000000001,2.4000000000000004,2.90142164572962,0.4,3.6,180.2392120361328,1.6869027614593506,3.6120784282684326,2.3929526805877686,1,1.6879363059997559,2.9000000000000004,9.600000000000001
15,1,0.0,5.300000000000001,2.4000000000000004,2.90142164572962,0.4,3.6,180.7392120361328,1.6870285272598267,3.6120784282684326,2.3782217502593994,1,1.688062071800232,2.9000000000000004,9.600000000000001
15,1,0.0,5.300000000000001,2.4000000000000004,2.90142164572962,0.4,3.6,181.2392120361328,1.687282919883728,3.6120784282684326,2.3634872436523438,1,1.6883164644241333,2.9000000000000004,9.600000000000001
15,1,0.0,5.300000000000001,2.4000000000000004,2.90142164572962,0.4,3.6,181.7392120361328,1.6876659393310547,3.6120784282684326,2.3487472534179688,1,1.68869948387146,2.9000000000000004,9.600000000000001
15,1,0.0,5.300000000000001,2.4000000000000004,2.90142164572962,0.4,3.6,182.2392120361328,1.6881779432296753,3.6120784282684326,2.3339996337890625,1,1.6892114877700806,2.9000000000000004,9.600000000000001
15,1,0.0,5.300000000000001,2.4000000000000004,2.90142164572962,0.4,3.6,182.7392120361328,1.6888188123703003,3.6120784282684326,2.319241762161255,1,1.6898523569107056,2.9000000000000004,9.600000000000001
15,1,0.0,5.300000000000001,2.4000000000000004,2.90142164572962,0.4,3.6,183.2392120361328,1.6895891427993774,3.6120784282684326,2.304471731185913,1,1.6906226873397827,2.9000000000000004,9.600000000000001
15,1,0.0,5.300000000000001,2.4000000000000004,2.90142164572962,0.4,3.6,183.7392120361328,0.0,,,0,1.691522479057312,2.9000000000000004,9.600000000000001
15,1,0.0,5.300000000000001,2.4000000000000004,2.90142164572962,0.4,3.6,184.2392120361328,1.6915186643600464,3.6120784282684326,2.2748851776123047,1,1.6925522089004517,2.9000000000000004,9.600000000000001
15,1,0.0,5.300000000000001,2.4000000000000004,2.90142164572962,0.4,3.6,184.7392120361328,0.0,,,0,1.6937122344970703,2.9000000000000004,9.600000000000001
15,1,0.0,5.300000000000001,2.4000000000000004,2.90142164572962,0.4,3.6,185.2392120361328,1.693969488143921,3.6120784282684326,2.2452220916748047,1,1.6950030326843262,2.9000000000000004,9.600000000000001
15,1,0.0,5.300000000000001,2.4000000000000004,2.90142164572962,0.4,3.6,185.7392120361328,0.0,,,0,1.696425199508667,2.9000000000000004,9.600000000000001
15,1,0.0,5.300000000000001,2.4000000000000004,2.90142164572962,0.4,3.6,186.2392120361328,0.0,,,0,1.6979789733886719,2.9000000000000004,9.600000000000001
15,1,0.0,5.300000000000001,2.4000000000000004,2.90142164572962,0.4,3.6,186.7392120361328,1.698631763458252,3.6120784282684326,2.2005434036254883,1,1.6996653079986572,2.9000000000000004,9.600000000000001
15,1,0.0,5.300000000000001,2.4000000000000004,2.90142164572962,0.4,3.6,187.2392120361328,1.700451135635376,3.6120784282684326,2.1855921745300293,1,1.7014846801757812,2.9000000000000004,9.600000000000001
15,1,0.0,5.300000000000001,2.4000000000000004,2.90142164572962,0.4,3.6,187.7392120361328,1.702404260635376,3.6120784282684326,2.170607566833496,1,1.7034378051757812,2.9000000000000004,9.600000000000001
15,1,0.0,5.300000000000001,2.4000000000000004,2.90142164572962,0.4,3.6,188.2392120361328,1.7044918537139893,3.6120784282684326,2.1555874347686768,1,1.7055253982543945,2.9000000000000004,9.600000000000001
15,1,0.0,5.300000000000001,2.4000000000000004,2.90142164572962,0.4,3.6,188.7392120361328,1.7067147493362427,3.6120784282684326,2.140529155731201,1,1.707748293876648,2.9000000000000004,9.600000000000001
15,1,0.0,5.300000000000001,2.4000000000000004,2.90142164572962,0.4,3.6,189.2392120361328,1.7090739011764526,3.6120784282684326,2.1254305839538574,1,1.710107445716858,2.9000000000000004,9.600000000000001
15,1,0.0,5.300000000000001,2.4000000000000004,2.90142164572962,0.4,3.6,189.7392120361328,1.7115702629089355,3.6120784282684326,2.1102890968322754,1,1.7126038074493408,2.9000000000000004,9.600000000000001
15,1,0.0,5.300000000000001,2.4000000000000004,2.90142164572962,0.4,3.6,190.2392120361328,1.7142046689987183,3.6120784282684326,2.095102071762085,1,1.7152382135391235,2.9000000000000004,9.600000000000001
15,1,0.0,5.300000000000001,2.4000000000000004,2.90142164572962,0.4,3.6,190.7392120361328,1.7169781923294067,3.6120784282684326,2.079867124557495,1,1.718011736869812,2.9000000000000004,9.600000000000001
15,1,0.0,5.300000000000001,2.4000000000000004,2.90142164572962,0.4,3.6,191.2392120361328,1.7198920249938965,3.6120784282684326,2.064581871032715,1,1.7209255695343018,2.9000000000000004,9.600000000000001
15,1,0.0,5.300000000000001,2.4000000000000004,2.90142164572962,0.4,3.6,191.7392120361328,0.0,,,0,1.7239807844161987,2.9000000000000004,9.600000000000001
15,1,0.0,5.300000000000001,2.4000000000000004,2.90142164572962,0.4,3.6,192.2392120361328,1.7261450290679932,3.6120784282684326,2.033849000930786,1,1.7271785736083984,2.9000000000000004,9.600000000000001
15,1,0.0,5.300000000000001,2.4000000000000004,2.90142164572962,0.4,3.6,192.7392120361328,1.7294868230819702,3.6120784282684326,2.0183963775634766,1,1.7305203676223755,2.9000000000000004,9.600000000000001
15,1,0.0,5.300000000000001,2.4000000000000004,2.90142164572962,0.4,3.6,193.2392120361328,0.0,,,0,1.7340073585510254,2.9000000000000004,9.600000000000001
15,1,0.0,5.300000000000001,2.4000000000000004,2.90142164572962,0.4,3.6,193.7392120361328,1.736607551574707,3.6120784282684326,1.987304925918579,1,1.7376410961151123,2.9000000000000004,9.600000000000001
15,1,0.0,5.300000000000001,2.4000000000000004,2.90142164572962,0.4,3.6,194.2392120361328,1.740389347076416,3.6120784282684326,1.9716607332229614,1,1.7414228916168213,2.9000000000000004,9.600000000000001
15,1,0.0,5.300000000000001,2.4000000000000004,2.90142164572962,0.4,3.6,194.7392120361328,1.7443209886550903,3.6120784282684326,1.9559470415115356,1,1.7453545331954956,2.9000000000000004,9.600000000000001
15,1,0.0,5.300000000000001,2.4000000000000004,2.90142164572962,0.4,3.6,195.2392120361328,0.0,,,0,1.7494373321533203,2.9000000000000004,9.600000000000001
15,1,0.0,5.300000000000001,2.4000000000000004,2.90142164572962,0.4,3.6,195.7392120361328,0.0,,,0,1.7536733150482178,2.9000000000000004,9.600000000000001
15,1,0.0,5.300000000000001,2.4000000000000004,2.90142164572962,0.4,3.6,196.2392120361328,1.7570303678512573,3.6120784282684326,1.908360481262207,1,1.7580639123916626,2.9000000000000004,9.600000000000001
15,1,0.0,5.300000000000001,2.4000000000000004,2.90142164572962,0.4,3.6,196.7392120361328,1.7615776062011719,3.6120784282684326,1.8923397064208984,1,1.7626111507415771,2.9000000000000004,9.600000000000001
15,1,0.0,5.300000000000001,2.4000000000000004,2.90142164572962,0.4,3.6,197.2392120361328,1.766283392906189,3.6120784282684326,1.876234769821167,1,1.7673169374465942,2.9000000000000004,9.600000000000001
15,1,0.0,5.300000000000001,2.4000000000000004,2.90142164572962,0.4,3.6,197.7392120361328,1.771149754524231,3.6120784282684326,1.8600423336029053,1,1.7721832990646362,2.9000000000000004,9.600000000000001
15,1,0.0,5.300000000000001,2.4000000000000004,2.90142164572962,0.4,3.6,198.2392120361328,1.7761785984039307,3.6120784282684326,1.8437591791152954,1,1.777212142944336,2.9000000000000004,9.600000000000001
15,1,0.0,5.300000000000001,2.4000000000000004,2.90142164572962,0.4,3.6,198.7392120361328,1.781372308731079,3.6120784282684326,1.8273820877075195,1,1.7824058532714844,2.9000000000000004,9.600000000000001
15,1,0.0,5.300000000000001,2.4000000000000004,2.90142164572962,0.4,3.6,199.2392120361328,1.7867329120635986,3.6120784282684326,1.8109078407287598,1,1.787766456604004,2.9000000000000004,9.600000000000001
15,1,0.0,5.300000000000001,2.4000000000000004,2.90142164572962,0.4,3.6,199.7392120361328,1.7922627925872803,3.6120784282684326,1.7943328619003296,1,1.7932963371276855,2.9000000000000004,9.600000000000001
15,1,0.0,5.300000000000001,2.4000000000000004,2.90142164572962,0.4,3.6,200.2392120361328,1.7979645729064941,3.6120784282684326,1.7776538133621216,1,1.7989981174468994,2.9000000000000004,9.600000000000001
15,1,0.0,5.300000000000001,2.4000000000000004,2.90142164572962,0.4,3.6,200.7392120361328,0.0,,,0,1.804874062538147,2.9000000000000004,9.600000000000001
15,1,0.0,5.300000000000001,2.4000000000000004,2.90142164572962,0.4,3.6,201.2392120361328,1.809893250465393,3.6120784282684326,1.7439689636230469,1,1.8109267950057983,2.9000000000000004,9.600000000000001
15,1,0.0,5.300000000000001,2.4000000000000004,2.90142164572962,0.4,3.6,201.7392120361328,1.816125750541687,3.6120784282684326,1.7269558906555176,1,1.8171592950820923,2.9000000000000004,9.600000000000001
15,1,0.0,5.300000000000001,2.4000000000000004,2.90142164572962,0.4,3.6,202.2392120361328,1.822540521621704,3.6120784282684326,1.7098239660263062,1,1.8235740661621094,2.9000000000000004,9.600000000000001
15,1,0.0,5.300000000000001,2.4000000000000004,2.90142164572962,0.4,3.6,202.7392120361328,1.8291406631469727,3.6120784282684326,1.6925692558288574,1,1.830174207687378,2.9000000000000004,9.600000000000001
15,1,0.0,5.300000000000001,2.4000000000000004,2.90142164572962,0.4,3.6,203.2392120361328,1.835929036140442,3.6120784282684326,1.6751879453659058,1,1.8369625806808472,2.9000000000000004,9.600000000000001
15,1,0.0,5.300000000000001,2.4000000000000004,2.90142164572962,0.4,3.6,203.7392120361328,1.8429090976715088,3.6120784282684326,1.6576759815216064,1,1.843942642211914,2.9000000000000004,9.600000000000001
15,1,0.0,5.300000000000001,2.4000000000000004,2.90142164572962,0.4,3.6,204.2392120361328,1.8500837087631226,3.6120784282684326,1.640028953552246,1,1.8511172533035278,2.9000000000000004,9.600000000000001
15,1,0.0,5.300000000000001,2.4000000000000004,2.90142164572962,0.4,3.6,204.7392120361328,1.8574565649032593,3.6120784282684326,1.6222426891326904,1,1.8584901094436646,2.9000000000000004,9.600000000000001
15,1,0.0,5.300000000000001,2.4000000000000004,2.90142164572962,0.4,3.6,205.2392120361328,0.0,,,0,1.8660646677017212,2.9000000000000004,9.600000000000001
15,1,0.0,5.300000000000001,2.4000000000000004,2.90142164572962,0.4,3.6,205.7392120361328,0.0,,,0,1.8738443851470947,2.9000000000000004,9.600000000000001
15,1,0.0,5.300000000000001,2.4000000000000004,2.90142164572962,0.4,3.6,206.2392120361328,1.880799651145935,3.6120784282684326,1.5680041313171387,1,1.8818331956863403,2.9000000000000004,9.600000000000001
15,1,0.0,5.300000000000001,2.4000000000000004,2.90142164572962,0.4,3.6,206.7392120361328,0.0,,,0,1.8900350332260132,2.9000000000000004,9.600000000000001
15,1,0.0,5.300000000000001,2.4000000000000004,2.90142164572962,0.4,3.6,207.2392120361328,0.0,,,0,1.8984538316726685,2.9000000000000004,9.600000000000001
15,1,0.0,5.300000000000001,2.4000000000000004,2.90142164572962,0.4,3.6,207.7392120361328,1.9060603380203247,3.6120784282684326,1.5123471021652222,1,1.90709388256073,2.9000000000000004,9.600000000000001
15,1,0.0,5.300000000000001,2.4000000000000004,2.90142164572962,0.4,3.6,208.2392120361328,1.9149259328842163,3.6120784282684326,1.493456482887268,1,1.9159594774246216,2.9000000000000004,9.600000000000001
15,1,0.0,5.300000000000001,2.4000000000000004,2.90142164572962,0.4,3.6,208.7392120361328,1.924021601676941,3.6120784282684326,1.4743878841400146,1,1.9250551462173462,2.9000000000000004,9.600000000000001
15,1,0.0,5.300000000000001,2.4000000000000004,2.90142164572962,0.4,3.6,209.2392120361328,1.933351993560791,3.6120784282684326,1.4551358222961426,1,1.9343855381011963,2.9000000000000004,9.600000000000001
15,1,0.0,5.300000000000001,2.4000000000000004,2.90142164572962,0.4,3.6,209.7392120361328,0.0,,,0,1.943955659866333,2.9000000000000004,9.600000000000001
15,1,0.0,5.300000000000001,2.4000000000000004,2.90142164572962,0.4,3.6,210.2392120361328,1.9527369737625122,3.6120784282684326,1.4160590171813965,1,1.9537705183029175,2.9000000000000004,9.600000000000001
15,1,0.0,5.300000000000001,2.4000000000000004,2.90142164572962,0.4,3.6,210.7392120361328,1.9628016948699951,3.6120784282684326,1.3962223529815674,1,1.9638352394104004,2.9000000000000004,9.600000000000001
15,1,0.0,5.300000000000001,2.4000000000000004,2.90142164572962,0.4,3.6,211.2392120361328,1.9731217622756958,3.6120784282684326,1.3761787414550781,1,1.974155306816101,2.9000000000000004,9.600000000000001
15,1,0.0,5.300000000000001,2.4000000000000004,2.90142164572962,0.4,3.6,211.7392120361328,1.9837028980255127,3.6120784282684326,1.355921745300293,1,1.984736442565918,2.9000000000000004,9.600000000000001
15,1,0.0,5.300000000000001,2.4000000000000004,2.90142164572962,0.4,3.6,212.2392120361328,1.9945507049560547,3.6120784282684326,1.3354449272155762,1,1.99558424949646,2.9000000000000004,9.600000000000001
15,1,0.0,5.300000000000001,2.4000000000000004,2.90142164572962,0.4,3.6,212.7392120361328,2.005671501159668,3.6120784282684326,1.3147414922714233,1,2.0067050457000732,2.9000000000000004,9.600000000000001
15,1,0.0,5.300000000000001,2.4000000000000004,2.90142164572962,0.4,3.6,213.2392120361328,2.017071485519409,3.6120784282684326,1.293804407119751,1,2.0181050300598145,2.9000000000000004,9.600000000000001
15,1,0.0,5.300000000000001,2.4000000000000004,2.90142164572962,0.4,3.6,213.7392120361328,2.028757333755493,3.6120784282684326,1.2726263999938965,1,2.0297908782958984,2.9000000000000004,9.600000000000001
15,1,0.0,5.300000000000001,2.4000000000000004,2.90142164572962,0.4,3.6,214.2392120361328,2.0407354831695557,3.6120784282684326,1.2512000799179077,1,2.041769027709961,2.9000000000000004,9.600000000000001
15,1,0.0,5.300000000000001,2.4000000000000004,2.90142164572962,0.4,3.6,214.7392120361328,2.053013324737549,3.6120784282684326,1.2295176982879639,1,2.054046869277954,2.9000000000000004,9.600000000000001
15,1,0.0,5.300000000000001,2.4000000000000004,2.90142164572962,0.4,3.6,215.2392120361328,2.0655977725982666,3.6120784282684326,1.207571268081665,1,2.066631317138672,2.9000000000000004,9.600000000000001
15,1,0.0,5.300000000000001,2.4000000000000004,2.90142164572962,0.4,3.6,215.7392120361328,2.0784969329833984,3.6120784282684326,1.1853526830673218,1,2.0795304775238037,2.9000000000000004,9.600000000000001
15,1,0.0,5.300000000000001,2.4000000000000004,2.90142164572962,0.4,3.6,216.2392120361328,2.0917186737060547,3.6120784282684326,1.1628531217575073,1,2.09275221824646,2.9000000000000004,9.600000000000001
15,1,0.0,5.300000000000001,2.4000000000000004,2.90142164572962,0.4,3.6,216.7392120361328,2.1052708625793457,3.6120784282684326,1.140064001083374,1,2.106304407119751,2.9000000000000004,9.600000000000001
15,1,0.0,5.300000000000001,2.4000000000000004,2.90142164572962,0.4,3.6,217.2392120361328,0.0,,,0,2.1201956272125244,2.9000000000000004,9.600000000000001
15,1,0.0,5.300000000000001,2.4000000000000004,2.90142164572962,0.4,3.6,217.7392120361328,0.0,,,0,2.1344351768493652,2.9000000000000004,9.600000000000001
15,1,0.0,5.300000000000001,2.4000000000000004,2.90142164572962,0.4,3.6,218.2392120361328,2.147998332977295,3.6120784282684326,1.0698649883270264,1,2.1490318775177,2.9000000000000004,9.600000000000001
15,1,0.0,5.300000000000001,2.4000000000000004,2.90142164572962,0.4,3.6,218.7392120361328,2.1629621982574463,3.6120784282684326,1.045822024345398,1,2.1639957427978516,2.9000000000000004,9.600000000000001
15,1,0.0,5.300000000000001,2.4000000000000004,2.90142164572962,0.4,3.6,219.2392120361328,2.178302764892578,3.6120784282684326,1.0214399099349976,1,2.1793363094329834,2.9000000000000004,9.600000000000001
15,1,0.0,5.300000000000001,2.4000000000000004,2.90142164572962,0.4,3.6,219.7392120361328,2.194031000137329,3.6120784282684326,0.9967078566551208,1,2.1950645446777344,2.9000000000000004,9.600000000000001
15,1,0.0,5.300000000000001,2.4000000000000004,2.90142164572962,0.4,3.6,220.2392120361328,2.2101573944091797,3.6120784282684326,0.9716142416000366,1,2.211190938949585,2.9000000000000004,9.600000000000001
15,1,0.0,5.300000000000001,2.4000000000000004,2.90142164572962,0.4,3.6,220.7392120361328,2.2266933917999268,3.6120784282684326,0.9461472630500793,1,2.227726936340332,2.9000000000000004,9.600000000000001
15,1,0.0,5.300000000000001,2.4000000000000004,2.90142164572962,0.4,3.6,221.2392120361328,2.2436506748199463,3.6120784282684326,0.9202945232391357,1,2.2446842193603516,2.9000000000000004,9.600000000000001
15,1,0.0,5.300000000000001,2.4000000000000004,2.90142164572962,0.4,3.6,221.7392120361328,2.2610418796539307,3.6120784282684326,0.8940431475639343,1,2.262075424194336,2.9000000000000004,9.600000000000001
15,1,0.0,5.300000000000001,2.4000000000000004,2.90142164572962,0.4,3.6,222.2392120361328,2.2788796424865723,3.6120784282684326,0.8673797845840454,1,2.2799131870269775,2.9000000000000004,9.600000000000001
15,1,0.0,5.300000000000001,2.4000000000000004,2.90142164572962,0.4,3.6,222.7392120361328,2.297177314758301,3.6120784282684326,0.8402904868125916,1,2.298210859298706,2.9000000000000004,9.600000000000001
15,1,0.0,5.300000000000001,2.4000000000000004,2.90142164572962,0.4,3.6,223.2392120361328,0.0,,,0,2.3169825077056885,2.9000000000000004,9.600000000000001
15,1,0.0,5.300000000000001,2.4000000000000004,2.90142164572962,0.4,3.6,223.7392120361328,2.3352091312408447,3.6120784282684326,0.7847753763198853,1,2.33624267578125,2.9000000000000004,9.600000000000001
15,1,0.0,5.300000000000001,2.4000000000000004,2.90142164572962,0.4,3.6,224.2392120361328,2.8167638778686523,3.281236171722412,0.43414774537086487,1,2.8177974224090576,2.9000000000000004,9.600000000000001
15,1,0.0,5.300000000000001,2.4000000000000004,2.90142164572962,0.4,3.6,224.7392120361328,0.0,,,0,2.8420569896698,2.9000000000000004,9.600000000000001
15,1,0.0,5.300000000000001,2.4000000000000004,2.90142164572962,0.4,3.6,225.2392120361328,2.865924596786499,3.281236171722412,0.36430826783180237,1,2.8669581413269043,2.9000000000000004,9.600000000000001
15,1,0.0,5.300000000000001,2.4000000000000004,2.90142164572962,0.4,3.6,225.7392120361328,0.0,,,0,2.892521619796753,2.9000000000000004,9.600000000000001
15,1,0.0,5.300000000000001,2.4000000000000004,2.90142164572962,0.4,3.6,226.2392120361328,2.9177358150482178,3.281236171722412,0.2919662296772003,1,2.918769359588623,2.9000000000000004,9.600000000000001
15,1,0.0,5.300000000000001,2.4000000000000004,2.90142164572962,0.4,3.6,226.7392120361328,2.240211009979248,3.7640302181243896,0.7678316831588745,1,2.2412445545196533,2.9000000000000004,9.600000000000001
15,1,0.0,5.300000000000001,2.4000000000000004,2.90142164572962,0.4,3.6,227.2392120361328,2.222039222717285,3.7906692028045654,0.7678316831588745,1,2.2230727672576904,2.9000000000000004,9.600000000000001
15,1,0.0,5.300000000000001,2.4000000000000004,2.90142164572962,0.4,3.6,227.7392120361328,2.204326629638672,3.8168818950653076,0.7678316831588745,1,2.205360174179077,2.9000000000000004,9.600000000000001
15,1,0.0,5.300000000000001,2.4000000000000004,2.90142164572962,0.4,3.6,228.2392120361328,0.0,,,0,2.1880927085876465,2.9000000000000004,9.600000000000001
15,1,0.0,5.300000000000001,2.4000000000000004,2.90142164572962,0.4,3.6,228.7392120361328,2.1702239513397217,3.8680832386016846,0.7678316831588745,1,2.171257495880127,2.9000000000000004,9.600000000000001
15,1,0.0,5.300000000000001,2.4000000000000004,2.90142164572962,0.4,3.6,229.2392120361328,0.0,,,0,2.1548423767089844,2.9000000000000004,9.600000000000001
15,1,0.0,5.300000000000001,2.4000000000000004,2.90142164572962,0.4,3.6,229.7392120361328,2.1378016471862793,3.9177401065826416,0.7678316831588745,1,2.1388351917266846,2.9000000000000004,9.600000000000001
15,1,0.0,5.300000000000001,2.4000000000000004,2.90142164572962,0.4,3.6,230.2392120361328,2.1221911907196045,3.9420201778411865,0.7678316831588745,1,2.1232247352600098,2.9000000000000004,9.600000000000001
15,1,0.0,5.300000000000001,2.4000000000000004,2.90142164572962,0.4,3.6,230.7392120361328,2.106966018676758,3.9659500122070312,0.7678316831588745,1,2.107999563217163,2.9000000000000004,9.600000000000001
15,1,0.0,5.300000000000001,2.4000000000000004,2.90142164572962,0.4,3.6,231.2392120361328,2.092116117477417,3.9895412921905518,0.7678316831588745,1,2.0931496620178223,2.9000000000000004,9.600000000000001
15,1,0.0,5.300000000000001,2.4000000000000004,2.90142164572962,0.4,3.6,231.7392120361328,2.0776312351226807,4.01280403137207,0.7678316831588745,1,2.078664779663086,2.9000000000000004,9.600000000000001
15,1,0.0,5.300000000000001,2.4000000000000004,2.90142164572962,0.4,3.6,232.2392120361328,0.0,,,0,2.064534902572632,2.9000000000000004,9.600000000000001
15,1,0.0,5.300000000000001,2.4000000000000004,2.90142164572962,0.4,3.6,232.7392120361328,2.049717664718628,4.058385372161865,0.7678316831588745,1,2.050751209259033,2.9000000000000004,9.600000000000001
15,1,0.0,5.300000000000001,2.4000000000000004,2.90142164572962,0.4,3.6,233.2392120361328,2.0362708568573,4.080723285675049,0.7678316831588745,1,2.037304401397705,2.9000000000000004,9.600000000000001
15,1,0.0,5.300000000000001,2.4000000000000004,2.90142164572962,0.4,3.6,233.7392120361328,0.0,,,0,2.0241856575012207,2.9000000000000004,9.600000000000001
15,1,0.0,5.300000000000001,2.4000000000000004,2.90142164572962,0.4,3.6,234.2392120361328,2.0103538036346436,4.124540328979492,0.7678316831588745,1,2.011387348175049,2.9000000000000004,9.600000000000001
15,1,0.0,5.300000000000001,2.4000000000000004,2.90142164572962,0.4,3.6,234.7392120361328,1.9978673458099365,4.146036624908447,0.7678316831588745,1,1.9989008903503418,2.9000000000000004,9.600000000000001
15,1,0.0,5.300000000000001,2.4000000000000004,2.90142164572962,0.4,3.6,235.2392120361328,1.9856853485107422,4.167269229888916,0.7678316831588745,1,1.9867188930511475,2.9000000000000004,9.600000000000001
15,1,0.0,5.300000000000001,2.4000000000000004,2.90142164572962,0.4,3.6,235.7392120361328,1.973800539970398,4.188246250152588,0.7678316831588745,1,1.9748340845108032,2.9000000000000004,9.600000000000001
15,1,0.0,5.300000000000001,2.4000000000000004,2.90142164572962,0.4,3.6,236.2392120361328,1.9622056484222412,4.208975315093994,0.7678316831588745,1,1.9632391929626465,2.9000000000000004,9.600000000000001
15,1,0.0,5.300000000000001,2.4000000000000004,2.90142164572962,0.4,3.6,236.7392120361328,1.950893759727478,4.229464054107666,0.7678316831588745,1,1.9519273042678833,2.9000000000000004,9.600000000000001
15,1,0.0,5.300000000000001,2.4000000000000004,2.90142164572962,0.4,3.6,237.2392120361328,1.9398585557937622,4.249719619750977,0.7678316831588745,1,1.9408921003341675,2.9000000000000004,9.600000000000001
15,1,0.0,5.300000000000001,2.4000000000000004,2.90142164572962,0.4,3.6,237.7392120361328,0.0,,,0,1.9301271438598633,2.9000000000000004,9.600000000000001
15,1,0.0,5.300000000000001,2.4000000000000004,2.90142164572962,0.4,3.6,238.2392120361328,1.9185928106307983,4.2895588874816895,0.7678316831588745,1,1.9196263551712036,2.9000000000000004,9.600000000000001
15,1,0.0,5.300000000000001,2.4000000000000004,2.90142164572962,0.4,3.6,238.7392120361328,1.9083502292633057,4.309155464172363,0.7678316831588745,1,1.909383773803711,2.9000000000000004,9.600000000000001
15,1,0.0,5.300000000000001,2.4000000000000004,2.90142164572962,0.4,3.6,239.2392120361328,1.898360252380371,4.328546047210693,0.7678316831588745,1,1.8993937969207764,2.9000000000000004,9.600000000000001
15,1,0.0,5.300000000000001,2.4000000000000004,2.90142164572962,0.4,3.6,239.7392120361328,1.8886173963546753,4.34773588180542,0.7678316831588745,1,1.8896509408950806,2.9000000000000004,9.600000000000001
15,1,0.0,5.300000000000001,2.4000000000000004,2.90142164572962,0.4,3.6,240.2392120361328,1.879116415977478,4.3667311668396,0.7678316831588745,1,1.8801499605178833,2.9000000000000004,9.600000000000001
15,1,0.0,5.300000000000001,2.4000000000000004,2.90142164572962,0.4,3.6,240.7392120361328,1.8698523044586182,4.385538101196289,0.7678316831588745,1,1.8708858489990234,2.9000000000000004,9.600000000000001
15,1,0.0,5.300000000000001,2.4000000000000004,2.90142164572962,0.4,3.6,241.2392120361328,1.8608201742172241,4.4041619300842285,0.7678316831588745,1,1.8618537187576294,2.9000000000000004,9.600000000000001
15,1,0.0,5.300000000000001,2.4000000000000004,2.90142164572962,0.4,3.6,241.7392120361328,1.8520151376724243,4.422608375549316,0.7678316831588745,1,1.8530486822128296,2.9000000000000004,9.600000000000001
15,1,0.0,5.300000000000001,2.4000000000000004,2.90142164572962,0.4,3.6,242.2392120361328,1.843432903289795,4.440882205963135,0.7678316831588745,1,1.8444664478302002,2.9000000000000004,9.600000000000001
15,1,0.0,5.300000000000001,2.4000000000000004,2.90142164572962,0.4,3.6,242.7392120361328,1.835068941116333,4.458989143371582,0.7678316831588745,1,1.8361024856567383,2.9000000000000004,9.600000000000001
15,1,0.0,5.300000000000001,2.4000000000000004,2.90142164572962,0.4,3.6,243.2392120361328,1.8269190788269043,4.47693395614624,0.7678316831588745,1,1.8279526233673096,2.9000000000000004,9.600000000000001
15,1,0.0,5.300000000000001,2.4000000000000004,2.90142164572962,0.4,3.6,243.7392120361328,1.818979263305664,4.49472188949585,0.7678316831588745,1,1.8200128078460693,2.9000000000000004,9.600000000000001
15,1,0.0,5.300000000000001,2.4000000000000004,2.90142164572962,0.4,3.6,244.2392120361328,1.8112455606460571,4.512356758117676,0.7678316831588745,1,1.8122791051864624,2.9000000000000004,9.600000000000001
15,1,0.0,5.300000000000001,2.4000000000000004,2.90142164572962,0.4,3.6,244.7392120361328,1.8037140369415283,4.529843807220459,0.7678316831588745,1,1.8047475814819336,2.9000000000000004,9.600000000000001
15,1,0.0,5.300000000000001,2.4000000000000004,2.90142164572962,0.4,3.6,245.2392120361328,0.0,,,0,1.7974148988723755,2.9000000000000004,9.600000000000001
15,1,0.0,5.300000000000001,2.4000000000000004,2.90142164572962,0.4,3.6,245.7392120361328,0.0,,,0,1.7902772426605225,2.9000000000000004,9.600000000000001
15,1,0.0,5.300000000000001,2.4000000000000004,2.90142164572962,0.4,3.6,246.2392120361328,1.7822977304458618,4.5814619064331055,0.7678316831588745,1,1.783331274986267,2.9000000000000004,9.600000000000001
15,1,0.0,5.300000000000001,2.4000000000000004,2.90142164572962,0.4,3.6,246.7392120361328,1.7755402326583862,4.598401069641113,0.7678316831588745,1,1.7765737771987915,2.9000000000000004,9.600000000000001
15,1,0.0,5.300000000000001,2.4000000000000004,2.90142164572962,0.4,3.6,247.2392120361328,0.0,,,0,1.7700016498565674,2.9000000000000004,9.600000000000001
15,1,0.0,5.300000000000001,2.4000000000000004,2.90142164572962,0.4,3.6,247.7392120361328,1.7625781297683716,4.631903648376465,0.7678316831588745,1,1.7636116743087769,2.9000000000000004,9.600000000000001
15,1,0.0,5.300000000000001,2.4000000000000004,2.90142164572962,0.4,3.6,248.2392120361328,1.756367564201355,4.64847469329834,0.7678316831588745,1,1.7574011087417603,2.9000000000000004,9.600000000000001
15,1,0.0,5.300000000000001,2.4000000000000004,2.90142164572962,0.4,3.6,248.7392120361328,1.750333547592163,4.664930820465088,0.7678316831588745,1,1.7513670921325684,2.9000000000000004,9.600000000000001
15,1,0.0,5.300000000000001,2.4000000000000004,2.90142164572962,0.4,3.6,249.2392120361328,1.7444732189178467,4.681275367736816,0.7678316831588745,1,1.745506763458252,2.9000000000000004,9.600000000000001
15,1,0.0,5.300000000000001,2.4000000000000004,2.90142164572962,0.4,3.6,249.7392120361328,0.0,,,0,1.739817500114441,2.9000000000000004,9.600000000000001
15,1,0.0,5.300000000000001,2.4000000000000004,2.90142164572962,0.4,3.6,250.2392120361328,1.733263373374939,4.713644981384277,0.7678316831588745,1,1.7342969179153442,2.9000000000000004,9.600000000000001
15,1,0.0,5.300000000000001,2.4000000000000004,2.90142164572962,0.4,3.6,250.7392120361328,1.727908968925476,4.729676723480225,0.7678316831588745,1,1.7289425134658813,2.9000000000000004,9.600000000000001
15,1,0.0,5.300000000000001,2.4000000000000004,2.90142164572962,0.4,3.6,251.2392120361328,1.7227184772491455,4.74561071395874,0.7678316831588745,1,1.7237520217895508,2.9000000000000004,9.600000000000001
15,1,0.0,5.300000000000001,2.4000000000000004,2.90142164572962,0.4,3.6,251.7392120361328,1.7176893949508667,4.76145076751709,0.7678316831588745,1,1.718722939491272,2.9000000000000004,9.600000000000001
15,1,0.0,5.300000000000001,2.4000000000000004,2.90142164572962,0.4,3.6,252.2392120361328,1.7128198146820068,4.777200222015381,0.7678316831588745,1,1.713853359222412,2.9000000000000004,9.600000000000001
15,1,0.0,5.300000000000001,2.4000000000000004,2.90142164572962,0.4,3.6,252.7392120361328,0.0,,,0,1.7091410160064697,2.9000000000000004,9.600000000000001
15,1,0.0,5.300000000000001,2.4000000000000004,2.90142164572962,0.4,3.6,253.2392120361328,0.0,,,0,1.704584002494812,2.9000000000000004,9.600000000000001
15,1,0.0,5.300000000000001,2.4000000000000004,2.90142164572962,0.4,3.6,253.7392120361328,1.6991468667984009,4.823933124542236,0.7678316831588745,1,1.7001804113388062,2.9000000000000004,9.600000000000001
15,1,0.0,5.300000000000001,2.4000000000000004,2.90142164572962,0.4,3.6,254.2392120361328,1.6948946714401245,4.839349269866943,0.7678316831588745,1,1.6959282159805298,2.9000000000000004,9.600000000000001
15,1,0.0,5.300000000000001,2.4000000000000004,2.90142164572962,0.4,3.6,254.7392120361328,1.6907923221588135,4.854689598083496,0.7678316831588745,1,1.6918258666992188,2.9000000000000004,9.600000000000001
15,1,0.0,5.300000000000001,2.4000000000000004,2.90142164572962,0.4,3.6,255.2392120361328,0.0,,,0,1.6878714561462402,2.9000000000000004,9.600000000000001
15,1,0.0,5.300000000000001,2.4000000000000004,2.90142164572962,0.4,3.6,255.7392120361328,1.6830300092697144,4.885155200958252,0.7678316831588745,1,1.6840635538101196,2.9000000000000004,9.600000000000001
15,1,0.0,5.300000000000001,2.4000000000000004,2.90142164572962,0.4,3.6,256.2392272949219,1.6793668270111084,4.900285243988037,0.7678316831588745,1,1.6804003715515137,2.9000000000000004,9.600000000000001
15,1,0.0,5.300000000000001,2.4000000000000004,2.90142164572962,0.4,3.6,256.7392272949219,1.6758469343185425,4.915350914001465,0.7678316831588745,1,1.6768804788589478,2.9000000000000004,9.600000000000001
15,1,0.0,5.300000000000001,2.4000000000000004,2.90142164572962,0.4,3.6,257.2392272949219,0.0,,,0,1.6735025644302368,2.9000000000000004,9.600000000000001
15,1,0.0,5.300000000000001,2.4000000000000004,2.90142164572962,0.4,3.6,257.7392272949219,1.669231653213501,4.9452996253967285,0.7678316831588745,1,1.6702651977539062,2.9000000000000004,9.600000000000001
15,1,0.0,5.300000000000001,2.4000000000000004,2.90142164572962,0.4,3.6,258.2392272949219,0.0,,,0,1.6671669483184814,2.9000000000000004,9.600000000000001
15,1,0.0,5.300000000000001,2.4000000000000004,2.90142164572962,0.4,3.6,258.7392272949219,0.0,,,0,1.6642067432403564,2.9000000000000004,9.600000000000001
15,1,0.0,5.300000000000001,2.4000000000000004,2.90142164572962,0.4,3.6,259.2392272949219,1.660349726676941,4.989804744720459,0.7678316831588745,1,1.6613832712173462,2.9000000000000004,9.600000000000001
15,1,0.0,5.300000000000001,2.4000000000000004,2.90142164572962,0.4,3.6,259.7392272949219,1.657662034034729,5.004538536071777,0.7678316831588745,1,1.6586955785751343,2.9000000000000004,9.600000000000001
15,1,0.0,5.300000000000001,2.4000000000000004,2.90142164572962,0.4,3.6,260.2392272949219,1.6551088094711304,5.01922607421875,0.7678316831588745,1,1.6561423540115356,2.9000000000000004,9.600000000000001
15,1,0.0,5.300000000000001,2.4000000000000004,2.90142164572962,0.4,3.6,260.7392272949219,1.6526892185211182,5.03386926651001,0.7678316831588745,1,1.6537227630615234,2.9000000000000004,9.600000000000001
15,1,0.0,5.300000000000001,2.4000000000000004,2.90142164572962,0.4,3.6,261.2392272949219,1.650402307510376,5.048470973968506,0.7678316831588745,1,1.6514358520507812,2.9000000000000004,9.600000000000001
15,1,0.0,5.300000000000001,2.4000000000000004,2.90142164572962,0.4,3.6,261.7392272949219,1.6482471227645874,5.063033103942871,0.7678316831588745,1,1.6492806673049927,2.9000000000000004,9.600000000000001
15,1,0.0,5.300000000000001,2.4000000000000004,2.90142164572962,0.4,3.6,262.2392272949219,1.6462228298187256,5.077558517456055,0.7678316831588745,1,1.6472563743591309,2.9000000000000004,9.600000000000001
15,1,0.0,5.300000000000001,2.4000000000000004,2.90142164572962,0.4,3.6,262.7392272949219,1.6443287134170532,5.092049598693848,0.7678316831588745,1,1.6453622579574585,2.9000000000000004,9.600000000000001
15,1,0.0,5.300000000000001,2.4000000000000004,2.90142164572962,0.4,3.6,263.2392272949219,1.642563819885254,5.106508731842041,0.7678316831588745,1,1.6435973644256592,2.9000000000000004,9.600000000000001
15,1,0.0,5.300000000000001,2.4000000000000004,2.90142164572962,0.4,3.6,263.7392272949219,0.0,,,0,1.6419613361358643,2.9000000000000004,9.600000000000001
15,1,0.0,5.300000000000001,2.4000000000000004,2.90142164572962,0.4,3.6,264.2392272949219,0.0,,,0,1.6404532194137573,2.9000000000000004,9.600000000000001
15,1,0.0,5.300000000000001,2.4000000000000004,2.90142164572962,0.4,3.6,264.7392272949219,1.6380391120910645,5.149714946746826,0.7678316831588745,1,1.6390726566314697,2.9000000000000004,9.600000000000001
15,1,0.0,5.300000000000001,2.4000000000000004,2.90142164572962,0.4,3.6,265.2392272949219,1.6367853879928589,5.16406774520874,0.7678316831588745,1,1.6378189325332642,2.9000000000000004,9.600000000000001
15,1,0.0,5.300000000000001,2.4000000000000004,2.90142164572962,0.4,3.6,265.7392272949219,1.6356582641601562,5.178400039672852,0.7678316831588745,1,1.6366918087005615,2.9000000000000004,9.600000000000001
15,1,0.0,5.300000000000001,2.4000000000000004,2.90142164572962,0.4,3.6,266.2392272949219,1.6346571445465088,5.192713260650635,0.7678316831588745,1,1.635690689086914,2.9000000000000004,9.600000000000001
15,1,0.0,5.300000000000001,2.4000000000000004,2.90142164572962,0.4,3.6,266.7392272949219,1.6337815523147583,5.207010746002197,0.7678316831588745,1,1.6348150968551636,2.9000000000000004,9.600000000000001
15,1,0.0,5.300000000000001,2.4000000000000004,2.90142164572962,0.4,3.6,267.2392272949219,0.0,,,0,1.6340649127960205,2.9000000000000004,9.600000000000001
15,1,0.0,5.300000000000001,2.4000000000000004,2.90142164572962,0.4,3.6,267.7392272949219,1.632406234741211,5.235564231872559,0.7678316831588745,1,1.6334397792816162,2.9000000000000004,9.600000000000001
15,1,0.0,5.300000000000001,2.4000000000000004,2.90142164572962,0.4,3.6,268.2392272949219,1.6319057941436768,5.2498250007629395,0.7678316831588745,1,1.632939338684082,2.9000000000000004,9.600000000000001
15,1,0.0,5.300000000000001,2.4000000000000004,2.90142164572962,0.4,3.6,268.7392272949219,1.6315300464630127,5.264078617095947,0.7678316831588745,1,1.632563591003418,2.9000000000000004,9.600000000000001
15,1,0.0,5.300000000000001,2.4000000000000004,2.90142164572962,0.4,3.6,269.2392272949219,1.6312787532806396,5.278326511383057,0.7678316831588745,1,1.632312297821045,2.9000000000000004,9.600000000000001
15,1,0.0,5.300000000000001,2.4000000000000004,2.90142164572962,0.4,3.6,269.7392272949219,1.6311516761779785,5.292571067810059,0.7678316831588745,1,1.6321852207183838,2.9000000000000004,9.600000000000001
15,1,0.0,5.300000000000001,2.4000000000000004,2.90142164572962,0.4,3.6,270.2392272949219,1.6311490535736084,5.306814670562744,0.7678316831588745,1,1.6321825981140137,2.9000000000000004,9.600000000000001
15,1,0.0,5.300000000000001,2.4000000000000004,2.90142164572962,0.4,3.6,270.7392272949219,1.6312706470489502,5.321058750152588,0.7678316831588745,1,1.6323041915893555,2.9000000000000004,9.600000000000001
15,1,0.0,5.300000000000001,2.4000000000000004,2.90142164572962,0.4,3.6,271.2392272949219,1.6315165758132935,5.335306644439697,0.7678316831588745,1,1.6325501203536987,2.9000000000000004,9.600000000000001
15,1,0.0,5.300000000000001,2.4000000000000004,2.90142164572962,0.4,3.6,271.7392272949219,1.6318870782852173,5.349559783935547,0.7678316831588745,1,1.6329206228256226,2.9000000000000004,9.600000000000001
15,1,0.0,5.300000000000001,2.4000000000000004,2.90142164572962,0.4,3.6,272.2392272949219,1.6323820352554321,5.363820552825928,0.7678316831588745,1,1.6334155797958374,2.9000000000000004,9.600000000000001
15,1,0.0,5.300000000000001,2.4000000000000004,2.90142164572962,0.4,3.6,272.7392272949219,1.6330018043518066,5.378090858459473,0.7678316831588745,1,1.634035348892212,2.9000000000000004,9.600000000000001
15,1,0.0,5.300000000000001,2.4000000000000004,2.90142164572962,0.4,3.6,273.2392272949219,1.63374662399292,5.392373085021973,0.7678316831588745,1,1.6347801685333252,2.9000000000000004,9.600000000000001
15,1,0.0,5.300000000000001,2.4000000000000004,2.90142164572962,0.4,3.6,273.7392272949219,1.634616732597351,5.406669616699219,0.7678316831588745,1,1.6356502771377563,2.9000000000000004,9.600000000000001
15,1,0.0,5.300000000000001,2.4000000000000004,2.90142164572962,0.4,3.6,274.2392272949219,0.0,,,0,1.636646032333374,2.9000000000000004,9.600000000000001
15,1,0.0,5.300000000000001,2.4000000000000004,2.90142164572962,0.4,3.6,274.7392272949219,1.6367342472076416,5.4353132247924805,0.7678316831588745,1,1.6377677917480469,2.9000000000000004,9.600000000000001
15,1,0.0,5.300000000000001,2.4000000000000004,2.90142164572962,0.4,3.6,275.2392272949219,1.6379823684692383,5.449665546417236,0.7678316831588745,1,1.6390159130096436,2.9000000000000004,9.600000000000001
15,1,0.0,5.300000000000001,2.4000000000000004,2.90142164572962,0.4,3.6,275.7392272949219,0.0,,,0,1.6403909921646118,2.9000000000000004,9.600000000000001
15,1,0.0,5.300000000000001,2.4000000000000004,2.90142164572962,0.4,3.6,276.2392272949219,1.6408600807189941,5.478440761566162,0.7678316831588745,1,1.6418936252593994,2.9000000000000004,9.600000000000001
15,1,0.0,5.300000000000001,2.4000000000000004,2.90142164572962,0.4,3.6,276.7392272949219,1.6424906253814697,5.492868423461914,0.7678316831588745,1,1.643524169921875,2.9000000000000004,9.600000000000001
15,1,0.0,5.300000000000001,2.4000000000000004,2.90142164572962,0.4,3.6,277.2392272949219,1.6442499160766602,5.507325649261475,0.7678316831588745,1,1.6452834606170654,2.9000000000000004,9.600000000000001
15,1,0.0,5.300000000000001,2.4000000000000004,2.90142164572962,0.4,3.6,277.7392272949219,1.6461384296417236,5.521815299987793,0.7678316831588745,1,1.647171974182129,2.9000000000000004,9.600000000000001
15,1,0.0,5.300000000000001,2.4000000000000004,2.90142164572962,0.4,3.6,278.2392272949219,1.6481571197509766,5.536339282989502,0.7678316831588745,1,1.6491906642913818,2.9000000000000004,9.600000000000001
15,1,0.0,5.300000000000001,2.4000000000000004,2.90142164572962,0.4,3.6,278.7392272949219,1.6503067016601562,5.550900459289551,0.7678316831588745,1,1.6513402462005615,2.9000000000000004,9.600000000000001
15,1,0.0,5.300000000000001,2.4000000000000004,2.90142164572962,0.4,3.6,279.2392272949219,1.652587890625,5.565500259399414,0.7678316831588745,1,1.6536214351654053,2.9000000000000004,9.600000000000001
15,1,0.0,5.300000000000001,2.4000000000000004,2.90142164572962,0.4,3.6,279.7392272949219,1.6550017595291138,5.580141544342041,0.7678316831588745,1,1.656035304069519,2.9000000000000004,9.600000000000001
15,1,0.0,5.300000000000001,2.4000000000000004,2.90142164572962,0.4,3.6,280.2392272949219,1.6575491428375244,5.594826698303223,0.7678316831588745,1,1.6585826873779297,2.9000000000000004,9.600000000000001
15,1,0.0,5.300000000000001,2.4000000000000004,2.90142164572962,0.4,3.6,280.7392272949219,1.6602309942245483,5.609558582305908,0.7678316831588745,1,1.6612645387649536,2.9000000000000004,9.600000000000001
15,1,0.0,5.300000000000001,2.4000000000000004,2.90142164572962,0.4,3.6,281.2392272949219,1.6630486249923706,5.6243391036987305,0.7678316831588745,1,1.6640821695327759,2.9000000000000004,9.600000000000001
15,1,0.0,5.300000000000001,2.4000000000000004,2.90142164572962,0.4,3.6,281.7392272949219,0.0,,,0,1.6670364141464233,2.9000000000000004,9.600000000000001
15,1,0.0,5.300000000000001,2.4000000000000004,2.90142164572962,0.4,3.6,282.2392272949219,0.0,,,0,1.6701287031173706,2.9000000000000004,9.600000000000001
15,1,0.0,5.300000000000001,2.4000000000000004,2.90142164572962,0.4,3.6,282.7392272949219,1.6723264455795288,5.668999195098877,0.7678316831588745,1,1.673359990119934,2.9000000000000004,9.600000000000001
15,1,0.0,5.300000000000001,2.4000000000000004,2.90142164572962,0.4,3.6,283.2392272949219,1.6756982803344727,5.684000492095947,0.7678316831588745,1,1.676731824874878,2.9000000000000004,9.600000000000001
15,1,0.0,5.300000000000001,2.4000000000000004,2.90142164572962,0.4,3.6,283.7392272949219,0.0,,,0,1.6802455186843872,2.9000000000000004,9.600000000000001
15,1,0.0,5.300000000000001,2.4000000000000004,2.90142164572962,0.4,3.6,284.2392272949219,1.6828689575195312,5.71419095993042,0.7678316831588745,1,1.6839025020599365,2.9000000000000004,9.600000000000001
15,1,0.0,5.300000000000001,2.4000000000000004,2.90142164572962,0.4,3.6,284.7392272949219,1.6866706609725952,5.7293853759765625,0.7678316831588745,1,1.6877042055130005,2.9000000000000004,9.600000000000001
15,1,0.0,5.300000000000001,2.4000000000000004,2.90142164572962,0.4,3.6,285.2392272949219,1.690618634223938,5.744649887084961,0.7678316831588745,1,1.6916521787643433,2.9000000000000004,9.600000000000001
15,1,0.0,5.300000000000001,2.4000000000000004,2.90142164572962,0.4,3.6,285.7392272949219,1.6947146654129028,5.7599873542785645,0.7678316831588745,1,1.695748209953308,2.9000000000000004,9.600000000000001
15,1,0.0,5.300000000000001,2.4000000000000004,2.90142164572962,0.4,3.6,286.2392272949219,1.698960304260254,5.775400161743164,0.7678316831588745,1,1.6999938488006592,2.9000000000000004,9.600000000000001
15,1,0.0,5.300000000000001,2.4000000000000004,2.90142164572962,0.4,3.6,286.7392272949219,1.7033573389053345,5.790891647338867,0.7678316831588745,1,1.7043908834457397,2.9000000000000004,9.600000000000001
15,1,0.0,5.300000000000001,2.4000000000000004,2.90142164572962,0.4,3.6,287.2392272949219,1.7079076766967773,5.806464672088623,0.7678316831588745,1,1.7089412212371826,2.9000000000000004,9.600000000000001
15,1,0.0,5.300000000000001,2.4000000000000004,2.90142164572962,0.4,3.6,287.7392272949219,0.0,,,0,1.7136467695236206,2.9000000000000004,9.600000000000001
15,1,0.0,5.300000000000001,2.4000000000000004,2.90142164572962,0.4,3.6,288.2392272949219,0.0,,,0,1.718509554862976,2.9000000000000004,9.600000000000001
15,1,0.0,5.300000000000001,2.4000000000000004,2.90142164572962,0.4,3.6,288.7392272949219,1.7224981784820557,5.85370397567749,0.7678316831588745,1,1.723531723022461,2.9000000000000004,9.600000000000001
15,1,0.0,5.300000000000001,2.4000000000000004,2.90142164572962,0.4,3.6,289.2392272949219,1.7276817560195923,5.86963415145874,0.7678316831588745,1,1.7287153005599976,2.9000000000000004,9.600000000000001
15,1,0.0,5.300000000000001,2.4000000000000004,2.90142164572962,0.4,3.6,289.7392272949219,1.7330290079116821,5.885661602020264,0.7678316831588745,1,1.7340625524520874,2.9000000000000004,9.600000000000001
15,1,0.0,5.300000000000001,2.4000000000000004,2.90142164572962,0.4,3.6,290.2392272949219,0.0,,,0,1.7395758628845215,2.9000000000000004,9.600000000000001
15,1,0.0,5.300000000000001,2.4000000000000004,2.90142164572962,0.4,3.6,290.7392272949219,1.744224190711975,5.918022155761719,0.7678316831588745,1,1.7452577352523804,2.9000000000000004,9.600000000000001
15,1,0.0,5.300000000000001,2.4000000000000004,2.90142164572962,0.4,3.6,291.2392272949219,1.7500771284103394,5.934361934661865,0.7678316831588745,1,1.7511106729507446,2.9000000000000004,9.600000000000001
15,1,0.0,5.300000000000001,2.4000000000000004,2.90142164572962,0.4,3.6,291.7392272949219,0.0,,,0,1.7571371793746948,2.9000000000000004,9.600000000000001
15,1,0.0,5.300000000000001,2.4000000000000004,2.90142164572962,0.4,3.6,292.2392272949219,1.762306571006775,5.967379093170166,0.7678316831588745,1,1.7633401155471802,2.9000000000000004,9.600000000000001
15,1,0.0,5.300000000000001,2.4000000000000004,2.90142164572962,0.4,3.6,292.7392272949219,1.768688678741455,5.984063625335693,0.7678316831588745,1,1.7697222232818604,2.9000000000000004,9.600000000000001
15,1,0.0,5.300000000000001,2.4000000000000004,2.90142164572962,0.4,3.6,293.2392272949219,0.0,,,0,1.7762864828109741,2.9000000000000004,9.600000000000001
15,1,0.0,5.300000000000001,2.4000000000000004,2.90142164572962,0.4,3.6,293.7392272949219,1.782002329826355,6.0178046226501465,0.7678316831588745,1,1.7830358743667603,2.9000000000000004,9.600000000000001
15,1,0.0,5.300000000000001,2.4000000000000004,2.90142164572962,0.4,3.6,294.2392272949219,1.7889400720596313,6.0348687171936035,0.7678316831588745,1,1.7899736166000366,2.9000000000000004,9.600000000000001
15,1,0.0,5.300000000000001,2.4000000000000004,2.90142164572962,0.4,3.6,294.7392272949219,1.7960693836212158,6.052067279815674,0.7678316831588745,1,1.797102928161621,2.9000000000000004,9.600000000000001
15,1,0.0,5.300000000000001,2.4000000000000004,2.90142164572962,0.4,3.6,295.2392272949219,1.8033937215805054,6.0694050788879395,0.7678316831588745,1,1.8044272661209106,2.9000000000000004,9.600000000000001
15,1,0.0,5.300000000000001,2.4000000000000004,2.90142164572962,0.4,3.6,295.7392272949219,1.8109164237976074,6.086885929107666,0.7678316831588745,1,1.8119499683380127,2.9000000000000004,9.600000000000001
15,1,0.0,5.300000000000001,2.4000000000000004,2.90142164572962,0.4,3.6,296.2392272949219,1.8186414241790771,6.1045145988464355,0.7678316831588745,1,1.8196749687194824,2.9000000000000004,9.600000000000001
15,1,0.0,5.300000000000001,2.4000000000000004,2.90142164572962,0.4,3.6,296.7392272949219,1.826572299003601,6.122295379638672,0.7678316831588745,1,1.8276058435440063,2.9000000000000004,9.600000000000001
15,1,0.0,5.300000000000001,2.4000000000000004,2.90142164572962,0.4,3.6,297.2392272949219,1.8347129821777344,6.140233039855957,0.7678316831588745,1,1.8357465267181396,2.9000000000000004,9.600000000000001
15,1,0.0,5.300000000000001,2.4000000000000004,2.90142164572962,0.4,3.6,297.7392272949219,1.8430676460266113,6.1583333015441895,0.7678316831588745,1,1.8441011905670166,2.9000000000000004,9.600000000000001
15,1,0.0,5.300000000000001,2.4000000000000004,2.90142164572962,0.4,3.6,298.2392272949219,1.8516403436660767,6.176599979400635,0.7678316831588745,1,1.852673888206482,2.9000000000000004,9.600000000000001
15,1,0.0,5.300000000000001,2.4000000000000004,2.90142164572962,0.4,3.6,298.7392272949219,1.8604356050491333,6.195038318634033,0.7678316831588745,1,1.8614691495895386,2.9000000000000004,9.600000000000001
15,1,0.0,5.300000000000001,2.4000000000000004,2.90142164572962,0.4,3.6,299.2392272949219,1.8694579601287842,6.213654518127441,0.7678316831588745,1,1.8704915046691895,2.9000000000000004,9.600000000000001
15,1,0.0,5.300000000000001,2.4000000000000004,2.90142164572962,0.4,3.6,299.7392272949219,1.8787119388580322,6.232453346252441,0.7678316831588745,1,1.8797454833984375,2.9000000000000004,9.600000000000001
15,1,0.0,5.300000000000001,2.4000000000000004,2.90142164572962,0.4,3.6,300.2392272949219,1.8882025480270386,6.25144100189209,0.7678316831588745,1,1.8892360925674438,2.9000000000000004,9.600000000000001
15,1,0.0,5.300000000000001,2.4000000000000004,2.90142164572962,0.4,3.6,300.7392272949219,1.8979347944259644,6.270622253417969,0.7678316831588745,1,1.8989683389663696,2.9000000000000004,9.600000000000001
15,1,0.0,5.300000000000001,2.4000000000000004,2.90142164572962,0.4,3.6,301.2392272949219,0.0,,,0,1.9089475870132446,2.9000000000000004,9.600000000000001
15,1,0.0,5.300000000000001,2.4000000000000004,2.90142164572962,0.4,3.6,301.7392272949219,0.0,,,0,1.9191792011260986,2.9000000000000004,9.600000000000001
15,1,0.0,5.300000000000001,2.4000000000000004,2.90142164572962,0.4,3.6,302.2392272949219,0.0,,,0,1.9296687841415405,2.9000000000000004,9.600000000000001
15,1,0.0,5.300000000000001,2.4000000000000004,2.90142164572962,0.4,3.6,302.7392272949219,1.939388632774353,6.349411487579346,0.7678316831588745,1,1.9404221773147583,2.9000000000000004,9.600000000000001
15,1,0.0,5.300000000000001,2.4000000000000004,2.90142164572962,0.4,3.6,303.2392272949219,1.9504120349884033,6.369657039642334,0.7678316831588745,1,1.9514455795288086,2.9000000000000004,9.600000000000001
15,1,0.0,5.300000000000001,2.4000000000000004,2.90142164572962,0.4,3.6,303.7392272949219,1.9617117643356323,6.390135765075684,0.7678316831588745,1,1.9627453088760376,2.9000000000000004,9.600000000000001
15,1,0.0,5.300000000000001,2.4000000000000004,2.90142164572962,0.4,3.6,304.2392272949219,1.9732943773269653,6.410854339599609,0.7678316831588745,1,1.9743279218673706,2.9000000000000004,9.600000000000001
15,1,0.0,5.300000000000001,2.4000000000000004,2.90142164572962,0.4,3.6,304.7392272949219,1.9851665496826172,6.431820392608643,0.7678316831588745,1,1.9862000942230225,2.9000000000000004,9.600000000000001
15,1,0.0,5.300000000000001,2.4000000000000004,2.90142164572962,0.4,3.6,305.2392272949219,1.9973355531692505,6.453042030334473,0.7678316831588745,1,1.9983690977096558,2.9000000000000004,9.600000000000001
15,1,0.0,5.300000000000001,2.4000000000000004,2.90142164572962,0.4,3.6,305.7392272949219,2.0098087787628174,6.474526882171631,0.7678316831588745,1,2.0108423233032227,2.9000000000000004,9.600000000000001
15,1,0.0,5.300000000000001,2.4000000000000004,2.90142164572962,0.4,3.6,306.2392272949219,0.0,,,0,2.0236270427703857,2.9000000000000004,9.600000000000001
15,1,0.0,5.300000000000001,2.4000000000000004,2.90142164572962,0.4,3.6,306.7392272949219,2.035698175430298,6.518319606781006,0.7678316831588745,1,2.036731719970703,2.9000000000000004,9.600000000000001
15,1,0.0,5.300000000000001,2.4000000000000004,2.90142164572962,0.4,3.6,307.2392272949219,2.04913067817688,6.540644645690918,0.7678316831588745,1,2.050164222717285,2.9000000000000004,9.600000000000001
15,1,0.0,5.300000000000001,2.4000000000000004,2.90142164572962,0.4,3.6,307.7392272949219,2.0628998279571533,6.563268184661865,0.7678316831588745,1,2.0639333724975586,2.9000000000000004,9.600000000000001
15,1,0.0,5.300000000000001,2.4000000000000004,2.90142164572962,0.4,3.6,308.2392272949219,2.077014446258545,6.586199760437012,0.7678316831588745,1,2.07804799079895,2.9000000000000004,9.600000000000001
15,1,0.0,5.300000000000001,2.4000000000000004,2.90142164572962,0.4,3.6,308.7392272949219,2.0914838314056396,6.609448432922363,0.7678316831588745,1,2.092517375946045,2.9000000000000004,9.600000000000001
15,1,0.0,5.300000000000001,2.4000000000000004,2.90142164572962,0.4,3.6,309.2392272949219,2.1063177585601807,6.633025169372559,0.7678316831588745,1,2.107351303100586,2.9000000000000004,9.600000000000001
15,1,0.0,5.300000000000001,2.4000000000000004,2.90142164572962,0.4,3.6,309.7392272949219,2.1215264797210693,6.656940460205078,0.7678316831588745,1,2.1225600242614746,2.9000000000000004,9.600000000000001
15,1,0.0,5.300000000000001,2.4000000000000004,2.90142164572962,0.4,3.6,310.2392272949219,2.137120246887207,6.6812052726745605,0.7678316831588745,1,2.1381537914276123,2.9000000000000004,9.600000000000001
15,1,0.0,5.300000000000001,2.4000000000000004,2.90142164572962,0.4,3.6,310.7392272949219,2.1531100273132324,6.705831050872803,0.7678316831588745,1,2.1541435718536377,2.9000000000000004,9.600000000000001
15,1,0.0,5.300000000000001,2.4000000000000004,2.90142164572962,0.4,3.6,311.2392272949219,2.1695072650909424,6.73082971572876,0.7678316831588745,1,2.1705408096313477,2.9000000000000004,9.600000000000001
15,1,0.0,5.300000000000001,2.4000000000000004,2.90142164572962,0.4,3.6,311.7392272949219,2.186323881149292,6.756214141845703,0.7678316831588745,1,2.1873574256896973,2.9000000000000004,9.600000000000001
15,1,0.0,5.300000000000001,2.4000000000000004,2.90142164572962,0.4,3.6,312.2392272949219,2.2035725116729736,6.781996726989746,0.7678316831588745,1,2.204606056213379,2.9000000000000004,9.600000000000001
15,1,0.0,5.300000000000001,2.4000000000000004,2.90142164572962,0.4,3.6,312.7392272949219,7.808444976806641,10.600000381469727,-3.3356733322143555,1,7.809478282928467,2.9000000000000004,9.600000000000001
15,1,0.0,5.300000000000001,2.4000000000000004,2.90142164572962,0.4,3.6,313.2392272949219,7.735674858093262,10.600000381469727,-3.2361912727355957,1,7.736708164215088,2.9000000000000004,9.600000000000001
15,1,0.0,5.300000000000001,2.4000000000000004,2.90142164572962,0.4,3.6,313.7392272949219,7.6648268699646,10.600000381469727,-3.1385388374328613,1,7.665860176086426,2.9000000000000004,9.600000000000001
15,1,0.0,5.300000000000001,2.4000000000000004,2.90142164572962,0.4,3.6,314.2392272949219,7.5958380699157715,10.600000381469727,-3.042651414871216,1,7.596871376037598,2.9000000000000004,9.600000000000001
15,1,0.0,5.300000000000001,2.4000000000000004,2.90142164572962,0.4,3.6,314.7392272949219,7.528648376464844,10.600000381469727,-2.948467493057251,1,7.52968168258667,2.9000000000000004,9.600000000000001
15,1,0.0,5.300000000000001,2.4000000000000004,2.90142164572962,0.4,3.6,315.2392272949219,0.0,,,0,7.4642333984375,2.9000000000000004,9.600000000000001
15,1,0.0,5.300000000000001,2.4000000000000004,2.90142164572962,0.4,3.6,315.7392272949219,7.399438381195068,10.600000381469727,-2.7649762630462646,1,7.4004716873168945,2.9000000000000004,9.600000000000001
15,1,0.0,5.300000000000001,2.4000000000000004,2.90142164572962,0.4,3.6,316.2392272949219,7.337310791015625,10.600000381469727,-2.675558567047119,1,7.338344097137451,2.9000000000000004,9.600000000000001
15,1,0.0,5.300000000000001,2.4000000000000004,2.90142164572962,0.4,3.6,316.7392272949219,7.276767253875732,10.600000381469727,-2.587622880935669,1,7.277800559997559,2.9000000000000004,9.600000000000001
15,1,0.0,5.300000000000001,2.4000000000000004,2.90142164572962,0.4,3.6,317.2392272949219,7.21776008605957,10.600000381469727,-2.501120090484619,1,7.2187933921813965,2.9000000000000004,9.600000000000001
15,1,0.0,5.300000000000001,2.4000000000000004,2.90142164572962,0.4,3.6,317.7392272949219,7.160243034362793,10.600000381469727,-2.416002035140991,1,7.161276340484619,2.9000000000000004,9.600000000000001
15,1,0.0,5.300000000000001,2.4000000000000004,2.90142164572962,0.4,3.6,318.2392272949219,7.1041717529296875,10.600000381469727,-2.332223653793335,1,7.105205059051514,2.9000000000000004,9.600000000000001
15,1,0.0,5.300000000000001,2.4000000000000004,2.90142164572962,0.4,3.6,318.7392272949219,0.0,,,0,7.050538063049316,2.9000000000000004,9.600000000000001
15,1,0.0,5.300000000000001,2.4000000000000004,2.90142164572962,0.4,3.6,319.2392272949219,6.996201038360596,10.600000381469727,-2.168510913848877,1,6.997234344482422,2.9000000000000004,9.600000000000001
15,1,0.0,5.300000000000001,2.4000000000000004,2.90142164572962,0.4,3.6,319.7392272949219,6.944222450256348,10.600000381469727,-2.088494062423706,1,6.945255756378174,2.9000000000000004,9.600000000000001
15,1,0.0,5.300000000000001,2.4000000000000004,2.90142164572962,0.4,3.6,320.2392272949219,6.893531799316406,10.600000381469727,-2.0096514225006104,1,6.894565105438232,2.9000000000000004,9.600000000000001
15,1,0.0,5.300000000000001,2.4000000000000004,2.90142164572962,0.4,3.6,320.7392272949219,6.844092845916748,10.600000381469727,-1.931945562362671,1,6.845126152038574,2.9000000000000004,9.600000000000001
15,1,0.0,5.300000000000001,2.4000000000000004,2.90142164572962,0.4,3.6,321.2392272949219,6.795871734619141,10.600000381469727,-1.8553402423858643,1,6.796905040740967,2.9000000000000004,9.600000000000001
15,1,0.0,5.300000000000001,2.4000000000000004,2.90142164572962,0.4,3.6,321.7392272949219,6.748836040496826,10.600000381469727,-1.7798010110855103,1,6.749869346618652,2.9000000000000004,9.600000000000001
15,1,0.0,5.300000000000001,2.4000000000000004,2.90142164572962,0.4,3.6,322.2392272949219,2.664313793182373,7.4071550369262695,0.7678316831588745,1,2.6653473377227783,2.9000000000000004,9.600000000000001
15,1,0.0,5.300000000000001,2.4000000000000004,2.90142164572962,0.4,3.6,322.7392272949219,2.6947877407073975,7.4455718994140625,0.7678316831588745,1,2.6958212852478027,2.9000000000000004,9.600000000000001
15,1,0.0,5.300000000000001,2.4000000000000004,2.90142164572962,0.4,3.6,323.2392272949219,2.7261767387390137,7.484880447387695,0.7678316831588745,1,2.727210283279419,2.9000000000000004,9.600000000000001
15,1,0.0,5.300000000000001,2.4000000000000004,2.90142164572962,0.4,3.6,323.7392272949219,2.7585179805755615,7.525118350982666,0.7678316831588745,1,2.759551525115967,2.9000000000000004,9.600000000000001
15,1,0.0,5.300000000000001,2.4000000000000004,2.90142164572962,0.4,3.6,324.2392272949219,0.0,,,0,2.792884349822998,2.9000000000000004,9.600000000000001
15,1,0.0,5.300000000000001,2.4000000000000004,2.90142164572962,0.4,3.6,324.7392272949219,2.826216459274292,7.6085429191589355,0.7678316831588745,1,2.8272500038146973,2.9000000000000004,9.600000000000001
15,1,0.0,5.300000000000001,2.4000000000000004,2.90142164572962,0.4,3.6,325.2392272949219,2.861659288406372,7.651815414428711,0.7678316831588745,1,2.8626928329467773,2.9000000000000004,9.600000000000001
15,1,0.0,5.300000000000001,2.4000000000000004,2.90142164572962,0.4,3.6,325.7392272949219,2.8982255458831787,7.69619083404541,0.7678316831588745,1,2.899259090423584,2.9000000000000004,9.600000000000001
15,1,0.0,5.300000000000001,2.4000000000000004,2.90142164572962,0.4,3.6,326.2392272949219,0.0,,,0,2.936998128890991,2.9000000000000004,9.600000000000001
15,1,0.0,5.300000000000001,2.4000000000000004,2.90142164572962,0.4,3.6,326.7392272949219,2.974928617477417,7.788448810577393,0.7678316831588745,1,2.9759621620178223,2.9000000000000004,9.600000000000001
15,1,0.0,5.300000000000001,2.4000000000000004,2.90142164572962,0.4,3.6,327.2392272949219,3.0151731967926025,7.836440563201904,0.7678316831588745,1,3.016206741333008,2.9000000000000004,9.600000000000001
15,1,0.0,5.300000000000001,2.4000000000000004,2.90142164572962,0.4,3.6,327.7392272949219,3.0567572116851807,7.885751724243164,0.7678316831588745,1,3.057790756225586,2.9000000000000004,9.600000000000001
15,1,0.0,5.300000000000001,2.4000000000000004,2.90142164572962,0.4,3.6,328.2392272949219,3.099743366241455,7.936445236206055,0.7678316831588745,1,3.1007769107818604,2.9000000000000004,9.600000000000001
15,1,0.0,5.300000000000001,2.4000000000000004,2.90142164572962,0.4,3.6,328.7392272949219,3.144198417663574,7.988588809967041,0.7678316831588745,1,3.1452319622039795,2.9000000000000004,9.600000000000001
15,1,0.0,5.300000000000001,2.4000000000000004,2.90142164572962,0.4,3.6,329.2392272949219,0.0,,,0,3.1912267208099365,2.9000000000000004,9.600000000000001
15,1,0.0,5.300000000000001,2.4000000000000004,2.90142164572962,0.4,3.6,329.7392272949219,3.2378032207489014,8.097515106201172,0.7678316831588745,1,3.2388367652893066,2.9000000000000004,9.600000000000001
15,1,0.0,5.300000000000001,2.4000000000000004,2.90142164572962,0.4,3.6,330.2392272949219,0.0,,,0,3.2881433963775635,2.9000000000000004,9.600000000000001
15,1,0.0,5.300000000000001,2.4000000000000004,2.90142164572962,0.4,3.6,330.7392272949219,0.0,,,0,3.3392324447631836,2.9000000000000004,9.600000000000001
15,1,0.0,5.300000000000001,2.4000000000000004,2.90142164572962,0.4,3.6,331.2392272949219,0.0,,,0,3.3921968936920166,2.9000000000000004,9.600000000000001
15,1,0.0,5.300000000000001,2.4000000000000004,2.90142164572962,0.4,3.6,331.7392272949219,3.446101427078247,8.336241722106934,0.7678316831588745,1,3.4471349716186523,2.9000000000000004,9.600000000000001
15,1,0.0,5.300000000000001,2.4000000000000004,2.90142164572962,0.4,3.6,332.2392272949219,0.0,,,0,3.504153251647949,2.9000000000000004,9.600000000000001
15,1,0.0,5.300000000000001,2.4000000000000004,2.90142164572962,0.4,3.6,332.7392272949219,0.0,,,0,3.5633654594421387,2.9000000000000004,9.600000000000001
15,1,0.0,5.300000000000001,2.4000000000000004,2.90142164572962,0.4,3.6,333.2392272949219,3.6238603591918945,8.536646842956543,0.7678316831588745,1,3.6248939037323,2.9000000000000004,9.600000000000001
15,1,0.0,5.300000000000001,2.4000000000000004,2.90142164572962,0.4,3.6,333.7392272949219,0.0,,,0,3.6888701915740967,2.9000000000000004,9.600000000000001
15,1,0.0,5.300000000000001,2.4000000000000004,2.90142164572962,0.4,3.6,334.2392272949219,3.7544031143188477,8.682208061218262,0.7678316831588745,1,3.755436658859253,2.9000000000000004,9.600000000000001
15,1,0.0,5.300000000000001,2.4000000000000004,2.90142164572962,0.4,3.6,334.7392272949219,3.8237128257751465,8.759004592895508,0.7678316831588745,1,3.8247463703155518,2.9000000000000004,9.600000000000001
15,1,0.0,5.300000000000001,2.4000000000000004,2.90142164572962,0.4,3.6,335.2392272949219,3.8959312438964844,8.83869457244873,0.7678316831588745,1,3.8969647884368896,2.9000000000000004,9.600000000000001
15,1,0.0,5.300000000000001,2.4000000000000004,2.90142164572962,0.4,3.6,335.7392272949219,3.9712376594543457,8.921459197998047,0.7678316831588745,1,3.972271203994751,2.9000000000000004,9.600000000000001
15,1,0.0,5.300000000000001,2.4000000000000004,2.90142164572962,0.4,3.6,336.2392272949219,4.049826622009277,9.007491111755371,0.7678316831588745,1,4.0508599281311035,2.9000000000000004,9.600000000000001
15,1,0.0,5.300000000000001,2.4000000000000004,2.90142164572962,0.4,3.6,336.7392272949219,4.131908893585205,9.097003936767578,0.7678316831588745,1,4.132942199707031,2.9000000000000004,9.600000000000001
15,1,0.0,5.300000000000001,2.4000000000000004,2.90142164572962,0.4,3.6,337.2392272949219,0.0,,,0,4.218747615814209,2.9000000000000004,9.600000000000001
15,1,0.0,5.300000000000001,2.4000000000000004,2.90142164572962,0.4,3.6,337.7392272949219,0.0,,,0,4.308526992797852,2.9000000000000004,9.600000000000001
15,1,0.0,5.300000000000001,2.4000000000000004,2.90142164572962,0.4,3.6,338.2392272949219,0.0,,,0,4.402552604675293,2.9000000000000004,9.600000000000001
15,1,0.0,5.300000000000001,2.4000000000000004,2.90142164572962,0.4,3.6,338.7392272949219,4.500091075897217,9.494775772094727,0.7678316831588745,1,4.501124382019043,2.9000000000000004,9.600000000000001
15,1,0.0,5.300000000000001,2.4000000000000004,2.90142164572962,0.4,3.6,339.2392272949219,4.603536605834961,9.60558795928955,0.7678316831588745,1,4.604569911956787,2.9000000000000004,9.600000000000001
15,1,0.0,5.300000000000001,2.4000000000000004,2.90142164572962,0.4,3.6,339.7392272949219,4.712215900421143,9.721622467041016,0.7678316831588745,1,4.713249206542969,2.9000000000000004,9.600000000000001
15,1,0.0,5.300000000000001,2.4000000000000004,2.90142164572962,0.4,3.6,340.2392272949219,4.826526165008545,9.843276023864746,0.7678316831588745,1,4.827559471130371,2.9000000000000004,9.600000000000001
15,1,0.0,5.300000000000001,2.4000000000000004,2.90142164572962,0.4,3.6,340.7392272949219,4.946905136108398,9.970987319946289,0.7678316831588745,1,4.947938442230225,2.9000000000000004,9.600000000000001
15,1,0.0,5.300000000000001,2.4000000000000004,2.90142164572962,0.4,3.6,341.2392272949219,0.0,,,0,5.074871063232422,2.9000000000000004,9.600000000000001
15,1,0.0,5.300000000000001,2.4000000000000004,2.90142164572962,0.4,3.6,341.7392272949219,5.207860946655273,10.246575355529785,0.7678316831588745,1,5.2088942527771,2.9000000000000004,9.600000000000001
15,1,0.0,5.300000000000001,2.4000000000000004,2.90142164572962,0.4,3.6,342.2392272949219,5.349574089050293,10.395588874816895,0.7678316831588745,1,5.350607395172119,2.9000000000000004,9.600000000000001
15,1,0.0,5.300000000000001,2.4000000000000004,2.90142164572962,0.4,3.6,342.7392272949219,5.499643802642822,10.552949905395508,0.7678316831588745,1,5.500677108764648,2.9000000000000004,9.600000000000001
15,1,0.0,5.300000000000001,2.4000000000000004,2.90142164572962,0.4,3.6,343.2392272949219,5.534115791320801,10.600000381469727,0.8037929534912109,1,5.535149097442627,2.9000000000000004,9.600000000000001
15,1,0.0,5.300000000000001,2.4000000000000004,2.90142164572962,0.4,3.6,343.7392272949219,5.5198163986206055,10.600000381469727,0.8541083931922913,1,5.520849704742432,2.9000000000000004,9.600000000000001
15,1,0.0,5.300000000000001,2.4000000000000004,2.90142164572962,0.4,3.6,344.2392272949219,5.506008625030518,10.600000381469727,0.9041683673858643,1,5.507041931152344,2.9000000000000004,9.600000000000001
15,1,0.0,5.300000000000001,2.4000000000000004,2.90142164572962,0.4,3.6,344.7392272949219,5.492687225341797,10.600000381469727,0.9539822936058044,1,5.493720531463623,2.9000000000000004,9.600000000000001
15,1,0.0,5.300000000000001,2.4000000000000004,2.90142164572962,0.4,3.6,345.2392272949219,5.479846477508545,10.600000381469727,1.0035595893859863,1,5.480879783630371,2.9000000000000004,9.600000000000001
15,1,0.0,5.300000000000001,2.4000000000000004,2.90142164572962,0.4,3.6,345.7392272949219,5.46748161315918,10.600000381469727,1.0529093742370605,1,5.468514919281006,2.9000000000000004,9.600000000000001
15,2,0.0,0.4,3.6,1.1760052070951352,2.9000000000000004,9.600000000000001,247.38014221191406,0.0,,,0,0.46818238496780396,2.9000000000000004,9.600000000000001
15,2,0.0,0.4,3.6,1.1760052070951352,2.9000000000000004,9.600000000000001,247.88014221191406,0.4894360303878784,0.2243400663137436,3.1678316593170166,1,0.46650388836860657,2.9000000000000004,9.600000000000001
15,2,0.0,0.4,3.6,1.1760052070951352,2.9000000000000004,9.600000000000001,248.38014221191406,0.4878048300743103,0.228719100356102,3.1678316593170166,1,0.46487268805503845,2.9000000000000004,9.600000000000001
15,2,0.0,0.4,3.6,1.1760052070951352,2.9000000000000004,9.600000000000001,248.88014221191406,0.4862201511859894,0.23306794464588165,3.1678316593170166,1,0.46328800916671753,2.9000000000000004,9.600000000000001
15,2,0.0,0.4,3.6,1.1760052070951352,2.9000000000000004,9.600000000000001,249.38014221191406,0.48468130826950073,0.23738756775856018,3.1678316593170166,1,0.4617491662502289,2.9000000000000004,9.600000000000001
15,2,0.0,0.4,3.6,1.1760052070951352,2.9000000000000004,9.600000000000001,249.88014221191406,0.48318755626678467,0.24167892336845398,3.1678316593170166,1,0.4602554142475128,2.9000000000000004,9.600000000000001
15,2,0.0,0.4,3.6,1.1760052070951352,2.9000000000000004,9.600000000000001,250.38014221191406,0.48173826932907104,0.24594292044639587,3.1678316593170166,1,0.4588061273097992,2.9000000000000004,9.600000000000001
15,2,0.0,0.4,3.6,1.1760052070951352,2.9000000000000004,9.600000000000001,250.88014221191406,0.4803328216075897,0.2501804828643799,3.1678316593170166,1,0.45740067958831787,2.9000000000000004,9.600000000000001
15,2,0.0,0.4,3.6,1.1760052070951352,2.9000000000000004,9.600000000000001,251.38014221191406,0.47897055745124817,0.25439244508743286,3.1678316593170166,1,0.4560384154319763,2.9000000000000004,9.600000000000001
15,2,0.0,0.4,3.6,1.1760052070951352,2.9000000000000004,9.600000000000001,251.88014221191406,0.0,,,0,0.45471876859664917,2.9000000000000004,9.600000000000001
15,2,0.0,0.4,3.6,1.1760052070951352,2.9000000000000004,9.600000000000001,252.38014221191406,0.4763733148574829,0.262743204832077,3.1678316593170166,1,0.45344117283821106,2.9000000000000004,9.600000000000001
15,2,0.0,0.4,3.6,1.1760052070951352,2.9000000000000004,9.600000000000001,252.88014221191406,0.47513723373413086,0.26688361167907715,3.1678316593170166,1,0.452205091714859,2.9000000000000004,9.600000000000001
15,2,0.0,0.4,3.6,1.1760052070951352,2.9000000000000004,9.600000000000001,253.38014221191406,0.4739421308040619,0.2710018455982208,3.1678316593170166,1,0.45100998878479004,2.9000000000000004,9.600000000000001
15,2,0.0,0.4,3.6,1.1760052070951352,2.9000000000000004,9.600000000000001,253.88014221191406,0.472787469625473,0.27509868144989014,3.1678316593170166,1,0.44985532760620117,2.9000000000000004,9.600000000000001
15,2,0.0,0.4,3.6,1.1760052070951352,2.9000000000000004,9.600000000000001,254.38014221191406,0.47167280316352844,0.27917489409446716,3.1678316593170166,1,0.4487406611442566,2.9000000000000004,9.600000000000001
15,2,0.0,0.4,3.6,1.1760052070951352,2.9000000000000004,9.600000000000001,254.88014221191406,0.47059765458106995,0.283231258392334,3.1678316593170166,1,0.4476655125617981,2.9000000000000004,9.600000000000001
15,2,0.0,0.4,3.6,1.1760052070951352,2.9000000000000004,9.600000000000001,255.38014221191406,0.4695615768432617,0.2872685492038727,3.1678316593170166,1,0.44662943482398987,2.9000000000000004,9.600000000000001
15,2,0.0,0.4,3.6,1.1760052070951352,2.9000000000000004,9.600000000000001,255.88014221191406,0.46856415271759033,0.29128751158714294,3.1678316593170166,1,0.4456320106983185,2.9000000000000004,9.600000000000001
15,2,0.0,0.4,3.6,1.1760052070951352,2.9000000000000004,9.600000000000001,256.380126953125,0.46760493516921997,0.2952888607978821,3.1678316593170166,1,0.4446727931499481,2.9000000000000004,9.600000000000001
15,2,0.0,0.4,3.6,1.1760052070951352,2.9000000000000004,9.600000000000001,256.880126953125,0.46668359637260437,0.2992733120918274,3.1678316593170166,1,0.4437514543533325,2.9000000000000004,9.600000000000001
15,2,0.0,0.4,3.6,1.1760052070951352,2.9000000000000004,9.600000000000001,257.380126953125,0.4657996892929077,0.3032415807247162,3.1678316593170166,1,0.44286754727363586,2.9000000000000004,9.600000000000001
15,2,0.0,0.4,3.6,1.1760052070951352,2.9000000000000004,9.600000000000001,257.880126953125,0.46495291590690613,0.30719441175460815,3.1678316593170166,1,0.4420207738876343,2.9000000000000004,9.600000000000001
15,2,0.0,0.4,3.6,1.1760052070951352,2.9000000000000004,9.600000000000001,258.380126953125,0.0,,,0,0.4412107467651367,2.9000000000000004,9.600000000000001
15,2,0.0,0.4,3.6,1.1760052070951352,2.9000000000000004,9.600000000000001,258.880126953125,0.0,,,0,0.4404371678829193,2.9000000000000004,9.600000000000001
15,2,0.0,0.4,3.6,1.1760052070951352,2.9000000000000004,9.600000000000001,259.380126953125,0.46263188123703003,0.318966805934906,3.1678316593170166,1,0.4396997392177582,2.9000000000000004,9.600000000000001
15,2,0.0,0.4,3.6,1.1760052070951352,2.9000000000000004,9.600000000000001,259.880126953125,0.4619302749633789,0.32286450266838074,3.1678316593170166,1,0.43899813294410706,2.9000000000000004,9.600000000000001
15,2,0.0,0.4,3.6,1.1760052070951352,2.9000000000000004,9.600000000000001,260.380126953125,0.4612642526626587,0.3267500698566437,3.1678316593170166,1,0.43833211064338684,2.9000000000000004,9.600000000000001
15,2,0.0,0.4,3.6,1.1760052070951352,2.9000000000000004,9.600000000000001,260.880126953125,0.4606335163116455,0.33062416315078735,3.1678316593170166,1,0.43770137429237366,2.9000000000000004,9.600000000000001
15,2,0.0,0.4,3.6,1.1760052070951352,2.9000000000000004,9.600000000000001,261.380126953125,0.46003782749176025,0.3344874083995819,3.1678316593170166,1,0.4371056854724884,2.9000000000000004,9.600000000000001
15,2,0.0,0.4,3.6,1.1760052070951352,2.9000000000000004,9.600000000000001,261.880126953125,0.45947694778442383,0.3383404612541199,3.1678316593170166,1,0.436544805765152,2.9000000000000004,9.600000000000001
15,2,0.0,0.4,3.6,1.1760052070951352,2.9000000000000004,9.600000000000001,262.380126953125,0.4589506983757019,0.342183917760849,3.1678316593170166,1,0.43601855635643005,2.9000000000000004,9.600000000000001
15,2,0.0,0.4,3.6,1.1760052070951352,2.9000000000000004,9.600000000000001,262.880126953125,0.458458811044693,0.3460184335708618,3.1678316593170166,1,0.43552666902542114,2.9000000000000004,9.600000000000001
15,2,0.0,0.4,3.6,1.1760052070951352,2.9000000000000004,9.600000000000001,263.380126953125,0.0,,,0,0.4350690245628357,2.9000000000000004,9.600000000000001
15,2,0.0,0.4,3.6,1.1760052070951352,2.9000000000000004,9.600000000000001,263.880126953125,0.45757752656936646,0.35366296768188477,3.1678316593170166,1,0.4346453845500946,2.9000000000000004,9.600000000000001
15,2,0.0,0.4,3.6,1.1760052070951352,2.9000000000000004,9.600000000000001,264.380126953125,0.0,,,0,0.43425559997558594,2.9000000000000004,9.600000000000001
15,2,0.0,0.4,3.6,1.1760052070951352,2.9000000000000004,9.600000000000001,264.880126953125,0.4568316638469696,0.3612789809703827,3.1678316593170166,1,0.43389952182769775,2.9000000000000004,9.600000000000001
15,2,0.0,0.4,3.6,1.1760052070951352,2.9000000000000004,9.600000000000001,265.380126953125,0.45650917291641235,0.36507776379585266,3.1678316593170166,1,0.4335770308971405,2.9000000000000004,9.600000000000001
15,2,0.0,0.4,3.6,1.1760052070951352,2.9000000000000004,9.600000000000001,265.880126953125,0.4562201201915741,0.36887118220329285,3.1678316593170166,1,0.43328797817230225,2.9000000000000004,9.600000000000001
15,2,0.0,0.4,3.6,1.1760052070951352,2.9000000000000004,9.600000000000001,266.380126953125,0.45596441626548767,0.372659832239151,3.1678316593170166,1,0.4330322742462158,2.9000000000000004,9.600000000000001
15,2,0.0,0.4,3.6,1.1760052070951352,2.9000000000000004,9.600000000000001,266.880126953125,0.0,,,0,0.43280982971191406,2.9000000000000004,9.600000000000001
15,2,0.0,0.4,3.6,1.1760052070951352,2.9000000000000004,9.600000000000001,267.380126953125,0.4555526673793793,0.38022521138191223,3.1678316593170166,1,0.4326205253601074,2.9000000000000004,9.600000000000001
15,2,0.0,0.4,3.6,1.1760052070951352,2.9000000000000004,9.600000000000001,267.880126953125,0.455396443605423,0.38400307297706604,3.1678316593170166,1,0.4324643015861511,2.9000000000000004,9.600000000000001
15,2,0.0,0.4,3.6,1.1760052070951352,2.9000000000000004,9.600000000000001,268.380126953125,0.45527327060699463,0.38777849078178406,3.1678316593170166,1,0.4323411285877228,2.9000000000000004,9.600000000000001
15,2,0.0,0.4,3.6,1.1760052070951352,2.9000000000000004,9.600000000000001,268.880126953125,0.4551830589771271,0.39155206084251404,3.1678316593170166,1,0.4322509169578552,2.9000000000000004,9.600000000000001
15,2,0.0,0.4,3.6,1.1760052070951352,2.9000000000000004,9.600000000000001,269.380126953125,0.0,,,0,0.4321936368942261,2.9000000000000004,9.600000000000001
15,2,0.0,0.4,3.6,1.1760052070951352,2.9000000000000004,9.600000000000001,269.880126953125,0.0,,,0,0.4321692883968353,2.9000000000000004,9.600000000000001
15,2,0.0,0.4,3.6,1.1760052070951352,2.9000000000000004,9.600000000000001,270.380126953125,0.45510998368263245,0.40286731719970703,3.1678316593170166,1,0.4321778416633606,2.9000000000000004,9.600000000000001
15,2,0.0,0.4,3.6,1.1760052070951352,2.9000000000000004,9.600000000000001,270.880126953125,0.4551514685153961,0.4066391587257385,3.1678316593170166,1,0.43221932649612427,2.9000000000000004,9.600000000000001
15,2,0.0,0.4,3.6,1.1760052070951352,2.9000000000000004,9.600000000000001,271.380126953125,0.0,,,0,0.43229374289512634,2.9000000000000004,9.600000000000001
15,2,0.0,0.4,3.6,1.1760052070951352,2.9000000000000004,9.600000000000001,271.880126953125,0.0,,,0,0.4324011206626892,2.9000000000000004,9.600000000000001
15,2,0.0,0.4,3.6,1.1760052070951352,2.9000000000000004,9.600000000000001,272.380126953125,0.4554736316204071,0.4179631173610687,3.1678316593170166,1,0.43254148960113525,2.9000000000000004,9.600000000000001
15,2,0.0,0.4,3.6,1.1760052070951352,2.9000000000000004,9.600000000000001,272.880126953125,0.4556470811367035,0.4217424988746643,3.1678316593170166,1,0.43271493911743164,2.9000000000000004,9.600000000000001
15,2,0.0,0.4,3.6,1.1760052070951352,2.9000000000000004,9.600000000000001,273.380126953125,0.0,,,0,0.43292149901390076,2.9000000000000004,9.600000000000001
15,2,0.0,0.4,3.6,1.1760052070951352,2.9000000000000004,9.600000000000001,273.880126953125,0.0,,,0,0.4331612288951874,2.9000000000000004,9.600000000000001
15,2,0.0,0.4,3.6,1.1760052070951352,2.9000000000000004,9.600000000000001,274.380126953125,0.0,,,0,0.43343427777290344,2.9000000000000004,9.600000000000001
15,2,0.0,0.4,3.6,1.1760052070951352,2.9000000000000004,9.600000000000001,274.880126953125,0.4566728472709656,0.43689897656440735,3.1678316593170166,1,0.4337407052516937,2.9000000000000004,9.600000000000001
15,2,0.0,0.4,3.6,1.1760052070951352,2.9000000000000004,9.600000000000001,275.380126953125,0.457012802362442,0.4407007694244385,3.1678316593170166,1,0.43408066034317017,2.9000000000000004,9.600000000000001
15,2,0.0,0.4,3.6,1.1760052070951352,2.9000000000000004,9.600000000000001,275.880126953125,0.0,,,0,0.4344542622566223,2.9000000000000004,9.600000000000001
15,2,0.0,0.4,3.6,1.1760052070951352,2.9000000000000004,9.600000000000001,276.380126953125,0.0,,,0,0.4348616600036621,2.9000000000000004,9.600000000000001
15,2,0.0,0.4,3.6,1.1760052070951352,2.9000000000000004,9.600000000000001,276.880126953125,0.45823514461517334,0.45214608311653137,3.1678316593170166,1,0.4353030025959015,2.9000000000000004,9.600000000000001
15,2,0.0,0.4,3.6,1.1760052070951352,2.9000000000000004,9.600000000000001,277.380126953125,0.45871058106422424,0.4559765160083771,3.1678316593170166,1,0.4357784390449524,2.9000000000000004,9.600000000000001
15,2,0.0,0.4,3.6,1.1760052070951352,2.9000000000000004,9.600000000000001,277.880126953125,0.4592203199863434,0.4598155915737152,3.1678316593170166,1,0.43628817796707153,2.9000000000000004,9.600000000000001
15,2,0.0,0.4,3.6,1.1760052070951352,2.9000000000000004,9.600000000000001,278.380126953125,0.0,,,0,0.4368324279785156,2.9000000000000004,9.600000000000001
15,2,0.0,0.4,3.6,1.1760052070951352,2.9000000000000004,9.600000000000001,278.880126953125,0.0,,,0,0.4374113976955414,2.9000000000000004,9.600000000000001
15,2,0.0,0.4,3.6,1.1760052070951352,2.9000000000000004,9.600000000000001,279.380126953125,0.46095743775367737,0.47139108180999756,3.1678316593170166,1,0.4380252957344055,2.9000000000000004,9.600000000000001
15,2,0.0,0.4,3.6,1.1760052070951352,2.9000000000000004,9.600000000000001,279.880126953125,0.46160653233528137,0.4752710461616516,3.1678316593170166,1,0.4386743903160095,2.9000000000000004,9.600000000000001
15,2,0.0,0.4,3.6,1.1760052070951352,2.9000000000000004,9.600000000000001,280.380126953125,0.46229103207588196,0.47916287183761597,3.1678316593170166,1,0.4393588900566101,2.9000000000000004,9.600000000000001
15,2,0.0,0.4,3.6,1.1760052070951352,2.9000000000000004,9.600000000000001,280.880126953125,0.0,,,0,0.44007912278175354,2.9000000000000004,9.600000000000001
15,2,0.0,0.4,3.6,1.1760052070951352,2.9000000000000004,9.600000000000001,281.380126953125,0.46376746892929077,0.4869844913482666,3.1678316593170166,1,0.4408353269100189,2.9000000000000004,9.600000000000001
15,2,0.0,0.4,3.6,1.1760052070951352,2.9000000000000004,9.600000000000001,281.880126953125,0.46455997228622437,0.4909156858921051,3.1678316593170166,1,0.4416278302669525,2.9000000000000004,9.600000000000001
15,2,0.0,0.4,3.6,1.1760052070951352,2.9000000000000004,9.600000000000001,282.380126953125,0.0,,,0,0.4424569308757782,2.9000000000000004,9.600000000000001
15,2,0.0,0.4,3.6,1.1760052070951352,2.9000000000000004,9.600000000000001,282.880126953125,0.4662551283836365,0.49882209300994873,3.1678316593170166,1,0.4433229863643646,2.9000000000000004,9.600000000000001
15,2,0.0,0.4,3.6,1.1760052070951352,2.9000000000000004,9.600000000000001,283.380126953125,0.4671584963798523,0.5027986764907837,3.1678316593170166,1,0.44422635436058044,2.9000000000000004,9.600000000000001
15,2,0.0,0.4,3.6,1.1760052070951352,2.9000000000000004,9.600000000000001,283.880126953125,0.0,,,0,0.4451673626899719,2.9000000000000004,9.600000000000001
15,2,0.0,0.4,3.6,1.1760052070951352,2.9000000000000004,9.600000000000001,284.380126953125,0.46907854080200195,0.5108022689819336,3.1678316593170166,1,0.4461463987827301,2.9000000000000004,9.600000000000001
15,2,0.0,0.4,3.6,1.1760052070951352,2.9000000000000004,9.600000000000001,284.880126953125,0.47009605169296265,0.5148306488990784,3.1678316593170166,1,0.4471639096736908,2.9000000000000004,9.600000000000001
15,2,0.0,0.4,3.6,1.1760052070951352,2.9000000000000004,9.600000000000001,285.380126953125,0.4711524248123169,0.5188778042793274,3.1678316593170166,1,0.44822028279304504,2.9000000000000004,9.600000000000001
15,2,0.0,0.4,3.6,1.1760052070951352,2.9000000000000004,9.600000000000001,285.880126953125,0.4722480773925781,0.5229443907737732,3.1678316593170166,1,0.4493159353733063,2.9000000000000004,9.600000000000001
15,2,0.0,0.4,3.6,1.1760052070951352,2.9000000000000004,9.600000000000001,286.380126953125,0.0,,,0,0.4504513442516327,2.9000000000000004,9.600000000000001
15,2,0.0,0.4,3.6,1.1760052070951352,2.9000000000000004,9.600000000000001,286.880126953125,0.47455915808677673,0.5311391353607178,3.1678316593170166,1,0.4516270160675049,2.9000000000000004,9.600000000000001
15,2,0.0,0.4,3.6,1.1760052070951352,2.9000000000000004,9.600000000000001,287.380126953125,0.4757755398750305,0.5352688431739807,3.1678316593170166,1,0.45284339785575867,2.9000000000000004,9.600000000000001
15,2,0.0,0.4,3.6,1.1760052070951352,2.9000000000000004,9.600000000000001,287.880126953125,0.0,,,0,0.45410099625587463,2.9000000000000004,9.600000000000001
15,2,0.0,0.4,3.6,1.1760052070951352,2.9000000000000004,9.600000000000001,288.380126953125,0.4783325493335724,0.5435968637466431,3.1678316593170166,1,0.45540040731430054,2.9000000000000004,9.600000000000001
15,2,0.0,0.4,3.6,1.1760052070951352,2.9000000000000004,9.600000000000001,288.880126953125,0.0,,,0,0.45674216747283936,2.9000000000000004,9.600000000000001
15,2,0.0,0.4,3.6,1.1760052070951352,2.9000000000000004,9.600000000000001,289.380126953125,0.4810589849948883,0.5520220994949341,3.1678316593170166,1,0.45812684297561646,2.9000000000000004,9.600000000000001
15,2,0.0,0.4,3.6,1.1760052070951352,2.9000000000000004,9.600000000000001,289.880126953125,0.48248717188835144,0.5562732815742493,3.1678316593170166,1,0.4595550298690796,2.9000000000000004,9.600000000000001
15,2,0.0,0.4,3.6,1.1760052070951352,2.9000000000000004,9.600000000000001,290.380126953125,0.48395952582359314,0.5605514049530029,3.1678316593170166,1,0.4610273838043213,2.9000000000000004,9.600000000000001
15,2,0.0,0.4,3.6,1.1760052070951352,2.9000000000000004,9.600000000000001,290.880126953125,0.48547667264938354,0.5648573637008667,3.1678316593170166,1,0.4625445306301117,2.9000000000000004,9.600000000000001
15,2,0.0,0.4,3.6,1.1760052070951352,2.9000000000000004,9.600000000000001,291.380126953125,0.4870392978191376,0.569192111492157,3.1678316593170166,1,0.4641071557998657,2.9000000000000004,9.600000000000001
15,2,0.0,0.4,3.6,1.1760052070951352,2.9000000000000004,9.600000000000001,291.880126953125,0.48864808678627014,0.5735565423965454,3.1678316593170166,1,0.4657159447669983,2.9000000000000004,9.600000000000001
15,2,0.0,0.4,3.6,1.1760052070951352,2.9000000000000004,9.600000000000001,292.380126953125,0.49030381441116333,0.5779516696929932,3.1678316593170166,1,0.4673716723918915,2.9000000000000004,9.600000000000001
15,2,0.0,0.4,3.6,1.1760052070951352,2.9000000000000004,9.600000000000001,292.880126953125,0.0,,,0,0.4690750539302826,2.9000000000000004,9.600000000000001
15,2,0.0,0.4,3.6,1.1760052070951352,2.9000000000000004,9.600000000000001,293.380126953125,0.49375900626182556,0.5868380665779114,3.1678316593170166,1,0.4708268642425537,2.9000000000000004,9.600000000000001
15,2,0.0,0.4,3.6,1.1760052070951352,2.9000000000000004,9.600000000000001,293.880126953125,0.4955601096153259,0.591331422328949,3.1678316593170166,1,0.4726279675960541,2.9000000000000004,9.600000000000001
15,2,0.0,0.4,3.6,1.1760052070951352,2.9000000000000004,9.600000000000001,294.380126953125,0.0,,,0,0.47447913885116577,2.9000000000000004,9.600000000000001
15,2,0.0,0.4,3.6,1.1760052070951352,2.9000000000000004,9.600000000000001,294.880126953125,0.49931347370147705,0.6004237532615662,3.1678316593170166,1,0.4763813316822052,2.9000000000000004,9.600000000000001
15,2,0.0,0.4,3.6,1.1760052070951352,2.9000000000000004,9.600000000000001,295.380126953125,0.5012675523757935,0.605025053024292,3.1678316593170166,1,0.4783353805541992,2.9000000000000004,9.600000000000001
15,2,0.0,0.4,3.6,1.1760052070951352,2.9000000000000004,9.600000000000001,295.880126953125,0.5032744407653809,0.6096645593643188,3.1678316593170166,1,0.4803422689437866,2.9000000000000004,9.600000000000001
15,2,0.0,0.4,3.6,1.1760052070951352,2.9000000000000004,9.600000000000001,296.380126953125,0.5053350925445557,0.614343523979187,3.1678316593170166,1,0.4824029505252838,2.9000000000000004,9.600000000000001
15,2,0.0,0.4,3.6,1.1760052070951352,2.9000000000000004,9.600000000000001,296.880126953125,0.5074506402015686,0.619063138961792,3.1678316593170166,1,0.48451846837997437,2.9000000000000004,9.600000000000001
15,2,0.0,0.4,3.6,1.1760052070951352,2.9000000000000004,9.600000000000001,297.380126953125,0.5096219778060913,0.6238247156143188,3.1678316593170166,1,0.48668983578681946,2.9000000000000004,9.600000000000001
15,2,0.0,0.4,3.6,1.1760052070951352,2.9000000000000004,9.600000000000001,297.880126953125,0.5118502974510193,0.6286295652389526,3.1678316593170166,1,0.48891815543174744,2.9000000000000004,9.600000000000001
15,2,0.0,0.4,3.6,1.1760052070951352,2.9000000000000004,9.600000000000001,298.380126953125,0.5141366720199585,0.6334789395332336,3.1678316593170166,1,0.49120453000068665,2.9000000000000004,9.600000000000001
15,2,0.0,0.4,3.6,1.1760052070951352,2.9000000000000004,9.600000000000001,298.880126953125,0.5164823532104492,0.6383742690086365,3.1678316593170166,1,0.493550181388855,2.9000000000000004,9.600000000000001
15,2,0.0,0.4,3.6,1.1760052070951352,2.9000000000000004,9.600000000000001,299.380126953125,0.0,,,0,0.49595627188682556,2.9000000000000004,9.600000000000001
15,2,0.0,0.4,3.6,1.1760052070951352,2.9000000000000004,9.600000000000001,299.880126953125,0.5213562250137329,0.6483084559440613,3.1678316593170166,1,0.49842408299446106,2.9000000000000004,9.600000000000001
15,2,0.0,0.4,3.6,1.1760052070951352,2.9000000000000004,9.600000000000001,300.380126953125,0.0,,,0,0.5009549260139465,2.9000000000000004,9.600000000000001
15,2,0.0,0.4,3.6,1.1760052070951352,2.9000000000000004,9.600000000000001,300.880126953125,0.526482343673706,0.6584439277648926,3.1678316593170166,1,0.5035501718521118,2.9000000000000004,9.600000000000001
15,2,0.0,0.4,3.6,1.1760052070951352,2.9000000000000004,9.600000000000001,301.380126953125,0.5291433334350586,0.6635910868644714,3.1678316593170166,1,0.5062111616134644,2.9000000000000004,9.600000000000001
15,2,0.0,0.4,3.6,1.1760052070951352,2.9000000000000004,9.600000000000001,301.880126953125,0.5318715572357178,0.668793261051178,3.1678316593170166,1,0.5089393854141235,2.9000000000000004,9.600000000000001
15,2,0.0,0.4,3.6,1.1760052070951352,2.9000000000000004,9.600000000000001,302.380126953125,0.5346685647964478,0.6740522384643555,3.1678316593170166,1,0.5117363929748535,2.9000000000000004,9.600000000000001
15,2,0.0,0.4,3.6,1.1760052070951352,2.9000000000000004,9.600000000000001,302.880126953125,0.5375358462333679,0.6793697476387024,3.1678316593170166,1,0.5146036744117737,2.9000000000000004,9.600000000000001
15,2,0.0,0.4,3.6,1.1760052070951352,2.9000000000000004,9.600000000000001,303.380126953125,0.540475070476532,0.684747576713562,3.1678316593170166,1,0.5175428986549377,2.9000000000000004,9.600000000000001
15,2,0.0,0.4,3.6,1.1760052070951352,2.9000000000000004,9.600000000000001,303.880126953125,0.5434879660606384,0.6901876330375671,3.1678316593170166,1,0.5205557942390442,2.9000000000000004,9.600000000000001
15,2,0.0,0.4,3.6,1.1760052070951352,2.9000000000000004,9.600000000000001,304.380126953125,0.5465762615203857,0.6956918239593506,3.1678316593170166,1,0.5236440896987915,2.9000000000000004,9.600000000000001
15,2,0.0,0.4,3.6,1.1760052070951352,2.9000000000000004,9.600000000000001,304.880126953125,0.5497417449951172,0.7012621164321899,3.1678316593170166,1,0.526809573173523,2.9000000000000004,9.600000000000001
15,2,0.0,0.4,3.6,1.1760052070951352,2.9000000000000004,9.600000000000001,305.380126953125,0.5529863834381104,0.7069005966186523,3.1678316593170166,1,0.5300542116165161,2.9000000000000004,9.600000000000001
15,2,0.0,0.4,3.6,1.1760052070951352,2.9000000000000004,9.600000000000001,305.880126953125,0.556312084197998,0.7126094102859497,3.1678316593170166,1,0.5333799123764038,2.9000000000000004,9.600000000000001
15,2,0.0,0.4,3.6,1.1760052070951352,2.9000000000000004,9.600000000000001,306.380126953125,0.5597209334373474,0.7183907628059387,3.1678316593170166,1,0.5367887616157532,2.9000000000000004,9.600000000000001
15,2,0.0,0.4,3.6,1.1760052070951352,2.9000000000000004,9.600000000000001,306.880126953125,0.5632150173187256,0.7242469191551208,3.1678316593170166,1,0.5402828454971313,2.9000000000000004,9.600000000000001
15,2,0.0,0.4,3.6,1.1760052070951352,2.9000000000000004,9.600000000000001,307.380126953125,0.0,,,0,0.5438644289970398,2.9000000000000004,9.600000000000001
15,2,0.0,0.4,3.6,1.1760052070951352,2.9000000000000004,9.600000000000001,307.880126953125,0.5704679489135742,0.7361932992935181,3.1678316593170166,1,0.54753577709198,2.9000000000000004,9.600000000000001
15,2,0.0,0.4,3.6,1.1760052070951352,2.9000000000000004,9.600000000000001,308.380126953125,0.5742314457893372,0.7422885298728943,3.1678316593170166,1,0.5512992739677429,2.9000000000000004,9.600000000000001
15,2,0.0,0.4,3.6,1.1760052070951352,2.9000000000000004,9.600000000000001,308.880126953125,0.5780896544456482,0.7484685778617859,3.1678316593170166,1,0.555157482624054,2.9000000000000004,9.600000000000001
15,2,0.0,0.4,3.6,1.1760052070951352,2.9000000000000004,9.600000000000001,309.380126953125,0.5820450782775879,0.7547362446784973,3.1678316593170166,1,0.5591129064559937,2.9000000000000004,9.600000000000001
15,2,0.0,0.4,3.6,1.1760052070951352,2.9000000000000004,9.600000000000001,309.880126953125,0.5861005187034607,0.761094331741333,3.1678316593170166,1,0.5631683468818665,2.9000000000000004,9.600000000000001
15,2,0.0,0.4,3.6,1.1760052070951352,2.9000000000000004,9.600000000000001,310.380126953125,0.5902587175369263,0.7675458192825317,3.1678316593170166,1,0.567326545715332,2.9000000000000004,9.600000000000001
15,2,0.0,0.4,3.6,1.1760052070951352,2.9000000000000004,9.600000000000001,310.880126953125,0.5945225954055786,0.774093747138977,3.1678316593170166,1,0.5715904235839844,2.9000000000000004,9.600000000000001
15,2,0.0,0.4,3.6,1.1760052070951352,2.9000000000000004,9.600000000000001,311.380126953125,0.5988953113555908,0.7807414531707764,3.1678316593170166,1,0.5759631395339966,2.9000000000000004,9.600000000000001
15,2,0.0,0.4,3.6,1.1760052070951352,2.9000000000000004,9.600000000000001,311.880126953125,0.6033799052238464,0.7874920964241028,3.1678316593170166,1,0.5804477334022522,2.9000000000000004,9.600000000000001
15,2,0.0,0.4,3.6,1.1760052070951352,2.9000000000000004,9.600000000000001,312.380126953125,0.6079798936843872,0.7943492531776428,3.1678316593170166,1,0.585047721862793,2.9000000000000004,9.600000000000001
15,2,0.0,0.4,3.6,1.1760052070951352,2.9000000000000004,9.600000000000001,312.880126953125,0.6107639074325562,0.800000011920929,3.1692492961883545,1,0.5878317356109619,2.9000000000000004,9.600000000000001
15,2,0.0,0.4,3.6,1.1760052070951352,2.9000000000000004,9.600000000000001,313.380126953125,0.6053131818771362,0.800000011920929,3.17671799659729,1,0.582381010055542,2.9000000000000004,9.600000000000001
15,2,0.0,0.4,3.6,1.1760052070951352,2.9000000000000004,9.600000000000001,313.880126953125,0.6000062227249146,0.800000011920929,3.1840498447418213,1,0.5770740509033203,2.9000000000000004,9.600000000000001
15,2,0.0,0.4,3.6,1.1760052070951352,2.9000000000000004,9.600000000000001,314.380126953125,0.5948382019996643,0.800000011920929,3.1912500858306885,1,0.5719060301780701,2.9000000000000004,9.600000000000001
15,2,0.0,0.4,3.6,1.1760052070951352,2.9000000000000004,9.600000000000001,314.880126953125,0.5898047685623169,0.800000011920929,3.1983227729797363,1,0.5668725967407227,2.9000000000000004,9.600000000000001
15,2,0.0,0.4,3.6,1.1760052070951352,2.9000000000000004,9.600000000000001,315.380126953125,0.0,,,0,0.5619693994522095,2.9000000000000004,9.600000000000001
15,2,0.0,0.4,3.6,1.1760052070951352,2.9000000000000004,9.600000000000001,315.880126953125,0.5801244974136353,0.800000011920929,3.212104082107544,1,0.557192325592041,2.9000000000000004,9.600000000000001
15,2,0.0,0.4,3.6,1.1760052070951352,2.9000000000000004,9.600000000000001,316.380126953125,0.5754697322845459,0.800000011920929,3.218820571899414,1,0.5525375604629517,2.9000000000000004,9.600000000000001
15,2,0.0,0.4,3.6,1.1760052070951352,2.9000000000000004,9.600000000000001,316.880126953125,0.0,,,0,0.548001229763031,2.9000000000000004,9.600000000000001
15,2,0.0,0.4,3.6,1.1760052070951352,2.9000000000000004,9.600000000000001,317.380126953125,0.5665121078491211,0.800000011920929,3.2319250106811523,1,0.5435799360275269,2.9000000000000004,9.600000000000001
15,2,0.0,0.4,3.6,1.1760052070951352,2.9000000000000004,9.600000000000001,317.880126953125,0.0,,,0,0.5392701029777527,2.9000000000000004,9.600000000000001
15,2,0.0,0.4,3.6,1.1760052070951352,2.9000000000000004,9.600000000000001,318.380126953125,0.5580006837844849,0.800000011920929,3.244615316390991,1,0.5350685119628906,2.9000000000000004,9.600000000000001
15,2,0.0,0.4,3.6,1.1760052070951352,2.9000000000000004,9.600000000000001,318.880126953125,0.553904116153717,0.800000011920929,3.2508134841918945,1,0.5309719443321228,2.9000000000000004,9.600000000000001
15,2,0.0,0.4,3.6,1.1760052070951352,2.9000000000000004,9.600000000000001,319.380126953125,0.5499097108840942,0.800000011920929,3.256917953491211,1,0.5269775390625,2.9000000000000004,9.600000000000001
15,2,0.0,0.4,3.6,1.1760052070951352,2.9000000000000004,9.600000000000001,319.880126953125,0.5460144877433777,0.800000011920929,3.2629315853118896,1,0.5230823159217834,2.9000000000000004,9.600000000000001
15,2,0.0,0.4,3.6,1.1760052070951352,2.9000000000000004,9.600000000000001,320.380126953125,0.0,,,0,0.5192834734916687,2.9000000000000004,9.600000000000001
15,2,0.0,0.4,3.6,1.1760052070951352,2.9000000000000004,9.600000000000001,320.880126953125,0.5385105609893799,0.800000011920929,3.274698495864868,1,0.5155783891677856,2.9000000000000004,9.600000000000001
15,2,0.0,0.4,3.6,1.1760052070951352,2.9000000000000004,9.600000000000001,321.380126953125,0.534896731376648,0.800000011920929,3.280457019805908,1,0.5119645595550537,2.9000000000000004,9.600000000000001
15,2,0.0,0.4,3.6,1.1760052070951352,2.9000000000000004,9.600000000000001,321.880126953125,0.5313715934753418,0.800000011920929,3.2861359119415283,1,0.5084394216537476,2.9000000000000004,9.600000000000001
15,2,0.0,0.4,3.6,1.1760052070951352,2.9000000000000004,9.600000000000001,322.380126953125,0.52793288230896,0.800000011920929,3.2917375564575195,1,0.5050007104873657,2.9000000000000004,9.600000000000001
15,2,0.0,0.4,3.6,1.1760052070951352,2.9000000000000004,9.600000000000001,322.880126953125,0.524578332901001,0.800000011920929,3.297264337539673,1,0.5016461610794067,2.9000000000000004,9.600000000000001
15,2,0.0,0.4,3.6,1.1760052070951352,2.9000000000000004,9.600000000000001,323.380126953125,0.5213057994842529,0.800000011920929,3.3027186393737793,1,0.4983736276626587,2.9000000000000004,9.600000000000001
15,2,0.0,0.4,3.6,1.1760052070951352,2.9000000000000004,9.600000000000001,323.880126953125,0.5181130766868591,0.800000011920929,3.308102607727051,1,0.4951809346675873,2.9000000000000004,9.600000000000001
15,2,0.0,0.4,3.6,1.1760052070951352,2.9000000000000004,9.600000000000001,324.380126953125,0.5149982571601868,0.800000011920929,3.313418388366699,1,0.4920661151409149,2.9000000000000004,9.600000000000001
15,2,0.0,0.4,3.6,1.1760052070951352,2.9000000000000004,9.600000000000001,324.880126953125,0.511959433555603,0.800000011920929,3.3186681270599365,1,0.4890272617340088,2.9000000000000004,9.600000000000001
15,2,0.0,0.4,3.6,1.1760052070951352,2.9000000000000004,9.600000000000001,325.380126953125,0.5089946389198303,0.800000011920929,3.3238537311553955,1,0.48606249690055847,2.9000000000000004,9.600000000000001
15,2,0.0,0.4,3.6,1.1760052070951352,2.9000000000000004,9.600000000000001,325.880126953125,0.5061022043228149,0.800000011920929,3.328977346420288,1,0.4831700325012207,2.9000000000000004,9.600000000000001
15,2,0.0,0.4,3.6,1.1760052070951352,2.9000000000000004,9.600000000000001,326.380126953125,0.5032803416252136,0.800000011920929,3.334040641784668,1,0.4803481698036194,2.9000000000000004,9.600000000000001
15,2,0.0,0.4,3.6,1.1760052070951352,2.9000000000000004,9.600000000000001,326.880126953125,0.5005273818969727,0.800000011920929,3.339045524597168,1,0.4775952100753784,2.9000000000000004,9.600000000000001
15,2,0.0,0.4,3.6,1.1760052070951352,2.9000000000000004,9.600000000000001,327.380126953125,0.4978417456150055,0.800000011920929,3.343993902206421,1,0.47490960359573364,2.9000000000000004,9.600000000000001
15,2,0.0,0.4,3.6,1.1760052070951352,2.9000000000000004,9.600000000000001,327.880126953125,0.49522194266319275,0.800000011920929,3.3488872051239014,1,0.4722898006439209,2.9000000000000004,9.600000000000001
15,2,0.0,0.4,3.6,1.1760052070951352,2.9000000000000004,9.600000000000001,328.380126953125,0.49266645312309265,0.800000011920929,3.353727102279663,1,0.4697343111038208,2.9000000000000004,9.600000000000001
15,2,0.0,0.4,3.6,1.1760052070951352,2.9000000000000004,9.600000000000001,328.880126953125,0.0,,,0,0.46724170446395874,2.9000000000000004,9.600000000000001
15,2,0.0,0.4,3.6,1.1760052070951352,2.9000000000000004,9.600000000000001,329.380126953125,0.4877427816390991,0.800000011920929,3.363253355026245,1,0.46481063961982727,2.9000000000000004,9.600000000000001
15,2,0.0,0.4,3.6,1.1760052070951352,2.9000000000000004,9.600000000000001,329.880126953125,0.0,,,0,0.46243977546691895,2.9000000000000004,9.600000000000001
15,2,0.0,0.4,3.6,1.1760052070951352,2.9000000000000004,9.600000000000001,330.380126953125,0.48305997252464294,0.800000011920929,3.372584819793701,1,0.4601278305053711,2.9000000000000004,9.600000000000001
15,2,0.0,0.4,3.6,1.1760052070951352,2.9000000000000004,9.600000000000001,330.880126953125,0.48080572485923767,0.800000011920929,3.3771812915802,1,0.4578735828399658,2.9000000000000004,9.600000000000001
15,2,0.0,0.4,3.6,1.1760052070951352,2.9000000000000004,9.600000000000001,331.380126953125,0.47860801219940186,0.800000011920929,3.381732940673828,1,0.45567587018013,2.9000000000000004,9.600000000000001
15,2,0.0,0.4,3.6,1.1760052070951352,2.9000000000000004,9.600000000000001,331.880126953125,0.47646564245224,0.800000011920929,3.3862416744232178,1,0.45353350043296814,2.9000000000000004,9.600000000000001
15,2,0.0,0.4,3.6,1.1760052070951352,2.9000000000000004,9.600000000000001,332.380126953125,0.4743775427341461,0.800000011920929,3.3907084465026855,1,0.45144540071487427,2.9000000000000004,9.600000000000001
15,2,0.0,0.4,3.6,1.1760052070951352,2.9000000000000004,9.600000000000001,332.880126953125,0.47234266996383667,0.800000011920929,3.395134687423706,1,0.4494105279445648,2.9000000000000004,9.600000000000001
15,2,0.0,0.4,3.6,1.1760052070951352,2.9000000000000004,9.600000000000001,333.380126953125,0.4703599512577057,0.800000011920929,3.3995213508605957,1,0.44742780923843384,2.9000000000000004,9.600000000000001
15,2,0.0,0.4,3.6,1.1760052070951352,2.9000000000000004,9.600000000000001,333.880126953125,0.46842846274375916,0.800000011920929,3.403870105743408,1,0.4454963207244873,2.9000000000000004,9.600000000000001
15,2,0.0,0.4,3.6,1.1760052070951352,2.9000000000000004,9.600000000000001,334.380126953125,0.4665471911430359,0.800000011920929,3.408181667327881,1,0.44361504912376404,2.9000000000000004,9.600000000000001
15,2,0.0,0.4,3.6,1.1760052070951352,2.9000000000000004,9.600000000000001,334.880126953125,0.46471524238586426,0.800000011920929,3.412457227706909,1,0.4417831003665924,2.9000000000000004,9.600000000000001
15,2,0.0,0.4,3.6,1.1760052070951352,2.9000000000000004,9.600000000000001,335.380126953125,0.0,,,0,0.43999961018562317,2.9000000000000004,9.600000000000001
15,2,0.0,0.4,3.6,1.1760052070951352,2.9000000000000004,9.600000000000001,335.880126953125,0.0,,,0,0.4382636845111847,2.9000000000000004,9.600000000000001
15,2,0.0,0.4,3.6,1.1760052070951352,2.9000000000000004,9.600000000000001,336.380126953125,0.45950666069984436,0.800000011920929,3.425079107284546,1,0.4365745186805725,2.9000000000000004,9.600000000000001
15,2,0.0,0.4,3.6,1.1760052070951352,2.9000000000000004,9.600000000000001,336.880126953125,0.4578634798526764,0.800000011920929,3.4292216300964355,1,0.43493133783340454,2.9000000000000004,9.600000000000001
15,2,0.0,0.4,3.6,1.1760052070951352,2.9000000000000004,9.600000000000001,337.380126953125,0.0,,,0,0.4333333373069763,2.9000000000000004,9.600000000000001
15,2,0.0,0.4,3.6,1.1760052070951352,2.9000000000000004,9.600000000000001,337.880126953125,0.4547119438648224,0.800000011920929,3.437415361404419,1,0.43177980184555054,2.9000000000000004,9.600000000000001
15,2,0.0,0.4,3.6,1.1760052070951352,2.9000000000000004,9.600000000000001,338.380126953125,0.45320215821266174,0.800000011920929,3.4414682388305664,1,0.4302700161933899,2.9000000000000004,9.600000000000001
15,2,0.0,0.4,3.6,1.1760052070951352,2.9000000000000004,9.600000000000001,338.880126953125,0.0,,,0,0.42880329489707947,2.9000000000000004,9.600000000000001
15,2,0.0,0.4,3.6,1.1760052070951352,2.9000000000000004,9.600000000000001,339.380126953125,0.4503111243247986,0.800000011920929,3.449491500854492,1,0.42737898230552673,2.9000000000000004,9.600000000000001
15,2,0.0,0.4,3.6,1.1760052070951352,2.9000000000000004,9.600000000000001,339.880126953125,0.448928564786911,0.800000011920929,3.453463554382324,1,0.42599642276763916,2.9000000000000004,9.600000000000001
15,2,0.0,0.4,3.6,1.1760052070951352,2.9000000000000004,9.600000000000001,340.380126953125,0.0,,,0,0.424655020236969,2.9000000000000004,9.600000000000001
15,2,0.0,0.4,3.6,1.1760052070951352,2.9000000000000004,9.600000000000001,340.880126953125,0.0,,,0,0.4233541488647461,2.9000000000000004,9.600000000000001
15,2,0.0,0.4,3.6,1.1760052070951352,2.9000000000000004,9.600000000000001,341.380126953125,0.4450254440307617,0.800000011920929,3.465230703353882,1,0.42209330201148987,2.9000000000000004,9.600000000000001
15,2,0.0,0.4,3.6,1.1760052070951352,2.9000000000000004,9.600000000000001,341.880126953125,0.4438040256500244,0.800000011920929,3.469106435775757,1,0.42087188363075256,2.9000000000000004,9.600000000000001
15,2,0.0,0.4,3.6,1.1760052070951352,2.9000000000000004,9.600000000000001,342.380126953125,0.4426215589046478,0.800000011920929,3.4729597568511963,1,0.419689416885376,2.9000000000000004,9.600000000000001
15,2,0.0,0.4,3.6,1.1760052070951352,2.9000000000000004,9.600000000000001,342.880126953125,0.4414774477481842,0.800000011920929,3.476792097091675,1,0.41854530572891235,2.9000000000000004,9.600000000000001
15,2,0.0,0.4,3.6,1.1760052070951352,2.9000000000000004,9.600000000000001,343.380126953125,0.0,,,0,0.41743916273117065,2.9000000000000004,9.600000000000001
15,2,0.0,0.4,3.6,1.1760052070951352,2.9000000000000004,9.600000000000001,343.880126953125,0.43930259346961975,0.800000011920929,3.484395742416382,1,0.4163704514503479,2.9000000000000004,9.600000000000001
15,2,0.0,0.4,3.6,1.1760052070951352,2.9000000000000004,9.600000000000001,344.380126953125,0.4382708966732025,0.800000011920929,3.488168478012085,1,0.41533875465393066,2.9000000000000004,9.600000000000001
15,2,0.0,0.4,3.6,1.1760052070951352,2.9000000000000004,9.600000000000001,344.880126953125,0.0,,,0,0.4143436551094055,2.9000000000000004,9.600000000000001
15,2,0.0,0.4,3.6,1.1760052070951352,2.9000000000000004,9.600000000000001,345.380126953125,0.4363168179988861,0.800000011920929,3.495659589767456,1,0.41338467597961426,2.9000000000000004,9.600000000000001
15,2,0.0,0.4,3.6,1.1760052070951352,2.9000000000000004,9.600000000000001,345.880126953125,0.43539363145828247,0.800000011920929,3.4993793964385986,1,0.4124614894390106,2.9000000000000004,9.600000000000001
15,2,0.0,0.4,3.6,1.1760052070951352,2.9000000000000004,9.600000000000001,346.380126953125,0.434505820274353,0.800000011920929,3.5030829906463623,1,0.4115736782550812,2.9000000000000004,9.600000000000001
15,2,0.0,0.4,3.6,1.1760052070951352,2.9000000000000004,9.600000000000001,346.880126953125,0.4336530566215515,0.800000011920929,3.5067708492279053,1,0.41072091460227966,2.9000000000000004,9.600000000000001
15,2,0.0,0.4,3.6,1.1760052070951352,2.9000000000000004,9.600000000000001,347.380126953125,0.4328349530696869,0.800000011920929,3.510443687438965,1,0.40990281105041504,2.9000000000000004,9.600000000000001
15,2,0.0,0.4,3.6,1.1760052070951352,2.9000000000000004,9.600000000000001,347.880126953125,0.0,,,0,0.4091190695762634,2.9000000000000004,9.600000000000001
15,2,0.0,0.4,3.6,1.1760052070951352,2.9000000000000004,9.600000000000001,348.380126953125,0.431301474571228,0.800000011920929,3.517747163772583,1,0.4083693325519562,2.9000000000000004,9.600000000000001
15,2,0.0,0.4,3.6,1.1760052070951352,2.9000000000000004,9.600000000000001,348.880126953125,0.43058547377586365,0.800000011920929,3.521378993988037,1,0.4076533317565918,2.9000000000000004,9.600000000000001
15,2,0.0,0.4,3.6,1.1760052070951352,2.9000000000000004,9.600000000000001,349.380126953125,0.42990294098854065,0.800000011920929,3.524998426437378,1,0.4069707989692688,2.9000000000000004,9.600000000000001
15,2,0.0,0.4,3.6,1.1760052070951352,2.9000000000000004,9.600000000000001,349.880126953125,0.42925354838371277,0.800000011920929,3.5286059379577637,1,0.4063214063644409,2.9000000000000004,9.600000000000001
15,2,0.0,0.4,3.6,1.1760052070951352,2.9000000000000004,9.600000000000001,350.380126953125,0.4286370873451233,0.800000011920929,3.5322024822235107,1,0.40570494532585144,2.9000000000000004,9.600000000000001
15,2,0.0,0.4,3.6,1.1760052070951352,2.9000000000000004,9.600000000000001,350.880126953125,0.4280533194541931,0.800000011920929,3.535788059234619,1,0.40512117743492126,2.9000000000000004,9.600000000000001
15,2,0.0,0.4,3.6,1.1760052070951352,2.9000000000000004,9.600000000000001,351.380126953125,0.42750197649002075,0.800000011920929,3.5393638610839844,1,0.4045698344707489,2.9000000000000004,9.600000000000001
15,2,0.0,0.4,3.6,1.1760052070951352,2.9000000000000004,9.600000000000001,351.880126953125,0.4269828498363495,0.800000011920929,3.5429301261901855,1,0.40405070781707764,2.9000000000000004,9.600000000000001
15,2,0.0,0.4,3.6,1.1760052070951352,2.9000000000000004,9.600000000000001,352.380126953125,0.426495760679245,0.800000011920929,3.546487331390381,1,0.40356361865997314,2.9000000000000004,9.600000000000001
15,2,0.0,0.4,3.6,1.1760052070951352,2.9000000000000004,9.600000000000001,352.880126953125,0.42604050040245056,0.800000011920929,3.5500364303588867,1,0.4031083583831787,2.9000000000000004,9.600000000000001
15,2,0.0,0.4,3.6,1.1760052070951352,2.9000000000000004,9.600000000000001,353.380126953125,0.42561689019203186,0.800000011920929,3.5535778999328613,1,0.40268474817276,2.9000000000000004,9.600000000000001
15,2,0.0,0.4,3.6,1.1760052070951352,2.9000000000000004,9.600000000000001,353.880126953125,0.0,,,0,0.4022926390171051,2.9000000000000004,9.600000000000001
15,2,0.0,0.4,3.6,1.1760052070951352,2.9000000000000004,9.600000000000001,354.380126953125,0.4248640239238739,0.800000011920929,3.5606396198272705,1,0.40193188190460205,2.9000000000000004,9.600000000000001
15,2,0.0,0.4,3.6,1.1760052070951352,2.9000000000000004,9.600000000000001,354.880126953125,0.42453446984291077,0.800000011920929,3.5641610622406006,1,0.4016023278236389,2.9000000000000004,9.600000000000001
15,2,0.0,0.4,3.6,1.1760052070951352,2.9000000000000004,9.600000000000001,355.380126953125,0.4242359697818756,0.800000011920929,3.5676772594451904,1,0.40130382776260376,2.9000000000000004,9.600000000000001
15,2,0.0,0.4,3.6,1.1760052070951352,2.9000000000000004,9.600000000000001,355.880126953125,0.42396843433380127,0.800000011920929,3.57118821144104,1,0.4010362923145294,2.9000000000000004,9.600000000000001
15,2,0.0,0.4,3.6,1.1760052070951352,2.9000000000000004,9.600000000000001,356.380126953125,0.4237317740917206,0.800000011920929,3.574694871902466,1,0.40079963207244873,2.9000000000000004,9.600000000000001
15,2,0.0,0.4,3.6,1.1760052070951352,2.9000000000000004,9.600000000000001,356.880126953125,0.423525869846344,0.800000011920929,3.578197717666626,1,0.40059372782707214,2.9000000000000004,9.600000000000001
15,2,0.0,0.4,3.6,1.1760052070951352,2.9000000000000004,9.600000000000001,357.380126953125,0.0,,,0,0.4004185199737549,2.9000000000000004,9.600000000000001
15,2,0.0,0.4,3.6,1.1760052070951352,2.9000000000000004,9.600000000000001,357.880126953125,0.423206090927124,0.800000011920929,3.5851938724517822,1,0.4002739489078522,2.9000000000000004,9.600000000000001
15,2,0.0,0.4,3.6,1.1760052070951352,2.9000000000000004,9.600000000000001,358.380126953125,0.4230920672416687,0.800000011920929,3.5886881351470947,1,0.40015992522239685,2.9000000000000004,9.600000000000001
15,2,0.0,0.4,3.6,1.1760052070951352,2.9000000000000004,9.600000000000001,358.880126953125,0.4230085611343384,0.800000011920929,3.5921809673309326,1,0.40007641911506653,2.9000000000000004,9.600000000000001
15,2,0.0,0.4,3.6,1.1760052070951352,2.9000000000000004,9.600000000000001,359.380126953125,0.42295554280281067,0.800000011920929,3.595672369003296,1,0.4000234007835388,2.9000000000000004,9.600000000000001
15,2,0.0,0.4,3.6,1.1760052070951352,2.9000000000000004,9.600000000000001,359.880126953125,0.42293301224708557,0.800000011920929,3.599163293838501,1,0.4000008702278137,2.9000000000000004,9.600000000000001
15,2,0.0,0.4,3.6,1.1760052070951352,2.9000000000000004,9.600000000000001,0.38013505935668945,0.4229409396648407,0.800000011920929,3.602653980255127,1,0.40000879764556885,2.9000000000000004,9.600000000000001
15,2,0.0,0.4,3.6,1.1760052070951352,2.9000000000000004,9.600000000000001,0.8801350593566895,0.42297935485839844,0.800000011920929,3.606144905090332,1,0.4000472128391266,2.9000000000000004,9.600000000000001
15,2,0.0,0.4,3.6,1.1760052070951352,2.9000000000000004,9.600000000000001,1.3801350593566895,0.4230482280254364,0.800000011920929,3.6096370220184326,1,0.40011608600616455,2.9000000000000004,9.600000000000001
15,2,0.0,0.4,3.6,1.1760052070951352,2.9000000000000004,9.600000000000001,1.8801350593566895,0.0,,,0,0.4002154469490051,2.9000000000000004,9.600000000000001
15,2,0.0,0.4,3.6,1.1760052070951352,2.9000000000000004,9.600000000000001,2.3801350593566895,0.42327752709388733,0.800000011920929,3.616626024246216,1,0.4003453850746155,2.9000000000000004,9.600000000000001
15,2,0.0,0.4,3.6,1.1760052070951352,2.9000000000000004,9.600000000000001,2.8801350593566895,0.42343804240226746,0.800000011920929,3.620124101638794,1,0.4005059003829956,2.9000000000000004,9.600000000000001
15,2,0.0,0.4,3.6,1.1760052070951352,2.9000000000000004,9.600000000000001,3.3801350593566895,0.4236292243003845,0.800000011920929,3.6236252784729004,1,0.40069708228111267,2.9000000000000004,9.600000000000001
15,2,0.0,0.4,3.6,1.1760052070951352,2.9000000000000004,9.600000000000001,3.8801350593566895,0.4238511323928833,0.800000011920929,3.6271300315856934,1,0.40091899037361145,2.9000000000000004,9.600000000000001
15,2,0.0,0.4,3.6,1.1760052070951352,2.9000000000000004,9.600000000000001,4.3801350593566895,0.42410385608673096,0.800000011920929,3.630638837814331,1,0.4011717140674591,2.9000000000000004,9.600000000000001
15,2,0.0,0.4,3.6,1.1760052070951352,2.9000000000000004,9.600000000000001,4.8801350593566895,0.0,,,0,0.4014553427696228,2.9000000000000004,9.600000000000001
15,2,0.0,0.4,3.6,1.1760052070951352,2.9000000000000004,9.600000000000001,5.3801350593566895,0.42470213770866394,0.800000011920929,3.6376712322235107,1,0.4017699956893921,2.9000000000000004,9.600000000000001
15,2,0.0,0.4,3.6,1.1760052070951352,2.9000000000000004,9.600000000000001,5.8801350593566895,0.425047904253006,0.800000011920929,3.641195774078369,1,0.40211576223373413,2.9000000000000004,9.600000000000001
15,2,0.0,0.4,3.6,1.1760052070951352,2.9000000000000004,9.600000000000001,6.3801350593566895,0.4254249930381775,0.800000011920929,3.6447267532348633,1,0.40249285101890564,2.9000000000000004,9.600000000000001
15,2,0.0,0.4,3.6,1.1760052070951352,2.9000000000000004,9.600000000000001,6.8801350593566895,0.42583346366882324,0.800000011920929,3.6482646465301514,1,0.4029013216495514,2.9000000000000004,9.600000000000001
15,2,0.0,0.4,3.6,1.1760052070951352,2.9000000000000004,9.600000000000001,7.3801350593566895,0.42627352476119995,0.800000011920929,3.6518099308013916,1,0.4033413827419281,2.9000000000000004,9.600000000000001
15,2,0.0,0.4,3.6,1.1760052070951352,2.9000000000000004,9.600000000000001,7.8801350593566895,0.42674532532691956,0.800000011920929,3.6553633213043213,1,0.4038131833076477,2.9000000000000004,9.600000000000001
15,2,0.0,0.4,3.6,1.1760052070951352,2.9000000000000004,9.600000000000001,8.380134582519531,0.42724907398223877,0.800000011920929,3.6589250564575195,1,0.4043169319629669,2.9000000000000004,9.600000000000001
15,2,0.0,0.4,3.6,1.1760052070951352,2.9000000000000004,9.600000000000001,8.880134582519531,0.42778491973876953,0.800000011920929,3.662496328353882,1,0.4048527777194977,2.9000000000000004,9.600000000000001
15,2,0.0,0.4,3.6,1.1760052070951352,2.9000000000000004,9.600000000000001,9.380134582519531,0.42835313081741333,0.800000011920929,3.666077136993408,1,0.4054209887981415,2.9000000000000004,9.600000000000001
15,2,0.0,0.4,3.6,1.1760052070951352,2.9000000000000004,9.600000000000001,9.880134582519531,0.4289539158344269,0.800000011920929,3.669668197631836,1,0.40602177381515503,2.9000000000000004,9.600000000000001
15,2,0.0,0.4,3.6,1.1760052070951352,2.9000000000000004,9.600000000000001,10.380134582519531,0.4295874536037445,0.800000011920929,3.6732704639434814,1,0.40665531158447266,2.9000000000000004,9.600000000000001
15,2,0.0,0.4,3.6,1.1760052070951352,2.9000000000000004,9.600000000000001,10.880134582519531,0.4302540719509125,0.800000011920929,3.6768839359283447,1,0.4073219299316406,2.9000000000000004,9.600000000000001
15,2,0.0,0.4,3.6,1.1760052070951352,2.9000000000000004,9.600000000000001,11.380134582519531,0.4309540092945099,0.800000011920929,3.6805098056793213,1,0.40802186727523804,2.9000000000000004,9.600000000000001
15,2,0.0,0.4,3.6,1.1760052070951352,2.9000000000000004,9.600000000000001,11.880134582519531,0.0,,,0,0.408755362033844,2.9000000000000004,9.600000000000001
15,2,0.0,0.4,3.6,1.1760052070951352,2.9000000000000004,9.600000000000001,12.380134582519531,0.432454913854599,0.800000011920929,3.687800407409668,1,0.40952277183532715,2.9000000000000004,9.600000000000001
15,2,0.0,0.4,3.6,1.1760052070951352,2.9000000000000004,9.600000000000001,12.880134582519531,0.43325650691986084,0.800000011920929,3.6914663314819336,1,0.410324364900589,2.9000000000000004,9.600000000000001
15,2,0.0,0.4,3.6,1.1760052070951352,2.9000000000000004,9.600000000000001,13.380134582519531,0.43409261107444763,0.800000011920929,3.6951467990875244,1,0.4111604690551758,2.9000000000000004,9.600000000000001
15,2,0.0,0.4,3.6,1.1760052070951352,2.9000000000000004,9.600000000000001,13.880134582519531,0.434963583946228,0.800000011920929,3.698842763900757,1,0.4120314419269562,2.9000000000000004,9.600000000000001
15,2,0.0,0.4,3.6,1.1760052070951352,2.9000000000000004,9.600000000000001,14.380134582519531,0.4358697533607483,0.800000011920929,3.702554702758789,1,0.41293761134147644,2.9000000000000004,9.600000000000001
15,2,0.0,0.4,3.6,1.1760052070951352,2.9000000000000004,9.600000000000001,14.880134582519531,0.0,,,0,0.4138793647289276,2.9000000000000004,9.600000000000001
15,2,0.0,0.4,3.6,1.1760052070951352,2.9000000000000004,9.600000000000001,15.380134582519531,0.43778926134109497,0.800000011920929,3.710029125213623,1,0.4148571193218231,2.9000000000000004,9.600000000000001
15,2,0.0,0.4,3.6,1.1760052070951352,2.9000000000000004,9.600000000000001,15.880134582519531,0.4388033449649811,0.800000011920929,3.7137930393218994,1,0.41587120294570923,2.9000000000000004,9.600000000000001
15,2,0.0,0.4,3.6,1.1760052070951352,2.9000000000000004,9.600000000000001,16.38013458251953,0.4398542642593384,0.800000011920929,3.717575788497925,1,0.41692212224006653,2.9000000000000004,9.600000000000001
15,2,0.0,0.4,3.6,1.1760052070951352,2.9000000000000004,9.600000000000001,16.88013458251953,0.4409424066543579,0.800000011920929,3.7213778495788574,1,0.41801026463508606,2.9000000000000004,9.600000000000001
15,2,0.0,0.4,3.6,1.1760052070951352,2.9000000000000004,9.600000000000001,17.38013458251953,0.4420682489871979,0.800000011920929,3.7252001762390137,1,0.419136106967926,2.9000000000000004,9.600000000000001
15,2,0.0,0.4,3.6,1.1760052070951352,2.9000000000000004,9.600000000000001,17.88013458251953,0.4432322680950165,0.800000011920929,3.7290432453155518,1,0.42030012607574463,2.9000000000000004,9.600000000000001
15,2,0.0,0.4,3.6,1.1760052070951352,2.9000000000000004,9.600000000000001,18.38013458251953,0.4444349408149719,0.800000011920929,3.732908248901367,1,0.4215027987957001,2.9000000000000004,9.600000000000001
15,2,0.0,0.4,3.6,1.1760052070951352,2.9000000000000004,9.600000000000001,18.88013458251953,0.0,,,0,0.42274466156959534,2.9000000000000004,9.600000000000001
15,2,0.0,0.4,3.6,1.1760052070951352,2.9000000000000004,9.600000000000001,19.38013458251953,0.0,,,0,0.4240262806415558,2.9000000000000004,9.600000000000001
15,2,0.0,0.4,3.6,1.1760052070951352,2.9000000000000004,9.600000000000001,19.88013458251953,0.44828030467033386,0.800000011920929,3.744641065597534,1,0.425348162651062,2.9000000000000004,9.600000000000001
15,2,0.0,0.4,3.6,1.1760052070951352,2.9000000000000004,9.600000000000001,20.38013458251953,0.4496430456638336,0.800000011920929,3.748600721359253,1,0.42671090364456177,2.9000000000000004,9.600000000000001
15,2,0.0,0.4,3.6,1.1760052070951352,2.9000000000000004,9.600000000000001,20.88013458251953,0.45104727149009705,0.800000011920929,3.7525863647460938,1,0.4281151294708252,2.9000000000000004,9.600000000000001
15,2,0.0,0.4,3.6,1.1760052070951352,2.9000000000000004,9.600000000000001,21.38013458251953,0.4524935781955719,0.800000011920929,3.7565982341766357,1,0.42956143617630005,2.9000000000000004,9.600000000000001
15,2,0.0,0.4,3.6,1.1760052070951352,2.9000000000000004,9.600000000000001,21.88013458251953,0.4539826512336731,0.800000011920929,3.7606379985809326,1,0.43105050921440125,2.9000000000000004,9.600000000000001
15,2,0.0,0.4,3.6,1.1760052070951352,2.9000000000000004,9.600000000000001,22.38013458251953,0.4555151164531708,0.800000011920929,3.7647058963775635,1,0.4325829744338989,2.9000000000000004,9.600000000000001
15,2,0.0,0.4,3.6,1.1760052070951352,2.9000000000000004,9.600000000000001,22.88013458251953,0.45709168910980225,0.800000011920929,3.768803119659424,1,0.4341595470905304,2.9000000000000004,9.600000000000001
15,2,0.0,0.4,3.6,1.1760052070951352,2.9000000000000004,9.600000000000001,23.38013458251953,0.4587131440639496,0.800000011920929,3.772930860519409,1,0.43578100204467773,2.9000000000000004,9.600000000000001
15,2,0.0,0.4,3.6,1.1760052070951352,2.9000000000000004,9.600000000000001,23.88013458251953,0.4603801667690277,0.800000011920929,3.7770895957946777,1,0.43744802474975586,2.9000000000000004,9.600000000000001
15,2,0.0,0.4,3.6,1.1760052070951352,2.9000000000000004,9.600000000000001,24.38013458251953,0.4620935618877411,0.800000011920929,3.781280755996704,1,0.43916141986846924,2.9000000000000004,9.600000000000001
15,2,0.0,0.4,3.6,1.1760052070951352,2.9000000000000004,9.600000000000001,24.88013458251953,0.4638541340827942,0.800000011920929,3.7855052947998047,1,0.44092199206352234,2.9000000000000004,9.600000000000001
15,2,0.0,0.4,3.6,1.1760052070951352,2.9000000000000004,9.600000000000001,25.38013458251953,0.46566274762153625,0.800000011920929,3.789763927459717,1,0.4427306056022644,2.9000000000000004,9.600000000000001
15,2,0.0,0.4,3.6,1.1760052070951352,2.9000000000000004,9.600000000000001,25.88013458251953,0.46752026677131653,0.800000011920929,3.794058322906494,1,0.4445881247520447,2.9000000000000004,9.600000000000001
15,2,0.0,0.4,3.6,1.1760052070951352,2.9000000000000004,9.600000000000001,26.38013458251953,0.0,,,0,0.4464954137802124,2.9000000000000004,9.600000000000001
15,2,0.0,0.4,3.6,1.1760052070951352,2.9000000000000004,9.600000000000001,26.88013458251953,0.4713855981826782,0.800000011920929,3.8027572631835938,1,0.44845345616340637,2.9000000000000004,9.600000000000001
15,2,0.0,0.4,3.6,1.1760052070951352,2.9000000000000004,9.600000000000001,27.38013458251953,0.47339531779289246,0.800000011920929,3.807164430618286,1,0.4504631757736206,2.9000000000000004,9.600000000000001
15,2,0.0,0.4,3.6,1.1760052070951352,2.9000000000000004,9.600000000000001,27.88013458251953,0.4754577875137329,0.800000011920929,3.8116116523742676,1,0.45252564549446106,2.9000000000000004,9.600000000000001
15,2,0.0,0.4,3.6,1.1760052070951352,2.9000000000000004,9.600000000000001,28.38013458251953,0.4775739908218384,0.800000011920929,3.8160998821258545,1,0.45464184880256653,2.9000000000000004,9.600000000000001
15,2,0.0,0.4,3.6,1.1760052070951352,2.9000000000000004,9.600000000000001,28.88013458251953,0.0,,,0,0.45681288838386536,2.9000000000000004,9.600000000000001
15,2,0.0,0.4,3.6,1.1760052070951352,2.9000000000000004,9.600000000000001,29.38013458251953,0.0,,,0,0.4590398967266083,2.9000000000000004,9.600000000000001
15,2,0.0,0.4,3.6,1.1760052070951352,2.9000000000000004,9.600000000000001,29.88013458251953,0.0,,,0,0.461324006319046,2.9000000000000004,9.600000000000001
15,2,0.0,0.4,3.6,1.1760052070951352,2.9000000000000004,9.600000000000001,30.38013458251953,0.4865986108779907,0.800000011920929,3.8344922065734863,1,0.46366646885871887,2.9000000000000004,9.600000000000001
15,2,0.0,0.4,3.6,1.1760052070951352,2.9000000000000004,9.600000000000001,30.88013458251953,0.0,,,0,0.4660685062408447,2.9000000000000004,9.600000000000001
15,2,0.0,0.4,3.6,1.1760052070951352,2.9000000000000004,9.600000000000001,31.38013458251953,0.4914636015892029,0.800000011920929,3.843970775604248,1,0.46853145956993103,2.9000000000000004,9.600000000000001
15,2,0.0,0.4,3.6,1.1760052070951352,2.9000000000000004,9.600000000000001,31.88013458251953,0.0,,,0,0.47105661034584045,2.9000000000000004,9.600000000000001
15,2,0.0,0.4,3.6,1.1760052070951352,2.9000000000000004,9.600000000000001,32.38013458251953,0.0,,,0,0.4736453890800476,2.9000000000000004,9.600000000000001
15,2,0.0,0.4,3.6,1.1760052070951352,2.9000000000000004,9.600000000000001,32.88013458251953,0.49923139810562134,0.800000011920929,3.858574867248535,1,0.4762992560863495,2.9000000000000004,9.600000000000001
15,2,0.0,0.4,3.6,1.1760052070951352,2.9000000000000004,9.600000000000001,33.38013458251953,0.5019518733024597,0.800000011920929,3.8635525703430176,1,0.47901973128318787,2.9000000000000004,9.600000000000001
15,2,0.0,0.4,3.6,1.1760052070951352,2.9000000000000004,9.600000000000001,33.88013458251953,0.5047405362129211,0.800000011920929,3.8685874938964844,1,0.4818083643913269,2.9000000000000004,9.600000000000001
15,2,0.0,0.4,3.6,1.1760052070951352,2.9000000000000004,9.600000000000001,34.38013458251953,0.5075989365577698,0.800000011920929,3.8736820220947266,1,0.48466676473617554,2.9000000000000004,9.600000000000001
15,2,0.0,0.4,3.6,1.1760052070951352,2.9000000000000004,9.600000000000001,34.88013458251953,0.5105288028717041,0.800000011920929,3.878837823867798,1,0.48759663105010986,2.9000000000000004,9.600000000000001
15,2,0.0,0.4,3.6,1.1760052070951352,2.9000000000000004,9.600000000000001,35.38013458251953,0.0,,,0,0.49059975147247314,2.9000000000000004,9.600000000000001
15,2,0.0,0.4,3.6,1.1760052070951352,2.9000000000000004,9.600000000000001,35.88013458251953,0.0,,,0,0.49367791414260864,2.9000000000000004,9.600000000000001
15,2,0.0,0.4,3.6,1.1760052070951352,2.9000000000000004,9.600000000000001,36.38013458251953,0.5197651386260986,0.800000011920929,3.8946914672851562,1,0.4968329966068268,2.9000000000000004,9.600000000000001
15,2,0.0,0.4,3.6,1.1760052070951352,2.9000000000000004,9.600000000000001,36.88013458251953,0.5229991674423218,0.800000011920929,3.900111675262451,1,0.5000669956207275,2.9000000000000004,9.600000000000001
15,2,0.0,0.4,3.6,1.1760052070951352,2.9000000000000004,9.600000000000001,37.38013458251953,0.5263141989707947,0.800000011920929,3.9056034088134766,1,0.5033820271492004,2.9000000000000004,9.600000000000001
15,2,0.0,0.4,3.6,1.1760052070951352,2.9000000000000004,9.600000000000001,37.88013458251953,0.5297122597694397,0.800000011920929,3.9111688137054443,1,0.5067800879478455,2.9000000000000004,9.600000000000001
15,2,0.0,0.4,3.6,1.1760052070951352,2.9000000000000004,9.600000000000001,38.38013458251953,0.5331956148147583,0.800000011920929,3.9168102741241455,1,0.5102634429931641,2.9000000000000004,9.600000000000001
15,2,0.0,0.4,3.6,1.1760052070951352,2.9000000000000004,9.600000000000001,38.88013458251953,0.0,,,0,0.5138344764709473,2.9000000000000004,9.600000000000001
15,2,0.0,0.4,3.6,1.1760052070951352,2.9000000000000004,9.600000000000001,39.38013458251953,0.5404276847839355,0.800000011920929,3.9283316135406494,1,0.5174955129623413,2.9000000000000004,9.600000000000001
15,2,0.0,0.4,3.6,1.1760052070951352,2.9000000000000004,9.600000000000001,39.88013458251953,0.544181227684021,0.800000011920929,3.934216260910034,1,0.5212490558624268,2.9000000000000004,9.600000000000001
15,2,0.0,0.4,3.6,1.1760052070951352,2.9000000000000004,9.600000000000001,40.38013458251953,0.548029899597168,0.800000011920929,3.940187692642212,1,0.5250977277755737,2.9000000000000004,9.600000000000001
15,2,0.0,0.4,3.6,1.1760052070951352,2.9000000000000004,9.600000000000001,40.88013458251953,0.0,,,0,0.5290442705154419,2.9000000000000004,9.600000000000001
15,2,0.0,0.4,3.6,1.1760052070951352,2.9000000000000004,9.600000000000001,41.38013458251953,0.5560235977172852,0.800000011920929,3.9524009227752686,1,0.5330914258956909,2.9000000000000004,9.600000000000001
15,2,0.0,0.4,3.6,1.1760052070951352,2.9000000000000004,9.600000000000001,41.88013458251953,0.5601744651794434,0.800000011920929,3.958649158477783,1,0.5372422933578491,2.9000000000000004,9.600000000000001
15,2,0.0,0.4,3.6,1.1760052070951352,2.9000000000000004,9.600000000000001,42.38013458251953,0.5644319653511047,0.800000011920929,3.964995861053467,1,0.5414997935295105,2.9000000000000004,9.600000000000001
15,2,0.0,0.4,3.6,1.1760052070951352,2.9000000000000004,9.600000000000001,42.88013458251953,0.5687994360923767,0.800000011920929,3.971444606781006,1,0.5458672642707825,2.9000000000000004,9.600000000000001
15,2,0.0,0.4,3.6,1.1760052070951352,2.9000000000000004,9.600000000000001,43.38013458251953,0.5732801556587219,0.800000011920929,3.9779984951019287,1,0.5503479838371277,2.9000000000000004,9.600000000000001
15,2,0.0,0.4,3.6,1.1760052070951352,2.9000000000000004,9.600000000000001,43.88013458251953,0.0,,,0,0.5549455285072327,2.9000000000000004,9.600000000000001
15,2,0.0,0.4,3.6,1.1760052070951352,2.9000000000000004,9.600000000000001,44.38013458251953,0.5825956463813782,0.800000011920929,3.9914374351501465,1,0.5596634745597839,2.9000000000000004,9.600000000000001
15,2,0.0,0.4,3.6,1.1760052070951352,2.9000000000000004,9.600000000000001,44.88013458251953,0.0,,,0,0.5645056962966919,2.9000000000000004,9.600000000000001
15,2,0.0,0.4,3.6,1.1760052070951352,2.9000000000000004,9.600000000000001,45.38013458251953,0.5924083590507507,0.800000011920929,4.005343437194824,1,0.5694761872291565,2.9000000000000004,9.600000000000001
15,2,0.0,0.4,3.6,1.1760052070951352,2.9000000000000004,9.600000000000001,45.88013458251953,0.0,,,0,0.574579119682312,2.9000000000000004,9.600000000000001
15,2,0.0,0.4,3.6,1.1760052070951352,2.9000000000000004,9.600000000000001,46.38013458251953,0.6027510762214661,0.800000011920929,4.019749641418457,1,0.5798189043998718,2.9000000000000004,9.600000000000001
15,2,0.0,0.4,3.6,1.1760052070951352,2.9000000000000004,9.600000000000001,46.88013458251953,0.6081322431564331,0.800000011920929,4.0271525382995605,1,0.5852000713348389,2.9000000000000004,9.600000000000001
15,2,0.0,0.4,3.6,1.1760052070951352,2.9000000000000004,9.600000000000001,47.38013458251953,0.0,,,0,0.5907275080680847,2.9000000000000004,9.600000000000001
15,2,0.0,0.4,3.6,1.1760052070951352,2.9000000000000004,9.600000000000001,47.88013458251953,0.6193383932113647,0.800000011920929,4.042380332946777,1,0.5964062213897705,2.9000000000000004,9.600000000000001
15,2,0.0,0.4,3.6,1.1760052070951352,2.9000000000000004,9.600000000000001,48.38013458251953,0.6251736283302307,0.800000011920929,4.050216197967529,1,0.6022414565086365,2.9000000000000004,9.600000000000001
15,2,0.0,0.4,3.6,1.1760052070951352,2.9000000000000004,9.600000000000001,48.88013458251953,0.631170928478241,0.800000011920929,4.058207988739014,1,0.6082387566566467,2.9000000000000004,9.600000000000001
15,2,0.0,0.4,3.6,1.1760052070951352,2.9000000000000004,9.600000000000001,49.38013458251953,0.6373361945152283,0.800000011920929,4.0663604736328125,1,0.614404022693634,2.9000000000000004,9.600000000000001
15,2,0.0,0.4,3.6,1.1760052070951352,2.9000000000000004,9.600000000000001,49.88013458251953,0.6436754465103149,0.800000011920929,4.074681282043457,1,0.6207432746887207,2.9000000000000004,9.600000000000001
15,2,0.0,0.4,3.6,1.1760052070951352,2.9000000000000004,9.600000000000001,50.38013458251953,0.6501951217651367,0.800000011920929,4.0831756591796875,1,0.6272629499435425,2.9000000000000004,9.600000000000001
15,2,0.0,0.4,3.6,1.1760052070951352,2.9000000000000004,9.600000000000001,50.88013458251953,0.656902015209198,0.800000011920929,4.091851234436035,1,0.6339698433876038,2.9000000000000004,9.600000000000001
15,2,0.0,0.4,3.6,1.1760052070951352,2.9000000000000004,9.600000000000001,51.38013458251953,0.663803219795227,0.800000011920929,4.100715160369873,1,0.6408710479736328,2.9000000000000004,9.600000000000001
15,2,0.0,0.4,3.6,1.1760052070951352,2.9000000000000004,9.600000000000001,51.88013458251953,0.0,,,0,0.6479740738868713,2.9000000000000004,9.600000000000001
15,2,0.0,0.4,3.6,1.1760052070951352,2.9000000000000004,9.600000000000001,52.38013458251953,0.6782189011573792,0.800000011920929,4.119038105010986,1,0.6552867293357849,2.9000000000000004,9.600000000000001
15,2,0.0,0.4,3.6,1.1760052070951352,2.9000000000000004,9.600000000000001,52.88013458251953,0.6857495307922363,0.800000011920929,4.128513813018799,1,0.6628173589706421,2.9000000000000004,9.600000000000001
15,2,0.0,0.4,3.6,1.1760052070951352,2.9000000000000004,9.600000000000001,53.38013458251953,0.6935069561004639,0.800000011920929,4.138210296630859,1,0.6705747842788696,2.9000000000000004,9.600000000000001
15,2,0.0,0.4,3.6,1.1760052070951352,2.9000000000000004,9.600000000000001,53.88013458251953,0.701500415802002,0.800000011920929,4.14813756942749,1,0.6785682439804077,2.9000000000000004,9.600000000000001
15,2,0.0,0.4,3.6,1.1760052070951352,2.9000000000000004,9.600000000000001,54.38013458251953,0.709739625453949,0.800000011920929,4.1583051681518555,1,0.6868074536323547,2.9000000000000004,9.600000000000001
15,2,0.0,0.4,3.6,1.1760052070951352,2.9000000000000004,9.600000000000001,54.88013458251953,0.7182350158691406,0.800000011920929,4.168723106384277,1,0.6953028440475464,2.9000000000000004,9.600000000000001
15,2,0.0,0.4,3.6,1.1760052070951352,2.9000000000000004,9.600000000000001,55.38013458251953,0.7269974946975708,0.800000011920929,4.179403305053711,1,0.7040653228759766,2.9000000000000004,9.600000000000001
15,2,0.0,0.4,3.6,1.1760052070951352,2.9000000000000004,9.600000000000001,55.88013458251953,0.7360386252403259,0.800000011920929,4.190356731414795,1,0.7131064534187317,2.9000000000000004,9.600000000000001
15,2,0.0,0.4,3.6,1.1760052070951352,2.9000000000000004,9.600000000000001,56.38013458251953,0.0,,,0,0.7224385738372803,2.9000000000000004,9.600000000000001
15,2,0.0,0.4,3.6,1.1760052070951352,2.9000000000000004,9.600000000000001,56.88013458251953,0.0,,,0,0.7320746183395386,2.9000000000000004,9.600000000000001
15,2,0.0,0.4,3.6,1.1760052070951352,2.9000000000000004,9.600000000000001,57.38013458251953,0.7649607062339783,0.800000011920929,4.224985122680664,1,0.742028534412384,2.9000000000000004,9.600000000000001
15,2,0.0,0.4,3.6,1.1760052070951352,2.9000000000000004,9.600000000000001,57.88013458251953,0.0,,,0,0.7523148655891418,2.9000000000000004,9.600000000000001
15,2,0.0,0.4,3.6,1.1760052070951352,2.9000000000000004,9.600000000000001,58.38013458251953,0.7858815789222717,0.800000011920929,4.249685764312744,1,0.7629494071006775,2.9000000000000004,9.600000000000001
15,2,0.0,0.4,3.6,1.1760052070951352,2.9000000000000004,9.600000000000001,58.88013458251953,0.7968807816505432,0.800000011920929,4.26256799697876,1,0.773948609828949,2.9000000000000004,9.600000000000001
15,2,0.0,0.4,3.6,1.1760052070951352,2.9000000000000004,9.600000000000001,59.38013458251953,0.8082624673843384,0.800000011920929,4.2758283615112305,1,0.7853302955627441,2.9000000000000004,9.600000000000001
15,2,0.0,0.4,3.6,1.1760052070951352,2.9000000000000004,9.600000000000001,59.88013458251953,0.8200455904006958,0.800000011920929,4.289484977722168,1,0.7971134185791016,2.9000000000000004,9.600000000000001
15,2,0.0,0.4,3.6,1.1760052070951352,2.9000000000000004,9.600000000000001,60.38013458251953,0.83225017786026,0.800000011920929,4.303559303283691,1,0.8093180060386658,2.9000000000000004,9.600000000000001
15,2,0.0,0.4,3.6,1.1760052070951352,2.9000000000000004,9.600000000000001,60.88013458251953,0.8448979258537292,0.800000011920929,4.318072319030762,1,0.821965754032135,2.9000000000000004,9.600000000000001
15,2,0.0,0.4,3.6,1.1760052070951352,2.9000000000000004,9.600000000000001,61.38013458251953,0.858011782169342,0.800000011920929,4.333046913146973,1,0.8350796103477478,2.9000000000000004,9.600000000000001
15,2,0.0,0.4,3.6,1.1760052070951352,2.9000000000000004,9.600000000000001,61.88013458251953,0.8716166019439697,0.800000011920929,4.348508834838867,1,0.8486844301223755,2.9000000000000004,9.600000000000001
15,2,0.0,0.4,3.6,1.1760052070951352,2.9000000000000004,9.600000000000001,62.38013458251953,0.8857388496398926,0.800000011920929,4.364483833312988,1,0.8628066778182983,2.9000000000000004,9.600000000000001
15,2,0.0,0.4,3.6,1.1760052070951352,2.9000000000000004,9.600000000000001,62.88013458251953,0.9004070162773132,0.800000011920929,4.381000518798828,1,0.877474844455719,2.9000000000000004,9.600000000000001
15,2,0.0,0.4,3.6,1.1760052070951352,2.9000000000000004,9.600000000000001,63.38013458251953,0.9156516790390015,0.800000011920929,4.398090362548828,1,0.8927195072174072,2.9000000000000004,9.600000000000001
15,2,0.0,0.4,3.6,1.1760052070951352,2.9000000000000004,9.600000000000001,63.88013458251953,0.9315057992935181,0.800000011920929,4.415785789489746,1,0.9085736274719238,2.9000000000000004,9.600000000000001
15,2,0.0,0.4,3.6,1.1760052070951352,2.9000000000000004,9.600000000000001,64.38013458251953,0.948004961013794,0.800000011920929,4.434122085571289,1,0.9250727891921997,2.9000000000000004,9.600000000000001
15,2,0.0,0.4,3.6,1.1760052070951352,2.9000000000000004,9.600000000000001,64.88013458251953,0.9651875495910645,0.800000011920929,4.45313835144043,1,0.9422553777694702,2.9000000000000004,9.600000000000001
15,2,0.0,0.4,3.6,1.1760052070951352,2.9000000000000004,9.600000000000001,65.38013458251953,0.0,,,0,0.9601628184318542,2.9000000000000004,9.600000000000001
15,2,0.0,0.4,3.6,1.1760052070951352,2.9000000000000004,9.600000000000001,65.88013458251953,1.0017722845077515,0.800000011920929,4.493380069732666,1,0.9788401126861572,2.9000000000000004,9.600000000000001
15,2,0.0,0.4,3.6,1.1760052070951352,2.9000000000000004,9.600000000000001,66.38013458251953,1.0212681293487549,0.800000011920929,4.514699459075928,1,0.9983359575271606,2.9000000000000004,9.600000000000001
15,2,0.0,0.4,3.6,1.1760052070951352,2.9000000000000004,9.600000000000001,66.88013458251953,0.0,,,0,1.0187033414840698,2.9000000000000004,9.600000000000001
15,2,0.0,0.4,3.6,1.1760052070951352,2.9000000000000004,9.600000000000001,67.38013458251953,1.0629321336746216,0.800000011920929,4.559999942779541,1,1.0399999618530273,2.9000000000000004,9.600000000000001
15,2,0.0,0.4,3.6,1.1760052070951352,2.9000000000000004,9.600000000000001,67.88013458251953,1.0852208137512207,0.800000011920929,4.584102153778076,1,1.0622886419296265,2.9000000000000004,9.600000000000001
15,2,0.0,0.4,3.6,1.1760052070951352,2.9000000000000004,9.600000000000001,68.38013458251953,1.1085703372955322,0.800000011920929,4.609261989593506,1,1.085638165473938,2.9000000000000004,9.600000000000001
15,2,0.0,0.4,3.6,1.1760052070951352,2.9000000000000004,9.600000000000001,68.88013458251953,1.1330556869506836,0.800000011920929,4.635555267333984,1,1.1101235151290894,2.9000000000000004,9.600000000000001
15,2,0.0,0.4,3.6,1.1760052070951352,2.9000000000000004,9.600000000000001,69.38013458251953,1.158759593963623,0.800000011920929,4.6630635261535645,1,1.1358274221420288,2.9000000000000004,9.600000000000001
15,2,0.0,0.4,3.6,1.1760052070951352,2.9000000000000004,9.600000000000001,69.88013458251953,1.1857726573944092,0.800000011920929,4.691878318786621,1,1.162840485572815,2.9000000000000004,9.600000000000001
15,2,0.0,0.4,3.6,1.1760052070951352,2.9000000000000004,9.600000000000001,70.38013458251953,0.0,,,0,1.1912627220153809,2.9000000000000004,9.600000000000001
15,2,0.0,0.4,3.6,1.1760052070951352,2.9000000000000004,9.600000000000001,70.88013458251953,1.2441365718841553,0.800000011920929,4.7538371086120605,1,1.221204400062561,2.9000000000000004,9.600000000000001
15,2,0.0,0.4,3.6,1.1760052070951352,2.9000000000000004,9.600000000000001,71.38013458251953,0.0,,,0,1.2527878284454346,2.9000000000000004,9.600000000000001
15,2,0.0,0.4,3.6,1.1760052070951352,2.9000000000000004,9.600000000000001,71.88013458251953,1.3090811967849731,0.800000011920929,4.822366237640381,1,1.286149024963379,2.9000000000000004,9.600000000000001
15,2,0.0,0.4,3.6,1.1760052070951352,2.9000000000000004,9.600000000000001,72.38013458251953,0.0,,,0,1.3214387893676758,2.9000000000000004,9.600000000000001
15,2,0.0,0.4,3.6,1.1760052070951352,2.9000000000000004,9.600000000000001,72.88013458251953,0.0,,,0,1.3588262796401978,2.9000000000000004,9.600000000000001
15,2,0.0,0.4,3.6,1.1760052070951352,2.9000000000000004,9.600000000000001,73.38013458251953,1.4214328527450562,0.800000011920929,4.9400763511657715,1,1.398500680923462,2.9000000000000004,9.600000000000001
15,2,0.0,0.4,3.6,1.1760052070951352,2.9000000000000004,9.600000000000001,73.88013458251953,1.463606595993042,0.800000011920929,4.9840312004089355,1,1.4406744241714478,2.9000000000000004,9.600000000000001
15,2,0.0,0.4,3.6,1.1760052070951352,2.9000000000000004,9.600000000000001,74.38013458251953,1.5085196495056152,0.800000011920929,5.030723571777344,1,1.485587477684021,2.9000000000000004,9.600000000000001
15,2,0.0,0.4,3.6,1.1760052070951352,2.9000000000000004,9.600000000000001,74.88013458251953,1.5564438104629517,0.800000011920929,5.080424785614014,1,1.5335116386413574,2.9000000000000004,9.600000000000001
15,2,0.0,0.4,3.6,1.1760052070951352,2.9000000000000004,9.600000000000001,75.38013458251953,1.6076877117156982,0.800000011920929,5.133443832397461,1,1.584755539894104,2.9000000000000004,9.600000000000001
15,2,0.0,0.4,3.6,1.1760052070951352,2.9000000000000004,9.600000000000001,75.88013458251953,1.6626039743423462,0.800000011920929,5.190133094787598,1,1.639671802520752,2.9000000000000004,9.600000000000001
15,2,0.0,0.4,3.6,1.1760052070951352,2.9000000000000004,9.600000000000001,76.38013458251953,1.7215968370437622,0.800000011920929,5.250897407531738,1,1.698664665222168,2.9000000000000004,9.600000000000001
15,2,0.0,0.4,3.6,1.1760052070951352,2.9000000000000004,9.600000000000001,76.88013458251953,1.7851322889328003,0.800000011920929,5.316202163696289,1,1.762200117111206,2.9000000000000004,9.600000000000001
15,2,0.0,0.4,3.6,1.1760052070951352,2.9000000000000004,9.600000000000001,77.38013458251953,0.0,,,0,1.8308179378509521,2.9000000000000004,9.600000000000001
15,2,0.0,0.4,3.6,1.1760052070951352,2.9000000000000004,9.600000000000001,77.88013458251953,1.9280791282653809,0.800000011920929,5.462682247161865,1,1.9051469564437866,2.9000000000000004,9.600000000000001
15,2,0.0,0.4,3.6,1.1760052070951352,2.9000000000000004,9.600000000000001,78.38013458251953,2.0088565349578857,0.800000011920929,5.545223712921143,1,1.9859243631362915,2.9000000000000004,9.600000000000001
15,2,0.0,0.4,3.6,1.1760052070951352,2.9000000000000004,9.600000000000001,78.88013458251953,0.0,,,0,2.0740199089050293,2.9000000000000004,9.600000000000001
15,2,0.0,0.4,3.6,1.1760052070951352,2.9000000000000004,9.600000000000001,79.38013458251953,2.19339919090271,0.800000011920929,5.733290195465088,1,2.1704671382904053,2.9000000000000004,9.600000000000001
15,2,0.0,0.4,3.6,1.1760052070951352,2.9000000000000004,9.600000000000001,79.88013458251953,2.299435615539551,0.800000011920929,5.841086387634277,1,2.276503562927246,2.9000000000000004,9.600000000000001
15,2,0.0,0.4,3.6,1.1760052070951352,2.9000000000000004,9.600000000000001,80.38013458251953,2.4165565967559814,0.800000011920929,5.959965705871582,1,2.3936245441436768,2.9000000000000004,9.600000000000001
15,2,0.0,0.4,3.6,1.1760052070951352,2.9000000000000004,9.600000000000001,80.88013458251953,2.5465848445892334,0.800000011920929,6.0917510986328125,1,2.5236527919769287,2.9000000000000004,9.600000000000001
15,2,0.0,0.4,3.6,1.1760052070951352,2.9000000000000004,9.600000000000001,81.38013458251953,2.6917667388916016,0.800000011920929,6.238688945770264,1,2.668834686279297,2.9000000000000004,9.600000000000001
15,2,0.0,0.4,3.6,1.1760052070951352,2.9000000000000004,9.600000000000001,81.88013458251953,0.0,,,0,2.8319692611694336,2.9000000000000004,9.600000000000001
15,2,0.0,0.4,3.6,1.1760052070951352,2.9000000000000004,9.600000000000001,82.38013458251953,3.039522171020508,0.800000011920929,6.58995246887207,1,3.016590118408203,2.9000000000000004,9.600000000000001
15,2,0.0,0.4,3.6,1.1760052070951352,2.9000000000000004,9.600000000000001,82.88013458251953,3.2501564025878906,0.800000011920929,6.80233907699585,1,3.227224349975586,2.9000000000000004,9.600000000000001
15,2,0.0,0.4,3.6,1.1760052070951352,2.9000000000000004,9.600000000000001,83.38013458251953,0.0,,,0,3.4697659015655518,2.9000000000000004,9.600000000000001
15,2,0.0,0.4,3.6,1.1760052070951352,2.9000000000000004,9.600000000000001,83.88013458251953,3.6435658931732178,0.7859914898872375,7.199999809265137,1,3.620633840560913,2.9000000000000004,9.600000000000001
15,2,0.0,0.4,3.6,1.1760052070951352,2.9000000000000004,9.600000000000001,84.38013458251953,0.0,,,0,3.617387056350708,2.9000000000000004,9.600000000000001
15,2,0.0,0.4,3.6,1.1760052070951352,2.9000000000000004,9.600000000000001,84.88013458251953,3.63735294342041,0.722549557685852,7.199999809265137,1,3.6144208908081055,2.9000000000000004,9.600000000000001
15,2,0.0,0.4,3.6,1.1760052070951352,2.9000000000000004,9.600000000000001,85.38013458251953,3.6346664428710938,0.6909053921699524,7.199999809265137,1,3.611734390258789,2.9000000000000004,9.600000000000001
15,2,0.0,0.4,3.6,1.1760052070951352,2.9000000000000004,9.600000000000001,85.88013458251953,0.0,,,0,3.6093268394470215,2.9000000000000004,9.600000000000001
15,2,0.0,0.4,3.6,1.1760052070951352,2.9000000000000004,9.600000000000001,86.38013458251953,3.630128860473633,0.6277459263801575,7.199999809265137,1,3.607196807861328,2.9000000000000004,9.600000000000001
15,2,0.0,0.4,3.6,1.1760052070951352,2.9000000000000004,9.600000000000001,86.88013458251953,3.6282756328582764,0.596220850944519,7.199999809265137,1,3.6053435802459717,2.9000000000000004,9.600000000000001
15,2,0.0,0.4,3.6,1.1760052070951352,2.9000000000000004,9.600000000000001,87.38013458251953,3.6266987323760986,0.5647258162498474,7.199999809265137,1,3.603766679763794,2.9000000000000004,9.600000000000001
15,2,0.0,0.4,3.6,1.1760052070951352,2.9000000000000004,9.600000000000001,87.88013458251953,3.6253974437713623,0.5332558751106262,7.199999809265137,1,3.6024653911590576,2.9000000000000004,9.600000000000001
15,2,0.0,0.4,3.6,1.1760052070951352,2.9000000000000004,9.600000000000001,88.38013458251953,3.624371290206909,0.5018062591552734,7.199999809265137,1,3.6014392375946045,2.9000000000000004,9.600000000000001
15,2,0.0,0.4,3.6,1.1760052070951352,2.9000000000000004,9.600000000000001,88.88013458251953,3.623619794845581,0.47037214040756226,7.199999809265137,1,3.6006877422332764,2.9000000000000004,9.600000000000001
15,2,0.0,0.4,3.6,1.1760052070951352,2.9000000000000004,9.600000000000001,89.38013458251953,3.623142719268799,0.43894878029823303,7.199999809265137,1,3.600210666656494,2.9000000000000004,9.600000000000001
15,2,0.0,0.4,3.6,1.1760052070951352,2.9000000000000004,9.600000000000001,89.88013458251953,3.6229398250579834,0.40753135085105896,7.199999809265137,1,3.6000077724456787,2.9000000000000004,9.600000000000001
15,2,0.0,0.4,3.6,1.1760052070951352,2.9000000000000004,9.600000000000001,90.38013458251953,3.623011350631714,0.3761150538921356,7.199999809265137,1,3.600079298019409,2.9000000000000004,9.600000000000001
15,2,0.0,0.4,3.6,1.1760052070951352,2.9000000000000004,9.600000000000001,90.88013458251953,3.623356819152832,0.344695121049881,7.199999809265137,1,3.6004247665405273,2.9000000000000004,9.600000000000001
15,2,0.0,0.4,3.6,1.1760052070951352,2.9000000000000004,9.600000000000001,91.38013458251953,3.623976707458496,0.313266783952713,7.199999809265137,1,3.6010446548461914,2.9000000000000004,9.600000000000001
15,2,0.0,0.4,3.6,1.1760052070951352,2.9000000000000004,9.600000000000001,91.88013458251953,3.624871253967285,0.2818252146244049,7.199999809265137,1,3.6019392013549805,2.9000000000000004,9.600000000000001
15,2,0.0,0.4,3.6,1.1760052070951352,2.9000000000000004,9.600000000000001,92.38013458251953,3.626040458679199,0.25036561489105225,7.199999809265137,1,3.6031084060668945,2.9000000000000004,9.600000000000001
15,2,0.0,0.4,3.6,1.1760052070951352,2.9000000000000004,9.600000000000001,92.88013458251953,3.6274852752685547,0.2188832014799118,7.199999809265137,1,3.60455322265625,2.9000000000000004,9.600000000000001
15,2,0.0,0.4,3.6,1.1760052070951352,2.9000000000000004,9.600000000000001,93.38013458251953,3.6292057037353516,0.1873731166124344,7.199999809265137,1,3.606273651123047,2.9000000000000004,9.600000000000001
15,2,0.0,0.4,3.6,1.1760052070951352,2.9000000000000004,9.600000000000001,93.88013458251953,3.6312029361724854,0.15583054721355438,7.199999809265137,1,3.6082708835601807,2.9000000000000004,9.600000000000001
15,2,0.0,0.4,3.6,1.1760052070951352,2.9000000000000004,9.600000000000001,94.38013458251953,0.0,,,0,3.6105453968048096,2.9000000000000004,9.600000000000001
15,2,0.0,0.4,3.6,1.1760052070951352,2.9000000000000004,9.600000000000001,94.88013458251953,0.0,,,0,3.613097906112671,2.9000000000000004,9.600000000000001
15,2,0.0,0.4,3.6,1.1760052070951352,2.9000000000000004,9.600000000000001,95.38013458251953,0.0,,,0,3.6159298419952393,2.9000000000000004,9.600000000000001
15,2,0.0,0.4,3.6,1.1760052070951352,2.9000000000000004,9.600000000000001,95.88013458251953,0.0,,,0,3.619041919708252,2.9000000000000004,9.600000000000001
15,2,0.0,0.4,3.6,1.1760052070951352,2.9000000000000004,9.600000000000001,96.38013458251953,3.6453676223754883,-0.002540893154218793,7.199999809265137,1,3.6224355697631836,2.9000000000000004,9.600000000000001
15,2,0.0,0.4,3.6,1.1760052070951352,2.9000000000000004,9.600000000000001,96.88013458251953,3.6490440368652344,-0.03438149020075798,7.199999809265137,1,3.6261119842529297,2.9000000000000004,9.600000000000001
15,2,0.0,0.4,3.6,1.1760052070951352,2.9000000000000004,9.600000000000001,97.38013458251953,3.6530044078826904,-0.06628921627998352,7.199999809265137,1,3.6300723552703857,2.9000000000000004,9.600000000000001
15,2,0.0,0.4,3.6,1.1760052070951352,2.9000000000000004,9.600000000000001,97.88013458251953,3.6572506427764893,-0.09826915711164474,7.199999809265137,1,3.6343185901641846,2.9000000000000004,9.600000000000001
15,2,0.0,0.4,3.6,1.1760052070951352,2.9000000000000004,9.600000000000001,98.38013458251953,3.6617844104766846,-0.13032644987106323,7.199999809265137,1,3.63885235786438,2.9000000000000004,9.600000000000001
15,2,0.0,0.4,3.6,1.1760052070951352,2.9000000000000004,9.600000000000001,98.88013458251953,3.666607141494751,-0.16246627271175385,7.199999809265137,1,3.6436750888824463,2.9000000000000004,9.600000000000001
15,2,0.0,0.4,3.6,1.1760052070951352,2.9000000000000004,9.600000000000001,99.38013458251953,3.6717209815979004,-0.19469384849071503,7.199999809265137,1,3.6487889289855957,2.9000000000000004,9.600000000000001
15,2,0.0,0.4,3.6,1.1760052070951352,2.9000000000000004,9.600000000000001,99.88013458251953,3.6771278381347656,-0.2270144820213318,7.199999809265137,1,3.654195785522461,2.9000000000000004,9.600000000000001
15,2,0.0,0.4,3.6,1.1760052070951352,2.9000000000000004,9.600000000000001,100.38013458251953,0.0,,,0,3.659897804260254,2.9000000000000004,9.600000000000001
15,2,0.0,0.4,3.6,1.1760052070951352,2.9000000000000004,9.600000000000001,100.88013458251953,3.6888294219970703,-0.29195636510849,7.199999809265137,1,3.6658973693847656,2.9000000000000004,9.600000000000001
15,2,0.0,0.4,3.6,1.1760052070951352,2.9000000000000004,9.600000000000001,101.38013458251953,0.0,,,0,3.672196626663208,2.9000000000000004,9.600000000000001
15,2,0.0,0.4,3.6,1.1760052070951352,2.9000000000000004,9.600000000000001,101.88013458251953,3.701730489730835,-0.35733550786972046,7.199999809265137,1,3.6787984371185303,2.9000000000000004,9.600000000000001
15,2,0.0,0.4,3.6,1.1760052070951352,2.9000000000000004,9.600000000000001,102.38013458251953,3.708636999130249,-0.39020293951034546,7.199999809265137,1,3.6857049465179443,2.9000000000000004,9.600000000000001
15,2,0.0,0.4,3.6,1.1760052070951352,2.9000000000000004,9.600000000000001,102.88013458251953,0.0,,,0,3.6929192543029785,2.9000000000000004,9.600000000000001
15,2,0.0,0.4,3.6,1.1760052070951352,2.9000000000000004,9.600000000000001,103.38013458251953,3.7233762741088867,-0.4563221037387848,7.199999809265137,1,3.700444221496582,2.9000000000000004,9.600000000000001
15,2,0.0,0.4,3.6,1.1760052070951352,2.9000000000000004,9.600000000000001,103.88013458251953,3.731215000152588,-0.4895854592323303,7.199999809265137,1,3.708282947540283,2.9000000000000004,9.600000000000001
15,2,0.0,0.4,3.6,1.1760052070951352,2.9000000000000004,9.600000000000001,104.38013458251953,3.739370584487915,-0.5229926109313965,7.199999809265137,1,3.7164385318756104,2.9000000000000004,9.600000000000001
15,2,0.0,0.4,3.6,1.1760052070951352,2.9000000000000004,9.600000000000001,104.88013458251953,3.7478463649749756,-0.5565495491027832,7.199999809265137,1,3.724914312362671,2.9000000000000004,9.600000000000001
15,2,0.0,0.4,3.6,1.1760052070951352,2.9000000000000004,9.600000000000001,105.38013458251953,3.756645917892456,-0.5902624726295471,7.199999809265137,1,3.7337138652801514,2.9000000000000004,9.600000000000001
15,2,0.0,0.4,3.6,1.1760052070951352,2.9000000000000004,9.600000000000001,105.88013458251953,3.765773057937622,-0.6241376996040344,7.199999809265137,1,3.7428410053253174,2.9000000000000004,9.600000000000001
15,2,0.0,0.4,3.6,1.1760052070951352,2.9000000000000004,9.600000000000001,106.38013458251953,3.775231122970581,-0.6581814885139465,7.199999809265137,1,3.7522990703582764,2.9000000000000004,9.600000000000001
15,2,0.0,0.4,3.6,1.1760052070951352,2.9000000000000004,9.600000000000001,106.88013458251953,3.785024404525757,-0.6924003958702087,7.199999809265137,1,3.762092351913452,2.9000000000000004,9.600000000000001
15,2,0.0,0.4,3.6,1.1760052070951352,2.9000000000000004,9.600000000000001,107.38013458251953,3.795156955718994,-0.7268010377883911,7.199999809265137,1,3.7722249031066895,2.9000000000000004,9.600000000000001
15,2,0.0,0.4,3.6,1.1760052070951352,2.9000000000000004,9.600000000000001,107.88013458251953,3.805633068084717,-0.7613900899887085,7.199999809265137,1,3.782701015472412,2.9000000000000004,9.600000000000001
15,2,0.0,0.4,3.6,1.1760052070951352,2.9000000000000004,9.600000000000001,108.38013458251953,3.8164572715759277,-0.7961744666099548,7.199999809265137,1,3.793525218963623,2.9000000000000004,9.600000000000001
15,2,0.0,0.4,3.6,1.1760052070951352,2.9000000000000004,9.600000000000001,108.88013458251953,3.82763409614563,-0.8311612010002136,7.199999809265137,1,3.804702043533325,2.9000000000000004,9.600000000000001
15,2,0.0,0.4,3.6,1.1760052070951352,2.9000000000000004,9.600000000000001,109.38013458251953,3.8391685485839844,-0.8663573861122131,7.199999809265137,1,3.8162364959716797,2.9000000000000004,9.600000000000001
15,2,0.0,0.4,3.6,1.1760052070951352,2.9000000000000004,9.600000000000001,109.88013458251953,3.8510656356811523,-0.901770293712616,7.199999809265137,1,3.8281335830688477,2.9000000000000004,9.600000000000001
15,2,0.0,0.4,3.6,1.1760052070951352,2.9000000000000004,9.600000000000001,110.38013458251953,3.863330364227295,-0.937407374382019,7.199999809265137,1,3.8403983116149902,2.9000000000000004,9.600000000000001
15,2,0.0,0.4,3.6,1.1760052070951352,2.9000000000000004,9.600000000000001,110.88013458251953,3.8759682178497314,-0.9732763767242432,7.199999809265137,1,3.8530361652374268,2.9000000000000004,9.600000000000001
15,2,0.0,0.4,3.6,1.1760052070951352,2.9000000000000004,9.600000000000001,111.38013458251953,0.0,,,0,3.8660531044006348,2.9000000000000004,9.600000000000001
15,2,0.0,0.4,3.6,1.1760052070951352,2.9000000000000004,9.600000000000001,111.88013458251953,3.9023866653442383,-1.045741081237793,7.199999809265137,1,3.8794546127319336,2.9000000000000004,9.600000000000001
15,2,0.0,0.4,3.6,1.1760052070951352,2.9000000000000004,9.600000000000001,112.38013458251953,3.9161787033081055,-1.0823529958724976,7.199999809265137,1,3.893246650695801,2.9000000000000004,9.600000000000001
15,2,0.0,0.4,3.6,1.1760052070951352,2.9000000000000004,9.600000000000001,112.88013458251953,0.0,,,0,3.9074361324310303,2.9000000000000004,9.600000000000001
15,2,0.0,0.4,3.6,1.1760052070951352,2.9000000000000004,9.600000000000001,113.38013458251953,3.9449610710144043,-1.1563774347305298,7.199999809265137,1,3.9220290184020996,2.9000000000000004,9.600000000000001
15,2,0.0,0.4,3.6,1.1760052070951352,2.9000000000000004,9.600000000000001,113.88013458251953,3.9599642753601074,-1.1938073635101318,7.199999809265137,1,3.9370322227478027,2.9000000000000004,9.600000000000001
15,2,0.0,0.4,3.6,1.1760052070951352,2.9000000000000004,9.600000000000001,114.38013458251953,3.9753847122192383,-1.2315276861190796,7.199999809265137,1,3.9524526596069336,2.9000000000000004,9.600000000000001
15,2,0.0,0.4,3.6,1.1760052070951352,2.9000000000000004,9.600000000000001,114.88013458251953,0.0,,,0,3.9682979583740234,2.9000000000000004,9.600000000000001
15,2,0.0,0.4,3.6,1.1760052070951352,2.9000000000000004,9.600000000000001,115.38013458251953,4.007507801055908,-1.3078763484954834,7.199999809265137,1,3.9845755100250244,2.9000000000000004,9.600000000000001
15,2,0.0,0.4,3.6,1.1760052070951352,2.9000000000000004,9.600000000000001,115.88013458251953,4.024225234985352,-1.3465238809585571,7.199999809265137,1,4.001293182373047,2.9000000000000004,9.600000000000001
15,2,0.0,0.4,3.6,1.1760052070951352,2.9000000000000004,9.600000000000001,116.38013458251953,4.041390895843506,-1.3855000734329224,7.199999809265137,1,4.018458843231201,2.9000000000000004,9.600000000000001
15,2,0.0,0.4,3.6,1.1760052070951352,2.9000000000000004,9.600000000000001,116.88013458251953,4.0590128898620605,-1.424815058708191,7.199999809265137,1,4.036080837249756,2.9000000000000004,9.600000000000001
15,2,0.0,0.4,3.6,1.1760052070951352,2.9000000000000004,9.600000000000001,117.38013458251953,4.07710075378418,-1.4644795656204224,7.199999809265137,1,4.054168701171875,2.9000000000000004,9.600000000000001
15,2,0.0,0.4,3.6,1.1760052070951352,2.9000000000000004,9.600000000000001,117.88013458251953,4.095662593841553,-1.5045040845870972,7.199999809265137,1,4.072730541229248,2.9000000000000004,9.600000000000001
15,2,0.0,0.4,3.6,1.1760052070951352,2.9000000000000004,9.600000000000001,118.38013458251953,4.11470890045166,-1.5448999404907227,7.199999809265137,1,4.0917768478393555,2.9000000000000004,9.600000000000001
15,2,0.0,0.4,3.6,1.1760052070951352,2.9000000000000004,9.600000000000001,118.88013458251953,4.13424825668335,-1.5856785774230957,7.199999809265137,1,4.111316204071045,2.9000000000000004,9.600000000000001
15,2,0.0,0.4,3.6,1.1760052070951352,2.9000000000000004,9.600000000000001,119.38013458251953,4.154291152954102,-1.6268516778945923,7.199999809265137,1,4.131359100341797,2.9000000000000004,9.600000000000001
15,2,0.0,0.4,3.6,1.1760052070951352,2.9000000000000004,9.600000000000001,119.88013458251953,4.1748480796813965,-1.668431282043457,7.199999809265137,1,4.151916027069092,2.9000000000000004,9.600000000000001
15,2,0.0,0.4,3.6,1.1760052070951352,2.9000000000000004,9.600000000000001,120.38013458251953,4.195930480957031,-1.7104300260543823,7.199999809265137,1,4.172998428344727,2.9000000000000004,9.600000000000001
15,2,0.0,0.4,3.6,1.1760052070951352,2.9000000000000004,9.600000000000001,120.88013458251953,4.217548847198486,-1.75286066532135,7.199999809265137,1,4.194616794586182,2.9000000000000004,9.600000000000001
15,2,0.0,0.4,3.6,1.1760052070951352,2.9000000000000004,9.600000000000001,121.38013458251953,4.239715099334717,-1.79573655128479,7.199999809265137,1,4.216783046722412,2.9000000000000004,9.600000000000001
15,2,0.0,0.4,3.6,1.1760052070951352,2.9000000000000004,9.600000000000001,121.88013458251953,4.262441635131836,-1.839071273803711,7.199999809265137,1,4.239509582519531,2.9000000000000004,9.600000000000001
15,2,0.0,0.4,3.6,1.1760052070951352,2.9000000000000004,9.600000000000001,122.38013458251953,0.0,,,0,4.262808322906494,2.9000000000000004,9.600000000000001
15,2,0.0,0.4,3.6,1.1760052070951352,2.9000000000000004,9.600000000000001,122.88013458251953,0.0,,,0,4.286693572998047,2.9000000000000004,9.600000000000001
15,2,0.0,0.4,3.6,1.1760052070951352,2.9000000000000004,9.600000000000001,123.38013458251953,4.334109783172607,-1.9719722270965576,7.199999809265137,1,4.311177730560303,2.9000000000000004,9.600000000000001
15,2,0.0,0.4,3.6,1.1760052070951352,2.9000000000000004,9.600000000000001,123.88013458251953,0.0,,,0,4.336275100708008,2.9000000000000004,9.600000000000001
15,2,0.0,0.4,3.6,1.1760052070951352,2.9000000000000004,9.600000000000001,124.38013458251953,4.384932994842529,-2.063138484954834,7.199999809265137,1,4.362000942230225,2.9000000000000004,9.600000000000001
15,2,0.0,0.4,3.6,1.1760052070951352,2.9000000000000004,9.600000000000001,124.88013458251953,4.411301612854004,-2.109539747238159,7.199999809265137,1,4.388369560241699,2.9000000000000004,9.600000000000001
15,2,0.0,0.4,3.6,1.1760052070951352,2.9000000000000004,9.600000000000001,125.38013458251953,4.438329696655273,-2.156508684158325,7.199999809265137,1,4.415397644042969,2.9000000000000004,9.600000000000001
15,2,0.0,0.4,3.6,1.1760052070951352,2.9000000000000004,9.600000000000001,125.88013458251953,4.466032981872559,-2.204063653945923,7.199999809265137,1,4.443100929260254,2.9000000000000004,9.600000000000001
15,2,0.0,0.4,3.6,1.1760052070951352,2.9000000000000004,9.600000000000001,126.38013458251953,4.494429111480713,-2.252222776412964,7.199999809265137,1,4.471497058868408,2.9000000000000004,9.600000000000001
15,2,0.0,0.4,3.6,1.1760052070951352,2.9000000000000004,9.600000000000001,126.88013458251953,4.523535251617432,-2.3010051250457764,7.199999809265137,1,4.500603199005127,2.9000000000000004,9.600000000000001
15,2,0.0,0.4,3.6,1.1760052070951352,2.9000000000000004,9.600000000000001,127.38013458251953,4.553369998931885,-2.350430488586426,7.199999809265137,1,4.53043794631958,2.9000000000000004,9.600000000000001
15,2,0.0,0.4,3.6,1.1760052070951352,2.9000000000000004,9.600000000000001,127.88013458251953,4.583952903747559,-2.400519609451294,7.199999809265137,1,4.561020851135254,2.9000000000000004,9.600000000000001
15,2,0.0,0.4,3.6,1.1760052070951352,2.9000000000000004,9.600000000000001,128.38014221191406,4.615303039550781,-2.4512932300567627,7.199999809265137,1,4.592370986938477,2.9000000000000004,9.600000000000001
15,2,0.0,0.4,3.6,1.1760052070951352,2.9000000000000004,9.600000000000001,128.88014221191406,0.0,,,0,4.624510288238525,2.9000000000000004,9.600000000000001
15,2,0.0,0.4,3.6,1.1760052070951352,2.9000000000000004,9.600000000000001,129.38014221191406,4.680391311645508,-2.554983615875244,7.199999809265137,1,4.657459259033203,2.9000000000000004,9.600000000000001
15,2,0.0,0.4,3.6,1.1760052070951352,2.9000000000000004,9.600000000000001,129.88014221191406,4.714173316955566,-2.6079471111297607,7.199999809265137,1,4.691241264343262,2.9000000000000004,9.600000000000001
15,2,0.0,0.4,3.6,1.1760052070951352,2.9000000000000004,9.600000000000001,130.38014221191406,4.748811721801758,-2.6616885662078857,7.199999809265137,1,4.725879669189453,2.9000000000000004,9.600000000000001
15,2,0.0,0.4,3.6,1.1760052070951352,2.9000000000000004,9.600000000000001,130.88014221191406,4.784330368041992,-2.716233730316162,7.199999809265137,1,4.7613983154296875,2.9000000000000004,9.600000000000001
15,2,0.0,0.4,3.6,1.1760052070951352,2.9000000000000004,9.600000000000001,131.38014221191406,0.0,,,0,4.797822952270508,2.9000000000000004,9.600000000000001
15,2,0.0,0.4,3.6,1.1760052070951352,2.9000000000000004,9.600000000000001,131.88014221191406,4.858112335205078,-2.827842950820923,7.199999809265137,1,4.835180282592773,2.9000000000000004,9.600000000000001
15,2,0.0,0.4,3.6,1.1760052070951352,2.9000000000000004,9.600000000000001,132.38014221191406,4.896430492401123,-2.8849635124206543,7.199999809265137,1,4.873498439788818,2.9000000000000004,9.600000000000001
15,2,0.0,0.4,3.6,1.1760052070951352,2.9000000000000004,9.600000000000001,132.88014221191406,4.935737609863281,-2.9430012702941895,7.199999809265137,1,4.912805557250977,2.9000000000000004,9.600000000000001
15,2,0.0,0.4,3.6,1.1760052070951352,2.9000000000000004,9.600000000000001,133.38014221191406,4.976064205169678,-3.0019872188568115,7.199999809265137,1,4.953132152557373,2.9000000000000004,9.600000000000001
15,2,0.0,0.4,3.6,1.1760052070951352,2.9000000000000004,9.600000000000001,133.88014221191406,5.017441749572754,-3.0619542598724365,7.199999809265137,1,4.994509696960449,2.9000000000000004,9.600000000000001
15,2,0.0,0.4,3.6,1.1760052070951352,2.9000000000000004,9.600000000000001,134.38014221191406,0.0,,,0,5.036971092224121,2.9000000000000004,9.600000000000001
15,2,0.0,0.4,3.6,1.1760052070951352,2.9000000000000004,9.600000000000001,134.88014221191406,5.103483200073242,-3.1849687099456787,7.199999809265137,1,5.0805511474609375,2.9000000000000004,9.600000000000001
15,2,0.0,0.4,3.6,1.1760052070951352,2.9000000000000004,9.600000000000001,135.38014221191406,0.0,,,0,5.125285625457764,2.9000000000000004,9.600000000000001
15,2,0.0,0.4,3.6,1.1760052070951352,2.9000000000000004,9.600000000000001,135.88014221191406,5.194144248962402,-3.31233549118042,7.199999809265137,1,5.171212196350098,2.9000000000000004,9.600000000000001
15,2,0.0,0.4,3.6,1.1760052070951352,2.9000000000000004,9.600000000000001,136.38014221191406,5.241302013397217,-3.377748966217041,7.199999809265137,1,5.218369960784912,2.9000000000000004,9.600000000000001
15,2,0.0,0.4,3.6,1.1760052070951352,2.9000000000000004,9.600000000000001,136.88014221191406,5.289732933044434,-3.444371461868286,7.199999809265137,1,5.266800880432129,2.9000000000000004,9.600000000000001
15,2,0.0,0.4,3.6,1.1760052070951352,2.9000000000000004,9.600000000000001,137.38014221191406,5.339479923248291,-3.512247323989868,7.199999809265137,1,5.316547870635986,2.9000000000000004,9.600000000000001
15,2,0.0,0.4,3.6,1.1760052070951352,2.9000000000000004,9.600000000000001,137.88014221191406,5.39058780670166,-3.581423044204712,7.199999809265137,1,5.3676557540893555,2.9000000000000004,9.600000000000001
15,2,0.0,0.4,3.6,1.1760052070951352,2.9000000000000004,9.600000000000001,138.38014221191406,5.443105220794678,-3.651947021484375,7.199999809265137,1,5.420173168182373,2.9000000000000004,9.600000000000001
15,2,0.0,0.4,3.6,1.1760052070951352,2.9000000000000004,9.600000000000001,138.88014221191406,5.4970808029174805,-3.723870277404785,7.199999809265137,1,5.474148750305176,2.9000000000000004,9.600000000000001
15,2,0.0,0.4,3.6,1.1760052070951352,2.9000000000000004,9.600000000000001,139.38014221191406,5.552567958831787,-3.797245979309082,7.199999809265137,1,5.529635906219482,2.9000000000000004,9.600000000000001
15,2,0.0,0.4,3.6,1.1760052070951352,2.9000000000000004,9.600000000000001,139.88014221191406,5.609621524810791,-3.8721303939819336,7.199999809265137,1,5.586689472198486,2.9000000000000004,9.600000000000001
15,2,0.0,0.4,3.6,1.1760052070951352,2.9000000000000004,9.600000000000001,140.38014221191406,5.668298721313477,-3.9485819339752197,7.199999809265137,1,5.645366668701172,2.9000000000000004,9.600000000000001
15,2,0.0,0.4,3.6,1.1760052070951352,2.9000000000000004,9.600000000000001,140.88014221191406,5.728660583496094,-4.026662349700928,7.199999809265137,1,5.705728530883789,2.9000000000000004,9.600000000000001
15,2,0.0,0.4,3.6,1.1760052070951352,2.9000000000000004,9.600000000000001,141.38014221191406,5.790771484375,-4.106436729431152,7.199999809265137,1,5.767839431762695,2.9000000000000004,9.600000000000001
15,2,0.0,0.4,3.6,1.1760052070951352,2.9000000000000004,9.600000000000001,141.88014221191406,0.0,,,0,5.831766605377197,2.9000000000000004,9.600000000000001
15,2,0.0,0.4,3.6,1.1760052070951352,2.9000000000000004,9.600000000000001,142.38014221191406,0.0,,,0,5.897580623626709,2.9000000000000004,9.600000000000001
15,2,0.0,0.4,3.6,1.1760052070951352,2.9000000000000004,9.600000000000001,142.88014221191406,5.988288402557373,-4.356624603271484,7.199999809265137,1,5.965356349945068,2.9000000000000004,9.600000000000001
15,2,0.0,0.4,3.6,1.1760052070951352,2.9000000000000004,9.600000000000001,143.38014221191406,6.058104991912842,-4.443894386291504,7.199999809265137,1,6.035172939300537,2.9000000000000004,9.600000000000001
15,2,0.0,0.4,3.6,1.1760052070951352,2.9000000000000004,9.600000000000001,143.88014221191406,6.130046367645264,-4.533238410949707,7.199999809265137,1,6.107114315032959,2.9000000000000004,9.600000000000001
15,2,0.0,0.4,3.6,1.1760052070951352,2.9000000000000004,9.600000000000001,144.38014221191406,6.204199314117432,-4.6247453689575195,7.199999809265137,1,6.181267261505127,2.9000000000000004,9.600000000000001
15,2,0.0,0.4,3.6,1.1760052070951352,2.9000000000000004,9.600000000000001,144.88014221191406,6.280657768249512,-4.718508720397949,7.199999809265137,1,6.257725715637207,2.9000000000000004,9.600000000000001
15,2,0.0,0.4,3.6,1.1760052070951352,2.9000000000000004,9.600000000000001,145.38014221191406,6.359519958496094,-4.8146281242370605,7.199999809265137,1,6.336587905883789,2.9000000000000004,9.600000000000001
15,2,0.0,0.4,3.6,1.1760052070951352,2.9000000000000004,9.600000000000001,145.88014221191406,0.0,,,0,6.4179582595825195,2.9000000000000004,9.600000000000001
15,2,0.0,0.4,3.6,1.1760052070951352,2.9000000000000004,9.600000000000001,146.38014221191406,0.0,,,0,6.501946926116943,2.9000000000000004,9.600000000000001
15,2,0.0,0.4,3.6,1.1760052070951352,2.9000000000000004,9.600000000000001,146.88014221191406,0.0,,,0,6.588671684265137,2.9000000000000004,9.600000000000001
15,2,0.0,0.4,3.6,1.1760052070951352,2.9000000000000004,9.600000000000001,147.38014221191406,6.701188564300537,-5.224865436553955,7.199999809265137,1,6.678256511688232,2.9000000000000004,9.600000000000001
15,2,0.0,0.4,3.6,1.1760052070951352,2.9000000000000004,9.600000000000001,147.88014221191406,6.793766021728516,-5.334474086761475,7.199999809265137,1,6.770833969116211,2.9000000000000004,9.600000000000001
15,2,0.0,0.4,3.6,1.1760052070951352,2.9000000000000004,9.600000000000001,148.38014221191406,6.889476299285889,-5.447173118591309,7.199999809265137,1,6.866544246673584,2.9000000000000004,9.600000000000001
15,2,0.0,0.4,3.6,1.1760052070951352,2.9000000000000004,9.600000000000001,148.88014221191406,6.98846960067749,-5.563112735748291,7.199999809265137,1,6.9655375480651855,2.9000000000000004,9.600000000000001
15,2,0.0,0.4,3.6,1.1760052070951352,2.9000000000000004,9.600000000000001,149.38014221191406,7.09090518951416,-5.682453632354736,7.199999809265137,1,7.0679731369018555,2.9000000000000004,9.600000000000001
15,2,0.0,0.4,3.6,1.1760052070951352,2.9000000000000004,9.600000000000001,149.88014221191406,0.0,,,0,7.174020767211914,2.9000000000000004,9.600000000000001
15,2,0.0,0.4,3.6,1.1760052070951352,2.9000000000000004,9.600000000000001,150.38014221191406,7.306794166564941,-5.932033538818359,7.199999809265137,1,7.283862113952637,2.9000000000000004,9.600000000000001
15,2,0.0,0.4,3.6,1.1760052070951352,2.9000000000000004,9.600000000000001,150.88014221191406,7.420623779296875,-6.062649726867676,7.199999809265137,1,7.39769172668457,2.9000000000000004,9.600000000000001
15,2,0.0,0.4,3.6,1.1760052070951352,2.9000000000000004,9.600000000000001,151.38014221191406,7.527824401855469,-6.187921524047852,7.194815158843994,1,7.504892349243164,2.9000000000000004,9.600000000000001
15,2,0.0,0.4,3.6,1.1760052070951352,2.9000000000000004,9.600000000000001,151.88014221191406,0.0,,,0,7.469607830047607,2.9000000000000004,9.600000000000001
15,2,0.0,0.4,3.6,1.1760052070951352,2.9000000000000004,9.600000000000001,152.38014221191406,7.458149433135986,-6.187921524047852,7.046990871429443,1,7.435217380523682,2.9000000000000004,9.600000000000001
15,2,0.0,0.4,3.6,1.1760052070951352,2.9000000000000004,9.600000000000001,152.88014221191406,7.424635410308838,-6.187921524047852,6.974092483520508,1,7.401703357696533,2.9000000000000004,9.600000000000001
15,2,0.0,0.4,3.6,1.1760052070951352,2.9000000000000004,9.600000000000001,153.38014221191406,0.0,,,0,7.369048595428467,2.9000000000000004,9.600000000000001
15,2,0.0,0.4,3.6,1.1760052070951352,2.9000000000000004,9.600000000000001,153.88014221191406,7.360168933868408,-6.187921524047852,6.830222129821777,1,7.3372368812561035,2.9000000000000004,9.600000000000001
15,2,0.0,0.4,3.6,1.1760052070951352,2.9000000000000004,9.600000000000001,154.38014221191406,7.3291850090026855,-6.187921524047852,6.759212017059326,1,7.306252956390381,2.9000000000000004,9.600000000000001
15,2,0.0,0.4,3.6,1.1760052070951352,2.9000000000000004,9.600000000000001,154.88014221191406,7.299013137817383,-6.187921524047852,6.688793659210205,1,7.276081085205078,2.9000000000000004,9.600000000000001
15,2,0.0,0.4,3.6,1.1760052070951352,2.9000000000000004,9.600000000000001,155.38014221191406,7.269639492034912,-6.187921524047852,6.6189494132995605,1,7.246707439422607,2.9000000000000004,9.600000000000001
15,2,0.0,0.4,3.6,1.1760052070951352,2.9000000000000004,9.600000000000001,155.88014221191406,7.241048812866211,-6.187921524047852,6.549661159515381,1,7.218116760253906,2.9000000000000004,9.600000000000001
15,2,0.0,0.4,3.6,1.1760052070951352,2.9000000000000004,9.600000000000001,156.38014221191406,7.213228702545166,-6.187921524047852,6.480912685394287,1,7.190296649932861,2.9000000000000004,9.600000000000001
15,2,0.0,0.4,3.6,1.1760052070951352,2.9000000000000004,9.600000000000001,156.88014221191406,7.186165809631348,-6.187921524047852,6.412686824798584,1,7.163233757019043,2.9000000000000004,9.600000000000001
15,2,0.0,0.4,3.6,1.1760052070951352,2.9000000000000004,9.600000000000001,157.38014221191406,7.159847259521484,-6.187921524047852,6.344967365264893,1,7.13691520690918,2.9000000000000004,9.600000000000001
15,2,0.0,0.4,3.6,1.1760052070951352,2.9000000000000004,9.600000000000001,157.88014221191406,0.0,,,0,7.111328601837158,2.9000000000000004,9.600000000000001
15,2,0.0,0.4,3.6,1.1760052070951352,2.9000000000000004,9.600000000000001,158.38014221191406,7.1093950271606445,-6.187921524047852,6.21098518371582,1,7.08646297454834,2.9000000000000004,9.600000000000001
15,2,0.0,0.4,3.6,1.1760052070951352,2.9000000000000004,9.600000000000001,158.88014221191406,0.0,,,0,7.062305927276611,2.9000000000000004,9.600000000000001
15,2,0.0,0.4,3.6,1.1760052070951352,2.9000000000000004,9.600000000000001,159.38014221191406,7.061779975891113,-6.187921524047852,6.07884407043457,1,7.038847923278809,2.9000000000000004,9.600000000000001
15,2,0.0,0.4,3.6,1.1760052070951352,2.9000000000000004,9.600000000000001,159.88014221191406,7.0390095710754395,-6.187921524047852,6.013427257537842,1,7.016077518463135,2.9000000000000004,9.600000000000001
15,2,0.0,0.4,3.6,1.1760052070951352,2.9000000000000004,9.600000000000001,160.38014221191406,7.016916751861572,-6.187921524047852,5.948427200317383,1,6.993984699249268,2.9000000000000004,9.600000000000001
15,2,0.0,0.4,3.6,1.1760052070951352,2.9000000000000004,9.600000000000001,160.88014221191406,6.995491981506348,-6.187921524047852,5.883830547332764,1,6.972559928894043,2.9000000000000004,9.600000000000001
15,2,0.0,0.4,3.6,1.1760052070951352,2.9000000000000004,9.600000000000001,161.38014221191406,6.97472620010376,-6.187921524047852,5.8196234703063965,1,6.951794147491455,2.9000000000000004,9.600000000000001
15,2,0.0,0.4,3.6,1.1760052070951352,2.9000000000000004,9.600000000000001,161.88014221191406,6.9546098709106445,-6.187921524047852,5.75579309463501,1,6.93167781829834,2.9000000000000004,9.600000000000001
15,2,0.0,0.4,3.6,1.1760052070951352,2.9000000000000004,9.600000000000001,162.38014221191406,6.935134410858154,-6.187921524047852,5.692326068878174,1,6.91220235824585,2.9000000000000004,9.600000000000001
15,2,0.0,0.4,3.6,1.1760052070951352,2.9000000000000004,9.600000000000001,162.88014221191406,0.0,,,0,6.893359184265137,2.9000000000000004,9.600000000000001
15,2,0.0,0.4,3.6,1.1760052070951352,2.9000000000000004,9.600000000000001,163.38014221191406,6.898073196411133,-6.187921524047852,5.566431999206543,1,6.875141143798828,2.9000000000000004,9.600000000000001
15,2,0.0,0.4,3.6,1.1760052070951352,2.9000000000000004,9.600000000000001,163.88014221191406,6.880471706390381,-6.187921524047852,5.50398063659668,1,6.857539653778076,2.9000000000000004,9.600000000000001
15,2,0.0,0.4,3.6,1.1760052070951352,2.9000000000000004,9.600000000000001,164.38014221191406,9.99106216430664,-9.199999809265137,6.283956527709961,1,9.968130111694336,2.9000000000000004,9.600000000000001
15,2,0.0,0.4,3.6,1.1760052070951352,2.9000000000000004,9.600000000000001,164.88014221191406,9.967179298400879,-9.199999809265137,6.193850040435791,1,9.944247245788574,2.9000000000000004,9.600000000000001
15,2,0.0,0.4,3.6,1.1760052070951352,2.9000000000000004,9.600000000000001,165.38014221191406,0.0,,,0,9.921232223510742,2.9000000000000004,9.600000000000001
15,2,0.0,0.4,3.6,1.1760052070951352,2.9000000000000004,9.600000000000001,165.88014221191406,9.92200756072998,-9.199999809265137,6.014892101287842,1,9.899075508117676,2.9000000000000004,9.600000000000001
15,2,0.0,0.4,3.6,1.1760052070951352,2.9000000000000004,9.600000000000001,166.38014221191406,9.900700569152832,-9.199999809265137,5.9260077476501465,1,9.877768516540527,2.9000000000000004,9.600000000000001
15,2,0.0,0.4,3.6,1.1760052070951352,2.9000000000000004,9.600000000000001,166.88014221191406,9.880233764648438,-9.199999809265137,5.837499141693115,1,9.857301712036133,2.9000000000000004,9.600000000000001
15,2,0.0,0.4,3.6,1.1760052070951352,2.9000000000000004,9.600000000000001,167.38014221191406,9.860599517822266,-9.199999809265137,5.749349117279053,1,9.837667465209961,2.9000000000000004,9.600000000000001
15,2,0.0,0.4,3.6,1.1760052070951352,2.9000000000000004,9.600000000000001,167.88014221191406,9.841789245605469,-9.199999809265137,5.661543369293213,1,9.818857192993164,2.9000000000000004,9.600000000000001
15,2,0.0,0.4,3.6,1.1760052070951352,2.9000000000000004,9.600000000000001,168.38014221191406,9.823796272277832,-9.199999809265137,5.574065685272217,1,9.800864219665527,2.9000000000000004,9.600000000000001
15,2,0.0,0.4,3.6,1.1760052070951352,2.9000000000000004,9.600000000000001,168.88014221191406,9.806612014770508,-9.199999809265137,5.486901760101318,1,9.783679962158203,2.9000000000000004,9.600000000000001
15,2,0.0,0.4,3.6,1.1760052070951352,2.9000000000000004,9.600000000000001,169.38014221191406,0.0,,,0,6.702729225158691,2.9000000000000004,9.600000000000001
15,2,0.0,0.4,3.6,1.1760052070951352,2.9000000000000004,9.600000000000001,169.88014221191406,6.714966297149658,-6.187921524047852,4.775844097137451,1,6.6920342445373535,2.9000000000000004,9.600000000000001
15,2,0.0,0.4,3.6,1.1760052070951352,2.9000000000000004,9.600000000000001,170.38014221191406,6.704813003540039,-6.187921524047852,4.716613292694092,1,6.681880950927734,2.9000000000000004,9.600000000000001
15,2,0.0,0.4,3.6,1.1760052070951352,2.9000000000000004,9.600000000000001,170.88014221191406,0.0,,,0,6.672266483306885,2.9000000000000004,9.600000000000001
15,2,0.0,0.4,3.6,1.1760052070951352,2.9000000000000004,9.600000000000001,171.38014221191406,6.686117649078369,-6.187921524047852,4.598665714263916,1,6.6631855964660645,2.9000000000000004,9.600000000000001
15,2,0.0,0.4,3.6,1.1760052070951352,2.9000000000000004,9.600000000000001,171.88014221191406,6.677567958831787,-6.187921524047852,4.53993034362793,1,6.654635906219482,2.9000000000000004,9.600000000000001
15,2,0.0,0.4,3.6,1.1760052070951352,2.9000000000000004,9.600000000000001,172.38014221191406,6.669545650482178,-6.187921524047852,4.481341361999512,1,6.646613597869873,2.9000000000000004,9.600000000000001
15,2,0.0,0.4,3.6,1.1760052070951352,2.9000000000000004,9.600000000000001,172.88014221191406,6.662047863006592,-6.187921524047852,4.42288875579834,1,6.639115810394287,2.9000000000000004,9.600000000000001
15,2,0.0,0.4,3.6,1.1760052070951352,2.9000000000000004,9.600000000000001,173.38014221191406,6.655071258544922,-6.187921524047852,4.364563465118408,1,6.632139205932617,2.9000000000000004,9.600000000000001
15,2,0.0,0.4,3.6,1.1760052070951352,2.9000000000000004,9.600000000000001,173.88014221191406,6.648612976074219,-6.187921524047852,4.306355953216553,1,6.625680923461914,2.9000000000000004,9.600000000000001
15,2,0.0,0.4,3.6,1.1760052070951352,2.9000000000000004,9.600000000000001,174.38014221191406,6.642671585083008,-6.187921524047852,4.248257637023926,1,6.619739532470703,2.9000000000000004,9.600000000000001
15,2,0.0,0.4,3.6,1.1760052070951352,2.9000000000000004,9.600000000000001,174.88014221191406,6.637243747711182,-6.187921524047852,4.190258502960205,1,6.614311695098877,2.9000000000000004,9.600000000000001
15,2,0.0,0.4,3.6,1.1760052070951352,2.9000000000000004,9.600000000000001,175.38014221191406,0.0,,,0,6.609395503997803,2.9000000000000004,9.600000000000001
15,2,0.0,0.4,3.6,1.1760052070951352,2.9000000000000004,9.600000000000001,175.88014221191406,6.6279215812683105,-6.187921524047852,4.07452392578125,1,6.604989528656006,2.9000000000000004,9.600000000000001
15,2,0.0,0.4,3.6,1.1760052070951352,2.9000000000000004,9.600000000000001,176.38014221191406,6.6240234375,-6.187921524047852,4.016769886016846,1,6.601091384887695,2.9000000000000004,9.600000000000001
15,2,0.0,0.4,3.6,1.1760052070951352,2.9000000000000004,9.600000000000001,176.88014221191406,0.0,,,0,6.597700119018555,2.9000000000000004,9.600000000000001
15,2,0.0,0.4,3.6,1.1760052070951352,2.9000000000000004,9.600000000000001,177.38014221191406,6.617746829986572,-6.187921524047852,3.901444673538208,1,6.594814777374268,2.9000000000000004,9.600000000000001
15,2,0.0,0.4,3.6,1.1760052070951352,2.9000000000000004,9.600000000000001,177.88014221191406,6.615365505218506,-6.187921524047852,3.843855381011963,1,6.592433452606201,2.9000000000000004,9.600000000000001
15,2,0.0,0.4,3.6,1.1760052070951352,2.9000000000000004,9.600000000000001,178.38014221191406,6.613487243652344,-6.187921524047852,3.7863032817840576,1,6.590555191040039,2.9000000000000004,9.600000000000001
15,2,0.0,0.4,3.6,1.1760052070951352,2.9000000000000004,9.600000000000001,178.88014221191406,6.612112045288086,-6.187921524047852,3.7287795543670654,1,6.589179992675781,2.9000000000000004,9.600000000000001
15,2,0.0,0.4,3.6,1.1760052070951352,2.9000000000000004,9.600000000000001,179.38014221191406,6.611238956451416,-6.187921524047852,3.6712753772735596,1,6.588306903839111,2.9000000000000004,9.600000000000001
15,2,0.0,0.4,3.6,1.1760052070951352,2.9000000000000004,9.600000000000001,179.88014221191406,6.610867977142334,-6.187921524047852,3.6137821674346924,1,6.587935924530029,2.9000000000000004,9.600000000000001
15,2,0.0,0.4,3.6,1.1760052070951352,2.9000000000000004,9.600000000000001,180.38014221191406,6.610998630523682,-6.187921524047852,3.556291103363037,1,6.588066577911377,2.9000000000000004,9.600000000000001
15,2,0.0,0.4,3.6,1.1760052070951352,2.9000000000000004,9.600000000000001,180.88014221191406,6.611630916595459,-6.187921524047852,3.498793363571167,1,6.588698863983154,2.9000000000000004,9.600000000000001
15,2,0.0,0.4,3.6,1.1760052070951352,2.9000000000000004,9.600000000000001,181.38014221191406,6.612765312194824,-6.187921524047852,3.4412801265716553,1,6.5898332595825195,2.9000000000000004,9.600000000000001
15,2,0.0,0.4,3.6,1.1760052070951352,2.9000000000000004,9.600000000000001,181.88014221191406,6.6144022941589355,-6.187921524047852,3.3837428092956543,1,6.591470241546631,2.9000000000000004,9.600000000000001
15,2,0.0,0.4,3.6,1.1760052070951352,2.9000000000000004,9.600000000000001,182.38014221191406,6.616541862487793,-6.187921524047852,3.326172351837158,1,6.593609809875488,2.9000000000000004,9.600000000000001
15,2,0.0,0.4,3.6,1.1760052070951352,2.9000000000000004,9.600000000000001,182.88014221191406,6.619185924530029,-6.187921524047852,3.2685601711273193,1,6.596253871917725,2.9000000000000004,9.600000000000001
15,2,0.0,0.4,3.6,1.1760052070951352,2.9000000000000004,9.600000000000001,183.38014221191406,6.6223344802856445,-6.187921524047852,3.210897445678711,1,6.59940242767334,2.9000000000000004,9.600000000000001
15,2,0.0,0.4,3.6,1.1760052070951352,2.9000000000000004,9.600000000000001,183.88014221191406,6.40939998626709,-5.971828937530518,3.1678316593170166,1,6.386467933654785,2.9000000000000004,9.600000000000001
15,2,0.0,0.4,3.6,1.1760052070951352,2.9000000000000004,9.600000000000001,184.38014221191406,5.681560516357422,-5.242101192474365,3.1678316593170166,1,5.658628463745117,2.9000000000000004,9.600000000000001
15,2,0.0,0.4,3.6,1.1760052070951352,2.9000000000000004,9.600000000000001,184.88014221191406,5.102993488311768,-4.661645889282227,3.1678316593170166,1,5.080061435699463,2.9000000000000004,9.600000000000001
15,2,0.0,0.4,3.6,1.1760052070951352,2.9000000000000004,9.600000000000001,185.38014221191406,4.632081985473633,-4.188844203948975,3.1678316593170166,1,4.609149932861328,2.9000000000000004,9.600000000000001
15,2,0.0,0.4,3.6,1.1760052070951352,2.9000000000000004,9.600000000000001,185.88014221191406,4.241362571716309,-3.7962348461151123,3.1678316593170166,1,4.218430519104004,2.9000000000000004,9.600000000000001
15,2,0.0,0.4,3.6,1.1760052070951352,2.9000000000000004,9.600000000000001,186.38014221191406,3.911982774734497,-3.464963912963867,3.1678316593170166,1,3.8890507221221924,2.9000000000000004,9.600000000000001
15,2,0.0,0.4,3.6,1.1760052070951352,2.9000000000000004,9.600000000000001,186.88014221191406,3.6305689811706543,-3.1816582679748535,3.1678316593170166,1,3.6076369285583496,2.9000000000000004,9.600000000000001
15,2,0.0,0.4,3.6,1.1760052070951352,2.9000000000000004,9.600000000000001,187.38014221191406,6.9994916915893555,-6.518764019012451,2.7038486003875732,1,6.976559638977051,2.9000000000000004,9.600000000000001
15,2,0.0,0.4,3.6,1.1760052070951352,2.9000000000000004,9.600000000000001,187.88014221191406,7.007652282714844,-6.518764019012451,2.6423871517181396,1,6.984720230102539,2.9000000000000004,9.600000000000001
15,2,0.0,0.4,3.6,1.1760052070951352,2.9000000000000004,9.600000000000001,188.38014221191406,7.0163655281066895,-6.518764019012451,2.5807769298553467,1,6.993433475494385,2.9000000000000004,9.600000000000001
15,2,0.0,0.4,3.6,1.1760052070951352,2.9000000000000004,9.600000000000001,188.88014221191406,2.822532892227173,-2.3660433292388916,3.1678316593170166,1,2.799600839614868,2.9000000000000004,9.600000000000001
15,2,0.0,0.4,3.6,1.1760052070951352,2.9000000000000004,9.600000000000001,189.38014221191406,2.6745336055755615,-2.216146230697632,3.1678316593170166,1,2.651601552963257,2.9000000000000004,9.600000000000001
15,2,0.0,0.4,3.6,1.1760052070951352,2.9000000000000004,9.600000000000001,189.88014221191406,2.541578531265259,-2.081291913986206,3.1678316593170166,1,2.518646478652954,2.9000000000000004,9.600000000000001
15,2,0.0,0.4,3.6,1.1760052070951352,2.9000000000000004,9.600000000000001,190.38014221191406,2.4214937686920166,-1.9593068361282349,3.1678316593170166,1,2.398561716079712,2.9000000000000004,9.600000000000001
15,2,0.0,0.4,3.6,1.1760052070951352,2.9000000000000004,9.600000000000001,190.88014221191406,0.0,,,0,2.2895731925964355,2.9000000000000004,9.600000000000001
15,2,0.0,0.4,3.6,1.1760052070951352,2.9000000000000004,9.600000000000001,191.38014221191406,2.2131505012512207,-1.7471580505371094,3.1678316593170166,1,2.190218448638916,2.9000000000000004,9.600000000000001
15,2,0.0,0.4,3.6,1.1760052070951352,2.9000000000000004,9.600000000000001,191.88014221191406,2.122213125228882,-1.65431547164917,3.1678316593170166,1,2.099281072616577,2.9000000000000004,9.600000000000001
15,2,0.0,0.4,3.6,1.1760052070951352,2.9000000000000004,9.600000000000001,192.38014221191406,2.0386736392974854,-1.5688689947128296,3.1678316593170166,1,2.0157415866851807,2.9000000000000004,9.600000000000001
15,2,0.0,0.4,3.6,1.1760052070951352,2.9000000000000004,9.600000000000001,192.88014221191406,1.9616706371307373,-1.4899569749832153,3.1678316593170166,1,1.938738465309143,2.9000000000000004,9.600000000000001
15,2,0.0,0.4,3.6,1.1760052070951352,2.9000000000000004,9.600000000000001,193.38014221191406,1.89047110080719,-1.416846752166748,3.1678316593170166,1,1.8675389289855957,2.9000000000000004,9.600000000000001
15,2,0.0,0.4,3.6,1.1760052070951352,2.9000000000000004,9.600000000000001,193.88014221191406,0.0,,,0,1.801516056060791,2.9000000000000004,9.600000000000001
15,2,0.0,0.4,3.6,1.1760052070951352,2.9000000000000004,9.600000000000001,194.38014221191406,1.7630621194839478,-1.285610556602478,3.1678316593170166,1,1.7401299476623535,2.9000000000000004,9.600000000000001
15,2,0.0,0.4,3.6,1.1760052070951352,2.9000000000000004,9.600000000000001,194.88014221191406,1.705845594406128,-1.2264772653579712,3.1678316593170166,1,1.6829134225845337,2.9000000000000004,9.600000000000001
15,2,0.0,0.4,3.6,1.1760052070951352,2.9000000000000004,9.600000000000001,195.38014221191406,1.652392029762268,-1.1711046695709229,3.1678316593170166,1,1.6294598579406738,2.9000000000000004,9.600000000000001
15,2,0.0,0.4,3.6,1.1760052070951352,2.9000000000000004,9.600000000000001,195.88014221191406,1.6023461818695068,-1.1191376447677612,3.1678316593170166,1,1.5794140100479126,2.9000000000000004,9.600000000000001
15,2,0.0,0.4,3.6,1.1760052070951352,2.9000000000000004,9.600000000000001,196.38014221191406,1.5553959608078003,-1.0702638626098633,3.1678316593170166,1,1.532463788986206,2.9000000000000004,9.600000000000001
15,2,0.0,0.4,3.6,1.1760052070951352,2.9000000000000004,9.600000000000001,196.88014221191406,1.5112667083740234,-1.0242085456848145,3.1678316593170166,1,1.4883345365524292,2.9000000000000004,9.600000000000001
15,2,0.0,0.4,3.6,1.1760052070951352,2.9000000000000004,9.600000000000001,197.38014221191406,1.4697147607803345,-0.980728268623352,3.1678316593170166,1,1.4467825889587402,2.9000000000000004,9.600000000000001
15,2,0.0,0.4,3.6,1.1760052070951352,2.9000000000000004,9.600000000000001,197.88014221191406,0.0,,,0,1.4075921773910522,2.9000000000000004,9.600000000000001
15,2,0.0,0.4,3.6,1.1760052070951352,2.9000000000000004,9.600000000000001,198.38014221191406,1.3935027122497559,-0.9006513953208923,3.1678316593170166,1,1.3705705404281616,2.9000000000000004,9.600000000000001
15,2,0.0,0.4,3.6,1.1760052070951352,2.9000000000000004,9.600000000000001,198.88014221191406,0.0,,,0,1.335545539855957,2.9000000000000004,9.600000000000001
15,2,0.0,0.4,3.6,1.1760052070951352,2.9000000000000004,9.600000000000001,199.38014221191406,1.325294852256775,-0.8285679221153259,3.1678316593170166,1,1.3023626804351807,2.9000000000000004,9.600000000000001
15,2,0.0,0.4,3.6,1.1760052070951352,2.9000000000000004,9.600000000000001,199.88014221191406,1.2938154935836792,-0.7951464056968689,3.1678316593170166,1,1.270883321762085,2.9000000000000004,9.600000000000001
15,2,0.0,0.4,3.6,1.1760052070951352,2.9000000000000004,9.600000000000001,200.38014221191406,1.2639142274856567,-0.7633000016212463,3.1678316593170166,1,1.2409820556640625,2.9000000000000004,9.600000000000001
15,2,0.0,0.4,3.6,1.1760052070951352,2.9000000000000004,9.600000000000001,200.88014221191406,1.2354778051376343,-0.732915461063385,3.1678316593170166,1,1.21254563331604,2.9000000000000004,9.600000000000001
15,2,0.0,0.4,3.6,1.1760052070951352,2.9000000000000004,9.600000000000001,201.38014221191406,1.2084037065505981,-0.7038900852203369,3.1678316593170166,1,1.185471534729004,2.9000000000000004,9.600000000000001
15,2,0.0,0.4,3.6,1.1760052070951352,2.9000000000000004,9.600000000000001,201.88014221191406,1.18259859085083,-0.676130473613739,3.1678316593170166,1,1.1596664190292358,2.9000000000000004,9.600000000000001
15,2,0.0,0.4,3.6,1.1760052070951352,2.9000000000000004,9.600000000000001,202.38014221191406,1.1579777002334595,-0.6495516896247864,3.1678316593170166,1,1.1350455284118652,2.9000000000000004,9.600000000000001
15,2,0.0,0.4,3.6,1.1760052070951352,2.9000000000000004,9.600000000000001,202.88014221191406,1.1344633102416992,-0.6240761280059814,3.1678316593170166,1,1.111531138420105,2.9000000000000004,9.600000000000001
15,2,0.0,0.4,3.6,1.1760052070951352,2.9000000000000004,9.600000000000001,203.38014221191406,1.1119846105575562,-0.5996328592300415,3.1678316593170166,1,1.089052438735962,2.9000000000000004,9.600000000000001
15,2,0.0,0.4,3.6,1.1760052070951352,2.9000000000000004,9.600000000000001,203.88014221191406,0.0,,,0,1.06754469871521,2.9000000000000004,9.600000000000001
15,2,0.0,0.4,3.6,1.1760052070951352,2.9000000000000004,9.600000000000001,204.38014221191406,1.0698803663253784,-0.5535885095596313,3.1678316593170166,1,1.0469481945037842,2.9000000000000004,9.600000000000001
15,2,0.0,0.4,3.6,1.1760052070951352,2.9000000000000004,9.600000000000001,204.88014221191406,1.0501402616500854,-0.5318728685379028,3.1678316593170166,1,1.0272080898284912,2.9000000000000004,9.600000000000001
15,2,0.0,0.4,3.6,1.1760052070951352,2.9000000000000004,9.600000000000001,205.38014221191406,1.0312062501907349,-0.5109593868255615,3.1678316593170166,1,1.0082740783691406,2.9000000000000004,9.600000000000001
15,2,0.0,0.4,3.6,1.1760052070951352,2.9000000000000004,9.600000000000001,205.88014221191406,1.0130314826965332,-0.49080145359039307,3.1678316593170166,1,0.9900993704795837,2.9000000000000004,9.600000000000001
15,2,0.0,0.4,3.6,1.1760052070951352,2.9000000000000004,9.600000000000001,206.38014221191406,0.9955732226371765,-0.4713559150695801,3.1678316593170166,1,0.9726410508155823,2.9000000000000004,9.600000000000001
15,2,0.0,0.4,3.6,1.1760052070951352,2.9000000000000004,9.600000000000001,206.88014221191406,0.9787914752960205,-0.45258283615112305,3.1678316593170166,1,0.9558593034744263,2.9000000000000004,9.600000000000001
15,2,0.0,0.4,3.6,1.1760052070951352,2.9000000000000004,9.600000000000001,207.38014221191406,0.0,,,0,0.939717173576355,2.9000000000000004,9.600000000000001
15,2,0.0,0.4,3.6,1.1760052070951352,2.9000000000000004,9.600000000000001,207.88014221191406,0.9471125602722168,-0.41690874099731445,3.1678316593170166,1,0.9241803884506226,2.9000000000000004,9.600000000000001
15,2,0.0,0.4,3.6,1.1760052070951352,2.9000000000000004,9.600000000000001,208.38014221191406,0.9321492910385132,-0.39994141459465027,3.1678316593170166,1,0.909217119216919,2.9000000000000004,9.600000000000001
15,2,0.0,0.4,3.6,1.1760052070951352,2.9000000000000004,9.600000000000001,208.88014221191406,0.9177298545837402,-0.38351354002952576,3.1678316593170166,1,0.894797682762146,2.9000000000000004,9.600000000000001
15,2,0.0,0.4,3.6,1.1760052070951352,2.9000000000000004,9.600000000000001,209.38014221191406,0.9038267135620117,-0.36759740114212036,3.1678316593170166,1,0.8808945417404175,2.9000000000000004,9.600000000000001
15,2,0.0,0.4,3.6,1.1760052070951352,2.9000000000000004,9.600000000000001,209.88014221191406,0.8904141187667847,-0.35216712951660156,3.1678316593170166,1,0.8674819469451904,2.9000000000000004,9.600000000000001
15,2,0.0,0.4,3.6,1.1760052070951352,2.9000000000000004,9.600000000000001,210.38014221191406,0.8774678707122803,-0.3371985852718353,3.1678316593170166,1,0.854535698890686,2.9000000000000004,9.600000000000001
15,2,0.0,0.4,3.6,1.1760052070951352,2.9000000000000004,9.600000000000001,210.88014221191406,0.0,,,0,0.8420333862304688,2.9000000000000004,9.600000000000001
15,2,0.0,0.4,3.6,1.1760052070951352,2.9000000000000004,9.600000000000001,211.38014221191406,0.0,,,0,0.8299539089202881,2.9000000000000004,9.600000000000001
15,2,0.0,0.4,3.6,1.1760052070951352,2.9000000000000004,9.600000000000001,211.88014221191406,0.8412097096443176,-0.2948443591594696,3.1678316593170166,1,0.8182775378227234,2.9000000000000004,9.600000000000001
15,2,0.0,0.4,3.6,1.1760052070951352,2.9000000000000004,9.600000000000001,212.38014221191406,0.8299179673194885,-0.28151050209999084,3.1678316593170166,1,0.8069857954978943,2.9000000000000004,9.600000000000001
15,2,0.0,0.4,3.6,1.1760052070951352,2.9000000000000004,9.600000000000001,212.88014221191406,0.8189933896064758,-0.2685386836528778,3.1678316593170166,1,0.7960612177848816,2.9000000000000004,9.600000000000001
15,2,0.0,0.4,3.6,1.1760052070951352,2.9000000000000004,9.600000000000001,213.38014221191406,0.8084196448326111,-0.2559124231338501,3.1678316593170166,1,0.7854874730110168,2.9000000000000004,9.600000000000001
15,2,0.0,0.4,3.6,1.1760052070951352,2.9000000000000004,9.600000000000001,213.88014221191406,0.798181414604187,-0.2436162531375885,3.1678316593170166,1,0.7752492427825928,2.9000000000000004,9.600000000000001
15,2,0.0,0.4,3.6,1.1760052070951352,2.9000000000000004,9.600000000000001,214.38014221191406,0.7882641553878784,-0.23163561522960663,3.1678316593170166,1,0.7653319835662842,2.9000000000000004,9.600000000000001
15,2,0.0,0.4,3.6,1.1760052070951352,2.9000000000000004,9.600000000000001,214.88014221191406,0.0,,,0,0.7557220458984375,2.9000000000000004,9.600000000000001
15,2,0.0,0.4,3.6,1.1760052070951352,2.9000000000000004,9.600000000000001,215.38014221191406,0.7693387866020203,-0.20856666564941406,3.1678316593170166,1,0.746406614780426,2.9000000000000004,9.600000000000001
15,2,0.0,0.4,3.6,1.1760052070951352,2.9000000000000004,9.600000000000001,215.88014221191406,0.7603057026863098,-0.19745314121246338,3.1678316593170166,1,0.7373735308647156,2.9000000000000004,9.600000000000001
15,2,0.0,0.4,3.6,1.1760052070951352,2.9000000000000004,9.600000000000001,216.38014221191406,0.7515434622764587,-0.1866045743227005,3.1678316593170166,1,0.7286112904548645,2.9000000000000004,9.600000000000001
15,2,0.0,0.4,3.6,1.1760052070951352,2.9000000000000004,9.600000000000001,216.88014221191406,0.7430412173271179,-0.17601001262664795,3.1678316593170166,1,0.7201090455055237,2.9000000000000004,9.600000000000001
15,2,0.0,0.4,3.6,1.1760052070951352,2.9000000000000004,9.600000000000001,217.38014221191406,0.7347886562347412,-0.1656590849161148,3.1678316593170166,1,0.711856484413147,2.9000000000000004,9.600000000000001
15,2,0.0,0.4,3.6,1.1760052070951352,2.9000000000000004,9.600000000000001,217.88014221191406,0.726776123046875,-0.15554194152355194,3.1678316593170166,1,0.7038439512252808,2.9000000000000004,9.600000000000001
15,2,0.0,0.4,3.6,1.1760052070951352,2.9000000000000004,9.600000000000001,218.38014221191406,0.7189943790435791,-0.1456492692232132,3.1678316593170166,1,0.6960622072219849,2.9000000000000004,9.600000000000001
15,2,0.0,0.4,3.6,1.1760052070951352,2.9000000000000004,9.600000000000001,218.88014221191406,0.7114346623420715,-0.13597223162651062,3.1678316593170166,1,0.6885024905204773,2.9000000000000004,9.600000000000001
15,2,0.0,0.4,3.6,1.1760052070951352,2.9000000000000004,9.600000000000001,219.38014221191406,0.7040887475013733,-0.12650242447853088,3.1678316593170166,1,0.681156575679779,2.9000000000000004,9.600000000000001
15,2,0.0,0.4,3.6,1.1760052070951352,2.9000000000000004,9.600000000000001,219.88014221191406,0.6969487071037292,-0.11723185330629349,3.1678316593170166,1,0.674016535282135,2.9000000000000004,9.600000000000001
15,2,0.0,0.4,3.6,1.1760052070951352,2.9000000000000004,9.600000000000001,220.38014221191406,0.6900070309638977,-0.10815293341875076,3.1678316593170166,1,0.6670748591423035,2.9000000000000004,9.600000000000001
15,2,0.0,0.4,3.6,1.1760052070951352,2.9000000000000004,9.600000000000001,220.88014221191406,0.0,,,0,0.6603245139122009,2.9000000000000004,9.600000000000001
15,2,0.0,0.4,3.6,1.1760052070951352,2.9000000000000004,9.600000000000001,221.38014221191406,0.6766908764839172,-0.09054151177406311,3.1678316593170166,1,0.653758704662323,2.9000000000000004,9.600000000000001
15,2,0.0,0.4,3.6,1.1760052070951352,2.9000000000000004,9.600000000000001,221.88014221191406,0.6703031659126282,-0.08199557662010193,3.1678316593170166,1,0.6473709940910339,2.9000000000000004,9.600000000000001
15,2,0.0,0.4,3.6,1.1760052070951352,2.9000000000000004,9.600000000000001,222.38014221191406,0.6640874147415161,-0.07361439615488052,3.1678316593170166,1,0.6411552429199219,2.9000000000000004,9.600000000000001
15,2,0.0,0.4,3.6,1.1760052070951352,2.9000000000000004,9.600000000000001,222.88014221191406,0.6580378413200378,-0.06539200246334076,3.1678316593170166,1,0.6351056694984436,2.9000000000000004,9.600000000000001
15,2,0.0,0.4,3.6,1.1760052070951352,2.9000000000000004,9.600000000000001,223.38014221191406,0.6521487832069397,-0.05732271820306778,3.1678316593170166,1,0.6292166113853455,2.9000000000000004,9.600000000000001
15,2,0.0,0.4,3.6,1.1760052070951352,2.9000000000000004,9.600000000000001,223.88014221191406,0.0,,,0,0.6234828233718872,2.9000000000000004,9.600000000000001
15,2,0.0,0.4,3.6,1.1760052070951352,2.9000000000000004,9.600000000000001,224.38014221191406,0.0,,,0,0.6178992390632629,2.9000000000000004,9.600000000000001
15,2,0.0,0.4,3.6,1.1760052070951352,2.9000000000000004,9.600000000000001,224.88014221191406,0.6353931427001953,-0.0339803621172905,3.1678316593170166,1,0.6124609708786011,2.9000000000000004,9.600000000000001
15,2,0.0,0.4,3.6,1.1760052070951352,2.9000000000000004,9.600000000000001,225.38014221191406,0.6300956010818481,-0.026471521705389023,3.1678316593170166,1,0.6071634292602539,2.9000000000000004,9.600000000000001
15,2,0.0,0.4,3.6,1.1760052070951352,2.9000000000000004,9.600000000000001,225.88014221191406,0.6249343752861023,-0.019090905785560608,3.1678316593170166,1,0.6020022034645081,2.9000000000000004,9.600000000000001
15,2,0.0,0.4,3.6,1.1760052070951352,2.9000000000000004,9.600000000000001,226.38014221191406,0.6199052333831787,-0.011834162287414074,3.1678316593170166,1,0.5969730615615845,2.9000000000000004,9.600000000000001
15,2,0.0,0.4,3.6,1.1760052070951352,2.9000000000000004,9.600000000000001,226.88014221191406,0.6150041818618774,-0.004697122145444155,3.1678316593170166,1,0.5920720100402832,2.9000000000000004,9.600000000000001
15,2,0.0,0.4,3.6,1.1760052070951352,2.9000000000000004,9.600000000000001,227.38014221191406,0.0,,,0,0.5872950553894043,2.9000000000000004,9.600000000000001
15,2,0.0,0.4,3.6,1.1760052070951352,2.9000000000000004,9.600000000000001,227.88014221191406,0.6055707931518555,0.009233681485056877,3.1678316593170166,1,0.5826386213302612,2.9000000000000004,9.600000000000001
15,2,0.0,0.4,3.6,1.1760052070951352,2.9000000000000004,9.600000000000001,228.38014221191406,0.6010313034057617,0.016034958884119987,3.1678316593170166,1,0.5780991315841675,2.9000000000000004,9.600000000000001
15,2,0.0,0.4,3.6,1.1760052070951352,2.9000000000000004,9.600000000000001,228.88014221191406,0.5966053605079651,0.022731581702828407,3.1678316593170166,1,0.5736731886863708,2.9000000000000004,9.600000000000001
15,2,0.0,0.4,3.6,1.1760052070951352,2.9000000000000004,9.600000000000001,229.38014221191406,0.5922896862030029,0.029326941817998886,3.1678316593170166,1,0.5693575143814087,2.9000000000000004,9.600000000000001
15,2,0.0,0.4,3.6,1.1760052070951352,2.9000000000000004,9.600000000000001,229.88014221191406,0.5880811810493469,0.03582430258393288,3.1678316593170166,1,0.5651490092277527,2.9000000000000004,9.600000000000001
15,2,0.0,0.4,3.6,1.1760052070951352,2.9000000000000004,9.600000000000001,230.38014221191406,0.5839768648147583,0.042226798832416534,3.1678316593170166,1,0.5610446929931641,2.9000000000000004,9.600000000000001
15,2,0.0,0.4,3.6,1.1760052070951352,2.9000000000000004,9.600000000000001,230.88014221191406,0.5799738168716431,0.048537448048591614,3.1678316593170166,1,0.5570416450500488,2.9000000000000004,9.600000000000001
15,2,0.0,0.4,3.6,1.1760052070951352,2.9000000000000004,9.600000000000001,231.38014221191406,0.0,,,0,0.5531371831893921,2.9000000000000004,9.600000000000001
15,2,0.0,0.4,3.6,1.1760052070951352,2.9000000000000004,9.600000000000001,231.88014221191406,0.5722607374191284,0.06089470908045769,3.1678316593170166,1,0.5493285655975342,2.9000000000000004,9.600000000000001
15,2,0.0,0.4,3.6,1.1760052070951352,2.9000000000000004,9.600000000000001,232.38014221191406,0.5685455203056335,0.06694681197404861,3.1678316593170166,1,0.5456133484840393,2.9000000000000004,9.600000000000001
15,2,0.0,0.4,3.6,1.1760052070951352,2.9000000000000004,9.600000000000001,232.88014221191406,0.0,,,0,0.5419890284538269,2.9000000000000004,9.600000000000001
15,2,0.0,0.4,3.6,1.1760052070951352,2.9000000000000004,9.600000000000001,233.38014221191406,0.0,,,0,0.538453221321106,2.9000000000000004,9.600000000000001
15,2,0.0,0.4,3.6,1.1760052070951352,2.9000000000000004,9.600000000000001,233.88014221191406,0.0,,,0,0.5350037813186646,2.9000000000000004,9.600000000000001
15,2,0.0,0.4,3.6,1.1760052070951352,2.9000000000000004,9.600000000000001,234.38014221191406,0.5545706748962402,0.09037116169929504,3.1678316593170166,1,0.531638503074646,2.9000000000000004,9.600000000000001
15,2,0.0,0.4,3.6,1.1760052070951352,2.9000000000000004,9.600000000000001,234.88014221191406,0.5512874126434326,0.09604309499263763,3.1678316593170166,1,0.5283552408218384,2.9000000000000004,9.600000000000001
15,2,0.0,0.4,3.6,1.1760052070951352,2.9000000000000004,9.600000000000001,235.38014221191406,0.5480842590332031,0.10164583474397659,3.1678316593170166,1,0.5251520872116089,2.9000000000000004,9.600000000000001
15,2,0.0,0.4,3.6,1.1760052070951352,2.9000000000000004,9.600000000000001,235.88014221191406,0.5449591875076294,0.10718145966529846,3.1678316593170166,1,0.5220270156860352,2.9000000000000004,9.600000000000001
15,2,0.0,0.4,3.6,1.1760052070951352,2.9000000000000004,9.600000000000001,236.38014221191406,0.0,,,0,0.5189781785011292,2.9000000000000004,9.600000000000001
15,2,0.0,0.4,3.6,1.1760052070951352,2.9000000000000004,9.600000000000001,236.88014221191406,0.5389360189437866,0.118059441447258,3.1678316593170166,1,0.5160038471221924,2.9000000000000004,9.600000000000001
15,2,0.0,0.4,3.6,1.1760052070951352,2.9000000000000004,9.600000000000001,237.38014221191406,0.5360344052314758,0.12340565025806427,3.1678316593170166,1,0.5131022334098816,2.9000000000000004,9.600000000000001
15,2,0.0,0.4,3.6,1.1760052070951352,2.9000000000000004,9.600000000000001,237.88014221191406,0.5332038998603821,0.12869246304035187,3.1678316593170166,1,0.5102717280387878,2.9000000000000004,9.600000000000001
15,2,0.0,0.4,3.6,1.1760052070951352,2.9000000000000004,9.600000000000001,238.38014221191406,0.5304428935050964,0.13392166793346405,3.1678316593170166,1,0.5075107216835022,2.9000000000000004,9.600000000000001
15,2,0.0,0.4,3.6,1.1760052070951352,2.9000000000000004,9.600000000000001,238.88014221191406,0.0,,,0,0.5048177242279053,2.9000000000000004,9.600000000000001
15,2,0.0,0.4,3.6,1.1760052070951352,2.9000000000000004,9.600000000000001,239.38014221191406,0.5251232981681824,0.14421406388282776,3.1678316593170166,1,0.5021911263465881,2.9000000000000004,9.600000000000001
15,2,0.0,0.4,3.6,1.1760052070951352,2.9000000000000004,9.600000000000001,239.88014221191406,0.5225617289543152,0.14928054809570312,3.1678316593170166,1,0.49962958693504333,2.9000000000000004,9.600000000000001
15,2,0.0,0.4,3.6,1.1760052070951352,2.9000000000000004,9.600000000000001,240.38014221191406,0.5200638771057129,0.15429598093032837,3.1678316593170166,1,0.49713170528411865,2.9000000000000004,9.600000000000001
15,2,0.0,0.4,3.6,1.1760052070951352,2.9000000000000004,9.600000000000001,240.88014221191406,0.5176283121109009,0.15926189720630646,3.1678316593170166,1,0.49469617009162903,2.9000000000000004,9.600000000000001
15,2,0.0,0.4,3.6,1.1760052070951352,2.9000000000000004,9.600000000000001,241.38014221191406,0.5152538418769836,0.1641797572374344,3.1678316593170166,1,0.4923216998577118,2.9000000000000004,9.600000000000001
15,2,0.0,0.4,3.6,1.1760052070951352,2.9000000000000004,9.600000000000001,241.88014221191406,0.5129392147064209,0.16905100643634796,3.1678316593170166,1,0.49000707268714905,2.9000000000000004,9.600000000000001
15,2,0.0,0.4,3.6,1.1760052070951352,2.9000000000000004,9.600000000000001,242.38014221191406,0.5106831789016724,0.1738770306110382,3.1678316593170166,1,0.4877510368824005,2.9000000000000004,9.600000000000001
15,2,0.0,0.4,3.6,1.1760052070951352,2.9000000000000004,9.600000000000001,242.88014221191406,0.5084846615791321,0.17865918576717377,3.1678316593170166,1,0.48555251955986023,2.9000000000000004,9.600000000000001
15,2,0.0,0.4,3.6,1.1760052070951352,2.9000000000000004,9.600000000000001,243.38014221191406,0.5063425302505493,0.1833987683057785,3.1678316593170166,1,0.4834103584289551,2.9000000000000004,9.600000000000001
15,2,0.0,0.4,3.6,1.1760052070951352,2.9000000000000004,9.600000000000001,243.88014221191406,0.5042556524276733,0.18809708952903748,3.1678316593170166,1,0.4813235104084015,2.9000000000000004,9.600000000000001
15,2,0.0,0.4,3.6,1.1760052070951352,2.9000000000000004,9.600000000000001,244.38014221191406,0.5022231340408325,0.19275535643100739,3.1678316593170166,1,0.4792909622192383,2.9000000000000004,9.600000000000001
15,2,0.0,0.4,3.6,1.1760052070951352,2.9000000000000004,9.600000000000001,244.88014221191406,0.5002438426017761,0.19737480580806732,3.1678316593170166,1,0.4773117005825043,2.9000000000000004,9.600000000000001
15,2,0.0,0.4,3.6,1.1760052070951352,2.9000000000000004,9.600000000000001,245.38014221191406,0.4983168840408325,0.2019566148519516,3.1678316593170166,1,0.47538474202156067,2.9000000000000004,9.600000000000001
15,2,0.0,0.4,3.6,1.1760052070951352,2.9000000000000004,9.600000000000001,245.88014221191406,0.4964413642883301,0.20650191605091095,3.1678316593170166,1,0.4735092222690582,2.9000000000000004,9.600000000000001
15,2,0.0,0.4,3.6,1.1760052070951352,2.9000000000000004,9.600000000000001,246.38014221191406,0.4946163594722748,0.2110118269920349,3.1678316593170166,1,0.47168421745300293,2.9000000000000004,9.600000000000001
15,2,0.0,0.4,3.6,1.1760052070951352,2.9000000000000004,9.600000000000001,246.88014221191406,0.49284103512763977,0.21548745036125183,3.1678316593170166,1,0.4699088931083679,2.9000000000000004,9.600000000000001
