scenario_id,scan_id,t,pose_x,pose_y,pose_yaw,goal_x,goal_y,theta_deg,r_m,hit_x,hit_y,valid,noise_free_r_m,final_goal_x,final_goal_y
1,0,0.0,0.9,1.2000000000000002,0.41212374435753585,19.200000000000003,9.200000000000001,203.61294555664062,12.0,,,0,12.0,29.6,17.6
1,0,0.0,0.9,1.2000000000000002,0.41212374435753585,19.200000000000003,9.200000000000001,204.11294555664062,12.0,,,0,12.0,29.6,17.6
1,0,0.0,0.9,1.2000000000000002,0.41212374435753585,19.200000000000003,9.200000000000001,204.61294555664062,12.0,,,0,12.0,29.6,17.6
1,0,0.0,0.9,1.2000000000000002,0.41212374435753585,19.200000000000003,9.200000000000001,205.11294555664062,12.0,,,0,12.0,29.6,17.6
1,0,0.0,0.9,1.2000000000000002,0.41212374435753585,19.200000000000003,9.200000000000001,205.61294555664062,0.0,,,0,12.0,29.6,17.6
1,0,0.0,0.9,1.2000000000000002,0.41212374435753585,19.200000000000003,9.200000000000001,206.11294555664062,12.0,,,0,12.0,29.6,17.6
1,0,0.0,0.9,1.2000000000000002,0.41212374435753585,19.200000000000003,9.200000000000001,206.61294555664062,12.0,,,0,12.0,29.6,17.6
1,0,0.0,0.9,1.2000000000000002,0.41212374435753585,19.200000000000003,9.200000000000001,207.11294555664062,12.0,,,0,12.0,29.6,17.6
1,0,0.0,0.9,1.2000000000000002,0.41212374435753585,19.200000000000003,9.200000000000001,207.61294555664062,0.0,,,0,12.0,29.6,17.6
1,0,0.0,0.9,1.2000000000000002,0.41212374435753585,19.200000000000003,9.200000000000001,208.11294555664062,12.0,,,0,12.0,29.6,17.6
1,0,0.0,0.9,1.2000000000000002,0.41212374435753585,19.200000000000003,9.200000000000001,208.61294555664062,12.0,,,0,12.0,29.6,17.6
1,0,0.0,0.9,1.2000000000000002,0.41212374435753585,19.200000000000003,9.200000000000001,209.11294555664062,12.0,,,0,12.0,29.6,17.6
1,0,0.0,0.9,1.2000000000000002,0.41212374435753585,19.200000000000003,9.200000000000001,209.61294555664062,12.0,,,0,12.0,29.6,17.6
1,0,0.0,0.9,1.2000000000000002,0.41212374435753585,19.200000000000003,9.200000000000001,210.11294555664062,12.0,,,0,12.0,29.6,17.6
1,0,0.0,0.9,1.2000000000000002,0.41212374435753585,19.200000000000003,9.200000000000001,210.61294555664062,12.0,,,0,12.0,29.6,17.6
1,0,0.0,0.9,1.2000000000000002,0.41212374435753585,19.200000000000003,9.200000000000001,211.11294555664062,12.0,,,0,12.0,29.6,17.6
1,0,0.0,0.9,1.2000000000000002,0.41212374435753585,19.200000000000003,9.200000000000001,211.61294555664062,12.0,,,0,12.0,29.6,17.6
1,0,0.0,0.9,1.2000000000000002,0.41212374435753585,19.200000000000003,9.200000000000001,212.11294555664062,0.0,,,0,12.0,29.6,17.6
1,0,0.0,0.9,1.2000000000000002,0.41212374435753585,19.200000000000003,9.200000000000001,212.61294555664062,12.0,,,0,12.0,29.6,17.6
1,0,0.0,0.9,1.2000000000000002,0.41212374435753585,19.200000000000003,9.200000000000001,213.11294555664062,12.0,,,0,12.0,29.6,17.6
1,0,0.0,0.9,1.2000000000000002,0.41212374435753585,19.200000000000003,9.200000000000001,213.61294555664062,0.0,,,0,12.0,29.6,17.6
1,0,0.0,0.9,1.2000000000000002,0.41212374435753585,19.200000000000003,9.200000000000001,214.11294555664062,12.0,,,0,12.0,29.6,17.6
1,0,0.0,0.9,1.2000000000000002,0.41212374435753585,19.200000000000003,9.200000000000001,214.61294555664062,12.0,,,0,12.0,29.6,17.6
1,0,0.0,0.9,1.2000000000000002,0.41212374435753585,19.200000000000003,9.200000000000001,215.11294555664062,12.0,,,0,12.0,29.6,17.6
1,0,0.0,0.9,1.2000000000000002,0.41212374435753585,19.200000000000003,9.200000000000001,215.61294555664062,12.0,,,0,12.0,29.6,17.6
1,0,0.0,0.9,1.2000000000000002,0.41212374435753585,19.200000000000003,9.200000000000001,216.11294555664062,0.0,,,0,12.0,29.6,17.6
1,0,0.0,0.9,1.2000000000000002,0.41212374435753585,19.200000000000003,9.200000000000001,216.61294555664062,0.0,,,0,12.0,29.6,17.6
1,0,0.0,0.9,1.2000000000000002,0.41212374435753585,19.200000000000003,9.200000000000001,217.11294555664062,12.0,,,0,12.0,29.6,17.6
1,0,0.0,0.9,1.2000000000000002,0.41212374435753585,19.200000000000003,9.200000000000001,217.61294555664062,0.0,,,0,12.0,29.6,17.6
1,0,0.0,0.9,1.2000000000000002,0.41212374435753585,19.200000000000003,9.200000000000001,218.11294555664062,12.0,,,0,12.0,29.6,17.6
1,0,0.0,0.9,1.2000000000000002,0.41212374435753585,19.200000000000003,9.200000000000001,218.61294555664062,12.0,,,0,12.0,29.6,17.6
1,0,0.0,0.9,1.2000000000000002,0.41212374435753585,19.200000000000003,9.200000000000001,219.11294555664062,0.0,,,0,12.0,29.6,17.6
1,0,0.0,0.9,1.2000000000000002,0.41212374435753585,19.200000000000003,9.200000000000001,219.61294555664062,12.0,,,0,12.0,29.6,17.6
1,0,0.0,0.9,1.2000000000000002,0.41212374435753585,19.200000000000003,9.200000000000001,220.11294555664062,0.0,,,0,12.0,29.6,17.6
1,0,0.0,0.9,1.2000000000000002,0.41212374435753585,19.200000000000003,9.200000000000001,220.61294555664062,12.0,,,0,12.0,29.6,17.6
1,0,0.0,0.9,1.2000000000000002,0.41212374435753585,19.200000000000003,9.200000000000001,221.11294555664062,12.0,,,0,12.0,29.6,17.6
1,0,0.0,0.9,1.2000000000000002,0.41212374435753585,19.200000000000003,9.200000000000001,221.61294555664062,12.0,,,0,12.0,29.6,17.6
1,0,0.0,0.9,1.2000000000000002,0.41212374435753585,19.200000000000003,9.200000000000001,222.11294555664062,0.0,,,0,12.0,29.6,17.6
1,0,0.0,0.9,1.2000000000000002,0.41212374435753585,19.200000000000003,9.200000000000001,222.61294555664062,0.0,,,0,12.0,29.6,17.6
1,0,0.0,0.9,1.2000000000000002,0.41212374435753585,19.200000000000003,9.200000000000001,223.11294555664062,12.0,,,0,12.0,29.6,17.6
1,0,0.0,0.9,1.2000000000000002,0.41212374435753585,19.200000000000003,9.200000000000001,223.61294555664062,12.0,,,0,12.0,29.6,17.6
1,0,0.0,0.9,1.2000000000000002,0.41212374435753585,19.200000000000003,9.200000000000001,224.11294555664062,12.0,,,0,12.0,29.6,17.6
1,0,0.0,0.9,1.2000000000000002,0.41212374435753585,19.200000000000003,9.200000000000001,224.61294555664062,12.0,,,0,12.0,29.6,17.6
1,0,0.0,0.9,1.2000000000000002,0.41212374435753585,19.200000000000003,9.200000000000001,225.11294555664062,12.0,,,0,12.0,29.6,17.6
1,0,0.0,0.9,1.2000000000000002,0.41212374435753585,19.200000000000003,9.200000000000001,225.61294555664062,0.0,,,0,12.0,29.6,17.6
1,0,0.0,0.9,1.2000000000000002,0.41212374435753585,19.200000000000003,9.200000000000001,226.11294555664062,12.0,,,0,12.0,29.6,17.6
1,0,0.0,0.9,1.2000000000000002,0.41212374435753585,19.200000000000003,9.200000000000001,226.61294555664062,0.0,,,0,12.0,29.6,17.6
1,0,0.0,0.9,1.2000000000000002,0.41212374435753585,19.200000000000003,9.200000000000001,227.11294555664062,12.0,,,0,12.0,29.6,17.6
1,0,0.0,0.9,1.2000000000000002,0.41212374435753585,19.200000000000003,9.200000000000001,227.61294555664062,12.0,,,0,12.0,29.6,17.6
1,0,0.0,0.9,1.2000000000000002,0.41212374435753585,19.200000000000003,9.200000000000001,228.11294555664062,12.0,,,0,12.0,29.6,17.6
1,0,0.0,0.9,1.2000000000000002,0.41212374435753585,19.200000000000003,9.200000000000001,228.61294555664062,12.0,,,0,12.0,29.6,17.6
1,0,0.0,0.9,1.2000000000000002,0.41212374435753585,19.200000000000003,9.200000000000001,229.11294555664062,12.0,,,0,12.0,29.6,17.6
1,0,0.0,0.9,1.2000000000000002,0.41212374435753585,19.200000000000003,9.200000000000001,229.61294555664062,12.0,,,0,12.0,29.6,17.6
1,0,0.0,0.9,1.2000000000000002,0.41212374435753585,19.200000000000003,9.200000000000001,230.11294555664062,0.0,,,0,12.0,29.6,17.6
1,0,0.0,0.9,1.2000000000000002,0.41212374435753585,19.200000000000003,9.200000000000001,230.61294555664062,12.0,,,0,12.0,29.6,17.6
1,0,0.0,0.9,1.2000000000000002,0.41212374435753585,19.200000000000003,9.200000000000001,231.11294555664062,12.0,,,0,12.0,29.6,17.6
1,0,0.0,0.9,1.2000000000000002,0.41212374435753585,19.200000000000003,9.200000000000001,231.61294555664062,0.0,,,0,12.0,29.6,17.6
1,0,0.0,0.9,1.2000000000000002,0.41212374435753585,19.200000000000003,9.200000000000001,232.11294555664062,12.0,,,0,12.0,29.6,17.6
1,0,0.0,0.9,1.2000000000000002,0.41212374435753585,19.200000000000003,9.200000000000001,232.61294555664062,12.0,,,0,12.0,29.6,17.6
1,0,0.0,0.9,1.2000000000000002,0.41212374435753585,19.200000000000003,9.200000000000001,233.11294555664062,12.0,,,0,12.0,29.6,17.6
1,0,0.0,0.9,1.2000000000000002,0.41212374435753585,19.200000000000003,9.200000000000001,233.61294555664062,12.0,,,0,12.0,29.6,17.6
1,0,0.0,0.9,1.2000000000000002,0.41212374435753585,19.200000000000003,9.200000000000001,234.11294555664062,12.0,,,0,12.0,29.6,17.6
1,0,0.0,0.9,1.2000000000000002,0.41212374435753585,19.200000000000003,9.200000000000001,234.61294555664062,12.0,,,0,12.0,29.6,17.6
1,0,0.0,0.9,1.2000000000000002,0.41212374435753585,19.200000000000003,9.200000000000001,235.11294555664062,12.0,,,0,12.0,29.6,17.6
1,0,0.0,0.9,1.2000000000000002,0.41212374435753585,19.200000000000003,9.200000000000001,235.61294555664062,12.0,,,0,12.0,29.6,17.6
1,0,0.0,0.9,1.2000000000000002,0.41212374435753585,19.200000000000003,9.200000000000001,236.11294555664062,12.0,,,0,12.0,29.6,17.6
1,0,0.0,0.9,1.2000000000000002,0.41212374435753585,19.200000000000003,9.200000000000001,236.61294555664062,12.0,,,0,12.0,29.6,17.6
1,0,0.0,0.9,1.2000000000000002,0.41212374435753585,19.200000000000003,9.200000000000001,237.11294555664062,12.0,,,0,12.0,29.6,17.6
1,0,0.0,0.9,1.2000000000000002,0.41212374435753585,19.200000000000003,9.200000000000001,237.61294555664062,12.0,,,0,12.0,29.6,17.6
1,0,0.0,0.9,1.2000000000000002,0.41212374435753585,19.200000000000003,9.200000000000001,238.11294555664062,12.0,,,0,12.0,29.6,17.6
1,0,0.0,0.9,1.2000000000000002,0.41212374435753585,19.200000000000003,9.200000000000001,238.61294555664062,12.0,,,0,12.0,29.6,17.6
1,0,0.0,0.9,1.2000000000000002,0.41212374435753585,19.200000000000003,9.200000000000001,239.11294555664062,12.0,,,0,12.0,29.6,17.6
1,0,0.0,0.9,1.2000000000000002,0.41212374435753585,19.200000000000003,9.200000000000001,239.61294555664062,12.0,,,0,12.0,29.6,17.6
1,0,0.0,0.9,1.2000000000000002,0.41212374435753585,19.200000000000003,9.200000000000001,240.11294555664062,12.0,,,0,12.0,29.6,17.6
1,0,0.0,0.9,1.2000000000000002,0.41212374435753585,19.200000000000003,9.200000000000001,240.61294555664062,12.0,,,0,12.0,29.6,17.6
1,0,0.0,0.9,1.2000000000000002,0.41212374435753585,19.200000000000003,9.200000000000001,241.11294555664062,12.0,,,0,12.0,29.6,17.6
1,0,0.0,0.9,1.2000000000000002,0.41212374435753585,19.200000000000003,9.200000000000001,241.61294555664062,12.0,,,0,12.0,29.6,17.6
1,0,0.0,0.9,1.2000000000000002,0.41212374435753585,19.200000000000003,9.200000000000001,242.11294555664062,0.0,,,0,12.0,29.6,17.6
1,0,0.0,0.9,1.2000000000000002,0.41212374435753585,19.200000000000003,9.200000000000001,242.61294555664062,12.0,,,0,12.0,29.6,17.6
1,0,0.0,0.9,1.2000000000000002,0.41212374435753585,19.200000000000003,9.200000000000001,243.11294555664062,12.0,,,0,12.0,29.6,17.6
1,0,0.0,0.9,1.2000000000000002,0.41212374435753585,19.200000000000003,9.200000000000001,243.61294555664062,12.0,,,0,12.0,29.6,17.6
1,0,0.0,0.9,1.2000000000000002,0.41212374435753585,19.200000000000003,9.200000000000001,244.11294555664062,12.0,,,0,12.0,29.6,17.6
1,0,0.0,0.9,1.2000000000000002,0.41212374435753585,19.200000000000003,9.200000000000001,244.61294555664062,12.0,,,0,12.0,29.6,17.6
1,0,0.0,0.9,1.2000000000000002,0.41212374435753585,19.200000000000003,9.200000000000001,245.11294555664062,12.0,,,0,12.0,29.6,17.6
1,0,0.0,0.9,1.2000000000000002,0.41212374435753585,19.200000000000003,9.200000000000001,245.61294555664062,12.0,,,0,12.0,29.6,17.6
1,0,0.0,0.9,1.2000000000000002,0.41212374435753585,19.200000000000003,9.200000000000001,246.11294555664062,0.0,,,0,12.0,29.6,17.6
1,0,0.0,0.9,1.2000000000000002,0.41212374435753585,19.200000000000003,9.200000000000001,246.61294555664062,12.0,,,0,12.0,29.6,17.6
1,0,0.0,0.9,1.2000000000000002,0.41212374435753585,19.200000000000003,9.200000000000001,247.11294555664062,12.0,,,0,12.0,29.6,17.6
1,0,0.0,0.9,1.2000000000000002,0.41212374435753585,19.200000000000003,9.200000000000001,247.61294555664062,12.0,,,0,12.0,29.6,17.6
1,0,0.0,0.9,1.2000000000000002,0.41212374435753585,19.200000000000003,9.200000000000001,248.11294555664062,12.0,,,0,12.0,29.6,17.6
1,0,0.0,0.9,1.2000000000000002,0.41212374435753585,19.200000000000003,9.200000000000001,248.61294555664062,0.0,,,0,12.0,29.6,17.6
1,0,0.0,0.9,1.2000000000000002,0.41212374435753585,19.200000000000003,9.200000000000001,249.11294555664062,12.0,,,0,12.0,29.6,17.6
1,0,0.0,0.9,1.2000000000000002,0.41212374435753585,19.200000000000003,9.200000000000001,249.61294555664062,12.0,,,0,12.0,29.6,17.6
1,0,0.0,0.9,1.2000000000000002,0.41212374435753585,19.200000000000003,9.200000000000001,250.11294555664062,0.0,,,0,12.0,29.6,17.6
1,0,0.0,0.9,1.2000000000000002,0.41212374435753585,19.200000000000003,9.200000000000001,250.61294555664062,12.0,,,0,12.0,29.6,17.6
1,0,0.0,0.9,1.2000000000000002,0.41212374435753585,19.200000000000003,9.200000000000001,251.11294555664062,12.0,,,0,12.0,29.6,17.6
1,0,0.0,0.9,1.2000000000000002,0.41212374435753585,19.200000000000003,9.200000000000001,251.61294555664062,12.0,,,0,12.0,29.6,17.6
1,0,0.0,0.9,1.2000000000000002,0.41212374435753585,19.200000000000003,9.200000000000001,252.11294555664062,12.0,,,0,12.0,29.6,17.6
1,0,0.0,0.9,1.2000000000000002,0.41212374435753585,19.200000000000003,9.200000000000001,252.61294555664062,12.0,,,0,12.0,29.6,17.6
1,0,0.0,0.9,1.2000000000000002,0.41212374435753585,19.200000000000003,9.200000000000001,253.11294555664062,12.0,,,0,12.0,29.6,17.6
1,0,0.0,0.9,1.2000000000000002,0.41212374435753585,19.200000000000003,9.200000000000001,253.61294555664062,12.0,,,0,12.0,29.6,17.6
1,0,0.0,0.9,1.2000000000000002,0.41212374435753585,19.200000000000003,9.200000000000001,254.11294555664062,12.0,,,0,12.0,29.6,17.6
1,0,0.0,0.9,1.2000000000000002,0.41212374435753585,19.200000000000003,9.200000000000001,254.61294555664062,0.0,,,0,12.0,29.6,17.6
1,0,0.0,0.9,1.2000000000000002,0.41212374435753585,19.200000000000003,9.200000000000001,255.11294555664062,12.0,,,0,12.0,29.6,17.6
1,0,0.0,0.9,1.2000000000000002,0.41212374435753585,19.200000000000003,9.200000000000001,255.61294555664062,12.0,,,0,12.0,29.6,17.6
1,0,0.0,0.9,1.2000000000000002,0.41212374435753585,19.200000000000003,9.200000000000001,256.1129455566406,12.0,,,0,12.0,29.6,17.6
1,0,0.0,0.9,1.2000000000000002,0.41212374435753585,19.200000000000003,9.200000000000001,256.6129455566406,12.0,,,0,12.0,29.6,17.6
1,0,0.0,0.9,1.2000000000000002,0.41212374435753585,19.200000000000003,9.200000000000001,257.1129455566406,12.0,,,0,12.0,29.6,17.6
1,0,0.0,0.9,1.2000000000000002,0.41212374435753585,19.200000000000003,9.200000000000001,257.6129455566406,12.0,,,0,12.0,29.6,17.6
1,0,0.0,0.9,1.2000000000000002,0.41212374435753585,19.200000000000003,9.200000000000001,258.1129455566406,12.0,,,0,12.0,29.6,17.6
1,0,0.0,0.9,1.2000000000000002,0.41212374435753585,19.200000000000003,9.200000000000001,258.6129455566406,12.0,,,0,12.0,29.6,17.6
1,0,0.0,0.9,1.2000000000000002,0.41212374435753585,19.200000000000003,9.200000000000001,259.1129455566406,12.0,,,0,12.0,29.6,17.6
1,0,0.0,0.9,1.2000000000000002,0.41212374435753585,19.200000000000003,9.200000000000001,259.6129455566406,12.0,,,0,12.0,29.6,17.6
1,0,0.0,0.9,1.2000000000000002,0.41212374435753585,19.200000000000003,9.200000000000001,260.1129455566406,12.0,,,0,12.0,29.6,17.6
1,0,0.0,0.9,1.2000000000000002,0.41212374435753585,19.200000000000003,9.200000000000001,260.6129455566406,0.0,,,0,12.0,29.6,17.6
1,0,0.0,0.9,1.2000000000000002,0.41212374435753585,19.200000000000003,9.200000000000001,261.1129455566406,12.0,,,0,12.0,29.6,17.6
1,0,0.0,0.9,1.2000000000000002,0.41212374435753585,19.200000000000003,9.200000000000001,261.6129455566406,12.0,,,0,12.0,29.6,17.6
1,0,0.0,0.9,1.2000000000000002,0.41212374435753585,19.200000000000003,9.200000000000001,262.1129455566406,12.0,,,0,12.0,29.6,17.6
1,0,0.0,0.9,1.2000000000000002,0.41212374435753585,19.200000000000003,9.200000000000001,262.6129455566406,12.0,,,0,12.0,29.6,17.6
1,0,0.0,0.9,1.2000000000000002,0.41212374435753585,19.200000000000003,9.200000000000001,263.1129455566406,12.0,,,0,12.0,29.6,17.6
1,0,0.0,0.9,1.2000000000000002,0.41212374435753585,19.200000000000003,9.200000000000001,263.6129455566406,12.0,,,0,12.0,29.6,17.6
1,0,0.0,0.9,1.2000000000000002,0.41212374435753585,19.200000000000003,9.200000000000001,264.1129455566406,12.0,,,0,12.0,29.6,17.6
1,0,0.0,0.9,1.2000000000000002,0.41212374435753585,19.200000000000003,9.200000000000001,264.6129455566406,12.0,,,0,12.0,29.6,17.6
1,0,0.0,0.9,1.2000000000000002,0.41212374435753585,19.200000000000003,9.200000000000001,265.1129455566406,12.0,,,0,12.0,29.6,17.6
1,0,0.0,0.9,1.2000000000000002,0.41212374435753585,19.200000000000003,9.200000000000001,265.6129455566406,12.0,,,0,12.0,29.6,17.6
1,0,0.0,0.9,1.2000000000000002,0.41212374435753585,19.200000000000003,9.200000000000001,266.1129455566406,12.0,,,0,12.0,29.6,17.6
1,0,0.0,0.9,1.2000000000000002,0.41212374435753585,19.200000000000003,9.200000000000001,266.6129455566406,12.0,,,0,12.0,29.6,17.6
1,0,0.0,0.9,1.2000000000000002,0.41212374435753585,19.200000000000003,9.200000000000001,267.1129455566406,12.0,,,0,12.0,29.6,17.6
1,0,0.0,0.9,1.2000000000000002,0.41212374435753585,19.200000000000003,9.200000000000001,267.6129455566406,0.0,,,0,12.0,29.6,17.6
1,0,0.0,0.9,1.2000000000000002,0.41212374435753585,19.200000000000003,9.200000000000001,268.1129455566406,12.0,,,0,12.0,29.6,17.6
1,0,0.0,0.9,1.2000000000000002,0.41212374435753585,19.200000000000003,9.200000000000001,268.6129455566406,12.0,,,0,12.0,29.6,17.6
1,0,0.0,0.9,1.2000000000000002,0.41212374435753585,19.200000000000003,9.200000000000001,269.1129455566406,12.0,,,0,12.0,29.6,17.6
1,0,0.0,0.9,1.2000000000000002,0.41212374435753585,19.200000000000003,9.200000000000001,269.6129455566406,12.0,,,0,12.0,29.6,17.6
1,0,0.0,0.9,1.2000000000000002,0.41212374435753585,19.200000000000003,9.200000000000001,270.1129455566406,12.0,,,0,12.0,29.6,17.6
1,0,0.0,0.9,1.2000000000000002,0.41212374435753585,19.200000000000003,9.200000000000001,270.6129455566406,12.0,,,0,12.0,29.6,17.6
1,0,0.0,0.9,1.2000000000000002,0.41212374435753585,19.200000000000003,9.200000000000001,271.1129455566406,12.0,,,0,12.0,29.6,17.6
1,0,0.0,0.9,1.2000000000000002,0.41212374435753585,19.200000000000003,9.200000000000001,271.6129455566406,12.0,,,0,12.0,29.6,17.6
1,0,0.0,0.9,1.2000000000000002,0.41212374435753585,19.200000000000003,9.200000000000001,272.1129455566406,12.0,,,0,12.0,29.6,17.6
1,0,0.0,0.9,1.2000000000000002,0.41212374435753585,19.200000000000003,9.200000000000001,272.6129455566406,12.0,,,0,12.0,29.6,17.6
1,0,0.0,0.9,1.2000000000000002,0.41212374435753585,19.200000000000003,9.200000000000001,273.1129455566406,12.0,,,0,12.0,29.6,17.6
1,0,0.0,0.9,1.2000000000000002,0.41212374435753585,19.200000000000003,9.200000000000001,273.6129455566406,12.0,,,0,12.0,29.6,17.6
1,0,0.0,0.9,1.2000000000000002,0.41212374435753585,19.200000000000003,9.200000000000001,274.1129455566406,12.0,,,0,12.0,29.6,17.6
1,0,0.0,0.9,1.2000000000000002,0.41212374435753585,19.200000000000003,9.200000000000001,274.6129455566406,11.29533863067627,1.7999999523162842,-9.95440673828125,1,11.190656661987305,29.6,17.6
1,0,0.0,0.9,1.2000000000000002,0.41212374435753585,19.200000000000003,9.200000000000001,275.1129455566406,10.20348834991455,1.7999999523162842,-8.858622550964355,1,10.098806381225586,29.6,17.6
1,0,0.0,0.9,1.2000000000000002,0.41212374435753585,19.200000000000003,9.200000000000001,275.6129455566406,9.306396484375,1.7999999523162842,-7.957595348358154,1,9.201714515686035,29.6,17.6
1,0,0.0,0.9,1.2000000000000002,0.41212374435753585,19.200000000000003,9.200000000000001,276.1129455566406,8.556272506713867,1.7999999523162842,-7.203534126281738,1,8.451590538024902,29.6,17.6
1,0,0.0,0.9,1.2000000000000002,0.41212374435753585,19.200000000000003,9.200000000000001,276.6129455566406,7.919780731201172,1.7999999523162842,-6.563103199005127,1,7.815098762512207,29.6,17.6
1,0,0.0,0.9,1.2000000000000002,0.41212374435753585,19.200000000000003,9.200000000000001,277.1129455566406,7.372958183288574,1.7999999523162842,-6.0123395919799805,1,7.268276214599609,29.6,17.6
1,0,0.0,0.9,1.2000000000000002,0.41212374435753585,19.200000000000003,9.200000000000001,277.6129455566406,0.0,,,0,6.793455600738525,29.6,17.6
1,0,0.0,0.9,1.2000000000000002,0.41212374435753585,19.200000000000003,9.200000000000001,278.1129455566406,6.482006549835205,1.7999999523162842,-5.113498687744141,1,6.37732458114624,29.6,17.6
1,0,0.0,0.9,1.2000000000000002,0.41212374435753585,19.200000000000003,9.200000000000001,278.6129455566406,6.114344120025635,1.7999999523162842,-4.741888523101807,1,6.00966215133667,29.6,17.6
1,0,0.0,0.9,1.2000000000000002,0.41212374435753585,19.200000000000003,9.200000000000001,279.1129455566406,5.787172317504883,1.7999999523162842,-4.410766124725342,1,5.682490348815918,29.6,17.6
1,0,0.0,0.9,1.2000000000000002,0.41212374435753585,19.200000000000003,9.200000000000001,279.6129455566406,5.494174003601074,1.7999999523162842,-4.113814353942871,1,5.389492034912109,29.6,17.6
1,0,0.0,0.9,1.2000000000000002,0.41212374435753585,19.200000000000003,9.200000000000001,280.1129455566406,0.0,,,0,5.125598430633545,29.6,17.6
1,0,0.0,0.9,1.2000000000000002,0.41212374435753585,19.200000000000003,9.200000000000001,280.6129455566406,4.991377830505371,1.7999999523162842,-3.603102684020996,1,4.886695861816406,29.6,17.6
1,0,0.0,0.9,1.2000000000000002,0.41212374435753585,19.200000000000003,9.200000000000001,281.1129455566406,0.0,,,0,4.669411659240723,29.6,17.6
1,0,0.0,0.9,1.2000000000000002,0.41212374435753585,19.200000000000003,9.200000000000001,281.6129455566406,4.5756354331970215,1.7999999523162842,-3.1794321537017822,1,4.470953464508057,29.6,17.6
1,0,0.0,0.9,1.2000000000000002,0.41212374435753585,19.200000000000003,9.200000000000001,282.1129455566406,4.393672943115234,1.7999999523162842,-2.993499994277954,1,4.2889909744262695,29.6,17.6
1,0,0.0,0.9,1.2000000000000002,0.41212374435753585,19.200000000000003,9.200000000000001,282.6129455566406,4.226243495941162,1.7999999523162842,-2.8220977783203125,1,4.121561527252197,29.6,17.6
1,0,0.0,0.9,1.2000000000000002,0.41212374435753585,19.200000000000003,9.200000000000001,283.1129455566406,4.071685791015625,1.7999999523162842,-2.6635632514953613,1,3.9670040607452393,29.6,17.6
1,0,0.0,0.9,1.2000000000000002,0.41212374435753585,19.200000000000003,9.200000000000001,283.6129455566406,0.0,,,0,3.823899984359741,29.6,17.6
1,0,0.0,0.9,1.2000000000000002,0.41212374435753585,19.200000000000003,9.200000000000001,284.1129455566406,3.7957141399383545,1.7999999523162842,-2.3796253204345703,1,3.6910321712493896,29.6,17.6
1,0,0.0,0.9,1.2000000000000002,0.41212374435753585,19.200000000000003,9.200000000000001,284.6129455566406,3.672032356262207,1.7999999523162842,-2.2519543170928955,1,3.567350387573242,29.6,17.6
1,0,0.0,0.9,1.2000000000000002,0.41212374435753585,19.200000000000003,9.200000000000001,285.1129455566406,3.5566248893737793,1.7999999523162842,-2.1325531005859375,1,3.4519429206848145,29.6,17.6
1,0,0.0,0.9,1.2000000000000002,0.41212374435753585,19.200000000000003,9.200000000000001,285.6129455566406,3.448697328567505,1.7999999523162842,-2.020627021789551,1,3.34401535987854,29.6,17.6
1,0,0.0,0.9,1.2000000000000002,0.41212374435753585,19.200000000000003,9.200000000000001,286.1129455566406,0.0,,,0,3.2428712844848633,29.6,17.6
1,0,0.0,0.9,1.2000000000000002,0.41212374435753585,19.200000000000003,9.200000000000001,286.6129455566406,3.2525808811187744,1.7999999523162842,-1.8164993524551392,1,3.1478989124298096,29.6,17.6
1,0,0.0,0.9,1.2000000000000002,0.41212374435753585,19.200000000000003,9.200000000000001,287.1129455566406,3.1632394790649414,1.7999999523162842,-1.72314453125,1,3.0585575103759766,29.6,17.6
1,0,0.0,0.9,1.2000000000000002,0.41212374435753585,19.200000000000003,9.200000000000001,287.6129455566406,0.0,,,0,2.974367380142212,29.6,17.6
1,0,0.0,0.9,1.2000000000000002,0.41212374435753585,19.200000000000003,9.200000000000001,288.1129455566406,2.999584674835205,1.7999999523162842,-1.5514471530914307,1,2.8949027061462402,29.6,17.6
1,0,0.0,0.9,1.2000000000000002,0.41212374435753585,19.200000000000003,9.200000000000001,288.6129455566406,2.924464702606201,1.7999999523162842,-1.4722975492477417,1,2.8197827339172363,29.6,17.6
1,0,0.0,0.9,1.2000000000000002,0.41212374435753585,19.200000000000003,9.200000000000001,289.1129455566406,2.85334849357605,1.7999999523162842,-1.3971461057662964,1,2.748666524887085,29.6,17.6
1,0,0.0,0.9,1.2000000000000002,0.41212374435753585,19.200000000000003,9.200000000000001,289.6129455566406,2.785930633544922,1.7999999523162842,-1.3256869316101074,1,2.681248664855957,29.6,17.6
1,0,0.0,0.9,1.2000000000000002,0.41212374435753585,19.200000000000003,9.200000000000001,290.1129455566406,2.721935272216797,1.7999999523162842,-1.2576440572738647,1,2.617253303527832,29.6,17.6
1,0,0.0,0.9,1.2000000000000002,0.41212374435753585,19.200000000000003,9.200000000000001,290.6129455566406,2.6611135005950928,1.7999999523162842,-1.1927688121795654,1,2.556431531906128,29.6,17.6
1,0,0.0,0.9,1.2000000000000002,0.41212374435753585,19.200000000000003,9.200000000000001,291.1129455566406,2.603240489959717,1.7999999523162842,-1.1308356523513794,1,2.498558521270752,29.6,17.6
1,0,0.0,0.9,1.2000000000000002,0.41212374435753585,19.200000000000003,9.200000000000001,291.6129455566406,2.5481116771698,1.7999999523162842,-1.071640133857727,1,2.443429708480835,29.6,17.6
1,0,0.0,0.9,1.2000000000000002,0.41212374435753585,19.200000000000003,9.200000000000001,292.1129455566406,2.4955413341522217,1.7999999523162842,-1.0149962902069092,1,2.390859365463257,29.6,17.6
1,0,0.0,0.9,1.2000000000000002,0.41212374435753585,19.200000000000003,9.200000000000001,292.6129455566406,2.445359945297241,1.7999999523162842,-0.9607343673706055,1,2.3406779766082764,29.6,17.6
1,0,0.0,0.9,1.2000000000000002,0.41212374435753585,19.200000000000003,9.200000000000001,293.1129455566406,2.3974125385284424,1.7999999523162842,-0.9086995124816895,1,2.2927305698394775,29.6,17.6
1,0,0.0,0.9,1.2000000000000002,0.41212374435753585,19.200000000000003,9.200000000000001,293.6129455566406,2.351557970046997,1.7999999523162842,-0.8587499856948853,1,2.2468760013580322,29.6,17.6
1,0,0.0,0.9,1.2000000000000002,0.41212374435753585,19.200000000000003,9.200000000000001,294.1129455566406,2.307666063308716,1.7999999523162842,-0.8107556700706482,1,2.202984094619751,29.6,17.6
1,0,0.0,0.9,1.2000000000000002,0.41212374435753585,19.200000000000003,9.200000000000001,294.6129455566406,2.2656173706054688,1.7999999523162842,-0.7645971179008484,1,2.160935401916504,29.6,17.6
1,0,0.0,0.9,1.2000000000000002,0.41212374435753585,19.200000000000003,9.200000000000001,295.1129455566406,2.2253024578094482,1.7999999523162842,-0.7201642394065857,1,2.1206204891204834,29.6,17.6
1,0,0.0,0.9,1.2000000000000002,0.41212374435753585,19.200000000000003,9.200000000000001,295.6129455566406,2.186619758605957,1.7999999523162842,-0.6773557662963867,1,2.081937789916992,29.6,17.6
1,0,0.0,0.9,1.2000000000000002,0.41212374435753585,19.200000000000003,9.200000000000001,296.1129455566406,2.1494758129119873,1.7999999523162842,-0.6360779404640198,1,2.0447938442230225,29.6,17.6
1,0,0.0,0.9,1.2000000000000002,0.41212374435753585,19.200000000000003,9.200000000000001,296.6129455566406,2.1137845516204834,1.7999999523162842,-0.596244215965271,1,2.0091025829315186,29.6,17.6
1,0,0.0,0.9,1.2000000000000002,0.41212374435753585,19.200000000000003,9.200000000000001,297.1129455566406,2.079465627670288,1.7999999523162842,-0.5577743053436279,1,1.9747836589813232,29.6,17.6
1,0,0.0,0.9,1.2000000000000002,0.41212374435753585,19.200000000000003,9.200000000000001,297.6129455566406,2.046444892883301,1.7999999523162842,-0.5205938220024109,1,1.941762924194336,29.6,17.6
1,0,0.0,0.9,1.2000000000000002,0.41212374435753585,19.200000000000003,9.200000000000001,298.1129455566406,2.014653205871582,1.7999999523162842,-0.4846336245536804,1,1.9099713563919067,29.6,17.6
1,0,0.0,0.9,1.2000000000000002,0.41212374435753585,19.200000000000003,9.200000000000001,298.6129455566406,1.9840266704559326,1.7999999523162842,-0.4498293399810791,1,1.8793448209762573,29.6,17.6
1,0,0.0,0.9,1.2000000000000002,0.41212374435753585,19.200000000000003,9.200000000000001,299.1129455566406,1.954505443572998,1.7999999523162842,-0.41612109541893005,1,1.8498235940933228,29.6,17.6
1,0,0.0,0.9,1.2000000000000002,0.41212374435753585,19.200000000000003,9.200000000000001,299.6129455566406,1.9260339736938477,1.7999999523162842,-0.38345301151275635,1,1.8213521242141724,29.6,17.6
1,0,0.0,0.9,1.2000000000000002,0.41212374435753585,19.200000000000003,9.200000000000001,300.1129455566406,1.8985602855682373,1.7999999523162842,-0.3517729341983795,1,1.7938783168792725,29.6,17.6
1,0,0.0,0.9,1.2000000000000002,0.41212374435753585,19.200000000000003,9.200000000000001,300.6129455566406,1.8720355033874512,1.7999999523162842,-0.3210321068763733,1,1.7673535346984863,29.6,17.6
1,0,0.0,0.9,1.2000000000000002,0.41212374435753585,19.200000000000003,9.200000000000001,301.1129455566406,1.846414566040039,1.7999999523162842,-0.29118484258651733,1,1.7417325973510742,29.6,17.6
1,0,0.0,0.9,1.2000000000000002,0.41212374435753585,19.200000000000003,9.200000000000001,301.6129455566406,0.0,,,0,1.7169725894927979,29.6,17.6
1,0,0.0,0.9,1.2000000000000002,0.41212374435753585,19.200000000000003,9.200000000000001,302.1129455566406,0.0,,,0,1.6930339336395264,29.6,17.6
1,0,0.0,0.9,1.2000000000000002,0.41212374435753585,19.200000000000003,9.200000000000001,302.6129455566406,1.7745609283447266,1.7999999523162842,-0.2065901756286621,1,1.6698790788650513,29.6,17.6
1,0,0.0,0.9,1.2000000000000002,0.41212374435753585,19.200000000000003,9.200000000000001,303.1129455566406,1.7521545886993408,1.7999999523162842,-0.17991529405117035,1,1.647472620010376,29.6,17.6
1,0,0.0,0.9,1.2000000000000002,0.41212374435753585,19.200000000000003,9.200000000000001,303.6129455566406,1.7304637432098389,1.7999999523162842,-0.15394482016563416,1,1.6257818937301636,29.6,17.6
1,0,0.0,0.9,1.2000000000000002,0.41212374435753585,19.200000000000003,9.200000000000001,304.1129455566406,1.7094571590423584,1.7999999523162842,-0.12864743173122406,1,1.604775309562683,29.6,17.6
1,0,0.0,0.9,1.2000000000000002,0.41212374435753585,19.200000000000003,9.200000000000001,304.6129455566406,0.0,,,0,1.5844238996505737,29.6,17.6
1,0,0.0,0.9,1.2000000000000002,0.41212374435753585,19.200000000000003,9.200000000000001,305.1129455566406,1.669381856918335,1.7999999523162842,-0.07995536923408508,1,1.5646998882293701,29.6,17.6
1,0,0.0,0.9,1.2000000000000002,0.41212374435753585,19.200000000000003,9.200000000000001,305.6129455566406,1.650259017944336,1.7999999523162842,-0.05650654435157776,1,1.5455771684646606,29.6,17.6
1,0,0.0,0.9,1.2000000000000002,0.41212374435753585,19.200000000000003,9.200000000000001,306.1129455566406,1.6317129135131836,1.7999999523162842,-0.03362223133444786,1,1.5270310640335083,29.6,17.6
1,0,0.0,0.9,1.2000000000000002,0.41212374435753585,19.200000000000003,9.200000000000001,306.6129455566406,1.613720178604126,1.7999999523162842,-0.01127892080694437,1,1.5090383291244507,29.6,17.6
1,0,0.0,0.9,1.2000000000000002,0.41212374435753585,19.200000000000003,9.200000000000001,307.1129455566406,1.5962588787078857,1.7999999523162842,0.01054562721401453,1,1.491576910018921,29.6,17.6
1,0,0.0,0.9,1.2000000000000002,0.41212374435753585,19.200000000000003,9.200000000000001,307.6129455566406,1.579308032989502,1.7999999523162842,0.03187248483300209,1,1.474626064300537,29.6,17.6
1,0,0.0,0.9,1.2000000000000002,0.41212374435753585,19.200000000000003,9.200000000000001,308.1129455566406,1.5628478527069092,1.7999999523162842,0.05272162705659866,1,1.4581658840179443,29.6,17.6
1,0,0.0,0.9,1.2000000000000002,0.41212374435753585,19.200000000000003,9.200000000000001,308.6129455566406,1.5468597412109375,1.7999999523162842,0.07311199605464935,1,1.4421777725219727,29.6,17.6
1,0,0.0,0.9,1.2000000000000002,0.41212374435753585,19.200000000000003,9.200000000000001,309.1129455566406,0.0,,,0,1.4266438484191895,29.6,17.6
1,0,0.0,0.9,1.2000000000000002,0.41212374435753585,19.200000000000003,9.200000000000001,309.6129455566406,1.5162293910980225,1.7999999523162842,0.11258744448423386,1,1.4115474224090576,29.6,17.6
1,0,0.0,0.9,1.2000000000000002,0.41212374435753585,19.200000000000003,9.200000000000001,310.1129455566406,0.0,,,0,1.3968724012374878,29.6,17.6
1,0,0.0,0.9,1.2000000000000002,0.41212374435753585,19.200000000000003,9.200000000000001,310.6129455566406,1.4872853755950928,1.7999999523162842,0.15043221414089203,1,1.3826035261154175,29.6,17.6
1,0,0.0,0.9,1.2000000000000002,0.41212374435753585,19.200000000000003,9.200000000000001,311.1129455566406,1.4734084606170654,1.7999999523162842,0.16878126561641693,1,1.3687264919281006,29.6,17.6
1,0,0.0,0.9,1.2000000000000002,0.41212374435753585,19.200000000000003,9.200000000000001,311.6129455566406,1.459909200668335,1.7999999523162842,0.18676701188087463,1,1.3552273511886597,29.6,17.6
1,0,0.0,0.9,1.2000000000000002,0.41212374435753585,19.200000000000003,9.200000000000001,312.1129455566406,1.446774959564209,1.7999999523162842,0.20440275967121124,1,1.3420931100845337,29.6,17.6
1,0,0.0,0.9,1.2000000000000002,0.41212374435753585,19.200000000000003,9.200000000000001,312.6129455566406,1.4339931011199951,1.7999999523162842,0.22170127928256989,1,1.3293112516403198,29.6,17.6
1,0,0.0,0.9,1.2000000000000002,0.41212374435753585,19.200000000000003,9.200000000000001,313.1129455566406,0.0,,,0,1.3168699741363525,29.6,17.6
1,0,0.0,0.9,1.2000000000000002,0.41212374435753585,19.200000000000003,9.200000000000001,313.6129455566406,1.4094395637512207,1.7999999523162842,0.2553345561027527,1,1.3047577142715454,29.6,17.6
1,0,0.0,0.9,1.2000000000000002,0.41212374435753585,19.200000000000003,9.200000000000001,314.1129455566406,0.0,,,0,1.292963981628418,29.6,17.6
1,0,0.0,0.9,1.2000000000000002,0.41212374435753585,19.200000000000003,9.200000000000001,314.6129455566406,1.386160135269165,1.7999999523162842,0.28775760531425476,1,1.2814781665802002,29.6,17.6
1,0,0.0,0.9,1.2000000000000002,0.41212374435753585,19.200000000000003,9.200000000000001,315.1129455566406,1.3749723434448242,1.7999999523162842,0.30354148149490356,1,1.270290493965149,29.6,17.6
1,0,0.0,0.9,1.2000000000000002,0.41212374435753585,19.200000000000003,9.200000000000001,315.6129455566406,1.3640735149383545,1.7999999523162842,0.3190533220767975,1,1.2593915462493896,29.6,17.6
1,0,0.0,0.9,1.2000000000000002,0.41212374435753585,19.200000000000003,9.200000000000001,316.1129455566406,1.353454351425171,1.7999999523162842,0.3343023955821991,1,1.248772382736206,29.6,17.6
1,0,0.0,0.9,1.2000000000000002,0.41212374435753585,19.200000000000003,9.200000000000001,316.6129455566406,1.3431060314178467,1.7999999523162842,0.34929758310317993,1,1.2384241819381714,29.6,17.6
1,0,0.0,0.9,1.2000000000000002,0.41212374435753585,19.200000000000003,9.200000000000001,317.1129455566406,1.3330209255218506,1.7999999523162842,0.36404740810394287,1,1.2283389568328857,29.6,17.6
1,0,0.0,0.9,1.2000000000000002,0.41212374435753585,19.200000000000003,9.200000000000001,317.6129455566406,1.323190689086914,1.7999999523162842,0.37856006622314453,1,1.2185087203979492,29.6,17.6
1,0,0.0,0.9,1.2000000000000002,0.41212374435753585,19.200000000000003,9.200000000000001,318.1129455566406,1.313607931137085,1.7999999523162842,0.3928433358669281,1,1.2089259624481201,29.6,17.6
1,0,0.0,0.9,1.2000000000000002,0.41212374435753585,19.200000000000003,9.200000000000001,318.6129455566406,1.3042652606964111,1.7999999523162842,0.40690475702285767,1,1.1995832920074463,29.6,17.6
1,0,0.0,0.9,1.2000000000000002,0.41212374435753585,19.200000000000003,9.200000000000001,319.1129455566406,0.0,,,0,1.1904739141464233,29.6,17.6
1,0,0.0,0.9,1.2000000000000002,0.41212374435753585,19.200000000000003,9.200000000000001,319.6129455566406,1.2862730026245117,1.7999999523162842,0.43439069390296936,1,1.1815911531448364,29.6,17.6
1,0,0.0,0.9,1.2000000000000002,0.41212374435753585,19.200000000000003,9.200000000000001,320.1129455566406,1.2776105403900146,1.7999999523162842,0.4478287994861603,1,1.1729285717010498,29.6,17.6
1,0,0.0,0.9,1.2000000000000002,0.41212374435753585,19.200000000000003,9.200000000000001,320.6129455566406,1.2691621780395508,1.7999999523162842,0.46107229590415955,1,1.164480209350586,29.6,17.6
1,0,0.0,0.9,1.2000000000000002,0.41212374435753585,19.200000000000003,9.200000000000001,321.1129455566406,1.2609219551086426,1.7999999523162842,0.4741273820400238,1,1.1562401056289673,29.6,17.6
1,0,0.0,0.9,1.2000000000000002,0.41212374435753585,19.200000000000003,9.200000000000001,321.6129455566406,1.2528843879699707,1.7999999523162842,0.4869999587535858,1,1.1482025384902954,29.6,17.6
1,0,0.0,0.9,1.2000000000000002,0.41212374435753585,19.200000000000003,9.200000000000001,322.1129455566406,1.245044231414795,1.7999999523162842,0.4996957778930664,1,1.14036226272583,29.6,17.6
1,0,0.0,0.9,1.2000000000000002,0.41212374435753585,19.200000000000003,9.200000000000001,322.6129455566406,1.2373957633972168,1.7999999523162842,0.5122203230857849,1,1.1327139139175415,29.6,17.6
1,0,0.0,0.9,1.2000000000000002,0.41212374435753585,19.200000000000003,9.200000000000001,323.1129455566406,1.2299346923828125,1.7999999523162842,0.5245789289474487,1,1.1252527236938477,29.6,17.6
1,0,0.0,0.9,1.2000000000000002,0.41212374435753585,19.200000000000003,9.200000000000001,323.6129455566406,1.2226555347442627,1.7999999523162842,0.5367767214775085,1,1.1179736852645874,29.6,17.6
1,0,0.0,0.9,1.2000000000000002,0.41212374435753585,19.200000000000003,9.200000000000001,324.1129455566406,0.0,,,0,1.1108722686767578,29.6,17.6
1,0,0.0,0.9,1.2000000000000002,0.41212374435753585,19.200000000000003,9.200000000000001,324.6129455566406,1.2086260318756104,1.7999999523162842,0.5607094168663025,1,1.1039440631866455,29.6,17.6
1,0,0.0,0.9,1.2000000000000002,0.41212374435753585,19.200000000000003,9.200000000000001,325.1129455566406,1.201866626739502,1.7999999523162842,0.5724536776542664,1,1.0971847772598267,29.6,17.6
1,0,0.0,0.9,1.2000000000000002,0.41212374435753585,19.200000000000003,9.200000000000001,325.6129455566406,0.0,,,0,1.090590238571167,29.6,17.6
1,0,0.0,0.9,1.2000000000000002,0.41212374435753585,19.200000000000003,9.200000000000001,326.1129455566406,1.1888384819030762,1.7999999523162842,0.5955203771591187,1,1.0841566324234009,29.6,17.6
1,0,0.0,0.9,1.2000000000000002,0.41212374435753585,19.200000000000003,9.200000000000001,326.6129455566406,1.1825621128082275,1.7999999523162842,0.6068511605262756,1,1.0778801441192627,29.6,17.6
1,0,0.0,0.9,1.2000000000000002,0.41212374435753585,19.200000000000003,9.200000000000001,327.1129455566406,1.176438808441162,1.7999999523162842,0.6180524230003357,1,1.0717569589614868,29.6,17.6
1,0,0.0,0.9,1.2000000000000002,0.41212374435753585,19.200000000000003,9.200000000000001,327.6129455566406,1.1704657077789307,1.7999999523162842,0.6291279792785645,1,1.0657837390899658,29.6,17.6
1,0,0.0,0.9,1.2000000000000002,0.41212374435753585,19.200000000000003,9.200000000000001,328.1129455566406,1.1646387577056885,1.7999999523162842,0.640081524848938,1,1.0599569082260132,29.6,17.6
1,0,0.0,0.9,1.2000000000000002,0.41212374435753585,19.200000000000003,9.200000000000001,328.6129455566406,0.0,,,0,1.0542733669281006,29.6,17.6
1,0,0.0,0.9,1.2000000000000002,0.41212374435753585,19.200000000000003,9.200000000000001,329.1129455566406,0.0,,,0,1.0487298965454102,29.6,17.6
1,0,0.0,0.9,1.2000000000000002,0.41212374435753585,19.200000000000003,9.200000000000001,329.6129455566406,1.1480052471160889,1.7999999523162842,0.6722465753555298,1,1.0433233976364136,29.6,17.6
1,0,0.0,0.9,1.2000000000000002,0.41212374435753585,19.200000000000003,9.200000000000001,330.1129455566406,0.0,,,0,1.0380510091781616,29.6,17.6
1,0,0.0,0.9,1.2000000000000002,0.41212374435753585,19.200000000000003,9.200000000000001,330.6129455566406,1.13759183883667,1.7999999523162842,0.6931440830230713,1,1.0329099893569946,29.6,17.6
1,0,0.0,0.9,1.2000000000000002,0.41212374435753585,19.200000000000003,9.200000000000001,331.1129455566406,1.1325793266296387,1.7999999523162842,0.7034386992454529,1,1.0278974771499634,29.6,17.6
1,0,0.0,0.9,1.2000000000000002,0.41212374435753585,19.200000000000003,9.200000000000001,331.6129455566406,0.0,,,0,1.0230108499526978,29.6,17.6
1,0,0.0,0.9,1.2000000000000002,0.41212374435753585,19.200000000000003,9.200000000000001,332.1129455566406,1.122929573059082,1.7999999523162842,0.723734974861145,1,1.0182477235794067,29.6,17.6
1,0,0.0,0.9,1.2000000000000002,0.41212374435753585,19.200000000000003,9.200000000000001,332.6129455566406,0.0,,,0,1.0136054754257202,29.6,17.6
1,0,0.0,0.9,1.2000000000000002,0.41212374435753585,19.200000000000003,9.200000000000001,333.1129455566406,1.1137638092041016,1.7999999523162842,0.7436597347259521,1,1.0090819597244263,29.6,17.6
1,0,0.0,0.9,1.2000000000000002,0.41212374435753585,19.200000000000003,9.200000000000001,333.6129455566406,1.1093566417694092,1.7999999523162842,0.7534896731376648,1,1.0046747922897339,29.6,17.6
1,0,0.0,0.9,1.2000000000000002,0.41212374435753585,19.200000000000003,9.200000000000001,334.1129455566406,1.1050636768341064,1.7999999523162842,0.7632348537445068,1,1.0003818273544312,29.6,17.6
1,0,0.0,0.9,1.2000000000000002,0.41212374435753585,19.200000000000003,9.200000000000001,334.6129455566406,0.0,,,0,0.9962009191513062,29.6,17.6
1,0,0.0,0.9,1.2000000000000002,0.41212374435753585,19.200000000000003,9.200000000000001,335.1129455566406,0.0,,,0,0.9921300411224365,29.6,17.6
1,0,0.0,0.9,1.2000000000000002,0.41212374435753585,19.200000000000003,9.200000000000001,335.6129455566406,1.0928491353988647,1.7999999523162842,0.7919871807098389,1,0.9881672263145447,29.6,17.6
1,0,0.0,0.9,1.2000000000000002,0.41212374435753585,19.200000000000003,9.200000000000001,336.1129455566406,0.0,,,0,0.9843106269836426,29.6,17.6
1,0,0.0,0.9,1.2000000000000002,0.41212374435753585,19.200000000000003,9.200000000000001,336.6129455566406,1.085240364074707,1.7999999523162842,0.8107767105102539,1,0.9805583953857422,29.6,17.6
1,0,0.0,0.9,1.2000000000000002,0.41212374435753585,19.200000000000003,9.200000000000001,337.1129455566406,1.0815906524658203,1.7999999523162842,0.8200648427009583,1,0.9769087433815002,29.6,17.6
1,0,0.0,0.9,1.2000000000000002,0.41212374435753585,19.200000000000003,9.200000000000001,337.6129455566406,1.0780420303344727,1.7999999523162842,0.8292847275733948,1,0.9733600616455078,29.6,17.6
1,0,0.0,0.9,1.2000000000000002,0.41212374435753585,19.200000000000003,9.200000000000001,338.1129455566406,1.0745925903320312,1.7999999523162842,0.8384386301040649,1,0.9699106216430664,29.6,17.6
1,0,0.0,0.9,1.2000000000000002,0.41212374435753585,19.200000000000003,9.200000000000001,338.6129455566406,1.0712409019470215,1.7999999523162842,0.8475285172462463,1,0.9665589332580566,29.6,17.6
1,0,0.0,0.9,1.2000000000000002,0.41212374435753585,19.200000000000003,9.200000000000001,339.1129455566406,1.0679852962493896,1.7999999523162842,0.8565564751625061,1,0.9633033871650696,29.6,17.6
1,0,0.0,0.9,1.2000000000000002,0.41212374435753585,19.200000000000003,9.200000000000001,339.6129455566406,1.0648245811462402,1.7999999523162842,0.8655245304107666,1,0.9601426124572754,29.6,17.6
1,0,0.0,0.9,1.2000000000000002,0.41212374435753585,19.200000000000003,9.200000000000001,340.1129455566406,1.0617570877075195,1.7999999523162842,0.8744346499443054,1,0.9570751190185547,29.6,17.6
1,0,0.0,0.9,1.2000000000000002,0.41212374435753585,19.200000000000003,9.200000000000001,340.6129455566406,1.058781623840332,1.7999999523162842,0.8832886219024658,1,0.9540996551513672,29.6,17.6
1,0,0.0,0.9,1.2000000000000002,0.41212374435753585,19.200000000000003,9.200000000000001,341.1129455566406,0.0,,,0,0.9512147903442383,29.6,17.6
1,0,0.0,0.9,1.2000000000000002,0.41212374435753585,19.200000000000003,9.200000000000001,341.6129455566406,1.0531013011932373,1.7999999523162842,0.9008357524871826,1,0.9484193325042725,29.6,17.6
1,0,0.0,0.9,1.2000000000000002,0.41212374435753585,19.200000000000003,9.200000000000001,342.1129455566406,0.0,,,0,0.9457120895385742,29.6,17.6
1,0,0.0,0.9,1.2000000000000002,0.41212374435753585,19.200000000000003,9.200000000000001,342.6129455566406,1.047773838043213,1.7999999523162842,0.918180525302887,1,0.943091869354248,29.6,17.6
1,0,0.0,0.9,1.2000000000000002,0.41212374435753585,19.200000000000003,9.200000000000001,343.1129455566406,1.0452394485473633,1.7999999523162842,0.9267812967300415,1,0.9405575394630432,29.6,17.6
1,0,0.0,0.9,1.2000000000000002,0.41212374435753585,19.200000000000003,9.200000000000001,343.6129455566406,1.0427899360656738,1.7999999523162842,0.9353366494178772,1,0.9381080269813538,29.6,17.6
1,0,0.0,0.9,1.2000000000000002,0.41212374435753585,19.200000000000003,9.200000000000001,344.1129455566406,1.0404243469238281,1.7999999523162842,0.943848192691803,1,0.9357423782348633,29.6,17.6
1,0,0.0,0.9,1.2000000000000002,0.41212374435753585,19.200000000000003,9.200000000000001,344.6129455566406,1.0381413698196411,1.7999999523162842,0.9523175358772278,1,0.933459460735321,29.6,17.6
1,0,0.0,0.9,1.2000000000000002,0.41212374435753585,19.200000000000003,9.200000000000001,345.1129455566406,1.035940408706665,1.7999999523162842,0.9607463479042053,1,0.9312584400177002,29.6,17.6
1,0,0.0,0.9,1.2000000000000002,0.41212374435753585,19.200000000000003,9.200000000000001,345.6129455566406,1.0338202714920044,1.7999999523162842,0.969136118888855,1,0.9291383624076843,29.6,17.6
1,0,0.0,0.9,1.2000000000000002,0.41212374435753585,19.200000000000003,9.200000000000001,346.1129455566406,1.0317802429199219,1.7999999523162842,0.9774883985519409,1,0.9270983934402466,29.6,17.6
1,0,0.0,0.9,1.2000000000000002,0.41212374435753585,19.200000000000003,9.200000000000001,346.6129455566406,1.0298194885253906,1.7999999523162842,0.9858047366142273,1,0.9251376390457153,29.6,17.6
1,0,0.0,0.9,1.2000000000000002,0.41212374435753585,19.200000000000003,9.200000000000001,347.1129455566406,1.0279371738433838,1.7999999523162842,0.9940865635871887,1,0.9232552647590637,29.6,17.6
1,0,0.0,0.9,1.2000000000000002,0.41212374435753585,19.200000000000003,9.200000000000001,347.6129455566406,0.0,,,0,0.9214506149291992,29.6,17.6
1,0,0.0,0.9,1.2000000000000002,0.41212374435753585,19.200000000000003,9.200000000000001,348.1129455566406,1.024404764175415,1.7999999523162842,1.0105527639389038,1,0.9197229146957397,29.6,17.6
1,0,0.0,0.9,1.2000000000000002,0.41212374435753585,19.200000000000003,9.200000000000001,348.6129455566406,1.022753357887268,1.7999999523162842,1.0187398195266724,1,0.918071448802948,29.6,17.6
1,0,0.0,0.9,1.2000000000000002,0.41212374435753585,19.200000000000003,9.200000000000001,349.1129455566406,1.0211775302886963,1.7999999523162842,1.0268982648849487,1,0.9164956212043762,29.6,17.6
1,0,0.0,0.9,1.2000000000000002,0.41212374435753585,19.200000000000003,9.200000000000001,349.6129455566406,1.019676685333252,1.7999999523162842,1.035029411315918,1,0.9149947166442871,29.6,17.6
1,0,0.0,0.9,1.2000000000000002,0.41212374435753585,19.200000000000003,9.200000000000001,350.1129455566406,1.0182499885559082,1.7999999523162842,1.0431344509124756,1,0.9135681390762329,29.6,17.6
1,0,0.0,0.9,1.2000000000000002,0.41212374435753585,19.200000000000003,9.200000000000001,350.6129455566406,1.0168973207473755,1.7999999523162842,1.0512149333953857,1,0.9122154116630554,29.6,17.6
1,0,0.0,0.9,1.2000000000000002,0.41212374435753585,19.200000000000003,9.200000000000001,351.1129455566406,0.0,,,0,0.9109359383583069,29.6,17.6
1,0,0.0,0.9,1.2000000000000002,0.41212374435753585,19.200000000000003,9.200000000000001,351.6129455566406,1.014411211013794,1.7999999523162842,1.067307472229004,1,0.9097292423248291,29.6,17.6
1,0,0.0,0.9,1.2000000000000002,0.41212374435753585,19.200000000000003,9.200000000000001,352.1129455566406,1.0132768154144287,1.7999999523162842,1.0753220319747925,1,0.9085948467254639,29.6,17.6
1,0,0.0,0.9,1.2000000000000002,0.41212374435753585,19.200000000000003,9.200000000000001,352.6129455566406,1.012214183807373,1.7999999523162842,1.0833172798156738,1,0.907532274723053,29.6,17.6
1,0,0.0,0.9,1.2000000000000002,0.41212374435753585,19.200000000000003,9.200000000000001,353.1129455566406,0.0,,,0,0.9065411686897278,29.6,17.6
1,0,0.0,0.9,1.2000000000000002,0.41212374435753585,19.200000000000003,9.200000000000001,353.6129455566406,1.010303020477295,1.7999999523162842,1.099254846572876,1,0.9056211113929749,29.6,17.6
1,0,0.0,0.9,1.2000000000000002,0.41212374435753585,19.200000000000003,9.200000000000001,354.1129455566406,1.0094536542892456,1.7999999523162842,1.1071996688842773,1,0.9047717452049255,29.6,17.6
1,0,0.0,0.9,1.2000000000000002,0.41212374435753585,19.200000000000003,9.200000000000001,354.6129455566406,1.0086746215820312,1.7999999523162842,1.1151301860809326,1,0.903992772102356,29.6,17.6
1,0,0.0,0.9,1.2000000000000002,0.41212374435753585,19.200000000000003,9.200000000000001,355.1129455566406,1.0079658031463623,1.7999999523162842,1.1230477094650269,1,0.9032838344573975,29.6,17.6
1,0,0.0,0.9,1.2000000000000002,0.41212374435753585,19.200000000000003,9.200000000000001,355.6129455566406,1.007326602935791,1.7999999523162842,1.1309534311294556,1,0.902644693851471,29.6,17.6
1,0,0.0,0.9,1.2000000000000002,0.41212374435753585,19.200000000000003,9.200000000000001,356.1129455566406,0.0,,,0,0.9020751118659973,29.6,17.6
1,0,0.0,0.9,1.2000000000000002,0.41212374435753585,19.200000000000003,9.200000000000001,356.6129455566406,1.0062568187713623,1.7999999523162842,1.146734356880188,1,0.9015748500823975,29.6,17.6
1,0,0.0,0.9,1.2000000000000002,0.41212374435753585,19.200000000000003,9.200000000000001,357.1129455566406,1.0058257579803467,1.7999999523162842,1.1546119451522827,1,0.9011437892913818,29.6,17.6
1,0,0.0,0.9,1.2000000000000002,0.41212374435753585,19.200000000000003,9.200000000000001,357.6129455566406,1.0054636001586914,1.7999999523162842,1.1624826192855835,1,0.9007816314697266,29.6,17.6
1,0,0.0,0.9,1.2000000000000002,0.41212374435753585,19.200000000000003,9.200000000000001,358.1129455566406,1.0051703453063965,1.7999999523162842,1.1703475713729858,1,0.9004883766174316,29.6,17.6
1,0,0.0,0.9,1.2000000000000002,0.41212374435753585,19.200000000000003,9.200000000000001,358.6129455566406,0.0,,,0,0.900263786315918,29.6,17.6
1,0,0.0,0.9,1.2000000000000002,0.41212374435753585,19.200000000000003,9.200000000000001,359.1129455566406,1.0047898292541504,1.7999999523162842,1.1860651969909668,1,0.9001078605651855,29.6,17.6
1,0,0.0,0.9,1.2000000000000002,0.41212374435753585,19.200000000000003,9.200000000000001,359.6129455566406,1.0047024488449097,1.7999999523162842,1.1939201354980469,1,0.9000205397605896,29.6,17.6
1,0,0.0,0.9,1.2000000000000002,0.41212374435753585,19.200000000000003,9.200000000000001,0.11295118927955627,1.0046837329864502,1.7999999523162842,1.2017742395401,1,0.9000017642974854,29.6,17.6
1,0,0.0,0.9,1.2000000000000002,0.41212374435753585,19.200000000000003,9.200000000000001,0.6129511594772339,1.0047333240509033,1.7999999523162842,1.2096285820007324,1,0.900051474571228,29.6,17.6
1,0,0.0,0.9,1.2000000000000002,0.41212374435753585,19.200000000000003,9.200000000000001,1.1129511594772339,0.0,,,0,0.9001697897911072,29.6,17.6
1,0,0.0,0.9,1.2000000000000002,0.41212374435753585,19.200000000000003,9.200000000000001,1.6129511594772339,0.0,,,0,0.9003567695617676,29.6,17.6
1,0,0.0,0.9,1.2000000000000002,0.41212374435753585,19.200000000000003,9.200000000000001,2.1129512786865234,1.0052943229675293,1.7999999523162842,1.2332051992416382,1,0.9006123542785645,29.6,17.6
1,0,0.0,0.9,1.2000000000000002,0.41212374435753585,19.200000000000003,9.200000000000001,2.6129512786865234,0.0,,,0,0.9009367227554321,29.6,17.6
1,0,0.0,0.9,1.2000000000000002,0.41212374435753585,19.200000000000003,9.200000000000001,3.1129512786865234,1.006011962890625,1.7999999523162842,1.2489463090896606,1,0.9013299942016602,29.6,17.6
1,0,0.0,0.9,1.2000000000000002,0.41212374435753585,19.200000000000003,9.200000000000001,3.6129512786865234,1.006474256515503,1.7999999523162842,1.256827473640442,1,0.9017922878265381,29.6,17.6
1,0,0.0,0.9,1.2000000000000002,0.41212374435753585,19.200000000000003,9.200000000000001,4.112951278686523,1.0070056915283203,1.7999999523162842,1.2647173404693604,1,0.902323842048645,29.6,17.6
1,0,0.0,0.9,1.2000000000000002,0.41212374435753585,19.200000000000003,9.200000000000001,4.612951278686523,1.0076067447662354,1.7999999523162842,1.272616982460022,1,0.9029248356819153,29.6,17.6
1,0,0.0,0.9,1.2000000000000002,0.41212374435753585,19.200000000000003,9.200000000000001,5.112951278686523,1.008277416229248,1.7999999523162842,1.280527949333191,1,0.9035954475402832,29.6,17.6
1,0,0.0,0.9,1.2000000000000002,0.41212374435753585,19.200000000000003,9.200000000000001,5.612951278686523,1.0090179443359375,1.7999999523162842,1.2884511947631836,1,0.9043359756469727,29.6,17.6
1,0,0.0,0.9,1.2000000000000002,0.41212374435753585,19.200000000000003,9.200000000000001,6.112951278686523,1.0098286867141724,1.7999999523162842,1.296388030052185,1,0.9051467776298523,29.6,17.6
1,0,0.0,0.9,1.2000000000000002,0.41212374435753585,19.200000000000003,9.200000000000001,6.612951278686523,1.0107100009918213,1.7999999523162842,1.3043397665023804,1,0.9060280323028564,29.6,17.6
1,0,0.0,0.9,1.2000000000000002,0.41212374435753585,19.200000000000003,9.200000000000001,7.112951278686523,1.0116620063781738,1.7999999523162842,1.3123074769973755,1,0.9069801568984985,29.6,17.6
1,0,0.0,0.9,1.2000000000000002,0.41212374435753585,19.200000000000003,9.200000000000001,7.612951278686523,1.0126854181289673,1.7999999523162842,1.3202927112579346,1,0.9080035090446472,29.6,17.6
1,0,0.0,0.9,1.2000000000000002,0.41212374435753585,19.200000000000003,9.200000000000001,8.112951278686523,1.0137803554534912,1.7999999523162842,1.3282965421676636,1,0.9090984463691711,29.6,17.6
1,0,0.0,0.9,1.2000000000000002,0.41212374435753585,19.200000000000003,9.200000000000001,8.612951278686523,0.0,,,0,0.9102654457092285,29.6,17.6
1,0,0.0,0.9,1.2000000000000002,0.41212374435753585,19.200000000000003,9.200000000000001,9.112951278686523,1.0161869525909424,1.7999999523162842,1.3443653583526611,1,0.9115049839019775,29.6,17.6
1,0,0.0,0.9,1.2000000000000002,0.41212374435753585,19.200000000000003,9.200000000000001,9.612951278686523,0.0,,,0,0.9128174781799316,29.6,17.6
1,0,0.0,0.9,1.2000000000000002,0.41212374435753585,19.200000000000003,9.200000000000001,10.112951278686523,1.0188853740692139,1.7999999523162842,1.360524296760559,1,0.9142035245895386,29.6,17.6
1,0,0.0,0.9,1.2000000000000002,0.41212374435753585,19.200000000000003,9.200000000000001,10.612951278686523,0.0,,,0,0.9156635999679565,29.6,17.6
1,0,0.0,0.9,1.2000000000000002,0.41212374435753585,19.200000000000003,9.200000000000001,11.112951278686523,1.0218801498413086,1.7999999523162842,1.3767842054367065,1,0.9171983003616333,29.6,17.6
1,0,0.0,0.9,1.2000000000000002,0.41212374435753585,19.200000000000003,9.200000000000001,11.612951278686523,1.0234901905059814,1.7999999523162842,1.3849555253982544,1,0.9188082218170166,29.6,17.6
1,0,0.0,0.9,1.2000000000000002,0.41212374435753585,19.200000000000003,9.200000000000001,12.112951278686523,1.025175929069519,1.7999999523162842,1.3931560516357422,1,0.920494019985199,29.6,17.6
1,0,0.0,0.9,1.2000000000000002,0.41212374435753585,19.200000000000003,9.200000000000001,12.612951278686523,1.0269383192062378,1.7999999523162842,1.4013874530792236,1,0.9222564101219177,29.6,17.6
1,0,0.0,0.9,1.2000000000000002,0.41212374435753585,19.200000000000003,9.200000000000001,13.112951278686523,1.0287779569625854,1.7999999523162842,1.4096510410308838,1,0.9240960478782654,29.6,17.6
1,0,0.0,0.9,1.2000000000000002,0.41212374435753585,19.200000000000003,9.200000000000001,13.612951278686523,1.0306956768035889,1.7999999523162842,1.4179482460021973,1,0.9260137677192688,29.6,17.6
1,0,0.0,0.9,1.2000000000000002,0.41212374435753585,19.200000000000003,9.200000000000001,14.112951278686523,0.0,,,0,0.9280102252960205,29.6,17.6
1,0,0.0,0.9,1.2000000000000002,0.41212374435753585,19.200000000000003,9.200000000000001,14.612951278686523,1.0347681045532227,1.7999999523162842,1.4346497058868408,1,0.9300862550735474,29.6,17.6
1,0,0.0,0.9,1.2000000000000002,0.41212374435753585,19.200000000000003,9.200000000000001,15.112951278686523,0.0,,,0,0.9322428107261658,29.6,17.6
1,0,0.0,0.9,1.2000000000000002,0.41212374435753585,19.200000000000003,9.200000000000001,15.612951278686523,1.0391626358032227,1.7999999523162842,1.451503872871399,1,0.9344807267189026,29.6,17.6
1,0,0.0,0.9,1.2000000000000002,0.41212374435753585,19.200000000000003,9.200000000000001,16.112951278686523,0.0,,,0,0.9368008971214294,29.6,17.6
1,0,0.0,0.9,1.2000000000000002,0.41212374435753585,19.200000000000003,9.200000000000001,16.612951278686523,1.0438861846923828,1.7999999523162842,1.4685231447219849,1,0.9392042756080627,29.6,17.6
1,0,0.0,0.9,1.2000000000000002,0.41212374435753585,19.200000000000003,9.200000000000001,17.112951278686523,1.0463738441467285,1.7999999523162842,1.477098822593689,1,0.9416919946670532,29.6,17.6
1,0,0.0,0.9,1.2000000000000002,0.41212374435753585,19.200000000000003,9.200000000000001,17.612951278686523,1.0489468574523926,1.7999999523162842,1.4857207536697388,1,0.9442649483680725,29.6,17.6
1,0,0.0,0.9,1.2000000000000002,0.41212374435753585,19.200000000000003,9.200000000000001,18.112951278686523,1.051606297492981,1.7999999523162842,1.4943904876708984,1,0.9469243884086609,29.6,17.6
1,0,0.0,0.9,1.2000000000000002,0.41212374435753585,19.200000000000003,9.200000000000001,18.612951278686523,1.0543532371520996,1.7999999523162842,1.5031099319458008,1,0.9496713280677795,29.6,17.6
1,0,0.0,0.9,1.2000000000000002,0.41212374435753585,19.200000000000003,9.200000000000001,19.112951278686523,0.0,,,0,0.9525070190429688,29.6,17.6
1,0,0.0,0.9,1.2000000000000002,0.41212374435753585,19.200000000000003,9.200000000000001,19.612951278686523,1.0601146221160889,1.7999999523162842,1.5207048654556274,1,0.955432653427124,29.6,17.6
1,0,0.0,0.9,1.2000000000000002,0.41212374435753585,19.200000000000003,9.200000000000001,20.112951278686523,1.0631314516067505,1.7999999523162842,1.5295839309692383,1,0.9584495425224304,29.6,17.6
1,0,0.0,0.9,1.2000000000000002,0.41212374435753585,19.200000000000003,9.200000000000001,20.612951278686523,1.066240906715393,1.7999999523162842,1.5385199785232544,1,0.961558997631073,29.6,17.6
1,0,0.0,0.9,1.2000000000000002,0.41212374435753585,19.200000000000003,9.200000000000001,21.112951278686523,1.0694444179534912,1.7999999523162842,1.547514796257019,1,0.9647624492645264,29.6,17.6
1,0,0.0,0.9,1.2000000000000002,0.41212374435753585,19.200000000000003,9.200000000000001,21.612951278686523,0.0,,,0,0.9680612683296204,29.6,17.6
1,0,0.0,0.9,1.2000000000000002,0.41212374435753585,19.200000000000003,9.200000000000001,22.112951278686523,1.0761387348175049,1.7999999523162842,1.5656890869140625,1,0.9714568853378296,29.6,17.6
1,0,0.0,0.9,1.2000000000000002,0.41212374435753585,19.200000000000003,9.200000000000001,22.612951278686523,1.0796328783035278,1.7999999523162842,1.5748724937438965,1,0.9749509692192078,29.6,17.6
1,0,0.0,0.9,1.2000000000000002,0.41212374435753585,19.200000000000003,9.200000000000001,23.112951278686523,1.0832269191741943,1.7999999523162842,1.5841230154037476,1,0.978545069694519,29.6,17.6
1,0,0.0,0.9,1.2000000000000002,0.41212374435753585,19.200000000000003,9.200000000000001,23.612951278686523,1.0869227647781372,1.7999999523162842,1.593442678451538,1,0.9822408556938171,29.6,17.6
1,0,0.0,0.9,1.2000000000000002,0.41212374435753585,19.200000000000003,9.200000000000001,24.112951278686523,0.0,,,0,0.9860399961471558,29.6,17.6
1,0,0.0,0.9,1.2000000000000002,0.41212374435753585,19.200000000000003,9.200000000000001,24.612951278686523,1.0946263074874878,1.7999999523162842,1.6122982501983643,1,0.9899443984031677,29.6,17.6
1,0,0.0,0.9,1.2000000000000002,0.41212374435753585,19.200000000000003,9.200000000000001,25.112951278686523,1.0986377000808716,1.7999999523162842,1.621838927268982,1,0.9939557909965515,29.6,17.6
1,0,0.0,0.9,1.2000000000000002,0.41212374435753585,19.200000000000003,9.200000000000001,25.612951278686523,0.0,,,0,0.9980761408805847,29.6,17.6
1,0,0.0,0.9,1.2000000000000002,0.41212374435753585,19.200000000000003,9.200000000000001,26.112951278686523,1.1069893836975098,1.7999999523162842,1.6411577463150024,1,1.002307415008545,29.6,17.6
1,0,0.0,0.9,1.2000000000000002,0.41212374435753585,19.200000000000003,9.200000000000001,26.612951278686523,1.1113336086273193,1.7999999523162842,1.6509408950805664,1,1.006651759147644,29.6,17.6
1,0,0.0,0.9,1.2000000000000002,0.41212374435753585,19.200000000000003,9.200000000000001,27.112951278686523,1.115793228149414,1.7999999523162842,1.6608099937438965,1,1.0111112594604492,29.6,17.6
1,0,0.0,0.9,1.2000000000000002,0.41212374435753585,19.200000000000003,9.200000000000001,27.612951278686523,1.1203699111938477,1.7999999523162842,1.6707676649093628,1,1.0156880617141724,29.6,17.6
1,0,0.0,0.9,1.2000000000000002,0.41212374435753585,19.200000000000003,9.200000000000001,28.112951278686523,1.1250665187835693,1.7999999523162842,1.6808167695999146,1,1.0203845500946045,29.6,17.6
1,0,0.0,0.9,1.2000000000000002,0.41212374435753585,19.200000000000003,9.200000000000001,28.612951278686523,0.0,,,0,1.0252032279968262,29.6,17.6
1,0,0.0,0.9,1.2000000000000002,0.41212374435753585,19.200000000000003,9.200000000000001,29.112951278686523,1.1348283290863037,1.7999999523162842,1.701200008392334,1,1.0301463603973389,29.6,17.6
1,0,0.0,0.9,1.2000000000000002,0.41212374435753585,19.200000000000003,9.200000000000001,29.612951278686523,1.1398985385894775,1.7999999523162842,1.7115402221679688,1,1.0352165699005127,29.6,17.6
1,0,0.0,0.9,1.2000000000000002,0.41212374435753585,19.200000000000003,9.200000000000001,30.112951278686523,1.1450986862182617,1.7999999523162842,1.721983551979065,1,1.0404167175292969,29.6,17.6
1,0,0.0,0.9,1.2000000000000002,0.41212374435753585,19.200000000000003,9.200000000000001,30.612951278686523,0.0,,,0,1.045749306678772,29.6,17.6
1,0,0.0,0.9,1.2000000000000002,0.41212374435753585,19.200000000000003,9.200000000000001,31.112951278686523,1.1558992862701416,1.7999999523162842,1.743192195892334,1,1.0512173175811768,29.6,17.6
1,0,0.0,0.9,1.2000000000000002,0.41212374435753585,19.200000000000003,9.200000000000001,31.612951278686523,0.0,,,0,1.05682373046875,29.6,17.6
1,0,0.0,0.9,1.2000000000000002,0.41212374435753585,19.200000000000003,9.200000000000001,32.11294937133789,1.1672534942626953,1.7999999523162842,1.764852523803711,1,1.0625715255737305,29.6,17.6
1,0,0.0,0.9,1.2000000000000002,0.41212374435753585,19.200000000000003,9.200000000000001,32.61294937133789,0.0,,,0,1.0684641599655151,29.6,17.6
1,0,0.0,0.9,1.2000000000000002,0.41212374435753585,19.200000000000003,9.200000000000001,33.11294937133789,0.0,,,0,1.0745046138763428,29.6,17.6
1,0,0.0,0.9,1.2000000000000002,0.41212374435753585,19.200000000000003,9.200000000000001,33.61294937133789,1.1853785514831543,1.7999999523162842,1.7982518672943115,1,1.080696702003479,29.6,17.6
1,0,0.0,0.9,1.2000000000000002,0.41212374435753585,19.200000000000003,9.200000000000001,34.11294937133789,1.191725730895996,1.7999999523162842,1.8096425533294678,1,1.0870437622070312,29.6,17.6
1,0,0.0,0.9,1.2000000000000002,0.41212374435753585,19.200000000000003,9.200000000000001,34.61294937133789,1.1982314586639404,1.7999999523162842,1.8211686611175537,1,1.0935494899749756,29.6,17.6
1,0,0.0,0.9,1.2000000000000002,0.41212374435753585,19.200000000000003,9.200000000000001,35.11294937133789,1.204899787902832,1.7999999523162842,1.8328346014022827,1,1.1002179384231567,29.6,17.6
1,0,0.0,0.9,1.2000000000000002,0.41212374435753585,19.200000000000003,9.200000000000001,35.61294937133789,0.0,,,0,1.1070530414581299,29.6,17.6
1,0,0.0,0.9,1.2000000000000002,0.41212374435753585,19.200000000000003,9.200000000000001,36.11294937133789,1.2187409400939941,1.7999999523162842,1.8566029071807861,1,1.1140589714050293,29.6,17.6
1,0,0.0,0.9,1.2000000000000002,0.41212374435753585,19.200000000000003,9.200000000000001,36.61294937133789,1.2259221076965332,1.7999999523162842,1.868714690208435,1,1.1212401390075684,29.6,17.6
1,0,0.0,0.9,1.2000000000000002,0.41212374435753585,19.200000000000003,9.200000000000001,37.11294937133789,1.2332828044891357,1.7999999523162842,1.8809845447540283,1,1.128600835800171,29.6,17.6
1,0,0.0,0.9,1.2000000000000002,0.41212374435753585,19.200000000000003,9.200000000000001,37.61294937133789,0.0,,,0,1.136146068572998,29.6,17.6
1,0,0.0,0.9,1.2000000000000002,0.41212374435753585,19.200000000000003,9.200000000000001,38.11294937133789,1.2485623359680176,1.7999999523162842,1.9060187339782715,1,1.1438803672790527,29.6,17.6
1,0,0.0,0.9,1.2000000000000002,0.41212374435753585,19.200000000000003,9.200000000000001,38.61294937133789,0.0,,,0,1.1518092155456543,29.6,17.6
1,0,0.0,0.9,1.2000000000000002,0.41212374435753585,19.200000000000003,9.200000000000001,39.11294937133789,1.2646195888519287,1.7999999523162842,1.9317480325698853,1,1.1599376201629639,29.6,17.6
1,0,0.0,0.9,1.2000000000000002,0.41212374435753585,19.200000000000003,9.200000000000001,39.61294937133789,1.2729530334472656,1.7999999523162842,1.9448875188827515,1,1.1682710647583008,29.6,17.6
1,0,0.0,0.9,1.2000000000000002,0.41212374435753585,19.200000000000003,9.200000000000001,40.11294937133789,1.2814974784851074,1.7999999523162842,1.9582180976867676,1,1.1768155097961426,29.6,17.6
1,0,0.0,0.9,1.2000000000000002,0.41212374435753585,19.200000000000003,9.200000000000001,40.61294937133789,1.2902586460113525,1.7999999523162842,1.9717462062835693,1,1.1855767965316772,29.6,17.6
1,0,0.0,0.9,1.2000000000000002,0.41212374435753585,19.200000000000003,9.200000000000001,41.11294937133789,1.2992429733276367,1.7999999523162842,1.985478401184082,1,1.1945611238479614,29.6,17.6
1,0,0.0,0.9,1.2000000000000002,0.41212374435753585,19.200000000000003,9.200000000000001,41.61294937133789,1.3084568977355957,1.7999999523162842,1.999421238899231,1,1.2037750482559204,29.6,17.6
1,0,0.0,0.9,1.2000000000000002,0.41212374435753585,19.200000000000003,9.200000000000001,42.11294937133789,1.3179073333740234,1.7999999523162842,2.0135819911956787,1,1.2132253646850586,29.6,17.6
1,0,0.0,0.9,1.2000000000000002,0.41212374435753585,19.200000000000003,9.200000000000001,42.61294937133789,1.3276009559631348,1.7999999523162842,2.027967929840088,1,1.22291898727417,29.6,17.6
1,0,0.0,0.9,1.2000000000000002,0.41212374435753585,19.200000000000003,9.200000000000001,43.11294937133789,1.337545394897461,1.7999999523162842,2.0425868034362793,1,1.2328635454177856,29.6,17.6
1,0,0.0,0.9,1.2000000000000002,0.41212374435753585,19.200000000000003,9.200000000000001,43.61294937133789,1.3477485179901123,1.7999999523162842,2.0574464797973633,1,1.2430665493011475,29.6,17.6
1,0,0.0,0.9,1.2000000000000002,0.41212374435753585,19.200000000000003,9.200000000000001,44.11294937133789,1.3582179546356201,1.7999999523162842,2.0725553035736084,1,1.2535361051559448,29.6,17.6
1,0,0.0,0.9,1.2000000000000002,0.41212374435753585,19.200000000000003,9.200000000000001,44.61294937133789,1.3689625263214111,1.7999999523162842,2.0879218578338623,1,1.2642805576324463,29.6,17.6
1,0,0.0,0.9,1.2000000000000002,0.41212374435753585,19.200000000000003,9.200000000000001,45.11294937133789,1.379990816116333,1.7999999523162842,2.10355544090271,1,1.2753088474273682,29.6,17.6
1,0,0.0,0.9,1.2000000000000002,0.41212374435753585,19.200000000000003,9.200000000000001,45.61294937133789,1.3913118839263916,1.7999999523162842,2.1194653511047363,1,1.2866299152374268,29.6,17.6
1,0,0.0,0.9,1.2000000000000002,0.41212374435753585,19.200000000000003,9.200000000000001,46.11294937133789,1.40293550491333,1.7999999523162842,2.1356616020202637,1,1.2982536554336548,29.6,17.6
1,0,0.0,0.9,1.2000000000000002,0.41212374435753585,19.200000000000003,9.200000000000001,46.61294937133789,1.4148719310760498,1.7999999523162842,2.1521544456481934,1,1.3101900815963745,29.6,17.6
1,0,0.0,0.9,1.2000000000000002,0.41212374435753585,19.200000000000003,9.200000000000001,47.11294937133789,1.4271314144134521,1.7999999523162842,2.168954372406006,1,1.3224495649337769,29.6,17.6
1,0,0.0,0.9,1.2000000000000002,0.41212374435753585,19.200000000000003,9.200000000000001,47.61294937133789,0.0,,,0,1.3350433111190796,29.6,17.6
1,0,0.0,0.9,1.2000000000000002,0.41212374435753585,19.200000000000003,9.200000000000001,48.11294937133789,0.0,,,0,1.3479828834533691,29.6,17.6
1,0,0.0,0.9,1.2000000000000002,0.41212374435753585,19.200000000000003,9.200000000000001,48.61294937133789,1.4659621715545654,1.7999999523162842,2.2213149070739746,1,1.3612803220748901,29.6,17.6
1,0,0.0,0.9,1.2000000000000002,0.41212374435753585,19.200000000000003,9.200000000000001,49.11294937133789,1.479630470275879,1.7999999523162842,2.2394630908966064,1,1.374948501586914,29.6,17.6
1,0,0.0,0.9,1.2000000000000002,0.41212374435753585,19.200000000000003,9.200000000000001,49.61294937133789,1.493682861328125,1.7999999523162842,2.2579808235168457,1,1.3890008926391602,29.6,17.6
1,0,0.0,0.9,1.2000000000000002,0.41212374435753585,19.200000000000003,9.200000000000001,50.11294937133789,1.5081334114074707,1.7999999523162842,2.2768824100494385,1,1.4034514427185059,29.6,17.6
1,0,0.0,0.9,1.2000000000000002,0.41212374435753585,19.200000000000003,9.200000000000001,50.61294937133789,1.5229969024658203,1.7999999523162842,2.2961831092834473,1,1.4183149337768555,29.6,17.6
1,0,0.0,0.9,1.2000000000000002,0.41212374435753585,19.200000000000003,9.200000000000001,51.11294937133789,1.5382888317108154,1.7999999523162842,2.3158981800079346,1,1.4336069822311401,29.6,17.6
1,0,0.0,0.9,1.2000000000000002,0.41212374435753585,19.200000000000003,9.200000000000001,51.61294937133789,1.5540258884429932,1.7999999523162842,2.3360447883605957,1,1.4493439197540283,29.6,17.6
1,0,0.0,0.9,1.2000000000000002,0.41212374435753585,19.200000000000003,9.200000000000001,52.11294937133789,1.5702250003814697,1.7999999523162842,2.356640100479126,1,1.4655430316925049,29.6,17.6
1,0,0.0,0.9,1.2000000000000002,0.41212374435753585,19.200000000000003,9.200000000000001,52.61294937133789,1.586904525756836,1.7999999523162842,2.3777027130126953,1,1.482222557067871,29.6,17.6
1,0,0.0,0.9,1.2000000000000002,0.41212374435753585,19.200000000000003,9.200000000000001,53.11294937133789,1.60408353805542,1.7999999523162842,2.399251937866211,1,1.499401569366455,29.6,17.6
1,0,0.0,0.9,1.2000000000000002,0.41212374435753585,19.200000000000003,9.200000000000001,53.61294937133789,1.595313549041748,1.7842977046966553,2.4000000953674316,1,1.4906315803527832,29.6,17.6
1,0,0.0,0.9,1.2000000000000002,0.41212374435753585,19.200000000000003,9.200000000000001,54.11294937133789,1.5858449935913086,1.7682417631149292,2.4000000953674316,1,1.4811630249023438,29.6,17.6
1,0,0.0,0.9,1.2000000000000002,0.41212374435753585,19.200000000000003,9.200000000000001,54.61294937133789,1.5766072273254395,1.7523874044418335,2.4000000953674316,1,1.4719253778457642,29.6,17.6
1,0,0.0,0.9,1.2000000000000002,0.41212374435753585,19.200000000000003,9.200000000000001,55.11294937133789,0.0,,,0,1.4629130363464355,29.6,17.6
1,0,0.0,0.9,1.2000000000000002,0.41212374435753585,19.200000000000003,9.200000000000001,55.61294937133789,1.5588023662567139,1.7212587594985962,2.4000000953674316,1,1.454120397567749,29.6,17.6
1,0,0.0,0.9,1.2000000000000002,0.41212374435753585,19.200000000000003,9.200000000000001,56.11294937133789,1.5502240657806396,1.7059729099273682,2.4000000953674316,1,1.4455422163009644,29.6,17.6
1,0,0.0,0.9,1.2000000000000002,0.41212374435753585,19.200000000000003,9.200000000000001,56.61294937133789,1.5418553352355957,1.6908650398254395,2.4000000953674316,1,1.4371734857559204,29.6,17.6
1,0,0.0,0.9,1.2000000000000002,0.41212374435753585,19.200000000000003,9.200000000000001,57.11294937133789,1.533691167831421,1.675930142402649,2.4000000953674316,1,1.4290093183517456,29.6,17.6
1,0,0.0,0.9,1.2000000000000002,0.41212374435753585,19.200000000000003,9.200000000000001,57.61294937133789,1.5257267951965332,1.6611627340316772,2.4000000953674316,1,1.421044945716858,29.6,17.6
1,0,0.0,0.9,1.2000000000000002,0.41212374435753585,19.200000000000003,9.200000000000001,58.11294937133789,0.0,,,0,1.4132758378982544,29.6,17.6
1,0,0.0,0.9,1.2000000000000002,0.41212374435753585,19.200000000000003,9.200000000000001,58.61294937133789,1.5103797912597656,1.632110834121704,2.4000000953674316,1,1.4056978225708008,29.6,17.6
1,0,0.0,0.9,1.2000000000000002,0.41212374435753585,19.200000000000003,9.200000000000001,59.11294937133789,1.502988338470459,1.6178168058395386,2.4000000953674316,1,1.3983064889907837,29.6,17.6
1,0,0.0,0.9,1.2000000000000002,0.41212374435753585,19.200000000000003,9.200000000000001,59.61294937133789,0.0,,,0,1.391097903251648,29.6,17.6
1,0,0.0,0.9,1.2000000000000002,0.41212374435753585,19.200000000000003,9.200000000000001,60.11294937133789,0.0,,,0,1.3840680122375488,29.6,17.6
1,0,0.0,0.9,1.2000000000000002,0.41212374435753585,19.200000000000003,9.200000000000001,60.61294937133789,1.4818952083587646,1.5758079290390015,2.4000000953674316,1,1.3772132396697998,29.6,17.6
1,0,0.0,0.9,1.2000000000000002,0.41212374435753585,19.200000000000003,9.200000000000001,61.11294937133789,1.4752118587493896,1.5620816946029663,2.4000000953674316,1,1.3705298900604248,29.6,17.6
1,0,0.0,0.9,1.2000000000000002,0.41212374435753585,19.200000000000003,9.200000000000001,61.61294937133789,1.4686963558197021,1.5484870672225952,2.4000000953674316,1,1.3640145063400269,29.6,17.6
1,0,0.0,0.9,1.2000000000000002,0.41212374435753585,19.200000000000003,9.200000000000001,62.11294937133789,1.4623456001281738,1.5350199937820435,2.4000000953674316,1,1.357663631439209,29.6,17.6
1,0,0.0,0.9,1.2000000000000002,0.41212374435753585,19.200000000000003,9.200000000000001,62.61294937133789,1.4561560153961182,1.521676778793335,2.4000000953674316,1,1.3514740467071533,29.6,17.6
1,0,0.0,0.9,1.2000000000000002,0.41212374435753585,19.200000000000003,9.200000000000001,63.11294937133789,0.0,,,0,1.3454426527023315,29.6,17.6
1,0,0.0,0.9,1.2000000000000002,0.41212374435753585,19.200000000000003,9.200000000000001,63.61294937133789,1.4442484378814697,1.4953471422195435,2.4000000953674316,1,1.3395664691925049,29.6,17.6
1,0,0.0,0.9,1.2000000000000002,0.41212374435753585,19.200000000000003,9.200000000000001,64.11295318603516,1.4385242462158203,1.4823535680770874,2.4000000953674316,1,1.333842396736145,29.6,17.6
1,0,0.0,0.9,1.2000000000000002,0.41212374435753585,19.200000000000003,9.200000000000001,64.61295318603516,1.4329497814178467,1.4694695472717285,2.4000000953674316,1,1.3282678127288818,29.6,17.6
1,0,0.0,0.9,1.2000000000000002,0.41212374435753585,19.200000000000003,9.200000000000001,65.11295318603516,0.0,,,0,1.3228399753570557,29.6,17.6
1,0,0.0,0.9,1.2000000000000002,0.41212374435753585,19.200000000000003,9.200000000000001,65.61295318603516,1.4222381114959717,1.4440170526504517,2.4000000953674316,1,1.3175562620162964,29.6,17.6
1,0,0.0,0.9,1.2000000000000002,0.41212374435753585,19.200000000000003,9.200000000000001,66.11295318603516,1.4170961380004883,1.431442379951477,2.4000000953674316,1,1.3124141693115234,29.6,17.6
1,0,0.0,0.9,1.2000000000000002,0.41212374435753585,19.200000000000003,9.200000000000001,66.61295318603516,1.412093162536621,1.4189643859863281,2.4000000953674316,1,1.3074111938476562,29.6,17.6
1,0,0.0,0.9,1.2000000000000002,0.41212374435753585,19.200000000000003,9.200000000000001,67.11295318603516,1.4072270393371582,1.4065802097320557,2.4000000953674316,1,1.3025450706481934,29.6,17.6
1,0,0.0,0.9,1.2000000000000002,0.41212374435753585,19.200000000000003,9.200000000000001,67.61295318603516,1.4024953842163086,1.3942869901657104,2.4000000953674316,1,1.2978134155273438,29.6,17.6
1,0,0.0,0.9,1.2000000000000002,0.41212374435753585,19.200000000000003,9.200000000000001,68.11295318603516,1.3978960514068604,1.3820818662643433,2.4000000953674316,1,1.293214201927185,29.6,17.6
1,0,0.0,0.9,1.2000000000000002,0.41212374435753585,19.200000000000003,9.200000000000001,68.61295318603516,1.3934271335601807,1.3699619770050049,2.4000000953674316,1,1.2887452840805054,29.6,17.6
1,0,0.0,0.9,1.2000000000000002,0.41212374435753585,19.200000000000003,9.200000000000001,69.11295318603516,0.0,,,0,1.2844045162200928,29.6,17.6
1,0,0.0,0.9,1.2000000000000002,0.41212374435753585,19.200000000000003,9.200000000000001,69.61295318603516,0.0,,,0,1.280190110206604,29.6,17.6
1,0,0.0,0.9,1.2000000000000002,0.41212374435753585,19.200000000000003,9.200000000000001,70.11295318603516,1.380782127380371,1.3340871334075928,2.4000000953674316,1,1.2761001586914062,29.6,17.6
1,0,0.0,0.9,1.2000000000000002,0.41212374435753585,19.200000000000003,9.200000000000001,70.61295318603516,1.376814842224121,1.322281837463379,2.4000000953674316,1,1.2721328735351562,29.6,17.6
1,0,0.0,0.9,1.2000000000000002,0.41212374435753585,19.200000000000003,9.200000000000001,71.11295318603516,1.3729681968688965,1.3105487823486328,2.4000000953674316,1,1.2682863473892212,29.6,17.6
1,0,0.0,0.9,1.2000000000000002,0.41212374435753585,19.200000000000003,9.200000000000001,71.61295318603516,0.0,,,0,1.2645591497421265,29.6,17.6
1,0,0.0,0.9,1.2000000000000002,0.41212374435753585,19.200000000000003,9.200000000000001,72.11295318603516,1.365631341934204,1.2872898578643799,2.4000000953674316,1,1.2609494924545288,29.6,17.6
1,0,0.0,0.9,1.2000000000000002,0.41212374435753585,19.200000000000003,9.200000000000001,72.61295318603516,1.362137794494629,1.2757593393325806,2.4000000953674316,1,1.257455825805664,29.6,17.6
1,0,0.0,0.9,1.2000000000000002,0.41212374435753585,19.200000000000003,9.200000000000001,73.11295318603516,1.3587586879730225,1.2642916440963745,2.4000000953674316,1,1.2540767192840576,29.6,17.6
1,0,0.0,0.9,1.2000000000000002,0.41212374435753585,19.200000000000003,9.200000000000001,73.61295318603516,1.3554925918579102,1.2528845071792603,2.4000000953674316,1,1.2508107423782349,29.6,17.6
1,0,0.0,0.9,1.2000000000000002,0.41212374435753585,19.200000000000003,9.200000000000001,74.11295318603516,1.3523383140563965,1.2415357828140259,2.4000000953674316,1,1.2476564645767212,29.6,17.6
1,0,0.0,0.9,1.2000000000000002,0.41212374435753585,19.200000000000003,9.200000000000001,74.61295318603516,1.349294662475586,1.23024320602417,2.4000000953674316,1,1.244612693786621,29.6,17.6
1,0,0.0,0.9,1.2000000000000002,0.41212374435753585,19.200000000000003,9.200000000000001,75.11295318603516,1.3463599681854248,1.2190048694610596,2.4000000953674316,1,1.24167799949646,29.6,17.6
1,0,0.0,0.9,1.2000000000000002,0.41212374435753585,19.200000000000003,9.200000000000001,75.61295318603516,1.3435330390930176,1.2078185081481934,2.4000000953674316,1,1.2388511896133423,29.6,17.6
1,0,0.0,0.9,1.2000000000000002,0.41212374435753585,19.200000000000003,9.200000000000001,76.11295318603516,1.340813159942627,1.196682095527649,2.4000000953674316,1,1.236131191253662,29.6,17.6
1,0,0.0,0.9,1.2000000000000002,0.41212374435753585,19.200000000000003,9.200000000000001,76.61295318603516,0.0,,,0,1.233516812324524,29.6,17.6
1,0,0.0,0.9,1.2000000000000002,0.41212374435753585,19.200000000000003,9.200000000000001,77.11295318603516,1.3356890678405762,1.174551248550415,2.4000000953674316,1,1.2310070991516113,29.6,17.6
1,0,0.0,0.9,1.2000000000000002,0.41212374435753585,19.200000000000003,9.200000000000001,77.61295318603516,1.333282709121704,1.1635527610778809,2.4000000953674316,1,1.2286008596420288,29.6,17.6
1,0,0.0,0.9,1.2000000000000002,0.41212374435753585,19.200000000000003,9.200000000000001,78.11295318603516,1.3309791088104248,1.152596354484558,2.4000000953674316,1,1.2262972593307495,29.6,17.6
1,0,0.0,0.9,1.2000000000000002,0.41212374435753585,19.200000000000003,9.200000000000001,78.61295318603516,1.3287773132324219,1.141680121421814,2.4000000953674316,1,1.224095344543457,29.6,17.6
1,0,0.0,0.9,1.2000000000000002,0.41212374435753585,19.200000000000003,9.200000000000001,79.11295318603516,1.3266761302947998,1.1308022737503052,2.4000000953674316,1,1.221994161605835,29.6,17.6
1,0,0.0,0.9,1.2000000000000002,0.41212374435753585,19.200000000000003,9.200000000000001,79.61295318603516,1.3246748447418213,1.1199607849121094,2.4000000953674316,1,1.219992995262146,29.6,17.6
1,0,0.0,0.9,1.2000000000000002,0.41212374435753585,19.200000000000003,9.200000000000001,80.11295318603516,1.322772741317749,1.1091539859771729,2.4000000953674316,1,1.2180908918380737,29.6,17.6
1,0,0.0,0.9,1.2000000000000002,0.41212374435753585,19.200000000000003,9.200000000000001,80.61295318603516,1.3209691047668457,1.0983800888061523,2.4000000953674316,1,1.2162872552871704,29.6,17.6
1,0,0.0,0.9,1.2000000000000002,0.41212374435753585,19.200000000000003,9.200000000000001,81.11295318603516,0.0,,,0,1.2145812511444092,29.6,17.6
1,0,0.0,0.9,1.2000000000000002,0.41212374435753585,19.200000000000003,9.200000000000001,81.61295318603516,1.3176541328430176,1.0769233703613281,2.4000000953674316,1,1.2129722833633423,29.6,17.6
1,0,0.0,0.9,1.2000000000000002,0.41212374435753585,19.200000000000003,9.200000000000001,82.11295318603516,1.3161416053771973,1.0662373304367065,2.4000000953674316,1,1.211459755897522,29.6,17.6
1,0,0.0,0.9,1.2000000000000002,0.41212374435753585,19.200000000000003,9.200000000000001,82.61295318603516,0.0,,,0,1.2100430727005005,29.6,17.6
1,0,0.0,0.9,1.2000000000000002,0.41212374435753585,19.200000000000003,9.200000000000001,83.11295318603516,1.3134033679962158,1.044940710067749,2.4000000953674316,1,1.2087215185165405,29.6,17.6
1,0,0.0,0.9,1.2000000000000002,0.41212374435753585,19.200000000000003,9.200000000000001,83.61295318603516,1.3121767044067383,1.0343269109725952,2.4000000953674316,1,1.207494854927063,29.6,17.6
1,0,0.0,0.9,1.2000000000000002,0.41212374435753585,19.200000000000003,9.200000000000001,84.11295318603516,1.3110442161560059,1.0237338542938232,2.4000000953674316,1,1.2063623666763306,29.6,17.6
1,0,0.0,0.9,1.2000000000000002,0.41212374435753585,19.200000000000003,9.200000000000001,84.61295318603516,0.0,,,0,1.2053236961364746,29.6,17.6
1,0,0.0,0.9,1.2000000000000002,0.41212374435753585,19.200000000000003,9.200000000000001,85.11295318603516,0.0,,,0,1.204378366470337,29.6,17.6
1,0,0.0,0.9,1.2000000000000002,0.41212374435753585,19.200000000000003,9.200000000000001,85.61295318603516,1.3082082271575928,0.9920620918273926,2.4000000953674316,1,1.203526258468628,29.6,17.6
1,0,0.0,0.9,1.2000000000000002,0.41212374435753585,19.200000000000003,9.200000000000001,86.11295318603516,0.0,,,0,1.2027667760849,29.6,17.6
1,0,0.0,0.9,1.2000000000000002,0.41212374435753585,19.200000000000003,9.200000000000001,86.61295318603516,1.3067817687988281,0.9710209369659424,2.4000000953674316,1,1.2020998001098633,29.6,17.6
1,0,0.0,0.9,1.2000000000000002,0.41212374435753585,19.200000000000003,9.200000000000001,87.11295318603516,0.0,,,0,1.2015249729156494,29.6,17.6
1,0,0.0,0.9,1.2000000000000002,0.41212374435753585,19.200000000000003,9.200000000000001,87.61295318603516,1.3057241439819336,0.9500231742858887,2.4000000953674316,1,1.2010421752929688,29.6,17.6
1,0,0.0,0.9,1.2000000000000002,0.41212374435753585,19.200000000000003,9.200000000000001,88.11295318603516,1.305333137512207,0.9395365715026855,2.4000000953674316,1,1.2006511688232422,29.6,17.6
1,0,0.0,0.9,1.2000000000000002,0.41212374435753585,19.200000000000003,9.200000000000001,88.61295318603516,1.3050336837768555,0.92905592918396,2.4000000953674316,1,1.2003517150878906,29.6,17.6
1,0,0.0,0.9,1.2000000000000002,0.41212374435753585,19.200000000000003,9.200000000000001,89.11295318603516,0.0,,,0,1.200143814086914,29.6,17.6
1,0,0.0,0.9,1.2000000000000002,0.41212374435753585,19.200000000000003,9.200000000000001,89.61295318603516,1.3047091960906982,0.9081064462661743,2.4000000953674316,1,1.200027346611023,29.6,17.6
1,0,0.0,0.9,1.2000000000000002,0.41212374435753585,19.200000000000003,9.200000000000001,90.11295318603516,0.0,,,0,1.2000023126602173,29.6,17.6
1,0,0.0,0.9,1.2000000000000002,0.41212374435753585,19.200000000000003,9.200000000000001,90.61295318603516,1.304750680923462,0.887161910533905,2.4000000953674316,1,1.200068712234497,29.6,17.6
1,0,0.0,0.9,1.2000000000000002,0.41212374435753585,19.200000000000003,9.200000000000001,91.11295318603516,1.304908275604248,0.8766874670982361,2.4000000953674316,1,1.2002264261245728,29.6,17.6
1,0,0.0,0.9,1.2000000000000002,0.41212374435753585,19.200000000000003,9.200000000000001,91.61295318603516,1.3051576614379883,0.8662095069885254,2.4000000953674316,1,1.2004756927490234,29.6,17.6
1,0,0.0,0.9,1.2000000000000002,0.41212374435753585,19.200000000000003,9.200000000000001,92.11295318603516,1.3054983615875244,0.8557263612747192,2.4000000953674316,1,1.2008165121078491,29.6,17.6
1,0,0.0,0.9,1.2000000000000002,0.41212374435753585,19.200000000000003,9.200000000000001,92.61295318603516,1.3059308528900146,0.8452364802360535,2.4000000953674316,1,1.2012490034103394,29.6,17.6
1,0,0.0,0.9,1.2000000000000002,0.41212374435753585,19.200000000000003,9.200000000000001,93.11295318603516,0.0,,,0,1.2017732858657837,29.6,17.6
1,0,0.0,0.9,1.2000000000000002,0.41212374435753585,19.200000000000003,9.200000000000001,93.61295318603516,1.3070716857910156,0.8242300748825073,2.4000000953674316,1,1.2023897171020508,29.6,17.6
1,0,0.0,0.9,1.2000000000000002,0.41212374435753585,19.200000000000003,9.200000000000001,94.11295318603516,0.0,,,0,1.2030984163284302,29.6,17.6
1,0,0.0,0.9,1.2000000000000002,0.41212374435753585,19.200000000000003,9.200000000000001,94.61295318603516,1.3085815906524658,0.8031772971153259,2.4000000953674316,1,1.2038997411727905,29.6,17.6
1,0,0.0,0.9,1.2000000000000002,0.41212374435753585,19.200000000000003,9.200000000000001,95.11295318603516,1.3094758987426758,0.7926294207572937,2.4000000953674316,1,1.204793930053711,29.6,17.6
1,0,0.0,0.9,1.2000000000000002,0.41212374435753585,19.200000000000003,9.200000000000001,95.61295318603516,1.3104631900787354,0.7820650935173035,2.4000000953674316,1,1.20578134059906,29.6,17.6
1,0,0.0,0.9,1.2000000000000002,0.41212374435753585,19.200000000000003,9.200000000000001,96.11295318603516,0.0,,,0,1.2068623304367065,29.6,17.6
1,0,0.0,0.9,1.2000000000000002,0.41212374435753585,19.200000000000003,9.200000000000001,96.61295318603516,1.3127193450927734,0.7608803510665894,2.4000000953674316,1,1.2080373764038086,29.6,17.6
1,0,0.0,0.9,1.2000000000000002,0.41212374435753585,19.200000000000003,9.200000000000001,97.11295318603516,1.3139886856079102,0.7502566576004028,2.4000000953674316,1,1.2093068361282349,29.6,17.6
1,0,0.0,0.9,1.2000000000000002,0.41212374435753585,19.200000000000003,9.200000000000001,97.61295318603516,1.3153531551361084,0.7396097183227539,2.4000000953674316,1,1.210671305656433,29.6,17.6
1,0,0.0,0.9,1.2000000000000002,0.41212374435753585,19.200000000000003,9.200000000000001,98.11295318603516,1.3168132305145264,0.7289379835128784,2.4000000953674316,1,1.2121312618255615,29.6,17.6
1,0,0.0,0.9,1.2000000000000002,0.41212374435753585,19.200000000000003,9.200000000000001,98.61295318603516,1.3183691501617432,0.7182396054267883,2.4000000953674316,1,1.2136873006820679,29.6,17.6
1,0,0.0,0.9,1.2000000000000002,0.41212374435753585,19.200000000000003,9.200000000000001,99.11295318603516,1.3200218677520752,0.7075129151344299,2.4000000953674316,1,1.2153400182724,29.6,17.6
1,0,0.0,0.9,1.2000000000000002,0.41212374435753585,19.200000000000003,9.200000000000001,99.61295318603516,1.3217718601226807,0.6967561841011047,2.4000000953674316,1,1.2170900106430054,29.6,17.6
1,0,0.0,0.9,1.2000000000000002,0.41212374435753585,19.200000000000003,9.200000000000001,100.11295318603516,1.3236198425292969,0.6859675645828247,2.4000000953674316,1,1.2189379930496216,29.6,17.6
1,0,0.0,0.9,1.2000000000000002,0.41212374435753585,19.200000000000003,9.200000000000001,100.61295318603516,1.3255667686462402,0.6751453280448914,2.4000000953674316,1,1.2208847999572754,29.6,17.6
1,0,0.0,0.9,1.2000000000000002,0.41212374435753585,19.200000000000003,9.200000000000001,101.11295318603516,1.3276128768920898,0.6642876863479614,2.4000000953674316,1,1.2229310274124146,29.6,17.6
1,0,0.0,0.9,1.2000000000000002,0.41212374435753585,19.200000000000003,9.200000000000001,101.61295318603516,1.3297595977783203,0.6533926725387573,2.4000000953674316,1,1.2250776290893555,29.6,17.6
1,0,0.0,0.9,1.2000000000000002,0.41212374435753585,19.200000000000003,9.200000000000001,102.11295318603516,1.3320074081420898,0.6424585580825806,2.4000000953674316,1,1.227325439453125,29.6,17.6
1,0,0.0,0.9,1.2000000000000002,0.41212374435753585,19.200000000000003,9.200000000000001,102.61295318603516,1.3343570232391357,0.6314833760261536,2.4000000953674316,1,1.2296751737594604,29.6,17.6
1,0,0.0,0.9,1.2000000000000002,0.41212374435753585,19.200000000000003,9.200000000000001,103.11295318603516,1.3368101119995117,0.6204652786254883,2.4000000953674316,1,1.2321281433105469,29.6,17.6
1,0,0.0,0.9,1.2000000000000002,0.41212374435753585,19.200000000000003,9.200000000000001,103.61295318603516,1.3393669128417969,0.6094022989273071,2.4000000953674316,1,1.234684944152832,29.6,17.6
1,0,0.0,0.9,1.2000000000000002,0.41212374435753585,19.200000000000003,9.200000000000001,104.11295318603516,1.3420288562774658,0.5982924699783325,2.4000000953674316,1,1.237346887588501,29.6,17.6
1,0,0.0,0.9,1.2000000000000002,0.41212374435753585,19.200000000000003,9.200000000000001,104.61295318603516,1.344796895980835,0.5871337652206421,2.4000000953674316,1,1.2401150465011597,29.6,17.6
1,0,0.0,0.9,1.2000000000000002,0.41212374435753585,19.200000000000003,9.200000000000001,105.11295318603516,1.3476722240447998,0.5759241580963135,2.4000000953674316,1,1.2429903745651245,29.6,17.6
1,0,0.0,0.9,1.2000000000000002,0.41212374435753585,19.200000000000003,9.200000000000001,105.61295318603516,1.350656270980835,0.5646615624427795,2.4000000953674316,1,1.2459743022918701,29.6,17.6
1,0,0.0,0.9,1.2000000000000002,0.41212374435753585,19.200000000000003,9.200000000000001,106.11295318603516,0.0,,,0,1.249067783355713,29.6,17.6
1,0,0.0,0.9,1.2000000000000002,0.41212374435753585,19.200000000000003,9.200000000000001,106.61295318603516,1.3569543361663818,0.5419690608978271,2.4000000953674316,1,1.252272367477417,29.6,17.6
1,0,0.0,0.9,1.2000000000000002,0.41212374435753585,19.200000000000003,9.200000000000001,107.11295318603516,0.0,,,0,1.255589246749878,29.6,17.6
1,0,0.0,0.9,1.2000000000000002,0.41212374435753585,19.200000000000003,9.200000000000001,107.61295318603516,0.0,,,0,1.2590199708938599,29.6,17.6
1,0,0.0,0.9,1.2000000000000002,0.41212374435753585,19.200000000000003,9.200000000000001,108.11295318603516,1.3672478199005127,0.5074793100357056,2.4000000953674316,1,1.2625658512115479,29.6,17.6
1,0,0.0,0.9,1.2000000000000002,0.41212374435753585,19.200000000000003,9.200000000000001,108.61295318603516,1.370910406112671,0.49585339426994324,2.4000000953674316,1,1.266228437423706,29.6,17.6
1,0,0.0,0.9,1.2000000000000002,0.41212374435753585,19.200000000000003,9.200000000000001,109.11295318603516,1.3746912479400635,0.4841589331626892,2.4000000953674316,1,1.2700093984603882,29.6,17.6
1,0,0.0,0.9,1.2000000000000002,0.41212374435753585,19.200000000000003,9.200000000000001,109.61295318603516,1.3785922527313232,0.47239354252815247,2.4000000953674316,1,1.2739102840423584,29.6,17.6
1,0,0.0,0.9,1.2000000000000002,0.41212374435753585,19.200000000000003,9.200000000000001,110.11295318603516,1.3826146125793457,0.46055474877357483,2.4000000953674316,1,1.2779327630996704,29.6,17.6
1,0,0.0,0.9,1.2000000000000002,0.41212374435753585,19.200000000000003,9.200000000000001,110.61295318603516,1.3867607116699219,0.44864004850387573,2.4000000953674316,1,1.282078742980957,29.6,17.6
1,0,0.0,0.9,1.2000000000000002,0.41212374435753585,19.200000000000003,9.200000000000001,111.11295318603516,1.3910317420959473,0.43664687871932983,2.4000000953674316,1,1.286349892616272,29.6,17.6
1,0,0.0,0.9,1.2000000000000002,0.41212374435753585,19.200000000000003,9.200000000000001,111.61295318603516,0.0,,,0,1.2907483577728271,29.6,17.6
1,0,0.0,0.9,1.2000000000000002,0.41212374435753585,19.200000000000003,9.200000000000001,112.11295318603516,1.3999578952789307,0.4124145209789276,2.4000000953674316,1,1.2952759265899658,29.6,17.6
1,0,0.0,0.9,1.2000000000000002,0.41212374435753585,19.200000000000003,9.200000000000001,112.61295318603516,1.4046165943145752,0.4001699388027191,2.4000000953674316,1,1.2999346256256104,29.6,17.6
1,0,0.0,0.9,1.2000000000000002,0.41212374435753585,19.200000000000003,9.200000000000001,113.11295318603516,1.4094085693359375,0.3878360092639923,2.4000000953674316,1,1.3047267198562622,29.6,17.6
1,0,0.0,0.9,1.2000000000000002,0.41212374435753585,19.200000000000003,9.200000000000001,113.61295318603516,1.4143364429473877,0.3754098415374756,2.4000000953674316,1,1.3096544742584229,29.6,17.6
1,0,0.0,0.9,1.2000000000000002,0.41212374435753585,19.200000000000003,9.200000000000001,114.11295318603516,1.4194018840789795,0.36288851499557495,2.4000000953674316,1,1.3147200345993042,29.6,17.6
1,0,0.0,0.9,1.2000000000000002,0.41212374435753585,19.200000000000003,9.200000000000001,114.61295318603516,1.424607753753662,0.3502689599990845,2.4000000953674316,1,1.3199257850646973,29.6,17.6
1,0,0.0,0.9,1.2000000000000002,0.41212374435753585,19.200000000000003,9.200000000000001,115.11295318603516,0.0,,,0,1.3252743482589722,29.6,17.6
1,0,0.0,0.9,1.2000000000000002,0.41212374435753585,19.200000000000003,9.200000000000001,115.61295318603516,1.4354500770568848,0.3247227966785431,2.4000000953674316,1,1.33076810836792,29.6,17.6
1,0,0.0,0.9,1.2000000000000002,0.41212374435753585,19.200000000000003,9.200000000000001,116.11295318603516,0.0,,,0,1.3364099264144897,29.6,17.6
1,0,0.0,0.9,1.2000000000000002,0.41212374435753585,19.200000000000003,9.200000000000001,116.61295318603516,0.0,,,0,1.3422023057937622,29.6,17.6
1,0,0.0,0.9,1.2000000000000002,0.41212374435753585,19.200000000000003,9.200000000000001,117.11295318603516,1.4528300762176514,0.2855866551399231,2.4000000953674316,1,1.348148226737976,29.6,17.6
1,0,0.0,0.9,1.2000000000000002,0.41212374435753585,19.200000000000003,9.200000000000001,117.61295318603516,1.458932638168335,0.2723097503185272,2.4000000953674316,1,1.3542507886886597,29.6,17.6
1,0,0.0,0.9,1.2000000000000002,0.41212374435753585,19.200000000000003,9.200000000000001,118.11295318603516,1.4651947021484375,0.25891104340553284,2.4000000953674316,1,1.3605127334594727,29.6,17.6
1,0,0.0,0.9,1.2000000000000002,0.41212374435753585,19.200000000000003,9.200000000000001,118.61295318603516,1.4716196060180664,0.24538683891296387,2.4000000953674316,1,1.3669376373291016,29.6,17.6
1,0,0.0,0.9,1.2000000000000002,0.41212374435753585,19.200000000000003,9.200000000000001,119.11295318603516,0.0,,,0,1.3735284805297852,29.6,17.6
1,0,0.0,0.9,1.2000000000000002,0.41212374435753585,19.200000000000003,9.200000000000001,119.61295318603516,1.4849708080291748,0.21794629096984863,2.4000000953674316,1,1.38028883934021,29.6,17.6
1,0,0.0,0.9,1.2000000000000002,0.41212374435753585,19.200000000000003,9.200000000000001,120.11295318603516,1.4919042587280273,0.2040218859910965,2.4000000953674316,1,1.3872222900390625,29.6,17.6
1,0,0.0,0.9,1.2000000000000002,0.41212374435753585,19.200000000000003,9.200000000000001,120.61295318603516,1.4990143775939941,0.18995581567287445,2.4000000953674316,1,1.3943324089050293,29.6,17.6
1,0,0.0,0.9,1.2000000000000002,0.41212374435753585,19.200000000000003,9.200000000000001,121.11295318603516,1.5063049793243408,0.1757437139749527,2.4000000953674316,1,1.401623010635376,29.6,17.6
1,0,0.0,0.9,1.2000000000000002,0.41212374435753585,19.200000000000003,9.200000000000001,121.61295318603516,0.0,,,0,1.4090982675552368,29.6,17.6
1,0,0.0,0.9,1.2000000000000002,0.41212374435753585,19.200000000000003,9.200000000000001,122.11295318603516,1.5214440822601318,0.14686338603496552,2.4000000953674316,1,1.416762113571167,29.6,17.6
1,0,0.0,0.9,1.2000000000000002,0.41212374435753585,19.200000000000003,9.200000000000001,122.61295318603516,0.0,,,0,1.4246188402175903,29.6,17.6
1,0,0.0,0.9,1.2000000000000002,0.41212374435753585,19.200000000000003,9.200000000000001,123.11295318603516,1.5373547077178955,0.11734326183795929,2.4000000953674316,1,1.4326728582382202,29.6,17.6
1,0,0.0,0.9,1.2000000000000002,0.41212374435753585,19.200000000000003,9.200000000000001,123.61295318603516,1.5456109046936035,0.10233086347579956,2.4000000953674316,1,1.4409289360046387,29.6,17.6
1,0,0.0,0.9,1.2000000000000002,0.41212374435753585,19.200000000000003,9.200000000000001,124.11295318603516,0.0,,,0,1.4493916034698486,29.6,17.6
1,0,0.0,0.9,1.2000000000000002,0.41212374435753585,19.200000000000003,9.200000000000001,124.61295318603516,1.5627479553222656,0.07177504897117615,2.4000000953674316,1,1.4580659866333008,29.6,17.6
1,0,0.0,0.9,1.2000000000000002,0.41212374435753585,19.200000000000003,9.200000000000001,125.11295318603516,1.5716392993927002,0.05622057989239693,2.4000000953674316,1,1.4669573307037354,29.6,17.6
1,0,0.0,0.9,1.2000000000000002,0.41212374435753585,19.200000000000003,9.200000000000001,125.61295318603516,0.0,,,0,1.476070761680603,29.6,17.6
1,0,0.0,0.9,1.2000000000000002,0.41212374435753585,19.200000000000003,9.200000000000001,126.11295318603516,0.0,,,0,1.4854120016098022,29.6,17.6
1,0,0.0,0.9,1.2000000000000002,0.41212374435753585,19.200000000000003,9.200000000000001,126.61295318603516,1.5996687412261963,0.008380422368645668,2.4000000953674316,1,1.4949867725372314,29.6,17.6
1,0,0.0,0.9,1.2000000000000002,0.41212374435753585,19.200000000000003,9.200000000000001,127.11295318603516,1.609483003616333,-0.007979343645274639,2.4000000953674316,1,1.5048011541366577,29.6,17.6
1,0,0.0,0.9,1.2000000000000002,0.41212374435753585,19.200000000000003,9.200000000000001,127.61295318603516,1.6195433139801025,-0.0245565976947546,2.4000000953674316,1,1.5148613452911377,29.6,17.6
1,0,0.0,0.9,1.2000000000000002,0.41212374435753585,19.200000000000003,9.200000000000001,128.11294555664062,1.6298558712005615,-0.041358284652233124,2.4000000953674316,1,1.5251739025115967,29.6,17.6
1,0,0.0,0.9,1.2000000000000002,0.41212374435753585,19.200000000000003,9.200000000000001,128.61294555664062,1.640427589416504,-0.05839160084724426,2.4000000953674316,1,1.535745620727539,29.6,17.6
1,0,0.0,0.9,1.2000000000000002,0.41212374435753585,19.200000000000003,9.200000000000001,129.11294555664062,1.6512653827667236,-0.07566402107477188,2.4000000953674316,1,1.5465834140777588,29.6,17.6
1,0,0.0,0.9,1.2000000000000002,0.41212374435753585,19.200000000000003,9.200000000000001,129.61294555664062,1.6623766422271729,-0.09318330883979797,2.4000000953674316,1,1.5576947927474976,29.6,17.6
1,0,0.0,0.9,1.2000000000000002,0.41212374435753585,19.200000000000003,9.200000000000001,130.11294555664062,1.673769235610962,-0.11095751076936722,2.4000000953674316,1,1.5690873861312866,29.6,17.6
1,0,0.0,0.9,1.2000000000000002,0.41212374435753585,19.200000000000003,9.200000000000001,130.61294555664062,1.6854510307312012,-0.12899500131607056,2.4000000953674316,1,1.5807690620422363,29.6,17.6
1,0,0.0,0.9,1.2000000000000002,0.41212374435753585,19.200000000000003,9.200000000000001,131.11294555664062,1.69743013381958,-0.1473044902086258,2.4000000953674316,1,1.5927481651306152,29.6,17.6
1,0,0.0,0.9,1.2000000000000002,0.41212374435753585,19.200000000000003,9.200000000000001,131.61294555664062,1.7097153663635254,-0.165895015001297,2.4000000953674316,1,1.6050333976745605,29.6,17.6
1,0,0.0,0.9,1.2000000000000002,0.41212374435753585,19.200000000000003,9.200000000000001,132.11294555664062,0.0,,,0,1.6176338195800781,29.6,17.6
1,0,0.0,0.9,1.2000000000000002,0.41212374435753585,19.200000000000003,9.200000000000001,132.61294555664062,1.7352406978607178,-0.20395727455615997,2.4000000953674316,1,1.630558729171753,29.6,17.6
1,0,0.0,0.9,1.2000000000000002,0.41212374435753585,19.200000000000003,9.200000000000001,133.11294555664062,1.748499870300293,-0.22344902157783508,2.4000000953674316,1,1.6438180208206177,29.6,17.6
1,0,0.0,0.9,1.2000000000000002,0.41212374435753585,19.200000000000003,9.200000000000001,133.61294555664062,1.7621040344238281,-0.2432619035243988,2.4000000953674316,1,1.6574220657348633,29.6,17.6
1,0,0.0,0.9,1.2000000000000002,0.41212374435753585,19.200000000000003,9.200000000000001,134.11294555664062,1.7760632038116455,-0.26340699195861816,2.4000000953674316,1,1.6713813543319702,29.6,17.6
1,0,0.0,0.9,1.2000000000000002,0.41212374435753585,19.200000000000003,9.200000000000001,134.61294555664062,0.0,,,0,1.685707449913025,29.6,17.6
1,0,0.0,0.9,1.2000000000000002,0.41212374435753585,19.200000000000003,9.200000000000001,135.11294555664062,1.80509352684021,-0.30474063754081726,2.4000000953674316,1,1.7004116773605347,29.6,17.6
1,0,0.0,0.9,1.2000000000000002,0.41212374435753585,19.200000000000003,9.200000000000001,135.61294555664062,1.8201885223388672,-0.325953871011734,2.4000000953674316,1,1.7155065536499023,29.6,17.6
1,0,0.0,0.9,1.2000000000000002,0.41212374435753585,19.200000000000003,9.200000000000001,136.11294555664062,0.0,,,0,1.7310049533843994,29.6,17.6
1,0,0.0,0.9,1.2000000000000002,0.41212374435753585,19.200000000000003,9.200000000000001,136.61294555664062,1.8516018390655518,-0.36953914165496826,2.4000000953674316,1,1.7469199895858765,29.6,17.6
1,0,0.0,0.9,1.2000000000000002,0.41212374435753585,19.200000000000003,9.200000000000001,137.11294555664062,1.867948055267334,-0.39193931221961975,2.4000000953674316,1,1.7632660865783691,29.6,17.6
1,0,0.0,0.9,1.2000000000000002,0.41212374435753585,19.200000000000003,9.200000000000001,137.61294555664062,0.0,,,0,1.780057668685913,29.6,17.6
1,0,0.0,0.9,1.2000000000000002,0.41212374435753585,19.200000000000003,9.200000000000001,138.11294555664062,0.0,,,0,1.797310471534729,29.6,17.6
1,0,0.0,0.9,1.2000000000000002,0.41212374435753585,19.200000000000003,9.200000000000001,138.61294555664062,1.919722318649292,-0.4617532193660736,2.4000000953674316,1,1.8150404691696167,29.6,17.6
1,0,0.0,0.9,1.2000000000000002,0.41212374435753585,19.200000000000003,9.200000000000001,139.11294555664062,1.9379465579986572,-0.4859507977962494,2.4000000953674316,1,1.833264708518982,29.6,17.6
1,0,0.0,0.9,1.2000000000000002,0.41212374435753585,19.200000000000003,9.200000000000001,139.61294555664062,1.9566831588745117,-0.5106411576271057,2.4000000953674316,1,1.8520011901855469,29.6,17.6
1,0,0.0,0.9,1.2000000000000002,0.41212374435753585,19.200000000000003,9.200000000000001,140.11294555664062,1.9759504795074463,-0.5358433127403259,2.4000000953674316,1,1.8712685108184814,29.6,17.6
1,0,0.0,0.9,1.2000000000000002,0.41212374435753585,19.200000000000003,9.200000000000001,140.61294555664062,1.9957685470581055,-0.5615773797035217,2.4000000953674316,1,1.8910865783691406,29.6,17.6
1,0,0.0,0.9,1.2000000000000002,0.41212374435753585,19.200000000000003,9.200000000000001,141.11294555664062,2.016157865524292,-0.587864339351654,2.4000000953674316,1,1.9114760160446167,29.6,17.6
1,0,0.0,0.9,1.2000000000000002,0.41212374435753585,19.200000000000003,9.200000000000001,141.61294555664062,2.0371406078338623,-0.6147264242172241,2.4000000953674316,1,1.9324586391448975,29.6,17.6
1,0,0.0,0.9,1.2000000000000002,0.41212374435753585,19.200000000000003,9.200000000000001,142.11294555664062,2.058739423751831,-0.6421869397163391,2.4000000953674316,1,1.9540574550628662,29.6,17.6
1,0,0.0,0.9,1.2000000000000002,0.41212374435753585,19.200000000000003,9.200000000000001,142.61294555664062,2.0809786319732666,-0.6702703237533569,2.4000000953674316,1,1.9762967824935913,29.6,17.6
1,0,0.0,0.9,1.2000000000000002,0.41212374435753585,19.200000000000003,9.200000000000001,143.11294555664062,2.103883981704712,-0.6990025639533997,2.4000000953674316,1,1.9992021322250366,29.6,17.6
1,0,0.0,0.9,1.2000000000000002,0.41212374435753585,19.200000000000003,9.200000000000001,143.61294555664062,0.0,,,0,2.0228004455566406,29.6,17.6
1,0,0.0,0.9,1.2000000000000002,0.41212374435753585,19.200000000000003,9.200000000000001,144.11294555664062,2.1518025398254395,-0.7585241198539734,2.4000000953674316,1,2.0471205711364746,29.6,17.6
1,0,0.0,0.9,1.2000000000000002,0.41212374435753585,19.200000000000003,9.200000000000001,144.61294555664062,2.1768739223480225,-0.7893726229667664,2.4000000953674316,1,2.0721919536590576,29.6,17.6
1,0,0.0,0.9,1.2000000000000002,0.41212374435753585,19.200000000000003,9.200000000000001,145.11294555664062,2.2027289867401123,-0.8209885358810425,2.4000000953674316,1,2.0980470180511475,29.6,17.6
1,0,0.0,0.9,1.2000000000000002,0.41212374435753585,19.200000000000003,9.200000000000001,145.61294555664062,2.2294013500213623,-0.8534058928489685,2.4000000953674316,1,2.1247193813323975,29.6,17.6
1,0,0.0,0.9,1.2000000000000002,0.41212374435753585,19.200000000000003,9.200000000000001,146.11294555664062,2.2569265365600586,-0.886660635471344,2.4000000953674316,1,2.1522445678710938,29.6,17.6
1,0,0.0,0.9,1.2000000000000002,0.41212374435753585,19.200000000000003,9.200000000000001,146.61294555664062,2.2853424549102783,-0.92079097032547,2.4000000953674316,1,2.1806604862213135,29.6,17.6
1,0,0.0,0.9,1.2000000000000002,0.41212374435753585,19.200000000000003,9.200000000000001,147.11294555664062,2.3146891593933105,-0.9558372497558594,2.4000000953674316,1,2.2100071907043457,29.6,17.6
1,0,0.0,0.9,1.2000000000000002,0.41212374435753585,19.200000000000003,9.200000000000001,147.61294555664062,2.3450095653533936,-0.99184250831604,2.4000000953674316,1,2.2403275966644287,29.6,17.6
1,0,0.0,0.9,1.2000000000000002,0.41212374435753585,19.200000000000003,9.200000000000001,148.11294555664062,2.3763489723205566,-1.0288523435592651,2.4000000953674316,1,2.271667003631592,29.6,17.6
1,0,0.0,0.9,1.2000000000000002,0.41212374435753585,19.200000000000003,9.200000000000001,148.61294555664062,2.4087555408477783,-1.0669152736663818,2.4000000953674316,1,2.3040735721588135,29.6,17.6
1,0,0.0,0.9,1.2000000000000002,0.41212374435753585,19.200000000000003,9.200000000000001,149.11294555664062,2.4422807693481445,-1.106082797050476,2.4000000953674316,1,2.3375988006591797,29.6,17.6
1,0,0.0,0.9,1.2000000000000002,0.41212374435753585,19.200000000000003,9.200000000000001,149.61294555664062,2.4769792556762695,-1.1464101076126099,2.4000000953674316,1,2.3722972869873047,29.6,17.6
1,0,0.0,0.9,1.2000000000000002,0.41212374435753585,19.200000000000003,9.200000000000001,150.11294555664062,2.5129096508026123,-1.1879559755325317,2.4000000953674316,1,2.4082276821136475,29.6,17.6
1,0,0.0,0.9,1.2000000000000002,0.41212374435753585,19.200000000000003,9.200000000000001,150.61294555664062,2.5501341819763184,-1.2307829856872559,2.4000000953674316,1,2.4454522132873535,29.6,17.6
1,0,0.0,0.9,1.2000000000000002,0.41212374435753585,19.200000000000003,9.200000000000001,151.11294555664062,2.588719606399536,-1.2749581336975098,2.4000000953674316,1,2.4840376377105713,29.6,17.6
1,0,0.0,0.9,1.2000000000000002,0.41212374435753585,19.200000000000003,9.200000000000001,151.61294555664062,2.628737449645996,-1.320553183555603,2.4000000953674316,1,2.5240554809570312,29.6,17.6
1,0,0.0,0.9,1.2000000000000002,0.41212374435753585,19.200000000000003,9.200000000000001,152.11294555664062,2.670264482498169,-1.3676449060440063,2.4000000953674316,1,2.565582513809204,29.6,17.6
1,0,0.0,0.9,1.2000000000000002,0.41212374435753585,19.200000000000003,9.200000000000001,152.61294555664062,2.7133827209472656,-1.416316032409668,2.4000000953674316,1,2.608700752258301,29.6,17.6
1,0,0.0,0.9,1.2000000000000002,0.41212374435753585,19.200000000000003,9.200000000000001,153.11294555664062,2.758180618286133,-1.466654896736145,2.4000000953674316,1,2.653498649597168,29.6,17.6
1,0,0.0,0.9,1.2000000000000002,0.41212374435753585,19.200000000000003,9.200000000000001,153.61294555664062,2.804753303527832,-1.5187569856643677,2.4000000953674316,1,2.700071334838867,29.6,17.6
1,0,0.0,0.9,1.2000000000000002,0.41212374435753585,19.200000000000003,9.200000000000001,154.11294555664062,2.853203058242798,-1.5727248191833496,2.4000000953674316,1,2.748521089553833,29.6,17.6
1,0,0.0,0.9,1.2000000000000002,0.41212374435753585,19.200000000000003,9.200000000000001,154.61294555664062,2.9036402702331543,-1.6286691427230835,2.4000000953674316,1,2.7989583015441895,29.6,17.6
1,0,0.0,0.9,1.2000000000000002,0.41212374435753585,19.200000000000003,9.200000000000001,155.11294555664062,2.9561843872070312,-1.6867096424102783,2.4000000953674316,1,2.8515024185180664,29.6,17.6
1,0,0.0,0.9,1.2000000000000002,0.41212374435753585,19.200000000000003,9.200000000000001,155.61294555664062,3.010964870452881,-1.7469755411148071,2.4000000953674316,1,2.906282901763916,29.6,17.6
1,0,0.0,0.9,1.2000000000000002,0.41212374435753585,19.200000000000003,9.200000000000001,156.11294555664062,3.0681211948394775,-1.8096072673797607,2.4000000953674316,1,2.9634392261505127,29.6,17.6
1,0,0.0,0.9,1.2000000000000002,0.41212374435753585,19.200000000000003,9.200000000000001,156.61294555664062,0.0,,,0,3.0231237411499023,29.6,17.6
1,0,0.0,0.9,1.2000000000000002,0.41212374435753585,19.200000000000003,9.200000000000001,157.11294555664062,3.190183401107788,-1.9425902366638184,2.4000000953674316,1,3.0855014324188232,29.6,17.6
1,0,0.0,0.9,1.2000000000000002,0.41212374435753585,19.200000000000003,9.200000000000001,157.61294555664062,3.255434513092041,-2.01328706741333,2.4000000953674316,1,3.150752544403076,29.6,17.6
1,0,0.0,0.9,1.2000000000000002,0.41212374435753585,19.200000000000003,9.200000000000001,158.11294555664062,0.0,,,0,3.21907377243042,29.6,17.6
1,0,0.0,0.9,1.2000000000000002,0.41212374435753585,19.200000000000003,9.200000000000001,158.61294555664062,3.3953614234924316,-2.1640777587890625,2.4000000953674316,1,3.290679454803467,29.6,17.6
1,0,0.0,0.9,1.2000000000000002,0.41212374435753585,19.200000000000003,9.200000000000001,159.11294555664062,3.470487594604492,-2.244621992111206,2.4000000953674316,1,3.3658056259155273,29.6,17.6
1,0,0.0,0.9,1.2000000000000002,0.41212374435753585,19.200000000000003,9.200000000000001,159.61294555664062,3.5493927001953125,-2.3289365768432617,2.4000000953674316,1,3.4447107315063477,29.6,17.6
1,0,0.0,0.9,1.2000000000000002,0.41212374435753585,19.200000000000003,9.200000000000001,160.11294555664062,0.0,,,0,3.527678966522217,29.6,17.6
1,0,0.0,0.9,1.2000000000000002,0.41212374435753585,19.200000000000003,9.200000000000001,160.61294555664062,3.7197070121765137,-2.510044813156128,2.4000000953674316,1,3.615025043487549,29.6,17.6
1,0,0.0,0.9,1.2000000000000002,0.41212374435753585,19.200000000000003,9.200000000000001,161.11294555664062,0.0,,,0,3.7070956230163574,29.6,17.6
1,0,0.0,0.9,1.2000000000000002,0.41212374435753585,19.200000000000003,9.200000000000001,161.61294555664062,3.9089577198028564,-2.710057497024536,2.4000000953674316,1,3.8042757511138916,29.6,17.6
1,0,0.0,0.9,1.2000000000000002,0.41212374435753585,19.200000000000003,9.200000000000001,162.11294555664062,4.011675834655762,-2.8181447982788086,2.4000000953674316,1,3.906993865966797,29.6,17.6
1,0,0.0,0.9,1.2000000000000002,0.41212374435753585,19.200000000000003,9.200000000000001,162.61294555664062,4.12040901184082,-2.9322400093078613,2.4000000953674316,1,4.0157270431518555,29.6,17.6
1,0,0.0,0.9,1.2000000000000002,0.41212374435753585,19.200000000000003,9.200000000000001,163.11294555664062,0.0,,,0,4.131009578704834,29.6,17.6
1,0,0.0,0.9,1.2000000000000002,0.41212374435753585,19.200000000000003,9.200000000000001,163.61294555664062,4.358121871948242,-3.1806554794311523,2.4000000953674316,1,4.253439903259277,29.6,17.6
1,0,0.0,0.9,1.2000000000000002,0.41212374435753585,19.200000000000003,9.200000000000001,164.11294555664062,4.488374710083008,-3.3162496089935303,2.4000000953674316,1,4.383692741394043,29.6,17.6
1,0,0.0,0.9,1.2000000000000002,0.41212374435753585,19.200000000000003,9.200000000000001,164.61294555664062,4.6272125244140625,-3.4604220390319824,2.4000000953674316,1,4.522530555725098,29.6,17.6
1,0,0.0,0.9,1.2000000000000002,0.41212374435753585,19.200000000000003,9.200000000000001,165.11294555664062,0.0,,,0,4.6708173751831055,29.6,17.6
1,0,0.0,0.9,1.2000000000000002,0.41212374435753585,19.200000000000003,9.200000000000001,165.61294555664062,4.934220790863037,-3.778081178665161,2.4000000953674316,1,4.829538822174072,29.6,17.6
1,0,0.0,0.9,1.2000000000000002,0.41212374435753585,19.200000000000003,9.200000000000001,166.11294555664062,0.0,,,0,4.999820709228516,29.6,17.6
1,0,0.0,0.9,1.2000000000000002,0.41212374435753585,19.200000000000003,9.200000000000001,166.61294555664062,5.28764009475708,-4.142127990722656,2.4000000953674316,1,5.182958126068115,29.6,17.6
1,0,0.0,0.9,1.2000000000000002,0.41212374435753585,19.200000000000003,9.200000000000001,167.11294555664062,5.485129356384277,-4.34492301940918,2.4000000953674316,1,5.3804473876953125,29.6,17.6
1,0,0.0,0.9,1.2000000000000002,0.41212374435753585,19.200000000000003,9.200000000000001,167.61294555664062,5.6987080574035645,-4.5638017654418945,2.4000000953674316,1,5.5940260887146,29.6,17.6
1,0,0.0,0.9,1.2000000000000002,0.41212374435753585,19.200000000000003,9.200000000000001,168.11294555664062,5.930405616760254,-4.8007941246032715,2.4000000953674316,1,5.825723648071289,29.6,17.6
1,0,0.0,0.9,1.2000000000000002,0.41212374435753585,19.200000000000003,9.200000000000001,168.61294555664062,6.182608604431152,-5.058287620544434,2.4000000953674316,1,6.0779266357421875,29.6,17.6
1,0,0.0,0.9,1.2000000000000002,0.41212374435753585,19.200000000000003,9.200000000000001,169.11294555664062,6.458141803741455,-5.339106559753418,2.4000000953674316,1,6.35345983505249,29.6,17.6
1,0,0.0,0.9,1.2000000000000002,0.41212374435753585,19.200000000000003,9.200000000000001,169.61294555664062,6.760373592376709,-5.64661979675293,2.4000000953674316,1,6.655691623687744,29.6,17.6
1,0,0.0,0.9,1.2000000000000002,0.41212374435753585,19.200000000000003,9.200000000000001,170.11294555664062,7.09335470199585,-5.984878063201904,2.4000000953674316,1,6.988672733306885,29.6,17.6
1,0,0.0,0.9,1.2000000000000002,0.41212374435753585,19.200000000000003,9.200000000000001,170.61294555664062,7.461997985839844,-6.358794689178467,2.4000000953674316,1,7.357316017150879,29.6,17.6
1,0,0.0,0.9,1.2000000000000002,0.41212374435753585,19.200000000000003,9.200000000000001,171.11294555664062,7.8723225593566895,-6.774388790130615,2.4000000953674316,1,7.767640590667725,29.6,17.6
1,0,0.0,0.9,1.2000000000000002,0.41212374435753585,19.200000000000003,9.200000000000001,171.61294555664062,8.331782341003418,-7.239114284515381,2.4000000953674316,1,8.227100372314453,29.6,17.6
1,0,0.0,0.9,1.2000000000000002,0.41212374435753585,19.200000000000003,9.200000000000001,172.11294555664062,8.849721908569336,-7.7623162269592285,2.4000000953674316,1,8.745039939880371,29.6,17.6
1,0,0.0,0.9,1.2000000000000002,0.41212374435753585,19.200000000000003,9.200000000000001,172.61294555664062,9.43801498413086,-8.355868339538574,2.4000000953674316,1,9.333333015441895,29.6,17.6
1,0,0.0,0.9,1.2000000000000002,0.41212374435753585,19.200000000000003,9.200000000000001,173.11294555664062,10.111984252929688,-9.035094261169434,2.4000000953674316,1,10.007302284240723,29.6,17.6
1,0,0.0,0.9,1.2000000000000002,0.41212374435753585,19.200000000000003,9.200000000000001,173.61294555664062,10.891752243041992,-9.820115089416504,2.4000000953674316,1,10.787070274353027,29.6,17.6
1,0,0.0,0.9,1.2000000000000002,0.41212374435753585,19.200000000000003,9.200000000000001,174.11294555664062,11.804272651672363,-10.737887382507324,2.4000000953674316,1,11.699590682983398,29.6,17.6
1,0,0.0,0.9,1.2000000000000002,0.41212374435753585,19.200000000000003,9.200000000000001,174.61294555664062,12.0,,,0,12.0,29.6,17.6
1,0,0.0,0.9,1.2000000000000002,0.41212374435753585,19.200000000000003,9.200000000000001,175.11294555664062,12.0,,,0,12.0,29.6,17.6
1,0,0.0,0.9,1.2000000000000002,0.41212374435753585,19.200000000000003,9.200000000000001,175.61294555664062,12.0,,,0,12.0,29.6,17.6
1,0,0.0,0.9,1.2000000000000002,0.41212374435753585,19.200000000000003,9.200000000000001,176.11294555664062,12.0,,,0,12.0,29.6,17.6
1,0,0.0,0.9,1.2000000000000002,0.41212374435753585,19.200000000000003,9.200000000000001,176.61294555664062,12.0,,,0,12.0,29.6,17.6
1,0,0.0,0.9,1.2000000000000002,0.41212374435753585,19.200000000000003,9.200000000000001,177.11294555664062,12.0,,,0,12.0,29.6,17.6
1,0,0.0,0.9,1.2000000000000002,0.41212374435753585,19.200000000000003,9.200000000000001,177.61294555664062,12.0,,,0,12.0,29.6,17.6
1,0,0.0,0.9,1.2000000000000002,0.41212374435753585,19.200000000000003,9.200000000000001,178.11294555664062,12.0,,,0,12.0,29.6,17.6
1,0,0.0,0.9,1.2000000000000002,0.41212374435753585,19.200000000000003,9.200000000000001,178.61294555664062,12.0,,,0,12.0,29.6,17.6
1,0,0.0,0.9,1.2000000000000002,0.41212374435753585,19.200000000000003,9.200000000000001,179.11294555664062,12.0,,,0,12.0,29.6,17.6
1,0,0.0,0.9,1.2000000000000002,0.41212374435753585,19.200000000000003,9.200000000000001,179.61294555664062,12.0,,,0,12.0,29.6,17.6
1,0,0.0,0.9,1.2000000000000002,0.41212374435753585,19.200000000000003,9.200000000000001,180.11294555664062,12.0,,,0,12.0,29.6,17.6
1,0,0.0,0.9,1.2000000000000002,0.41212374435753585,19.200000000000003,9.200000000000001,180.61294555664062,12.0,,,0,12.0,29.6,17.6
1,0,0.0,0.9,1.2000000000000002,0.41212374435753585,19.200000000000003,9.200000000000001,181.11294555664062,12.0,,,0,12.0,29.6,17.6
1,0,0.0,0.9,1.2000000000000002,0.41212374435753585,19.200000000000003,9.200000000000001,181.61294555664062,12.0,,,0,12.0,29.6,17.6
1,0,0.0,0.9,1.2000000000000002,0.41212374435753585,19.200000000000003,9.200000000000001,182.11294555664062,12.0,,,0,12.0,29.6,17.6
1,0,0.0,0.9,1.2000000000000002,0.41212374435753585,19.200000000000003,9.200000000000001,182.61294555664062,12.0,,,0,12.0,29.6,17.6
1,0,0.0,0.9,1.2000000000000002,0.41212374435753585,19.200000000000003,9.200000000000001,183.11294555664062,12.0,,,0,12.0,29.6,17.6
1,0,0.0,0.9,1.2000000000000002,0.41212374435753585,19.200000000000003,9.200000000000001,183.61294555664062,12.0,,,0,12.0,29.6,17.6
1,0,0.0,0.9,1.2000000000000002,0.41212374435753585,19.200000000000003,9.200000000000001,184.11294555664062,12.0,,,0,12.0,29.6,17.6
1,0,0.0,0.9,1.2000000000000002,0.41212374435753585,19.200000000000003,9.200000000000001,184.61294555664062,12.0,,,0,12.0,29.6,17.6
1,0,0.0,0.9,1.2000000000000002,0.41212374435753585,19.200000000000003,9.200000000000001,185.11294555664062,12.0,,,0,12.0,29.6,17.6
1,0,0.0,0.9,1.2000000000000002,0.41212374435753585,19.200000000000003,9.200000000000001,185.61294555664062,12.0,,,0,12.0,29.6,17.6
1,0,0.0,0.9,1.2000000000000002,0.41212374435753585,19.200000000000003,9.200000000000001,186.11294555664062,12.0,,,0,12.0,29.6,17.6
1,0,0.0,0.9,1.2000000000000002,0.41212374435753585,19.200000000000003,9.200000000000001,186.61294555664062,12.0,,,0,12.0,29.6,17.6
1,0,0.0,0.9,1.2000000000000002,0.41212374435753585,19.200000000000003,9.200000000000001,187.11294555664062,12.0,,,0,12.0,29.6,17.6
1,0,0.0,0.9,1.2000000000000002,0.41212374435753585,19.200000000000003,9.200000000000001,187.61294555664062,12.0,,,0,12.0,29.6,17.6
1,0,0.0,0.9,1.2000000000000002,0.41212374435753585,19.200000000000003,9.200000000000001,188.11294555664062,12.0,,,0,12.0,29.6,17.6
1,0,0.0,0.9,1.2000000000000002,0.41212374435753585,19.200000000000003,9.200000000000001,188.61294555664062,12.0,,,0,12.0,29.6,17.6
1,0,0.0,0.9,1.2000000000000002,0.41212374435753585,19.200000000000003,9.200000000000001,189.11294555664062,12.0,,,0,12.0,29.6,17.6
1,0,0.0,0.9,1.2000000000000002,0.41212374435753585,19.200000000000003,9.200000000000001,189.61294555664062,0.0,,,0,12.0,29.6,17.6
1,0,0.0,0.9,1.2000000000000002,0.41212374435753585,19.200000000000003,9.200000000000001,190.11294555664062,0.0,,,0,12.0,29.6,17.6
1,0,0.0,0.9,1.2000000000000002,0.41212374435753585,19.200000000000003,9.200000000000001,190.61294555664062,12.0,,,0,12.0,29.6,17.6
1,0,0.0,0.9,1.2000000000000002,0.41212374435753585,19.200000000000003,9.200000000000001,191.11294555664062,12.0,,,0,12.0,29.6,17.6
1,0,0.0,0.9,1.2000000000000002,0.41212374435753585,19.200000000000003,9.200000000000001,191.61294555664062,12.0,,,0,12.0,29.6,17.6
1,0,0.0,0.9,1.2000000000000002,0.41212374435753585,19.200000000000003,9.200000000000001,192.11294555664062,12.0,,,0,12.0,29.6,17.6
1,0,0.0,0.9,1.2000000000000002,0.41212374435753585,19.200000000000003,9.200000000000001,192.61294555664062,12.0,,,0,12.0,29.6,17.6
1,0,0.0,0.9,1.2000000000000002,0.41212374435753585,19.200000000000003,9.200000000000001,193.11294555664062,0.0,,,0,12.0,29.6,17.6
1,0,0.0,0.9,1.2000000000000002,0.41212374435753585,19.200000000000003,9.200000000000001,193.61294555664062,12.0,,,0,12.0,29.6,17.6
1,0,0.0,0.9,1.2000000000000002,0.41212374435753585,19.200000000000003,9.200000000000001,194.11294555664062,12.0,,,0,12.0,29.6,17.6
1,0,0.0,0.9,1.2000000000000002,0.41212374435753585,19.200000000000003,9.200000000000001,194.61294555664062,12.0,,,0,12.0,29.6,17.6
1,0,0.0,0.9,1.2000000000000002,0.41212374435753585,19.200000000000003,9.200000000000001,195.11294555664062,12.0,,,0,12.0,29.6,17.6
1,0,0.0,0.9,1.2000000000000002,0.41212374435753585,19.200000000000003,9.200000000000001,195.61294555664062,12.0,,,0,12.0,29.6,17.6
1,0,0.0,0.9,1.2000000000000002,0.41212374435753585,19.200000000000003,9.200000000000001,196.11294555664062,12.0,,,0,12.0,29.6,17.6
1,0,0.0,0.9,1.2000000000000002,0.41212374435753585,19.200000000000003,9.200000000000001,196.61294555664062,0.0,,,0,12.0,29.6,17.6
1,0,0.0,0.9,1.2000000000000002,0.41212374435753585,19.200000000000003,9.200000000000001,197.11294555664062,12.0,,,0,12.0,29.6,17.6
1,0,0.0,0.9,1.2000000000000002,0.41212374435753585,19.200000000000003,9.200000000000001,197.61294555664062,0.0,,,0,12.0,29.6,17.6
1,0,0.0,0.9,1.2000000000000002,0.41212374435753585,19.200000000000003,9.200000000000001,198.11294555664062,12.0,,,0,12.0,29.6,17.6
1,0,0.0,0.9,1.2000000000000002,0.41212374435753585,19.200000000000003,9.200000000000001,198.61294555664062,12.0,,,0,12.0,29.6,17.6
1,0,0.0,0.9,1.2000000000000002,0.41212374435753585,19.200000000000003,9.200000000000001,199.11294555664062,12.0,,,0,12.0,29.6,17.6
1,0,0.0,0.9,1.2000000000000002,0.41212374435753585,19.200000000000003,9.200000000000001,199.61294555664062,12.0,,,0,12.0,29.6,17.6
1,0,0.0,0.9,1.2000000000000002,0.41212374435753585,19.200000000000003,9.200000000000001,200.11294555664062,0.0,,,0,12.0,29.6,17.6
1,0,0.0,0.9,1.2000000000000002,0.41212374435753585,19.200000000000003,9.200000000000001,200.61294555664062,0.0,,,0,12.0,29.6,17.6
1,0,0.0,0.9,1.2000000000000002,0.41212374435753585,19.200000000000003,9.200000000000001,201.11294555664062,12.0,,,0,12.0,29.6,17.6
1,0,0.0,0.9,1.2000000000000002,0.41212374435753585,19.200000000000003,9.200000000000001,201.61294555664062,0.0,,,0,12.0,29.6,17.6
1,0,0.0,0.9,1.2000000000000002,0.41212374435753585,19.200000000000003,9.200000000000001,202.11294555664062,12.0,,,0,12.0,29.6,17.6
1,0,0.0,0.9,1.2000000000000002,0.41212374435753585,19.200000000000003,9.200000000000001,202.61294555664062,0.0,,,0,12.0,29.6,17.6
1,0,0.0,0.9,1.2000000000000002,0.41212374435753585,19.200000000000003,9.200000000000001,203.11294555664062,12.0,,,0,12.0,29.6,17.6
1,1,0.0,19.200000000000003,9.200000000000001,1.0460005551447895,25.8,20.6,239.93141174316406,12.0,,,0,12.0,29.6,17.6
1,1,0.0,19.200000000000003,9.200000000000001,1.0460005551447895,25.8,20.6,240.43141174316406,12.0,,,0,12.0,29.6,17.6
1,1,0.0,19.200000000000003,9.200000000000001,1.0460005551447895,25.8,20.6,240.93141174316406,12.0,,,0,12.0,29.6,17.6
1,1,0.0,19.200000000000003,9.200000000000001,1.0460005551447895,25.8,20.6,241.43141174316406,12.0,,,0,12.0,29.6,17.6
1,1,0.0,19.200000000000003,9.200000000000001,1.0460005551447895,25.8,20.6,241.93141174316406,0.0,,,0,12.0,29.6,17.6
1,1,0.0,19.200000000000003,9.200000000000001,1.0460005551447895,25.8,20.6,242.43141174316406,0.0,,,0,12.0,29.6,17.6
1,1,0.0,19.200000000000003,9.200000000000001,1.0460005551447895,25.8,20.6,242.93141174316406,0.0,,,0,12.0,29.6,17.6
1,1,0.0,19.200000000000003,9.200000000000001,1.0460005551447895,25.8,20.6,243.43141174316406,0.0,,,0,12.0,29.6,17.6
1,1,0.0,19.200000000000003,9.200000000000001,1.0460005551447895,25.8,20.6,243.93141174316406,12.0,,,0,12.0,29.6,17.6
1,1,0.0,19.200000000000003,9.200000000000001,1.0460005551447895,25.8,20.6,244.43141174316406,12.0,,,0,12.0,29.6,17.6
1,1,0.0,19.200000000000003,9.200000000000001,1.0460005551447895,25.8,20.6,244.93141174316406,12.0,,,0,12.0,29.6,17.6
1,1,0.0,19.200000000000003,9.200000000000001,1.0460005551447895,25.8,20.6,245.43141174316406,12.0,,,0,12.0,29.6,17.6
1,1,0.0,19.200000000000003,9.200000000000001,1.0460005551447895,25.8,20.6,245.93141174316406,12.0,,,0,12.0,29.6,17.6
1,1,0.0,19.200000000000003,9.200000000000001,1.0460005551447895,25.8,20.6,246.43141174316406,0.0,,,0,12.0,29.6,17.6
1,1,0.0,19.200000000000003,9.200000000000001,1.0460005551447895,25.8,20.6,246.93141174316406,12.0,,,0,12.0,29.6,17.6
1,1,0.0,19.200000000000003,9.200000000000001,1.0460005551447895,25.8,20.6,247.43141174316406,12.0,,,0,12.0,29.6,17.6
1,1,0.0,19.200000000000003,9.200000000000001,1.0460005551447895,25.8,20.6,247.93141174316406,12.0,,,0,12.0,29.6,17.6
1,1,0.0,19.200000000000003,9.200000000000001,1.0460005551447895,25.8,20.6,248.43141174316406,12.0,,,0,12.0,29.6,17.6
1,1,0.0,19.200000000000003,9.200000000000001,1.0460005551447895,25.8,20.6,248.93141174316406,0.0,,,0,12.0,29.6,17.6
1,1,0.0,19.200000000000003,9.200000000000001,1.0460005551447895,25.8,20.6,249.43141174316406,0.0,,,0,12.0,29.6,17.6
1,1,0.0,19.200000000000003,9.200000000000001,1.0460005551447895,25.8,20.6,249.93141174316406,12.0,,,0,12.0,29.6,17.6
1,1,0.0,19.200000000000003,9.200000000000001,1.0460005551447895,25.8,20.6,250.43141174316406,0.0,,,0,12.0,29.6,17.6
1,1,0.0,19.200000000000003,9.200000000000001,1.0460005551447895,25.8,20.6,250.93141174316406,12.0,,,0,12.0,29.6,17.6
1,1,0.0,19.200000000000003,9.200000000000001,1.0460005551447895,25.8,20.6,251.43141174316406,12.0,,,0,12.0,29.6,17.6
1,1,0.0,19.200000000000003,9.200000000000001,1.0460005551447895,25.8,20.6,251.93141174316406,0.0,,,0,12.0,29.6,17.6
1,1,0.0,19.200000000000003,9.200000000000001,1.0460005551447895,25.8,20.6,252.43141174316406,12.0,,,0,12.0,29.6,17.6
1,1,0.0,19.200000000000003,9.200000000000001,1.0460005551447895,25.8,20.6,252.93141174316406,12.0,,,0,12.0,29.6,17.6
1,1,0.0,19.200000000000003,9.200000000000001,1.0460005551447895,25.8,20.6,253.43141174316406,12.0,,,0,12.0,29.6,17.6
1,1,0.0,19.200000000000003,9.200000000000001,1.0460005551447895,25.8,20.6,253.93141174316406,0.0,,,0,12.0,29.6,17.6
1,1,0.0,19.200000000000003,9.200000000000001,1.0460005551447895,25.8,20.6,254.43141174316406,12.0,,,0,12.0,29.6,17.6
1,1,0.0,19.200000000000003,9.200000000000001,1.0460005551447895,25.8,20.6,254.93141174316406,12.0,,,0,12.0,29.6,17.6
1,1,0.0,19.200000000000003,9.200000000000001,1.0460005551447895,25.8,20.6,255.43141174316406,12.0,,,0,12.0,29.6,17.6
1,1,0.0,19.200000000000003,9.200000000000001,1.0460005551447895,25.8,20.6,255.93141174316406,12.0,,,0,12.0,29.6,17.6
1,1,0.0,19.200000000000003,9.200000000000001,1.0460005551447895,25.8,20.6,256.4314270019531,12.0,,,0,12.0,29.6,17.6
1,1,0.0,19.200000000000003,9.200000000000001,1.0460005551447895,25.8,20.6,256.9314270019531,12.0,,,0,12.0,29.6,17.6
1,1,0.0,19.200000000000003,9.200000000000001,1.0460005551447895,25.8,20.6,257.4314270019531,0.0,,,0,12.0,29.6,17.6
1,1,0.0,19.200000000000003,9.200000000000001,1.0460005551447895,25.8,20.6,257.9314270019531,0.0,,,0,12.0,29.6,17.6
1,1,0.0,19.200000000000003,9.200000000000001,1.0460005551447895,25.8,20.6,258.4314270019531,0.0,,,0,12.0,29.6,17.6
1,1,0.0,19.200000000000003,9.200000000000001,1.0460005551447895,25.8,20.6,258.9314270019531,12.0,,,0,12.0,29.6,17.6
1,1,0.0,19.200000000000003,9.200000000000001,1.0460005551447895,25.8,20.6,259.4314270019531,0.0,,,0,12.0,29.6,17.6
1,1,0.0,19.200000000000003,9.200000000000001,1.0460005551447895,25.8,20.6,259.9314270019531,0.0,,,0,12.0,29.6,17.6
1,1,0.0,19.200000000000003,9.200000000000001,1.0460005551447895,25.8,20.6,260.4314270019531,12.0,,,0,12.0,29.6,17.6
1,1,0.0,19.200000000000003,9.200000000000001,1.0460005551447895,25.8,20.6,260.9314270019531,12.0,,,0,12.0,29.6,17.6
1,1,0.0,19.200000000000003,9.200000000000001,1.0460005551447895,25.8,20.6,261.4314270019531,12.0,,,0,12.0,29.6,17.6
1,1,0.0,19.200000000000003,9.200000000000001,1.0460005551447895,25.8,20.6,261.9314270019531,12.0,,,0,12.0,29.6,17.6
1,1,0.0,19.200000000000003,9.200000000000001,1.0460005551447895,25.8,20.6,262.4314270019531,0.0,,,0,12.0,29.6,17.6
1,1,0.0,19.200000000000003,9.200000000000001,1.0460005551447895,25.8,20.6,262.9314270019531,12.0,,,0,12.0,29.6,17.6
1,1,0.0,19.200000000000003,9.200000000000001,1.0460005551447895,25.8,20.6,263.4314270019531,12.0,,,0,12.0,29.6,17.6
1,1,0.0,19.200000000000003,9.200000000000001,1.0460005551447895,25.8,20.6,263.9314270019531,0.0,,,0,12.0,29.6,17.6
1,1,0.0,19.200000000000003,9.200000000000001,1.0460005551447895,25.8,20.6,264.4314270019531,12.0,,,0,12.0,29.6,17.6
1,1,0.0,19.200000000000003,9.200000000000001,1.0460005551447895,25.8,20.6,264.9314270019531,12.0,,,0,12.0,29.6,17.6
1,1,0.0,19.200000000000003,9.200000000000001,1.0460005551447895,25.8,20.6,265.4314270019531,12.0,,,0,12.0,29.6,17.6
1,1,0.0,19.200000000000003,9.200000000000001,1.0460005551447895,25.8,20.6,265.9314270019531,12.0,,,0,12.0,29.6,17.6
1,1,0.0,19.200000000000003,9.200000000000001,1.0460005551447895,25.8,20.6,266.4314270019531,12.0,,,0,12.0,29.6,17.6
1,1,0.0,19.200000000000003,9.200000000000001,1.0460005551447895,25.8,20.6,266.9314270019531,12.0,,,0,12.0,29.6,17.6
1,1,0.0,19.200000000000003,9.200000000000001,1.0460005551447895,25.8,20.6,267.4314270019531,12.0,,,0,12.0,29.6,17.6
1,1,0.0,19.200000000000003,9.200000000000001,1.0460005551447895,25.8,20.6,267.9314270019531,12.0,,,0,12.0,29.6,17.6
1,1,0.0,19.200000000000003,9.200000000000001,1.0460005551447895,25.8,20.6,268.4314270019531,12.0,,,0,12.0,29.6,17.6
1,1,0.0,19.200000000000003,9.200000000000001,1.0460005551447895,25.8,20.6,268.9314270019531,12.0,,,0,12.0,29.6,17.6
1,1,0.0,19.200000000000003,9.200000000000001,1.0460005551447895,25.8,20.6,269.4314270019531,12.0,,,0,12.0,29.6,17.6
1,1,0.0,19.200000000000003,9.200000000000001,1.0460005551447895,25.8,20.6,269.9314270019531,12.0,,,0,12.0,29.6,17.6
1,1,0.0,19.200000000000003,9.200000000000001,1.0460005551447895,25.8,20.6,270.4314270019531,12.0,,,0,12.0,29.6,17.6
1,1,0.0,19.200000000000003,9.200000000000001,1.0460005551447895,25.8,20.6,270.9314270019531,12.0,,,0,12.0,29.6,17.6
1,1,0.0,19.200000000000003,9.200000000000001,1.0460005551447895,25.8,20.6,271.4314270019531,12.0,,,0,12.0,29.6,17.6
1,1,0.0,19.200000000000003,9.200000000000001,1.0460005551447895,25.8,20.6,271.9314270019531,0.0,,,0,12.0,29.6,17.6
1,1,0.0,19.200000000000003,9.200000000000001,1.0460005551447895,25.8,20.6,272.4314270019531,12.0,,,0,12.0,29.6,17.6
1,1,0.0,19.200000000000003,9.200000000000001,1.0460005551447895,25.8,20.6,272.9314270019531,0.0,,,0,12.0,29.6,17.6
1,1,0.0,19.200000000000003,9.200000000000001,1.0460005551447895,25.8,20.6,273.4314270019531,12.0,,,0,12.0,29.6,17.6
1,1,0.0,19.200000000000003,9.200000000000001,1.0460005551447895,25.8,20.6,273.9314270019531,12.0,,,0,12.0,29.6,17.6
1,1,0.0,19.200000000000003,9.200000000000001,1.0460005551447895,25.8,20.6,274.4314270019531,12.0,,,0,12.0,29.6,17.6
1,1,0.0,19.200000000000003,9.200000000000001,1.0460005551447895,25.8,20.6,274.9314270019531,0.0,,,0,12.0,29.6,17.6
1,1,0.0,19.200000000000003,9.200000000000001,1.0460005551447895,25.8,20.6,275.4314270019531,12.0,,,0,12.0,29.6,17.6
1,1,0.0,19.200000000000003,9.200000000000001,1.0460005551447895,25.8,20.6,275.9314270019531,12.0,,,0,12.0,29.6,17.6
1,1,0.0,19.200000000000003,9.200000000000001,1.0460005551447895,25.8,20.6,276.4314270019531,12.0,,,0,12.0,29.6,17.6
1,1,0.0,19.200000000000003,9.200000000000001,1.0460005551447895,25.8,20.6,276.9314270019531,12.0,,,0,12.0,29.6,17.6
1,1,0.0,19.200000000000003,9.200000000000001,1.0460005551447895,25.8,20.6,277.4314270019531,12.0,,,0,12.0,29.6,17.6
1,1,0.0,19.200000000000003,9.200000000000001,1.0460005551447895,25.8,20.6,277.9314270019531,12.0,,,0,12.0,29.6,17.6
1,1,0.0,19.200000000000003,9.200000000000001,1.0460005551447895,25.8,20.6,278.4314270019531,12.0,,,0,12.0,29.6,17.6
1,1,0.0,19.200000000000003,9.200000000000001,1.0460005551447895,25.8,20.6,278.9314270019531,12.0,,,0,12.0,29.6,17.6
1,1,0.0,19.200000000000003,9.200000000000001,1.0460005551447895,25.8,20.6,279.4314270019531,12.0,,,0,12.0,29.6,17.6
1,1,0.0,19.200000000000003,9.200000000000001,1.0460005551447895,25.8,20.6,279.9314270019531,12.0,,,0,12.0,29.6,17.6
1,1,0.0,19.200000000000003,9.200000000000001,1.0460005551447895,25.8,20.6,280.4314270019531,12.0,,,0,12.0,29.6,17.6
1,1,0.0,19.200000000000003,9.200000000000001,1.0460005551447895,25.8,20.6,280.9314270019531,12.0,,,0,12.0,29.6,17.6
1,1,0.0,19.200000000000003,9.200000000000001,1.0460005551447895,25.8,20.6,281.4314270019531,12.0,,,0,12.0,29.6,17.6
1,1,0.0,19.200000000000003,9.200000000000001,1.0460005551447895,25.8,20.6,281.9314270019531,12.0,,,0,12.0,29.6,17.6
1,1,0.0,19.200000000000003,9.200000000000001,1.0460005551447895,25.8,20.6,282.4314270019531,0.0,,,0,12.0,29.6,17.6
1,1,0.0,19.200000000000003,9.200000000000001,1.0460005551447895,25.8,20.6,282.9314270019531,0.0,,,0,12.0,29.6,17.6
1,1,0.0,19.200000000000003,9.200000000000001,1.0460005551447895,25.8,20.6,283.4314270019531,12.0,,,0,12.0,29.6,17.6
1,1,0.0,19.200000000000003,9.200000000000001,1.0460005551447895,25.8,20.6,283.9314270019531,12.0,,,0,12.0,29.6,17.6
1,1,0.0,19.200000000000003,9.200000000000001,1.0460005551447895,25.8,20.6,284.4314270019531,0.0,,,0,12.0,29.6,17.6
1,1,0.0,19.200000000000003,9.200000000000001,1.0460005551447895,25.8,20.6,284.9314270019531,12.0,,,0,12.0,29.6,17.6
1,1,0.0,19.200000000000003,9.200000000000001,1.0460005551447895,25.8,20.6,285.4314270019531,12.0,,,0,12.0,29.6,17.6
1,1,0.0,19.200000000000003,9.200000000000001,1.0460005551447895,25.8,20.6,285.9314270019531,12.0,,,0,12.0,29.6,17.6
1,1,0.0,19.200000000000003,9.200000000000001,1.0460005551447895,25.8,20.6,286.4314270019531,12.0,,,0,12.0,29.6,17.6
1,1,0.0,19.200000000000003,9.200000000000001,1.0460005551447895,25.8,20.6,286.9314270019531,12.0,,,0,12.0,29.6,17.6
1,1,0.0,19.200000000000003,9.200000000000001,1.0460005551447895,25.8,20.6,287.4314270019531,12.0,,,0,12.0,29.6,17.6
1,1,0.0,19.200000000000003,9.200000000000001,1.0460005551447895,25.8,20.6,287.9314270019531,12.0,,,0,12.0,29.6,17.6
1,1,0.0,19.200000000000003,9.200000000000001,1.0460005551447895,25.8,20.6,288.4314270019531,0.0,,,0,12.0,29.6,17.6
1,1,0.0,19.200000000000003,9.200000000000001,1.0460005551447895,25.8,20.6,288.9314270019531,12.0,,,0,12.0,29.6,17.6
1,1,0.0,19.200000000000003,9.200000000000001,1.0460005551447895,25.8,20.6,289.4314270019531,12.0,,,0,12.0,29.6,17.6
1,1,0.0,19.200000000000003,9.200000000000001,1.0460005551447895,25.8,20.6,289.9314270019531,12.0,,,0,12.0,29.6,17.6
1,1,0.0,19.200000000000003,9.200000000000001,1.0460005551447895,25.8,20.6,290.4314270019531,12.0,,,0,12.0,29.6,17.6
1,1,0.0,19.200000000000003,9.200000000000001,1.0460005551447895,25.8,20.6,290.9314270019531,12.0,,,0,12.0,29.6,17.6
1,1,0.0,19.200000000000003,9.200000000000001,1.0460005551447895,25.8,20.6,291.4314270019531,12.0,,,0,12.0,29.6,17.6
1,1,0.0,19.200000000000003,9.200000000000001,1.0460005551447895,25.8,20.6,291.9314270019531,12.0,,,0,12.0,29.6,17.6
1,1,0.0,19.200000000000003,9.200000000000001,1.0460005551447895,25.8,20.6,292.4314270019531,0.0,,,0,12.0,29.6,17.6
1,1,0.0,19.200000000000003,9.200000000000001,1.0460005551447895,25.8,20.6,292.9314270019531,12.0,,,0,12.0,29.6,17.6
1,1,0.0,19.200000000000003,9.200000000000001,1.0460005551447895,25.8,20.6,293.4314270019531,12.0,,,0,12.0,29.6,17.6
1,1,0.0,19.200000000000003,9.200000000000001,1.0460005551447895,25.8,20.6,293.9314270019531,12.0,,,0,12.0,29.6,17.6
1,1,0.0,19.200000000000003,9.200000000000001,1.0460005551447895,25.8,20.6,294.4314270019531,12.0,,,0,12.0,29.6,17.6
1,1,0.0,19.200000000000003,9.200000000000001,1.0460005551447895,25.8,20.6,294.9314270019531,12.0,,,0,12.0,29.6,17.6
1,1,0.0,19.200000000000003,9.200000000000001,1.0460005551447895,25.8,20.6,295.4314270019531,12.0,,,0,12.0,29.6,17.6
1,1,0.0,19.200000000000003,9.200000000000001,1.0460005551447895,25.8,20.6,295.9314270019531,12.0,,,0,12.0,29.6,17.6
1,1,0.0,19.200000000000003,9.200000000000001,1.0460005551447895,25.8,20.6,296.4314270019531,12.0,,,0,12.0,29.6,17.6
1,1,0.0,19.200000000000003,9.200000000000001,1.0460005551447895,25.8,20.6,296.9314270019531,12.0,,,0,12.0,29.6,17.6
1,1,0.0,19.200000000000003,9.200000000000001,1.0460005551447895,25.8,20.6,297.4314270019531,12.0,,,0,12.0,29.6,17.6
1,1,0.0,19.200000000000003,9.200000000000001,1.0460005551447895,25.8,20.6,297.9314270019531,12.0,,,0,12.0,29.6,17.6
1,1,0.0,19.200000000000003,9.200000000000001,1.0460005551447895,25.8,20.6,298.4314270019531,12.0,,,0,12.0,29.6,17.6
1,1,0.0,19.200000000000003,9.200000000000001,1.0460005551447895,25.8,20.6,298.9314270019531,12.0,,,0,12.0,29.6,17.6
1,1,0.0,19.200000000000003,9.200000000000001,1.0460005551447895,25.8,20.6,299.4314270019531,12.0,,,0,12.0,29.6,17.6
1,1,0.0,19.200000000000003,9.200000000000001,1.0460005551447895,25.8,20.6,299.9314270019531,0.0,,,0,12.0,29.6,17.6
1,1,0.0,19.200000000000003,9.200000000000001,1.0460005551447895,25.8,20.6,300.4314270019531,0.0,,,0,12.0,29.6,17.6
1,1,0.0,19.200000000000003,9.200000000000001,1.0460005551447895,25.8,20.6,300.9314270019531,12.0,,,0,12.0,29.6,17.6
1,1,0.0,19.200000000000003,9.200000000000001,1.0460005551447895,25.8,20.6,301.4314270019531,12.0,,,0,12.0,29.6,17.6
1,1,0.0,19.200000000000003,9.200000000000001,1.0460005551447895,25.8,20.6,301.9314270019531,12.0,,,0,12.0,29.6,17.6
1,1,0.0,19.200000000000003,9.200000000000001,1.0460005551447895,25.8,20.6,302.4314270019531,0.0,,,0,12.0,29.6,17.6
1,1,0.0,19.200000000000003,9.200000000000001,1.0460005551447895,25.8,20.6,302.9314270019531,12.0,,,0,12.0,29.6,17.6
1,1,0.0,19.200000000000003,9.200000000000001,1.0460005551447895,25.8,20.6,303.4314270019531,12.0,,,0,12.0,29.6,17.6
1,1,0.0,19.200000000000003,9.200000000000001,1.0460005551447895,25.8,20.6,303.9314270019531,12.0,,,0,12.0,29.6,17.6
1,1,0.0,19.200000000000003,9.200000000000001,1.0460005551447895,25.8,20.6,304.4314270019531,12.0,,,0,12.0,29.6,17.6
1,1,0.0,19.200000000000003,9.200000000000001,1.0460005551447895,25.8,20.6,304.9314270019531,12.0,,,0,12.0,29.6,17.6
1,1,0.0,19.200000000000003,9.200000000000001,1.0460005551447895,25.8,20.6,305.4314270019531,12.0,,,0,12.0,29.6,17.6
1,1,0.0,19.200000000000003,9.200000000000001,1.0460005551447895,25.8,20.6,305.9314270019531,12.0,,,0,12.0,29.6,17.6
1,1,0.0,19.200000000000003,9.200000000000001,1.0460005551447895,25.8,20.6,306.4314270019531,0.0,,,0,12.0,29.6,17.6
1,1,0.0,19.200000000000003,9.200000000000001,1.0460005551447895,25.8,20.6,306.9314270019531,0.0,,,0,12.0,29.6,17.6
1,1,0.0,19.200000000000003,9.200000000000001,1.0460005551447895,25.8,20.6,307.4314270019531,12.0,,,0,12.0,29.6,17.6
1,1,0.0,19.200000000000003,9.200000000000001,1.0460005551447895,25.8,20.6,307.9314270019531,0.0,,,0,12.0,29.6,17.6
1,1,0.0,19.200000000000003,9.200000000000001,1.0460005551447895,25.8,20.6,308.4314270019531,12.0,,,0,12.0,29.6,17.6
1,1,0.0,19.200000000000003,9.200000000000001,1.0460005551447895,25.8,20.6,308.9314270019531,12.0,,,0,12.0,29.6,17.6
1,1,0.0,19.200000000000003,9.200000000000001,1.0460005551447895,25.8,20.6,309.4314270019531,0.0,,,0,12.0,29.6,17.6
1,1,0.0,19.200000000000003,9.200000000000001,1.0460005551447895,25.8,20.6,309.9314270019531,12.0,,,0,12.0,29.6,17.6
1,1,0.0,19.200000000000003,9.200000000000001,1.0460005551447895,25.8,20.6,310.4314270019531,12.0,,,0,12.0,29.6,17.6
1,1,0.0,19.200000000000003,9.200000000000001,1.0460005551447895,25.8,20.6,310.9314270019531,12.0,,,0,12.0,29.6,17.6
1,1,0.0,19.200000000000003,9.200000000000001,1.0460005551447895,25.8,20.6,311.4314270019531,12.0,,,0,12.0,29.6,17.6
1,1,0.0,19.200000000000003,9.200000000000001,1.0460005551447895,25.8,20.6,311.9314270019531,12.0,,,0,12.0,29.6,17.6
1,1,0.0,19.200000000000003,9.200000000000001,1.0460005551447895,25.8,20.6,312.4314270019531,12.0,,,0,12.0,29.6,17.6
1,1,0.0,19.200000000000003,9.200000000000001,1.0460005551447895,25.8,20.6,312.9314270019531,12.0,,,0,12.0,29.6,17.6
1,1,0.0,19.200000000000003,9.200000000000001,1.0460005551447895,25.8,20.6,313.4314270019531,12.0,,,0,12.0,29.6,17.6
1,1,0.0,19.200000000000003,9.200000000000001,1.0460005551447895,25.8,20.6,313.9314270019531,0.0,,,0,12.0,29.6,17.6
1,1,0.0,19.200000000000003,9.200000000000001,1.0460005551447895,25.8,20.6,314.4314270019531,0.0,,,0,12.0,29.6,17.6
1,1,0.0,19.200000000000003,9.200000000000001,1.0460005551447895,25.8,20.6,314.9314270019531,12.0,,,0,12.0,29.6,17.6
1,1,0.0,19.200000000000003,9.200000000000001,1.0460005551447895,25.8,20.6,315.4314270019531,12.0,,,0,12.0,29.6,17.6
1,1,0.0,19.200000000000003,9.200000000000001,1.0460005551447895,25.8,20.6,315.9314270019531,12.0,,,0,12.0,29.6,17.6
1,1,0.0,19.200000000000003,9.200000000000001,1.0460005551447895,25.8,20.6,316.4314270019531,12.0,,,0,12.0,29.6,17.6
1,1,0.0,19.200000000000003,9.200000000000001,1.0460005551447895,25.8,20.6,316.9314270019531,12.0,,,0,12.0,29.6,17.6
1,1,0.0,19.200000000000003,9.200000000000001,1.0460005551447895,25.8,20.6,317.4314270019531,12.0,,,0,12.0,29.6,17.6
1,1,0.0,19.200000000000003,9.200000000000001,1.0460005551447895,25.8,20.6,317.9314270019531,0.0,,,0,12.0,29.6,17.6
1,1,0.0,19.200000000000003,9.200000000000001,1.0460005551447895,25.8,20.6,318.4314270019531,12.0,,,0,12.0,29.6,17.6
1,1,0.0,19.200000000000003,9.200000000000001,1.0460005551447895,25.8,20.6,318.9314270019531,12.0,,,0,12.0,29.6,17.6
1,1,0.0,19.200000000000003,9.200000000000001,1.0460005551447895,25.8,20.6,319.4314270019531,12.0,,,0,12.0,29.6,17.6
1,1,0.0,19.200000000000003,9.200000000000001,1.0460005551447895,25.8,20.6,319.9314270019531,12.0,,,0,12.0,29.6,17.6
1,1,0.0,19.200000000000003,9.200000000000001,1.0460005551447895,25.8,20.6,320.4314270019531,12.0,,,0,12.0,29.6,17.6
1,1,0.0,19.200000000000003,9.200000000000001,1.0460005551447895,25.8,20.6,320.9314270019531,12.0,,,0,12.0,29.6,17.6
1,1,0.0,19.200000000000003,9.200000000000001,1.0460005551447895,25.8,20.6,321.4314270019531,12.0,,,0,12.0,29.6,17.6
1,1,0.0,19.200000000000003,9.200000000000001,1.0460005551447895,25.8,20.6,321.9314270019531,12.0,,,0,12.0,29.6,17.6
1,1,0.0,19.200000000000003,9.200000000000001,1.0460005551447895,25.8,20.6,322.4314270019531,12.0,,,0,12.0,29.6,17.6
1,1,0.0,19.200000000000003,9.200000000000001,1.0460005551447895,25.8,20.6,322.9314270019531,12.0,,,0,12.0,29.6,17.6
1,1,0.0,19.200000000000003,9.200000000000001,1.0460005551447895,25.8,20.6,323.4314270019531,12.0,,,0,12.0,29.6,17.6
1,1,0.0,19.200000000000003,9.200000000000001,1.0460005551447895,25.8,20.6,323.9314270019531,12.0,,,0,12.0,29.6,17.6
1,1,0.0,19.200000000000003,9.200000000000001,1.0460005551447895,25.8,20.6,324.4314270019531,0.0,,,0,12.0,29.6,17.6
1,1,0.0,19.200000000000003,9.200000000000001,1.0460005551447895,25.8,20.6,324.9314270019531,12.0,,,0,12.0,29.6,17.6
1,1,0.0,19.200000000000003,9.200000000000001,1.0460005551447895,25.8,20.6,325.4314270019531,12.0,,,0,12.0,29.6,17.6
1,1,0.0,19.200000000000003,9.200000000000001,1.0460005551447895,25.8,20.6,325.9314270019531,12.0,,,0,12.0,29.6,17.6
1,1,0.0,19.200000000000003,9.200000000000001,1.0460005551447895,25.8,20.6,326.4314270019531,0.0,,,0,12.0,29.6,17.6
1,1,0.0,19.200000000000003,9.200000000000001,1.0460005551447895,25.8,20.6,326.9314270019531,0.0,,,0,12.0,29.6,17.6
1,1,0.0,19.200000000000003,9.200000000000001,1.0460005551447895,25.8,20.6,327.4314270019531,12.0,,,0,12.0,29.6,17.6
1,1,0.0,19.200000000000003,9.200000000000001,1.0460005551447895,25.8,20.6,327.9314270019531,12.0,,,0,12.0,29.6,17.6
1,1,0.0,19.200000000000003,9.200000000000001,1.0460005551447895,25.8,20.6,328.4314270019531,12.0,,,0,12.0,29.6,17.6
1,1,0.0,19.200000000000003,9.200000000000001,1.0460005551447895,25.8,20.6,328.9314270019531,12.0,,,0,12.0,29.6,17.6
1,1,0.0,19.200000000000003,9.200000000000001,1.0460005551447895,25.8,20.6,329.4314270019531,0.0,,,0,12.0,29.6,17.6
1,1,0.0,19.200000000000003,9.200000000000001,1.0460005551447895,25.8,20.6,329.9314270019531,0.0,,,0,12.0,29.6,17.6
1,1,0.0,19.200000000000003,9.200000000000001,1.0460005551447895,25.8,20.6,330.4314270019531,12.0,,,0,12.0,29.6,17.6
1,1,0.0,19.200000000000003,9.200000000000001,1.0460005551447895,25.8,20.6,330.9314270019531,12.0,,,0,12.0,29.6,17.6
1,1,0.0,19.200000000000003,9.200000000000001,1.0460005551447895,25.8,20.6,331.4314270019531,12.0,,,0,12.0,29.6,17.6
1,1,0.0,19.200000000000003,9.200000000000001,1.0460005551447895,25.8,20.6,331.9314270019531,12.0,,,0,12.0,29.6,17.6
1,1,0.0,19.200000000000003,9.200000000000001,1.0460005551447895,25.8,20.6,332.4314270019531,12.0,,,0,12.0,29.6,17.6
1,1,0.0,19.200000000000003,9.200000000000001,1.0460005551447895,25.8,20.6,332.9314270019531,12.0,,,0,12.0,29.6,17.6
1,1,0.0,19.200000000000003,9.200000000000001,1.0460005551447895,25.8,20.6,333.4314270019531,0.0,,,0,12.0,29.6,17.6
1,1,0.0,19.200000000000003,9.200000000000001,1.0460005551447895,25.8,20.6,333.9314270019531,12.0,,,0,12.0,29.6,17.6
1,1,0.0,19.200000000000003,9.200000000000001,1.0460005551447895,25.8,20.6,334.4314270019531,12.0,,,0,12.0,29.6,17.6
1,1,0.0,19.200000000000003,9.200000000000001,1.0460005551447895,25.8,20.6,334.9314270019531,0.0,,,0,12.0,29.6,17.6
1,1,0.0,19.200000000000003,9.200000000000001,1.0460005551447895,25.8,20.6,335.4314270019531,12.0,,,0,12.0,29.6,17.6
1,1,0.0,19.200000000000003,9.200000000000001,1.0460005551447895,25.8,20.6,335.9314270019531,12.0,,,0,12.0,29.6,17.6
1,1,0.0,19.200000000000003,9.200000000000001,1.0460005551447895,25.8,20.6,336.4314270019531,12.0,,,0,12.0,29.6,17.6
1,1,0.0,19.200000000000003,9.200000000000001,1.0460005551447895,25.8,20.6,336.9314270019531,12.0,,,0,12.0,29.6,17.6
1,1,0.0,19.200000000000003,9.200000000000001,1.0460005551447895,25.8,20.6,337.4314270019531,12.0,,,0,12.0,29.6,17.6
1,1,0.0,19.200000000000003,9.200000000000001,1.0460005551447895,25.8,20.6,337.9314270019531,12.0,,,0,12.0,29.6,17.6
1,1,0.0,19.200000000000003,9.200000000000001,1.0460005551447895,25.8,20.6,338.4314270019531,12.0,,,0,12.0,29.6,17.6
1,1,0.0,19.200000000000003,9.200000000000001,1.0460005551447895,25.8,20.6,338.9314270019531,0.0,,,0,12.0,29.6,17.6
1,1,0.0,19.200000000000003,9.200000000000001,1.0460005551447895,25.8,20.6,339.4314270019531,0.0,,,0,12.0,29.6,17.6
1,1,0.0,19.200000000000003,9.200000000000001,1.0460005551447895,25.8,20.6,339.9314270019531,12.0,,,0,12.0,29.6,17.6
1,1,0.0,19.200000000000003,9.200000000000001,1.0460005551447895,25.8,20.6,340.4314270019531,12.0,,,0,12.0,29.6,17.6
1,1,0.0,19.200000000000003,9.200000000000001,1.0460005551447895,25.8,20.6,340.9314270019531,12.0,,,0,12.0,29.6,17.6
1,1,0.0,19.200000000000003,9.200000000000001,1.0460005551447895,25.8,20.6,341.4314270019531,0.0,,,0,12.0,29.6,17.6
1,1,0.0,19.200000000000003,9.200000000000001,1.0460005551447895,25.8,20.6,341.9314270019531,0.0,,,0,12.0,29.6,17.6
1,1,0.0,19.200000000000003,9.200000000000001,1.0460005551447895,25.8,20.6,342.4314270019531,12.0,,,0,12.0,29.6,17.6
1,1,0.0,19.200000000000003,9.200000000000001,1.0460005551447895,25.8,20.6,342.9314270019531,12.0,,,0,12.0,29.6,17.6
1,1,0.0,19.200000000000003,9.200000000000001,1.0460005551447895,25.8,20.6,343.4314270019531,12.0,,,0,12.0,29.6,17.6
1,1,0.0,19.200000000000003,9.200000000000001,1.0460005551447895,25.8,20.6,343.9314270019531,12.0,,,0,12.0,29.6,17.6
1,1,0.0,19.200000000000003,9.200000000000001,1.0460005551447895,25.8,20.6,344.4314270019531,12.0,,,0,12.0,29.6,17.6
1,1,0.0,19.200000000000003,9.200000000000001,1.0460005551447895,25.8,20.6,344.9314270019531,12.0,,,0,12.0,29.6,17.6
1,1,0.0,19.200000000000003,9.200000000000001,1.0460005551447895,25.8,20.6,345.4314270019531,12.0,,,0,12.0,29.6,17.6
1,1,0.0,19.200000000000003,9.200000000000001,1.0460005551447895,25.8,20.6,345.9314270019531,12.0,,,0,12.0,29.6,17.6
1,1,0.0,19.200000000000003,9.200000000000001,1.0460005551447895,25.8,20.6,346.4314270019531,12.0,,,0,12.0,29.6,17.6
1,1,0.0,19.200000000000003,9.200000000000001,1.0460005551447895,25.8,20.6,346.9314270019531,12.0,,,0,12.0,29.6,17.6
1,1,0.0,19.200000000000003,9.200000000000001,1.0460005551447895,25.8,20.6,347.4314270019531,12.0,,,0,12.0,29.6,17.6
1,1,0.0,19.200000000000003,9.200000000000001,1.0460005551447895,25.8,20.6,347.9314270019531,12.0,,,0,12.0,29.6,17.6
1,1,0.0,19.200000000000003,9.200000000000001,1.0460005551447895,25.8,20.6,348.4314270019531,0.0,,,0,12.0,29.6,17.6
1,1,0.0,19.200000000000003,9.200000000000001,1.0460005551447895,25.8,20.6,348.9314270019531,0.0,,,0,12.0,29.6,17.6
1,1,0.0,19.200000000000003,9.200000000000001,1.0460005551447895,25.8,20.6,349.4314270019531,0.0,,,0,12.0,29.6,17.6
1,1,0.0,19.200000000000003,9.200000000000001,1.0460005551447895,25.8,20.6,349.9314270019531,0.0,,,0,12.0,29.6,17.6
1,1,0.0,19.200000000000003,9.200000000000001,1.0460005551447895,25.8,20.6,350.4314270019531,12.0,,,0,12.0,29.6,17.6
1,1,0.0,19.200000000000003,9.200000000000001,1.0460005551447895,25.8,20.6,350.9314270019531,12.0,,,0,12.0,29.6,17.6
1,1,0.0,19.200000000000003,9.200000000000001,1.0460005551447895,25.8,20.6,351.4314270019531,12.0,,,0,12.0,29.6,17.6
1,1,0.0,19.200000000000003,9.200000000000001,1.0460005551447895,25.8,20.6,351.9314270019531,12.0,,,0,12.0,29.6,17.6
1,1,0.0,19.200000000000003,9.200000000000001,1.0460005551447895,25.8,20.6,352.4314270019531,12.0,,,0,12.0,29.6,17.6
1,1,0.0,19.200000000000003,9.200000000000001,1.0460005551447895,25.8,20.6,352.9314270019531,0.0,,,0,12.0,29.6,17.6
1,1,0.0,19.200000000000003,9.200000000000001,1.0460005551447895,25.8,20.6,353.4314270019531,12.0,,,0,12.0,29.6,17.6
1,1,0.0,19.200000000000003,9.200000000000001,1.0460005551447895,25.8,20.6,353.9314270019531,12.0,,,0,12.0,29.6,17.6
1,1,0.0,19.200000000000003,9.200000000000001,1.0460005551447895,25.8,20.6,354.4314270019531,12.0,,,0,12.0,29.6,17.6
1,1,0.0,19.200000000000003,9.200000000000001,1.0460005551447895,25.8,20.6,354.9314270019531,12.0,,,0,12.0,29.6,17.6
1,1,0.0,19.200000000000003,9.200000000000001,1.0460005551447895,25.8,20.6,355.4314270019531,12.0,,,0,12.0,29.6,17.6
1,1,0.0,19.200000000000003,9.200000000000001,1.0460005551447895,25.8,20.6,355.9314270019531,0.0,,,0,12.0,29.6,17.6
1,1,0.0,19.200000000000003,9.200000000000001,1.0460005551447895,25.8,20.6,356.4314270019531,12.0,,,0,12.0,29.6,17.6
1,1,0.0,19.200000000000003,9.200000000000001,1.0460005551447895,25.8,20.6,356.9314270019531,12.0,,,0,12.0,29.6,17.6
1,1,0.0,19.200000000000003,9.200000000000001,1.0460005551447895,25.8,20.6,357.4314270019531,12.0,,,0,12.0,29.6,17.6
1,1,0.0,19.200000000000003,9.200000000000001,1.0460005551447895,25.8,20.6,357.9314270019531,12.0,,,0,12.0,29.6,17.6
1,1,0.0,19.200000000000003,9.200000000000001,1.0460005551447895,25.8,20.6,358.4314270019531,12.0,,,0,12.0,29.6,17.6
1,1,0.0,19.200000000000003,9.200000000000001,1.0460005551447895,25.8,20.6,358.9314270019531,12.0,,,0,12.0,29.6,17.6
1,1,0.0,19.200000000000003,9.200000000000001,1.0460005551447895,25.8,20.6,359.4314270019531,12.0,,,0,12.0,29.6,17.6
1,1,0.0,19.200000000000003,9.200000000000001,1.0460005551447895,25.8,20.6,359.9314270019531,12.0,,,0,12.0,29.6,17.6
1,1,0.0,19.200000000000003,9.200000000000001,1.0460005551447895,25.8,20.6,0.43141716718673706,12.0,,,0,12.0,29.6,17.6
1,1,0.0,19.200000000000003,9.200000000000001,1.0460005551447895,25.8,20.6,0.9314171671867371,12.0,,,0,12.0,29.6,17.6
1,1,0.0,19.200000000000003,9.200000000000001,1.0460005551447895,25.8,20.6,1.4314172267913818,12.0,,,0,12.0,29.6,17.6
1,1,0.0,19.200000000000003,9.200000000000001,1.0460005551447895,25.8,20.6,1.9314172267913818,12.0,,,0,12.0,29.6,17.6
1,1,0.0,19.200000000000003,9.200000000000001,1.0460005551447895,25.8,20.6,2.431417226791382,12.0,,,0,12.0,29.6,17.6
1,1,0.0,19.200000000000003,9.200000000000001,1.0460005551447895,25.8,20.6,2.931417226791382,0.0,,,0,12.0,29.6,17.6
1,1,0.0,19.200000000000003,9.200000000000001,1.0460005551447895,25.8,20.6,3.431417226791382,12.0,,,0,12.0,29.6,17.6
1,1,0.0,19.200000000000003,9.200000000000001,1.0460005551447895,25.8,20.6,3.931417226791382,12.0,,,0,12.0,29.6,17.6
1,1,0.0,19.200000000000003,9.200000000000001,1.0460005551447895,25.8,20.6,4.431416988372803,12.0,,,0,12.0,29.6,17.6
1,1,0.0,19.200000000000003,9.200000000000001,1.0460005551447895,25.8,20.6,4.931416988372803,12.0,,,0,12.0,29.6,17.6
1,1,0.0,19.200000000000003,9.200000000000001,1.0460005551447895,25.8,20.6,5.431416988372803,12.0,,,0,12.0,29.6,17.6
1,1,0.0,19.200000000000003,9.200000000000001,1.0460005551447895,25.8,20.6,5.931416988372803,12.0,,,0,12.0,29.6,17.6
1,1,0.0,19.200000000000003,9.200000000000001,1.0460005551447895,25.8,20.6,6.431416988372803,12.0,,,0,12.0,29.6,17.6
1,1,0.0,19.200000000000003,9.200000000000001,1.0460005551447895,25.8,20.6,6.931416988372803,12.0,,,0,12.0,29.6,17.6
1,1,0.0,19.200000000000003,9.200000000000001,1.0460005551447895,25.8,20.6,7.431416988372803,0.0,,,0,12.0,29.6,17.6
1,1,0.0,19.200000000000003,9.200000000000001,1.0460005551447895,25.8,20.6,7.931416988372803,12.0,,,0,12.0,29.6,17.6
1,1,0.0,19.200000000000003,9.200000000000001,1.0460005551447895,25.8,20.6,8.431417465209961,12.0,,,0,12.0,29.6,17.6
1,1,0.0,19.200000000000003,9.200000000000001,1.0460005551447895,25.8,20.6,8.931417465209961,12.0,,,0,12.0,29.6,17.6
1,1,0.0,19.200000000000003,9.200000000000001,1.0460005551447895,25.8,20.6,9.431417465209961,12.0,,,0,12.0,29.6,17.6
1,1,0.0,19.200000000000003,9.200000000000001,1.0460005551447895,25.8,20.6,9.931417465209961,12.0,,,0,12.0,29.6,17.6
1,1,0.0,19.200000000000003,9.200000000000001,1.0460005551447895,25.8,20.6,10.431417465209961,0.0,,,0,12.0,29.6,17.6
1,1,0.0,19.200000000000003,9.200000000000001,1.0460005551447895,25.8,20.6,10.931417465209961,12.0,,,0,12.0,29.6,17.6
1,1,0.0,19.200000000000003,9.200000000000001,1.0460005551447895,25.8,20.6,11.431417465209961,0.0,,,0,12.0,29.6,17.6
1,1,0.0,19.200000000000003,9.200000000000001,1.0460005551447895,25.8,20.6,11.931417465209961,12.0,,,0,12.0,29.6,17.6
1,1,0.0,19.200000000000003,9.200000000000001,1.0460005551447895,25.8,20.6,12.431417465209961,12.0,,,0,12.0,29.6,17.6
1,1,0.0,19.200000000000003,9.200000000000001,1.0460005551447895,25.8,20.6,12.931417465209961,12.0,,,0,12.0,29.6,17.6
1,1,0.0,19.200000000000003,9.200000000000001,1.0460005551447895,25.8,20.6,13.431417465209961,0.0,,,0,12.0,29.6,17.6
1,1,0.0,19.200000000000003,9.200000000000001,1.0460005551447895,25.8,20.6,13.931417465209961,12.0,,,0,12.0,29.6,17.6
1,1,0.0,19.200000000000003,9.200000000000001,1.0460005551447895,25.8,20.6,14.431417465209961,12.0,,,0,12.0,29.6,17.6
1,1,0.0,19.200000000000003,9.200000000000001,1.0460005551447895,25.8,20.6,14.931417465209961,12.0,,,0,12.0,29.6,17.6
1,1,0.0,19.200000000000003,9.200000000000001,1.0460005551447895,25.8,20.6,15.431417465209961,12.0,,,0,12.0,29.6,17.6
1,1,0.0,19.200000000000003,9.200000000000001,1.0460005551447895,25.8,20.6,15.931417465209961,12.0,,,0,12.0,29.6,17.6
1,1,0.0,19.200000000000003,9.200000000000001,1.0460005551447895,25.8,20.6,16.43141746520996,12.0,,,0,12.0,29.6,17.6
1,1,0.0,19.200000000000003,9.200000000000001,1.0460005551447895,25.8,20.6,16.93141746520996,12.0,,,0,12.0,29.6,17.6
1,1,0.0,19.200000000000003,9.200000000000001,1.0460005551447895,25.8,20.6,17.43141746520996,12.0,,,0,12.0,29.6,17.6
1,1,0.0,19.200000000000003,9.200000000000001,1.0460005551447895,25.8,20.6,17.93141746520996,12.0,,,0,12.0,29.6,17.6
1,1,0.0,19.200000000000003,9.200000000000001,1.0460005551447895,25.8,20.6,18.43141746520996,12.0,,,0,12.0,29.6,17.6
1,1,0.0,19.200000000000003,9.200000000000001,1.0460005551447895,25.8,20.6,18.93141746520996,12.0,,,0,12.0,29.6,17.6
1,1,0.0,19.200000000000003,9.200000000000001,1.0460005551447895,25.8,20.6,19.43141746520996,12.0,,,0,12.0,29.6,17.6
1,1,0.0,19.200000000000003,9.200000000000001,1.0460005551447895,25.8,20.6,19.93141746520996,12.0,,,0,12.0,29.6,17.6
1,1,0.0,19.200000000000003,9.200000000000001,1.0460005551447895,25.8,20.6,20.43141746520996,12.0,,,0,12.0,29.6,17.6
1,1,0.0,19.200000000000003,9.200000000000001,1.0460005551447895,25.8,20.6,20.93141746520996,0.0,,,0,12.0,29.6,17.6
1,1,0.0,19.200000000000003,9.200000000000001,1.0460005551447895,25.8,20.6,21.43141746520996,12.0,,,0,12.0,29.6,17.6
1,1,0.0,19.200000000000003,9.200000000000001,1.0460005551447895,25.8,20.6,21.93141746520996,12.0,,,0,12.0,29.6,17.6
1,1,0.0,19.200000000000003,9.200000000000001,1.0460005551447895,25.8,20.6,22.43141746520996,12.0,,,0,12.0,29.6,17.6
1,1,0.0,19.200000000000003,9.200000000000001,1.0460005551447895,25.8,20.6,22.93141746520996,12.0,,,0,12.0,29.6,17.6
1,1,0.0,19.200000000000003,9.200000000000001,1.0460005551447895,25.8,20.6,23.43141746520996,12.0,,,0,12.0,29.6,17.6
1,1,0.0,19.200000000000003,9.200000000000001,1.0460005551447895,25.8,20.6,23.93141746520996,0.0,,,0,12.0,29.6,17.6
1,1,0.0,19.200000000000003,9.200000000000001,1.0460005551447895,25.8,20.6,24.43141746520996,12.0,,,0,12.0,29.6,17.6
1,1,0.0,19.200000000000003,9.200000000000001,1.0460005551447895,25.8,20.6,24.93141746520996,12.0,,,0,12.0,29.6,17.6
1,1,0.0,19.200000000000003,9.200000000000001,1.0460005551447895,25.8,20.6,25.43141746520996,12.0,,,0,12.0,29.6,17.6
1,1,0.0,19.200000000000003,9.200000000000001,1.0460005551447895,25.8,20.6,25.93141746520996,0.0,,,0,12.0,29.6,17.6
1,1,0.0,19.200000000000003,9.200000000000001,1.0460005551447895,25.8,20.6,26.43141746520996,0.0,,,0,12.0,29.6,17.6
1,1,0.0,19.200000000000003,9.200000000000001,1.0460005551447895,25.8,20.6,26.93141746520996,12.0,,,0,12.0,29.6,17.6
1,1,0.0,19.200000000000003,9.200000000000001,1.0460005551447895,25.8,20.6,27.43141746520996,12.0,,,0,12.0,29.6,17.6
1,1,0.0,19.200000000000003,9.200000000000001,1.0460005551447895,25.8,20.6,27.93141746520996,0.0,,,0,12.0,29.6,17.6
1,1,0.0,19.200000000000003,9.200000000000001,1.0460005551447895,25.8,20.6,28.43141746520996,12.0,,,0,12.0,29.6,17.6
1,1,0.0,19.200000000000003,9.200000000000001,1.0460005551447895,25.8,20.6,28.93141746520996,12.0,,,0,12.0,29.6,17.6
1,1,0.0,19.200000000000003,9.200000000000001,1.0460005551447895,25.8,20.6,29.43141746520996,12.0,,,0,12.0,29.6,17.6
1,1,0.0,19.200000000000003,9.200000000000001,1.0460005551447895,25.8,20.6,29.93141746520996,12.0,,,0,12.0,29.6,17.6
1,1,0.0,19.200000000000003,9.200000000000001,1.0460005551447895,25.8,20.6,30.43141746520996,12.0,,,0,12.0,29.6,17.6
1,1,0.0,19.200000000000003,9.200000000000001,1.0460005551447895,25.8,20.6,30.93141746520996,12.0,,,0,12.0,29.6,17.6
1,1,0.0,19.200000000000003,9.200000000000001,1.0460005551447895,25.8,20.6,31.43141746520996,12.0,,,0,12.0,29.6,17.6
1,1,0.0,19.200000000000003,9.200000000000001,1.0460005551447895,25.8,20.6,31.93141746520996,12.0,,,0,12.0,29.6,17.6
1,1,0.0,19.200000000000003,9.200000000000001,1.0460005551447895,25.8,20.6,32.43141555786133,0.0,,,0,12.0,29.6,17.6
1,1,0.0,19.200000000000003,9.200000000000001,1.0460005551447895,25.8,20.6,32.93141555786133,12.0,,,0,12.0,29.6,17.6
1,1,0.0,19.200000000000003,9.200000000000001,1.0460005551447895,25.8,20.6,33.43141555786133,12.0,,,0,12.0,29.6,17.6
1,1,0.0,19.200000000000003,9.200000000000001,1.0460005551447895,25.8,20.6,33.93141555786133,12.0,,,0,12.0,29.6,17.6
1,1,0.0,19.200000000000003,9.200000000000001,1.0460005551447895,25.8,20.6,34.43141555786133,12.0,,,0,12.0,29.6,17.6
1,1,0.0,19.200000000000003,9.200000000000001,1.0460005551447895,25.8,20.6,34.93141555786133,12.0,,,0,12.0,29.6,17.6
1,1,0.0,19.200000000000003,9.200000000000001,1.0460005551447895,25.8,20.6,35.43141555786133,12.0,,,0,12.0,29.6,17.6
1,1,0.0,19.200000000000003,9.200000000000001,1.0460005551447895,25.8,20.6,35.93141555786133,12.0,,,0,12.0,29.6,17.6
1,1,0.0,19.200000000000003,9.200000000000001,1.0460005551447895,25.8,20.6,36.43141555786133,12.0,,,0,12.0,29.6,17.6
1,1,0.0,19.200000000000003,9.200000000000001,1.0460005551447895,25.8,20.6,36.93141555786133,12.0,,,0,12.0,29.6,17.6
1,1,0.0,19.200000000000003,9.200000000000001,1.0460005551447895,25.8,20.6,37.43141555786133,12.0,,,0,12.0,29.6,17.6
1,1,0.0,19.200000000000003,9.200000000000001,1.0460005551447895,25.8,20.6,37.93141555786133,12.0,,,0,12.0,29.6,17.6
1,1,0.0,19.200000000000003,9.200000000000001,1.0460005551447895,25.8,20.6,38.43141555786133,12.0,,,0,12.0,29.6,17.6
1,1,0.0,19.200000000000003,9.200000000000001,1.0460005551447895,25.8,20.6,38.93141555786133,12.0,,,0,12.0,29.6,17.6
1,1,0.0,19.200000000000003,9.200000000000001,1.0460005551447895,25.8,20.6,39.43141555786133,0.0,,,0,12.0,29.6,17.6
1,1,0.0,19.200000000000003,9.200000000000001,1.0460005551447895,25.8,20.6,39.93141555786133,12.0,,,0,12.0,29.6,17.6
1,1,0.0,19.200000000000003,9.200000000000001,1.0460005551447895,25.8,20.6,40.43141555786133,12.0,,,0,12.0,29.6,17.6
1,1,0.0,19.200000000000003,9.200000000000001,1.0460005551447895,25.8,20.6,40.93141555786133,12.0,,,0,12.0,29.6,17.6
1,1,0.0,19.200000000000003,9.200000000000001,1.0460005551447895,25.8,20.6,41.43141555786133,12.0,,,0,12.0,29.6,17.6
1,1,0.0,19.200000000000003,9.200000000000001,1.0460005551447895,25.8,20.6,41.93141555786133,0.0,,,0,12.0,29.6,17.6
1,1,0.0,19.200000000000003,9.200000000000001,1.0460005551447895,25.8,20.6,42.43141555786133,12.0,,,0,12.0,29.6,17.6
1,1,0.0,19.200000000000003,9.200000000000001,1.0460005551447895,25.8,20.6,42.93141555786133,12.0,,,0,12.0,29.6,17.6
1,1,0.0,19.200000000000003,9.200000000000001,1.0460005551447895,25.8,20.6,43.43141555786133,12.0,,,0,12.0,29.6,17.6
1,1,0.0,19.200000000000003,9.200000000000001,1.0460005551447895,25.8,20.6,43.93141555786133,12.0,,,0,12.0,29.6,17.6
1,1,0.0,19.200000000000003,9.200000000000001,1.0460005551447895,25.8,20.6,44.43141555786133,12.0,,,0,12.0,29.6,17.6
1,1,0.0,19.200000000000003,9.200000000000001,1.0460005551447895,25.8,20.6,44.93141555786133,12.0,,,0,12.0,29.6,17.6
1,1,0.0,19.200000000000003,9.200000000000001,1.0460005551447895,25.8,20.6,45.43141555786133,12.0,,,0,12.0,29.6,17.6
1,1,0.0,19.200000000000003,9.200000000000001,1.0460005551447895,25.8,20.6,45.93141555786133,12.0,,,0,12.0,29.6,17.6
1,1,0.0,19.200000000000003,9.200000000000001,1.0460005551447895,25.8,20.6,46.43141555786133,12.0,,,0,12.0,29.6,17.6
1,1,0.0,19.200000000000003,9.200000000000001,1.0460005551447895,25.8,20.6,46.93141555786133,12.0,,,0,12.0,29.6,17.6
1,1,0.0,19.200000000000003,9.200000000000001,1.0460005551447895,25.8,20.6,47.43141555786133,12.0,,,0,12.0,29.6,17.6
1,1,0.0,19.200000000000003,9.200000000000001,1.0460005551447895,25.8,20.6,47.93141555786133,12.0,,,0,12.0,29.6,17.6
1,1,0.0,19.200000000000003,9.200000000000001,1.0460005551447895,25.8,20.6,48.43141555786133,12.0,,,0,12.0,29.6,17.6
1,1,0.0,19.200000000000003,9.200000000000001,1.0460005551447895,25.8,20.6,48.93141555786133,12.0,,,0,12.0,29.6,17.6
1,1,0.0,19.200000000000003,9.200000000000001,1.0460005551447895,25.8,20.6,49.43141555786133,12.0,,,0,12.0,29.6,17.6
1,1,0.0,19.200000000000003,9.200000000000001,1.0460005551447895,25.8,20.6,49.93141555786133,0.0,,,0,12.0,29.6,17.6
1,1,0.0,19.200000000000003,9.200000000000001,1.0460005551447895,25.8,20.6,50.43141555786133,0.0,,,0,11.934680938720703,29.6,17.6
1,1,0.0,19.200000000000003,9.200000000000001,1.0460005551447895,25.8,20.6,50.93141555786133,0.0,,,0,11.849682807922363,29.6,17.6
1,1,0.0,19.200000000000003,9.200000000000001,1.0460005551447895,25.8,20.6,51.43141555786133,11.786986351013184,26.536006927490234,18.399999618530273,1,11.766776084899902,29.6,17.6
1,1,0.0,19.200000000000003,9.200000000000001,1.0460005551447895,25.8,20.6,51.93141555786133,11.706114768981934,26.40557861328125,18.399999618530273,1,11.685904502868652,29.6,17.6
1,1,0.0,19.200000000000003,9.200000000000001,1.0460005551447895,25.8,20.6,52.43141555786133,11.627225875854492,26.276920318603516,18.399999618530273,1,11.607015609741211,29.6,17.6
1,1,0.0,19.200000000000003,9.200000000000001,1.0460005551447895,25.8,20.6,52.93141555786133,11.55026626586914,26.149978637695312,18.399999618530273,1,11.53005599975586,29.6,17.6
1,1,0.0,19.200000000000003,9.200000000000001,1.0460005551447895,25.8,20.6,53.43141555786133,11.475188255310059,26.02469825744629,18.399999618530273,1,11.454977989196777,29.6,17.6
1,1,0.0,19.200000000000003,9.200000000000001,1.0460005551447895,25.8,20.6,53.93141555786133,11.401942253112793,25.901031494140625,18.399999618530273,1,11.381731986999512,29.6,17.6
1,1,0.0,19.200000000000003,9.200000000000001,1.0460005551447895,25.8,20.6,54.43141555786133,11.330482482910156,25.7789249420166,18.399999618530273,1,11.310272216796875,29.6,17.6
1,1,0.0,19.200000000000003,9.200000000000001,1.0460005551447895,25.8,20.6,54.93141555786133,11.26076602935791,25.658334732055664,18.399999618530273,1,11.240555763244629,29.6,17.6
1,1,0.0,19.200000000000003,9.200000000000001,1.0460005551447895,25.8,20.6,55.43141555786133,0.0,,,0,11.172538757324219,29.6,17.6
1,1,0.0,19.200000000000003,9.200000000000001,1.0460005551447895,25.8,20.6,55.93141555786133,11.12639045715332,25.4215145111084,18.399999618530273,1,11.106180191040039,29.6,17.6
1,1,0.0,19.200000000000003,9.200000000000001,1.0460005551447895,25.8,20.6,56.43141555786133,11.061651229858398,25.30519676208496,18.399999618530273,1,11.041440963745117,29.6,17.6
1,1,0.0,19.200000000000003,9.200000000000001,1.0460005551447895,25.8,20.6,56.93141555786133,10.998494148254395,25.190217971801758,18.399999618530273,1,10.978283882141113,29.6,17.6
1,1,0.0,19.200000000000003,9.200000000000001,1.0460005551447895,25.8,20.6,57.43141555786133,10.936882019042969,25.076539993286133,18.399999618530273,1,10.916671752929688,29.6,17.6
1,1,0.0,19.200000000000003,9.200000000000001,1.0460005551447895,25.8,20.6,57.93141555786133,0.0,,,0,10.856569290161133,29.6,17.6
1,1,0.0,19.200000000000003,9.200000000000001,1.0460005551447895,25.8,20.6,58.43141555786133,10.818153381347656,24.85292625427246,18.399999618530273,1,10.797943115234375,29.6,17.6
1,1,0.0,19.200000000000003,9.200000000000001,1.0460005551447895,25.8,20.6,58.93141555786133,10.760970115661621,24.742916107177734,18.399999618530273,1,10.74075984954834,29.6,17.6
1,1,0.0,19.200000000000003,9.200000000000001,1.0460005551447895,25.8,20.6,59.43141555786133,10.705199241638184,24.634057998657227,18.399999618530273,1,10.684988975524902,29.6,17.6
1,1,0.0,19.200000000000003,9.200000000000001,1.0460005551447895,25.8,20.6,59.93141555786133,10.650809288024902,24.526315689086914,18.399999618530273,1,10.630599021911621,29.6,17.6
1,1,0.0,19.200000000000003,9.200000000000001,1.0460005551447895,25.8,20.6,60.43141555786133,10.597772598266602,24.41965675354004,18.399999618530273,1,10.57756233215332,29.6,17.6
1,1,0.0,19.200000000000003,9.200000000000001,1.0460005551447895,25.8,20.6,60.93141555786133,10.546059608459473,24.314048767089844,18.399999618530273,1,10.525849342346191,29.6,17.6
1,1,0.0,19.200000000000003,9.200000000000001,1.0460005551447895,25.8,20.6,61.43141555786133,0.0,,,0,10.475433349609375,29.6,17.6
1,1,0.0,19.200000000000003,9.200000000000001,1.0460005551447895,25.8,20.6,61.93141555786133,0.0,,,0,10.426287651062012,29.6,17.6
1,1,0.0,19.200000000000003,9.200000000000001,1.0460005551447895,25.8,20.6,62.43141555786133,0.0,,,0,10.378388404846191,29.6,17.6
1,1,0.0,19.200000000000003,9.200000000000001,1.0460005551447895,25.8,20.6,62.93141555786133,0.0,,,0,10.331709861755371,29.6,17.6
1,1,0.0,19.200000000000003,9.200000000000001,1.0460005551447895,25.8,20.6,63.43141555786133,0.0,,,0,10.286230087280273,29.6,17.6
1,1,0.0,19.200000000000003,9.200000000000001,1.0460005551447895,25.8,20.6,63.93141555786133,0.0,,,0,10.241924285888672,29.6,17.6
1,1,0.0,19.200000000000003,9.200000000000001,1.0460005551447895,25.8,20.6,64.4314193725586,10.218982696533203,23.601699829101562,18.399999618530273,1,10.198772430419922,29.6,17.6
1,1,0.0,19.200000000000003,9.200000000000001,1.0460005551447895,25.8,20.6,64.9314193725586,10.176963806152344,23.50344467163086,18.399999618530273,1,10.156753540039062,29.6,17.6
1,1,0.0,19.200000000000003,9.200000000000001,1.0460005551447895,25.8,20.6,65.4314193725586,0.0,,,0,10.115845680236816,29.6,17.6
1,1,0.0,19.200000000000003,9.200000000000001,1.0460005551447895,25.8,20.6,65.9314193725586,10.096240997314453,23.309307098388672,18.399999618530273,1,10.076030731201172,29.6,17.6
1,1,0.0,19.200000000000003,9.200000000000001,1.0460005551447895,25.8,20.6,66.4314193725586,10.057499885559082,23.213375091552734,18.399999618530273,1,10.0372896194458,29.6,17.6
1,1,0.0,19.200000000000003,9.200000000000001,1.0460005551447895,25.8,20.6,66.9314193725586,10.019813537597656,23.11817169189453,18.399999618530273,1,9.999603271484375,29.6,17.6
1,1,0.0,19.200000000000003,9.200000000000001,1.0460005551447895,25.8,20.6,67.4314193725586,9.983165740966797,23.023672103881836,18.399999618530273,1,9.962955474853516,29.6,17.6
1,1,0.0,19.200000000000003,9.200000000000001,1.0460005551447895,25.8,20.6,67.9314193725586,9.947538375854492,22.92985725402832,18.399999618530273,1,9.927328109741211,29.6,17.6
1,1,0.0,19.200000000000003,9.200000000000001,1.0460005551447895,25.8,20.6,68.4314193725586,9.912915229797363,22.83670425415039,18.399999618530273,1,9.892704963684082,29.6,17.6
1,1,0.0,19.200000000000003,9.200000000000001,1.0460005551447895,25.8,20.6,68.9314193725586,9.879281044006348,22.744190216064453,18.399999618530273,1,9.859070777893066,29.6,17.6
1,1,0.0,19.200000000000003,9.200000000000001,1.0460005551447895,25.8,20.6,69.4314193725586,9.8466215133667,22.65229606628418,18.399999618530273,1,9.826411247253418,29.6,17.6
1,1,0.0,19.200000000000003,9.200000000000001,1.0460005551447895,25.8,20.6,69.9314193725586,9.814920425415039,22.561002731323242,18.399999618530273,1,9.794710159301758,29.6,17.6
1,1,0.0,19.200000000000003,9.200000000000001,1.0460005551447895,25.8,20.6,70.4314193725586,0.0,,,0,9.763954162597656,29.6,17.6
1,1,0.0,19.200000000000003,9.200000000000001,1.0460005551447895,25.8,20.6,70.9314193725586,9.754339218139648,22.380136489868164,18.399999618530273,1,9.734128952026367,29.6,17.6
1,1,0.0,19.200000000000003,9.200000000000001,1.0460005551447895,25.8,20.6,71.4314193725586,9.725433349609375,22.29052734375,18.399999618530273,1,9.705223083496094,29.6,17.6
1,1,0.0,19.200000000000003,9.200000000000001,1.0460005551447895,25.8,20.6,71.9314193725586,9.697433471679688,22.201440811157227,18.399999618530273,1,9.677223205566406,29.6,17.6
1,1,0.0,19.200000000000003,9.200000000000001,1.0460005551447895,25.8,20.6,72.4314193725586,9.670327186584473,22.11285972595215,18.399999618530273,1,9.650116920471191,29.6,17.6
1,1,0.0,19.200000000000003,9.200000000000001,1.0460005551447895,25.8,20.6,72.9314193725586,9.644103050231934,22.024768829345703,18.399999618530273,1,9.623892784118652,29.6,17.6
1,1,0.0,19.200000000000003,9.200000000000001,1.0460005551447895,25.8,20.6,73.4314193725586,9.61875057220459,21.93714714050293,18.399999618530273,1,9.598540306091309,29.6,17.6
1,1,0.0,19.200000000000003,9.200000000000001,1.0460005551447895,25.8,20.6,73.9314193725586,9.594258308410645,21.849979400634766,18.399999618530273,1,9.574048042297363,29.6,17.6
1,1,0.0,19.200000000000003,9.200000000000001,1.0460005551447895,25.8,20.6,74.4314193725586,0.0,,,0,9.550405502319336,29.6,17.6
1,1,0.0,19.200000000000003,9.200000000000001,1.0460005551447895,25.8,20.6,74.9314193725586,9.547813415527344,21.676939010620117,18.399999618530273,1,9.527603149414062,29.6,17.6
1,1,0.0,19.200000000000003,9.200000000000001,1.0460005551447895,25.8,20.6,75.4314193725586,9.525842666625977,21.591033935546875,18.399999618530273,1,9.505632400512695,29.6,17.6
1,1,0.0,19.200000000000003,9.200000000000001,1.0460005551447895,25.8,20.6,75.9314193725586,9.504693031311035,21.505517959594727,18.399999618530273,1,9.484482765197754,29.6,17.6
1,1,0.0,19.200000000000003,9.200000000000001,1.0460005551447895,25.8,20.6,76.4314193725586,0.0,,,0,9.464146614074707,29.6,17.6
1,1,0.0,19.200000000000003,9.200000000000001,1.0460005551447895,25.8,20.6,76.9314193725586,9.464824676513672,21.335590362548828,18.399999618530273,1,9.44461441040039,29.6,17.6
1,1,0.0,19.200000000000003,9.200000000000001,1.0460005551447895,25.8,20.6,77.4314193725586,9.446089744567871,21.251148223876953,18.399999618530273,1,9.42587947845459,29.6,17.6
1,1,0.0,19.200000000000003,9.200000000000001,1.0460005551447895,25.8,20.6,77.9314193725586,0.0,,,0,9.407934188842773,29.6,17.6
1,1,0.0,19.200000000000003,9.200000000000001,1.0460005551447895,25.8,20.6,78.4314193725586,9.410980224609375,21.083232879638672,18.399999618530273,1,9.390769958496094,29.6,17.6
1,1,0.0,19.200000000000003,9.200000000000001,1.0460005551447895,25.8,20.6,78.9314193725586,9.394591331481934,20.99972915649414,18.399999618530273,1,9.374381065368652,29.6,17.6
1,1,0.0,19.200000000000003,9.200000000000001,1.0460005551447895,25.8,20.6,79.4314193725586,9.378972053527832,20.91651153564453,18.399999618530273,1,9.35876178741455,29.6,17.6
1,1,0.0,19.200000000000003,9.200000000000001,1.0460005551447895,25.8,20.6,79.9314193725586,9.364113807678223,20.83356475830078,18.399999618530273,1,9.343903541564941,29.6,17.6
1,1,0.0,19.200000000000003,9.200000000000001,1.0460005551447895,25.8,20.6,80.4314193725586,0.0,,,0,9.329802513122559,29.6,17.6
1,1,0.0,19.200000000000003,9.200000000000001,1.0460005551447895,25.8,20.6,80.9314193725586,9.336662292480469,20.668428421020508,18.399999618530273,1,9.316452026367188,29.6,17.6
1,1,0.0,19.200000000000003,9.200000000000001,1.0460005551447895,25.8,20.6,81.4314193725586,9.324057579040527,20.586210250854492,18.399999618530273,1,9.303847312927246,29.6,17.6
1,1,0.0,19.200000000000003,9.200000000000001,1.0460005551447895,25.8,20.6,81.9314193725586,9.312193870544434,20.504207611083984,18.399999618530273,1,9.291983604431152,29.6,17.6
1,1,0.0,19.200000000000003,9.200000000000001,1.0460005551447895,25.8,20.6,82.4314193725586,9.301065444946289,20.422407150268555,18.399999618530273,1,9.280855178833008,29.6,17.6
1,1,0.0,19.200000000000003,9.200000000000001,1.0460005551447895,25.8,20.6,82.9314193725586,9.290669441223145,20.340797424316406,18.399999618530273,1,9.270459175109863,29.6,17.6
1,1,0.0,19.200000000000003,9.200000000000001,1.0460005551447895,25.8,20.6,83.4314193725586,9.281001091003418,20.25936508178711,18.399999618530273,1,9.260790824890137,29.6,17.6
1,1,0.0,19.200000000000003,9.200000000000001,1.0460005551447895,25.8,20.6,83.9314193725586,0.0,,,0,9.251846313476562,29.6,17.6
1,1,0.0,19.200000000000003,9.200000000000001,1.0460005551447895,25.8,20.6,84.4314193725586,0.0,,,0,9.243622779846191,29.6,17.6
1,1,0.0,19.200000000000003,9.200000000000001,1.0460005551447895,25.8,20.6,84.9314193725586,9.256326675415039,20.015993118286133,18.399999618530273,1,9.236116409301758,29.6,17.6
1,1,0.0,19.200000000000003,9.200000000000001,1.0460005551447895,25.8,20.6,85.4314193725586,0.0,,,0,9.229324340820312,29.6,17.6
1,1,0.0,19.200000000000003,9.200000000000001,1.0460005551447895,25.8,20.6,85.9314193725586,0.0,,,0,9.223243713378906,29.6,17.6
1,1,0.0,19.200000000000003,9.200000000000001,1.0460005551447895,25.8,20.6,86.4314193725586,0.0,,,0,9.217873573303223,29.6,17.6
1,1,0.0,19.200000000000003,9.200000000000001,1.0460005551447895,25.8,20.6,86.9314193725586,9.233420372009277,19.693195343017578,18.399999618530273,1,9.213210105895996,29.6,17.6
1,1,0.0,19.200000000000003,9.200000000000001,1.0460005551447895,25.8,20.6,87.4314193725586,9.229462623596191,19.612714767456055,18.399999618530273,1,9.20925235748291,29.6,17.6
1,1,0.0,19.200000000000003,9.200000000000001,1.0460005551447895,25.8,20.6,87.9314193725586,9.22620964050293,19.532297134399414,18.399999618530273,1,9.205999374389648,29.6,17.6
1,1,0.0,19.200000000000003,9.200000000000001,1.0460005551447895,25.8,20.6,88.4314193725586,9.223658561706543,19.45193099975586,18.399999618530273,1,9.203448295593262,29.6,17.6
1,1,0.0,19.200000000000003,9.200000000000001,1.0460005551447895,25.8,20.6,88.9314193725586,9.221810340881348,19.37160301208496,18.399999618530273,1,9.201600074768066,29.6,17.6
1,1,0.0,19.200000000000003,9.200000000000001,1.0460005551447895,25.8,20.6,89.4314193725586,9.220663070678711,19.29129981994629,18.399999618530273,1,9.20045280456543,29.6,17.6
1,1,0.0,19.200000000000003,9.200000000000001,1.0460005551447895,25.8,20.6,89.9314193725586,0.0,,,0,9.200006484985352,29.6,17.6
1,1,0.0,19.200000000000003,9.200000000000001,1.0460005551447895,25.8,20.6,90.4314193725586,9.220471382141113,19.130725860595703,18.399999618530273,1,9.200261116027832,29.6,17.6
1,1,0.0,19.200000000000003,9.200000000000001,1.0460005551447895,25.8,20.6,90.9314193725586,9.221426010131836,19.05042839050293,18.399999618530273,1,9.201215744018555,29.6,17.6
1,1,0.0,19.200000000000003,9.200000000000001,1.0460005551447895,25.8,20.6,91.4314193725586,9.223082542419434,18.970109939575195,18.399999618530273,1,9.202872276306152,29.6,17.6
1,1,0.0,19.200000000000003,9.200000000000001,1.0460005551447895,25.8,20.6,91.9314193725586,0.0,,,0,9.205229759216309,29.6,17.6
1,1,0.0,19.200000000000003,9.200000000000001,1.0460005551447895,25.8,20.6,92.4314193725586,9.228500366210938,18.80935287475586,18.399999618530273,1,9.208290100097656,29.6,17.6
1,1,0.0,19.200000000000003,9.200000000000001,1.0460005551447895,25.8,20.6,92.9314193725586,0.0,,,0,9.212054252624512,29.6,17.6
1,1,0.0,19.200000000000003,9.200000000000001,1.0460005551447895,25.8,20.6,93.4314193725586,9.236734390258789,18.648357391357422,18.399999618530273,1,9.216524124145508,29.6,17.6
1,1,0.0,19.200000000000003,9.200000000000001,1.0460005551447895,25.8,20.6,93.9314193725586,9.241910934448242,18.567739486694336,18.399999618530273,1,9.221700668334961,29.6,17.6
1,1,0.0,19.200000000000003,9.200000000000001,1.0460005551447895,25.8,20.6,94.4314193725586,0.0,,,0,9.227585792541504,29.6,17.6
1,1,0.0,19.200000000000003,9.200000000000001,1.0460005551447895,25.8,20.6,94.9314193725586,9.254392623901367,18.406200408935547,18.399999618530273,1,9.234182357788086,29.6,17.6
1,1,0.0,19.200000000000003,9.200000000000001,1.0460005551447895,25.8,20.6,95.4314193725586,0.0,,,0,9.24149227142334,29.6,17.6
1,1,0.0,19.200000000000003,9.200000000000001,1.0460005551447895,25.8,20.6,95.9314193725586,9.269729614257812,18.244173049926758,18.399999618530273,1,9.249519348144531,29.6,17.6
1,1,0.0,19.200000000000003,9.200000000000001,1.0460005551447895,25.8,20.6,96.4314193725586,9.278475761413574,18.162946701049805,18.399999618530273,1,9.258265495300293,29.6,17.6
1,1,0.0,19.200000000000003,9.200000000000001,1.0460005551447895,25.8,20.6,96.9314193725586,9.287944793701172,18.081558227539062,18.399999618530273,1,9.26773452758789,29.6,17.6
1,1,0.0,19.200000000000003,9.200000000000001,1.0460005551447895,25.8,20.6,97.4314193725586,0.0,,,0,9.277931213378906,29.6,17.6
1,1,0.0,19.200000000000003,9.200000000000001,1.0460005551447895,25.8,20.6,97.9314193725586,9.309067726135254,17.91825294494629,18.399999618530273,1,9.288857460021973,29.6,17.6
1,1,0.0,19.200000000000003,9.200000000000001,1.0460005551447895,25.8,20.6,98.4314193725586,9.32072925567627,17.836307525634766,18.399999618530273,1,9.300518989562988,29.6,17.6
1,1,0.0,19.200000000000003,9.200000000000001,1.0460005551447895,25.8,20.6,98.9314193725586,9.333130836486816,17.754150390625,18.399999618530273,1,9.312920570373535,29.6,17.6
1,1,0.0,19.200000000000003,9.200000000000001,1.0460005551447895,25.8,20.6,99.4314193725586,9.346275329589844,17.67176628112793,18.399999618530273,1,9.326065063476562,29.6,17.6
1,1,0.0,19.200000000000003,9.200000000000001,1.0460005551447895,25.8,20.6,99.9314193725586,9.360170364379883,17.589143753051758,18.399999618530273,1,9.339960098266602,29.6,17.6
1,1,0.0,19.200000000000003,9.200000000000001,1.0460005551447895,25.8,20.6,100.4314193725586,0.0,,,0,9.354609489440918,29.6,17.6
1,1,0.0,19.200000000000003,9.200000000000001,1.0460005551447895,25.8,20.6,100.9314193725586,9.390230178833008,17.423126220703125,18.399999618530273,1,9.370019912719727,29.6,17.6
1,1,0.0,19.200000000000003,9.200000000000001,1.0460005551447895,25.8,20.6,101.4314193725586,9.406407356262207,17.339704513549805,18.399999618530273,1,9.386197090148926,29.6,17.6
1,1,0.0,19.200000000000003,9.200000000000001,1.0460005551447895,25.8,20.6,101.9314193725586,9.423357963562012,17.2559871673584,18.399999618530273,1,9.40314769744873,29.6,17.6
1,1,0.0,19.200000000000003,9.200000000000001,1.0460005551447895,25.8,20.6,102.4314193725586,9.441088676452637,17.171958923339844,18.399999618530273,1,9.420878410339355,29.6,17.6
1,1,0.0,19.200000000000003,9.200000000000001,1.0460005551447895,25.8,20.6,102.9314193725586,0.0,,,0,9.439395904541016,29.6,17.6
1,1,0.0,19.200000000000003,9.200000000000001,1.0460005551447895,25.8,20.6,103.4314193725586,9.47891902923584,17.002918243408203,18.399999618530273,1,9.458708763122559,29.6,17.6
1,1,0.0,19.200000000000003,9.200000000000001,1.0460005551447895,25.8,20.6,103.9314193725586,9.49903392791748,16.917875289916992,18.399999618530273,1,9.4788236618042,29.6,17.6
1,1,0.0,19.200000000000003,9.200000000000001,1.0460005551447895,25.8,20.6,104.4314193725586,9.519959449768066,16.83246421813965,18.399999618530273,1,9.499749183654785,29.6,17.6
1,1,0.0,19.200000000000003,9.200000000000001,1.0460005551447895,25.8,20.6,104.9314193725586,9.541704177856445,16.746665954589844,18.399999618530273,1,9.521493911743164,29.6,17.6
1,1,0.0,19.200000000000003,9.200000000000001,1.0460005551447895,25.8,20.6,105.4314193725586,9.564277648925781,16.66046905517578,18.399999618530273,1,9.5440673828125,29.6,17.6
1,1,0.0,19.200000000000003,9.200000000000001,1.0460005551447895,25.8,20.6,105.9314193725586,9.587688446044922,16.573856353759766,18.399999618530273,1,9.56747817993164,29.6,17.6
1,1,0.0,19.200000000000003,9.200000000000001,1.0460005551447895,25.8,20.6,106.4314193725586,9.611946105957031,16.4868106842041,18.399999618530273,1,9.59173583984375,29.6,17.6
1,1,0.0,19.200000000000003,9.200000000000001,1.0460005551447895,25.8,20.6,106.9314193725586,9.637062072753906,16.399314880371094,18.399999618530273,1,9.616851806640625,29.6,17.6
1,1,0.0,19.200000000000003,9.200000000000001,1.0460005551447895,25.8,20.6,107.4314193725586,9.663045883178711,16.31135368347168,18.399999618530273,1,9.64283561706543,29.6,17.6
1,1,0.0,19.200000000000003,9.200000000000001,1.0460005551447895,25.8,20.6,107.9314193725586,9.689908981323242,16.222909927368164,18.399999618530273,1,9.669698715209961,29.6,17.6
1,1,0.0,19.200000000000003,9.200000000000001,1.0460005551447895,25.8,20.6,108.4314193725586,9.717662811279297,16.133962631225586,18.399999618530273,1,9.697452545166016,29.6,17.6
1,1,0.0,19.200000000000003,9.200000000000001,1.0460005551447895,25.8,20.6,108.9314193725586,0.0,,,0,9.72610855102539,29.6,17.6
1,1,0.0,19.200000000000003,9.200000000000001,1.0460005551447895,25.8,20.6,109.4314193725586,9.775890350341797,15.954497337341309,18.399999618530273,1,9.755680084228516,29.6,17.6
1,1,0.0,19.200000000000003,9.200000000000001,1.0460005551447895,25.8,20.6,109.9314193725586,0.0,,,0,9.786178588867188,29.6,17.6
1,1,0.0,19.200000000000003,9.200000000000001,1.0460005551447895,25.8,20.6,110.4314193725586,9.83782958984375,15.772807121276855,18.399999618530273,1,9.817619323730469,29.6,17.6
1,1,0.0,19.200000000000003,9.200000000000001,1.0460005551447895,25.8,20.6,110.9314193725586,9.870224952697754,15.681079864501953,18.399999618530273,1,9.850014686584473,29.6,17.6
1,1,0.0,19.200000000000003,9.200000000000001,1.0460005551447895,25.8,20.6,111.4314193725586,9.903590202331543,15.588738441467285,18.399999618530273,1,9.883379936218262,29.6,17.6
1,1,0.0,19.200000000000003,9.200000000000001,1.0460005551447895,25.8,20.6,111.9314193725586,9.93794059753418,15.495762825012207,18.399999618530273,1,9.917730331420898,29.6,17.6
1,1,0.0,19.200000000000003,9.200000000000001,1.0460005551447895,25.8,20.6,112.4314193725586,9.97329044342041,15.402131080627441,18.399999618530273,1,9.953080177307129,29.6,17.6
1,1,0.0,19.200000000000003,9.200000000000001,1.0460005551447895,25.8,20.6,112.9314193725586,10.00965690612793,15.307821273803711,18.399999618530273,1,9.989446640014648,29.6,17.6
1,1,0.0,19.200000000000003,9.200000000000001,1.0460005551447895,25.8,20.6,113.4314193725586,10.047057151794434,15.212813377380371,18.399999618530273,1,10.026846885681152,29.6,17.6
1,1,0.0,19.200000000000003,9.200000000000001,1.0460005551447895,25.8,20.6,113.9314193725586,10.0855073928833,15.117084503173828,18.399999618530273,1,10.06529712677002,29.6,17.6
1,1,0.0,19.200000000000003,9.200000000000001,1.0460005551447895,25.8,20.6,114.4314193725586,10.125025749206543,15.020610809326172,18.399999618530273,1,10.104815483093262,29.6,17.6
1,1,0.0,19.200000000000003,9.200000000000001,1.0460005551447895,25.8,20.6,114.9314193725586,0.0,,,0,10.145421028137207,29.6,17.6
1,1,0.0,19.200000000000003,9.200000000000001,1.0460005551447895,25.8,20.6,115.4314193725586,10.207344055175781,14.825335502624512,18.399999618530273,1,10.1871337890625,29.6,17.6
1,1,0.0,19.200000000000003,9.200000000000001,1.0460005551447895,25.8,20.6,115.9314193725586,10.25018310546875,14.726484298706055,18.399999618530273,1,10.229972839355469,29.6,17.6
1,1,0.0,19.200000000000003,9.200000000000001,1.0460005551447895,25.8,20.6,116.4314193725586,10.294169425964355,14.626791000366211,18.399999618530273,1,10.273959159851074,29.6,17.6
1,1,0.0,19.200000000000003,9.200000000000001,1.0460005551447895,25.8,20.6,116.9314193725586,10.339324951171875,14.526228904724121,18.399999618530273,1,10.319114685058594,29.6,17.6
1,1,0.0,19.200000000000003,9.200000000000001,1.0460005551447895,25.8,20.6,117.4314193725586,10.385672569274902,14.424771308898926,18.399999618530273,1,10.365462303161621,29.6,17.6
1,1,0.0,19.200000000000003,9.200000000000001,1.0460005551447895,25.8,20.6,117.9314193725586,10.433235168457031,14.322389602661133,18.399999618530273,1,10.41302490234375,29.6,17.6
1,1,0.0,19.200000000000003,9.200000000000001,1.0460005551447895,25.8,20.6,118.4314193725586,10.482035636901855,14.219057083129883,18.399999618530273,1,10.461825370788574,29.6,17.6
1,1,0.0,19.200000000000003,9.200000000000001,1.0460005551447895,25.8,20.6,118.9314193725586,10.532100677490234,14.11474323272705,18.399999618530273,1,10.511890411376953,29.6,17.6
1,1,0.0,19.200000000000003,9.200000000000001,1.0460005551447895,25.8,20.6,119.4314193725586,10.583455085754395,14.009418487548828,18.399999618530273,1,10.563244819641113,29.6,17.6
1,1,0.0,19.200000000000003,9.200000000000001,1.0460005551447895,25.8,20.6,119.9314193725586,10.636126518249512,13.903050422668457,18.399999618530273,1,10.61591625213623,29.6,17.6
1,1,0.0,19.200000000000003,9.200000000000001,1.0460005551447895,25.8,20.6,120.4314193725586,10.690141677856445,13.795608520507812,18.399999618530273,1,10.669931411743164,29.6,17.6
1,1,0.0,19.200000000000003,9.200000000000001,1.0460005551447895,25.8,20.6,120.9314193725586,10.74553108215332,13.68705940246582,18.399999618530273,1,10.725320816040039,29.6,17.6
1,1,0.0,19.200000000000003,9.200000000000001,1.0460005551447895,25.8,20.6,121.4314193725586,0.0,,,0,10.782114028930664,29.6,17.6
1,1,0.0,19.200000000000003,9.200000000000001,1.0460005551447895,25.8,20.6,121.9314193725586,10.860550880432129,13.466503143310547,18.399999618530273,1,10.840340614318848,29.6,17.6
1,1,0.0,19.200000000000003,9.200000000000001,1.0460005551447895,25.8,20.6,122.4314193725586,10.920245170593262,13.354423522949219,18.399999618530273,1,10.90003490447998,29.6,17.6
1,1,0.0,19.200000000000003,9.200000000000001,1.0460005551447895,25.8,20.6,122.9314193725586,10.981439590454102,13.241094589233398,18.399999618530273,1,10.96122932434082,29.6,17.6
1,1,0.0,19.200000000000003,9.200000000000001,1.0460005551447895,25.8,20.6,123.4314193725586,0.0,,,0,11.023959159851074,29.6,17.6
1,1,0.0,19.200000000000003,9.200000000000001,1.0460005551447895,25.8,20.6,123.9314193725586,11.108470916748047,13.010531425476074,18.399999618530273,1,11.088260650634766,29.6,17.6
1,1,0.0,19.200000000000003,9.200000000000001,1.0460005551447895,25.8,20.6,124.4314193725586,11.174381256103516,12.893216133117676,18.399999618530273,1,11.154170989990234,29.6,17.6
1,1,0.0,19.200000000000003,9.200000000000001,1.0460005551447895,25.8,20.6,124.9314193725586,11.241939544677734,12.77448844909668,18.399999618530273,1,11.221729278564453,29.6,17.6
1,1,0.0,19.200000000000003,9.200000000000001,1.0460005551447895,25.8,20.6,125.4314193725586,11.311185836791992,12.654304504394531,18.399999618530273,1,11.290975570678711,29.6,17.6
1,1,0.0,19.200000000000003,9.200000000000001,1.0460005551447895,25.8,20.6,125.9314193725586,11.382163047790527,12.53261947631836,18.399999618530273,1,11.361952781677246,29.6,17.6
1,1,0.0,19.200000000000003,9.200000000000001,1.0460005551447895,25.8,20.6,126.4314193725586,0.0,,,0,11.434703826904297,29.6,17.6
1,1,0.0,19.200000000000003,9.200000000000001,1.0460005551447895,25.8,20.6,126.9314193725586,11.529484748840332,12.284552574157715,18.399999618530273,1,11.50927448272705,29.6,17.6
1,1,0.0,19.200000000000003,9.200000000000001,1.0460005551447895,25.8,20.6,127.4314193725586,11.52984619140625,12.204313278198242,18.339588165283203,1,11.509635925292969,29.6,17.6
1,1,0.0,19.200000000000003,9.200000000000001,1.0460005551447895,25.8,20.6,127.9314193725586,11.400533676147461,12.204313278198242,18.176197052001953,1,11.38032341003418,29.6,17.6
1,1,0.0,19.200000000000003,9.200000000000001,1.0460005551447895,25.8,20.6,128.43141174316406,11.274942398071289,12.204313278198242,18.01642608642578,1,11.254732131958008,29.6,17.6
1,1,0.0,19.200000000000003,9.200000000000001,1.0460005551447895,25.8,20.6,128.93141174316406,11.152931213378906,12.204313278198242,17.86012840270996,1,11.132720947265625,29.6,17.6
1,1,0.0,19.200000000000003,9.200000000000001,1.0460005551447895,25.8,20.6,129.43141174316406,11.034366607666016,12.204313278198242,17.70717430114746,1,11.014156341552734,29.6,17.6
1,1,0.0,19.200000000000003,9.200000000000001,1.0460005551447895,25.8,20.6,129.93141174316406,10.919122695922852,12.204313278198242,17.557432174682617,1,10.89891242980957,29.6,17.6
1,1,0.0,19.200000000000003,9.200000000000001,1.0460005551447895,25.8,20.6,130.43141174316406,10.80707836151123,12.204313278198242,17.410778045654297,1,10.78686809539795,29.6,17.6
1,1,0.0,19.200000000000003,9.200000000000001,1.0460005551447895,25.8,20.6,130.93141174316406,10.698119163513184,12.204313278198242,17.267099380493164,1,10.677908897399902,29.6,17.6
1,1,0.0,19.200000000000003,9.200000000000001,1.0460005551447895,25.8,20.6,131.43141174316406,10.59213638305664,12.204313278198242,17.126283645629883,1,10.57192611694336,29.6,17.6
1,1,0.0,19.200000000000003,9.200000000000001,1.0460005551447895,25.8,20.6,131.93141174316406,10.489025115966797,12.204313278198242,16.98822593688965,1,10.468814849853516,29.6,17.6
1,1,0.0,19.200000000000003,9.200000000000001,1.0460005551447895,25.8,20.6,132.43141174316406,10.388689041137695,12.204313278198242,16.85282325744629,1,10.368478775024414,29.6,17.6
1,1,0.0,19.200000000000003,9.200000000000001,1.0460005551447895,25.8,20.6,132.93141174316406,10.291031837463379,12.204313278198242,16.719982147216797,1,10.270821571350098,29.6,17.6
1,1,0.0,19.200000000000003,9.200000000000001,1.0460005551447895,25.8,20.6,133.43141174316406,10.195964813232422,12.204313278198242,16.589611053466797,1,10.17575454711914,29.6,17.6
1,1,0.0,19.200000000000003,9.200000000000001,1.0460005551447895,25.8,20.6,133.93141174316406,10.103403091430664,12.204313278198242,16.461620330810547,1,10.083192825317383,29.6,17.6
1,1,0.0,19.200000000000003,9.200000000000001,1.0460005551447895,25.8,20.6,134.43141174316406,10.013263702392578,12.204313278198242,16.335927963256836,1,9.993053436279297,29.6,17.6
1,1,0.0,19.200000000000003,9.200000000000001,1.0460005551447895,25.8,20.6,134.93141174316406,9.925469398498535,12.204313278198242,16.21245574951172,1,9.905259132385254,29.6,17.6
1,1,0.0,19.200000000000003,9.200000000000001,1.0460005551447895,25.8,20.6,135.43141174316406,9.839945793151855,12.204313278198242,16.091121673583984,1,9.819735527038574,29.6,17.6
1,1,0.0,19.200000000000003,9.200000000000001,1.0460005551447895,25.8,20.6,135.93141174316406,0.0,,,0,9.736411094665527,29.6,17.6
1,1,0.0,19.200000000000003,9.200000000000001,1.0460005551447895,25.8,20.6,136.43141174316406,0.0,,,0,9.655218124389648,29.6,17.6
1,1,0.0,19.200000000000003,9.200000000000001,1.0460005551447895,25.8,20.6,136.93141174316406,9.596301078796387,12.204313278198242,15.739256858825684,1,9.576090812683105,29.6,17.6
1,1,0.0,19.200000000000003,9.200000000000001,1.0460005551447895,25.8,20.6,137.43141174316406,9.51917839050293,12.204313278198242,15.625787734985352,1,9.498968124389648,29.6,17.6
1,1,0.0,19.200000000000003,9.200000000000001,1.0460005551447895,25.8,20.6,137.93141174316406,0.0,,,0,9.423789024353027,29.6,17.6
1,1,0.0,19.200000000000003,9.200000000000001,1.0460005551447895,25.8,20.6,138.43141174316406,9.370707511901855,12.204313278198242,15.404205322265625,1,9.350497245788574,29.6,17.6
1,1,0.0,19.200000000000003,9.200000000000001,1.0460005551447895,25.8,20.6,138.93141174316406,9.299248695373535,12.204313278198242,15.295974731445312,1,9.279038429260254,29.6,17.6
1,1,0.0,19.200000000000003,9.200000000000001,1.0460005551447895,25.8,20.6,139.43141174316406,0.0,,,0,9.209359169006348,29.6,17.6
1,1,0.0,19.200000000000003,9.200000000000001,1.0460005551447895,25.8,20.6,139.93141174316406,0.0,,,0,9.141408920288086,29.6,17.6
1,1,0.0,19.200000000000003,9.200000000000001,1.0460005551447895,25.8,20.6,140.43141174316406,9.095351219177246,12.204313278198242,14.980877876281738,1,9.075140953063965,29.6,17.6
1,1,0.0,19.200000000000003,9.200000000000001,1.0460005551447895,25.8,20.6,140.93141174316406,9.030717849731445,12.204313278198242,14.878873825073242,1,9.010507583618164,29.6,17.6
1,1,0.0,19.200000000000003,9.200000000000001,1.0460005551447895,25.8,20.6,141.43141174316406,8.96767520904541,12.204313278198242,14.778306007385254,1,8.947464942932129,29.6,17.6
1,1,0.0,19.200000000000003,9.200000000000001,1.0460005551447895,25.8,20.6,141.93141174316406,8.906181335449219,12.204313278198242,14.67912769317627,1,8.885971069335938,29.6,17.6
1,1,0.0,19.200000000000003,9.200000000000001,1.0460005551447895,25.8,20.6,142.43141174316406,8.84619426727295,12.204313278198242,14.58129596710205,1,8.825984001159668,29.6,17.6
1,1,0.0,19.200000000000003,9.200000000000001,1.0460005551447895,25.8,20.6,142.93141174316406,8.787673950195312,12.204313278198242,14.484768867492676,1,8.767463684082031,29.6,17.6
1,1,0.0,19.200000000000003,9.200000000000001,1.0460005551447895,25.8,20.6,143.43141174316406,8.730584144592285,12.204313278198242,14.389506340026855,1,8.710373878479004,29.6,17.6
1,1,0.0,19.200000000000003,9.200000000000001,1.0460005551447895,25.8,20.6,143.93141174316406,8.674887657165527,12.204313278198242,14.295469284057617,1,8.654677391052246,29.6,17.6
1,1,0.0,19.200000000000003,9.200000000000001,1.0460005551447895,25.8,20.6,144.43141174316406,0.0,,,0,8.600339889526367,29.6,17.6
1,1,0.0,19.200000000000003,9.200000000000001,1.0460005551447895,25.8,20.6,144.93141174316406,8.567537307739258,12.204313278198242,14.110922813415527,1,8.547327041625977,29.6,17.6
1,1,0.0,19.200000000000003,9.200000000000001,1.0460005551447895,25.8,20.6,145.43141174316406,8.515816688537598,12.204313278198242,14.020341873168945,1,8.495606422424316,29.6,17.6
1,1,0.0,19.200000000000003,9.200000000000001,1.0460005551447895,25.8,20.6,145.93141174316406,8.465357780456543,12.204313278198242,13.9308443069458,1,8.445147514343262,29.6,17.6
1,1,0.0,19.200000000000003,9.200000000000001,1.0460005551447895,25.8,20.6,146.43141174316406,8.416131019592285,12.204313278198242,13.842395782470703,1,8.395920753479004,29.6,17.6
1,1,0.0,19.200000000000003,9.200000000000001,1.0460005551447895,25.8,20.6,146.93141174316406,0.0,,,0,8.347895622253418,29.6,17.6
1,1,0.0,19.200000000000003,9.200000000000001,1.0460005551447895,25.8,20.6,147.43141174316406,0.0,,,0,8.301045417785645,29.6,17.6
1,1,0.0,19.200000000000003,9.200000000000001,1.0460005551447895,25.8,20.6,147.93141174316406,8.275553703308105,12.204313278198242,13.583043098449707,1,8.255343437194824,29.6,17.6
1,1,0.0,19.200000000000003,9.200000000000001,1.0460005551447895,25.8,20.6,148.43141174316406,8.230974197387695,12.204313278198242,13.498489379882812,1,8.210763931274414,29.6,17.6
1,1,0.0,19.200000000000003,9.200000000000001,1.0460005551447895,25.8,20.6,148.93141174316406,8.187492370605469,12.204313278198242,13.414837837219238,1,8.167282104492188,29.6,17.6
1,1,0.0,19.200000000000003,9.200000000000001,1.0460005551447895,25.8,20.6,149.43141174316406,8.145084381103516,12.204313278198242,13.332061767578125,1,8.124874114990234,29.6,17.6
1,1,0.0,19.200000000000003,9.200000000000001,1.0460005551447895,25.8,20.6,149.93141174316406,8.103726387023926,12.204313278198242,13.250134468078613,1,8.083516120910645,29.6,17.6
1,1,0.0,19.200000000000003,9.200000000000001,1.0460005551447895,25.8,20.6,150.43141174316406,8.063396453857422,12.204313278198242,13.169031143188477,1,8.04318618774414,29.6,17.6
1,1,0.0,19.200000000000003,9.200000000000001,1.0460005551447895,25.8,20.6,150.93141174316406,8.024073600769043,12.204313278198242,13.088726997375488,1,8.003863334655762,29.6,17.6
1,1,0.0,19.200000000000003,9.200000000000001,1.0460005551447895,25.8,20.6,151.43141174316406,0.0,,,0,7.965527534484863,29.6,17.6
1,1,0.0,19.200000000000003,9.200000000000001,1.0460005551447895,25.8,20.6,151.93141174316406,7.948367595672607,12.204313278198242,12.930420875549316,1,7.928157329559326,29.6,17.6
1,1,0.0,19.200000000000003,9.200000000000001,1.0460005551447895,25.8,20.6,152.43141174316406,7.91194486618042,12.204313278198242,12.852374076843262,1,7.891734600067139,29.6,17.6
1,1,0.0,19.200000000000003,9.200000000000001,1.0460005551447895,25.8,20.6,152.93141174316406,7.876450538635254,12.204313278198242,12.77503490447998,1,7.856240272521973,29.6,17.6
1,1,0.0,19.200000000000003,9.200000000000001,1.0460005551447895,25.8,20.6,153.43141174316406,7.841867446899414,12.204313278198242,12.698382377624512,1,7.821657180786133,29.6,17.6
1,1,0.0,19.200000000000003,9.200000000000001,1.0460005551447895,25.8,20.6,153.93141174316406,7.808177471160889,12.204313278198242,12.622396469116211,1,7.787967205047607,29.6,17.6
1,1,0.0,19.200000000000003,9.200000000000001,1.0460005551447895,25.8,20.6,154.43141174316406,7.775364875793457,12.204313278198242,12.547056198120117,1,7.755154609680176,29.6,17.6
1,1,0.0,19.200000000000003,9.200000000000001,1.0460005551447895,25.8,20.6,154.93141174316406,7.74341344833374,12.204313278198242,12.472342491149902,1,7.723203182220459,29.6,17.6
1,1,0.0,19.200000000000003,9.200000000000001,1.0460005551447895,25.8,20.6,155.43141174316406,7.712307453155518,12.204313278198242,12.398237228393555,1,7.692097187042236,29.6,17.6
1,1,0.0,19.200000000000003,9.200000000000001,1.0460005551447895,25.8,20.6,155.93141174316406,7.682032108306885,12.204313278198242,12.324719429016113,1,7.6618218421936035,29.6,17.6
1,1,0.0,19.200000000000003,9.200000000000001,1.0460005551447895,25.8,20.6,156.43141174316406,7.652573108673096,12.204313278198242,12.251773834228516,1,7.6323628425598145,29.6,17.6
1,1,0.0,19.200000000000003,9.200000000000001,1.0460005551447895,25.8,20.6,156.93141174316406,0.0,,,0,7.603706359863281,29.6,17.6
1,1,0.0,19.200000000000003,9.200000000000001,1.0460005551447895,25.8,20.6,157.43141174316406,7.5960493087768555,12.204313278198242,12.107523918151855,1,7.575839042663574,29.6,17.6
1,1,0.0,19.200000000000003,9.200000000000001,1.0460005551447895,25.8,20.6,157.93141174316406,7.568958282470703,12.204313278198242,12.036186218261719,1,7.548748016357422,29.6,17.6
1,1,0.0,19.200000000000003,9.200000000000001,1.0460005551447895,25.8,20.6,158.43141174316406,0.0,,,0,7.522420406341553,29.6,17.6
1,1,0.0,19.200000000000003,9.200000000000001,1.0460005551447895,25.8,20.6,158.93141174316406,7.517055511474609,12.204313278198242,11.895005226135254,1,7.496845245361328,29.6,17.6
1,1,0.0,19.200000000000003,9.200000000000001,1.0460005551447895,25.8,20.6,159.43141174316406,7.492220878601074,12.204313278198242,11.825128555297852,1,7.472010612487793,29.6,17.6
1,1,0.0,19.200000000000003,9.200000000000001,1.0460005551447895,25.8,20.6,159.93141174316406,0.0,,,0,7.44790506362915,29.6,17.6
1,1,0.0,19.200000000000003,9.200000000000001,1.0460005551447895,25.8,20.6,160.43141174316406,7.444728374481201,12.204313278198242,11.68673038482666,1,7.42451810836792,29.6,17.6
1,1,0.0,19.200000000000003,9.200000000000001,1.0460005551447895,25.8,20.6,160.93141174316406,7.422049522399902,12.204313278198242,11.618178367614746,1,7.401839256286621,29.6,17.6
1,1,0.0,19.200000000000003,9.200000000000001,1.0460005551447895,25.8,20.6,161.43141174316406,7.400069713592529,12.204313278198242,11.550039291381836,1,7.379859447479248,29.6,17.6
1,1,0.0,19.200000000000003,9.200000000000001,1.0460005551447895,25.8,20.6,161.93141174316406,7.378778457641602,12.204313278198242,11.482297897338867,1,7.35856819152832,29.6,17.6
1,1,0.0,19.200000000000003,9.200000000000001,1.0460005551447895,25.8,20.6,162.43141174316406,7.358166694641113,12.204313278198242,11.414941787719727,1,7.337956428527832,29.6,17.6
1,1,0.0,19.200000000000003,9.200000000000001,1.0460005551447895,25.8,20.6,162.93141174316406,0.0,,,0,7.3180155754089355,29.6,17.6
1,1,0.0,19.200000000000003,9.200000000000001,1.0460005551447895,25.8,20.6,163.43141174316406,7.318947792053223,12.204313278198242,11.281329154968262,1,7.298737525939941,29.6,17.6
1,1,0.0,19.200000000000003,9.200000000000001,1.0460005551447895,25.8,20.6,163.93141174316406,0.0,,,0,7.280113220214844,29.6,17.6
1,1,0.0,19.200000000000003,9.200000000000001,1.0460005551447895,25.8,20.6,164.43141174316406,7.282346248626709,12.204313278198242,11.149096488952637,1,7.262135982513428,29.6,17.6
1,1,0.0,19.200000000000003,9.200000000000001,1.0460005551447895,25.8,20.6,164.93141174316406,7.265007495880127,12.204313278198242,11.083466529846191,1,7.244797229766846,29.6,17.6
1,1,0.0,19.200000000000003,9.200000000000001,1.0460005551447895,25.8,20.6,165.43141174316406,7.248300552368164,12.204313278198242,11.018144607543945,1,7.228090286254883,29.6,17.6
1,1,0.0,19.200000000000003,9.200000000000001,1.0460005551447895,25.8,20.6,165.93141174316406,0.0,,,0,7.212007999420166,29.6,17.6
1,1,0.0,19.200000000000003,9.200000000000001,1.0460005551447895,25.8,20.6,166.43141174316406,7.21675443649292,12.204313278198242,10.888375282287598,1,7.196544170379639,29.6,17.6
1,1,0.0,19.200000000000003,9.200000000000001,1.0460005551447895,25.8,20.6,166.93141174316406,7.201902389526367,12.204313278198242,10.823904037475586,1,7.181692123413086,29.6,17.6
1,1,0.0,19.200000000000003,9.200000000000001,1.0460005551447895,25.8,20.6,167.43141174316406,7.187656402587891,12.204313278198242,10.75969409942627,1,7.167446136474609,29.6,17.6
1,1,0.0,19.200000000000003,9.200000000000001,1.0460005551447895,25.8,20.6,167.93141174316406,7.174010753631592,12.204313278198242,10.695734024047852,1,7.1538004875183105,29.6,17.6
1,1,0.0,19.200000000000003,9.200000000000001,1.0460005551447895,25.8,20.6,168.43141174316406,7.160959243774414,12.204313278198242,10.632011413574219,1,7.140748977661133,29.6,17.6
1,1,0.0,19.200000000000003,9.200000000000001,1.0460005551447895,25.8,20.6,168.93141174316406,0.0,,,0,7.128286838531494,29.6,17.6
1,1,0.0,19.200000000000003,9.200000000000001,1.0460005551447895,25.8,20.6,169.43141174316406,7.136619567871094,12.204313278198242,10.505237579345703,1,7.1164093017578125,29.6,17.6
1,1,0.0,19.200000000000003,9.200000000000001,1.0460005551447895,25.8,20.6,169.93141174316406,7.125321865081787,12.204313278198242,10.442164421081543,1,7.105111598968506,29.6,17.6
1,1,0.0,19.200000000000003,9.200000000000001,1.0460005551447895,25.8,20.6,170.43141174316406,7.114599227905273,12.204313278198242,10.379286766052246,1,7.094388961791992,29.6,17.6
1,1,0.0,19.200000000000003,9.200000000000001,1.0460005551447895,25.8,20.6,170.93141174316406,7.104447841644287,12.204313278198242,10.316593170166016,1,7.084237575531006,29.6,17.6
1,1,0.0,19.200000000000003,9.200000000000001,1.0460005551447895,25.8,20.6,171.43141174316406,0.0,,,0,7.074652671813965,29.6,17.6
1,1,0.0,19.200000000000003,9.200000000000001,1.0460005551447895,25.8,20.6,171.93141174316406,7.085841655731201,12.204313278198242,10.191720008850098,1,7.06563138961792,29.6,17.6
1,1,0.0,19.200000000000003,9.200000000000001,1.0460005551447895,25.8,20.6,172.43141174316406,7.077380180358887,12.204313278198242,10.129520416259766,1,7.0571699142456055,29.6,17.6
1,1,0.0,19.200000000000003,9.200000000000001,1.0460005551447895,25.8,20.6,172.93141174316406,0.0,,,0,7.049264430999756,29.6,17.6
1,1,0.0,19.200000000000003,9.200000000000001,1.0460005551447895,25.8,20.6,173.43141174316406,7.0621232986450195,12.204313278198242,10.005541801452637,1,7.041913032531738,29.6,17.6
1,1,0.0,19.200000000000003,9.200000000000001,1.0460005551447895,25.8,20.6,173.93141174316406,7.05532169342041,12.204313278198242,9.943743705749512,1,7.035111427307129,29.6,17.6
1,1,0.0,19.200000000000003,9.200000000000001,1.0460005551447895,25.8,20.6,174.43141174316406,0.0,,,0,7.028858184814453,29.6,17.6
1,1,0.0,19.200000000000003,9.200000000000001,1.0460005551447895,25.8,20.6,174.93141174316406,0.0,,,0,7.0231499671936035,29.6,17.6
1,1,0.0,19.200000000000003,9.200000000000001,1.0460005551447895,25.8,20.6,175.43141174316406,7.038195610046387,12.204313278198242,9.75899887084961,1,7.0179853439331055,29.6,17.6
1,1,0.0,19.200000000000003,9.200000000000001,1.0460005551447895,25.8,20.6,175.93141174316406,7.033572196960449,12.204313278198242,9.697601318359375,1,7.013361930847168,29.6,17.6
1,1,0.0,19.200000000000003,9.200000000000001,1.0460005551447895,25.8,20.6,176.43141174316406,7.029488563537598,12.204313278198242,9.636280059814453,1,7.009278297424316,29.6,17.6
1,1,0.0,19.200000000000003,9.200000000000001,1.0460005551447895,25.8,20.6,176.93141174316406,0.0,,,0,7.00573205947876,29.6,17.6
1,1,0.0,19.200000000000003,9.200000000000001,1.0460005551447895,25.8,20.6,177.43141174316406,7.022933006286621,12.204313278198242,9.51382827758789,1,7.00272274017334,29.6,17.6
1,1,0.0,19.200000000000003,9.200000000000001,1.0460005551447895,25.8,20.6,177.93141174316406,7.020459175109863,12.204313278198242,9.452678680419922,1,7.000248908996582,29.6,17.6
1,1,0.0,19.200000000000003,9.200000000000001,1.0460005551447895,25.8,20.6,178.43141174316406,0.0,,,0,6.99830961227417,29.6,17.6
1,1,0.0,19.200000000000003,9.200000000000001,1.0460005551447895,25.8,20.6,178.93141174316406,7.017114162445068,12.204313278198242,9.330486297607422,1,6.996903896331787,29.6,17.6
1,1,0.0,19.200000000000003,9.200000000000001,1.0460005551447895,25.8,20.6,179.43141174316406,7.016242027282715,12.204313278198242,9.269425392150879,1,6.996031761169434,29.6,17.6
1,1,0.0,19.200000000000003,9.200000000000001,1.0460005551447895,25.8,20.6,179.93141174316406,7.015902519226074,12.204313278198242,9.2083740234375,1,6.995692253112793,29.6,17.6
1,1,0.0,19.200000000000003,9.200000000000001,1.0460005551447895,25.8,20.6,180.43141174316406,7.0160956382751465,12.204313278198242,9.147323608398438,1,6.995885372161865,29.6,17.6
1,1,0.0,19.200000000000003,9.200000000000001,1.0460005551447895,25.8,20.6,180.93141174316406,7.01682186126709,12.204313278198242,9.086265563964844,1,6.996611595153809,29.6,17.6
1,1,0.0,19.200000000000003,9.200000000000001,1.0460005551447895,25.8,20.6,181.43141174316406,0.0,,,0,6.997870922088623,29.6,17.6
1,1,0.0,19.200000000000003,9.200000000000001,1.0460005551447895,25.8,20.6,181.93141174316406,7.019874095916748,12.204313278198242,8.964088439941406,1,6.999663829803467,29.6,17.6
1,1,0.0,19.200000000000003,9.200000000000001,1.0460005551447895,25.8,20.6,182.43141174316406,0.0,,,0,7.001990795135498,29.6,17.6
1,1,0.0,19.200000000000003,9.200000000000001,1.0460005551447895,25.8,20.6,182.93141174316406,7.025063514709473,12.204313278198242,8.841768264770508,1,7.004853248596191,29.6,17.6
1,1,0.0,19.200000000000003,9.200000000000001,1.0460005551447895,25.8,20.6,183.43141174316406,7.028461933135986,12.204313278198242,8.780529975891113,1,7.008251667022705,29.6,17.6
1,1,0.0,19.200000000000003,9.200000000000001,1.0460005551447895,25.8,20.6,183.93141174316406,0.0,,,0,7.012187957763672,29.6,17.6
1,1,0.0,19.200000000000003,9.200000000000001,1.0460005551447895,25.8,20.6,184.43141174316406,7.0368733406066895,12.204313278198242,8.657852172851562,1,7.016663074493408,29.6,17.6
1,1,0.0,19.200000000000003,9.200000000000001,1.0460005551447895,25.8,20.6,184.93141174316406,7.041889667510986,12.204313278198242,8.596393585205078,1,7.021679401397705,29.6,17.6
1,1,0.0,19.200000000000003,9.200000000000001,1.0460005551447895,25.8,20.6,185.43141174316406,7.04744815826416,12.204313278198242,8.534842491149902,1,7.027237892150879,29.6,17.6
1,1,0.0,19.200000000000003,9.200000000000001,1.0460005551447895,25.8,20.6,185.93141174316406,7.05355167388916,12.204313278198242,8.473189353942871,1,7.033341407775879,29.6,17.6
1,1,0.0,19.200000000000003,9.200000000000001,1.0460005551447895,25.8,20.6,186.43141174316406,7.060202598571777,12.204313278198242,8.411423683166504,1,7.039992332458496,29.6,17.6
1,1,0.0,19.200000000000003,9.200000000000001,1.0460005551447895,25.8,20.6,186.93141174316406,7.067403316497803,12.204313278198242,8.349536895751953,1,7.0471930503845215,29.6,17.6
1,1,0.0,19.200000000000003,9.200000000000001,1.0460005551447895,25.8,20.6,187.43141174316406,7.075156211853027,12.204313278198242,8.287517547607422,1,7.054945945739746,29.6,17.6
1,1,0.0,19.200000000000003,9.200000000000001,1.0460005551447895,25.8,20.6,187.93141174316406,7.083465099334717,12.204313278198242,8.225358009338379,1,7.0632548332214355,29.6,17.6
1,1,0.0,19.200000000000003,9.200000000000001,1.0460005551447895,25.8,20.6,188.43141174316406,0.0,,,0,7.072122097015381,29.6,17.6
1,1,0.0,19.200000000000003,9.200000000000001,1.0460005551447895,25.8,20.6,188.93141174316406,0.0,,,0,7.081552028656006,29.6,17.6
1,1,0.0,19.200000000000003,9.200000000000001,1.0460005551447895,25.8,20.6,189.43141174316406,7.111757755279541,12.204313278198242,8.037930488586426,1,7.09154748916626,29.6,17.6
1,1,0.0,19.200000000000003,9.200000000000001,1.0460005551447895,25.8,20.6,189.93141174316406,7.122323513031006,12.204313278198242,7.975103855133057,1,7.102113246917725,29.6,17.6
1,1,0.0,19.200000000000003,9.200000000000001,1.0460005551447895,25.8,20.6,190.43141174316406,7.133462905883789,12.204313278198242,7.91208553314209,1,7.113252639770508,29.6,17.6
1,1,0.0,19.200000000000003,9.200000000000001,1.0460005551447895,25.8,20.6,190.93141174316406,7.145180702209473,12.204313278198242,7.848864555358887,1,7.124970436096191,29.6,17.6
1,1,0.0,19.200000000000003,9.200000000000001,1.0460005551447895,25.8,20.6,191.43141174316406,7.157482147216797,12.204313278198242,7.78542947769165,1,7.137271881103516,29.6,17.6
1,1,0.0,19.200000000000003,9.200000000000001,1.0460005551447895,25.8,20.6,191.93141174316406,0.0,,,0,7.150160789489746,29.6,17.6
1,1,0.0,19.200000000000003,9.200000000000001,1.0460005551447895,25.8,20.6,192.43141174316406,7.183853626251221,12.204313278198242,7.657876491546631,1,7.1636433601379395,29.6,17.6
1,1,0.0,19.200000000000003,9.200000000000001,1.0460005551447895,25.8,20.6,192.93141174316406,7.197934150695801,12.204313278198242,7.593736171722412,1,7.1777238845825195,29.6,17.6
1,1,0.0,19.200000000000003,9.200000000000001,1.0460005551447895,25.8,20.6,193.43141174316406,7.212619304656982,12.204313278198242,7.5293378829956055,1,7.192409038543701,29.6,17.6
1,1,0.0,19.200000000000003,9.200000000000001,1.0460005551447895,25.8,20.6,193.93141174316406,7.227914810180664,12.204313278198242,7.4646711349487305,1,7.207704544067383,29.6,17.6
1,1,0.0,19.200000000000003,9.200000000000001,1.0460005551447895,25.8,20.6,194.43141174316406,7.243826866149902,12.204313278198242,7.399723529815674,1,7.223616600036621,29.6,17.6
1,1,0.0,19.200000000000003,9.200000000000001,1.0460005551447895,25.8,20.6,194.93141174316406,7.260361671447754,12.204313278198242,7.334483623504639,1,7.240151405334473,29.6,17.6
1,1,0.0,19.200000000000003,9.200000000000001,1.0460005551447895,25.8,20.6,195.43141174316406,7.277526378631592,12.204313278198242,7.268939018249512,1,7.2573161125183105,29.6,17.6
1,1,0.0,19.200000000000003,9.200000000000001,1.0460005551447895,25.8,20.6,195.93141174316406,7.295327663421631,12.204313278198242,7.203078269958496,1,7.27511739730835,29.6,17.6
1,1,0.0,19.200000000000003,9.200000000000001,1.0460005551447895,25.8,20.6,196.43141174316406,7.3137736320495605,12.204313278198242,7.13688850402832,1,7.293563365936279,29.6,17.6
1,1,0.0,19.200000000000003,9.200000000000001,1.0460005551447895,25.8,20.6,196.93141174316406,7.332871913909912,12.204313278198242,7.070356845855713,1,7.312661647796631,29.6,17.6
1,1,0.0,19.200000000000003,9.200000000000001,1.0460005551447895,25.8,20.6,197.43141174316406,7.352630138397217,12.204313278198242,7.0034708976745605,1,7.3324198722839355,29.6,17.6
1,1,0.0,19.200000000000003,9.200000000000001,1.0460005551447895,25.8,20.6,197.93141174316406,7.373056411743164,12.204313278198242,6.936217784881592,1,7.352846145629883,29.6,17.6
1,1,0.0,19.200000000000003,9.200000000000001,1.0460005551447895,25.8,20.6,198.43141174316406,7.394160747528076,12.204313278198242,6.8685832023620605,1,7.373950481414795,29.6,17.6
1,1,0.0,19.200000000000003,9.200000000000001,1.0460005551447895,25.8,20.6,198.93141174316406,7.415950775146484,12.204313278198242,6.800554275512695,1,7.395740509033203,29.6,17.6
1,1,0.0,19.200000000000003,9.200000000000001,1.0460005551447895,25.8,20.6,199.43141174316406,0.0,,,0,7.418226718902588,29.6,17.6
1,1,0.0,19.200000000000003,9.200000000000001,1.0460005551447895,25.8,20.6,199.93141174316406,0.0,,,0,7.441418170928955,29.6,17.6
1,1,0.0,19.200000000000003,9.200000000000001,1.0460005551447895,25.8,20.6,200.43141174316406,7.485535621643066,12.204313278198242,6.593959808349609,1,7.465325355529785,29.6,17.6
1,1,0.0,19.200000000000003,9.200000000000001,1.0460005551447895,25.8,20.6,200.93141174316406,7.510169506072998,12.204313278198242,6.524210453033447,1,7.489959239959717,29.6,17.6
1,1,0.0,19.200000000000003,9.200000000000001,1.0460005551447895,25.8,20.6,201.43141174316406,0.0,,,0,7.5153303146362305,29.6,17.6
1,1,0.0,19.200000000000003,9.200000000000001,1.0460005551447895,25.8,20.6,201.93141174316406,7.561660289764404,12.204313278198242,6.383295059204102,1,7.541450023651123,29.6,17.6
1,1,0.0,19.200000000000003,9.200000000000001,1.0460005551447895,25.8,20.6,202.43141174316406,7.588540554046631,12.204313278198242,6.312097072601318,1,7.56833028793335,29.6,17.6
1,1,0.0,19.200000000000003,9.200000000000001,1.0460005551447895,25.8,20.6,202.93141174316406,7.616193771362305,12.204313278198242,6.240384578704834,1,7.595983505249023,29.6,17.6
1,1,0.0,19.200000000000003,9.200000000000001,1.0460005551447895,25.8,20.6,203.43141174316406,7.644632339477539,12.204313278198242,6.168140411376953,1,7.624422073364258,29.6,17.6
1,1,0.0,19.200000000000003,9.200000000000001,1.0460005551447895,25.8,20.6,203.93141174316406,7.673869609832764,12.204313278198242,6.095347881317139,1,7.653659343719482,29.6,17.6
1,1,0.0,19.200000000000003,9.200000000000001,1.0460005551447895,25.8,20.6,204.43141174316406,7.703919887542725,12.204313278198242,6.021988868713379,1,7.683709621429443,29.6,17.6
1,1,0.0,19.200000000000003,9.200000000000001,1.0460005551447895,25.8,20.6,204.93141174316406,7.734796524047852,12.204313278198242,5.948046684265137,1,7.71458625793457,29.6,17.6
1,1,0.0,19.200000000000003,9.200000000000001,1.0460005551447895,25.8,20.6,205.43141174316406,0.0,,,0,7.746304512023926,29.6,17.6
1,1,0.0,19.200000000000003,9.200000000000001,1.0460005551447895,25.8,20.6,205.93141174316406,7.799089431762695,12.204313278198242,5.798335075378418,1,7.778879165649414,29.6,17.6
1,1,0.0,19.200000000000003,9.200000000000001,1.0460005551447895,25.8,20.6,206.43141174316406,7.8325371742248535,12.204313278198242,5.722527980804443,1,7.812326908111572,29.6,17.6
1,1,0.0,19.200000000000003,9.200000000000001,1.0460005551447895,25.8,20.6,206.93141174316406,7.866873264312744,12.204313278198242,5.646060943603516,1,7.846662998199463,29.6,17.6
1,1,0.0,19.200000000000003,9.200000000000001,1.0460005551447895,25.8,20.6,207.43141174316406,7.902115821838379,12.204313278198242,5.568912029266357,1,7.881905555725098,29.6,17.6
1,1,0.0,19.200000000000003,9.200000000000001,1.0460005551447895,25.8,20.6,207.93141174316406,12.0,,,0,12.0,29.6,17.6
1,1,0.0,19.200000000000003,9.200000000000001,1.0460005551447895,25.8,20.6,208.43141174316406,12.0,,,0,12.0,29.6,17.6
1,1,0.0,19.200000000000003,9.200000000000001,1.0460005551447895,25.8,20.6,208.93141174316406,12.0,,,0,12.0,29.6,17.6
1,1,0.0,19.200000000000003,9.200000000000001,1.0460005551447895,25.8,20.6,209.43141174316406,12.0,,,0,12.0,29.6,17.6
1,1,0.0,19.200000000000003,9.200000000000001,1.0460005551447895,25.8,20.6,209.93141174316406,0.0,,,0,12.0,29.6,17.6
1,1,0.0,19.200000000000003,9.200000000000001,1.0460005551447895,25.8,20.6,210.43141174316406,12.0,,,0,12.0,29.6,17.6
1,1,0.0,19.200000000000003,9.200000000000001,1.0460005551447895,25.8,20.6,210.93141174316406,0.0,,,0,12.0,29.6,17.6
1,1,0.0,19.200000000000003,9.200000000000001,1.0460005551447895,25.8,20.6,211.43141174316406,12.0,,,0,12.0,29.6,17.6
1,1,0.0,19.200000000000003,9.200000000000001,1.0460005551447895,25.8,20.6,211.93141174316406,0.0,,,0,8.243003845214844,29.6,17.6
1,1,0.0,19.200000000000003,9.200000000000001,1.0460005551447895,25.8,20.6,212.43141174316406,0.0,,,0,8.288394927978516,29.6,17.6
1,1,0.0,19.200000000000003,9.200000000000001,1.0460005551447895,25.8,20.6,212.93141174316406,8.355137825012207,12.204313278198242,4.668843746185303,1,8.334927558898926,29.6,17.6
1,1,0.0,19.200000000000003,9.200000000000001,1.0460005551447895,25.8,20.6,213.43141174316406,8.402837753295898,12.204313278198242,4.581688404083252,1,8.382627487182617,29.6,17.6
1,1,0.0,19.200000000000003,9.200000000000001,1.0460005551447895,25.8,20.6,213.93141174316406,8.451732635498047,12.204313278198242,4.493523120880127,1,8.431522369384766,29.6,17.6
1,1,0.0,19.200000000000003,9.200000000000001,1.0460005551447895,25.8,20.6,214.43141174316406,8.501850128173828,12.204313278198242,4.404316425323486,1,8.481639862060547,29.6,17.6
1,1,0.0,19.200000000000003,9.200000000000001,1.0460005551447895,25.8,20.6,214.93141174316406,0.0,,,0,8.533011436462402,29.6,17.6
1,1,0.0,19.200000000000003,9.200000000000001,1.0460005551447895,25.8,20.6,215.43141174316406,8.605876922607422,12.204313278198242,4.2226481437683105,1,8.58566665649414,29.6,17.6
1,1,0.0,19.200000000000003,9.200000000000001,1.0460005551447895,25.8,20.6,215.93141174316406,0.0,,,0,8.639636993408203,29.6,17.6
1,1,0.0,19.200000000000003,9.200000000000001,1.0460005551447895,25.8,20.6,216.43141174316406,0.0,,,0,8.694957733154297,29.6,17.6
1,1,0.0,19.200000000000003,9.200000000000001,1.0460005551447895,25.8,20.6,216.93141174316406,8.771871566772461,12.204313278198242,3.94148850440979,1,8.75166130065918,29.6,17.6
1,1,0.0,19.200000000000003,9.200000000000001,1.0460005551447895,25.8,20.6,217.43141174316406,8.829995155334473,12.204313278198242,3.8453123569488525,1,8.809784889221191,29.6,17.6
1,1,0.0,19.200000000000003,9.200000000000001,1.0460005551447895,25.8,20.6,217.93141174316406,8.88957691192627,12.204313278198242,3.747842788696289,1,8.869366645812988,29.6,17.6
1,1,0.0,19.200000000000003,9.200000000000001,1.0460005551447895,25.8,20.6,218.43141174316406,8.950653076171875,12.204313278198242,3.649038314819336,1,8.930442810058594,29.6,17.6
1,1,0.0,19.200000000000003,9.200000000000001,1.0460005551447895,25.8,20.6,218.93141174316406,9.013267517089844,12.204313278198242,3.548855781555176,1,8.993057250976562,29.6,17.6
1,1,0.0,19.200000000000003,9.200000000000001,1.0460005551447895,25.8,20.6,219.43141174316406,9.077459335327148,12.204313278198242,3.4472508430480957,1,9.057249069213867,29.6,17.6
1,1,0.0,19.200000000000003,9.200000000000001,1.0460005551447895,25.8,20.6,219.93141174316406,9.143274307250977,12.204313278198242,3.344176769256592,1,9.123064041137695,29.6,17.6
1,1,0.0,19.200000000000003,9.200000000000001,1.0460005551447895,25.8,20.6,220.43141174316406,9.210758209228516,12.204313278198242,3.239586114883423,1,9.190547943115234,29.6,17.6
1,1,0.0,19.200000000000003,9.200000000000001,1.0460005551447895,25.8,20.6,220.93141174316406,9.27995777130127,12.204313278198242,3.1334280967712402,1,9.259747505187988,29.6,17.6
1,1,0.0,19.200000000000003,9.200000000000001,1.0460005551447895,25.8,20.6,221.43141174316406,9.350924491882324,12.204313278198242,3.025651454925537,1,9.330714225769043,29.6,17.6
1,1,0.0,19.200000000000003,9.200000000000001,1.0460005551447895,25.8,20.6,221.93141174316406,9.423707962036133,12.204313278198242,2.91620135307312,1,9.403497695922852,29.6,17.6
1,1,0.0,19.200000000000003,9.200000000000001,1.0460005551447895,25.8,20.6,222.43141174316406,9.498363494873047,12.204313278198242,2.8050217628479004,1,9.478153228759766,29.6,17.6
1,1,0.0,19.200000000000003,9.200000000000001,1.0460005551447895,25.8,20.6,222.93141174316406,9.574947357177734,12.204313278198242,2.692054271697998,1,9.554737091064453,29.6,17.6
1,1,0.0,19.200000000000003,9.200000000000001,1.0460005551447895,25.8,20.6,223.43141174316406,9.653518676757812,12.204313278198242,2.577237367630005,1,9.633308410644531,29.6,17.6
1,1,0.0,19.200000000000003,9.200000000000001,1.0460005551447895,25.8,20.6,223.93141174316406,9.734138488769531,12.204313278198242,2.46050763130188,1,9.71392822265625,29.6,17.6
1,1,0.0,19.200000000000003,9.200000000000001,1.0460005551447895,25.8,20.6,224.43141174316406,0.0,,,0,9.796661376953125,29.6,17.6
1,1,0.0,19.200000000000003,9.200000000000001,1.0460005551447895,25.8,20.6,224.93141174316406,9.901784896850586,12.204313278198242,2.2210404872894287,1,9.881574630737305,29.6,17.6
1,1,0.0,19.200000000000003,9.200000000000001,1.0460005551447895,25.8,20.6,225.43141174316406,9.988948822021484,12.204313278198242,2.098161458969116,1,9.968738555908203,29.6,17.6
1,1,0.0,19.200000000000003,9.200000000000001,1.0460005551447895,25.8,20.6,225.93141174316406,10.078436851501465,12.204313278198242,1.973085641860962,1,10.058226585388184,29.6,17.6
1,1,0.0,19.200000000000003,9.200000000000001,1.0460005551447895,25.8,20.6,226.43141174316406,0.0,,,0,10.150116920471191,29.6,17.6
1,1,0.0,19.200000000000003,9.200000000000001,1.0460005551447895,25.8,20.6,226.93141174316406,0.0,,,0,10.244487762451172,29.6,17.6
1,1,0.0,19.200000000000003,9.200000000000001,1.0460005551447895,25.8,20.6,227.43141174316406,10.361635208129883,12.204313278198242,1.5838698148727417,1,10.341424942016602,29.6,17.6
1,1,0.0,19.200000000000003,9.200000000000001,1.0460005551447895,25.8,20.6,227.93141174316406,10.461228370666504,12.204313278198242,1.449180006980896,1,10.441018104553223,29.6,17.6
1,1,0.0,19.200000000000003,9.200000000000001,1.0460005551447895,25.8,20.6,228.43141174316406,10.563568115234375,12.204313278198242,1.311860203742981,1,10.543357849121094,29.6,17.6
1,1,0.0,19.200000000000003,9.200000000000001,1.0460005551447895,25.8,20.6,228.93141174316406,10.668752670288086,12.204313278198242,1.1718109846115112,1,10.648542404174805,29.6,17.6
1,1,0.0,19.200000000000003,9.200000000000001,1.0460005551447895,25.8,20.6,229.43141174316406,10.776885032653809,12.204313278198242,1.028928279876709,1,10.756674766540527,29.6,17.6
1,1,0.0,19.200000000000003,9.200000000000001,1.0460005551447895,25.8,20.6,229.93141174316406,10.88807201385498,12.204313278198242,0.8831027746200562,1,10.8678617477417,29.6,17.6
1,1,0.0,19.200000000000003,9.200000000000001,1.0460005551447895,25.8,20.6,230.43141174316406,11.002427101135254,12.204313278198242,0.7342196106910706,1,10.982216835021973,29.6,17.6
1,1,0.0,19.200000000000003,9.200000000000001,1.0460005551447895,25.8,20.6,230.93141174316406,11.120067596435547,12.204313278198242,0.5821582078933716,1,11.099857330322266,29.6,17.6
1,1,0.0,19.200000000000003,9.200000000000001,1.0460005551447895,25.8,20.6,231.43141174316406,11.241120338439941,12.204313278198242,0.42679187655448914,1,11.22091007232666,29.6,17.6
1,1,0.0,19.200000000000003,9.200000000000001,1.0460005551447895,25.8,20.6,231.93141174316406,0.0,,,0,11.345505714416504,29.6,17.6
1,1,0.0,19.200000000000003,9.200000000000001,1.0460005551447895,25.8,20.6,232.43141174316406,11.493992805480957,12.204313278198242,0.1056036502122879,1,11.473782539367676,29.6,17.6
1,1,0.0,19.200000000000003,9.200000000000001,1.0460005551447895,25.8,20.6,232.93141174316406,11.626097679138184,12.204313278198242,-0.060506608337163925,1,11.605887413024902,29.6,17.6
1,1,0.0,19.200000000000003,9.200000000000001,1.0460005551447895,25.8,20.6,233.43141174316406,11.762184143066406,12.204313278198242,-0.23049958050251007,1,11.741973876953125,29.6,17.6
1,1,0.0,19.200000000000003,9.200000000000001,1.0460005551447895,25.8,20.6,233.93141174316406,11.902416229248047,12.204313278198242,-0.4045398235321045,1,11.882205963134766,29.6,17.6
1,1,0.0,19.200000000000003,9.200000000000001,1.0460005551447895,25.8,20.6,234.43141174316406,12.0,,,0,12.0,29.6,17.6
1,1,0.0,19.200000000000003,9.200000000000001,1.0460005551447895,25.8,20.6,234.93141174316406,0.0,,,0,12.0,29.6,17.6
1,1,0.0,19.200000000000003,9.200000000000001,1.0460005551447895,25.8,20.6,235.43141174316406,12.0,,,0,12.0,29.6,17.6
1,1,0.0,19.200000000000003,9.200000000000001,1.0460005551447895,25.8,20.6,235.93141174316406,12.0,,,0,12.0,29.6,17.6
1,1,0.0,19.200000000000003,9.200000000000001,1.0460005551447895,25.8,20.6,236.43141174316406,12.0,,,0,12.0,29.6,17.6
1,1,0.0,19.200000000000003,9.200000000000001,1.0460005551447895,25.8,20.6,236.93141174316406,12.0,,,0,12.0,29.6,17.6
1,1,0.0,19.200000000000003,9.200000000000001,1.0460005551447895,25.8,20.6,237.43141174316406,0.0,,,0,12.0,29.6,17.6
1,1,0.0,19.200000000000003,9.200000000000001,1.0460005551447895,25.8,20.6,237.93141174316406,12.0,,,0,12.0,29.6,17.6
1,1,0.0,19.200000000000003,9.200000000000001,1.0460005551447895,25.8,20.6,238.43141174316406,12.0,,,0,12.0,29.6,17.6
1,1,0.0,19.200000000000003,9.200000000000001,1.0460005551447895,25.8,20.6,238.93141174316406,0.0,,,0,12.0,29.6,17.6
1,1,0.0,19.200000000000003,9.200000000000001,1.0460005551447895,25.8,20.6,239.43141174316406,0.0,,,0,12.0,29.6,17.6
1,2,0.0,25.8,20.6,-0.6682894188305839,29.6,17.6,141.7098388671875,0.5263326168060303,25.404312133789062,20.912384033203125,1,0.5041353702545166,29.6,17.6
1,2,0.0,25.8,20.6,-0.6682894188305839,29.6,17.6,142.2098388671875,0.5229021310806274,25.404312133789062,20.906818389892578,1,0.5007048845291138,29.6,17.6
1,2,0.0,25.8,20.6,-0.6682894188305839,29.6,17.6,142.7098388671875,0.5195556879043579,25.404312133789062,20.901325225830078,1,0.49735841155052185,29.6,17.6
1,2,0.0,25.8,20.6,-0.6682894188305839,29.6,17.6,143.2098388671875,0.5162910223007202,25.404312133789062,20.895906448364258,1,0.49409374594688416,29.6,17.6
1,2,0.0,25.8,20.6,-0.6682894188305839,29.6,17.6,143.7098388671875,0.5131060481071472,25.404312133789062,20.89055633544922,1,0.49090880155563354,29.6,17.6
1,2,0.0,25.8,20.6,-0.6682894188305839,29.6,17.6,144.2098388671875,0.0,,,0,0.48780155181884766,29.6,17.6
1,2,0.0,25.8,20.6,-0.6682894188305839,29.6,17.6,144.7098388671875,0.5069673657417297,25.404312133789062,20.88006019592285,1,0.4847700893878937,29.6,17.6
1,2,0.0,25.8,20.6,-0.6682894188305839,29.6,17.6,145.2098388671875,0.5040097832679749,25.404312133789062,20.874908447265625,1,0.4818125367164612,29.6,17.6
1,2,0.0,25.8,20.6,-0.6682894188305839,29.6,17.6,145.7098388671875,0.5011243224143982,25.404312133789062,20.86981964111328,1,0.4789270758628845,29.6,17.6
1,2,0.0,25.8,20.6,-0.6682894188305839,29.6,17.6,146.2098388671875,0.49830928444862366,25.404312133789062,20.864791870117188,1,0.47611203789711,29.6,17.6
1,2,0.0,25.8,20.6,-0.6682894188305839,29.6,17.6,146.7098388671875,0.49556297063827515,25.404312133789062,20.859821319580078,1,0.4733657240867615,29.6,17.6
1,2,0.0,25.8,20.6,-0.6682894188305839,29.6,17.6,147.2098388671875,0.4928838014602661,25.404312133789062,20.85490608215332,1,0.47068655490875244,29.6,17.6
1,2,0.0,25.8,20.6,-0.6682894188305839,29.6,17.6,147.7098388671875,0.4902702569961548,25.404312133789062,20.850048065185547,1,0.4680730104446411,29.6,17.6
1,2,0.0,25.8,20.6,-0.6682894188305839,29.6,17.6,148.2098388671875,0.487720787525177,25.404312133789062,20.84524154663086,1,0.46552354097366333,29.6,17.6
1,2,0.0,25.8,20.6,-0.6682894188305839,29.6,17.6,148.7098388671875,0.0,,,0,0.46303680539131165,29.6,17.6
1,2,0.0,25.8,20.6,-0.6682894188305839,29.6,17.6,149.2098388671875,0.4828086197376251,25.404312133789062,20.835784912109375,1,0.46061137318611145,29.6,17.6
1,2,0.0,25.8,20.6,-0.6682894188305839,29.6,17.6,149.7098388671875,0.0,,,0,0.4582459330558777,29.6,17.6
1,2,0.0,25.8,20.6,-0.6682894188305839,29.6,17.6,150.2098388671875,0.47813645005226135,25.404312133789062,20.826522827148438,1,0.4559392035007477,29.6,17.6
1,2,0.0,25.8,20.6,-0.6682894188305839,29.6,17.6,150.7098388671875,0.0,,,0,0.45368996262550354,29.6,17.6
1,2,0.0,25.8,20.6,-0.6682894188305839,29.6,17.6,151.2098388671875,0.47369423508644104,25.404312133789062,20.817441940307617,1,0.45149698853492737,29.6,17.6
1,2,0.0,25.8,20.6,-0.6682894188305839,29.6,17.6,151.7098388671875,0.4715564548969269,25.404312133789062,20.81296730041504,1,0.4493592083454132,29.6,17.6
1,2,0.0,25.8,20.6,-0.6682894188305839,29.6,17.6,152.2098388671875,0.4694727063179016,25.404312133789062,20.808534622192383,1,0.44727545976638794,29.6,17.6
1,2,0.0,25.8,20.6,-0.6682894188305839,29.6,17.6,152.7098388671875,0.46744194626808167,25.404312133789062,20.80414390563965,1,0.445244699716568,29.6,17.6
1,2,0.0,25.8,20.6,-0.6682894188305839,29.6,17.6,153.2098388671875,0.46546316146850586,25.404312133789062,20.79979133605957,1,0.4432659149169922,29.6,17.6
1,2,0.0,25.8,20.6,-0.6682894188305839,29.6,17.6,153.7098388671875,0.463535338640213,25.404312133789062,20.79547691345215,1,0.44133809208869934,29.6,17.6
1,2,0.0,25.8,20.6,-0.6682894188305839,29.6,17.6,154.2098388671875,0.4616575241088867,25.404312133789062,20.79119873046875,1,0.43946027755737305,29.6,17.6
1,2,0.0,25.8,20.6,-0.6682894188305839,29.6,17.6,154.7098388671875,0.45982882380485535,25.404312133789062,20.786956787109375,1,0.4376315772533417,29.6,17.6
1,2,0.0,25.8,20.6,-0.6682894188305839,29.6,17.6,155.2098388671875,0.4580483138561249,25.404312133789062,20.782751083374023,1,0.4358510673046112,29.6,17.6
1,2,0.0,25.8,20.6,-0.6682894188305839,29.6,17.6,155.7098388671875,0.45631518959999084,25.404312133789062,20.77857780456543,1,0.4341179430484772,29.6,17.6
1,2,0.0,25.8,20.6,-0.6682894188305839,29.6,17.6,156.2098388671875,0.454628586769104,25.404312133789062,20.774436950683594,1,0.43243134021759033,29.6,17.6
1,2,0.0,25.8,20.6,-0.6682894188305839,29.6,17.6,156.7098388671875,0.4529877007007599,25.404312133789062,20.770328521728516,1,0.4307904541492462,29.6,17.6
1,2,0.0,25.8,20.6,-0.6682894188305839,29.6,17.6,157.2098388671875,0.4513917863368988,25.404312133789062,20.766252517700195,1,0.42919453978538513,29.6,17.6
1,2,0.0,25.8,20.6,-0.6682894188305839,29.6,17.6,157.7098388671875,0.44984009861946106,25.404312133789062,20.762203216552734,1,0.4276428520679474,29.6,17.6
1,2,0.0,25.8,20.6,-0.6682894188305839,29.6,17.6,158.2098388671875,0.44833192229270935,25.404312133789062,20.7581844329834,1,0.4261346757411957,29.6,17.6
1,2,0.0,25.8,20.6,-0.6682894188305839,29.6,17.6,158.7098388671875,0.44686657190322876,25.404312133789062,20.754194259643555,1,0.4246693253517151,29.6,17.6
1,2,0.0,25.8,20.6,-0.6682894188305839,29.6,17.6,159.2098388671875,0.44544342160224915,25.404312133789062,20.750228881835938,1,0.4232461750507355,29.6,17.6
1,2,0.0,25.8,20.6,-0.6682894188305839,29.6,17.6,159.7098388671875,0.4440617561340332,25.404312133789062,20.746292114257812,1,0.42186450958251953,29.6,17.6
1,2,0.0,25.8,20.6,-0.6682894188305839,29.6,17.6,160.2098388671875,0.44272100925445557,25.404312133789062,20.742380142211914,1,0.4205237627029419,29.6,17.6
1,2,0.0,25.8,20.6,-0.6682894188305839,29.6,17.6,160.7098388671875,0.0,,,0,0.4192233383655548,29.6,17.6
1,2,0.0,25.8,20.6,-0.6682894188305839,29.6,17.6,161.2098388671875,0.4401599168777466,25.404312133789062,20.73462677001953,1,0.4179626703262329,29.6,17.6
1,2,0.0,25.8,20.6,-0.6682894188305839,29.6,17.6,161.7098388671875,0.4389384388923645,25.404312133789062,20.730785369873047,1,0.41674119234085083,29.6,17.6
1,2,0.0,25.8,20.6,-0.6682894188305839,29.6,17.6,162.2098388671875,0.43775564432144165,25.404312133789062,20.726966857910156,1,0.415558397769928,29.6,17.6
1,2,0.0,25.8,20.6,-0.6682894188305839,29.6,17.6,162.7098388671875,0.43661102652549744,25.404312133789062,20.723167419433594,1,0.41441377997398376,29.6,17.6
1,2,0.0,25.8,20.6,-0.6682894188305839,29.6,17.6,163.2098388671875,0.0,,,0,0.4133068025112152,29.6,17.6
1,2,0.0,25.8,20.6,-0.6682894188305839,29.6,17.6,163.7098388671875,0.43443432450294495,25.404312133789062,20.715633392333984,1,0.4122370779514313,29.6,17.6
1,2,0.0,25.8,20.6,-0.6682894188305839,29.6,17.6,164.2098388671875,0.43340131640434265,25.404312133789062,20.711894989013672,1,0.411204069852829,29.6,17.6
1,2,0.0,25.8,20.6,-0.6682894188305839,29.6,17.6,164.7098388671875,0.43240466713905334,25.404312133789062,20.708175659179688,1,0.4102074205875397,29.6,17.6
1,2,0.0,25.8,20.6,-0.6682894188305839,29.6,17.6,165.2098388671875,0.4314438998699188,25.404312133789062,20.704471588134766,1,0.40924665331840515,29.6,17.6
1,2,0.0,25.8,20.6,-0.6682894188305839,29.6,17.6,165.7098388671875,0.43051865696907043,25.404312133789062,20.700786590576172,1,0.40832141041755676,29.6,17.6
1,2,0.0,25.8,20.6,-0.6682894188305839,29.6,17.6,166.2098388671875,0.42962855100631714,25.404312133789062,20.697118759155273,1,0.40743130445480347,29.6,17.6
1,2,0.0,25.8,20.6,-0.6682894188305839,29.6,17.6,166.7098388671875,0.4287731945514679,25.404312133789062,20.693464279174805,1,0.4065759479999542,29.6,17.6
1,2,0.0,25.8,20.6,-0.6682894188305839,29.6,17.6,167.2098388671875,0.42795225977897644,25.404312133789062,20.68982696533203,1,0.40575501322746277,29.6,17.6
1,2,0.0,25.8,20.6,-0.6682894188305839,29.6,17.6,167.7098388671875,0.4271654188632965,25.404312133789062,20.686203002929688,1,0.40496817231178284,29.6,17.6
1,2,0.0,25.8,20.6,-0.6682894188305839,29.6,17.6,168.2098388671875,0.0,,,0,0.40421509742736816,29.6,17.6
1,2,0.0,25.8,20.6,-0.6682894188305839,29.6,17.6,168.7098388671875,0.42569276690483093,25.404312133789062,20.67899513244629,1,0.40349552035331726,29.6,17.6
1,2,0.0,25.8,20.6,-0.6682894188305839,29.6,17.6,169.2098388671875,0.42500633001327515,25.404312133789062,20.675411224365234,1,0.4028090834617615,29.6,17.6
1,2,0.0,25.8,20.6,-0.6682894188305839,29.6,17.6,169.7098388671875,0.0,,,0,0.4021555483341217,29.6,17.6
1,2,0.0,25.8,20.6,-0.6682894188305839,29.6,17.6,170.2098388671875,0.4237319231033325,25.404312133789062,20.668277740478516,1,0.40153467655181885,29.6,17.6
1,2,0.0,25.8,20.6,-0.6682894188305839,29.6,17.6,170.7098388671875,0.4231434464454651,25.404312133789062,20.66472625732422,1,0.4009461998939514,29.6,17.6
1,2,0.0,25.8,20.6,-0.6682894188305839,29.6,17.6,171.2098388671875,0.42258715629577637,25.404312133789062,20.66118621826172,1,0.4003899097442627,29.6,17.6
1,2,0.0,25.8,20.6,-0.6682894188305839,29.6,17.6,171.7098388671875,0.42206278443336487,25.404312133789062,20.657655715942383,1,0.3998655378818512,29.6,17.6
1,2,0.0,25.8,20.6,-0.6682894188305839,29.6,17.6,172.2098388671875,0.42157018184661865,25.404312133789062,20.654132843017578,1,0.399372935295105,29.6,17.6
1,2,0.0,25.8,20.6,-0.6682894188305839,29.6,17.6,172.7098388671875,0.421109139919281,25.404312133789062,20.650619506835938,1,0.39891189336776733,29.6,17.6
1,2,0.0,25.8,20.6,-0.6682894188305839,29.6,17.6,173.2098388671875,0.0,,,0,0.39848220348358154,29.6,17.6
1,2,0.0,25.8,20.6,-0.6682894188305839,29.6,17.6,173.7098388671875,0.42028096318244934,25.404312133789062,20.64361572265625,1,0.39808371663093567,29.6,17.6
1,2,0.0,25.8,20.6,-0.6682894188305839,29.6,17.6,174.2098388671875,0.41991356015205383,25.404312133789062,20.64012336730957,1,0.39771631360054016,29.6,17.6
1,2,0.0,25.8,20.6,-0.6682894188305839,29.6,17.6,174.7098388671875,0.419577032327652,25.404312133789062,20.636638641357422,1,0.3973797857761383,29.6,17.6
1,2,0.0,25.8,20.6,-0.6682894188305839,29.6,17.6,175.2098388671875,0.419271320104599,25.404312133789062,20.63315773010254,1,0.3970740735530853,29.6,17.6
1,2,0.0,25.8,20.6,-0.6682894188305839,29.6,17.6,175.7098388671875,0.41899624466896057,25.404312133789062,20.629684448242188,1,0.3967989981174469,29.6,17.6
1,2,0.0,25.8,20.6,-0.6682894188305839,29.6,17.6,176.2098388671875,0.4187517464160919,25.404312133789062,20.62621307373047,1,0.39655449986457825,29.6,17.6
1,2,0.0,25.8,20.6,-0.6682894188305839,29.6,17.6,176.7098388671875,0.4185377061367035,25.404312133789062,20.62274742126465,1,0.3963404595851898,29.6,17.6
1,2,0.0,25.8,20.6,-0.6682894188305839,29.6,17.6,177.2098388671875,0.4183540642261505,25.404312133789062,20.61928367614746,1,0.39615681767463684,29.6,17.6
1,2,0.0,25.8,20.6,-0.6682894188305839,29.6,17.6,177.7098388671875,0.4182007312774658,25.404312133789062,20.61582374572754,1,0.39600348472595215,29.6,17.6
1,2,0.0,25.8,20.6,-0.6682894188305839,29.6,17.6,178.2098388671875,0.41807764768600464,25.404312133789062,20.612367630004883,1,0.39588040113449097,29.6,17.6
1,2,0.0,25.8,20.6,-0.6682894188305839,29.6,17.6,178.7098388671875,0.4179847538471222,25.404312133789062,20.608911514282227,1,0.3957875072956085,29.6,17.6
1,2,0.0,25.8,20.6,-0.6682894188305839,29.6,17.6,179.2098388671875,0.0,,,0,0.3957248032093048,29.6,17.6
1,2,0.0,25.8,20.6,-0.6682894188305839,29.6,17.6,179.7098388671875,0.4178895056247711,25.404312133789062,20.60200309753418,1,0.39569225907325745,29.6,17.6
1,2,0.0,25.8,20.6,-0.6682894188305839,29.6,17.6,180.2098388671875,0.4178870618343353,25.404312133789062,20.59855079650879,1,0.39568981528282166,29.6,17.6
1,2,0.0,25.8,20.6,-0.6682894188305839,29.6,17.6,180.7098388671875,0.4179147779941559,25.404312133789062,20.5950984954834,1,0.3957175314426422,29.6,17.6
1,2,0.0,25.8,20.6,-0.6682894188305839,29.6,17.6,181.2098388671875,0.4179726541042328,25.404312133789062,20.591644287109375,1,0.3957754075527191,29.6,17.6
1,2,0.0,25.8,20.6,-0.6682894188305839,29.6,17.6,181.7098388671875,0.41806069016456604,25.404312133789062,20.58818817138672,1,0.39586344361305237,29.6,17.6
1,2,0.0,25.8,20.6,-0.6682894188305839,29.6,17.6,182.2098388671875,0.418178915977478,25.404312133789062,20.584732055664062,1,0.39598166942596436,29.6,17.6
1,2,0.0,25.8,20.6,-0.6682894188305839,29.6,17.6,182.7098388671875,0.4183273911476135,25.404312133789062,20.58127212524414,1,0.39613014459609985,29.6,17.6
1,2,0.0,25.8,20.6,-0.6682894188305839,29.6,17.6,183.2098388671875,0.4185061752796173,25.404312133789062,20.577810287475586,1,0.39630892872810364,29.6,17.6
1,2,0.0,25.8,20.6,-0.6682894188305839,29.6,17.6,183.7098388671875,0.41871532797813416,25.404312133789062,20.574344635009766,1,0.3965180814266205,29.6,17.6
1,2,0.0,25.8,20.6,-0.6682894188305839,29.6,17.6,184.2098388671875,0.41895490884780884,25.404312133789062,20.57087516784668,1,0.39675766229629517,29.6,17.6
1,2,0.0,25.8,20.6,-0.6682894188305839,29.6,17.6,184.7098388671875,0.4192250669002533,25.404312133789062,20.567399978637695,1,0.3970278203487396,29.6,17.6
1,2,0.0,25.8,20.6,-0.6682894188305839,29.6,17.6,185.2098388671875,0.4195258617401123,25.404312133789062,20.563920974731445,1,0.39732861518859863,29.6,17.6
1,2,0.0,25.8,20.6,-0.6682894188305839,29.6,17.6,185.7098388671875,0.4198574125766754,25.404312133789062,20.560436248779297,1,0.39766016602516174,29.6,17.6
1,2,0.0,25.8,20.6,-0.6682894188305839,29.6,17.6,186.2098388671875,0.42021986842155457,25.404312133789062,20.55694580078125,1,0.3980226218700409,29.6,17.6
1,2,0.0,25.8,20.6,-0.6682894188305839,29.6,17.6,186.7098388671875,0.4206133186817169,25.404312133789062,20.553447723388672,1,0.39841607213020325,29.6,17.6
1,2,0.0,25.8,20.6,-0.6682894188305839,29.6,17.6,187.2098388671875,0.4210380017757416,25.404312133789062,20.549943923950195,1,0.3988407552242279,29.6,17.6
1,2,0.0,25.8,20.6,-0.6682894188305839,29.6,17.6,187.7098388671875,0.4214940071105957,25.404312133789062,20.546432495117188,1,0.39929676055908203,29.6,17.6
1,2,0.0,25.8,20.6,-0.6682894188305839,29.6,17.6,188.2098388671875,0.0,,,0,0.39978426694869995,29.6,17.6
1,2,0.0,25.8,20.6,-0.6682894188305839,29.6,17.6,188.7098388671875,0.42250075936317444,25.404312133789062,20.53938102722168,1,0.40030351281166077,29.6,17.6
1,2,0.0,25.8,20.6,-0.6682894188305839,29.6,17.6,189.2098388671875,0.4230519235134125,25.404312133789062,20.535842895507812,1,0.4008546769618988,29.6,17.6
1,2,0.0,25.8,20.6,-0.6682894188305839,29.6,17.6,189.7098388671875,0.0,,,0,0.4014379680156708,29.6,17.6
1,2,0.0,25.8,20.6,-0.6682894188305839,29.6,17.6,190.2098388671875,0.42425087094306946,25.404312133789062,20.52873420715332,1,0.4020536243915558,29.6,17.6
1,2,0.0,25.8,20.6,-0.6682894188305839,29.6,17.6,190.7098388671875,0.4248991310596466,25.404312133789062,20.525163650512695,1,0.40270188450813293,29.6,17.6
1,2,0.0,25.8,20.6,-0.6682894188305839,29.6,17.6,191.2098388671875,0.425580233335495,25.404312133789062,20.521581649780273,1,0.4033829867839813,29.6,17.6
1,2,0.0,25.8,20.6,-0.6682894188305839,29.6,17.6,191.7098388671875,0.4262945055961609,25.404312133789062,20.517986297607422,1,0.4040972590446472,29.6,17.6
1,2,0.0,25.8,20.6,-0.6682894188305839,29.6,17.6,192.2098388671875,0.4270421862602234,25.404312133789062,20.51437759399414,1,0.4048449397087097,29.6,17.6
1,2,0.0,25.8,20.6,-0.6682894188305839,29.6,17.6,192.7098388671875,0.42782357335090637,25.404312133789062,20.510757446289062,1,0.4056263267993927,29.6,17.6
1,2,0.0,25.8,20.6,-0.6682894188305839,29.6,17.6,193.2098388671875,0.0,,,0,0.40644174814224243,29.6,17.6
1,2,0.0,25.8,20.6,-0.6682894188305839,29.6,17.6,193.7098388671875,0.42948877811431885,25.404312133789062,20.503469467163086,1,0.4072915315628052,29.6,17.6
1,2,0.0,25.8,20.6,-0.6682894188305839,29.6,17.6,194.2098388671875,0.43037328124046326,25.404312133789062,20.49980354309082,1,0.4081760346889496,29.6,17.6
1,2,0.0,25.8,20.6,-0.6682894188305839,29.6,17.6,194.7098388671875,0.431292861700058,25.404312133789062,20.49612045288086,1,0.4090956151485443,29.6,17.6
1,2,0.0,25.8,20.6,-0.6682894188305839,29.6,17.6,195.2098388671875,0.0,,,0,0.4100506603717804,29.6,17.6
1,2,0.0,25.8,20.6,-0.6682894188305839,29.6,17.6,195.7098388671875,0.43323877453804016,25.404312133789062,20.488704681396484,1,0.4110415279865265,29.6,17.6
1,2,0.0,25.8,20.6,-0.6682894188305839,29.6,17.6,196.2098388671875,0.4342658817768097,25.404312133789062,20.484968185424805,1,0.412068635225296,29.6,17.6
1,2,0.0,25.8,20.6,-0.6682894188305839,29.6,17.6,196.7098388671875,0.43532970547676086,25.404312133789062,20.48121452331543,1,0.4131324589252472,29.6,17.6
1,2,0.0,25.8,20.6,-0.6682894188305839,29.6,17.6,197.2098388671875,0.0,,,0,0.41423341631889343,29.6,17.6
1,2,0.0,25.8,20.6,-0.6682894188305839,29.6,17.6,197.7098388671875,0.0,,,0,0.41537195444107056,29.6,17.6
1,2,0.0,25.8,20.6,-0.6682894188305839,29.6,17.6,198.2098388671875,0.0,,,0,0.41654857993125916,29.6,17.6
1,2,0.0,25.8,20.6,-0.6682894188305839,29.6,17.6,198.7098388671875,0.4399610459804535,25.404312133789062,20.465991973876953,1,0.4177637994289398,29.6,17.6
1,2,0.0,25.8,20.6,-0.6682894188305839,29.6,17.6,199.2098388671875,0.4412153959274292,25.404312133789062,20.46213150024414,1,0.4190181493759155,29.6,17.6
1,2,0.0,25.8,20.6,-0.6682894188305839,29.6,17.6,199.7098388671875,0.0,,,0,0.42031213641166687,29.6,17.6
1,2,0.0,25.8,20.6,-0.6682894188305839,29.6,17.6,200.2098388671875,0.44384363293647766,25.404312133789062,20.45433807373047,1,0.421646386384964,29.6,17.6
1,2,0.0,25.8,20.6,-0.6682894188305839,29.6,17.6,200.7098388671875,0.44521865248680115,25.404312133789062,20.45040512084961,1,0.4230214059352875,29.6,17.6
1,2,0.0,25.8,20.6,-0.6682894188305839,29.6,17.6,201.2098388671875,0.4466351270675659,25.404312133789062,20.44644546508789,1,0.42443788051605225,29.6,17.6
1,2,0.0,25.8,20.6,-0.6682894188305839,29.6,17.6,201.7098388671875,0.4480936527252197,25.404312133789062,20.442459106445312,1,0.42589640617370605,29.6,17.6
1,2,0.0,25.8,20.6,-0.6682894188305839,29.6,17.6,202.2098388671875,0.4495948851108551,25.404312133789062,20.438444137573242,1,0.42739763855934143,29.6,17.6
1,2,0.0,25.8,20.6,-0.6682894188305839,29.6,17.6,202.7098388671875,0.45113953948020935,25.404312133789062,20.43440055847168,1,0.4289422929286957,29.6,17.6
1,2,0.0,25.8,20.6,-0.6682894188305839,29.6,17.6,203.2098388671875,0.0,,,0,0.4305310547351837,29.6,17.6
1,2,0.0,25.8,20.6,-0.6682894188305839,29.6,17.6,203.7098388671875,0.4543618857860565,25.404312133789062,20.426223754882812,1,0.43216463923454285,29.6,17.6
1,2,0.0,25.8,20.6,-0.6682894188305839,29.6,17.6,204.2098388671875,0.4560410976409912,25.404312133789062,20.422088623046875,1,0.43384385108947754,29.6,17.6
1,2,0.0,25.8,20.6,-0.6682894188305839,29.6,17.6,204.7098388671875,0.0,,,0,0.4355694651603699,29.6,17.6
1,2,0.0,25.8,20.6,-0.6682894188305839,29.6,17.6,205.2098388671875,0.4595395624637604,25.404312133789062,20.413721084594727,1,0.4373423159122467,29.6,17.6
1,2,0.0,25.8,20.6,-0.6682894188305839,29.6,17.6,205.7098388671875,0.46136045455932617,25.404312133789062,20.40948486328125,1,0.4391632080078125,29.6,17.6
1,2,0.0,25.8,20.6,-0.6682894188305839,29.6,17.6,206.2098388671875,0.46323031187057495,25.404312133789062,20.405214309692383,1,0.4410330653190613,29.6,17.6
1,2,0.0,25.8,20.6,-0.6682894188305839,29.6,17.6,206.7098388671875,0.46515002846717834,25.404312133789062,20.40090560913086,1,0.4429527819156647,29.6,17.6
1,2,0.0,25.8,20.6,-0.6682894188305839,29.6,17.6,207.2098388671875,0.46712058782577515,25.404312133789062,20.39655876159668,1,0.4449233412742615,29.6,17.6
1,2,0.0,25.8,20.6,-0.6682894188305839,29.6,17.6,207.7098388671875,0.0,,,0,0.4469456672668457,29.6,17.6
1,2,0.0,25.8,20.6,-0.6682894188305839,29.6,17.6,208.2098388671875,0.471218079328537,25.404312133789062,20.387746810913086,1,0.4490208327770233,29.6,17.6
1,2,0.0,25.8,20.6,-0.6682894188305839,29.6,17.6,208.7098388671875,0.0,,,0,0.4511498808860779,29.6,17.6
1,2,0.0,25.8,20.6,-0.6682894188305839,29.6,17.6,209.2098388671875,0.47553113102912903,25.404312133789062,20.378768920898438,1,0.45333388447761536,29.6,17.6
1,2,0.0,25.8,20.6,-0.6682894188305839,29.6,17.6,209.7098388671875,0.47777125239372253,25.404312133789062,20.37421417236328,1,0.45557400584220886,29.6,17.6
1,2,0.0,25.8,20.6,-0.6682894188305839,29.6,17.6,210.2098388671875,0.4800686538219452,25.404312133789062,20.369613647460938,1,0.4578714072704315,29.6,17.6
1,2,0.0,25.8,20.6,-0.6682894188305839,29.6,17.6,210.7098388671875,0.4824245870113373,25.404312133789062,20.364965438842773,1,0.4602273404598236,29.6,17.6
1,2,0.0,25.8,20.6,-0.6682894188305839,29.6,17.6,211.2098388671875,0.0,,,0,0.4626430571079254,29.6,17.6
1,2,0.0,25.8,20.6,-0.6682894188305839,29.6,17.6,211.7098388671875,0.48731711506843567,25.404312133789062,20.35552406311035,1,0.465119868516922,29.6,17.6
1,2,0.0,25.8,20.6,-0.6682894188305839,29.6,17.6,212.2098388671875,0.48985639214515686,25.404312133789062,20.350727081298828,1,0.4676591455936432,29.6,17.6
1,2,0.0,25.8,20.6,-0.6682894188305839,29.6,17.6,212.7098388671875,0.49245956540107727,25.404312133789062,20.345876693725586,1,0.4702623188495636,29.6,17.6
1,2,0.0,25.8,20.6,-0.6682894188305839,29.6,17.6,213.2098388671875,0.4951280653476715,25.404312133789062,20.340972900390625,1,0.47293081879615784,29.6,17.6
1,2,0.0,25.8,20.6,-0.6682894188305839,29.6,17.6,213.7098388671875,0.4978635013103485,25.404312133789062,20.33601188659668,1,0.47566625475883484,29.6,17.6
1,2,0.0,25.8,20.6,-0.6682894188305839,29.6,17.6,214.2098388671875,0.0,,,0,0.4784701466560364,29.6,17.6
1,2,0.0,25.8,20.6,-0.6682894188305839,29.6,17.6,214.7098388671875,0.5035414099693298,25.404312133789062,20.325912475585938,1,0.48134416341781616,29.6,17.6
1,2,0.0,25.8,20.6,-0.6682894188305839,29.6,17.6,215.2098388671875,0.0,,,0,0.4842900037765503,29.6,17.6
1,2,0.0,25.8,20.6,-0.6682894188305839,29.6,17.6,215.7098388671875,0.5095067620277405,25.404312133789062,20.315567016601562,1,0.4873094856739044,29.6,17.6
1,2,0.0,25.8,20.6,-0.6682894188305839,29.6,17.6,216.2098388671875,0.5126016736030579,25.404312133789062,20.3102970123291,1,0.4904044270515442,29.6,17.6
1,2,0.0,25.8,20.6,-0.6682894188305839,29.6,17.6,216.7098388671875,0.5157740116119385,25.404312133789062,20.30495834350586,1,0.4935767650604248,29.6,17.6
1,2,0.0,25.8,20.6,-0.6682894188305839,29.6,17.6,217.2098388671875,0.0,,,0,0.49682849645614624,29.6,17.6
1,2,0.0,25.8,20.6,-0.6682894188305839,29.6,17.6,217.7098388671875,0.0,,,0,0.5001617074012756,29.6,17.6
1,2,0.0,25.8,20.6,-0.6682894188305839,29.6,17.6,218.2098388671875,0.5257757902145386,25.404312133789062,20.288515090942383,1,0.5035785436630249,29.6,17.6
1,2,0.0,25.8,20.6,-0.6682894188305839,29.6,17.6,218.7098388671875,0.5292784571647644,25.404312133789062,20.282882690429688,1,0.5070812106132507,29.6,17.6
1,2,0.0,25.8,20.6,-0.6682894188305839,29.6,17.6,219.2098388671875,0.0,,,0,0.5106722116470337,29.6,17.6
1,2,0.0,25.8,20.6,-0.6682894188305839,29.6,17.6,219.7098388671875,0.5365510582923889,25.404312133789062,20.271379470825195,1,0.5143538117408752,29.6,17.6
1,2,0.0,25.8,20.6,-0.6682894188305839,29.6,17.6,220.2098388671875,0.5403258800506592,25.404312133789062,20.265501022338867,1,0.5181286334991455,29.6,17.6
1,2,0.0,25.8,20.6,-0.6682894188305839,29.6,17.6,220.7098388671875,0.544196605682373,25.404312133789062,20.259536743164062,1,0.5219993591308594,29.6,17.6
1,2,0.0,25.8,20.6,-0.6682894188305839,29.6,17.6,221.2098388671875,0.5481659173965454,25.404312133789062,20.253482818603516,1,0.5259686708450317,29.6,17.6
1,2,0.0,25.8,20.6,-0.6682894188305839,29.6,17.6,221.7098388671875,0.0,,,0,0.5300394892692566,29.6,17.6
1,2,0.0,25.8,20.6,-0.6682894188305839,29.6,17.6,222.2098388671875,0.0,,,0,0.5342147946357727,29.6,17.6
1,2,0.0,25.8,20.6,-0.6682894188305839,29.6,17.6,222.7098388671875,0.5606950521469116,25.404312133789062,20.234745025634766,1,0.538497805595398,29.6,17.6
1,2,0.0,25.8,20.6,-0.6682894188305839,29.6,17.6,223.2098388671875,0.5650889277458191,25.404312133789062,20.228296279907227,1,0.5428916811943054,29.6,17.6
1,2,0.0,25.8,20.6,-0.6682894188305839,29.6,17.6,223.7098388671875,0.0,,,0,0.5473998785018921,29.6,17.6
1,2,0.0,25.8,20.6,-0.6682894188305839,29.6,17.6,224.2098388671875,0.5742232203483582,25.404312133789062,20.215078353881836,1,0.5520259737968445,29.6,17.6
1,2,0.0,25.8,20.6,-0.6682894188305839,29.6,17.6,224.7098388671875,0.5789709091186523,25.404312133789062,20.20829963684082,1,0.5567736625671387,29.6,17.6
1,2,0.0,25.8,20.6,-0.6682894188305839,29.6,17.6,225.2098388671875,0.5838441252708435,25.404312133789062,20.201404571533203,1,0.5616468787193298,29.6,17.6
1,2,0.0,25.8,20.6,-0.6682894188305839,29.6,17.6,225.7098388671875,0.5888469219207764,25.404312133789062,20.194385528564453,1,0.5666496753692627,29.6,17.6
1,2,0.0,25.8,20.6,-0.6682894188305839,29.6,17.6,226.2098388671875,0.5939835906028748,25.404312133789062,20.187238693237305,1,0.5717863440513611,29.6,17.6
1,2,0.0,25.8,20.6,-0.6682894188305839,29.6,17.6,226.7098388671875,0.5992586016654968,25.404312133789062,20.179962158203125,1,0.5770613551139832,29.6,17.6
1,2,0.0,25.8,20.6,-0.6682894188305839,29.6,17.6,227.2098388671875,0.6046766638755798,25.404312133789062,20.172550201416016,1,0.5824794173240662,29.6,17.6
1,2,0.0,25.8,20.6,-0.6682894188305839,29.6,17.6,227.7098388671875,0.6102425456047058,25.404312133789062,20.164995193481445,1,0.5880452990531921,29.6,17.6
1,2,0.0,25.8,20.6,-0.6682894188305839,29.6,17.6,228.2098388671875,0.6159615516662598,25.404312133789062,20.15729522705078,1,0.5937643051147461,29.6,17.6
1,2,0.0,25.8,20.6,-0.6682894188305839,29.6,17.6,228.7098388671875,0.6218389272689819,25.404312133789062,20.149442672729492,1,0.5996416807174683,29.6,17.6
1,2,0.0,25.8,20.6,-0.6682894188305839,29.6,17.6,229.2098388671875,0.6278804540634155,25.404312133789062,20.141433715820312,1,0.6056832075119019,29.6,17.6
1,2,0.0,25.8,20.6,-0.6682894188305839,29.6,17.6,229.7098388671875,0.6340920329093933,25.404312133789062,20.133258819580078,1,0.6118947863578796,29.6,17.6
1,2,0.0,25.8,20.6,-0.6682894188305839,29.6,17.6,230.2098388671875,0.6404799222946167,25.404312133789062,20.124916076660156,1,0.618282675743103,29.6,17.6
1,2,0.0,25.8,20.6,-0.6682894188305839,29.6,17.6,230.7098388671875,0.647050678730011,25.404312133789062,20.116395950317383,1,0.6248534321784973,29.6,17.6
1,2,0.0,25.8,20.6,-0.6682894188305839,29.6,17.6,231.2098388671875,0.6538111567497253,25.404312133789062,20.107690811157227,1,0.6316139101982117,29.6,17.6
1,2,0.0,25.8,20.6,-0.6682894188305839,29.6,17.6,231.7098388671875,0.6607687473297119,25.404312133789062,20.098796844482422,1,0.6385715007781982,29.6,17.6
1,2,0.0,25.8,20.6,-0.6682894188305839,29.6,17.6,232.2098388671875,0.6679310202598572,25.404312133789062,20.089702606201172,1,0.6457337737083435,29.6,17.6
1,2,0.0,25.8,20.6,-0.6682894188305839,29.6,17.6,232.7098388671875,0.0,,,0,0.6531088352203369,29.6,17.6
1,2,0.0,25.8,20.6,-0.6682894188305839,29.6,17.6,233.2098388671875,0.682902455329895,25.404312133789062,20.070884704589844,1,0.6607052087783813,29.6,17.6
1,2,0.0,25.8,20.6,-0.6682894188305839,29.6,17.6,233.7098388671875,0.6907291412353516,25.404312133789062,20.06114387512207,1,0.6685318946838379,29.6,17.6
1,2,0.0,25.8,20.6,-0.6682894188305839,29.6,17.6,234.2098388671875,0.6987956166267395,25.404312133789062,20.05116844177246,1,0.6765983700752258,29.6,17.6
1,2,0.0,25.8,20.6,-0.6682894188305839,29.6,17.6,234.7098388671875,0.7071118950843811,25.404312133789062,20.04094696044922,1,0.6849146485328674,29.6,17.6
1,2,0.0,25.8,20.6,-0.6682894188305839,29.6,17.6,235.2098388671875,0.7156886458396912,25.404312133789062,20.030471801757812,1,0.6934913992881775,29.6,17.6
1,2,0.0,25.8,20.6,-0.6682894188305839,29.6,17.6,235.7098388671875,0.7245370745658875,25.404312133789062,20.019729614257812,1,0.7023398280143738,29.6,17.6
1,2,0.0,25.8,20.6,-0.6682894188305839,29.6,17.6,236.2098388671875,0.0,,,0,0.7114718556404114,29.6,17.6
1,2,0.0,25.8,20.6,-0.6682894188305839,29.6,17.6,236.7098388671875,0.7430973649024963,25.404312133789062,19.997398376464844,1,0.7209001183509827,29.6,17.6
1,2,0.0,25.8,20.6,-0.6682894188305839,29.6,17.6,237.2098388671875,0.7528352737426758,25.404312133789062,19.985782623291016,1,0.7306380271911621,29.6,17.6
1,2,0.0,25.8,20.6,-0.6682894188305839,29.6,17.6,237.7098388671875,0.7628970146179199,25.404312133789062,19.973846435546875,1,0.7406997680664062,29.6,17.6
1,2,0.0,25.8,20.6,-0.6682894188305839,29.6,17.6,238.2098388671875,0.7732977867126465,25.404312133789062,19.961576461791992,1,0.7511005401611328,29.6,17.6
1,2,0.0,25.8,20.6,-0.6682894188305839,29.6,17.6,238.7098388671875,0.7840536236763,25.404312133789062,19.948957443237305,1,0.7618563771247864,29.6,17.6
1,2,0.0,25.8,20.6,-0.6682894188305839,29.6,17.6,239.2098388671875,0.0,,,0,0.7729844450950623,29.6,17.6
1,2,0.0,25.8,20.6,-0.6682894188305839,29.6,17.6,239.7098388671875,0.8067002892494202,25.404312133789062,19.922595977783203,1,0.7845030426979065,29.6,17.6
1,2,0.0,25.8,20.6,-0.6682894188305839,29.6,17.6,240.2098388671875,0.8186289668083191,25.404312133789062,19.908815383911133,1,0.7964317202568054,29.6,17.6
1,2,0.0,25.8,20.6,-0.6682894188305839,29.6,17.6,240.7098388671875,0.8309885859489441,25.404312133789062,19.894609451293945,1,0.8087913393974304,29.6,17.6
1,2,0.0,25.8,20.6,-0.6682894188305839,29.6,17.6,241.2098388671875,0.0,,,0,0.8216040730476379,29.6,17.6
1,2,0.0,25.8,20.6,-0.6682894188305839,29.6,17.6,241.7098388671875,0.8570912480354309,25.404312133789062,19.864826202392578,1,0.8348940014839172,29.6,17.6
1,2,0.0,25.8,20.6,-0.6682894188305839,29.6,17.6,242.2098388671875,0.0,,,0,0.8486865758895874,29.6,17.6
1,2,0.0,25.8,20.6,-0.6682894188305839,29.6,17.6,242.7098388671875,0.8852065801620483,25.404312133789062,19.83304786682129,1,0.8630093336105347,29.6,17.6
1,2,0.0,25.8,20.6,-0.6682894188305839,29.6,17.6,243.2098388671875,0.0,,,0,0.8778918385505676,29.6,17.6
1,2,0.0,25.8,20.6,-0.6682894188305839,29.6,17.6,243.7098388671875,0.9155631065368652,25.404312133789062,19.799041748046875,1,0.8933658599853516,29.6,17.6
1,2,0.0,25.8,20.6,-0.6682894188305839,29.6,17.6,244.2098388671875,0.0,,,0,0.9094657301902771,29.6,17.6
1,2,0.0,25.8,20.6,-0.6682894188305839,29.6,17.6,244.7098388671875,0.9484255313873291,25.404312133789062,19.762544631958008,1,0.9262282848358154,29.6,17.6
1,2,0.0,25.8,20.6,-0.6682894188305839,29.6,17.6,245.2098388671875,0.9658908843994141,25.404312133789062,19.743268966674805,1,0.9436936378479004,29.6,17.6
1,2,0.0,25.8,20.6,-0.6682894188305839,29.6,17.6,245.7098388671875,0.0,,,0,0.9619049429893494,29.6,17.6
1,2,0.0,25.8,20.6,-0.6682894188305839,29.6,17.6,246.2098388671875,1.0031063556671143,25.404312133789062,19.70244026184082,1,0.9809091091156006,29.6,17.6
1,2,0.0,25.8,20.6,-0.6682894188305839,29.6,17.6,246.7098388671875,1.0229543447494507,25.404312133789062,19.680789947509766,1,1.000757098197937,29.6,17.6
1,2,0.0,25.8,20.6,-0.6682894188305839,29.6,17.6,247.2098388671875,1.0437016487121582,25.404312133789062,19.658245086669922,1,1.0215044021606445,29.6,17.6
1,2,0.0,25.8,20.6,-0.6682894188305839,29.6,17.6,247.7098388671875,1.0654083490371704,25.404312133789062,19.634742736816406,1,1.0432111024856567,29.6,17.6
1,2,0.0,25.8,20.6,-0.6682894188305839,29.6,17.6,248.2098388671875,1.0881407260894775,25.404312133789062,19.610218048095703,1,1.0659434795379639,29.6,17.6
1,2,0.0,25.8,20.6,-0.6682894188305839,29.6,17.6,248.7098388671875,0.0,,,0,1.0897732973098755,29.6,17.6
1,2,0.0,25.8,20.6,-0.6682894188305839,29.6,17.6,249.2098388671875,1.1369770765304565,25.404312133789062,19.55780792236328,1,1.1147798299789429,29.6,17.6
1,2,0.0,25.8,20.6,-0.6682894188305839,29.6,17.6,249.7098388671875,0.0,,,0,1.1410499811172485,29.6,17.6
1,2,0.0,25.8,20.6,-0.6682894188305839,29.6,17.6,250.2098388671875,1.1908764839172363,25.404312133789062,19.500343322753906,1,1.1686792373657227,29.6,17.6
1,2,0.0,25.8,20.6,-0.6682894188305839,29.6,17.6,250.7098388671875,1.2199703454971313,25.404312133789062,19.469472885131836,1,1.1977730989456177,29.6,17.6
1,2,0.0,25.8,20.6,-0.6682894188305839,29.6,17.6,251.2098388671875,1.2506458759307861,25.404312133789062,19.437021255493164,1,1.2284486293792725,29.6,17.6
1,2,0.0,25.8,20.6,-0.6682894188305839,29.6,17.6,251.7098388671875,1.2830322980880737,25.404312133789062,19.402862548828125,1,1.26083505153656,29.6,17.6
1,2,0.0,25.8,20.6,-0.6682894188305839,29.6,17.6,252.2098388671875,1.3172739744186401,25.404312133789062,19.366851806640625,1,1.2950767278671265,29.6,17.6
1,2,0.0,25.8,20.6,-0.6682894188305839,29.6,17.6,252.7098388671875,1.3535317182540894,25.404312133789062,19.328826904296875,1,1.3313344717025757,29.6,17.6
1,2,0.0,25.8,20.6,-0.6682894188305839,29.6,17.6,253.2098388671875,1.391985297203064,25.404312133789062,19.288606643676758,1,1.3697880506515503,29.6,17.6
1,2,0.0,25.8,20.6,-0.6682894188305839,29.6,17.6,253.7098388671875,0.0,,,0,1.410639762878418,29.6,17.6
1,2,0.0,25.8,20.6,-0.6682894188305839,29.6,17.6,254.2098388671875,1.4763144254684448,25.404312133789062,19.200754165649414,1,1.4541171789169312,29.6,17.6
1,2,0.0,25.8,20.6,-0.6682894188305839,29.6,17.6,254.7098388671875,0.0,,,0,1.5004777908325195,29.6,17.6
1,2,0.0,25.8,20.6,-0.6682894188305839,29.6,17.6,255.2098388671875,1.5722111463546753,25.404312133789062,19.101343154907227,1,1.5500138998031616,29.6,17.6
1,2,0.0,25.8,20.6,-0.6682894188305839,29.6,17.6,255.7098388671875,1.625255823135376,25.404312133789062,19.04654312133789,1,1.6030585765838623,29.6,17.6
1,2,0.0,25.8,20.6,-0.6682894188305839,29.6,17.6,256.2098388671875,1.6821905374526978,25.404312133789062,18.987855911254883,1,1.659993290901184,29.6,17.6
1,2,0.0,25.8,20.6,-0.6682894188305839,29.6,17.6,256.7098388671875,1.7434544563293457,25.404312133789062,18.924840927124023,1,1.721257209777832,29.6,17.6
1,2,0.0,25.8,20.6,-0.6682894188305839,29.6,17.6,257.2098388671875,1.809554934501648,25.404312133789062,18.856990814208984,1,1.7873576879501343,29.6,17.6
1,2,0.0,25.8,20.6,-0.6682894188305839,29.6,17.6,257.7098388671875,0.0,,,0,1.8588850498199463,29.6,17.6
1,2,0.0,25.8,20.6,-0.6682894188305839,29.6,17.6,258.2098388671875,1.9587267637252808,25.404312133789062,18.704326629638672,1,1.936529517173767,29.6,17.6
1,2,0.0,25.8,20.6,-0.6682894188305839,29.6,17.6,258.7098388671875,0.0,,,0,2.021103620529175,29.6,17.6
1,2,0.0,25.8,20.6,-0.6682894188305839,29.6,17.6,259.2098388671875,2.135767698287964,25.404312133789062,18.5237979888916,1,2.11357045173645,29.6,17.6
1,2,0.0,25.8,20.6,-0.6682894188305839,29.6,17.6,259.7098388671875,2.2372779846191406,25.404312133789062,18.420547485351562,1,2.215080738067627,29.6,17.6
1,2,0.0,25.8,20.6,-0.6682894188305839,29.6,17.6,260.2098388671875,0.0,,,0,2.327019691467285,29.6,17.6
1,2,0.0,25.8,20.6,-0.6682894188305839,29.6,17.6,260.7098388671875,2.4732682704925537,25.404312133789062,18.18107795715332,1,2.45107102394104,29.6,17.6
1,2,0.0,25.8,20.6,-0.6682894188305839,29.6,17.6,261.2098388671875,2.611499071121216,25.404312133789062,18.04111099243164,1,2.589301824569702,29.6,17.6
1,2,0.0,25.8,20.6,-0.6682894188305839,29.6,17.6,261.7098388671875,2.7664742469787598,25.404312133789062,17.8843994140625,1,2.744277000427246,29.6,17.6
1,2,0.0,25.8,20.6,-0.6682894188305839,29.6,17.6,262.2098388671875,0.0,,,0,2.9192209243774414,29.6,17.6
1,2,0.0,25.8,20.6,-0.6682894188305839,29.6,17.6,262.7098388671875,3.14043927192688,25.404312133789062,17.50696563720703,1,3.118242025375366,29.6,17.6
1,2,0.0,25.8,20.6,-0.6682894188305839,29.6,17.6,263.2098388671875,3.368856191635132,25.404312133789062,17.27681541442871,1,3.346658945083618,29.6,17.6
1,2,0.0,25.8,20.6,-0.6682894188305839,29.6,17.6,263.7098388671875,3.633679151535034,25.404312133789062,17.0102596282959,1,3.6114819049835205,29.6,17.6
1,2,0.0,25.8,20.6,-0.6682894188305839,29.6,17.6,264.2098388671875,3.944338798522949,25.404312133789062,16.69786834716797,1,3.9221415519714355,29.6,17.6
1,2,0.0,25.8,20.6,-0.6682894188305839,29.6,17.6,264.7098388671875,4.3138322830200195,25.404312133789062,16.326644897460938,1,4.291635036468506,29.6,17.6
1,2,0.0,25.8,20.6,-0.6682894188305839,29.6,17.6,265.2098388671875,4.760582447052002,25.404312133789062,15.878165245056152,1,4.738385200500488,29.6,17.6
1,2,0.0,25.8,20.6,-0.6682894188305839,29.6,17.6,265.7098388671875,5.311600685119629,25.404312133789062,15.325417518615723,1,5.289403438568115,29.6,17.6
1,2,0.0,25.8,20.6,-0.6682894188305839,29.6,17.6,266.2098388671875,5.835769176483154,25.415708541870117,14.799142837524414,1,5.813571929931641,29.6,17.6
1,2,0.0,25.8,20.6,-0.6682894188305839,29.6,17.6,266.7098388671875,5.832631587982178,25.466524124145508,14.799142837524414,1,5.810434341430664,29.6,17.6
1,2,0.0,25.8,20.6,-0.6682894188305839,29.6,17.6,267.2098388671875,5.829938888549805,25.517288208007812,14.799142837524414,1,5.807741641998291,29.6,17.6
1,2,0.0,25.8,20.6,-0.6682894188305839,29.6,17.6,267.7098388671875,0.0,,,0,5.8054938316345215,29.6,17.6
1,2,0.0,25.8,20.6,-0.6682894188305839,29.6,17.6,268.2098388671875,0.0,,,0,5.803689479827881,29.6,17.6
1,2,0.0,25.8,20.6,-0.6682894188305839,29.6,17.6,268.7098388671875,5.824524879455566,25.669357299804688,14.799142837524414,1,5.802327632904053,29.6,17.6
1,2,0.0,25.8,20.6,-0.6682894188305839,29.6,17.6,269.2098388671875,5.823605537414551,25.719995498657227,14.799142837524414,1,5.801408290863037,29.6,17.6
1,2,0.0,25.8,20.6,-0.6682894188305839,29.6,17.6,269.7098388671875,5.8231282234191895,25.77062225341797,14.799142837524414,1,5.800930976867676,29.6,17.6
1,2,0.0,25.8,20.6,-0.6682894188305839,29.6,17.6,270.2098388671875,5.823092937469482,25.821245193481445,14.799142837524414,1,5.800895690917969,29.6,17.6
1,2,0.0,25.8,20.6,-0.6682894188305839,29.6,17.6,270.7098388671875,5.8234992027282715,25.871870040893555,14.799142837524414,1,5.801301956176758,29.6,17.6
1,2,0.0,25.8,20.6,-0.6682894188305839,29.6,17.6,271.2098388671875,0.0,,,0,5.802150249481201,29.6,17.6
1,2,0.0,25.8,20.6,-0.6682894188305839,29.6,17.6,271.7098388671875,5.8256378173828125,25.973161697387695,14.799142837524414,1,5.803440570831299,29.6,17.6
1,2,0.0,25.8,20.6,-0.6682894188305839,29.6,17.6,272.2098388671875,5.827371120452881,26.02384376525879,14.799142837524414,1,5.805173873901367,29.6,17.6
1,2,0.0,25.8,20.6,-0.6682894188305839,29.6,17.6,272.7098388671875,5.829547882080078,26.074560165405273,14.799142837524414,1,5.8073506355285645,29.6,17.6
1,2,0.0,25.8,20.6,-0.6682894188305839,29.6,17.6,273.2098388671875,5.832169055938721,26.125316619873047,14.799142837524414,1,5.809971809387207,29.6,17.6
1,2,0.0,25.8,20.6,-0.6682894188305839,29.6,17.6,273.7098388671875,5.835235118865967,26.176124572753906,14.799142837524414,1,5.813037872314453,29.6,17.6
1,2,0.0,25.8,20.6,-0.6682894188305839,29.6,17.6,274.2098388671875,5.838747978210449,26.22698974609375,14.799142837524414,1,5.8165507316589355,29.6,17.6
1,2,0.0,25.8,20.6,-0.6682894188305839,29.6,17.6,274.7098388671875,5.842708110809326,26.27791976928711,14.799142837524414,1,5.8205108642578125,29.6,17.6
1,2,0.0,25.8,20.6,-0.6682894188305839,29.6,17.6,275.2098388671875,5.847117900848389,26.32892417907715,14.799142837524414,1,5.824920654296875,29.6,17.6
1,2,0.0,25.8,20.6,-0.6682894188305839,29.6,17.6,275.7098388671875,5.851978302001953,26.380008697509766,14.799142837524414,1,5.8297810554504395,29.6,17.6
1,2,0.0,25.8,20.6,-0.6682894188305839,29.6,17.6,276.2098388671875,0.0,,,0,5.835094928741455,29.6,17.6
1,2,0.0,25.8,20.6,-0.6682894188305839,29.6,17.6,276.7098388671875,5.863060474395752,26.482454299926758,14.799142837524414,1,5.840863227844238,29.6,17.6
1,2,0.0,25.8,20.6,-0.6682894188305839,29.6,17.6,277.2098388671875,5.869286060333252,26.533830642700195,14.799142837524414,1,5.847088813781738,29.6,17.6
1,2,0.0,25.8,20.6,-0.6682894188305839,29.6,17.6,277.7098388671875,5.87597131729126,26.5853214263916,14.799142837524414,1,5.853774070739746,29.6,17.6
1,2,0.0,25.8,20.6,-0.6682894188305839,29.6,17.6,278.2098388671875,5.883118152618408,26.636932373046875,14.799142837524414,1,5.8609209060668945,29.6,17.6
1,2,0.0,25.8,20.6,-0.6682894188305839,29.6,17.6,278.7098388671875,5.890730381011963,26.688674926757812,14.799142837524414,1,5.868533134460449,29.6,17.6
1,2,0.0,25.8,20.6,-0.6682894188305839,29.6,17.6,279.2098388671875,5.898810863494873,26.740556716918945,14.799142837524414,1,5.876613616943359,29.6,17.6
1,2,0.0,25.8,20.6,-0.6682894188305839,29.6,17.6,279.7098388671875,5.90736198425293,26.792583465576172,14.799142837524414,1,5.885164737701416,29.6,17.6
1,2,0.0,25.8,20.6,-0.6682894188305839,29.6,17.6,280.2098388671875,5.916387557983398,26.84476661682129,14.799142837524414,1,5.894190311431885,29.6,17.6
1,2,0.0,25.8,20.6,-0.6682894188305839,29.6,17.6,280.7098388671875,5.925890922546387,26.89711570739746,14.799142837524414,1,5.903693675994873,29.6,17.6
1,2,0.0,25.8,20.6,-0.6682894188305839,29.6,17.6,281.2098388671875,5.935876369476318,26.949636459350586,14.799142837524414,1,5.913679122924805,29.6,17.6
1,2,0.0,25.8,20.6,-0.6682894188305839,29.6,17.6,281.7098388671875,5.946347713470459,27.002338409423828,14.799142837524414,1,5.924150466918945,29.6,17.6
1,2,0.0,25.8,20.6,-0.6682894188305839,29.6,17.6,282.2098388671875,5.957308769226074,27.055233001708984,14.799142837524414,1,5.9351115226745605,29.6,17.6
1,2,0.0,25.8,20.6,-0.6682894188305839,29.6,17.6,282.7098388671875,5.968763828277588,27.108325958251953,14.799142837524414,1,5.946566581726074,29.6,17.6
1,2,0.0,25.8,20.6,-0.6682894188305839,29.6,17.6,283.2098388671875,5.980718612670898,27.16162872314453,14.799142837524414,1,5.958521366119385,29.6,17.6
1,2,0.0,25.8,20.6,-0.6682894188305839,29.6,17.6,283.7098388671875,0.0,,,0,5.9709792137146,29.6,17.6
1,2,0.0,25.8,20.6,-0.6682894188305839,29.6,17.6,284.2098388671875,6.006143569946289,27.268901824951172,14.799142837524414,1,5.983946323394775,29.6,17.6
1,2,0.0,25.8,20.6,-0.6682894188305839,29.6,17.6,284.7098388671875,0.0,,,0,5.997427463531494,29.6,17.6
1,2,0.0,25.8,20.6,-0.6682894188305839,29.6,17.6,285.2098388671875,6.033625602722168,27.377126693725586,14.799142837524414,1,6.011428356170654,29.6,17.6
1,2,0.0,25.8,20.6,-0.6682894188305839,29.6,17.6,285.7098388671875,6.048151969909668,27.431621551513672,14.799142837524414,1,6.025954723358154,29.6,17.6
1,2,0.0,25.8,20.6,-0.6682894188305839,29.6,17.6,286.2098388671875,6.0632100105285645,27.486385345458984,14.799142837524414,1,6.041012763977051,29.6,17.6
1,2,0.0,25.8,20.6,-0.6682894188305839,29.6,17.6,286.7098388671875,0.0,,,0,6.056608200073242,29.6,17.6
1,2,0.0,25.8,20.6,-0.6682894188305839,29.6,17.6,287.2098388671875,6.094945907592773,27.596755981445312,14.799142837524414,1,6.07274866104126,29.6,17.6
1,2,0.0,25.8,20.6,-0.6682894188305839,29.6,17.6,287.7098388671875,6.111637115478516,27.652387619018555,14.799142837524414,1,6.089439868927002,29.6,17.6
1,2,0.0,25.8,20.6,-0.6682894188305839,29.6,17.6,288.2098388671875,0.0,,,0,6.106689453125,29.6,17.6
1,2,0.0,25.8,20.6,-0.6682894188305839,29.6,17.6,288.7098388671875,6.146702289581299,27.764591217041016,14.799142837524414,1,6.124505043029785,29.6,17.6
1,2,0.0,25.8,20.6,-0.6682894188305839,29.6,17.6,289.2098388671875,6.165091037750244,27.82118797302246,14.799142837524414,1,6.1428937911987305,29.6,17.6
1,2,0.0,25.8,20.6,-0.6682894188305839,29.6,17.6,289.7098388671875,6.184061050415039,27.878131866455078,14.799142837524414,1,6.161863803863525,29.6,17.6
1,2,0.0,25.8,20.6,-0.6682894188305839,29.6,17.6,290.2098388671875,0.0,,,0,6.181424140930176,29.6,17.6
1,2,0.0,25.8,20.6,-0.6682894188305839,29.6,17.6,290.7098388671875,6.223779678344727,27.993099212646484,14.799142837524414,1,6.201582431793213,29.6,17.6
1,2,0.0,25.8,20.6,-0.6682894188305839,29.6,17.6,291.2098388671875,0.0,,,0,6.222348213195801,29.6,17.6
1,2,0.0,25.8,20.6,-0.6682894188305839,29.6,17.6,291.7098388671875,6.265927791595459,28.109594345092773,14.799142837524414,1,6.243730545043945,29.6,17.6
1,2,0.0,25.8,20.6,-0.6682894188305839,29.6,17.6,292.2098388671875,6.287936210632324,28.168447494506836,14.799142837524414,1,6.2657389640808105,29.6,17.6
1,2,0.0,25.8,20.6,-0.6682894188305839,29.6,17.6,292.7098388671875,6.310581207275391,28.22772216796875,14.799142837524414,1,6.288383960723877,29.6,17.6
1,2,0.0,25.8,20.6,-0.6682894188305839,29.6,17.6,293.2098388671875,6.333872318267822,28.287429809570312,14.799142837524414,1,6.311675071716309,29.6,17.6
1,2,0.0,25.8,20.6,-0.6682894188305839,29.6,17.6,293.7098388671875,6.357821464538574,28.347585678100586,14.799142837524414,1,6.3356242179870605,29.6,17.6
1,2,0.0,25.8,20.6,-0.6682894188305839,29.6,17.6,294.2098388671875,6.382439136505127,28.408205032348633,14.799142837524414,1,6.360241889953613,29.6,17.6
1,2,0.0,25.8,20.6,-0.6682894188305839,29.6,17.6,294.7098388671875,6.407736778259277,28.469303131103516,14.799142837524414,1,6.385539531707764,29.6,17.6
1,2,0.0,25.8,20.6,-0.6682894188305839,29.6,17.6,295.2098388671875,6.433726787567139,28.530893325805664,14.799142837524414,1,6.411529541015625,29.6,17.6
1,2,0.0,25.8,20.6,-0.6682894188305839,29.6,17.6,295.7098388671875,6.460422039031982,28.59299087524414,14.799142837524414,1,6.438224792480469,29.6,17.6
1,2,0.0,25.8,20.6,-0.6682894188305839,29.6,17.6,296.2098388671875,6.487834453582764,28.65561294555664,14.799142837524414,1,6.46563720703125,29.6,17.6
1,2,0.0,25.8,20.6,-0.6682894188305839,29.6,17.6,296.7098388671875,6.51597785949707,28.718774795532227,14.799142837524414,1,6.493780612945557,29.6,17.6
1,2,0.0,25.8,20.6,-0.6682894188305839,29.6,17.6,297.2098388671875,6.544866561889648,28.782493591308594,14.799142837524414,1,6.522669315338135,29.6,17.6
1,2,0.0,25.8,20.6,-0.6682894188305839,29.6,17.6,297.7098388671875,6.574514389038086,28.84678840637207,14.799142837524414,1,6.552317142486572,29.6,17.6
1,2,0.0,25.8,20.6,-0.6682894188305839,29.6,17.6,298.2098388671875,0.0,,,0,6.582739353179932,29.6,17.6
1,2,0.0,25.8,20.6,-0.6682894188305839,29.6,17.6,298.7098388671875,6.636148929595947,28.977170944213867,14.799142837524414,1,6.613951683044434,29.6,17.6
1,2,0.0,25.8,20.6,-0.6682894188305839,29.6,17.6,299.2098388671875,0.0,,,0,6.645969390869141,29.6,17.6
1,2,0.0,25.8,20.6,-0.6682894188305839,29.6,17.6,299.7098388671875,6.70100736618042,29.110071182250977,14.799142837524414,1,6.678810119628906,29.6,17.6
1,2,0.0,25.8,20.6,-0.6682894188305839,29.6,17.6,300.2098388671875,6.734687805175781,29.177513122558594,14.799142837524414,1,6.712490558624268,29.6,17.6
1,2,0.0,25.8,20.6,-0.6682894188305839,29.6,17.6,300.7098388671875,6.769226551055908,29.245643615722656,14.799142837524414,1,6.7470293045043945,29.6,17.6
1,2,0.0,25.8,20.6,-0.6682894188305839,29.6,17.6,301.2098388671875,6.804641246795654,29.314485549926758,14.799142837524414,1,6.782444000244141,29.6,17.6
1,2,0.0,25.8,20.6,-0.6682894188305839,29.6,17.6,301.7098388671875,0.0,,,0,6.81875467300415,29.6,17.6
1,2,0.0,25.8,20.6,-0.6682894188305839,29.6,17.6,302.2098388671875,6.878178119659424,29.45438575744629,14.799142837524414,1,6.85598087310791,29.6,17.6
1,2,0.0,25.8,20.6,-0.6682894188305839,29.6,17.6,302.7098388671875,0.0,,,0,6.894143581390381,29.6,17.6
1,2,0.0,25.8,20.6,-0.6682894188305839,29.6,17.6,303.2098388671875,6.9554619789123535,29.597396850585938,14.799142837524414,1,6.93326473236084,29.6,17.6
1,2,0.0,25.8,20.6,-0.6682894188305839,29.6,17.6,303.7098388671875,6.995563983917236,29.670129776000977,14.799142837524414,1,6.973366737365723,29.6,17.6
1,2,0.0,25.8,20.6,-0.6682894188305839,29.6,17.6,304.2098388671875,7.036669731140137,29.74371337890625,14.799142837524414,1,7.014472484588623,29.6,17.6
1,2,0.0,25.8,20.6,-0.6682894188305839,29.6,17.6,304.7098388671875,7.078803062438965,29.818178176879883,14.799142837524414,1,7.056605815887451,29.6,17.6
1,2,0.0,25.8,20.6,-0.6682894188305839,29.6,17.6,305.2098388671875,7.121990203857422,29.893545150756836,14.799142837524414,1,7.099792957305908,29.6,17.6
1,2,0.0,25.8,20.6,-0.6682894188305839,29.6,17.6,305.7098388671875,0.0,,,0,7.144059181213379,29.6,17.6
1,2,0.0,25.8,20.6,-0.6682894188305839,29.6,17.6,306.2098388671875,7.2116289138793945,30.047115325927734,14.799142837524414,1,7.189431667327881,29.6,17.6
1,2,0.0,25.8,20.6,-0.6682894188305839,29.6,17.6,306.7098388671875,0.0,,,0,7.235938549041748,29.6,17.6
1,2,0.0,25.8,20.6,-0.6682894188305839,29.6,17.6,307.2098388671875,7.305806636810303,30.204660415649414,14.799142837524414,1,7.283609390258789,29.6,17.6
1,2,0.0,25.8,20.6,-0.6682894188305839,29.6,17.6,307.7098388671875,7.354671955108643,30.285001754760742,14.799142837524414,1,7.332474708557129,29.6,17.6
1,2,0.0,25.8,20.6,-0.6682894188305839,29.6,17.6,308.2098388671875,7.404763698577881,30.366437911987305,14.799142837524414,1,7.382566452026367,29.6,17.6
1,2,0.0,25.8,20.6,-0.6682894188305839,29.6,17.6,308.7098388671875,0.0,,,0,7.433917045593262,29.6,17.6
1,2,0.0,25.8,20.6,-0.6682894188305839,29.6,17.6,309.2098388671875,7.508758544921875,30.53272247314453,14.799142837524414,1,7.486561298370361,29.6,17.6
1,2,0.0,25.8,20.6,-0.6682894188305839,29.6,17.6,309.7098388671875,7.562731742858887,30.617647171020508,14.799142837524414,1,7.540534496307373,29.6,17.6
1,2,0.0,25.8,20.6,-0.6682894188305839,29.6,17.6,310.2098388671875,7.618071556091309,30.703811645507812,14.799142837524414,1,7.595874309539795,29.6,17.6
1,2,0.0,25.8,20.6,-0.6682894188305839,29.6,17.6,310.7098388671875,7.674816608428955,30.791257858276367,14.799142837524414,1,7.652619361877441,29.6,17.6
1,2,0.0,25.8,20.6,-0.6682894188305839,29.6,17.6,311.2098388671875,7.733007907867432,30.88002586364746,14.799142837524414,1,7.710810661315918,29.6,17.6
1,2,0.0,25.8,20.6,-0.6682894188305839,29.6,17.6,311.7098388671875,7.792686939239502,30.97016143798828,14.799142837524414,1,7.770489692687988,29.6,17.6
1,2,0.0,25.8,20.6,-0.6682894188305839,29.6,17.6,312.2098388671875,7.853898048400879,31.061710357666016,14.799142837524414,1,7.831700801849365,29.6,17.6
1,2,0.0,25.8,20.6,-0.6682894188305839,29.6,17.6,312.7098388671875,7.916687488555908,31.154720306396484,14.799142837524414,1,7.8944902420043945,29.6,17.6
1,2,0.0,25.8,20.6,-0.6682894188305839,29.6,17.6,313.2098388671875,7.981102466583252,31.24924087524414,14.799142837524414,1,7.958905220031738,29.6,17.6
1,2,0.0,25.8,20.6,-0.6682894188305839,29.6,17.6,313.7098388671875,0.0,,,0,8.024996757507324,29.6,17.6
1,2,0.0,25.8,20.6,-0.6682894188305839,29.6,17.6,314.2098388671875,8.115013122558594,31.443025588989258,14.799142837524414,1,8.092815399169922,29.6,17.6
1,2,0.0,25.8,20.6,-0.6682894188305839,29.6,17.6,314.7098388671875,8.184616088867188,31.54239845275879,14.799142837524414,1,8.162418365478516,29.6,17.6
1,2,0.0,25.8,20.6,-0.6682894188305839,29.6,17.6,315.2098388671875,8.256058692932129,31.643503189086914,14.799142837524414,1,8.233860969543457,29.6,17.6
1,2,0.0,25.8,20.6,-0.6682894188305839,29.6,17.6,315.7098388671875,8.329401016235352,31.746400833129883,14.799142837524414,1,8.30720329284668,29.6,17.6
1,2,0.0,25.8,20.6,-0.6682894188305839,29.6,17.6,316.2098388671875,8.404706001281738,31.85115623474121,14.799142837524414,1,8.382508277893066,29.6,17.6
1,2,0.0,25.8,20.6,-0.6682894188305839,29.6,17.6,316.7098388671875,8.482038497924805,31.95783805847168,14.799142837524414,1,8.459840774536133,29.6,17.6
1,2,0.0,25.8,20.6,-0.6682894188305839,29.6,17.6,317.2098388671875,8.561467170715332,32.06651306152344,14.799142837524414,1,8.53926944732666,29.6,17.6
1,2,0.0,25.8,20.6,-0.6682894188305839,29.6,17.6,317.7098388671875,8.643065452575684,32.1772575378418,14.799142837524414,1,8.620867729187012,29.6,17.6
1,2,0.0,25.8,20.6,-0.6682894188305839,29.6,17.6,318.2098388671875,8.726906776428223,32.29014587402344,14.799142837524414,1,8.70470905303955,29.6,17.6
1,2,0.0,25.8,20.6,-0.6682894188305839,29.6,17.6,318.7098388671875,8.813070297241211,32.4052619934082,14.799142837524414,1,8.790872573852539,29.6,17.6
1,2,0.0,25.8,20.6,-0.6682894188305839,29.6,17.6,319.2098388671875,8.901640892028809,32.52268981933594,14.799142837524414,1,8.879443168640137,29.6,17.6
1,2,0.0,25.8,20.6,-0.6682894188305839,29.6,17.6,319.7098388671875,8.992703437805176,32.64251708984375,14.799142837524414,1,8.970505714416504,29.6,17.6
1,2,0.0,25.8,20.6,-0.6682894188305839,29.6,17.6,320.2098388671875,9.08635139465332,32.764835357666016,14.799142837524414,1,9.064153671264648,29.6,17.6
1,2,0.0,25.8,20.6,-0.6682894188305839,29.6,17.6,320.7098388671875,9.182679176330566,32.88974380493164,14.799142837524414,1,9.160481452941895,29.6,17.6
1,2,0.0,25.8,20.6,-0.6682894188305839,29.6,17.6,321.2098388671875,9.281789779663086,33.01734924316406,14.799142837524414,1,9.259592056274414,29.6,17.6
1,2,0.0,25.8,20.6,-0.6682894188305839,29.6,17.6,321.7098388671875,9.3837890625,33.14775085449219,14.799142837524414,1,9.361591339111328,29.6,17.6
1,2,0.0,25.8,20.6,-0.6682894188305839,29.6,17.6,322.2098388671875,9.488789558410645,33.281070709228516,14.799142837524414,1,9.466591835021973,29.6,17.6
1,2,0.0,25.8,20.6,-0.6682894188305839,29.6,17.6,322.7098388671875,9.596909523010254,33.41742706298828,14.799142837524414,1,9.574711799621582,29.6,17.6
1,2,0.0,25.8,20.6,-0.6682894188305839,29.6,17.6,323.2098388671875,0.0,,,0,9.686076164245605,29.6,17.6
1,2,0.0,25.8,20.6,-0.6682894188305839,29.6,17.6,323.7098388671875,9.823015213012695,33.69975280761719,14.799142837524414,1,9.800817489624023,29.6,17.6
1,2,0.0,25.8,20.6,-0.6682894188305839,29.6,17.6,324.2098388671875,9.94127082824707,33.84599685668945,14.799142837524414,1,9.919073104858398,29.6,17.6
1,2,0.0,25.8,20.6,-0.6682894188305839,29.6,17.6,324.7098388671875,10.063189506530762,33.995826721191406,14.799142837524414,1,10.04099178314209,29.6,17.6
1,2,0.0,25.8,20.6,-0.6682894188305839,29.6,17.6,325.2098388671875,10.188926696777344,34.14939880371094,14.799142837524414,1,10.166728973388672,29.6,17.6
1,2,0.0,25.8,20.6,-0.6682894188305839,29.6,17.6,325.7098388671875,10.318646430969238,34.3068733215332,14.799142837524414,1,10.296448707580566,29.6,17.6
1,2,0.0,25.8,20.6,-0.6682894188305839,29.6,17.6,326.2098388671875,10.452524185180664,34.46843719482422,14.799142837524414,1,10.430326461791992,29.6,17.6
1,2,0.0,25.8,20.6,-0.6682894188305839,29.6,17.6,326.7098388671875,10.590744972229004,34.6342658996582,14.799142837524414,1,10.568547248840332,29.6,17.6
1,2,0.0,25.8,20.6,-0.6682894188305839,29.6,17.6,327.2098388671875,10.733504295349121,34.804561614990234,14.799142837524414,1,10.71130657196045,29.6,17.6
1,2,0.0,25.8,20.6,-0.6682894188305839,29.6,17.6,327.7098388671875,10.881011962890625,34.97953796386719,14.799142837524414,1,10.858814239501953,29.6,17.6
1,2,0.0,25.8,20.6,-0.6682894188305839,29.6,17.6,328.2098388671875,11.033488273620605,35.1594123840332,14.799142837524414,1,11.011290550231934,29.6,17.6
1,2,0.0,25.8,20.6,-0.6682894188305839,29.6,17.6,328.7098388671875,11.191171646118164,35.344425201416016,14.799142837524414,1,11.168973922729492,29.6,17.6
1,2,0.0,25.8,20.6,-0.6682894188305839,29.6,17.6,329.2098388671875,11.3543119430542,35.534828186035156,14.799142837524414,1,11.332114219665527,29.6,17.6
1,2,0.0,25.8,20.6,-0.6682894188305839,29.6,17.6,329.7098388671875,11.523177146911621,35.730892181396484,14.799142837524414,1,11.50097942352295,29.6,17.6
1,2,0.0,25.8,20.6,-0.6682894188305839,29.6,17.6,330.2098388671875,11.698053359985352,35.932899475097656,14.799142837524414,1,11.67585563659668,29.6,17.6
1,2,0.0,25.8,20.6,-0.6682894188305839,29.6,17.6,330.7098388671875,11.879247665405273,36.14116668701172,14.799142837524414,1,11.857049942016602,29.6,17.6
1,2,0.0,25.8,20.6,-0.6682894188305839,29.6,17.6,331.2098388671875,12.0,,,0,12.0,29.6,17.6
1,2,0.0,25.8,20.6,-0.6682894188305839,29.6,17.6,331.7098388671875,12.0,,,0,12.0,29.6,17.6
1,2,0.0,25.8,20.6,-0.6682894188305839,29.6,17.6,332.2098388671875,12.0,,,0,12.0,29.6,17.6
1,2,0.0,25.8,20.6,-0.6682894188305839,29.6,17.6,332.7098388671875,12.0,,,0,12.0,29.6,17.6
1,2,0.0,25.8,20.6,-0.6682894188305839,29.6,17.6,333.2098388671875,0.0,,,0,12.0,29.6,17.6
1,2,0.0,25.8,20.6,-0.6682894188305839,29.6,17.6,333.7098388671875,12.0,,,0,12.0,29.6,17.6
1,2,0.0,25.8,20.6,-0.6682894188305839,29.6,17.6,334.2098388671875,12.0,,,0,12.0,29.6,17.6
1,2,0.0,25.8,20.6,-0.6682894188305839,29.6,17.6,334.7098388671875,0.0,,,0,12.0,29.6,17.6
1,2,0.0,25.8,20.6,-0.6682894188305839,29.6,17.6,335.2098388671875,12.0,,,0,12.0,29.6,17.6
1,2,0.0,25.8,20.6,-0.6682894188305839,29.6,17.6,335.7098388671875,12.0,,,0,12.0,29.6,17.6
1,2,0.0,25.8,20.6,-0.6682894188305839,29.6,17.6,336.2098388671875,12.0,,,0,12.0,29.6,17.6
1,2,0.0,25.8,20.6,-0.6682894188305839,29.6,17.6,336.7098388671875,12.0,,,0,12.0,29.6,17.6
1,2,0.0,25.8,20.6,-0.6682894188305839,29.6,17.6,337.2098388671875,0.0,,,0,12.0,29.6,17.6
1,2,0.0,25.8,20.6,-0.6682894188305839,29.6,17.6,337.7098388671875,0.0,,,0,12.0,29.6,17.6
1,2,0.0,25.8,20.6,-0.6682894188305839,29.6,17.6,338.2098388671875,12.0,,,0,12.0,29.6,17.6
1,2,0.0,25.8,20.6,-0.6682894188305839,29.6,17.6,338.7098388671875,12.0,,,0,12.0,29.6,17.6
1,2,0.0,25.8,20.6,-0.6682894188305839,29.6,17.6,339.2098388671875,12.0,,,0,12.0,29.6,17.6
1,2,0.0,25.8,20.6,-0.6682894188305839,29.6,17.6,339.7098388671875,0.0,,,0,12.0,29.6,17.6
1,2,0.0,25.8,20.6,-0.6682894188305839,29.6,17.6,340.2098388671875,12.0,,,0,12.0,29.6,17.6
1,2,0.0,25.8,20.6,-0.6682894188305839,29.6,17.6,340.7098388671875,12.0,,,0,12.0,29.6,17.6
1,2,0.0,25.8,20.6,-0.6682894188305839,29.6,17.6,341.2098388671875,12.0,,,0,12.0,29.6,17.6
1,2,0.0,25.8,20.6,-0.6682894188305839,29.6,17.6,341.7098388671875,12.0,,,0,12.0,29.6,17.6
1,2,0.0,25.8,20.6,-0.6682894188305839,29.6,17.6,342.2098388671875,12.0,,,0,12.0,29.6,17.6
1,2,0.0,25.8,20.6,-0.6682894188305839,29.6,17.6,342.7098388671875,12.0,,,0,12.0,29.6,17.6
1,2,0.0,25.8,20.6,-0.6682894188305839,29.6,17.6,343.2098388671875,12.0,,,0,12.0,29.6,17.6
1,2,0.0,25.8,20.6,-0.6682894188305839,29.6,17.6,343.7098388671875,12.0,,,0,12.0,29.6,17.6
1,2,0.0,25.8,20.6,-0.6682894188305839,29.6,17.6,344.2098388671875,12.0,,,0,12.0,29.6,17.6
1,2,0.0,25.8,20.6,-0.6682894188305839,29.6,17.6,344.7098388671875,0.0,,,0,12.0,29.6,17.6
1,2,0.0,25.8,20.6,-0.6682894188305839,29.6,17.6,345.2098388671875,12.0,,,0,12.0,29.6,17.6
1,2,0.0,25.8,20.6,-0.6682894188305839,29.6,17.6,345.7098388671875,12.0,,,0,12.0,29.6,17.6
1,2,0.0,25.8,20.6,-0.6682894188305839,29.6,17.6,346.2098388671875,12.0,,,0,12.0,29.6,17.6
1,2,0.0,25.8,20.6,-0.6682894188305839,29.6,17.6,346.7098388671875,0.0,,,0,12.0,29.6,17.6
1,2,0.0,25.8,20.6,-0.6682894188305839,29.6,17.6,347.2098388671875,0.0,,,0,12.0,29.6,17.6
1,2,0.0,25.8,20.6,-0.6682894188305839,29.6,17.6,347.7098388671875,12.0,,,0,12.0,29.6,17.6
1,2,0.0,25.8,20.6,-0.6682894188305839,29.6,17.6,348.2098388671875,0.0,,,0,12.0,29.6,17.6
1,2,0.0,25.8,20.6,-0.6682894188305839,29.6,17.6,348.7098388671875,12.0,,,0,12.0,29.6,17.6
1,2,0.0,25.8,20.6,-0.6682894188305839,29.6,17.6,349.2098388671875,12.0,,,0,12.0,29.6,17.6
1,2,0.0,25.8,20.6,-0.6682894188305839,29.6,17.6,349.7098388671875,12.0,,,0,12.0,29.6,17.6
1,2,0.0,25.8,20.6,-0.6682894188305839,29.6,17.6,350.2098388671875,12.0,,,0,12.0,29.6,17.6
1,2,0.0,25.8,20.6,-0.6682894188305839,29.6,17.6,350.7098388671875,12.0,,,0,12.0,29.6,17.6
1,2,0.0,25.8,20.6,-0.6682894188305839,29.6,17.6,351.2098388671875,12.0,,,0,12.0,29.6,17.6
1,2,0.0,25.8,20.6,-0.6682894188305839,29.6,17.6,351.7098388671875,12.0,,,0,12.0,29.6,17.6
1,2,0.0,25.8,20.6,-0.6682894188305839,29.6,17.6,352.2098388671875,12.0,,,0,12.0,29.6,17.6
1,2,0.0,25.8,20.6,-0.6682894188305839,29.6,17.6,352.7098388671875,12.0,,,0,12.0,29.6,17.6
1,2,0.0,25.8,20.6,-0.6682894188305839,29.6,17.6,353.2098388671875,12.0,,,0,12.0,29.6,17.6
1,2,0.0,25.8,20.6,-0.6682894188305839,29.6,17.6,353.7098388671875,12.0,,,0,12.0,29.6,17.6
1,2,0.0,25.8,20.6,-0.6682894188305839,29.6,17.6,354.2098388671875,12.0,,,0,12.0,29.6,17.6
1,2,0.0,25.8,20.6,-0.6682894188305839,29.6,17.6,354.7098388671875,12.0,,,0,12.0,29.6,17.6
1,2,0.0,25.8,20.6,-0.6682894188305839,29.6,17.6,355.2098388671875,12.0,,,0,12.0,29.6,17.6
1,2,0.0,25.8,20.6,-0.6682894188305839,29.6,17.6,355.7098388671875,0.0,,,0,12.0,29.6,17.6
1,2,0.0,25.8,20.6,-0.6682894188305839,29.6,17.6,356.2098388671875,12.0,,,0,12.0,29.6,17.6
1,2,0.0,25.8,20.6,-0.6682894188305839,29.6,17.6,356.7098388671875,0.0,,,0,12.0,29.6,17.6
1,2,0.0,25.8,20.6,-0.6682894188305839,29.6,17.6,357.2098388671875,12.0,,,0,12.0,29.6,17.6
1,2,0.0,25.8,20.6,-0.6682894188305839,29.6,17.6,357.7098388671875,12.0,,,0,12.0,29.6,17.6
1,2,0.0,25.8,20.6,-0.6682894188305839,29.6,17.6,358.2098388671875,12.0,,,0,12.0,29.6,17.6
1,2,0.0,25.8,20.6,-0.6682894188305839,29.6,17.6,358.7098388671875,12.0,,,0,12.0,29.6,17.6
1,2,0.0,25.8,20.6,-0.6682894188305839,29.6,17.6,359.2098388671875,0.0,,,0,12.0,29.6,17.6
1,2,0.0,25.8,20.6,-0.6682894188305839,29.6,17.6,359.7098388671875,0.0,,,0,12.0,29.6,17.6
1,2,0.0,25.8,20.6,-0.6682894188305839,29.6,17.6,0.20983681082725525,12.0,,,0,12.0,29.6,17.6
1,2,0.0,25.8,20.6,-0.6682894188305839,29.6,17.6,0.7098367810249329,12.0,,,0,12.0,29.6,17.6
1,2,0.0,25.8,20.6,-0.6682894188305839,29.6,17.6,1.2098368406295776,12.0,,,0,12.0,29.6,17.6
1,2,0.0,25.8,20.6,-0.6682894188305839,29.6,17.6,1.7098368406295776,12.0,,,0,12.0,29.6,17.6
1,2,0.0,25.8,20.6,-0.6682894188305839,29.6,17.6,2.209836721420288,12.0,,,0,12.0,29.6,17.6
1,2,0.0,25.8,20.6,-0.6682894188305839,29.6,17.6,2.709836721420288,12.0,,,0,12.0,29.6,17.6
1,2,0.0,25.8,20.6,-0.6682894188305839,29.6,17.6,3.209836721420288,12.0,,,0,12.0,29.6,17.6
1,2,0.0,25.8,20.6,-0.6682894188305839,29.6,17.6,3.709836721420288,12.0,,,0,12.0,29.6,17.6
1,2,0.0,25.8,20.6,-0.6682894188305839,29.6,17.6,4.209836959838867,12.0,,,0,12.0,29.6,17.6
1,2,0.0,25.8,20.6,-0.6682894188305839,29.6,17.6,4.709836959838867,12.0,,,0,12.0,29.6,17.6
1,2,0.0,25.8,20.6,-0.6682894188305839,29.6,17.6,5.209836959838867,12.0,,,0,12.0,29.6,17.6
1,2,0.0,25.8,20.6,-0.6682894188305839,29.6,17.6,5.709836959838867,12.0,,,0,12.0,29.6,17.6
1,2,0.0,25.8,20.6,-0.6682894188305839,29.6,17.6,6.209836959838867,12.0,,,0,12.0,29.6,17.6
1,2,0.0,25.8,20.6,-0.6682894188305839,29.6,17.6,6.709836959838867,12.0,,,0,12.0,29.6,17.6
1,2,0.0,25.8,20.6,-0.6682894188305839,29.6,17.6,7.209836959838867,0.0,,,0,12.0,29.6,17.6
1,2,0.0,25.8,20.6,-0.6682894188305839,29.6,17.6,7.709836959838867,0.0,,,0,12.0,29.6,17.6
1,2,0.0,25.8,20.6,-0.6682894188305839,29.6,17.6,8.209836959838867,12.0,,,0,12.0,29.6,17.6
1,2,0.0,25.8,20.6,-0.6682894188305839,29.6,17.6,8.709836959838867,12.0,,,0,12.0,29.6,17.6
1,2,0.0,25.8,20.6,-0.6682894188305839,29.6,17.6,9.209836959838867,12.0,,,0,12.0,29.6,17.6
1,2,0.0,25.8,20.6,-0.6682894188305839,29.6,17.6,9.709836959838867,0.0,,,0,12.0,29.6,17.6
1,2,0.0,25.8,20.6,-0.6682894188305839,29.6,17.6,10.209836959838867,0.0,,,0,12.0,29.6,17.6
1,2,0.0,25.8,20.6,-0.6682894188305839,29.6,17.6,10.709836959838867,12.0,,,0,12.0,29.6,17.6
1,2,0.0,25.8,20.6,-0.6682894188305839,29.6,17.6,11.209836959838867,12.0,,,0,12.0,29.6,17.6
1,2,0.0,25.8,20.6,-0.6682894188305839,29.6,17.6,11.709836959838867,12.0,,,0,12.0,29.6,17.6
1,2,0.0,25.8,20.6,-0.6682894188305839,29.6,17.6,12.209836959838867,0.0,,,0,12.0,29.6,17.6
1,2,0.0,25.8,20.6,-0.6682894188305839,29.6,17.6,12.709836959838867,12.0,,,0,12.0,29.6,17.6
1,2,0.0,25.8,20.6,-0.6682894188305839,29.6,17.6,13.209836959838867,12.0,,,0,12.0,29.6,17.6
1,2,0.0,25.8,20.6,-0.6682894188305839,29.6,17.6,13.709836959838867,12.0,,,0,12.0,29.6,17.6
1,2,0.0,25.8,20.6,-0.6682894188305839,29.6,17.6,14.209836959838867,0.0,,,0,12.0,29.6,17.6
1,2,0.0,25.8,20.6,-0.6682894188305839,29.6,17.6,14.709836959838867,12.0,,,0,12.0,29.6,17.6
1,2,0.0,25.8,20.6,-0.6682894188305839,29.6,17.6,15.209836959838867,12.0,,,0,12.0,29.6,17.6
1,2,0.0,25.8,20.6,-0.6682894188305839,29.6,17.6,15.709836959838867,12.0,,,0,12.0,29.6,17.6
1,2,0.0,25.8,20.6,-0.6682894188305839,29.6,17.6,16.209836959838867,12.0,,,0,12.0,29.6,17.6
1,2,0.0,25.8,20.6,-0.6682894188305839,29.6,17.6,16.709836959838867,12.0,,,0,12.0,29.6,17.6
1,2,0.0,25.8,20.6,-0.6682894188305839,29.6,17.6,17.209836959838867,12.0,,,0,12.0,29.6,17.6
1,2,0.0,25.8,20.6,-0.6682894188305839,29.6,17.6,17.709836959838867,0.0,,,0,12.0,29.6,17.6
1,2,0.0,25.8,20.6,-0.6682894188305839,29.6,17.6,18.209836959838867,12.0,,,0,12.0,29.6,17.6
1,2,0.0,25.8,20.6,-0.6682894188305839,29.6,17.6,18.709836959838867,12.0,,,0,12.0,29.6,17.6
1,2,0.0,25.8,20.6,-0.6682894188305839,29.6,17.6,19.209836959838867,12.0,,,0,12.0,29.6,17.6
1,2,0.0,25.8,20.6,-0.6682894188305839,29.6,17.6,19.709836959838867,12.0,,,0,12.0,29.6,17.6
1,2,0.0,25.8,20.6,-0.6682894188305839,29.6,17.6,20.209836959838867,0.0,,,0,12.0,29.6,17.6
1,2,0.0,25.8,20.6,-0.6682894188305839,29.6,17.6,20.709836959838867,0.0,,,0,12.0,29.6,17.6
1,2,0.0,25.8,20.6,-0.6682894188305839,29.6,17.6,21.209836959838867,12.0,,,0,12.0,29.6,17.6
1,2,0.0,25.8,20.6,-0.6682894188305839,29.6,17.6,21.709836959838867,0.0,,,0,12.0,29.6,17.6
1,2,0.0,25.8,20.6,-0.6682894188305839,29.6,17.6,22.209836959838867,12.0,,,0,12.0,29.6,17.6
1,2,0.0,25.8,20.6,-0.6682894188305839,29.6,17.6,22.709836959838867,12.0,,,0,12.0,29.6,17.6
1,2,0.0,25.8,20.6,-0.6682894188305839,29.6,17.6,23.209836959838867,12.0,,,0,12.0,29.6,17.6
1,2,0.0,25.8,20.6,-0.6682894188305839,29.6,17.6,23.709836959838867,0.0,,,0,12.0,29.6,17.6
1,2,0.0,25.8,20.6,-0.6682894188305839,29.6,17.6,24.209836959838867,12.0,,,0,12.0,29.6,17.6
1,2,0.0,25.8,20.6,-0.6682894188305839,29.6,17.6,24.709836959838867,12.0,,,0,12.0,29.6,17.6
1,2,0.0,25.8,20.6,-0.6682894188305839,29.6,17.6,25.209836959838867,12.0,,,0,12.0,29.6,17.6
1,2,0.0,25.8,20.6,-0.6682894188305839,29.6,17.6,25.709836959838867,12.0,,,0,12.0,29.6,17.6
1,2,0.0,25.8,20.6,-0.6682894188305839,29.6,17.6,26.209836959838867,0.0,,,0,12.0,29.6,17.6
1,2,0.0,25.8,20.6,-0.6682894188305839,29.6,17.6,26.709836959838867,0.0,,,0,12.0,29.6,17.6
1,2,0.0,25.8,20.6,-0.6682894188305839,29.6,17.6,27.209836959838867,0.0,,,0,12.0,29.6,17.6
1,2,0.0,25.8,20.6,-0.6682894188305839,29.6,17.6,27.709836959838867,12.0,,,0,12.0,29.6,17.6
1,2,0.0,25.8,20.6,-0.6682894188305839,29.6,17.6,28.209836959838867,12.0,,,0,12.0,29.6,17.6
1,2,0.0,25.8,20.6,-0.6682894188305839,29.6,17.6,28.709836959838867,12.0,,,0,12.0,29.6,17.6
1,2,0.0,25.8,20.6,-0.6682894188305839,29.6,17.6,29.209836959838867,12.0,,,0,12.0,29.6,17.6
1,2,0.0,25.8,20.6,-0.6682894188305839,29.6,17.6,29.709836959838867,12.0,,,0,12.0,29.6,17.6
1,2,0.0,25.8,20.6,-0.6682894188305839,29.6,17.6,30.209836959838867,12.0,,,0,12.0,29.6,17.6
1,2,0.0,25.8,20.6,-0.6682894188305839,29.6,17.6,30.709836959838867,12.0,,,0,12.0,29.6,17.6
1,2,0.0,25.8,20.6,-0.6682894188305839,29.6,17.6,31.209836959838867,12.0,,,0,12.0,29.6,17.6
1,2,0.0,25.8,20.6,-0.6682894188305839,29.6,17.6,31.709836959838867,12.0,,,0,12.0,29.6,17.6
1,2,0.0,25.8,20.6,-0.6682894188305839,29.6,17.6,32.209835052490234,12.0,,,0,12.0,29.6,17.6
1,2,0.0,25.8,20.6,-0.6682894188305839,29.6,17.6,32.709835052490234,12.0,,,0,12.0,29.6,17.6
1,2,0.0,25.8,20.6,-0.6682894188305839,29.6,17.6,33.209835052490234,12.0,,,0,12.0,29.6,17.6
1,2,0.0,25.8,20.6,-0.6682894188305839,29.6,17.6,33.709835052490234,12.0,,,0,12.0,29.6,17.6
1,2,0.0,25.8,20.6,-0.6682894188305839,29.6,17.6,34.209835052490234,12.0,,,0,12.0,29.6,17.6
1,2,0.0,25.8,20.6,-0.6682894188305839,29.6,17.6,34.709835052490234,0.0,,,0,12.0,29.6,17.6
1,2,0.0,25.8,20.6,-0.6682894188305839,29.6,17.6,35.209835052490234,12.0,,,0,12.0,29.6,17.6
1,2,0.0,25.8,20.6,-0.6682894188305839,29.6,17.6,35.709835052490234,12.0,,,0,12.0,29.6,17.6
1,2,0.0,25.8,20.6,-0.6682894188305839,29.6,17.6,36.209835052490234,12.0,,,0,12.0,29.6,17.6
1,2,0.0,25.8,20.6,-0.6682894188305839,29.6,17.6,36.709835052490234,0.0,,,0,12.0,29.6,17.6
1,2,0.0,25.8,20.6,-0.6682894188305839,29.6,17.6,37.209835052490234,12.0,,,0,12.0,29.6,17.6
1,2,0.0,25.8,20.6,-0.6682894188305839,29.6,17.6,37.709835052490234,12.0,,,0,12.0,29.6,17.6
1,2,0.0,25.8,20.6,-0.6682894188305839,29.6,17.6,38.209835052490234,12.0,,,0,12.0,29.6,17.6
1,2,0.0,25.8,20.6,-0.6682894188305839,29.6,17.6,38.709835052490234,12.0,,,0,12.0,29.6,17.6
1,2,0.0,25.8,20.6,-0.6682894188305839,29.6,17.6,39.209835052490234,0.0,,,0,12.0,29.6,17.6
1,2,0.0,25.8,20.6,-0.6682894188305839,29.6,17.6,39.709835052490234,12.0,,,0,12.0,29.6,17.6
1,2,0.0,25.8,20.6,-0.6682894188305839,29.6,17.6,40.209835052490234,12.0,,,0,12.0,29.6,17.6
1,2,0.0,25.8,20.6,-0.6682894188305839,29.6,17.6,40.709835052490234,12.0,,,0,12.0,29.6,17.6
1,2,0.0,25.8,20.6,-0.6682894188305839,29.6,17.6,41.209835052490234,12.0,,,0,12.0,29.6,17.6
1,2,0.0,25.8,20.6,-0.6682894188305839,29.6,17.6,41.709835052490234,12.0,,,0,12.0,29.6,17.6
1,2,0.0,25.8,20.6,-0.6682894188305839,29.6,17.6,42.209835052490234,12.0,,,0,12.0,29.6,17.6
1,2,0.0,25.8,20.6,-0.6682894188305839,29.6,17.6,42.709835052490234,12.0,,,0,12.0,29.6,17.6
1,2,0.0,25.8,20.6,-0.6682894188305839,29.6,17.6,43.209835052490234,12.0,,,0,12.0,29.6,17.6
1,2,0.0,25.8,20.6,-0.6682894188305839,29.6,17.6,43.709835052490234,12.0,,,0,12.0,29.6,17.6
1,2,0.0,25.8,20.6,-0.6682894188305839,29.6,17.6,44.209835052490234,12.0,,,0,12.0,29.6,17.6
1,2,0.0,25.8,20.6,-0.6682894188305839,29.6,17.6,44.709835052490234,12.0,,,0,12.0,29.6,17.6
1,2,0.0,25.8,20.6,-0.6682894188305839,29.6,17.6,45.209835052490234,0.0,,,0,12.0,29.6,17.6
1,2,0.0,25.8,20.6,-0.6682894188305839,29.6,17.6,45.709835052490234,12.0,,,0,12.0,29.6,17.6
1,2,0.0,25.8,20.6,-0.6682894188305839,29.6,17.6,46.209835052490234,12.0,,,0,12.0,29.6,17.6
1,2,0.0,25.8,20.6,-0.6682894188305839,29.6,17.6,46.709835052490234,12.0,,,0,12.0,29.6,17.6
1,2,0.0,25.8,20.6,-0.6682894188305839,29.6,17.6,47.209835052490234,0.0,,,0,12.0,29.6,17.6
1,2,0.0,25.8,20.6,-0.6682894188305839,29.6,17.6,47.709835052490234,12.0,,,0,12.0,29.6,17.6
1,2,0.0,25.8,20.6,-0.6682894188305839,29.6,17.6,48.209835052490234,12.0,,,0,12.0,29.6,17.6
1,2,0.0,25.8,20.6,-0.6682894188305839,29.6,17.6,48.709835052490234,12.0,,,0,12.0,29.6,17.6
1,2,0.0,25.8,20.6,-0.6682894188305839,29.6,17.6,49.209835052490234,12.0,,,0,12.0,29.6,17.6
1,2,0.0,25.8,20.6,-0.6682894188305839,29.6,17.6,49.709835052490234,12.0,,,0,12.0,29.6,17.6
1,2,0.0,25.8,20.6,-0.6682894188305839,29.6,17.6,50.209835052490234,12.0,,,0,12.0,29.6,17.6
1,2,0.0,25.8,20.6,-0.6682894188305839,29.6,17.6,50.709835052490234,0.0,,,0,12.0,29.6,17.6
1,2,0.0,25.8,20.6,-0.6682894188305839,29.6,17.6,51.209835052490234,0.0,,,0,12.0,29.6,17.6
1,2,0.0,25.8,20.6,-0.6682894188305839,29.6,17.6,51.709835052490234,12.0,,,0,12.0,29.6,17.6
1,2,0.0,25.8,20.6,-0.6682894188305839,29.6,17.6,52.209835052490234,12.0,,,0,12.0,29.6,17.6
1,2,0.0,25.8,20.6,-0.6682894188305839,29.6,17.6,52.709835052490234,12.0,,,0,12.0,29.6,17.6
1,2,0.0,25.8,20.6,-0.6682894188305839,29.6,17.6,53.209835052490234,0.0,,,0,12.0,29.6,17.6
1,2,0.0,25.8,20.6,-0.6682894188305839,29.6,17.6,53.709835052490234,12.0,,,0,12.0,29.6,17.6
1,2,0.0,25.8,20.6,-0.6682894188305839,29.6,17.6,54.209835052490234,0.0,,,0,12.0,29.6,17.6
1,2,0.0,25.8,20.6,-0.6682894188305839,29.6,17.6,54.709835052490234,12.0,,,0,12.0,29.6,17.6
1,2,0.0,25.8,20.6,-0.6682894188305839,29.6,17.6,55.209835052490234,12.0,,,0,12.0,29.6,17.6
1,2,0.0,25.8,20.6,-0.6682894188305839,29.6,17.6,55.709835052490234,0.0,,,0,12.0,29.6,17.6
1,2,0.0,25.8,20.6,-0.6682894188305839,29.6,17.6,56.209835052490234,12.0,,,0,12.0,29.6,17.6
1,2,0.0,25.8,20.6,-0.6682894188305839,29.6,17.6,56.709835052490234,12.0,,,0,12.0,29.6,17.6
1,2,0.0,25.8,20.6,-0.6682894188305839,29.6,17.6,57.209835052490234,12.0,,,0,12.0,29.6,17.6
1,2,0.0,25.8,20.6,-0.6682894188305839,29.6,17.6,57.709835052490234,12.0,,,0,12.0,29.6,17.6
1,2,0.0,25.8,20.6,-0.6682894188305839,29.6,17.6,58.209835052490234,12.0,,,0,12.0,29.6,17.6
1,2,0.0,25.8,20.6,-0.6682894188305839,29.6,17.6,58.709835052490234,0.0,,,0,12.0,29.6,17.6
1,2,0.0,25.8,20.6,-0.6682894188305839,29.6,17.6,59.209835052490234,12.0,,,0,12.0,29.6,17.6
1,2,0.0,25.8,20.6,-0.6682894188305839,29.6,17.6,59.709835052490234,12.0,,,0,12.0,29.6,17.6
1,2,0.0,25.8,20.6,-0.6682894188305839,29.6,17.6,60.209835052490234,0.0,,,0,12.0,29.6,17.6
1,2,0.0,25.8,20.6,-0.6682894188305839,29.6,17.6,60.709835052490234,12.0,,,0,12.0,29.6,17.6
1,2,0.0,25.8,20.6,-0.6682894188305839,29.6,17.6,61.209835052490234,0.0,,,0,12.0,29.6,17.6
1,2,0.0,25.8,20.6,-0.6682894188305839,29.6,17.6,61.709835052490234,12.0,,,0,12.0,29.6,17.6
1,2,0.0,25.8,20.6,-0.6682894188305839,29.6,17.6,62.209835052490234,0.0,,,0,12.0,29.6,17.6
1,2,0.0,25.8,20.6,-0.6682894188305839,29.6,17.6,62.709835052490234,0.0,,,0,12.0,29.6,17.6
1,2,0.0,25.8,20.6,-0.6682894188305839,29.6,17.6,63.209835052490234,12.0,,,0,12.0,29.6,17.6
1,2,0.0,25.8,20.6,-0.6682894188305839,29.6,17.6,63.709835052490234,12.0,,,0,12.0,29.6,17.6
1,2,0.0,25.8,20.6,-0.6682894188305839,29.6,17.6,64.2098388671875,12.0,,,0,12.0,29.6,17.6
1,2,0.0,25.8,20.6,-0.6682894188305839,29.6,17.6,64.7098388671875,12.0,,,0,12.0,29.6,17.6
1,2,0.0,25.8,20.6,-0.6682894188305839,29.6,17.6,65.2098388671875,12.0,,,0,12.0,29.6,17.6
1,2,0.0,25.8,20.6,-0.6682894188305839,29.6,17.6,65.7098388671875,12.0,,,0,12.0,29.6,17.6
1,2,0.0,25.8,20.6,-0.6682894188305839,29.6,17.6,66.2098388671875,12.0,,,0,12.0,29.6,17.6
1,2,0.0,25.8,20.6,-0.6682894188305839,29.6,17.6,66.7098388671875,12.0,,,0,12.0,29.6,17.6
1,2,0.0,25.8,20.6,-0.6682894188305839,29.6,17.6,67.2098388671875,12.0,,,0,12.0,29.6,17.6
1,2,0.0,25.8,20.6,-0.6682894188305839,29.6,17.6,67.7098388671875,12.0,,,0,12.0,29.6,17.6
1,2,0.0,25.8,20.6,-0.6682894188305839,29.6,17.6,68.2098388671875,12.0,,,0,12.0,29.6,17.6
1,2,0.0,25.8,20.6,-0.6682894188305839,29.6,17.6,68.7098388671875,12.0,,,0,12.0,29.6,17.6
1,2,0.0,25.8,20.6,-0.6682894188305839,29.6,17.6,69.2098388671875,12.0,,,0,12.0,29.6,17.6
1,2,0.0,25.8,20.6,-0.6682894188305839,29.6,17.6,69.7098388671875,0.0,,,0,12.0,29.6,17.6
1,2,0.0,25.8,20.6,-0.6682894188305839,29.6,17.6,70.2098388671875,12.0,,,0,12.0,29.6,17.6
1,2,0.0,25.8,20.6,-0.6682894188305839,29.6,17.6,70.7098388671875,12.0,,,0,12.0,29.6,17.6
1,2,0.0,25.8,20.6,-0.6682894188305839,29.6,17.6,71.2098388671875,0.0,,,0,12.0,29.6,17.6
1,2,0.0,25.8,20.6,-0.6682894188305839,29.6,17.6,71.7098388671875,12.0,,,0,12.0,29.6,17.6
1,2,0.0,25.8,20.6,-0.6682894188305839,29.6,17.6,72.2098388671875,0.0,,,0,12.0,29.6,17.6
1,2,0.0,25.8,20.6,-0.6682894188305839,29.6,17.6,72.7098388671875,12.0,,,0,12.0,29.6,17.6
1,2,0.0,25.8,20.6,-0.6682894188305839,29.6,17.6,73.2098388671875,12.0,,,0,12.0,29.6,17.6
1,2,0.0,25.8,20.6,-0.6682894188305839,29.6,17.6,73.7098388671875,12.0,,,0,12.0,29.6,17.6
1,2,0.0,25.8,20.6,-0.6682894188305839,29.6,17.6,74.2098388671875,12.0,,,0,12.0,29.6,17.6
1,2,0.0,25.8,20.6,-0.6682894188305839,29.6,17.6,74.7098388671875,12.0,,,0,12.0,29.6,17.6
1,2,0.0,25.8,20.6,-0.6682894188305839,29.6,17.6,75.2098388671875,12.0,,,0,12.0,29.6,17.6
1,2,0.0,25.8,20.6,-0.6682894188305839,29.6,17.6,75.7098388671875,0.0,,,0,12.0,29.6,17.6
1,2,0.0,25.8,20.6,-0.6682894188305839,29.6,17.6,76.2098388671875,12.0,,,0,12.0,29.6,17.6
1,2,0.0,25.8,20.6,-0.6682894188305839,29.6,17.6,76.7098388671875,12.0,,,0,12.0,29.6,17.6
1,2,0.0,25.8,20.6,-0.6682894188305839,29.6,17.6,77.2098388671875,12.0,,,0,12.0,29.6,17.6
1,2,0.0,25.8,20.6,-0.6682894188305839,29.6,17.6,77.7098388671875,0.0,,,0,12.0,29.6,17.6
1,2,0.0,25.8,20.6,-0.6682894188305839,29.6,17.6,78.2098388671875,12.0,,,0,12.0,29.6,17.6
1,2,0.0,25.8,20.6,-0.6682894188305839,29.6,17.6,78.7098388671875,0.0,,,0,12.0,29.6,17.6
1,2,0.0,25.8,20.6,-0.6682894188305839,29.6,17.6,79.2098388671875,12.0,,,0,12.0,29.6,17.6
1,2,0.0,25.8,20.6,-0.6682894188305839,29.6,17.6,79.7098388671875,0.0,,,0,12.0,29.6,17.6
1,2,0.0,25.8,20.6,-0.6682894188305839,29.6,17.6,80.2098388671875,0.0,,,0,12.0,29.6,17.6
1,2,0.0,25.8,20.6,-0.6682894188305839,29.6,17.6,80.7098388671875,0.0,,,0,12.0,29.6,17.6
1,2,0.0,25.8,20.6,-0.6682894188305839,29.6,17.6,81.2098388671875,12.0,,,0,12.0,29.6,17.6
1,2,0.0,25.8,20.6,-0.6682894188305839,29.6,17.6,81.7098388671875,12.0,,,0,12.0,29.6,17.6
1,2,0.0,25.8,20.6,-0.6682894188305839,29.6,17.6,82.2098388671875,0.0,,,0,12.0,29.6,17.6
1,2,0.0,25.8,20.6,-0.6682894188305839,29.6,17.6,82.7098388671875,12.0,,,0,12.0,29.6,17.6
1,2,0.0,25.8,20.6,-0.6682894188305839,29.6,17.6,83.2098388671875,0.0,,,0,12.0,29.6,17.6
1,2,0.0,25.8,20.6,-0.6682894188305839,29.6,17.6,83.7098388671875,12.0,,,0,12.0,29.6,17.6
1,2,0.0,25.8,20.6,-0.6682894188305839,29.6,17.6,84.2098388671875,12.0,,,0,12.0,29.6,17.6
1,2,0.0,25.8,20.6,-0.6682894188305839,29.6,17.6,84.7098388671875,12.0,,,0,12.0,29.6,17.6
1,2,0.0,25.8,20.6,-0.6682894188305839,29.6,17.6,85.2098388671875,12.0,,,0,12.0,29.6,17.6
1,2,0.0,25.8,20.6,-0.6682894188305839,29.6,17.6,85.7098388671875,12.0,,,0,12.0,29.6,17.6
1,2,0.0,25.8,20.6,-0.6682894188305839,29.6,17.6,86.2098388671875,12.0,,,0,12.0,29.6,17.6
1,2,0.0,25.8,20.6,-0.6682894188305839,29.6,17.6,86.7098388671875,12.0,,,0,12.0,29.6,17.6
1,2,0.0,25.8,20.6,-0.6682894188305839,29.6,17.6,87.2098388671875,0.0,,,0,12.0,29.6,17.6
1,2,0.0,25.8,20.6,-0.6682894188305839,29.6,17.6,87.7098388671875,0.0,,,0,12.0,29.6,17.6
1,2,0.0,25.8,20.6,-0.6682894188305839,29.6,17.6,88.2098388671875,12.0,,,0,12.0,29.6,17.6
1,2,0.0,25.8,20.6,-0.6682894188305839,29.6,17.6,88.7098388671875,12.0,,,0,12.0,29.6,17.6
1,2,0.0,25.8,20.6,-0.6682894188305839,29.6,17.6,89.2098388671875,0.0,,,0,12.0,29.6,17.6
1,2,0.0,25.8,20.6,-0.6682894188305839,29.6,17.6,89.7098388671875,12.0,,,0,12.0,29.6,17.6
1,2,0.0,25.8,20.6,-0.6682894188305839,29.6,17.6,90.2098388671875,12.0,,,0,12.0,29.6,17.6
1,2,0.0,25.8,20.6,-0.6682894188305839,29.6,17.6,90.7098388671875,12.0,,,0,12.0,29.6,17.6
1,2,0.0,25.8,20.6,-0.6682894188305839,29.6,17.6,91.2098388671875,12.0,,,0,12.0,29.6,17.6
1,2,0.0,25.8,20.6,-0.6682894188305839,29.6,17.6,91.7098388671875,12.0,,,0,12.0,29.6,17.6
1,2,0.0,25.8,20.6,-0.6682894188305839,29.6,17.6,92.2098388671875,10.283963203430176,25.404312133789062,30.85413360595703,1,10.261765480041504,29.6,17.6
1,2,0.0,25.8,20.6,-0.6682894188305839,29.6,17.6,92.7098388671875,0.0,,,0,8.36938190460205,29.6,17.6
1,2,0.0,25.8,20.6,-0.6682894188305839,29.6,17.6,93.2098388671875,0.0,,,0,7.066735744476318,29.6,17.6
1,2,0.0,25.8,20.6,-0.6682894188305839,29.6,17.6,93.7098388671875,6.137575149536133,25.404312133789062,26.702564239501953,1,6.115377902984619,29.6,17.6
1,2,0.0,25.8,20.6,-0.6682894188305839,29.6,17.6,94.2098388671875,5.412339210510254,25.404312133789062,25.97559928894043,1,5.39014196395874,29.6,17.6
1,2,0.0,25.8,20.6,-0.6682894188305839,29.6,17.6,94.7098388671875,4.8412089347839355,25.404312133789062,25.402738571166992,1,4.819011688232422,29.6,17.6
1,2,0.0,25.8,20.6,-0.6682894188305839,29.6,17.6,95.2098388671875,4.379814624786377,25.404312133789062,24.93961524963379,1,4.357617378234863,29.6,17.6
1,2,0.0,25.8,20.6,-0.6682894188305839,29.6,17.6,95.7098388671875,0.0,,,0,3.9771318435668945,29.6,17.6
1,2,0.0,25.8,20.6,-0.6682894188305839,29.6,17.6,96.2098388671875,0.0,,,0,3.658010959625244,29.6,17.6
1,2,0.0,25.8,20.6,-0.6682894188305839,29.6,17.6,96.7098388671875,3.408734083175659,25.404312133789062,23.963340759277344,1,3.3865368366241455,29.6,17.6
1,2,0.0,25.8,20.6,-0.6682894188305839,29.6,17.6,97.2098388671875,3.1749935150146484,25.404312133789062,23.727867126464844,1,3.1527962684631348,29.6,17.6
1,2,0.0,25.8,20.6,-0.6682894188305839,29.6,17.6,97.7098388671875,2.9716458320617676,25.404312133789062,23.52278709411621,1,2.949448585510254,29.6,17.6
1,2,0.0,25.8,20.6,-0.6682894188305839,29.6,17.6,98.2098388671875,0.0,,,0,2.7709407806396484,29.6,17.6
1,2,0.0,25.8,20.6,-0.6682894188305839,29.6,17.6,98.7098388671875,2.6351919174194336,25.404312133789062,23.182861328125,1,2.61299467086792,29.6,17.6
1,2,0.0,25.8,20.6,-0.6682894188305839,29.6,17.6,99.2098388671875,2.494459390640259,25.404312133789062,23.04039192199707,1,2.472262144088745,29.6,17.6
1,2,0.0,25.8,20.6,-0.6682894188305839,29.6,17.6,99.7098388671875,2.3682806491851807,25.404312133789062,22.9124755859375,1,2.346083402633667,29.6,17.6
1,2,0.0,25.8,20.6,-0.6682894188305839,29.6,17.6,100.2098388671875,0.0,,,0,2.23232102394104,29.6,17.6
1,2,0.0,25.8,20.6,-0.6682894188305839,29.6,17.6,100.7098388671875,2.151432991027832,25.404312133789062,22.69214630126953,1,2.1292357444763184,29.6,17.6
1,2,0.0,25.8,20.6,-0.6682894188305839,29.6,17.6,101.2098388671875,2.057596206665039,25.404312133789062,22.596567153930664,1,2.0353989601135254,29.6,17.6
1,2,0.0,25.8,20.6,-0.6682894188305839,29.6,17.6,101.7098388671875,0.0,,,0,1.9496262073516846,29.6,17.6
1,2,0.0,25.8,20.6,-0.6682894188305839,29.6,17.6,102.2098388671875,1.8931241035461426,25.404312133789062,22.428606033325195,1,1.870926856994629,29.6,17.6
1,2,0.0,25.8,20.6,-0.6682894188305839,29.6,17.6,102.7098388671875,1.8206634521484375,25.404312133789062,22.354398727416992,1,1.7984662055969238,29.6,17.6
1,2,0.0,25.8,20.6,-0.6682894188305839,29.6,17.6,103.2098388671875,1.7537332773208618,25.404312133789062,22.28571891784668,1,1.7315360307693481,29.6,17.6
1,2,0.0,25.8,20.6,-0.6682894188305839,29.6,17.6,103.7098388671875,1.6917285919189453,25.404312133789062,22.22196388244629,1,1.6695313453674316,29.6,17.6
1,2,0.0,25.8,20.6,-0.6682894188305839,29.6,17.6,104.2098388671875,0.0,,,0,1.6119322776794434,29.6,17.6
1,2,0.0,25.8,20.6,-0.6682894188305839,29.6,17.6,104.7098388671875,1.5804870128631592,25.404312133789062,22.107215881347656,1,1.5582897663116455,29.6,17.6
1,2,0.0,25.8,20.6,-0.6682894188305839,29.6,17.6,105.2098388671875,1.530410885810852,25.404312133789062,22.055383682250977,1,1.5082136392593384,29.6,17.6
1,2,0.0,25.8,20.6,-0.6682894188305839,29.6,17.6,105.7098388671875,1.4835609197616577,25.404312133789062,22.00677490234375,1,1.461363673210144,29.6,17.6
1,2,0.0,25.8,20.6,-0.6682894188305839,29.6,17.6,106.2098388671875,1.4396384954452515,25.404312133789062,21.961091995239258,1,1.4174412488937378,29.6,17.6
1,2,0.0,25.8,20.6,-0.6682894188305839,29.6,17.6,106.7098388671875,1.398380994796753,25.404312133789062,21.918071746826172,1,1.3761837482452393,29.6,17.6
1,2,0.0,25.8,20.6,-0.6682894188305839,29.6,17.6,107.2098388671875,0.0,,,0,1.337359070777893,29.6,17.6
1,2,0.0,25.8,20.6,-0.6682894188305839,29.6,17.6,107.7098388671875,1.3229584693908691,25.404312133789062,21.8391170501709,1,1.3007612228393555,29.6,17.6
1,2,0.0,25.8,20.6,-0.6682894188305839,29.6,17.6,108.2098388671875,1.2884042263031006,25.404312133789062,21.802793502807617,1,1.266206979751587,29.6,17.6
1,2,0.0,25.8,20.6,-0.6682894188305839,29.6,17.6,108.7098388671875,1.2557299137115479,25.404312133789062,21.768346786499023,1,1.2335326671600342,29.6,17.6
1,2,0.0,25.8,20.6,-0.6682894188305839,29.6,17.6,109.2098388671875,1.2247886657714844,25.404312133789062,21.73563003540039,1,1.2025914192199707,29.6,17.6
1,2,0.0,25.8,20.6,-0.6682894188305839,29.6,17.6,109.7098388671875,1.195448875427246,25.404312133789062,21.704513549804688,1,1.1732516288757324,29.6,17.6
1,2,0.0,25.8,20.6,-0.6682894188305839,29.6,17.6,110.2098388671875,1.1675916910171509,25.404312133789062,21.674877166748047,1,1.1453944444656372,29.6,17.6
1,2,0.0,25.8,20.6,-0.6682894188305839,29.6,17.6,110.7098388671875,1.1411099433898926,25.404312133789062,21.6466121673584,1,1.118912696838379,29.6,17.6
1,2,0.0,25.8,20.6,-0.6682894188305839,29.6,17.6,111.2098388671875,1.1159064769744873,25.404312133789062,21.6196231842041,1,1.0937092304229736,29.6,17.6
1,2,0.0,25.8,20.6,-0.6682894188305839,29.6,17.6,111.7098388671875,1.0918930768966675,25.404312133789062,21.593820571899414,1,1.0696958303451538,29.6,17.6
1,2,0.0,25.8,20.6,-0.6682894188305839,29.6,17.6,112.2098388671875,1.0689893960952759,25.404312133789062,21.56912612915039,1,1.0467921495437622,29.6,17.6
1,2,0.0,25.8,20.6,-0.6682894188305839,29.6,17.6,112.7098388671875,1.0471224784851074,25.404312133789062,21.54546546936035,1,1.0249252319335938,29.6,17.6
1,2,0.0,25.8,20.6,-0.6682894188305839,29.6,17.6,113.2098388671875,0.0,,,0,1.004028081893921,29.6,17.6
1,2,0.0,25.8,20.6,-0.6682894188305839,29.6,17.6,113.7098388671875,1.0062367916107178,25.404312133789062,21.500980377197266,1,0.9840394854545593,29.6,17.6
1,2,0.0,25.8,20.6,-0.6682894188305839,29.6,17.6,114.2098388671875,0.9871005415916443,25.404312133789062,21.480039596557617,1,0.9649032950401306,29.6,17.6
1,2,0.0,25.8,20.6,-0.6682894188305839,29.6,17.6,114.7098388671875,0.9687650799751282,25.404312133789062,21.459896087646484,1,0.9465678334236145,29.6,17.6
1,2,0.0,25.8,20.6,-0.6682894188305839,29.6,17.6,115.2098388671875,0.9511829614639282,25.404312133789062,21.44050407409668,1,0.9289857149124146,29.6,17.6
1,2,0.0,25.8,20.6,-0.6682894188305839,29.6,17.6,115.7098388671875,0.9343101978302002,25.404312133789062,21.421815872192383,1,0.9121129512786865,29.6,17.6
1,2,0.0,25.8,20.6,-0.6682894188305839,29.6,17.6,116.2098388671875,0.9181064963340759,25.404312133789062,21.403793334960938,1,0.8959092497825623,29.6,17.6
1,2,0.0,25.8,20.6,-0.6682894188305839,29.6,17.6,116.7098388671875,0.9025343060493469,25.404312133789062,21.38640022277832,1,0.8803370594978333,29.6,17.6
1,2,0.0,25.8,20.6,-0.6682894188305839,29.6,17.6,117.2098388671875,0.8875589370727539,25.404312133789062,21.369598388671875,1,0.8653616905212402,29.6,17.6
1,2,0.0,25.8,20.6,-0.6682894188305839,29.6,17.6,117.7098388671875,0.8731483221054077,25.404312133789062,21.35335922241211,1,0.850951075553894,29.6,17.6
1,2,0.0,25.8,20.6,-0.6682894188305839,29.6,17.6,118.2098388671875,0.0,,,0,0.8370751738548279,29.6,17.6
1,2,0.0,25.8,20.6,-0.6682894188305839,29.6,17.6,118.7098388671875,0.8459035754203796,25.404312133789062,21.32244300842285,1,0.823706328868866,29.6,17.6
1,2,0.0,25.8,20.6,-0.6682894188305839,29.6,17.6,119.2098388671875,0.8330157995223999,25.404312133789062,21.30771255493164,1,0.8108185529708862,29.6,17.6
1,2,0.0,25.8,20.6,-0.6682894188305839,29.6,17.6,119.7098388671875,0.8205849528312683,25.404312133789062,21.29343605041504,1,0.7983877062797546,29.6,17.6
1,2,0.0,25.8,20.6,-0.6682894188305839,29.6,17.6,120.2098388671875,0.0,,,0,0.7863912582397461,29.6,17.6
1,2,0.0,25.8,20.6,-0.6682894188305839,29.6,17.6,120.7098388671875,0.7970053553581238,25.404312133789062,21.26615333557129,1,0.7748081088066101,29.6,17.6
1,2,0.0,25.8,20.6,-0.6682894188305839,29.6,17.6,121.2098388671875,0.0,,,0,0.7636185884475708,29.6,17.6
1,2,0.0,25.8,20.6,-0.6682894188305839,29.6,17.6,121.7098388671875,0.7750013470649719,25.404312133789062,21.240427017211914,1,0.7528041005134583,29.6,17.6
1,2,0.0,25.8,20.6,-0.6682894188305839,29.6,17.6,122.2098388671875,0.0,,,0,0.7423474192619324,29.6,17.6
1,2,0.0,25.8,20.6,-0.6682894188305839,29.6,17.6,122.7098388671875,0.0,,,0,0.7322322726249695,29.6,17.6
1,2,0.0,25.8,20.6,-0.6682894188305839,29.6,17.6,123.2098388671875,0.744640588760376,25.404312133789062,21.20444679260254,1,0.7224433422088623,29.6,17.6
1,2,0.0,25.8,20.6,-0.6682894188305839,29.6,17.6,123.7098388671875,0.7351635098457336,25.404312133789062,21.193086624145508,1,0.71296626329422,29.6,17.6
1,2,0.0,25.8,20.6,-0.6682894188305839,29.6,17.6,124.2098388671875,0.7259847521781921,25.404312133789062,21.18202018737793,1,0.7037875056266785,29.6,17.6
1,2,0.0,25.8,20.6,-0.6682894188305839,29.6,17.6,124.7098388671875,0.7170915603637695,25.404312133789062,21.171236038208008,1,0.6948943138122559,29.6,17.6
1,2,0.0,25.8,20.6,-0.6682894188305839,29.6,17.6,125.2098388671875,0.708471953868866,25.404312133789062,21.160717010498047,1,0.6862747073173523,29.6,17.6
1,2,0.0,25.8,20.6,-0.6682894188305839,29.6,17.6,125.7098388671875,0.7001144886016846,25.404312133789062,21.15045738220215,1,0.6779172420501709,29.6,17.6
1,2,0.0,25.8,20.6,-0.6682894188305839,29.6,17.6,126.2098388671875,0.0,,,0,0.6698113679885864,29.6,17.6
1,2,0.0,25.8,20.6,-0.6682894188305839,29.6,17.6,126.7098388671875,0.6841440796852112,25.404312133789062,21.130664825439453,1,0.6619468331336975,29.6,17.6
1,2,0.0,25.8,20.6,-0.6682894188305839,29.6,17.6,127.2098388671875,0.676511287689209,25.404312133789062,21.121112823486328,1,0.6543140411376953,29.6,17.6
1,2,0.0,25.8,20.6,-0.6682894188305839,29.6,17.6,127.7098388671875,0.6691012978553772,25.404312133789062,21.111778259277344,1,0.6469040513038635,29.6,17.6
1,2,0.0,25.8,20.6,-0.6682894188305839,29.6,17.6,128.2098388671875,0.6619053483009338,25.404312133789062,21.102651596069336,1,0.6397081017494202,29.6,17.6
1,2,0.0,25.8,20.6,-0.6682894188305839,29.6,17.6,128.7098388671875,0.654915452003479,25.404312133789062,21.093725204467773,1,0.6327182054519653,29.6,17.6
1,2,0.0,25.8,20.6,-0.6682894188305839,29.6,17.6,129.2098388671875,0.6481238007545471,25.404312133789062,21.084989547729492,1,0.6259265542030334,29.6,17.6
1,2,0.0,25.8,20.6,-0.6682894188305839,29.6,17.6,129.7098388671875,0.641523003578186,25.404312133789062,21.076440811157227,1,0.6193257570266724,29.6,17.6
1,2,0.0,25.8,20.6,-0.6682894188305839,29.6,17.6,130.2098388671875,0.0,,,0,0.6129089593887329,29.6,17.6
1,2,0.0,25.8,20.6,-0.6682894188305839,29.6,17.6,130.7098388671875,0.6288667321205139,25.404312133789062,21.05986976623535,1,0.6066694855690002,29.6,17.6
1,2,0.0,25.8,20.6,-0.6682894188305839,29.6,17.6,131.2098388671875,0.6227983236312866,25.404312133789062,21.051834106445312,1,0.600601077079773,29.6,17.6
1,2,0.0,25.8,20.6,-0.6682894188305839,29.6,17.6,131.7098388671875,0.6168949007987976,25.404312133789062,21.043956756591797,1,0.5946976542472839,29.6,17.6
1,2,0.0,25.8,20.6,-0.6682894188305839,29.6,17.6,132.2098388671875,0.611150860786438,25.404312133789062,21.036231994628906,1,0.5889536142349243,29.6,17.6
1,2,0.0,25.8,20.6,-0.6682894188305839,29.6,17.6,132.7098388671875,0.6055607199668884,25.404312133789062,21.028654098510742,1,0.5833634734153748,29.6,17.6
1,2,0.0,25.8,20.6,-0.6682894188305839,29.6,17.6,133.2098388671875,0.6001192927360535,25.404312133789062,21.02121925354004,1,0.5779220461845398,29.6,17.6
1,2,0.0,25.8,20.6,-0.6682894188305839,29.6,17.6,133.7098388671875,0.5948216319084167,25.404312133789062,21.013919830322266,1,0.5726243853569031,29.6,17.6
1,2,0.0,25.8,20.6,-0.6682894188305839,29.6,17.6,134.2098388671875,0.589663028717041,25.404312133789062,21.00675392150879,1,0.5674657821655273,29.6,17.6
1,2,0.0,25.8,20.6,-0.6682894188305839,29.6,17.6,134.7098388671875,0.5846390128135681,25.404312133789062,20.99971580505371,1,0.5624417662620544,29.6,17.6
1,2,0.0,25.8,20.6,-0.6682894188305839,29.6,17.6,135.2098388671875,0.5797452330589294,25.404312133789062,20.992799758911133,1,0.5575479865074158,29.6,17.6
1,2,0.0,25.8,20.6,-0.6682894188305839,29.6,17.6,135.7098388671875,0.0,,,0,0.5527803897857666,29.6,17.6
1,2,0.0,25.8,20.6,-0.6682894188305839,29.6,17.6,136.2098388671875,0.5703322291374207,25.404312133789062,20.979320526123047,1,0.548134982585907,29.6,17.6
1,2,0.0,25.8,20.6,-0.6682894188305839,29.6,17.6,136.7098388671875,0.5658053755760193,25.404312133789062,20.972747802734375,1,0.5436081290245056,29.6,17.6
1,2,0.0,25.8,20.6,-0.6682894188305839,29.6,17.6,137.2098388671875,0.5613933801651001,25.404312133789062,20.966283798217773,1,0.5391961336135864,29.6,17.6
1,2,0.0,25.8,20.6,-0.6682894188305839,29.6,17.6,137.7098388671875,0.5570927858352661,25.404312133789062,20.959922790527344,1,0.5348955392837524,29.6,17.6
1,2,0.0,25.8,20.6,-0.6682894188305839,29.6,17.6,138.2098388671875,0.5529003739356995,25.404312133789062,20.953662872314453,1,0.5307031273841858,29.6,17.6
1,2,0.0,25.8,20.6,-0.6682894188305839,29.6,17.6,138.7098388671875,0.548812985420227,25.404312133789062,20.947500228881836,1,0.5266157388687134,29.6,17.6
1,2,0.0,25.8,20.6,-0.6682894188305839,29.6,17.6,139.2098388671875,0.5448275208473206,25.404312133789062,20.941429138183594,1,0.5226302742958069,29.6,17.6
1,2,0.0,25.8,20.6,-0.6682894188305839,29.6,17.6,139.7098388671875,0.0,,,0,0.5187439322471619,29.6,17.6
1,2,0.0,25.8,20.6,-0.6682894188305839,29.6,17.6,140.2098388671875,0.5371511578559875,25.404312133789062,20.9295597076416,1,0.5149539113044739,29.6,17.6
1,2,0.0,25.8,20.6,-0.6682894188305839,29.6,17.6,140.7098388671875,0.5334547162055969,25.404312133789062,20.923751831054688,1,0.5112574696540833,29.6,17.6
1,2,0.0,25.8,20.6,-0.6682894188305839,29.6,17.6,141.2098388671875,0.5298493504524231,25.404312133789062,20.918027877807617,1,0.5076521039009094,29.6,17.6
