scenario_id,scan_id,t,pose_x,pose_y,pose_yaw,goal_x,goal_y,theta_deg,r_m,hit_x,hit_y,valid,noise_free_r_m,final_goal_x,final_goal_y
11,0,0.0,1.8,2.4000000000000004,0.0791990709694515,8.1,2.9000000000000004,184.5377655029297,1.3766118288040161,0.3981570601463318,2.2887425422668457,1,1.4062509536743164,0.30000000000000004,7.7
11,0,0.0,1.8,2.4000000000000004,0.0791990709694515,8.1,2.9000000000000004,185.0377655029297,1.3776401281356812,0.3981570601463318,2.276423215866089,1,1.4072792530059814,0.30000000000000004,7.7
11,0,0.0,1.8,2.4000000000000004,0.0791990709694515,8.1,2.9000000000000004,185.5377655029297,1.3787771463394165,0.3981570601463318,2.264085054397583,1,1.4084162712097168,0.30000000000000004,7.7
11,0,0.0,1.8,2.4000000000000004,0.0791990709694515,8.1,2.9000000000000004,186.0377655029297,1.3800235986709595,0.3981570601463318,2.251725912094116,1,1.4096627235412598,0.30000000000000004,7.7
11,0,0.0,1.8,2.4000000000000004,0.0791990709694515,8.1,2.9000000000000004,186.5377655029297,1.3813797235488892,0.3981570601463318,2.2393438816070557,1,1.4110188484191895,0.30000000000000004,7.7
11,0,0.0,1.8,2.4000000000000004,0.0791990709694515,8.1,2.9000000000000004,187.0377655029297,1.3828461170196533,0.3981570601463318,2.2269370555877686,1,1.4124852418899536,0.30000000000000004,7.7
11,0,0.0,1.8,2.4000000000000004,0.0791990709694515,8.1,2.9000000000000004,187.5377655029297,1.3844232559204102,0.3981570601463318,2.214503526687622,1,1.4140623807907104,0.30000000000000004,7.7
11,0,0.0,1.8,2.4000000000000004,0.0791990709694515,8.1,2.9000000000000004,188.0377655029297,1.3861119747161865,0.3981570601463318,2.2020413875579834,1,1.4157510995864868,0.30000000000000004,7.7
11,0,0.0,1.8,2.4000000000000004,0.0791990709694515,8.1,2.9000000000000004,188.5377655029297,1.3879128694534302,0.3981570601463318,2.1895482540130615,1,1.4175519943237305,0.30000000000000004,7.7
11,0,0.0,1.8,2.4000000000000004,0.0791990709694515,8.1,2.9000000000000004,189.0377655029297,1.3898265361785889,0.3981570601463318,2.1770224571228027,1,1.4194656610488892,0.30000000000000004,7.7
11,0,0.0,1.8,2.4000000000000004,0.0791990709694515,8.1,2.9000000000000004,189.5377655029297,1.3918536901474,0.3981570601463318,2.164461851119995,1,1.4214928150177002,0.30000000000000004,7.7
11,0,0.0,1.8,2.4000000000000004,0.0791990709694515,8.1,2.9000000000000004,190.0377655029297,1.3939952850341797,0.3981570601463318,2.1518642902374268,1,1.42363440990448,0.30000000000000004,7.7
11,0,0.0,1.8,2.4000000000000004,0.0791990709694515,8.1,2.9000000000000004,190.5377655029297,1.396252155303955,0.3981570601463318,2.1392276287078857,1,1.4258912801742554,0.30000000000000004,7.7
11,0,0.0,1.8,2.4000000000000004,0.0791990709694515,8.1,2.9000000000000004,191.0377655029297,1.3986250162124634,0.3981570601463318,2.1265501976013184,1,1.4282641410827637,0.30000000000000004,7.7
11,0,0.0,1.8,2.4000000000000004,0.0791990709694515,8.1,2.9000000000000004,191.5377655029297,1.4011149406433105,0.3981570601463318,2.1138293743133545,1,1.4307540655136108,0.30000000000000004,7.7
11,0,0.0,1.8,2.4000000000000004,0.0791990709694515,8.1,2.9000000000000004,192.0377655029297,1.4037230014801025,0.3981570601463318,2.1010630130767822,1,1.4333621263504028,0.30000000000000004,7.7
11,0,0.0,1.8,2.4000000000000004,0.0791990709694515,8.1,2.9000000000000004,192.5377655029297,1.4064500331878662,0.3981570601463318,2.0882492065429688,1,1.4360891580581665,0.30000000000000004,7.7
11,0,0.0,1.8,2.4000000000000004,0.0791990709694515,8.1,2.9000000000000004,193.0377655029297,1.4092973470687866,0.3981570601463318,2.075385570526123,1,1.438936471939087,0.30000000000000004,7.7
11,0,0.0,1.8,2.4000000000000004,0.0791990709694515,8.1,2.9000000000000004,193.5377655029297,1.4122660160064697,0.3981570601463318,2.062469720840454,1,1.44190514087677,0.30000000000000004,7.7
11,0,0.0,1.8,2.4000000000000004,0.0791990709694515,8.1,2.9000000000000004,194.0377655029297,1.4153571128845215,0.3981570601463318,2.04949951171875,1,1.4449962377548218,0.30000000000000004,7.7
11,0,0.0,1.8,2.4000000000000004,0.0791990709694515,8.1,2.9000000000000004,194.5377655029297,1.4185720682144165,0.3981570601463318,2.0364725589752197,1,1.4482111930847168,0.30000000000000004,7.7
11,0,0.0,1.8,2.4000000000000004,0.0791990709694515,8.1,2.9000000000000004,195.0377655029297,1.4219121932983398,0.3981570601463318,2.0233867168426514,1,1.4515513181686401,0.30000000000000004,7.7
11,0,0.0,1.8,2.4000000000000004,0.0791990709694515,8.1,2.9000000000000004,195.5377655029297,1.4253787994384766,0.3981570601463318,2.0102391242980957,1,1.4550179243087769,0.30000000000000004,7.7
11,0,0.0,1.8,2.4000000000000004,0.0791990709694515,8.1,2.9000000000000004,196.0377655029297,1.4289733171463013,0.3981570601463318,1.9970276355743408,1,1.4586124420166016,0.30000000000000004,7.7
11,0,0.0,1.8,2.4000000000000004,0.0791990709694515,8.1,2.9000000000000004,196.5377655029297,1.4326972961425781,0.3981570601463318,1.9837497472763062,1,1.4623364210128784,0.30000000000000004,7.7
11,0,0.0,1.8,2.4000000000000004,0.0791990709694515,8.1,2.9000000000000004,197.0377655029297,1.4365522861480713,0.3981570601463318,1.9704028367996216,1,1.4661914110183716,0.30000000000000004,7.7
11,0,0.0,1.8,2.4000000000000004,0.0791990709694515,8.1,2.9000000000000004,197.5377655029297,1.4405399560928345,0.3981570601463318,1.9569844007492065,1,1.4701790809631348,0.30000000000000004,7.7
11,0,0.0,1.8,2.4000000000000004,0.0791990709694515,8.1,2.9000000000000004,198.0377655029297,1.4446618556976318,0.3981570601463318,1.9434916973114014,1,1.4743009805679321,0.30000000000000004,7.7
11,0,0.0,1.8,2.4000000000000004,0.0791990709694515,8.1,2.9000000000000004,198.5377655029297,1.4489198923110962,0.3981570601463318,1.929922103881836,1,1.4785590171813965,0.30000000000000004,7.7
11,0,0.0,1.8,2.4000000000000004,0.0791990709694515,8.1,2.9000000000000004,199.0377655029297,1.4533159732818604,0.3981570601463318,1.916272759437561,1,1.4829550981521606,0.30000000000000004,7.7
11,0,0.0,1.8,2.4000000000000004,0.0791990709694515,8.1,2.9000000000000004,199.5377655029297,1.457851767539978,0.3981570601463318,1.9025410413742065,1,1.4874908924102783,0.30000000000000004,7.7
11,0,0.0,1.8,2.4000000000000004,0.0791990709694515,8.1,2.9000000000000004,200.0377655029297,1.4625293016433716,0.3981570601463318,1.8887240886688232,1,1.4921684265136719,0.30000000000000004,7.7
11,0,0.0,1.8,2.4000000000000004,0.0791990709694515,8.1,2.9000000000000004,200.5377655029297,1.4673508405685425,0.3981570601463318,1.8748188018798828,1,1.4969899654388428,0.30000000000000004,7.7
11,0,0.0,1.8,2.4000000000000004,0.0791990709694515,8.1,2.9000000000000004,201.0377655029297,1.4723182916641235,0.3981570601463318,1.860822319984436,1,1.5019574165344238,0.30000000000000004,7.7
11,0,0.0,1.8,2.4000000000000004,0.0791990709694515,8.1,2.9000000000000004,201.5377655029297,1.4774340391159058,0.3981570601463318,1.8467315435409546,1,1.507073163986206,0.30000000000000004,7.7
11,0,0.0,1.8,2.4000000000000004,0.0791990709694515,8.1,2.9000000000000004,202.0377655029297,1.4827003479003906,0.3981570601463318,1.8325433731079102,1,1.512339472770691,0.30000000000000004,7.7
11,0,0.0,1.8,2.4000000000000004,0.0791990709694515,8.1,2.9000000000000004,202.5377655029297,1.4881194829940796,0.3981570601463318,1.8182545900344849,1,1.5177586078643799,0.30000000000000004,7.7
11,0,0.0,1.8,2.4000000000000004,0.0791990709694515,8.1,2.9000000000000004,203.0377655029297,1.4936941862106323,0.3981570601463318,1.8038619756698608,1,1.5233333110809326,0.30000000000000004,7.7
11,0,0.0,1.8,2.4000000000000004,0.0791990709694515,8.1,2.9000000000000004,203.5377655029297,1.4994267225265503,0.3981570601463318,1.7893620729446411,1,1.5290658473968506,0.30000000000000004,7.7
11,0,0.0,1.8,2.4000000000000004,0.0791990709694515,8.1,2.9000000000000004,204.0377655029297,1.5053199529647827,0.3981570601463318,1.7747516632080078,1,1.534959077835083,0.30000000000000004,7.7
11,0,0.0,1.8,2.4000000000000004,0.0791990709694515,8.1,2.9000000000000004,204.5377655029297,1.5113765001296997,0.3981570601463318,1.7600269317626953,1,1.541015625,0.30000000000000004,7.7
11,0,0.0,1.8,2.4000000000000004,0.0791990709694515,8.1,2.9000000000000004,205.0377655029297,1.5175994634628296,0.3981570601463318,1.7451844215393066,1,1.5472385883331299,0.30000000000000004,7.7
11,0,0.0,1.8,2.4000000000000004,0.0791990709694515,8.1,2.9000000000000004,205.5377655029297,1.523991584777832,0.3981570601463318,1.7302204370498657,1,1.5536307096481323,0.30000000000000004,7.7
11,0,0.0,1.8,2.4000000000000004,0.0791990709694515,8.1,2.9000000000000004,206.0377655029297,1.530556082725525,0.3981570601463318,1.715131163597107,1,1.5601952075958252,0.30000000000000004,7.7
11,0,0.0,1.8,2.4000000000000004,0.0791990709694515,8.1,2.9000000000000004,206.5377655029297,1.5372960567474365,0.3981570601463318,1.6999125480651855,1,1.5669351816177368,0.30000000000000004,7.7
11,0,0.0,1.8,2.4000000000000004,0.0791990709694515,8.1,2.9000000000000004,207.0377655029297,1.5442149639129639,0.3981570601463318,1.6845608949661255,1,1.5738540887832642,0.30000000000000004,7.7
11,0,0.0,1.8,2.4000000000000004,0.0791990709694515,8.1,2.9000000000000004,207.5377655029297,1.551316261291504,0.3981570601463318,1.6690716743469238,1,1.5809553861618042,0.30000000000000004,7.7
11,0,0.0,1.8,2.4000000000000004,0.0791990709694515,8.1,2.9000000000000004,208.0377655029297,1.558603286743164,0.3981570601463318,1.653441071510315,1,1.5882424116134644,0.30000000000000004,7.7
11,0,0.0,1.8,2.4000000000000004,0.0791990709694515,8.1,2.9000000000000004,208.5377655029297,1.5660799741744995,0.3981570601463318,1.6376643180847168,1,1.5957190990447998,0.30000000000000004,7.7
11,0,0.0,1.8,2.4000000000000004,0.0791990709694515,8.1,2.9000000000000004,209.0377655029297,1.5737500190734863,0.3981570601463318,1.6217372417449951,1,1.6033891439437866,0.30000000000000004,7.7
11,0,0.0,1.8,2.4000000000000004,0.0791990709694515,8.1,2.9000000000000004,209.5377655029297,1.5816174745559692,0.3981570601463318,1.6056549549102783,1,1.6112565994262695,0.30000000000000004,7.7
11,0,0.0,1.8,2.4000000000000004,0.0791990709694515,8.1,2.9000000000000004,210.0377655029297,1.589686393737793,0.3981570601463318,1.5894129276275635,1,1.6193255186080933,0.30000000000000004,7.7
11,0,0.0,1.8,2.4000000000000004,0.0791990709694515,8.1,2.9000000000000004,210.5377655029297,1.597961187362671,0.3981570601463318,1.5730060338974,1,1.6276003122329712,0.30000000000000004,7.7
11,0,0.0,1.8,2.4000000000000004,0.0791990709694515,8.1,2.9000000000000004,211.0377655029297,1.6064461469650269,0.3981570601463318,1.5564295053482056,1,1.6360852718353271,0.30000000000000004,7.7
11,0,0.0,1.8,2.4000000000000004,0.0791990709694515,8.1,2.9000000000000004,211.5377655029297,1.6151459217071533,0.3981570601463318,1.5396778583526611,1,1.6447850465774536,0.30000000000000004,7.7
11,0,0.0,1.8,2.4000000000000004,0.0791990709694515,8.1,2.9000000000000004,212.0377655029297,1.6240653991699219,0.3981570601463318,1.5227457284927368,1,1.6537045240402222,0.30000000000000004,7.7
11,0,0.0,1.8,2.4000000000000004,0.0791990709694515,8.1,2.9000000000000004,212.5377655029297,1.633209466934204,0.3981570601463318,1.5056277513504028,1,1.6628485918045044,0.30000000000000004,7.7
11,0,0.0,1.8,2.4000000000000004,0.0791990709694515,8.1,2.9000000000000004,213.0377655029297,1.6425832509994507,0.3981570601463318,1.4883180856704712,1,1.672222375869751,0.30000000000000004,7.7
11,0,0.0,1.8,2.4000000000000004,0.0791990709694515,8.1,2.9000000000000004,213.5377655029297,1.6521921157836914,0.3981570601463318,1.4708107709884644,1,1.6818312406539917,0.30000000000000004,7.7
11,0,0.0,1.8,2.4000000000000004,0.0791990709694515,8.1,2.9000000000000004,214.0377655029297,8.708440780639648,-5.44097375869751,-2.491046905517578,1,8.738080024719238,0.30000000000000004,7.7
11,0,0.0,1.8,2.4000000000000004,0.0791990709694515,8.1,2.9000000000000004,214.5377655029297,8.597314834594727,-5.30647611618042,-2.491046905517578,1,8.626954078674316,0.30000000000000004,7.7
11,0,0.0,1.8,2.4000000000000004,0.0791990709694515,8.1,2.9000000000000004,215.0377655029297,8.489622116088867,-5.175346851348877,-2.491046905517578,1,8.519261360168457,0.30000000000000004,7.7
11,0,0.0,1.8,2.4000000000000004,0.0791990709694515,8.1,2.9000000000000004,215.5377655029297,8.38521671295166,-5.0474419593811035,-2.491046905517578,1,8.41485595703125,0.30000000000000004,7.7
11,0,0.0,1.8,2.4000000000000004,0.0791990709694515,8.1,2.9000000000000004,216.0377655029297,8.283965110778809,-4.922624111175537,-2.491046905517578,1,8.313604354858398,0.30000000000000004,7.7
11,0,0.0,1.8,2.4000000000000004,0.0791990709694515,8.1,2.9000000000000004,216.5377655029297,8.185739517211914,-4.800765037536621,-2.491046905517578,1,8.215378761291504,0.30000000000000004,7.7
11,0,0.0,1.8,2.4000000000000004,0.0791990709694515,8.1,2.9000000000000004,217.0377655029297,8.090418815612793,-4.681743621826172,-2.491046905517578,1,8.120058059692383,0.30000000000000004,7.7
11,0,0.0,1.8,2.4000000000000004,0.0791990709694515,8.1,2.9000000000000004,217.5377655029297,7.997888565063477,-4.56544303894043,-2.491046905517578,1,8.027527809143066,0.30000000000000004,7.7
11,0,0.0,1.8,2.4000000000000004,0.0791990709694515,8.1,2.9000000000000004,218.0377655029297,7.908041477203369,-4.451755046844482,-2.491046905517578,1,7.937680721282959,0.30000000000000004,7.7
11,0,0.0,1.8,2.4000000000000004,0.0791990709694515,8.1,2.9000000000000004,218.5377655029297,7.820774555206299,-4.340574741363525,-2.491046905517578,1,7.850413799285889,0.30000000000000004,7.7
11,0,0.0,1.8,2.4000000000000004,0.0791990709694515,8.1,2.9000000000000004,219.0377655029297,7.73599100112915,-4.231804847717285,-2.491046905517578,1,7.76563024520874,0.30000000000000004,7.7
11,0,0.0,1.8,2.4000000000000004,0.0791990709694515,8.1,2.9000000000000004,219.5377655029297,7.653597354888916,-4.1253509521484375,-2.491046905517578,1,7.683236598968506,0.30000000000000004,7.7
11,0,0.0,1.8,2.4000000000000004,0.0791990709694515,8.1,2.9000000000000004,220.0377655029297,7.573506832122803,-4.021124839782715,-2.491046905517578,1,7.603146076202393,0.30000000000000004,7.7
11,0,0.0,1.8,2.4000000000000004,0.0791990709694515,8.1,2.9000000000000004,220.5377655029297,7.495636463165283,-3.919041156768799,-2.491046905517578,1,7.525275707244873,0.30000000000000004,7.7
11,0,0.0,1.8,2.4000000000000004,0.0791990709694515,8.1,2.9000000000000004,221.0377655029297,7.419906139373779,-3.8190200328826904,-2.491046905517578,1,7.449545383453369,0.30000000000000004,7.7
11,0,0.0,1.8,2.4000000000000004,0.0791990709694515,8.1,2.9000000000000004,221.5377655029297,7.346240997314453,-3.72098445892334,-2.491046905517578,1,7.375880241394043,0.30000000000000004,7.7
11,0,0.0,1.8,2.4000000000000004,0.0791990709694515,8.1,2.9000000000000004,222.0377655029297,7.274569034576416,-3.624861478805542,-2.491046905517578,1,7.304208278656006,0.30000000000000004,7.7
11,0,0.0,1.8,2.4000000000000004,0.0791990709694515,8.1,2.9000000000000004,222.5377655029297,7.204822540283203,-3.530581474304199,-2.491046905517578,1,7.234461784362793,0.30000000000000004,7.7
11,0,0.0,1.8,2.4000000000000004,0.0791990709694515,8.1,2.9000000000000004,223.0377655029297,7.136936187744141,-3.4380781650543213,-2.491046905517578,1,7.1665754318237305,0.30000000000000004,7.7
11,0,0.0,1.8,2.4000000000000004,0.0791990709694515,8.1,2.9000000000000004,223.5377655029297,7.070847511291504,-3.347287654876709,-2.491046905517578,1,7.100486755371094,0.30000000000000004,7.7
11,0,0.0,1.8,2.4000000000000004,0.0791990709694515,8.1,2.9000000000000004,224.0377655029297,10.903529167175293,-6.059654235839844,-5.199999809265137,1,10.933168411254883,0.30000000000000004,7.7
11,0,0.0,1.8,2.4000000000000004,0.0791990709694515,8.1,2.9000000000000004,224.5377655029297,10.80615234375,-5.923624515533447,-5.199999809265137,1,10.83579158782959,0.30000000000000004,7.7
11,0,0.0,1.8,2.4000000000000004,0.0791990709694515,8.1,2.9000000000000004,225.0377655029297,10.711305618286133,-5.7899861335754395,-5.199999809265137,1,10.740944862365723,0.30000000000000004,7.7
11,0,0.0,1.8,2.4000000000000004,0.0791990709694515,8.1,2.9000000000000004,225.5377655029297,10.618907928466797,-5.658656597137451,-5.199999809265137,1,10.648547172546387,0.30000000000000004,7.7
11,0,0.0,1.8,2.4000000000000004,0.0791990709694515,8.1,2.9000000000000004,226.0377655029297,10.528884887695312,-5.529558181762695,-5.199999809265137,1,10.558524131774902,0.30000000000000004,7.7
11,0,0.0,1.8,2.4000000000000004,0.0791990709694515,8.1,2.9000000000000004,226.5377655029297,10.441161155700684,-5.402614116668701,-5.199999809265137,1,10.470800399780273,0.30000000000000004,7.7
11,0,0.0,1.8,2.4000000000000004,0.0791990709694515,8.1,2.9000000000000004,227.0377655029297,10.355667114257812,-5.2777533531188965,-5.199999809265137,1,10.385306358337402,0.30000000000000004,7.7
11,0,0.0,1.8,2.4000000000000004,0.0791990709694515,8.1,2.9000000000000004,227.5377655029297,6.600287914276123,-2.6758904457092285,-2.491046905517578,1,6.629927158355713,0.30000000000000004,7.7
11,0,0.0,1.8,2.4000000000000004,0.0791990709694515,8.1,2.9000000000000004,228.0377655029297,2.066917657852173,0.3981570601463318,0.8410300612449646,1,2.0965569019317627,0.30000000000000004,7.7
11,0,0.0,1.8,2.4000000000000004,0.0791990709694515,8.1,2.9000000000000004,228.5377655029297,2.0875449180603027,0.3981570601463318,0.8133983612060547,1,2.1171841621398926,0.30000000000000004,7.7
11,0,0.0,1.8,2.4000000000000004,0.0791990709694515,8.1,2.9000000000000004,229.0377655029297,2.108746290206909,0.3981570601463318,0.7852153778076172,1,2.138385534286499,0.30000000000000004,7.7
11,0,0.0,1.8,2.4000000000000004,0.0791990709694515,8.1,2.9000000000000004,229.5377655029297,2.1305429935455322,0.3981570601463318,0.7564600110054016,1,2.160182237625122,0.30000000000000004,7.7
11,0,0.0,1.8,2.4000000000000004,0.0791990709694515,8.1,2.9000000000000004,230.0377655029297,2.152956485748291,0.3981570601463318,0.7271101474761963,1,2.182595729827881,0.30000000000000004,7.7
11,0,0.0,1.8,2.4000000000000004,0.0791990709694515,8.1,2.9000000000000004,230.5377655029297,2.1760096549987793,0.3981570601463318,0.697142481803894,1,2.205648899078369,0.30000000000000004,7.7
11,0,0.0,1.8,2.4000000000000004,0.0791990709694515,8.1,2.9000000000000004,231.0377655029297,2.1997265815734863,0.3981570601463318,0.6665326952934265,1,2.229365825653076,0.30000000000000004,7.7
11,0,0.0,1.8,2.4000000000000004,0.0791990709694515,8.1,2.9000000000000004,231.5377655029297,2.224132776260376,0.3981570601463318,0.6352550983428955,1,2.253772020339966,0.30000000000000004,7.7
11,0,0.0,1.8,2.4000000000000004,0.0791990709694515,8.1,2.9000000000000004,232.0377655029297,2.2492547035217285,0.3981570601463318,0.6032825708389282,1,2.2788939476013184,0.30000000000000004,7.7
11,0,0.0,1.8,2.4000000000000004,0.0791990709694515,8.1,2.9000000000000004,232.5377655029297,2.275120258331299,0.3981570601463318,0.5705868005752563,1,2.3047595024108887,0.30000000000000004,7.7
11,0,0.0,1.8,2.4000000000000004,0.0791990709694515,8.1,2.9000000000000004,233.0377655029297,2.3017594814300537,0.3981570601463318,0.5371376276016235,1,2.3313987255096436,0.30000000000000004,7.7
11,0,0.0,1.8,2.4000000000000004,0.0791990709694515,8.1,2.9000000000000004,233.5377655029297,2.3292033672332764,0.3981570601463318,0.5029036402702332,1,2.358842611312866,0.30000000000000004,7.7
11,0,0.0,1.8,2.4000000000000004,0.0791990709694515,8.1,2.9000000000000004,234.0377655029297,2.357485055923462,0.3981570601463318,0.46785134077072144,1,2.3871243000030518,0.30000000000000004,7.7
11,0,0.0,1.8,2.4000000000000004,0.0791990709694515,8.1,2.9000000000000004,234.5377655029297,2.386639356613159,0.3981570601463318,0.4319455325603485,1,2.416278600692749,0.30000000000000004,7.7
11,0,0.0,1.8,2.4000000000000004,0.0791990709694515,8.1,2.9000000000000004,235.0377655029297,2.416703224182129,0.3981570601463318,0.39514902234077454,1,2.4463424682617188,0.30000000000000004,7.7
11,0,0.0,1.8,2.4000000000000004,0.0791990709694515,8.1,2.9000000000000004,235.5377655029297,2.4477155208587646,0.3981570601463318,0.3574223816394806,1,2.4773547649383545,0.30000000000000004,7.7
11,0,0.0,1.8,2.4000000000000004,0.0791990709694515,8.1,2.9000000000000004,236.0377655029297,2.479717969894409,0.3981570601463318,0.31872397661209106,1,2.509357213973999,0.30000000000000004,7.7
11,0,0.0,1.8,2.4000000000000004,0.0791990709694515,8.1,2.9000000000000004,236.5377655029297,2.512754201889038,0.3981570601463318,0.279009610414505,1,2.542393445968628,0.30000000000000004,7.7
11,0,0.0,1.8,2.4000000000000004,0.0791990709694515,8.1,2.9000000000000004,237.0377655029297,2.546870470046997,0.3981570601463318,0.23823243379592896,1,2.576509714126587,0.30000000000000004,7.7
11,0,0.0,1.8,2.4000000000000004,0.0791990709694515,8.1,2.9000000000000004,237.5377655029297,2.5821166038513184,0.3981570601463318,0.19634276628494263,1,2.611755847930908,0.30000000000000004,7.7
11,0,0.0,1.8,2.4000000000000004,0.0791990709694515,8.1,2.9000000000000004,238.0377655029297,2.618544816970825,0.3981570601463318,0.15328781306743622,1,2.648184061050415,0.30000000000000004,7.7
11,0,0.0,1.8,2.4000000000000004,0.0791990709694515,8.1,2.9000000000000004,238.5377655029297,2.6562111377716064,0.3981570601463318,0.10901138931512833,1,2.6858503818511963,0.30000000000000004,7.7
11,0,0.0,1.8,2.4000000000000004,0.0791990709694515,8.1,2.9000000000000004,239.0377655029297,2.6951749324798584,0.3981570601463318,0.06345374882221222,1,2.7248141765594482,0.30000000000000004,7.7
11,0,0.0,1.8,2.4000000000000004,0.0791990709694515,8.1,2.9000000000000004,239.5377655029297,2.735499382019043,0.3981570601463318,0.016551215201616287,1,2.765138626098633,0.30000000000000004,7.7
11,0,0.0,1.8,2.4000000000000004,0.0791990709694515,8.1,2.9000000000000004,240.0377655029297,2.777252435684204,0.3981570601463318,-0.03176412731409073,1,2.806891679763794,0.30000000000000004,7.7
11,0,0.0,1.8,2.4000000000000004,0.0791990709694515,8.1,2.9000000000000004,240.5377655029297,2.8205058574676514,0.3981570601463318,-0.08156479150056839,1,2.850145101547241,0.30000000000000004,7.7
11,0,0.0,1.8,2.4000000000000004,0.0791990709694515,8.1,2.9000000000000004,241.0377655029297,2.865337371826172,0.3981570601463318,-0.1329282820224762,1,2.8949766159057617,0.30000000000000004,7.7
11,0,0.0,1.8,2.4000000000000004,0.0791990709694515,8.1,2.9000000000000004,241.5377655029297,2.9118292331695557,0.3981570601463318,-0.1859375387430191,1,2.9414684772491455,0.30000000000000004,7.7
11,0,0.0,1.8,2.4000000000000004,0.0791990709694515,8.1,2.9000000000000004,242.0377655029297,2.9600701332092285,0.3981570601463318,-0.24068142473697662,1,2.9897093772888184,0.30000000000000004,7.7
11,0,0.0,1.8,2.4000000000000004,0.0791990709694515,8.1,2.9000000000000004,242.5377655029297,3.010155200958252,0.3981570601463318,-0.297255277633667,1,3.039794445037842,0.30000000000000004,7.7
11,0,0.0,1.8,2.4000000000000004,0.0791990709694515,8.1,2.9000000000000004,243.0377655029297,3.0621862411499023,0.3981570601463318,-0.35576143860816956,1,3.091825485229492,0.30000000000000004,7.7
11,0,0.0,1.8,2.4000000000000004,0.0791990709694515,8.1,2.9000000000000004,243.5377655029297,3.1162734031677246,0.3981570601463318,-0.41631004214286804,1,3.1459126472473145,0.30000000000000004,7.7
11,0,0.0,1.8,2.4000000000000004,0.0791990709694515,8.1,2.9000000000000004,244.0377655029297,3.172534704208374,0.3981570601463318,-0.4790196418762207,1,3.202173948287964,0.30000000000000004,7.7
11,0,0.0,1.8,2.4000000000000004,0.0791990709694515,8.1,2.9000000000000004,244.5377655029297,3.231097936630249,0.3981570601463318,-0.5440181493759155,1,3.260737180709839,0.30000000000000004,7.7
11,0,0.0,1.8,2.4000000000000004,0.0791990709694515,8.1,2.9000000000000004,245.0377655029297,3.292100667953491,0.3981570601463318,-0.6114435791969299,1,3.321739912033081,0.30000000000000004,7.7
11,0,0.0,1.8,2.4000000000000004,0.0791990709694515,8.1,2.9000000000000004,245.5377655029297,3.3556923866271973,0.3981570601463318,-0.6814454197883606,1,3.385331630706787,0.30000000000000004,7.7
11,0,0.0,1.8,2.4000000000000004,0.0791990709694515,8.1,2.9000000000000004,246.0377655029297,3.42203426361084,0.3981570601463318,-0.7541854381561279,1,3.4516735076904297,0.30000000000000004,7.7
11,0,0.0,1.8,2.4000000000000004,0.0791990709694515,8.1,2.9000000000000004,246.5377655029297,3.4913017749786377,0.3981570601463318,-0.8298392295837402,1,3.5209410190582275,0.30000000000000004,7.7
11,0,0.0,1.8,2.4000000000000004,0.0791990709694515,8.1,2.9000000000000004,247.0377655029297,3.563685655593872,0.3981570601463318,-0.9085978269577026,1,3.593324899673462,0.30000000000000004,7.7
11,0,0.0,1.8,2.4000000000000004,0.0791990709694515,8.1,2.9000000000000004,247.5377655029297,3.6393933296203613,0.3981570601463318,-0.9906689524650574,1,3.669032573699951,0.30000000000000004,7.7
11,0,0.0,1.8,2.4000000000000004,0.0791990709694515,8.1,2.9000000000000004,248.0377655029297,3.718651533126831,0.3981570601463318,-1.0762795209884644,1,3.748290777206421,0.30000000000000004,7.7
11,0,0.0,1.8,2.4000000000000004,0.0791990709694515,8.1,2.9000000000000004,248.5377655029297,3.8017077445983887,0.3981570601463318,-1.1656774282455444,1,3.8313469886779785,0.30000000000000004,7.7
11,0,0.0,1.8,2.4000000000000004,0.0791990709694515,8.1,2.9000000000000004,249.0377655029297,3.8888332843780518,0.3981570601463318,-1.2591341733932495,1,3.9184725284576416,0.30000000000000004,7.7
11,0,0.0,1.8,2.4000000000000004,0.0791990709694515,8.1,2.9000000000000004,249.5377655029297,3.9803261756896973,0.3981570601463318,-1.356947898864746,1,4.009965419769287,0.30000000000000004,7.7
11,0,0.0,1.8,2.4000000000000004,0.0791990709694515,8.1,2.9000000000000004,250.0377655029297,0.0,,,0,4.1061530113220215,0.30000000000000004,7.7
11,0,0.0,1.8,2.4000000000000004,0.0791990709694515,8.1,2.9000000000000004,250.5377655029297,4.177757740020752,0.3981570601463318,-1.5669918060302734,1,4.207396984100342,0.30000000000000004,7.7
11,0,0.0,1.8,2.4000000000000004,0.0791990709694515,8.1,2.9000000000000004,251.0377655029297,4.284457206726074,0.3981570601463318,-1.6799832582473755,1,4.314096450805664,0.30000000000000004,7.7
11,0,0.0,1.8,2.4000000000000004,0.0791990709694515,8.1,2.9000000000000004,251.5377655029297,4.397055149078369,0.3981570601463318,-1.7988641262054443,1,4.426694393157959,0.30000000000000004,7.7
11,0,0.0,1.8,2.4000000000000004,0.0791990709694515,8.1,2.9000000000000004,252.0377655029297,4.5160441398620605,0.3981570601463318,-1.9241267442703247,1,4.54568338394165,0.30000000000000004,7.7
11,0,0.0,1.8,2.4000000000000004,0.0791990709694515,8.1,2.9000000000000004,252.5377655029297,4.641971588134766,0.3981570601463318,-2.0563197135925293,1,4.6716108322143555,0.30000000000000004,7.7
11,0,0.0,1.8,2.4000000000000004,0.0791990709694515,8.1,2.9000000000000004,253.0377655029297,4.77545166015625,0.3981570601463318,-2.196056365966797,1,4.80509090423584,0.30000000000000004,7.7
11,0,0.0,1.8,2.4000000000000004,0.0791990709694515,8.1,2.9000000000000004,253.5377655029297,4.917171478271484,0.3981570601463318,-2.344024896621704,1,4.946810722351074,0.30000000000000004,7.7
11,0,0.0,1.8,2.4000000000000004,0.0791990709694515,8.1,2.9000000000000004,254.0377655029297,5.057553291320801,0.40100377798080444,-2.491046905517578,1,5.087192535400391,0.30000000000000004,7.7
11,0,0.0,1.8,2.4000000000000004,0.0791990709694515,8.1,2.9000000000000004,254.5377655029297,5.045079708099365,0.44706445932388306,-2.491046905517578,1,5.074718952178955,0.30000000000000004,7.7
11,0,0.0,1.8,2.4000000000000004,0.0791990709694515,8.1,2.9000000000000004,255.0377655029297,5.03305196762085,0.4929032623767853,-2.491046905517578,1,5.0626912117004395,0.30000000000000004,7.7
11,0,0.0,1.8,2.4000000000000004,0.0791990709694515,8.1,2.9000000000000004,255.5377655029297,5.0214643478393555,0.5385288000106812,-2.491046905517578,1,5.051103591918945,0.30000000000000004,7.7
11,0,0.0,1.8,2.4000000000000004,0.0791990709694515,8.1,2.9000000000000004,256.03778076171875,5.010313034057617,0.5839493870735168,-2.491046905517578,1,5.039952278137207,0.30000000000000004,7.7
11,0,0.0,1.8,2.4000000000000004,0.0791990709694515,8.1,2.9000000000000004,256.53778076171875,4.9995927810668945,0.6291732788085938,-2.491046905517578,1,5.029232025146484,0.30000000000000004,7.7
11,0,0.0,1.8,2.4000000000000004,0.0791990709694515,8.1,2.9000000000000004,257.03778076171875,4.989299297332764,0.6742086410522461,-2.491046905517578,1,5.0189385414123535,0.30000000000000004,7.7
11,0,0.0,1.8,2.4000000000000004,0.0791990709694515,8.1,2.9000000000000004,257.53778076171875,4.979428768157959,0.7190634608268738,-2.491046905517578,1,5.009068012237549,0.30000000000000004,7.7
11,0,0.0,1.8,2.4000000000000004,0.0791990709694515,8.1,2.9000000000000004,258.03778076171875,4.969976902008057,0.7637455463409424,-2.491046905517578,1,4.9996161460876465,0.30000000000000004,7.7
11,0,0.0,1.8,2.4000000000000004,0.0791990709694515,8.1,2.9000000000000004,258.53778076171875,4.960940361022949,0.8082627058029175,-2.491046905517578,1,4.990579605102539,0.30000000000000004,7.7
11,0,0.0,1.8,2.4000000000000004,0.0791990709694515,8.1,2.9000000000000004,259.03778076171875,4.952314376831055,0.8526226282119751,-2.491046905517578,1,4.9819536209106445,0.30000000000000004,7.7
11,0,0.0,1.8,2.4000000000000004,0.0791990709694515,8.1,2.9000000000000004,259.53778076171875,4.94409704208374,0.8968328237533569,-2.491046905517578,1,4.97373628616333,0.30000000000000004,7.7
11,0,0.0,1.8,2.4000000000000004,0.0791990709694515,8.1,2.9000000000000004,260.03778076171875,0.0,,,0,4.965922832489014,0.30000000000000004,7.7
11,0,0.0,1.8,2.4000000000000004,0.0791990709694515,8.1,2.9000000000000004,260.53778076171875,4.928872108459473,0.984833836555481,-2.491046905517578,1,4.9585113525390625,0.30000000000000004,7.7
11,0,0.0,1.8,2.4000000000000004,0.0791990709694515,8.1,2.9000000000000004,261.03778076171875,4.921859264373779,1.028639316558838,-2.491046905517578,1,4.951498508453369,0.30000000000000004,7.7
11,0,0.0,1.8,2.4000000000000004,0.0791990709694515,8.1,2.9000000000000004,261.53778076171875,4.9152421951293945,1.072324275970459,-2.491046905517578,1,4.944881439208984,0.30000000000000004,7.7
11,0,0.0,1.8,2.4000000000000004,0.0791990709694515,8.1,2.9000000000000004,262.03778076171875,4.909018039703369,1.1158959865570068,-2.491046905517578,1,4.938657283782959,0.30000000000000004,7.7
11,0,0.0,1.8,2.4000000000000004,0.0791990709694515,8.1,2.9000000000000004,262.53778076171875,4.9031853675842285,1.159361481666565,-2.491046905517578,1,4.932824611663818,0.30000000000000004,7.7
11,0,0.0,1.8,2.4000000000000004,0.0791990709694515,8.1,2.9000000000000004,263.03778076171875,4.897740840911865,1.2027277946472168,-2.491046905517578,1,4.927380084991455,0.30000000000000004,7.7
11,0,0.0,1.8,2.4000000000000004,0.0791990709694515,8.1,2.9000000000000004,263.53778076171875,0.0,,,0,4.922321796417236,0.30000000000000004,7.7
11,0,0.0,1.8,2.4000000000000004,0.0791990709694515,8.1,2.9000000000000004,264.03778076171875,4.888009071350098,1.2891900539398193,-2.491046905517578,1,4.9176483154296875,0.30000000000000004,7.7
11,0,0.0,1.8,2.4000000000000004,0.0791990709694515,8.1,2.9000000000000004,264.53778076171875,4.883718490600586,1.332299828529358,-2.491046905517578,1,4.913357734680176,0.30000000000000004,7.7
11,0,0.0,1.8,2.4000000000000004,0.0791990709694515,8.1,2.9000000000000004,265.03778076171875,4.87980842590332,1.375337839126587,-2.491046905517578,1,4.90944766998291,0.30000000000000004,7.7
11,0,0.0,1.8,2.4000000000000004,0.0791990709694515,8.1,2.9000000000000004,265.53778076171875,4.876278400421143,1.418310523033142,-2.491046905517578,1,4.905917644500732,0.30000000000000004,7.7
11,0,0.0,1.8,2.4000000000000004,0.0791990709694515,8.1,2.9000000000000004,266.03778076171875,4.873126029968262,1.4612247943878174,-2.491046905517578,1,4.902765274047852,0.30000000000000004,7.7
11,0,0.0,1.8,2.4000000000000004,0.0791990709694515,8.1,2.9000000000000004,266.53778076171875,4.8703508377075195,1.5040870904922485,-2.491046905517578,1,4.899990081787109,0.30000000000000004,7.7
11,0,0.0,1.8,2.4000000000000004,0.0791990709694515,8.1,2.9000000000000004,267.03778076171875,4.8679518699646,1.5469043254852295,-2.491046905517578,1,4.8975911140441895,0.30000000000000004,7.7
11,0,0.0,1.8,2.4000000000000004,0.0791990709694515,8.1,2.9000000000000004,267.53778076171875,4.865927219390869,1.5896828174591064,-2.491046905517578,1,4.895566463470459,0.30000000000000004,7.7
11,0,0.0,1.8,2.4000000000000004,0.0791990709694515,8.1,2.9000000000000004,268.03778076171875,4.864277362823486,1.6324291229248047,-2.491046905517578,1,4.893916606903076,0.30000000000000004,7.7
11,0,0.0,1.8,2.4000000000000004,0.0791990709694515,8.1,2.9000000000000004,268.53778076171875,4.863000869750977,1.6751500368118286,-2.491046905517578,1,4.892640113830566,0.30000000000000004,7.7
11,0,0.0,1.8,2.4000000000000004,0.0791990709694515,8.1,2.9000000000000004,269.03778076171875,4.862097263336182,1.7178518772125244,-2.491046905517578,1,4.8917365074157715,0.30000000000000004,7.7
11,0,0.0,1.8,2.4000000000000004,0.0791990709694515,8.1,2.9000000000000004,269.53778076171875,4.86156702041626,1.7605412006378174,-2.491046905517578,1,4.89120626449585,0.30000000000000004,7.7
11,0,0.0,1.8,2.4000000000000004,0.0791990709694515,8.1,2.9000000000000004,270.03778076171875,4.861408710479736,1.8032244443893433,-2.491046905517578,1,4.891047954559326,0.30000000000000004,7.7
11,0,0.0,1.8,2.4000000000000004,0.0791990709694515,8.1,2.9000000000000004,270.53778076171875,4.861623287200928,1.845908284187317,-2.491046905517578,1,4.891262531280518,0.30000000000000004,7.7
11,0,0.0,1.8,2.4000000000000004,0.0791990709694515,8.1,2.9000000000000004,271.03778076171875,4.862210273742676,1.8885990381240845,-2.491046905517578,1,4.891849517822266,0.30000000000000004,7.7
11,0,0.0,1.8,2.4000000000000004,0.0791990709694515,8.1,2.9000000000000004,271.53778076171875,4.8631696701049805,1.9313032627105713,-2.491046905517578,1,4.89280891418457,0.30000000000000004,7.7
11,0,0.0,1.8,2.4000000000000004,0.0791990709694515,8.1,2.9000000000000004,272.03778076171875,4.864502906799316,1.9740275144577026,-2.491046905517578,1,4.894142150878906,0.30000000000000004,7.7
11,0,0.0,1.8,2.4000000000000004,0.0791990709694515,8.1,2.9000000000000004,272.53778076171875,12.0,,,0,12.0,0.30000000000000004,7.7
11,0,0.0,1.8,2.4000000000000004,0.0791990709694515,8.1,2.9000000000000004,273.03778076171875,12.0,,,0,12.0,0.30000000000000004,7.7
11,0,0.0,1.8,2.4000000000000004,0.0791990709694515,8.1,2.9000000000000004,273.53778076171875,12.0,,,0,12.0,0.30000000000000004,7.7
11,0,0.0,1.8,2.4000000000000004,0.0791990709694515,8.1,2.9000000000000004,274.03778076171875,12.0,,,0,12.0,0.30000000000000004,7.7
11,0,0.0,1.8,2.4000000000000004,0.0791990709694515,8.1,2.9000000000000004,274.53778076171875,12.0,,,0,12.0,0.30000000000000004,7.7
11,0,0.0,1.8,2.4000000000000004,0.0791990709694515,8.1,2.9000000000000004,275.03778076171875,0.0,,,0,12.0,0.30000000000000004,7.7
11,0,0.0,1.8,2.4000000000000004,0.0791990709694515,8.1,2.9000000000000004,275.53778076171875,12.0,,,0,12.0,0.30000000000000004,7.7
11,0,0.0,1.8,2.4000000000000004,0.0791990709694515,8.1,2.9000000000000004,276.03778076171875,7.612754821777344,2.603858232498169,-5.199999809265137,1,7.642394065856934,0.30000000000000004,7.7
11,0,0.0,1.8,2.4000000000000004,0.0791990709694515,8.1,2.9000000000000004,276.53778076171875,7.620107173919678,2.6709864139556885,-5.199999809265137,1,7.649746417999268,0.30000000000000004,7.7
11,0,0.0,1.8,2.4000000000000004,0.0791990709694515,8.1,2.9000000000000004,277.03778076171875,7.62805700302124,2.7382490634918213,-5.199999809265137,1,7.65769624710083,0.30000000000000004,7.7
11,0,0.0,1.8,2.4000000000000004,0.0791990709694515,8.1,2.9000000000000004,277.53778076171875,7.636608123779297,2.805656671524048,-5.199999809265137,1,7.666247367858887,0.30000000000000004,7.7
11,0,0.0,1.8,2.4000000000000004,0.0791990709694515,8.1,2.9000000000000004,278.03778076171875,7.645762920379639,2.873220205307007,-5.199999809265137,1,7.6754021644592285,0.30000000000000004,7.7
11,0,0.0,1.8,2.4000000000000004,0.0791990709694515,8.1,2.9000000000000004,278.53778076171875,7.655526161193848,2.940950393676758,-5.199999809265137,1,7.6851654052734375,0.30000000000000004,7.7
11,0,0.0,1.8,2.4000000000000004,0.0791990709694515,8.1,2.9000000000000004,279.03778076171875,7.665900707244873,3.0088582038879395,-5.199999809265137,1,7.695539951324463,0.30000000000000004,7.7
11,0,0.0,1.8,2.4000000000000004,0.0791990709694515,8.1,2.9000000000000004,279.53778076171875,4.929966449737549,2.621795654296875,-2.491046905517578,1,4.959605693817139,0.30000000000000004,7.7
11,0,0.0,1.8,2.4000000000000004,0.0791990709694515,8.1,2.9000000000000004,280.03778076171875,4.937438488006592,2.6657485961914062,-2.491046905517578,1,4.967077732086182,0.30000000000000004,7.7
11,0,0.0,1.8,2.4000000000000004,0.0791990709694515,8.1,2.9000000000000004,280.53778076171875,4.9453125,2.7098376750946045,-2.491046905517578,1,4.97495174407959,0.30000000000000004,7.7
11,0,0.0,1.8,2.4000000000000004,0.0791990709694515,8.1,2.9000000000000004,281.03778076171875,4.953591346740723,2.7540698051452637,-2.491046905517578,1,4.9832305908203125,0.30000000000000004,7.7
11,0,0.0,1.8,2.4000000000000004,0.0791990709694515,8.1,2.9000000000000004,281.53778076171875,4.962278842926025,2.7984530925750732,-2.491046905517578,1,4.991918087005615,0.30000000000000004,7.7
11,0,0.0,1.8,2.4000000000000004,0.0791990709694515,8.1,2.9000000000000004,282.03778076171875,4.971378326416016,2.8429946899414062,-2.491046905517578,1,5.0010175704956055,0.30000000000000004,7.7
11,0,0.0,1.8,2.4000000000000004,0.0791990709694515,8.1,2.9000000000000004,282.53778076171875,4.980893135070801,2.887702465057373,-2.491046905517578,1,5.010532379150391,0.30000000000000004,7.7
11,0,0.0,1.8,2.4000000000000004,0.0791990709694515,8.1,2.9000000000000004,283.03778076171875,4.990827560424805,2.932584047317505,-2.491046905517578,1,5.0204668045043945,0.30000000000000004,7.7
11,0,0.0,1.8,2.4000000000000004,0.0791990709694515,8.1,2.9000000000000004,283.53778076171875,5.001184940338135,2.977647304534912,-2.491046905517578,1,5.030824184417725,0.30000000000000004,7.7
11,0,0.0,1.8,2.4000000000000004,0.0791990709694515,8.1,2.9000000000000004,284.03778076171875,5.011970043182373,3.022900342941284,-2.491046905517578,1,5.041609287261963,0.30000000000000004,7.7
11,0,0.0,1.8,2.4000000000000004,0.0791990709694515,8.1,2.9000000000000004,284.53778076171875,5.023187160491943,3.0683515071868896,-2.491046905517578,1,5.052826404571533,0.30000000000000004,7.7
11,0,0.0,1.8,2.4000000000000004,0.0791990709694515,8.1,2.9000000000000004,285.03778076171875,5.034841060638428,3.114008665084839,-2.491046905517578,1,5.064480304718018,0.30000000000000004,7.7
11,0,0.0,1.8,2.4000000000000004,0.0791990709694515,8.1,2.9000000000000004,285.53778076171875,5.04693603515625,3.1598803997039795,-2.491046905517578,1,5.07657527923584,0.30000000000000004,7.7
11,0,0.0,1.8,2.4000000000000004,0.0791990709694515,8.1,2.9000000000000004,286.03778076171875,5.05947732925415,3.205975294113159,-2.491046905517578,1,5.08911657333374,0.30000000000000004,7.7
11,0,0.0,1.8,2.4000000000000004,0.0791990709694515,8.1,2.9000000000000004,286.53778076171875,5.072470188140869,3.2523021697998047,-2.491046905517578,1,5.102109432220459,0.30000000000000004,7.7
11,0,0.0,1.8,2.4000000000000004,0.0791990709694515,8.1,2.9000000000000004,287.03778076171875,5.085920333862305,3.2988696098327637,-2.491046905517578,1,5.1155595779418945,0.30000000000000004,7.7
11,0,0.0,1.8,2.4000000000000004,0.0791990709694515,8.1,2.9000000000000004,287.53778076171875,5.099833011627197,3.345686912536621,-2.491046905517578,1,5.129472255706787,0.30000000000000004,7.7
11,0,0.0,1.8,2.4000000000000004,0.0791990709694515,8.1,2.9000000000000004,288.03778076171875,5.114214897155762,3.392763137817383,-2.491046905517578,1,5.143854141235352,0.30000000000000004,7.7
11,0,0.0,1.8,2.4000000000000004,0.0791990709694515,8.1,2.9000000000000004,288.53778076171875,5.129071235656738,3.440107583999634,-2.491046905517578,1,5.158710479736328,0.30000000000000004,7.7
11,0,0.0,1.8,2.4000000000000004,0.0791990709694515,8.1,2.9000000000000004,289.03778076171875,5.144408702850342,3.487730026245117,-2.491046905517578,1,5.174047946929932,0.30000000000000004,7.7
11,0,0.0,1.8,2.4000000000000004,0.0791990709694515,8.1,2.9000000000000004,289.53778076171875,5.160234451293945,3.535640239715576,-2.491046905517578,1,5.189873695373535,0.30000000000000004,7.7
11,0,0.0,1.8,2.4000000000000004,0.0791990709694515,8.1,2.9000000000000004,290.03778076171875,5.1765546798706055,3.583847999572754,-2.491046905517578,1,5.206193923950195,0.30000000000000004,7.7
11,0,0.0,1.8,2.4000000000000004,0.0791990709694515,8.1,2.9000000000000004,290.53778076171875,5.101126670837402,3.5999999046325684,-2.404660224914551,1,5.130765914916992,0.30000000000000004,7.7
11,0,0.0,1.8,2.4000000000000004,0.0791990709694515,8.1,2.9000000000000004,291.03778076171875,4.98452091217041,3.5999999046325684,-2.2799363136291504,1,5.01416015625,0.30000000000000004,7.7
11,0,0.0,1.8,2.4000000000000004,0.0791990709694515,8.1,2.9000000000000004,291.53778076171875,4.873462677001953,3.5999999046325684,-2.1607465744018555,1,4.903101921081543,0.30000000000000004,7.7
11,0,0.0,1.8,2.4000000000000004,0.0791990709694515,8.1,2.9000000000000004,292.03778076171875,4.767574787139893,3.5999999046325684,-2.0467138290405273,1,4.797214031219482,0.30000000000000004,7.7
11,0,0.0,1.8,2.4000000000000004,0.0791990709694515,8.1,2.9000000000000004,292.53778076171875,4.666513919830322,3.5999999046325684,-1.9374942779541016,1,4.696153163909912,0.30000000000000004,7.7
11,0,0.0,1.8,2.4000000000000004,0.0791990709694515,8.1,2.9000000000000004,293.03778076171875,4.5699663162231445,3.5999999046325684,-1.8327736854553223,1,4.599605560302734,0.30000000000000004,7.7
11,0,0.0,1.8,2.4000000000000004,0.0791990709694515,8.1,2.9000000000000004,293.53778076171875,4.477644920349121,3.5999999046325684,-1.7322646379470825,1,4.507284164428711,0.30000000000000004,7.7
11,0,0.0,1.8,2.4000000000000004,0.0791990709694515,8.1,2.9000000000000004,294.03778076171875,4.389286518096924,3.5999999046325684,-1.6357038021087646,1,4.418925762176514,0.30000000000000004,7.7
11,0,0.0,1.8,2.4000000000000004,0.0791990709694515,8.1,2.9000000000000004,294.53778076171875,4.304649353027344,3.5999999046325684,-1.542849063873291,1,4.334288597106934,0.30000000000000004,7.7
11,0,0.0,1.8,2.4000000000000004,0.0791990709694515,8.1,2.9000000000000004,295.03778076171875,4.223511695861816,3.5999999046325684,-1.4534778594970703,1,4.253150939941406,0.30000000000000004,7.7
11,0,0.0,1.8,2.4000000000000004,0.0791990709694515,8.1,2.9000000000000004,295.53778076171875,4.145667552947998,3.5999999046325684,-1.367384672164917,1,4.175306797027588,0.30000000000000004,7.7
11,0,0.0,1.8,2.4000000000000004,0.0791990709694515,8.1,2.9000000000000004,296.03778076171875,4.070928573608398,3.5999999046325684,-1.2843801975250244,1,4.100567817687988,0.30000000000000004,7.7
11,0,0.0,1.8,2.4000000000000004,0.0791990709694515,8.1,2.9000000000000004,296.53778076171875,3.999119758605957,3.5999999046325684,-1.2042889595031738,1,4.028759002685547,0.30000000000000004,7.7
11,0,0.0,1.8,2.4000000000000004,0.0791990709694515,8.1,2.9000000000000004,297.03778076171875,3.9300789833068848,3.5999999046325684,-1.1269488334655762,1,3.9597182273864746,0.30000000000000004,7.7
11,0,0.0,1.8,2.4000000000000004,0.0791990709694515,8.1,2.9000000000000004,297.53778076171875,3.8636560440063477,3.5999999046325684,-1.0522092580795288,1,3.8932952880859375,0.30000000000000004,7.7
11,0,0.0,1.8,2.4000000000000004,0.0791990709694515,8.1,2.9000000000000004,298.03778076171875,3.7997117042541504,3.5999999046325684,-0.9799302816390991,1,3.8293509483337402,0.30000000000000004,7.7
11,0,0.0,1.8,2.4000000000000004,0.0791990709694515,8.1,2.9000000000000004,298.53778076171875,3.7381160259246826,3.5999999046325684,-0.9099819660186768,1,3.7677552700042725,0.30000000000000004,7.7
11,0,0.0,1.8,2.4000000000000004,0.0791990709694515,8.1,2.9000000000000004,299.03778076171875,3.678748607635498,3.5999999046325684,-0.8422431945800781,1,3.708387851715088,0.30000000000000004,7.7
11,0,0.0,1.8,2.4000000000000004,0.0791990709694515,8.1,2.9000000000000004,299.53778076171875,3.6214969158172607,3.5999999046325684,-0.7766010761260986,1,3.6511361598968506,0.30000000000000004,7.7
11,0,0.0,1.8,2.4000000000000004,0.0791990709694515,8.1,2.9000000000000004,300.03778076171875,3.566255569458008,3.5999999046325684,-0.7129502296447754,1,3.5958948135375977,0.30000000000000004,7.7
11,0,0.0,1.8,2.4000000000000004,0.0791990709694515,8.1,2.9000000000000004,300.53778076171875,3.5129265785217285,3.5999999046325684,-0.6511920690536499,1,3.5425658226013184,0.30000000000000004,7.7
11,0,0.0,1.8,2.4000000000000004,0.0791990709694515,8.1,2.9000000000000004,301.03778076171875,3.461418390274048,3.5999999046325684,-0.5912344455718994,1,3.4910576343536377,0.30000000000000004,7.7
11,0,0.0,1.8,2.4000000000000004,0.0791990709694515,8.1,2.9000000000000004,301.53778076171875,3.41164493560791,3.5999999046325684,-0.5329910516738892,1,3.4412841796875,0.30000000000000004,7.7
11,0,0.0,1.8,2.4000000000000004,0.0791990709694515,8.1,2.9000000000000004,302.03778076171875,3.363525390625,3.5999999046325684,-0.4763808250427246,1,3.39316463470459,0.30000000000000004,7.7
11,0,0.0,1.8,2.4000000000000004,0.0791990709694515,8.1,2.9000000000000004,302.53778076171875,3.3169844150543213,3.5999999046325684,-0.4213277995586395,1,3.346623659133911,0.30000000000000004,7.7
11,0,0.0,1.8,2.4000000000000004,0.0791990709694515,8.1,2.9000000000000004,303.03778076171875,3.2719509601593018,3.5999999046325684,-0.3677605390548706,1,3.3015902042388916,0.30000000000000004,7.7
11,0,0.0,1.8,2.4000000000000004,0.0791990709694515,8.1,2.9000000000000004,303.53778076171875,3.228358268737793,3.5999999046325684,-0.315611869096756,1,3.257997512817383,0.30000000000000004,7.7
11,0,0.0,1.8,2.4000000000000004,0.0791990709694515,8.1,2.9000000000000004,304.03778076171875,3.186143398284912,3.5999999046325684,-0.2648185193538666,1,3.215782642364502,0.30000000000000004,7.7
11,0,0.0,1.8,2.4000000000000004,0.0791990709694515,8.1,2.9000000000000004,304.53778076171875,3.145247220993042,3.5999999046325684,-0.2153209149837494,1,3.174886465072632,0.30000000000000004,7.7
11,0,0.0,1.8,2.4000000000000004,0.0791990709694515,8.1,2.9000000000000004,305.03778076171875,3.1056137084960938,3.5999999046325684,-0.16706283390522003,1,3.1352529525756836,0.30000000000000004,7.7
11,0,0.0,1.8,2.4000000000000004,0.0791990709694515,8.1,2.9000000000000004,305.53778076171875,3.067190647125244,3.5999999046325684,-0.11999119073152542,1,3.096829891204834,0.30000000000000004,7.7
11,0,0.0,1.8,2.4000000000000004,0.0791990709694515,8.1,2.9000000000000004,306.03778076171875,3.029928207397461,3.5999999046325684,-0.07405587285757065,1,3.059567451477051,0.30000000000000004,7.7
11,0,0.0,1.8,2.4000000000000004,0.0791990709694515,8.1,2.9000000000000004,306.53778076171875,2.993779182434082,3.5999999046325684,-0.029209470376372337,1,3.023418426513672,0.30000000000000004,7.7
11,0,0.0,1.8,2.4000000000000004,0.0791990709694515,8.1,2.9000000000000004,307.03778076171875,2.9586992263793945,3.5999999046325684,0.014592878520488739,1,2.9883384704589844,0.30000000000000004,7.7
11,0,0.0,1.8,2.4000000000000004,0.0791990709694515,8.1,2.9000000000000004,307.53778076171875,2.9246466159820557,3.5999999046325684,0.05739365518093109,1,2.9542858600616455,0.30000000000000004,7.7
11,0,0.0,1.8,2.4000000000000004,0.0791990709694515,8.1,2.9000000000000004,308.03778076171875,2.8915810585021973,3.5999999046325684,0.09923312813043594,1,2.921220302581787,0.30000000000000004,7.7
11,0,0.0,1.8,2.4000000000000004,0.0791990709694515,8.1,2.9000000000000004,308.53778076171875,2.8594651222229004,3.5999999046325684,0.14014947414398193,1,2.8891043663024902,0.30000000000000004,7.7
11,0,0.0,1.8,2.4000000000000004,0.0791990709694515,8.1,2.9000000000000004,309.03778076171875,2.8282630443573,3.5999999046325684,0.1801789551973343,1,2.8579022884368896,0.30000000000000004,7.7
11,0,0.0,1.8,2.4000000000000004,0.0791990709694515,8.1,2.9000000000000004,309.53778076171875,2.797940731048584,3.5999999046325684,0.2193560004234314,1,2.827579975128174,0.30000000000000004,7.7
11,0,0.0,1.8,2.4000000000000004,0.0791990709694515,8.1,2.9000000000000004,310.03778076171875,2.768465757369995,3.5999999046325684,0.25771331787109375,1,2.798105001449585,0.30000000000000004,7.7
11,0,0.0,1.8,2.4000000000000004,0.0791990709694515,8.1,2.9000000000000004,310.53778076171875,2.7398078441619873,3.5999999046325684,0.2952820360660553,1,2.769447088241577,0.30000000000000004,7.7
11,0,0.0,1.8,2.4000000000000004,0.0791990709694515,8.1,2.9000000000000004,311.03778076171875,2.711937665939331,3.5999999046325684,0.3320918083190918,1,2.741576910018921,0.30000000000000004,7.7
11,0,0.0,1.8,2.4000000000000004,0.0791990709694515,8.1,2.9000000000000004,311.53778076171875,2.6848275661468506,3.5999999046325684,0.3681707978248596,1,2.7144668102264404,0.30000000000000004,7.7
11,0,0.0,1.8,2.4000000000000004,0.0791990709694515,8.1,2.9000000000000004,312.03778076171875,2.6584510803222656,3.5999999046325684,0.40354588627815247,1,2.6880903244018555,0.30000000000000004,7.7
11,0,0.0,1.8,2.4000000000000004,0.0791990709694515,8.1,2.9000000000000004,312.53778076171875,2.6327829360961914,3.5999999046325684,0.43824273347854614,1,2.6624221801757812,0.30000000000000004,7.7
11,0,0.0,1.8,2.4000000000000004,0.0791990709694515,8.1,2.9000000000000004,313.03778076171875,2.6077992916107178,3.5999999046325684,0.47228580713272095,1,2.6374385356903076,0.30000000000000004,7.7
11,0,0.0,1.8,2.4000000000000004,0.0791990709694515,8.1,2.9000000000000004,313.53778076171875,2.583477258682251,3.5999999046325684,0.5056984424591064,1,2.613116502761841,0.30000000000000004,7.7
11,0,0.0,1.8,2.4000000000000004,0.0791990709694515,8.1,2.9000000000000004,314.03778076171875,2.559795379638672,3.5999999046325684,0.5385028719902039,1,2.5894346237182617,0.30000000000000004,7.7
11,0,0.0,1.8,2.4000000000000004,0.0791990709694515,8.1,2.9000000000000004,314.53778076171875,2.5367324352264404,3.5999999046325684,0.5707205533981323,1,2.5663716793060303,0.30000000000000004,7.7
11,0,0.0,1.8,2.4000000000000004,0.0791990709694515,8.1,2.9000000000000004,315.03778076171875,2.514268636703491,3.5999999046325684,0.6023717522621155,1,2.543907880783081,0.30000000000000004,7.7
11,0,0.0,1.8,2.4000000000000004,0.0791990709694515,8.1,2.9000000000000004,315.53778076171875,2.492385149002075,3.5999999046325684,0.6334760189056396,1,2.522024393081665,0.30000000000000004,7.7
11,0,0.0,1.8,2.4000000000000004,0.0791990709694515,8.1,2.9000000000000004,316.03778076171875,2.4710636138916016,3.5999999046325684,0.6640520095825195,1,2.5007028579711914,0.30000000000000004,7.7
11,0,0.0,1.8,2.4000000000000004,0.0791990709694515,8.1,2.9000000000000004,316.53778076171875,2.450287103652954,3.5999999046325684,0.6941176652908325,1,2.479926347732544,0.30000000000000004,7.7
11,0,0.0,1.8,2.4000000000000004,0.0791990709694515,8.1,2.9000000000000004,317.03778076171875,2.4300386905670166,3.5999999046325684,0.7236900329589844,1,2.4596779346466064,0.30000000000000004,7.7
11,0,0.0,1.8,2.4000000000000004,0.0791990709694515,8.1,2.9000000000000004,317.53778076171875,2.4103024005889893,3.5999999046325684,0.7527856230735779,1,2.439941644668579,0.30000000000000004,7.7
11,0,0.0,1.8,2.4000000000000004,0.0791990709694515,8.1,2.9000000000000004,318.03778076171875,2.3910632133483887,3.5999999046325684,0.7814201712608337,1,2.4207024574279785,0.30000000000000004,7.7
11,0,0.0,1.8,2.4000000000000004,0.0791990709694515,8.1,2.9000000000000004,318.53778076171875,2.3723065853118896,3.5999999046325684,0.8096088171005249,1,2.4019458293914795,0.30000000000000004,7.7
11,0,0.0,1.8,2.4000000000000004,0.0791990709694515,8.1,2.9000000000000004,319.03778076171875,2.3540186882019043,3.5999999046325684,0.8373660445213318,1,2.383657932281494,0.30000000000000004,7.7
11,0,0.0,1.8,2.4000000000000004,0.0791990709694515,8.1,2.9000000000000004,319.53778076171875,2.3361856937408447,3.5999999046325684,0.8647058606147766,1,2.3658249378204346,0.30000000000000004,7.7
11,0,0.0,1.8,2.4000000000000004,0.0791990709694515,8.1,2.9000000000000004,320.03778076171875,2.3187952041625977,3.5999999046325684,0.8916417360305786,1,2.3484344482421875,0.30000000000000004,7.7
11,0,0.0,1.8,2.4000000000000004,0.0791990709694515,8.1,2.9000000000000004,320.53778076171875,2.30183482170105,3.5999999046325684,0.9181864261627197,1,2.3314740657806396,0.30000000000000004,7.7
11,0,0.0,1.8,2.4000000000000004,0.0791990709694515,8.1,2.9000000000000004,321.03778076171875,2.285292625427246,3.5999999046325684,0.9443525075912476,1,2.314931869506836,0.30000000000000004,7.7
11,0,0.0,1.8,2.4000000000000004,0.0791990709694515,8.1,2.9000000000000004,321.53778076171875,2.2691574096679688,3.5999999046325684,0.9701518416404724,1,2.2987966537475586,0.30000000000000004,7.7
11,0,0.0,1.8,2.4000000000000004,0.0791990709694515,8.1,2.9000000000000004,322.03778076171875,2.253418207168579,3.5999999046325684,0.9955958724021912,1,2.283057451248169,0.30000000000000004,7.7
11,0,0.0,1.8,2.4000000000000004,0.0791990709694515,8.1,2.9000000000000004,322.53778076171875,2.2380645275115967,3.5999999046325684,1.0206958055496216,1,2.2677037715911865,0.30000000000000004,7.7
11,0,0.0,1.8,2.4000000000000004,0.0791990709694515,8.1,2.9000000000000004,323.03778076171875,2.223086357116699,3.5999999046325684,1.0454622507095337,1,2.252725601196289,0.30000000000000004,7.7
11,0,0.0,1.8,2.4000000000000004,0.0791990709694515,8.1,2.9000000000000004,323.53778076171875,2.2084741592407227,3.5999999046325684,1.0699055194854736,1,2.2381134033203125,0.30000000000000004,7.7
11,0,0.0,1.8,2.4000000000000004,0.0791990709694515,8.1,2.9000000000000004,324.03778076171875,2.194218397140503,3.5999999046325684,1.0940356254577637,1,2.2238576412200928,0.30000000000000004,7.7
11,0,0.0,1.8,2.4000000000000004,0.0791990709694515,8.1,2.9000000000000004,324.53778076171875,2.1803104877471924,3.5999999046325684,1.1178621053695679,1,2.2099497318267822,0.30000000000000004,7.7
11,0,0.0,1.8,2.4000000000000004,0.0791990709694515,8.1,2.9000000000000004,325.03778076171875,2.1667416095733643,3.5999999046325684,1.1413941383361816,1,2.196380853652954,0.30000000000000004,7.7
11,0,0.0,1.8,2.4000000000000004,0.0791990709694515,8.1,2.9000000000000004,325.53778076171875,2.153503656387329,3.5999999046325684,1.1646406650543213,1,2.183142900466919,0.30000000000000004,7.7
11,0,0.0,1.8,2.4000000000000004,0.0791990709694515,8.1,2.9000000000000004,326.03778076171875,2.1405885219573975,3.5999999046325684,1.187610387802124,1,2.1702277660369873,0.30000000000000004,7.7
11,0,0.0,1.8,2.4000000000000004,0.0791990709694515,8.1,2.9000000000000004,326.53778076171875,2.127988576889038,3.5999999046325684,1.210311770439148,1,2.157627820968628,0.30000000000000004,7.7
11,0,0.0,1.8,2.4000000000000004,0.0791990709694515,8.1,2.9000000000000004,327.03778076171875,2.115696668624878,3.5999999046325684,1.2327526807785034,1,2.1453359127044678,0.30000000000000004,7.7
11,0,0.0,1.8,2.4000000000000004,0.0791990709694515,8.1,2.9000000000000004,327.53778076171875,2.103705406188965,3.5999999046325684,1.2549411058425903,1,2.1333446502685547,0.30000000000000004,7.7
11,0,0.0,1.8,2.4000000000000004,0.0791990709694515,8.1,2.9000000000000004,328.03778076171875,2.092008352279663,3.5999999046325684,1.2768844366073608,1,2.121647596359253,0.30000000000000004,7.7
11,0,0.0,1.8,2.4000000000000004,0.0791990709694515,8.1,2.9000000000000004,328.53778076171875,2.0805985927581787,3.5999999046325684,1.2985901832580566,1,2.1102378368377686,0.30000000000000004,7.7
11,0,0.0,1.8,2.4000000000000004,0.0791990709694515,8.1,2.9000000000000004,329.03778076171875,2.069469928741455,3.5999999046325684,1.3200653791427612,1,2.099109172821045,0.30000000000000004,7.7
11,0,0.0,1.8,2.4000000000000004,0.0791990709694515,8.1,2.9000000000000004,329.53778076171875,2.0586161613464355,3.5999999046325684,1.3413166999816895,1,2.0882554054260254,0.30000000000000004,7.7
11,0,0.0,1.8,2.4000000000000004,0.0791990709694515,8.1,2.9000000000000004,330.03778076171875,2.0480313301086426,3.5999999046325684,1.3623511791229248,1,2.0776705741882324,0.30000000000000004,7.7
11,0,0.0,1.8,2.4000000000000004,0.0791990709694515,8.1,2.9000000000000004,330.53778076171875,2.037710189819336,3.5999999046325684,1.3831748962402344,1,2.067349433898926,0.30000000000000004,7.7
11,0,0.0,1.8,2.4000000000000004,0.0791990709694515,8.1,2.9000000000000004,331.03778076171875,2.027646780014038,3.5999999046325684,1.4037944078445435,1,2.057286024093628,0.30000000000000004,7.7
11,0,0.0,1.8,2.4000000000000004,0.0791990709694515,8.1,2.9000000000000004,331.53778076171875,2.017836093902588,3.5999999046325684,1.4242156744003296,1,2.0474753379821777,0.30000000000000004,7.7
11,0,0.0,1.8,2.4000000000000004,0.0791990709694515,8.1,2.9000000000000004,332.03778076171875,2.008272886276245,3.5999999046325684,1.4444446563720703,1,2.037912130355835,0.30000000000000004,7.7
11,0,0.0,1.8,2.4000000000000004,0.0791990709694515,8.1,2.9000000000000004,332.53778076171875,1.9989527463912964,3.5999999046325684,1.464487075805664,1,2.0285918712615967,0.30000000000000004,7.7
11,0,0.0,1.8,2.4000000000000004,0.0791990709694515,8.1,2.9000000000000004,333.03778076171875,1.9898701906204224,3.5999999046325684,1.4843484163284302,1,2.0195093154907227,0.30000000000000004,7.7
11,0,0.0,1.8,2.4000000000000004,0.0791990709694515,8.1,2.9000000000000004,333.53778076171875,1.9810210466384888,3.5999999046325684,1.5040342807769775,1,2.010660171508789,0.30000000000000004,7.7
11,0,0.0,1.8,2.4000000000000004,0.0791990709694515,8.1,2.9000000000000004,334.03778076171875,1.9724010229110718,3.5999999046325684,1.5235497951507568,1,2.002040147781372,0.30000000000000004,7.7
11,0,0.0,1.8,2.4000000000000004,0.0791990709694515,8.1,2.9000000000000004,334.53778076171875,1.9640058279037476,3.5999999046325684,1.5429002046585083,1,1.9936449527740479,0.30000000000000004,7.7
11,0,0.0,1.8,2.4000000000000004,0.0791990709694515,8.1,2.9000000000000004,335.03778076171875,1.9558311700820923,3.5999999046325684,1.562090516090393,1,1.9854702949523926,0.30000000000000004,7.7
11,0,0.0,1.8,2.4000000000000004,0.0791990709694515,8.1,2.9000000000000004,335.53778076171875,1.9478733539581299,3.5999999046325684,1.5811253786087036,1,1.9775124788284302,0.30000000000000004,7.7
11,0,0.0,1.8,2.4000000000000004,0.0791990709694515,8.1,2.9000000000000004,336.03778076171875,1.9401284456253052,3.5999999046325684,1.600009799003601,1,1.9697675704956055,0.30000000000000004,7.7
11,0,0.0,1.8,2.4000000000000004,0.0791990709694515,8.1,2.9000000000000004,336.53778076171875,1.9325928688049316,3.5999999046325684,1.6187483072280884,1,1.962231993675232,0.30000000000000004,7.7
11,0,0.0,1.8,2.4000000000000004,0.0791990709694515,8.1,2.9000000000000004,337.03778076171875,1.9252629280090332,3.5999999046325684,1.6373454332351685,1,1.9549020528793335,0.30000000000000004,7.7
11,0,0.0,1.8,2.4000000000000004,0.0791990709694515,8.1,2.9000000000000004,337.53778076171875,1.918135404586792,3.5999999046325684,1.6558054685592651,1,1.9477745294570923,0.30000000000000004,7.7
11,0,0.0,1.8,2.4000000000000004,0.0791990709694515,8.1,2.9000000000000004,338.03778076171875,1.911206841468811,3.5999999046325684,1.6741328239440918,1,1.9408459663391113,0.30000000000000004,7.7
11,0,0.0,1.8,2.4000000000000004,0.0791990709694515,8.1,2.9000000000000004,338.53778076171875,1.9044742584228516,3.5999999046325684,1.6923315525054932,1,1.9341133832931519,0.30000000000000004,7.7
11,0,0.0,1.8,2.4000000000000004,0.0791990709694515,8.1,2.9000000000000004,339.03778076171875,1.8979344367980957,3.5999999046325684,1.710405945777893,1,1.927573561668396,0.30000000000000004,7.7
11,0,0.0,1.8,2.4000000000000004,0.0791990709694515,8.1,2.9000000000000004,339.53778076171875,1.8915846347808838,3.5999999046325684,1.7283598184585571,1,1.921223759651184,0.30000000000000004,7.7
11,0,0.0,1.8,2.4000000000000004,0.0791990709694515,8.1,2.9000000000000004,340.03778076171875,1.8854217529296875,3.5999999046325684,1.7461971044540405,1,1.9150608777999878,0.30000000000000004,7.7
11,0,0.0,1.8,2.4000000000000004,0.0791990709694515,8.1,2.9000000000000004,340.53778076171875,1.8794432878494263,3.5999999046325684,1.7639217376708984,1,1.9090824127197266,0.30000000000000004,7.7
11,0,0.0,1.8,2.4000000000000004,0.0791990709694515,8.1,2.9000000000000004,341.03778076171875,1.8736464977264404,3.5999999046325684,1.7815372943878174,1,1.9032856225967407,0.30000000000000004,7.7
11,0,0.0,1.8,2.4000000000000004,0.0791990709694515,8.1,2.9000000000000004,341.53778076171875,1.8680288791656494,3.5999999046325684,1.799047589302063,1,1.8976680040359497,0.30000000000000004,7.7
11,0,0.0,1.8,2.4000000000000004,0.0791990709694515,8.1,2.9000000000000004,342.03778076171875,1.8625879287719727,3.5999999046325684,1.8164561986923218,1,1.892227053642273,0.30000000000000004,7.7
11,0,0.0,1.8,2.4000000000000004,0.0791990709694515,8.1,2.9000000000000004,342.53778076171875,1.8573215007781982,3.5999999046325684,1.8337665796279907,1,1.8869606256484985,0.30000000000000004,7.7
11,0,0.0,1.8,2.4000000000000004,0.0791990709694515,8.1,2.9000000000000004,343.03778076171875,1.8522270917892456,3.5999999046325684,1.8509820699691772,1,1.881866216659546,0.30000000000000004,7.7
11,0,0.0,1.8,2.4000000000000004,0.0791990709694515,8.1,2.9000000000000004,343.53778076171875,1.847302794456482,3.5999999046325684,1.8681062459945679,1,1.8769419193267822,0.30000000000000004,7.7
11,0,0.0,1.8,2.4000000000000004,0.0791990709694515,8.1,2.9000000000000004,344.03778076171875,1.8425463438034058,3.5999999046325684,1.8851423263549805,1,1.872185468673706,0.30000000000000004,7.7
11,0,0.0,1.8,2.4000000000000004,0.0791990709694515,8.1,2.9000000000000004,344.53778076171875,1.8379558324813843,3.5999999046325684,1.902093529701233,1,1.8675949573516846,0.30000000000000004,7.7
11,0,0.0,1.8,2.4000000000000004,0.0791990709694515,8.1,2.9000000000000004,345.03778076171875,1.8335292339324951,3.5999999046325684,1.918963074684143,1,1.8631683588027954,0.30000000000000004,7.7
11,0,0.0,1.8,2.4000000000000004,0.0791990709694515,8.1,2.9000000000000004,345.53778076171875,1.8292648792266846,3.5999999046325684,1.9357541799545288,1,1.8589040040969849,0.30000000000000004,7.7
11,0,0.0,1.8,2.4000000000000004,0.0791990709694515,8.1,2.9000000000000004,346.03778076171875,1.8251609802246094,3.5999999046325684,1.952469825744629,1,1.8548001050949097,0.30000000000000004,7.7
11,0,0.0,1.8,2.4000000000000004,0.0791990709694515,8.1,2.9000000000000004,346.53778076171875,1.8212156295776367,3.5999999046325684,1.9691131114959717,1,1.850854754447937,0.30000000000000004,7.7
11,0,0.0,1.8,2.4000000000000004,0.0791990709694515,8.1,2.9000000000000004,347.03778076171875,1.8174275159835815,3.5999999046325684,1.985687017440796,1,1.8470666408538818,0.30000000000000004,7.7
11,0,0.0,1.8,2.4000000000000004,0.0791990709694515,8.1,2.9000000000000004,347.53778076171875,1.8137949705123901,3.5999999046325684,2.002194404602051,1,1.8434340953826904,0.30000000000000004,7.7
11,0,0.0,1.8,2.4000000000000004,0.0791990709694515,8.1,2.9000000000000004,348.03778076171875,1.810316562652588,3.5999999046325684,2.0186383724212646,1,1.8399556875228882,0.30000000000000004,7.7
11,0,0.0,1.8,2.4000000000000004,0.0791990709694515,8.1,2.9000000000000004,348.53778076171875,1.8069907426834106,3.5999999046325684,2.0350215435028076,1,1.836629867553711,0.30000000000000004,7.7
11,0,0.0,1.8,2.4000000000000004,0.0791990709694515,8.1,2.9000000000000004,349.03778076171875,1.803816318511963,3.5999999046325684,2.051346778869629,1,1.8334554433822632,0.30000000000000004,7.7
11,0,0.0,1.8,2.4000000000000004,0.0791990709694515,8.1,2.9000000000000004,349.53778076171875,0.0,,,0,1.8304312229156494,0.30000000000000004,7.7
11,0,0.0,1.8,2.4000000000000004,0.0791990709694515,8.1,2.9000000000000004,350.03778076171875,1.7979167699813843,3.5999999046325684,2.0838348865509033,1,1.8275558948516846,0.30000000000000004,7.7
11,0,0.0,1.8,2.4000000000000004,0.0791990709694515,8.1,2.9000000000000004,350.53778076171875,1.7951891422271729,3.5999999046325684,2.1000030040740967,1,1.8248282670974731,0.30000000000000004,7.7
11,0,0.0,1.8,2.4000000000000004,0.0791990709694515,8.1,2.9000000000000004,351.03778076171875,0.0,,,0,1.8222473859786987,0.30000000000000004,7.7
11,0,0.0,1.8,2.4000000000000004,0.0791990709694515,8.1,2.9000000000000004,351.53778076171875,1.790173053741455,3.5999999046325684,2.1322011947631836,1,1.8198121786117554,0.30000000000000004,7.7
11,0,0.0,1.8,2.4000000000000004,0.0791990709694515,8.1,2.9000000000000004,352.03778076171875,1.7878824472427368,3.5999999046325684,2.1482365131378174,1,1.817521572113037,0.30000000000000004,7.7
11,0,0.0,1.8,2.4000000000000004,0.0791990709694515,8.1,2.9000000000000004,352.53778076171875,1.785735845565796,3.5999999046325684,2.1642327308654785,1,1.8153749704360962,0.30000000000000004,7.7
11,0,0.0,1.8,2.4000000000000004,0.0791990709694515,8.1,2.9000000000000004,353.03778076171875,1.7837321758270264,3.5999999046325684,2.180192232131958,1,1.8133713006973267,0.30000000000000004,7.7
11,0,0.0,1.8,2.4000000000000004,0.0791990709694515,8.1,2.9000000000000004,353.53778076171875,1.781870722770691,3.5999999046325684,2.196117877960205,1,1.8115098476409912,0.30000000000000004,7.7
11,0,0.0,1.8,2.4000000000000004,0.0791990709694515,8.1,2.9000000000000004,354.03778076171875,1.7801507711410522,3.5999999046325684,2.2120120525360107,1,1.8097898960113525,0.30000000000000004,7.7
11,0,0.0,1.8,2.4000000000000004,0.0791990709694515,8.1,2.9000000000000004,354.53778076171875,1.778571605682373,3.5999999046325684,2.227877378463745,1,1.8082107305526733,0.30000000000000004,7.7
11,0,0.0,1.8,2.4000000000000004,0.0791990709694515,8.1,2.9000000000000004,355.03778076171875,1.7771327495574951,3.5999999046325684,2.24371600151062,1,1.8067718744277954,0.30000000000000004,7.7
11,0,0.0,1.8,2.4000000000000004,0.0791990709694515,8.1,2.9000000000000004,355.53778076171875,1.7758336067199707,3.5999999046325684,2.259530782699585,1,1.805472731590271,0.30000000000000004,7.7
11,0,0.0,1.8,2.4000000000000004,0.0791990709694515,8.1,2.9000000000000004,356.03778076171875,1.7746734619140625,3.5999999046325684,2.2753241062164307,1,1.8043125867843628,0.30000000000000004,7.7
11,0,0.0,1.8,2.4000000000000004,0.0791990709694515,8.1,2.9000000000000004,356.53778076171875,1.773652195930481,3.5999999046325684,2.2910983562469482,1,1.8032913208007812,0.30000000000000004,7.7
11,0,0.0,1.8,2.4000000000000004,0.0791990709694515,8.1,2.9000000000000004,357.03778076171875,1.7727692127227783,3.5999999046325684,2.3068559169769287,1,1.8024083375930786,0.30000000000000004,7.7
11,0,0.0,1.8,2.4000000000000004,0.0791990709694515,8.1,2.9000000000000004,357.53778076171875,0.0,,,0,1.8016633987426758,0.30000000000000004,7.7
11,0,0.0,1.8,2.4000000000000004,0.0791990709694515,8.1,2.9000000000000004,358.03778076171875,1.7714170217514038,3.5999999046325684,2.3383307456970215,1,1.801056146621704,0.30000000000000004,7.7
11,0,0.0,1.8,2.4000000000000004,0.0791990709694515,8.1,2.9000000000000004,358.53778076171875,1.7709472179412842,3.5999999046325684,2.354052782058716,1,1.8005863428115845,0.30000000000000004,7.7
11,0,0.0,1.8,2.4000000000000004,0.0791990709694515,8.1,2.9000000000000004,359.03778076171875,1.770614743232727,3.5999999046325684,2.369767904281616,1,1.8002538681030273,0.30000000000000004,7.7
11,0,0.0,1.8,2.4000000000000004,0.0791990709694515,8.1,2.9000000000000004,359.53778076171875,1.7704194784164429,3.5999999046325684,2.3854784965515137,1,1.8000586032867432,0.30000000000000004,7.7
11,0,0.0,1.8,2.4000000000000004,0.0791990709694515,8.1,2.9000000000000004,0.03777250647544861,1.770361304283142,3.5999999046325684,2.40118670463562,1,1.8000004291534424,0.30000000000000004,7.7
11,0,0.0,1.8,2.4000000000000004,0.0791990709694515,8.1,2.9000000000000004,0.537772536277771,1.7704402208328247,3.5999999046325684,2.4168951511383057,1,1.800079345703125,0.30000000000000004,7.7
11,0,0.0,1.8,2.4000000000000004,0.0791990709694515,8.1,2.9000000000000004,1.037772536277771,1.7706562280654907,3.5999999046325684,2.4326062202453613,1,1.800295352935791,0.30000000000000004,7.7
11,0,0.0,1.8,2.4000000000000004,0.0791990709694515,8.1,2.9000000000000004,1.537772536277771,0.0,,,0,1.8006484508514404,0.30000000000000004,7.7
11,0,0.0,1.8,2.4000000000000004,0.0791990709694515,8.1,2.9000000000000004,2.0377724170684814,1.7714998722076416,3.5999999046325684,2.464045524597168,1,1.801138997077942,0.30000000000000004,7.7
11,0,0.0,1.8,2.4000000000000004,0.0791990709694515,8.1,2.9000000000000004,2.5377724170684814,1.7721279859542847,3.5999999046325684,2.47977876663208,1,1.801767110824585,0.30000000000000004,7.7
11,0,0.0,1.8,2.4000000000000004,0.0791990709694515,8.1,2.9000000000000004,3.0377724170684814,1.7728937864303589,3.5999999046325684,2.4955239295959473,1,1.8025329113006592,0.30000000000000004,7.7
11,0,0.0,1.8,2.4000000000000004,0.0791990709694515,8.1,2.9000000000000004,3.5377724170684814,1.773797631263733,3.5999999046325684,2.5112838745117188,1,1.8034367561340332,0.30000000000000004,7.7
11,0,0.0,1.8,2.4000000000000004,0.0791990709694515,8.1,2.9000000000000004,4.0377726554870605,1.7748398780822754,3.5999999046325684,2.5270607471466064,1,1.8044790029525757,0.30000000000000004,7.7
11,0,0.0,1.8,2.4000000000000004,0.0791990709694515,8.1,2.9000000000000004,4.5377726554870605,1.776020884513855,3.5999999046325684,2.5428571701049805,1,1.8056600093841553,0.30000000000000004,7.7
11,0,0.0,1.8,2.4000000000000004,0.0791990709694515,8.1,2.9000000000000004,5.0377726554870605,1.7773412466049194,3.5999999046325684,2.5586752891540527,1,1.8069803714752197,0.30000000000000004,7.7
11,0,0.0,1.8,2.4000000000000004,0.0791990709694515,8.1,2.9000000000000004,5.5377726554870605,1.7788012027740479,3.5999999046325684,2.5745179653167725,1,1.8084403276443481,0.30000000000000004,7.7
11,0,0.0,1.8,2.4000000000000004,0.0791990709694515,8.1,2.9000000000000004,6.0377726554870605,1.780401587486267,3.5999999046325684,2.5903875827789307,1,1.8100407123565674,0.30000000000000004,7.7
11,0,0.0,1.8,2.4000000000000004,0.0791990709694515,8.1,2.9000000000000004,6.5377726554870605,1.7821428775787354,3.5999999046325684,2.6062862873077393,1,1.8117820024490356,0.30000000000000004,7.7
11,0,0.0,1.8,2.4000000000000004,0.0791990709694515,8.1,2.9000000000000004,7.0377726554870605,1.78402578830719,3.5999999046325684,2.6222169399261475,1,1.8136649131774902,0.30000000000000004,7.7
11,0,0.0,1.8,2.4000000000000004,0.0791990709694515,8.1,2.9000000000000004,7.5377726554870605,1.7860510349273682,3.5999999046325684,2.6381819248199463,1,1.8156901597976685,0.30000000000000004,7.7
11,0,0.0,1.8,2.4000000000000004,0.0791990709694515,8.1,2.9000000000000004,8.037772178649902,1.7882193326950073,3.5999999046325684,2.6541836261749268,1,1.8178584575653076,0.30000000000000004,7.7
11,0,0.0,1.8,2.4000000000000004,0.0791990709694515,8.1,2.9000000000000004,8.537772178649902,1.7905316352844238,3.5999999046325684,2.670225143432617,1,1.8201707601547241,0.30000000000000004,7.7
11,0,0.0,1.8,2.4000000000000004,0.0791990709694515,8.1,2.9000000000000004,9.037772178649902,1.7929887771606445,3.5999999046325684,2.6863086223602295,1,1.8226279020309448,0.30000000000000004,7.7
11,0,0.0,1.8,2.4000000000000004,0.0791990709694515,8.1,2.9000000000000004,9.537772178649902,1.7955918312072754,3.5999999046325684,2.702436685562134,1,1.8252309560775757,0.30000000000000004,7.7
11,0,0.0,1.8,2.4000000000000004,0.0791990709694515,8.1,2.9000000000000004,10.037772178649902,1.7983416318893433,3.5999999046325684,2.7186121940612793,1,1.8279807567596436,0.30000000000000004,7.7
11,0,0.0,1.8,2.4000000000000004,0.0791990709694515,8.1,2.9000000000000004,10.537772178649902,1.8012394905090332,3.5999999046325684,2.734837770462036,1,1.8308786153793335,0.30000000000000004,7.7
11,0,0.0,1.8,2.4000000000000004,0.0791990709694515,8.1,2.9000000000000004,11.037772178649902,1.8042863607406616,3.5999999046325684,2.7511162757873535,1,1.833925485610962,0.30000000000000004,7.7
11,0,0.0,1.8,2.4000000000000004,0.0791990709694515,8.1,2.9000000000000004,11.537772178649902,1.8074835538864136,3.5999999046325684,2.7674500942230225,1,1.8371226787567139,0.30000000000000004,7.7
11,0,0.0,1.8,2.4000000000000004,0.0791990709694515,8.1,2.9000000000000004,12.037772178649902,1.8108322620391846,3.5999999046325684,2.7838423252105713,1,1.8404713869094849,0.30000000000000004,7.7
11,0,0.0,1.8,2.4000000000000004,0.0791990709694515,8.1,2.9000000000000004,12.537772178649902,1.8143339157104492,3.5999999046325684,2.80029559135437,1,1.8439730405807495,0.30000000000000004,7.7
11,0,0.0,1.8,2.4000000000000004,0.0791990709694515,8.1,2.9000000000000004,13.037772178649902,1.8179898262023926,3.5999999046325684,2.816812753677368,1,1.8476289510726929,0.30000000000000004,7.7
11,0,0.0,1.8,2.4000000000000004,0.0791990709694515,8.1,2.9000000000000004,13.537772178649902,1.8218016624450684,3.5999999046325684,2.8333969116210938,1,1.8514407873153687,0.30000000000000004,7.7
11,0,0.0,1.8,2.4000000000000004,0.0791990709694515,8.1,2.9000000000000004,14.037772178649902,1.8257707357406616,3.5999999046325684,2.850050926208496,1,1.855409860610962,0.30000000000000004,7.7
11,0,0.0,1.8,2.4000000000000004,0.0791990709694515,8.1,2.9000000000000004,14.537772178649902,1.8298988342285156,3.5999999046325684,2.8667778968811035,1,1.859537959098816,0.30000000000000004,7.7
11,0,0.0,1.8,2.4000000000000004,0.0791990709694515,8.1,2.9000000000000004,15.037772178649902,1.834187626838684,3.5999999046325684,2.8835806846618652,1,1.8638267517089844,0.30000000000000004,7.7
11,0,0.0,1.8,2.4000000000000004,0.0791990709694515,8.1,2.9000000000000004,15.537772178649902,1.8386387825012207,3.5999999046325684,2.9004623889923096,1,1.868277907371521,0.30000000000000004,7.7
11,0,0.0,1.8,2.4000000000000004,0.0791990709694515,8.1,2.9000000000000004,16.03777313232422,1.8432543277740479,3.5999999046325684,2.917426109313965,1,1.8728934526443481,0.30000000000000004,7.7
11,0,0.0,1.8,2.4000000000000004,0.0791990709694515,8.1,2.9000000000000004,16.53777313232422,1.8480360507965088,3.5999999046325684,2.9344754219055176,1,1.877675175666809,0.30000000000000004,7.7
11,0,0.0,1.8,2.4000000000000004,0.0791990709694515,8.1,2.9000000000000004,17.03777313232422,1.8529858589172363,3.5999999046325684,2.951612949371338,1,1.8826249837875366,0.30000000000000004,7.7
11,0,0.0,1.8,2.4000000000000004,0.0791990709694515,8.1,2.9000000000000004,17.53777313232422,1.8581061363220215,3.5999999046325684,2.9688427448272705,1,1.8877452611923218,0.30000000000000004,7.7
11,0,0.0,1.8,2.4000000000000004,0.0791990709694515,8.1,2.9000000000000004,18.03777313232422,1.863398790359497,3.5999999046325684,2.9861676692962646,1,1.8930379152297974,0.30000000000000004,7.7
11,0,0.0,1.8,2.4000000000000004,0.0791990709694515,8.1,2.9000000000000004,18.53777313232422,1.868866205215454,3.5999999046325684,3.003591299057007,1,1.8985053300857544,0.30000000000000004,7.7
11,0,0.0,1.8,2.4000000000000004,0.0791990709694515,8.1,2.9000000000000004,19.03777313232422,1.8745107650756836,3.5999999046325684,3.0211174488067627,1,1.9041498899459839,0.30000000000000004,7.7
11,0,0.0,1.8,2.4000000000000004,0.0791990709694515,8.1,2.9000000000000004,19.53777313232422,1.8803348541259766,3.5999999046325684,3.0387492179870605,1,1.9099739789962769,0.30000000000000004,7.7
11,0,0.0,1.8,2.4000000000000004,0.0791990709694515,8.1,2.9000000000000004,20.03777313232422,1.8863409757614136,3.5999999046325684,3.056490659713745,1,1.9159801006317139,0.30000000000000004,7.7
11,0,0.0,1.8,2.4000000000000004,0.0791990709694515,8.1,2.9000000000000004,20.53777313232422,1.8925319910049438,3.5999999046325684,3.074345350265503,1,1.9221711158752441,0.30000000000000004,7.7
11,0,0.0,1.8,2.4000000000000004,0.0791990709694515,8.1,2.9000000000000004,21.03777313232422,1.8989102840423584,3.5999999046325684,3.0923171043395996,1,1.9285494089126587,0.30000000000000004,7.7
11,0,0.0,1.8,2.4000000000000004,0.0791990709694515,8.1,2.9000000000000004,21.53777313232422,1.905479073524475,3.5999999046325684,3.11040997505188,1,1.9351181983947754,0.30000000000000004,7.7
11,0,0.0,1.8,2.4000000000000004,0.0791990709694515,8.1,2.9000000000000004,22.03777313232422,1.9122411012649536,3.5999999046325684,3.1286280155181885,1,1.941880226135254,0.30000000000000004,7.7
11,0,0.0,1.8,2.4000000000000004,0.0791990709694515,8.1,2.9000000000000004,22.53777313232422,1.9191994667053223,3.5999999046325684,3.146975040435791,1,1.9488385915756226,0.30000000000000004,7.7
11,0,0.0,1.8,2.4000000000000004,0.0791990709694515,8.1,2.9000000000000004,23.03777313232422,1.926357388496399,3.5999999046325684,3.1654555797576904,1,1.9559965133666992,0.30000000000000004,7.7
11,0,0.0,1.8,2.4000000000000004,0.0791990709694515,8.1,2.9000000000000004,23.53777313232422,1.9337180852890015,3.5999999046325684,3.1840736865997314,1,1.9633572101593018,0.30000000000000004,7.7
11,0,0.0,1.8,2.4000000000000004,0.0791990709694515,8.1,2.9000000000000004,24.03777313232422,1.9412851333618164,3.5999999046325684,3.202833890914917,1,1.9709242582321167,0.30000000000000004,7.7
11,0,0.0,1.8,2.4000000000000004,0.0791990709694515,8.1,2.9000000000000004,24.53777313232422,1.9490619897842407,3.5999999046325684,3.22174072265625,1,1.978701114654541,0.30000000000000004,7.7
11,0,0.0,1.8,2.4000000000000004,0.0791990709694515,8.1,2.9000000000000004,25.03777313232422,1.9570523500442505,3.5999999046325684,3.2407989501953125,1,1.9866914749145508,0.30000000000000004,7.7
11,0,0.0,1.8,2.4000000000000004,0.0791990709694515,8.1,2.9000000000000004,25.53777313232422,1.9652600288391113,3.5999999046325684,3.2600131034851074,1,1.9948991537094116,0.30000000000000004,7.7
11,0,0.0,1.8,2.4000000000000004,0.0791990709694515,8.1,2.9000000000000004,26.03777313232422,1.9736889600753784,3.5999999046325684,3.279388189315796,1,2.0033280849456787,0.30000000000000004,7.7
11,0,0.0,1.8,2.4000000000000004,0.0791990709694515,8.1,2.9000000000000004,26.53777313232422,1.982343316078186,3.5999999046325684,3.29892897605896,1,2.0119824409484863,0.30000000000000004,7.7
11,0,0.0,1.8,2.4000000000000004,0.0791990709694515,8.1,2.9000000000000004,27.03777313232422,1.9912272691726685,3.5999999046325684,3.318640947341919,1,2.0208663940429688,0.30000000000000004,7.7
11,0,0.0,1.8,2.4000000000000004,0.0791990709694515,8.1,2.9000000000000004,27.53777313232422,2.000345468521118,3.5999999046325684,3.338529348373413,1,2.029984712600708,0.30000000000000004,7.7
11,0,0.0,1.8,2.4000000000000004,0.0791990709694515,8.1,2.9000000000000004,28.03777313232422,2.009702205657959,3.5999999046325684,3.3585996627807617,1,2.039341449737549,0.30000000000000004,7.7
11,0,0.0,1.8,2.4000000000000004,0.0791990709694515,8.1,2.9000000000000004,28.53777313232422,2.0193023681640625,3.5999999046325684,3.378857374191284,1,2.0489416122436523,0.30000000000000004,7.7
11,0,0.0,1.8,2.4000000000000004,0.0791990709694515,8.1,2.9000000000000004,29.03777313232422,2.02915096282959,3.5999999046325684,3.399308204650879,1,2.0587902069091797,0.30000000000000004,7.7
11,0,0.0,1.8,2.4000000000000004,0.0791990709694515,8.1,2.9000000000000004,29.53777313232422,2.039252758026123,3.5999999046325684,3.4199581146240234,1,2.068892002105713,0.30000000000000004,7.7
11,0,0.0,1.8,2.4000000000000004,0.0791990709694515,8.1,2.9000000000000004,30.03777313232422,2.0496134757995605,3.5999999046325684,3.4408133029937744,1,2.0792527198791504,0.30000000000000004,7.7
11,0,0.0,1.8,2.4000000000000004,0.0791990709694515,8.1,2.9000000000000004,30.53777313232422,2.0602385997772217,3.5999999046325684,3.4618799686431885,1,2.0898778438568115,0.30000000000000004,7.7
11,0,0.0,1.8,2.4000000000000004,0.0791990709694515,8.1,2.9000000000000004,31.03777313232422,2.0711333751678467,3.5999999046325684,3.4831647872924805,1,2.1007726192474365,0.30000000000000004,7.7
11,0,0.0,1.8,2.4000000000000004,0.0791990709694515,8.1,2.9000000000000004,31.53777313232422,2.0823042392730713,3.5999999046325684,3.5046744346618652,1,2.111943483352661,0.30000000000000004,7.7
11,0,0.0,1.8,2.4000000000000004,0.0791990709694515,8.1,2.9000000000000004,32.03777313232422,2.093757152557373,3.5999999046325684,3.5264155864715576,1,2.123396396636963,0.30000000000000004,7.7
11,0,0.0,1.8,2.4000000000000004,0.0791990709694515,8.1,2.9000000000000004,32.53777313232422,2.1054983139038086,3.5999999046325684,3.5483953952789307,1,2.1351375579833984,0.30000000000000004,7.7
11,0,0.0,1.8,2.4000000000000004,0.0791990709694515,8.1,2.9000000000000004,33.03777313232422,2.1175343990325928,3.5999999046325684,3.5706214904785156,1,2.1471736431121826,0.30000000000000004,7.7
11,0,0.0,1.8,2.4000000000000004,0.0791990709694515,8.1,2.9000000000000004,33.53777313232422,2.1298723220825195,3.5999999046325684,3.5931012630462646,1,2.1595115661621094,0.30000000000000004,7.7
11,0,0.0,1.8,2.4000000000000004,0.0791990709694515,8.1,2.9000000000000004,34.03777313232422,2.142519474029541,3.5999999046325684,3.615842580795288,1,2.172158718109131,0.30000000000000004,7.7
11,0,0.0,1.8,2.4000000000000004,0.0791990709694515,8.1,2.9000000000000004,34.53777313232422,0.0,,,0,2.185122013092041,0.30000000000000004,7.7
11,0,0.0,1.8,2.4000000000000004,0.0791990709694515,8.1,2.9000000000000004,35.03777313232422,2.1687703132629395,3.5999999046325684,3.662142753601074,1,2.1984095573425293,0.30000000000000004,7.7
11,0,0.0,1.8,2.4000000000000004,0.0791990709694515,8.1,2.9000000000000004,35.53777313232422,2.182389974594116,3.5999999046325684,3.6857187747955322,1,2.212029218673706,0.30000000000000004,7.7
11,0,0.0,1.8,2.4000000000000004,0.0791990709694515,8.1,2.9000000000000004,36.03777313232422,2.196349859237671,3.5999999046325684,3.709590435028076,1,2.2259891033172607,0.30000000000000004,7.7
11,0,0.0,1.8,2.4000000000000004,0.0791990709694515,8.1,2.9000000000000004,36.53777313232422,2.2106587886810303,3.5999999046325684,3.73376727104187,1,2.24029803276062,0.30000000000000004,7.7
11,0,0.0,1.8,2.4000000000000004,0.0791990709694515,8.1,2.9000000000000004,37.03777313232422,2.225325584411621,3.5999999046325684,3.758258819580078,1,2.254964828491211,0.30000000000000004,7.7
11,0,0.0,1.8,2.4000000000000004,0.0791990709694515,8.1,2.9000000000000004,37.53777313232422,2.2403600215911865,3.5999999046325684,3.7830748558044434,1,2.2699992656707764,0.30000000000000004,7.7
11,0,0.0,1.8,2.4000000000000004,0.0791990709694515,8.1,2.9000000000000004,38.03777313232422,2.2557711601257324,3.5999999046325684,3.8082261085510254,1,2.2854104042053223,0.30000000000000004,7.7
11,0,0.0,1.8,2.4000000000000004,0.0791990709694515,8.1,2.9000000000000004,38.53777313232422,2.2715694904327393,3.5999999046325684,3.8337230682373047,1,2.301208734512329,0.30000000000000004,7.7
11,0,0.0,1.8,2.4000000000000004,0.0791990709694515,8.1,2.9000000000000004,39.03777313232422,2.2877657413482666,3.5999999046325684,3.859577178955078,1,2.3174049854278564,0.30000000000000004,7.7
11,0,0.0,1.8,2.4000000000000004,0.0791990709694515,8.1,2.9000000000000004,39.53777313232422,2.304370164871216,3.5999999046325684,3.8857996463775635,1,2.3340094089508057,0.30000000000000004,7.7
11,0,0.0,1.8,2.4000000000000004,0.0791990709694515,8.1,2.9000000000000004,40.03777313232422,2.321394920349121,3.5999999046325684,3.912402629852295,1,2.351034164428711,0.30000000000000004,7.7
11,0,0.0,1.8,2.4000000000000004,0.0791990709694515,8.1,2.9000000000000004,40.53777313232422,2.3388514518737793,3.5999999046325684,3.939398765563965,1,2.368490695953369,0.30000000000000004,7.7
11,0,0.0,1.8,2.4000000000000004,0.0791990709694515,8.1,2.9000000000000004,41.03777313232422,2.3567521572113037,3.5999999046325684,3.9668006896972656,1,2.3863914012908936,0.30000000000000004,7.7
11,0,0.0,1.8,2.4000000000000004,0.0791990709694515,8.1,2.9000000000000004,41.53777313232422,2.375110149383545,3.5999999046325684,3.994622230529785,1,2.4047493934631348,0.30000000000000004,7.7
11,0,0.0,1.8,2.4000000000000004,0.0791990709694515,8.1,2.9000000000000004,42.03777313232422,2.3939387798309326,3.5999999046325684,4.022877216339111,1,2.4235780239105225,0.30000000000000004,7.7
11,0,0.0,1.8,2.4000000000000004,0.0791990709694515,8.1,2.9000000000000004,42.53777313232422,2.413252115249634,3.5999999046325684,4.051580429077148,1,2.4428913593292236,0.30000000000000004,7.7
11,0,0.0,1.8,2.4000000000000004,0.0791990709694515,8.1,2.9000000000000004,43.03777313232422,2.4330646991729736,3.5999999046325684,4.080747127532959,1,2.4627039432525635,0.30000000000000004,7.7
11,0,0.0,1.8,2.4000000000000004,0.0791990709694515,8.1,2.9000000000000004,43.53777313232422,2.4533920288085938,3.5999999046325684,4.110393047332764,1,2.4830312728881836,0.30000000000000004,7.7
11,0,0.0,1.8,2.4000000000000004,0.0791990709694515,8.1,2.9000000000000004,44.03777313232422,0.0,,,0,2.5038890838623047,0.30000000000000004,7.7
11,0,0.0,1.8,2.4000000000000004,0.0791990709694515,8.1,2.9000000000000004,44.53777313232422,2.495655059814453,3.5999999046325684,4.171189308166504,1,2.525294303894043,0.30000000000000004,7.7
11,0,0.0,1.8,2.4000000000000004,0.0791990709694515,8.1,2.9000000000000004,45.03777313232422,2.517625093460083,3.5999999046325684,4.2023749351501465,1,2.547264337539673,0.30000000000000004,7.7
11,0,0.0,1.8,2.4000000000000004,0.0791990709694515,8.1,2.9000000000000004,45.53777313232422,2.540178060531616,3.5999999046325684,4.234110355377197,1,2.569817304611206,0.30000000000000004,7.7
11,0,0.0,1.8,2.4000000000000004,0.0791990709694515,8.1,2.9000000000000004,46.03777313232422,2.56333327293396,3.5999999046325684,4.266415596008301,1,2.59297251701355,0.30000000000000004,7.7
11,0,0.0,1.8,2.4000000000000004,0.0791990709694515,8.1,2.9000000000000004,46.53777313232422,2.5871105194091797,3.5999999046325684,4.299310207366943,1,2.6167497634887695,0.30000000000000004,7.7
11,0,0.0,1.8,2.4000000000000004,0.0791990709694515,8.1,2.9000000000000004,47.03777313232422,2.6115310192108154,3.5999999046325684,4.3328166007995605,1,2.6411702632904053,0.30000000000000004,7.7
11,0,0.0,1.8,2.4000000000000004,0.0791990709694515,8.1,2.9000000000000004,47.53777313232422,2.6366167068481445,3.5999999046325684,4.366957187652588,1,2.6662559509277344,0.30000000000000004,7.7
11,0,0.0,1.8,2.4000000000000004,0.0791990709694515,8.1,2.9000000000000004,48.03777313232422,2.6623902320861816,3.5999999046325684,4.401754856109619,1,2.6920294761657715,0.30000000000000004,7.7
11,0,0.0,1.8,2.4000000000000004,0.0791990709694515,8.1,2.9000000000000004,48.53777313232422,2.688875913619995,3.5999999046325684,4.437234401702881,1,2.718515157699585,0.30000000000000004,7.7
11,0,0.0,1.8,2.4000000000000004,0.0791990709694515,8.1,2.9000000000000004,49.03777313232422,2.716099262237549,3.5999999046325684,4.473422050476074,1,2.7457385063171387,0.30000000000000004,7.7
11,0,0.0,1.8,2.4000000000000004,0.0791990709694515,8.1,2.9000000000000004,49.53777313232422,2.744086742401123,3.5999999046325684,4.510344982147217,1,2.773725986480713,0.30000000000000004,7.7
11,0,0.0,1.8,2.4000000000000004,0.0791990709694515,8.1,2.9000000000000004,50.03777313232422,2.7728660106658936,3.5999999046325684,4.548030853271484,1,2.8025052547454834,0.30000000000000004,7.7
11,0,0.0,1.8,2.4000000000000004,0.0791990709694515,8.1,2.9000000000000004,50.53777313232422,2.802466869354248,3.5999999046325684,4.586509704589844,1,2.832106113433838,0.30000000000000004,7.7
11,0,0.0,1.8,2.4000000000000004,0.0791990709694515,8.1,2.9000000000000004,51.03777313232422,2.8329200744628906,3.5999999046325684,4.6258134841918945,1,2.8625593185424805,0.30000000000000004,7.7
11,0,0.0,1.8,2.4000000000000004,0.0791990709694515,8.1,2.9000000000000004,51.53777313232422,2.864258050918579,3.5999999046325684,4.6659746170043945,1,2.893897294998169,0.30000000000000004,7.7
11,0,0.0,1.8,2.4000000000000004,0.0791990709694515,8.1,2.9000000000000004,52.03777313232422,2.896515130996704,3.5999999046325684,4.707028388977051,1,2.926154375076294,0.30000000000000004,7.7
11,0,0.0,1.8,2.4000000000000004,0.0791990709694515,8.1,2.9000000000000004,52.53777313232422,2.92972731590271,3.5999999046325684,4.7490105628967285,1,2.9593665599823,0.30000000000000004,7.7
11,0,0.0,1.8,2.4000000000000004,0.0791990709694515,8.1,2.9000000000000004,53.03777313232422,2.963932514190674,3.5999999046325684,4.791959762573242,1,2.9935717582702637,0.30000000000000004,7.7
11,0,0.0,1.8,2.4000000000000004,0.0791990709694515,8.1,2.9000000000000004,53.53777313232422,2.954511880874634,3.5734591484069824,4.800000190734863,1,2.9841511249542236,0.30000000000000004,7.7
11,0,0.0,1.8,2.4000000000000004,0.0791990709694515,8.1,2.9000000000000004,54.03777313232422,2.935504198074341,3.541285753250122,4.800000190734863,1,2.9651434421539307,0.30000000000000004,7.7
11,0,0.0,1.8,2.4000000000000004,0.0791990709694515,8.1,2.9000000000000004,54.53777313232422,2.9169604778289795,3.509517192840576,4.800000190734863,1,2.9465997219085693,0.30000000000000004,7.7
11,0,0.0,1.8,2.4000000000000004,0.0791990709694515,8.1,2.9000000000000004,55.03777313232422,2.8988685607910156,3.4781413078308105,4.800000190734863,1,2.9285078048706055,0.30000000000000004,7.7
11,0,0.0,1.8,2.4000000000000004,0.0791990709694515,8.1,2.9000000000000004,55.53777313232422,2.8812179565429688,3.447145700454712,4.800000190734863,1,2.9108572006225586,0.30000000000000004,7.7
11,0,0.0,1.8,2.4000000000000004,0.0791990709694515,8.1,2.9000000000000004,56.03777313232422,2.8639976978302,3.4165194034576416,4.800000190734863,1,2.89363694190979,0.30000000000000004,7.7
11,0,0.0,1.8,2.4000000000000004,0.0791990709694515,8.1,2.9000000000000004,56.53777313232422,2.847198009490967,3.3862509727478027,4.800000190734863,1,2.8768372535705566,0.30000000000000004,7.7
11,0,0.0,1.8,2.4000000000000004,0.0791990709694515,8.1,2.9000000000000004,57.03777313232422,2.830808639526367,3.3563296794891357,4.800000190734863,1,2.860447883605957,0.30000000000000004,7.7
11,0,0.0,1.8,2.4000000000000004,0.0791990709694515,8.1,2.9000000000000004,57.53777313232422,2.8148205280303955,3.3267452716827393,4.800000190734863,1,2.8444597721099854,0.30000000000000004,7.7
11,0,0.0,1.8,2.4000000000000004,0.0791990709694515,8.1,2.9000000000000004,58.03777313232422,2.7992241382598877,3.297487258911133,4.800000190734863,1,2.8288633823394775,0.30000000000000004,7.7
11,0,0.0,1.8,2.4000000000000004,0.0791990709694515,8.1,2.9000000000000004,58.53777313232422,2.784011125564575,3.2685463428497314,4.800000190734863,1,2.813650369644165,0.30000000000000004,7.7
11,0,0.0,1.8,2.4000000000000004,0.0791990709694515,8.1,2.9000000000000004,59.03777313232422,2.7691729068756104,3.239912986755371,4.800000190734863,1,2.7988121509552,0.30000000000000004,7.7
11,0,0.0,1.8,2.4000000000000004,0.0791990709694515,8.1,2.9000000000000004,59.53777313232422,2.7547011375427246,3.2115776538848877,4.800000190734863,1,2.7843403816223145,0.30000000000000004,7.7
11,0,0.0,1.8,2.4000000000000004,0.0791990709694515,8.1,2.9000000000000004,60.03777313232422,2.7405881881713867,3.1835317611694336,4.800000190734863,1,2.7702274322509766,0.30000000000000004,7.7
11,0,0.0,1.8,2.4000000000000004,0.0791990709694515,8.1,2.9000000000000004,60.53777313232422,2.7268264293670654,3.155766725540161,4.800000190734863,1,2.7564656734466553,0.30000000000000004,7.7
11,0,0.0,1.8,2.4000000000000004,0.0791990709694515,8.1,2.9000000000000004,61.03777313232422,2.7134087085723877,3.1282742023468018,4.800000190734863,1,2.7430479526519775,0.30000000000000004,7.7
11,0,0.0,1.8,2.4000000000000004,0.0791990709694515,8.1,2.9000000000000004,61.53777313232422,2.7003278732299805,3.101045846939087,4.800000190734863,1,2.7299671173095703,0.30000000000000004,7.7
11,0,0.0,1.8,2.4000000000000004,0.0791990709694515,8.1,2.9000000000000004,62.03777313232422,2.68757700920105,3.0740737915039062,4.800000190734863,1,2.7172162532806396,0.30000000000000004,7.7
11,0,0.0,1.8,2.4000000000000004,0.0791990709694515,8.1,2.9000000000000004,62.53777313232422,2.67514967918396,3.0473506450653076,4.800000190734863,1,2.70478892326355,0.30000000000000004,7.7
11,0,0.0,1.8,2.4000000000000004,0.0791990709694515,8.1,2.9000000000000004,63.03777313232422,2.6630399227142334,3.0208687782287598,4.800000190734863,1,2.6926791667938232,0.30000000000000004,7.7
11,0,0.0,1.8,2.4000000000000004,0.0791990709694515,8.1,2.9000000000000004,63.53777313232422,2.6512410640716553,2.9946210384368896,4.800000190734863,1,2.680880308151245,0.30000000000000004,7.7
11,0,0.0,1.8,2.4000000000000004,0.0791990709694515,8.1,2.9000000000000004,64.03777313232422,2.6397476196289062,2.968600273132324,4.800000190734863,1,2.669386863708496,0.30000000000000004,7.7
11,0,0.0,1.8,2.4000000000000004,0.0791990709694515,8.1,2.9000000000000004,64.53777313232422,2.628553867340088,2.9427998065948486,4.800000190734863,1,2.6581931114196777,0.30000000000000004,7.7
11,0,0.0,1.8,2.4000000000000004,0.0791990709694515,8.1,2.9000000000000004,65.03777313232422,2.61765456199646,2.917212724685669,4.800000190734863,1,2.64729380607605,0.30000000000000004,7.7
11,0,0.0,1.8,2.4000000000000004,0.0791990709694515,8.1,2.9000000000000004,65.53777313232422,2.607043981552124,2.8918328285217285,4.800000190734863,1,2.636683225631714,0.30000000000000004,7.7
11,0,0.0,1.8,2.4000000000000004,0.0791990709694515,8.1,2.9000000000000004,66.03777313232422,2.596717596054077,2.8666534423828125,4.800000190734863,1,2.626356840133667,0.30000000000000004,7.7
11,0,0.0,1.8,2.4000000000000004,0.0791990709694515,8.1,2.9000000000000004,66.53777313232422,2.586669921875,2.8416688442230225,4.800000190734863,1,2.61630916595459,0.30000000000000004,7.7
11,0,0.0,1.8,2.4000000000000004,0.0791990709694515,8.1,2.9000000000000004,67.03777313232422,2.576896905899048,2.8168728351593018,4.800000190734863,1,2.6065361499786377,0.30000000000000004,7.7
11,0,0.0,1.8,2.4000000000000004,0.0791990709694515,8.1,2.9000000000000004,67.53777313232422,2.5673935413360596,2.792259454727173,4.800000190734863,1,2.5970327854156494,0.30000000000000004,7.7
11,0,0.0,1.8,2.4000000000000004,0.0791990709694515,8.1,2.9000000000000004,68.03777313232422,2.5581555366516113,2.7678229808807373,4.800000190734863,1,2.587794780731201,0.30000000000000004,7.7
11,0,0.0,1.8,2.4000000000000004,0.0791990709694515,8.1,2.9000000000000004,68.53777313232422,2.5491786003112793,2.743557929992676,4.800000190734863,1,2.578817844390869,0.30000000000000004,7.7
11,0,0.0,1.8,2.4000000000000004,0.0791990709694515,8.1,2.9000000000000004,69.03777313232422,2.540458917617798,2.719458818435669,4.800000190734863,1,2.5700981616973877,0.30000000000000004,7.7
11,0,0.0,1.8,2.4000000000000004,0.0791990709694515,8.1,2.9000000000000004,69.53777313232422,2.5319924354553223,2.6955204010009766,4.800000190734863,1,2.561631679534912,0.30000000000000004,7.7
11,0,0.0,1.8,2.4000000000000004,0.0791990709694515,8.1,2.9000000000000004,70.03777313232422,2.523775339126587,2.6717371940612793,4.800000190734863,1,2.5534145832061768,0.30000000000000004,7.7
11,0,0.0,1.8,2.4000000000000004,0.0791990709694515,8.1,2.9000000000000004,70.53777313232422,2.5158040523529053,2.648104429244995,4.800000190734863,1,2.545443296432495,0.30000000000000004,7.7
11,0,0.0,1.8,2.4000000000000004,0.0791990709694515,8.1,2.9000000000000004,71.03777313232422,2.508074998855591,2.624616861343384,4.800000190734863,1,2.5377142429351807,0.30000000000000004,7.7
11,0,0.0,1.8,2.4000000000000004,0.0791990709694515,8.1,2.9000000000000004,71.53777313232422,2.500584602355957,2.6012697219848633,4.800000190734863,1,2.530223846435547,0.30000000000000004,7.7
11,0,0.0,1.8,2.4000000000000004,0.0791990709694515,8.1,2.9000000000000004,72.03777313232422,2.493330240249634,2.5780584812164307,4.800000190734863,1,2.5229694843292236,0.30000000000000004,7.7
11,0,0.0,1.8,2.4000000000000004,0.0791990709694515,8.1,2.9000000000000004,72.53777313232422,2.4863083362579346,2.5549778938293457,4.800000190734863,1,2.5159475803375244,0.30000000000000004,7.7
11,0,0.0,1.8,2.4000000000000004,0.0791990709694515,8.1,2.9000000000000004,73.03777313232422,2.479515790939331,2.5320239067077637,4.800000190734863,1,2.509155035018921,0.30000000000000004,7.7
11,0,0.0,1.8,2.4000000000000004,0.0791990709694515,8.1,2.9000000000000004,73.53777313232422,2.472949981689453,2.5091917514801025,4.800000190734863,1,2.502589225769043,0.30000000000000004,7.7
11,0,0.0,1.8,2.4000000000000004,0.0791990709694515,8.1,2.9000000000000004,74.03777313232422,2.4666080474853516,2.4864768981933594,4.800000190734863,1,2.4962472915649414,0.30000000000000004,7.7
11,0,0.0,1.8,2.4000000000000004,0.0791990709694515,8.1,2.9000000000000004,74.53777313232422,2.4604873657226562,2.4638752937316895,4.800000190734863,1,2.490126609802246,0.30000000000000004,7.7
11,0,0.0,1.8,2.4000000000000004,0.0791990709694515,8.1,2.9000000000000004,75.03777313232422,2.454585313796997,2.441382646560669,4.800000190734863,1,2.484224557876587,0.30000000000000004,7.7
11,0,0.0,1.8,2.4000000000000004,0.0791990709694515,8.1,2.9000000000000004,75.53777313232422,2.448899507522583,2.418994426727295,4.800000190734863,1,2.478538751602173,0.30000000000000004,7.7
11,0,0.0,1.8,2.4000000000000004,0.0791990709694515,8.1,2.9000000000000004,76.03777313232422,2.443427562713623,2.3967068195343018,4.800000190734863,1,2.473066806793213,0.30000000000000004,7.7
11,0,0.0,1.8,2.4000000000000004,0.0791990709694515,8.1,2.9000000000000004,76.53777313232422,2.438167095184326,2.3745157718658447,4.800000190734863,1,2.467806339263916,0.30000000000000004,7.7
11,0,0.0,1.8,2.4000000000000004,0.0791990709694515,8.1,2.9000000000000004,77.03777313232422,2.4331161975860596,2.352417469024658,4.800000190734863,1,2.4627554416656494,0.30000000000000004,7.7
11,0,0.0,1.8,2.4000000000000004,0.0791990709694515,8.1,2.9000000000000004,77.53777313232422,2.4282729625701904,2.3304073810577393,4.800000190734863,1,2.4579122066497803,0.30000000000000004,7.7
11,0,0.0,1.8,2.4000000000000004,0.0791990709694515,8.1,2.9000000000000004,78.03777313232422,2.4236350059509277,2.3084821701049805,4.800000190734863,1,2.4532742500305176,0.30000000000000004,7.7
11,0,0.0,1.8,2.4000000000000004,0.0791990709694515,8.1,2.9000000000000004,78.53777313232422,2.4192006587982178,2.286638021469116,4.800000190734863,1,2.4488399028778076,0.30000000000000004,7.7
11,0,0.0,1.8,2.4000000000000004,0.0791990709694515,8.1,2.9000000000000004,79.03777313232422,2.4149680137634277,2.2648708820343018,4.800000190734863,1,2.4446072578430176,0.30000000000000004,7.7
11,0,0.0,1.8,2.4000000000000004,0.0791990709694515,8.1,2.9000000000000004,79.53777313232422,2.410935640335083,2.2431774139404297,4.800000190734863,1,2.440574884414673,0.30000000000000004,7.7
11,0,0.0,1.8,2.4000000000000004,0.0791990709694515,8.1,2.9000000000000004,80.03777313232422,2.40710186958313,2.2215535640716553,4.800000190734863,1,2.4367411136627197,0.30000000000000004,7.7
11,0,0.0,1.8,2.4000000000000004,0.0791990709694515,8.1,2.9000000000000004,80.53777313232422,2.4034650325775146,2.199995994567871,4.800000190734863,1,2.4331042766571045,0.30000000000000004,7.7
11,0,0.0,1.8,2.4000000000000004,0.0791990709694515,8.1,2.9000000000000004,81.03777313232422,2.400023937225342,2.1785008907318115,4.800000190734863,1,2.4296631813049316,0.30000000000000004,7.7
11,0,0.0,1.8,2.4000000000000004,0.0791990709694515,8.1,2.9000000000000004,81.53777313232422,2.3967769145965576,2.157064914703369,4.800000190734863,1,2.4264161586761475,0.30000000000000004,7.7
11,0,0.0,1.8,2.4000000000000004,0.0791990709694515,8.1,2.9000000000000004,82.03777313232422,2.3937230110168457,2.1356847286224365,4.800000190734863,1,2.4233622550964355,0.30000000000000004,7.7
11,0,0.0,1.8,2.4000000000000004,0.0791990709694515,8.1,2.9000000000000004,82.53777313232422,2.3908607959747314,2.114356517791748,4.800000190734863,1,2.4205000400543213,0.30000000000000004,7.7
11,0,0.0,1.8,2.4000000000000004,0.0791990709694515,8.1,2.9000000000000004,83.03777313232422,2.3881890773773193,2.0930769443511963,4.800000190734863,1,2.417828321456909,0.30000000000000004,7.7
11,0,0.0,1.8,2.4000000000000004,0.0791990709694515,8.1,2.9000000000000004,83.53777313232422,2.385707139968872,2.071842908859253,4.800000190734863,1,2.415346384048462,0.30000000000000004,7.7
11,0,0.0,1.8,2.4000000000000004,0.0791990709694515,8.1,2.9000000000000004,84.03777313232422,2.3834140300750732,2.0506505966186523,4.800000190734863,1,2.413053274154663,0.30000000000000004,7.7
11,0,0.0,1.8,2.4000000000000004,0.0791990709694515,8.1,2.9000000000000004,84.53777313232422,2.3813085556030273,2.029496908187866,4.800000190734863,1,2.410947799682617,0.30000000000000004,7.7
11,0,0.0,1.8,2.4000000000000004,0.0791990709694515,8.1,2.9000000000000004,85.03777313232422,2.379390001296997,2.008378505706787,4.800000190734863,1,2.409029245376587,0.30000000000000004,7.7
11,0,0.0,1.8,2.4000000000000004,0.0791990709694515,8.1,2.9000000000000004,85.53777313232422,2.377657651901245,1.9872921705245972,4.800000190734863,1,2.407296895980835,0.30000000000000004,7.7
11,0,0.0,1.8,2.4000000000000004,0.0791990709694515,8.1,2.9000000000000004,86.03777313232422,2.3761110305786133,1.9662344455718994,4.800000190734863,1,2.405750274658203,0.30000000000000004,7.7
11,0,0.0,1.8,2.4000000000000004,0.0791990709694515,8.1,2.9000000000000004,86.53777313232422,2.374749183654785,1.9452022314071655,4.800000190734863,1,2.404388427734375,0.30000000000000004,7.7
11,0,0.0,1.8,2.4000000000000004,0.0791990709694515,8.1,2.9000000000000004,87.03777313232422,2.3735718727111816,1.924192190170288,4.800000190734863,1,2.4032111167907715,0.30000000000000004,7.7
11,0,0.0,1.8,2.4000000000000004,0.0791990709694515,8.1,2.9000000000000004,87.53777313232422,2.3725786209106445,1.9032011032104492,4.800000190734863,1,2.4022178649902344,0.30000000000000004,7.7
11,0,0.0,1.8,2.4000000000000004,0.0791990709694515,8.1,2.9000000000000004,88.03777313232422,2.3717689514160156,1.882225751876831,4.800000190734863,1,2.4014081954956055,0.30000000000000004,7.7
11,0,0.0,1.8,2.4000000000000004,0.0791990709694515,8.1,2.9000000000000004,88.53777313232422,2.371142625808716,1.8612629175186157,4.800000190734863,1,2.4007818698883057,0.30000000000000004,7.7
11,0,0.0,1.8,2.4000000000000004,0.0791990709694515,8.1,2.9000000000000004,89.03777313232422,2.370699167251587,1.840309500694275,4.800000190734863,1,2.4003384113311768,0.30000000000000004,7.7
11,0,0.0,1.8,2.4000000000000004,0.0791990709694515,8.1,2.9000000000000004,89.53777313232422,0.0,,,0,2.400078058242798,0.30000000000000004,7.7
11,0,0.0,1.8,2.4000000000000004,0.0791990709694515,8.1,2.9000000000000004,90.03777313232422,2.370361328125,1.7984178066253662,4.800000190734863,1,2.40000057220459,0.30000000000000004,7.7
11,0,0.0,1.8,2.4000000000000004,0.0791990709694515,8.1,2.9000000000000004,90.53777313232422,2.370466470718384,1.7774732112884521,4.800000190734863,1,2.4001057147979736,0.30000000000000004,7.7
11,0,0.0,1.8,2.4000000000000004,0.0791990709694515,8.1,2.9000000000000004,91.03777313232422,2.3707544803619385,1.7565251588821411,4.800000190734863,1,2.4003937244415283,0.30000000000000004,7.7
11,0,0.0,1.8,2.4000000000000004,0.0791990709694515,8.1,2.9000000000000004,91.53777313232422,2.371225357055664,1.7355704307556152,4.800000190734863,1,2.400864601135254,0.30000000000000004,7.7
11,0,0.0,1.8,2.4000000000000004,0.0791990709694515,8.1,2.9000000000000004,92.03777313232422,2.3718795776367188,1.7146059274673462,4.800000190734863,1,2.4015188217163086,0.30000000000000004,7.7
11,0,0.0,1.8,2.4000000000000004,0.0791990709694515,8.1,2.9000000000000004,92.53777313232422,2.3727169036865234,1.6936284303665161,4.800000190734863,1,2.4023561477661133,0.30000000000000004,7.7
11,0,0.0,1.8,2.4000000000000004,0.0791990709694515,8.1,2.9000000000000004,93.03777313232422,2.3737380504608154,1.6726347208023071,4.800000190734863,1,2.4033772945404053,0.30000000000000004,7.7
11,0,0.0,1.8,2.4000000000000004,0.0791990709694515,8.1,2.9000000000000004,93.53777313232422,2.3749430179595947,1.6516214609146118,4.800000190734863,1,2.4045822620391846,0.30000000000000004,7.7
11,0,0.0,1.8,2.4000000000000004,0.0791990709694515,8.1,2.9000000000000004,94.03777313232422,2.3763327598571777,1.6305856704711914,4.800000190734863,1,2.4059720039367676,0.30000000000000004,7.7
11,0,0.0,1.8,2.4000000000000004,0.0791990709694515,8.1,2.9000000000000004,94.53777313232422,2.3779075145721436,1.6095237731933594,4.800000190734863,1,2.4075467586517334,0.30000000000000004,7.7
11,0,0.0,1.8,2.4000000000000004,0.0791990709694515,8.1,2.9000000000000004,95.03777313232422,2.3796677589416504,1.588432788848877,4.800000190734863,1,2.4093070030212402,0.30000000000000004,7.7
11,0,0.0,1.8,2.4000000000000004,0.0791990709694515,8.1,2.9000000000000004,95.53777313232422,2.3816146850585938,1.5673092603683472,4.800000190734863,1,2.4112539291381836,0.30000000000000004,7.7
11,0,0.0,1.8,2.4000000000000004,0.0791990709694515,8.1,2.9000000000000004,96.03777313232422,2.3837482929229736,1.5461500883102417,4.800000190734863,1,2.4133875370025635,0.30000000000000004,7.7
11,0,0.0,1.8,2.4000000000000004,0.0791990709694515,8.1,2.9000000000000004,96.53777313232422,0.0,,,0,2.4157092571258545,0.30000000000000004,7.7
11,0,0.0,1.8,2.4000000000000004,0.0791990709694515,8.1,2.9000000000000004,97.03777313232422,2.388580560684204,1.5037108659744263,4.800000190734863,1,2.418219804763794,0.30000000000000004,7.7
11,0,0.0,1.8,2.4000000000000004,0.0791990709694515,8.1,2.9000000000000004,97.53777313232422,2.3912808895111084,1.482424259185791,4.800000190734863,1,2.4209201335906982,0.30000000000000004,7.7
11,0,0.0,1.8,2.4000000000000004,0.0791990709694515,8.1,2.9000000000000004,98.03777313232422,2.394171953201294,1.4610884189605713,4.800000190734863,1,2.423811197280884,0.30000000000000004,7.7
11,0,0.0,1.8,2.4000000000000004,0.0791990709694515,8.1,2.9000000000000004,98.53777313232422,2.3972551822662354,1.4396998882293701,4.800000190734863,1,2.426894426345825,0.30000000000000004,7.7
11,0,0.0,1.8,2.4000000000000004,0.0791990709694515,8.1,2.9000000000000004,99.03777313232422,2.40053129196167,1.41825532913208,4.800000190734863,1,2.4301705360412598,0.30000000000000004,7.7
11,0,0.0,1.8,2.4000000000000004,0.0791990709694515,8.1,2.9000000000000004,99.53777313232422,2.4040019512176514,1.396751046180725,4.800000190734863,1,2.433641195297241,0.30000000000000004,7.7
11,0,0.0,1.8,2.4000000000000004,0.0791990709694515,8.1,2.9000000000000004,100.03777313232422,2.4076685905456543,1.3751837015151978,4.800000190734863,1,2.437307834625244,0.30000000000000004,7.7
11,0,0.0,1.8,2.4000000000000004,0.0791990709694515,8.1,2.9000000000000004,100.53777313232422,2.411532163619995,1.3535494804382324,4.800000190734863,1,2.441171407699585,0.30000000000000004,7.7
11,0,0.0,1.8,2.4000000000000004,0.0791990709694515,8.1,2.9000000000000004,101.03777313232422,2.4155948162078857,1.3318450450897217,4.800000190734863,1,2.4452340602874756,0.30000000000000004,7.7
11,0,0.0,1.8,2.4000000000000004,0.0791990709694515,8.1,2.9000000000000004,101.53777313232422,2.4198575019836426,1.3100665807724,4.800000190734863,1,2.4494967460632324,0.30000000000000004,7.7
11,0,0.0,1.8,2.4000000000000004,0.0791990709694515,8.1,2.9000000000000004,102.03777313232422,2.4243226051330566,1.2882102727890015,4.800000190734863,1,2.4539618492126465,0.30000000000000004,7.7
11,0,0.0,1.8,2.4000000000000004,0.0791990709694515,8.1,2.9000000000000004,102.53777313232422,2.4289915561676025,1.2662725448608398,4.800000190734863,1,2.4586308002471924,0.30000000000000004,7.7
11,0,0.0,1.8,2.4000000000000004,0.0791990709694515,8.1,2.9000000000000004,103.03777313232422,2.433866024017334,1.2442495822906494,4.800000190734863,1,2.463505268096924,0.30000000000000004,7.7
11,0,0.0,1.8,2.4000000000000004,0.0791990709694515,8.1,2.9000000000000004,103.53777313232422,2.438948392868042,1.2221373319625854,4.800000190734863,1,2.468587636947632,0.30000000000000004,7.7
11,0,0.0,1.8,2.4000000000000004,0.0791990709694515,8.1,2.9000000000000004,104.03777313232422,2.4442405700683594,1.1999319791793823,4.800000190734863,1,2.473879814147949,0.30000000000000004,7.7
11,0,0.0,1.8,2.4000000000000004,0.0791990709694515,8.1,2.9000000000000004,104.53777313232422,2.449744701385498,1.1776294708251953,4.800000190734863,1,2.479383945465088,0.30000000000000004,7.7
11,0,0.0,1.8,2.4000000000000004,0.0791990709694515,8.1,2.9000000000000004,105.03777313232422,2.455463171005249,1.1552258729934692,4.800000190734863,1,2.485102415084839,0.30000000000000004,7.7
11,0,0.0,1.8,2.4000000000000004,0.0791990709694515,8.1,2.9000000000000004,105.53777313232422,2.461398124694824,1.1327168941497803,4.800000190734863,1,2.491037368774414,0.30000000000000004,7.7
11,0,0.0,1.8,2.4000000000000004,0.0791990709694515,8.1,2.9000000000000004,106.03777313232422,2.4675519466400146,1.1100984811782837,4.800000190734863,1,2.4971911907196045,0.30000000000000004,7.7
11,0,0.0,1.8,2.4000000000000004,0.0791990709694515,8.1,2.9000000000000004,106.53777313232422,2.4739274978637695,1.0873662233352661,4.800000190734863,1,2.5035667419433594,0.30000000000000004,7.7
11,0,0.0,1.8,2.4000000000000004,0.0791990709694515,8.1,2.9000000000000004,107.03777313232422,2.480527400970459,1.0645159482955933,4.800000190734863,1,2.510166645050049,0.30000000000000004,7.7
11,0,0.0,1.8,2.4000000000000004,0.0791990709694515,8.1,2.9000000000000004,107.53777313232422,2.487354278564453,1.0415430068969727,4.800000190734863,1,2.516993522644043,0.30000000000000004,7.7
11,0,0.0,1.8,2.4000000000000004,0.0791990709694515,8.1,2.9000000000000004,108.03777313232422,2.4944112300872803,1.0184431076049805,4.800000190734863,1,2.52405047416687,0.30000000000000004,7.7
11,0,0.0,1.8,2.4000000000000004,0.0791990709694515,8.1,2.9000000000000004,108.53777313232422,2.5017011165618896,0.9952114820480347,4.800000190734863,1,2.5313403606414795,0.30000000000000004,7.7
11,0,0.0,1.8,2.4000000000000004,0.0791990709694515,8.1,2.9000000000000004,109.03777313232422,2.5092272758483887,0.9718435406684875,4.800000190734863,1,2.5388665199279785,0.30000000000000004,7.7
11,0,0.0,1.8,2.4000000000000004,0.0791990709694515,8.1,2.9000000000000004,109.53777313232422,0.0,,,0,2.5466320514678955,0.30000000000000004,7.7
11,0,0.0,1.8,2.4000000000000004,0.0791990709694515,8.1,2.9000000000000004,110.03777313232422,2.525001049041748,0.9246792197227478,4.800000190734863,1,2.554640293121338,0.30000000000000004,7.7
11,0,0.0,1.8,2.4000000000000004,0.0791990709694515,8.1,2.9000000000000004,110.53777313232422,2.5332555770874023,0.9008729457855225,4.800000190734863,1,2.562894821166992,0.30000000000000004,7.7
11,0,0.0,1.8,2.4000000000000004,0.0791990709694515,8.1,2.9000000000000004,111.03777313232422,2.541759967803955,0.8769105076789856,4.800000190734863,1,2.571399211883545,0.30000000000000004,7.7
11,0,0.0,1.8,2.4000000000000004,0.0791990709694515,8.1,2.9000000000000004,111.53777313232422,2.550518274307251,0.852786660194397,4.800000190734863,1,2.580157518386841,0.30000000000000004,7.7
11,0,0.0,1.8,2.4000000000000004,0.0791990709694515,8.1,2.9000000000000004,112.03777313232422,2.5595343112945557,0.8284960985183716,4.800000190734863,1,2.5891735553741455,0.30000000000000004,7.7
11,0,0.0,1.8,2.4000000000000004,0.0791990709694515,8.1,2.9000000000000004,112.53777313232422,2.568812131881714,0.8040332794189453,4.800000190734863,1,2.5984513759613037,0.30000000000000004,7.7
11,0,0.0,1.8,2.4000000000000004,0.0791990709694515,8.1,2.9000000000000004,113.03777313232422,2.5783560276031494,0.7793926000595093,4.800000190734863,1,2.6079952716827393,0.30000000000000004,7.7
11,0,0.0,1.8,2.4000000000000004,0.0791990709694515,8.1,2.9000000000000004,113.53777313232422,2.588170289993286,0.7545683979988098,4.800000190734863,1,2.617809534072876,0.30000000000000004,7.7
11,0,0.0,1.8,2.4000000000000004,0.0791990709694515,8.1,2.9000000000000004,114.03777313232422,0.0,,,0,2.627898931503296,0.30000000000000004,7.7
11,0,0.0,1.8,2.4000000000000004,0.0791990709694515,8.1,2.9000000000000004,114.53777313232422,2.608628749847412,0.7043455839157104,4.800000190734863,1,2.638267993927002,0.30000000000000004,7.7
11,0,0.0,1.8,2.4000000000000004,0.0791990709694515,8.1,2.9000000000000004,115.03777313232422,2.6192827224731445,0.6789347529411316,4.800000190734863,1,2.6489219665527344,0.30000000000000004,7.7
11,0,0.0,1.8,2.4000000000000004,0.0791990709694515,8.1,2.9000000000000004,115.53777313232422,2.6302261352539062,0.6533159613609314,4.800000190734863,1,2.659865379333496,0.30000000000000004,7.7
11,0,0.0,1.8,2.4000000000000004,0.0791990709694515,8.1,2.9000000000000004,116.03777313232422,2.641464948654175,0.6274825930595398,4.800000190734863,1,2.6711041927337646,0.30000000000000004,7.7
11,0,0.0,1.8,2.4000000000000004,0.0791990709694515,8.1,2.9000000000000004,116.53777313232422,0.0,,,0,2.682643175125122,0.30000000000000004,7.7
11,0,0.0,1.8,2.4000000000000004,0.0791990709694515,8.1,2.9000000000000004,117.03777313232422,2.6648495197296143,0.5751452445983887,4.800000190734863,1,2.694488763809204,0.30000000000000004,7.7
11,0,0.0,1.8,2.4000000000000004,0.0791990709694515,8.1,2.9000000000000004,117.53777313232422,2.677006959915161,0.5486274361610413,4.800000190734863,1,2.706646203994751,0.30000000000000004,7.7
11,0,0.0,1.8,2.4000000000000004,0.0791990709694515,8.1,2.9000000000000004,118.03777313232422,2.6894826889038086,0.5218671560287476,4.800000190734863,1,2.7191219329833984,0.30000000000000004,7.7
11,0,0.0,1.8,2.4000000000000004,0.0791990709694515,8.1,2.9000000000000004,118.53777313232422,2.7022829055786133,0.49485692381858826,4.800000190734863,1,2.731922149658203,0.30000000000000004,7.7
11,0,0.0,1.8,2.4000000000000004,0.0791990709694515,8.1,2.9000000000000004,119.03777313232422,2.71541428565979,0.4675891697406769,4.800000190734863,1,2.74505352973938,0.30000000000000004,7.7
11,0,0.0,1.8,2.4000000000000004,0.0791990709694515,8.1,2.9000000000000004,119.53777313232422,2.7288835048675537,0.44005587697029114,4.800000190734863,1,2.7585227489471436,0.30000000000000004,7.7
11,0,0.0,1.8,2.4000000000000004,0.0791990709694515,8.1,2.9000000000000004,120.03777313232422,2.7426979541778564,0.4122489392757416,4.800000190734863,1,2.7723371982574463,0.30000000000000004,7.7
11,0,0.0,1.8,2.4000000000000004,0.0791990709694515,8.1,2.9000000000000004,120.53777313232422,2.7293169498443604,0.3981570601463318,4.776273250579834,1,2.75895619392395,0.30000000000000004,7.7
11,0,0.0,1.8,2.4000000000000004,0.0791990709694515,8.1,2.9000000000000004,121.03777313232422,2.689202308654785,0.3981570601463318,4.729578495025635,1,2.718841552734375,0.30000000000000004,7.7
11,0,0.0,1.8,2.4000000000000004,0.0791990709694515,8.1,2.9000000000000004,121.53777313232422,2.6504385471343994,0.3981570601463318,4.684218406677246,1,2.6800777912139893,0.30000000000000004,7.7
11,0,0.0,1.8,2.4000000000000004,0.0791990709694515,8.1,2.9000000000000004,122.03777313232422,2.6129629611968994,0.3981570601463318,4.640130043029785,1,2.6426022052764893,0.30000000000000004,7.7
11,0,0.0,1.8,2.4000000000000004,0.0791990709694515,8.1,2.9000000000000004,122.53777313232422,2.576716899871826,0.3981570601463318,4.597254753112793,1,2.606356143951416,0.30000000000000004,7.7
11,0,0.0,1.8,2.4000000000000004,0.0791990709694515,8.1,2.9000000000000004,123.03777313232422,2.54164457321167,0.3981570601463318,4.555536270141602,1,2.5712838172912598,0.30000000000000004,7.7
11,0,0.0,1.8,2.4000000000000004,0.0791990709694515,8.1,2.9000000000000004,123.53777313232422,2.5076944828033447,0.3981570601463318,4.514923095703125,1,2.5373337268829346,0.30000000000000004,7.7
11,0,0.0,1.8,2.4000000000000004,0.0791990709694515,8.1,2.9000000000000004,124.03777313232422,2.4748175144195557,0.3981570601463318,4.475365161895752,1,2.5044567584991455,0.30000000000000004,7.7
11,0,0.0,1.8,2.4000000000000004,0.0791990709694515,8.1,2.9000000000000004,124.53777313232422,0.0,,,0,2.472606658935547,0.30000000000000004,7.7
11,0,0.0,1.8,2.4000000000000004,0.0791990709694515,8.1,2.9000000000000004,125.03777313232422,2.4121010303497314,0.3981570601463318,4.399232864379883,1,2.4417402744293213,0.30000000000000004,7.7
11,0,0.0,1.8,2.4000000000000004,0.0791990709694515,8.1,2.9000000000000004,125.53777313232422,2.3821768760681152,0.3981570601463318,4.362573146820068,1,2.411816120147705,0.30000000000000004,7.7
11,0,0.0,1.8,2.4000000000000004,0.0791990709694515,8.1,2.9000000000000004,126.03777313232422,2.353156805038452,0.3981570601463318,4.326798915863037,1,2.382796049118042,0.30000000000000004,7.7
11,0,0.0,1.8,2.4000000000000004,0.0791990709694515,8.1,2.9000000000000004,126.53777313232422,2.3250038623809814,0.3981570601463318,4.291872501373291,1,2.3546431064605713,0.30000000000000004,7.7
11,0,0.0,1.8,2.4000000000000004,0.0791990709694515,8.1,2.9000000000000004,127.03777313232422,2.2976837158203125,0.3981570601463318,4.257759094238281,1,2.3273229598999023,0.30000000000000004,7.7
11,0,0.0,1.8,2.4000000000000004,0.0791990709694515,8.1,2.9000000000000004,127.53777313232422,2.2711634635925293,0.3981570601463318,4.224425792694092,1,2.300802707672119,0.30000000000000004,7.7
11,0,0.0,1.8,2.4000000000000004,0.0791990709694515,8.1,2.9000000000000004,128.0377655029297,2.2454118728637695,0.3981570601463318,4.191841125488281,1,2.2750511169433594,0.30000000000000004,7.7
11,0,0.0,1.8,2.4000000000000004,0.0791990709694515,8.1,2.9000000000000004,128.5377655029297,2.220400094985962,0.3981570601463318,4.159975528717041,1,2.2500393390655518,0.30000000000000004,7.7
11,0,0.0,1.8,2.4000000000000004,0.0791990709694515,8.1,2.9000000000000004,129.0377655029297,2.1960997581481934,0.3981570601463318,4.128800392150879,1,2.225739002227783,0.30000000000000004,7.7
11,0,0.0,1.8,2.4000000000000004,0.0791990709694515,8.1,2.9000000000000004,129.5377655029297,2.1724846363067627,0.3981570601463318,4.0982890129089355,1,2.2021238803863525,0.30000000000000004,7.7
11,0,0.0,1.8,2.4000000000000004,0.0791990709694515,8.1,2.9000000000000004,130.0377655029297,2.1495296955108643,0.3981570601463318,4.068416595458984,1,2.179168939590454,0.30000000000000004,7.7
11,0,0.0,1.8,2.4000000000000004,0.0791990709694515,8.1,2.9000000000000004,130.5377655029297,2.127210855484009,0.3981570601463318,4.039157867431641,1,2.1568500995635986,0.30000000000000004,7.7
11,0,0.0,1.8,2.4000000000000004,0.0791990709694515,8.1,2.9000000000000004,131.0377655029297,2.1055054664611816,0.3981570601463318,4.010490417480469,1,2.1351447105407715,0.30000000000000004,7.7
11,0,0.0,1.8,2.4000000000000004,0.0791990709694515,8.1,2.9000000000000004,131.5377655029297,0.0,,,0,2.1140310764312744,0.30000000000000004,7.7
11,0,0.0,1.8,2.4000000000000004,0.0791990709694515,8.1,2.9000000000000004,132.0377655029297,2.063849925994873,0.3981570601463318,3.9548418521881104,1,2.093489170074463,0.30000000000000004,7.7
11,0,0.0,1.8,2.4000000000000004,0.0791990709694515,8.1,2.9000000000000004,132.5377655029297,2.0438594818115234,0.3981570601463318,3.9278197288513184,1,2.0734987258911133,0.30000000000000004,7.7
11,0,0.0,1.8,2.4000000000000004,0.0791990709694515,8.1,2.9000000000000004,133.0377655029297,2.024402141571045,0.3981570601463318,3.9013068675994873,1,2.0540413856506348,0.30000000000000004,7.7
11,0,0.0,1.8,2.4000000000000004,0.0791990709694515,8.1,2.9000000000000004,133.5377655029297,2.005460262298584,0.3981570601463318,3.8752851486206055,1,2.035099506378174,0.30000000000000004,7.7
11,0,0.0,1.8,2.4000000000000004,0.0791990709694515,8.1,2.9000000000000004,134.0377655029297,1.9870167970657349,0.3981570601463318,3.8497369289398193,1,2.016655921936035,0.30000000000000004,7.7
11,0,0.0,1.8,2.4000000000000004,0.0791990709694515,8.1,2.9000000000000004,134.5377655029297,1.9690552949905396,0.3981570601463318,3.824645757675171,1,1.9986944198608398,0.30000000000000004,7.7
11,0,0.0,1.8,2.4000000000000004,0.0791990709694515,8.1,2.9000000000000004,135.0377655029297,1.9515604972839355,0.3981570601463318,3.7999958992004395,1,1.9811996221542358,0.30000000000000004,7.7
11,0,0.0,1.8,2.4000000000000004,0.0791990709694515,8.1,2.9000000000000004,135.5377655029297,1.9345176219940186,0.3981570601463318,3.7757718563079834,1,1.9641567468643188,0.30000000000000004,7.7
11,0,0.0,1.8,2.4000000000000004,0.0791990709694515,8.1,2.9000000000000004,136.0377655029297,1.917912483215332,0.3981570601463318,3.7519590854644775,1,1.9475516080856323,0.30000000000000004,7.7
11,0,0.0,1.8,2.4000000000000004,0.0791990709694515,8.1,2.9000000000000004,136.5377655029297,1.9017316102981567,0.3981570601463318,3.728543996810913,1,1.931370735168457,0.30000000000000004,7.7
11,0,0.0,1.8,2.4000000000000004,0.0791990709694515,8.1,2.9000000000000004,137.0377655029297,1.8859620094299316,0.3981570601463318,3.7055130004882812,1,1.915601134300232,0.30000000000000004,7.7
11,0,0.0,1.8,2.4000000000000004,0.0791990709694515,8.1,2.9000000000000004,137.5377655029297,1.870591402053833,0.3981570601463318,3.6828532218933105,1,1.9002305269241333,0.30000000000000004,7.7
11,0,0.0,1.8,2.4000000000000004,0.0791990709694515,8.1,2.9000000000000004,138.0377655029297,1.8556079864501953,0.3981570601463318,3.660552740097046,1,1.8852471113204956,0.30000000000000004,7.7
11,0,0.0,1.8,2.4000000000000004,0.0791990709694515,8.1,2.9000000000000004,138.5377655029297,1.8410003185272217,0.3981570601463318,3.638599395751953,1,1.870639443397522,0.30000000000000004,7.7
11,0,0.0,1.8,2.4000000000000004,0.0791990709694515,8.1,2.9000000000000004,139.0377655029297,1.826757550239563,0.3981570601463318,3.6169819831848145,1,1.8563966751098633,0.30000000000000004,7.7
11,0,0.0,1.8,2.4000000000000004,0.0791990709694515,8.1,2.9000000000000004,139.5377655029297,1.8128693103790283,0.3981570601463318,3.595689535140991,1,1.8425084352493286,0.30000000000000004,7.7
11,0,0.0,1.8,2.4000000000000004,0.0791990709694515,8.1,2.9000000000000004,140.0377655029297,1.7993255853652954,0.3981570601463318,3.574711799621582,1,1.8289647102355957,0.30000000000000004,7.7
11,0,0.0,1.8,2.4000000000000004,0.0791990709694515,8.1,2.9000000000000004,140.5377655029297,1.7861167192459106,0.3981570601463318,3.5540387630462646,1,1.815755844116211,0.30000000000000004,7.7
11,0,0.0,1.8,2.4000000000000004,0.0791990709694515,8.1,2.9000000000000004,141.0377655029297,1.7732336521148682,0.3981570601463318,3.533660650253296,1,1.8028727769851685,0.30000000000000004,7.7
11,0,0.0,1.8,2.4000000000000004,0.0791990709694515,8.1,2.9000000000000004,141.5377655029297,1.7606674432754517,0.3981570601463318,3.513568162918091,1,1.790306568145752,0.30000000000000004,7.7
11,0,0.0,1.8,2.4000000000000004,0.0791990709694515,8.1,2.9000000000000004,142.0377655029297,1.748409628868103,0.3981570601463318,3.4937522411346436,1,1.7780487537384033,0.30000000000000004,7.7
11,0,0.0,1.8,2.4000000000000004,0.0791990709694515,8.1,2.9000000000000004,142.5377655029297,1.7364522218704224,0.3981570601463318,3.4742043018341064,1,1.7660913467407227,0.30000000000000004,7.7
11,0,0.0,1.8,2.4000000000000004,0.0791990709694515,8.1,2.9000000000000004,143.0377655029297,1.7247872352600098,0.3981570601463318,3.45491623878479,1,1.75442636013031,0.30000000000000004,7.7
11,0,0.0,1.8,2.4000000000000004,0.0791990709694515,8.1,2.9000000000000004,143.5377655029297,1.7134071588516235,0.3981570601463318,3.435879707336426,1,1.7430462837219238,0.30000000000000004,7.7
11,0,0.0,1.8,2.4000000000000004,0.0791990709694515,8.1,2.9000000000000004,144.0377655029297,1.7023048400878906,0.3981570601463318,3.4170870780944824,1,1.731943964958191,0.30000000000000004,7.7
11,0,0.0,1.8,2.4000000000000004,0.0791990709694515,8.1,2.9000000000000004,144.5377655029297,1.691473364830017,0.3981570601463318,3.398531198501587,1,1.7211124897003174,0.30000000000000004,7.7
11,0,0.0,1.8,2.4000000000000004,0.0791990709694515,8.1,2.9000000000000004,145.0377655029297,1.6809059381484985,0.3981570601463318,3.380204439163208,1,1.7105450630187988,0.30000000000000004,7.7
11,0,0.0,1.8,2.4000000000000004,0.0791990709694515,8.1,2.9000000000000004,145.5377655029297,1.6705961227416992,0.3981570601463318,3.3620998859405518,1,1.7002352476119995,0.30000000000000004,7.7
11,0,0.0,1.8,2.4000000000000004,0.0791990709694515,8.1,2.9000000000000004,146.0377655029297,1.660537838935852,0.3981570601463318,3.3442108631134033,1,1.6901769638061523,0.30000000000000004,7.7
11,0,0.0,1.8,2.4000000000000004,0.0791990709694515,8.1,2.9000000000000004,146.5377655029297,1.65072500705719,0.3981570601463318,3.326531171798706,1,1.6803641319274902,0.30000000000000004,7.7
11,0,0.0,1.8,2.4000000000000004,0.0791990709694515,8.1,2.9000000000000004,147.0377655029297,1.641152024269104,0.3981570601463318,3.309054136276245,1,1.6707911491394043,0.30000000000000004,7.7
11,0,0.0,1.8,2.4000000000000004,0.0791990709694515,8.1,2.9000000000000004,147.5377655029297,1.6318132877349854,0.3981570601463318,3.291773796081543,1,1.6614524126052856,0.30000000000000004,7.7
11,0,0.0,1.8,2.4000000000000004,0.0791990709694515,8.1,2.9000000000000004,148.0377655029297,1.6227034330368042,0.3981570601463318,3.274684190750122,1,1.6523425579071045,0.30000000000000004,7.7
11,0,0.0,1.8,2.4000000000000004,0.0791990709694515,8.1,2.9000000000000004,148.5377655029297,1.613817572593689,0.3981570601463318,3.257779836654663,1,1.6434566974639893,0.30000000000000004,7.7
11,0,0.0,1.8,2.4000000000000004,0.0791990709694515,8.1,2.9000000000000004,149.0377655029297,1.6051504611968994,0.3981570601463318,3.2410547733306885,1,1.6347895860671997,0.30000000000000004,7.7
11,0,0.0,1.8,2.4000000000000004,0.0791990709694515,8.1,2.9000000000000004,149.5377655029297,1.5966975688934326,0.3981570601463318,3.224504232406616,1,1.626336693763733,0.30000000000000004,7.7
11,0,0.0,1.8,2.4000000000000004,0.0791990709694515,8.1,2.9000000000000004,150.0377655029297,1.5884541273117065,0.3981570601463318,3.208122730255127,1,1.6180932521820068,0.30000000000000004,7.7
11,0,0.0,1.8,2.4000000000000004,0.0791990709694515,8.1,2.9000000000000004,150.5377655029297,1.580415964126587,0.3981570601463318,3.1919050216674805,1,1.6100550889968872,0.30000000000000004,7.7
11,0,0.0,1.8,2.4000000000000004,0.0791990709694515,8.1,2.9000000000000004,151.0377655029297,1.5725785493850708,0.3981570601463318,3.175846576690674,1,1.602217674255371,0.30000000000000004,7.7
11,0,0.0,1.8,2.4000000000000004,0.0791990709694515,8.1,2.9000000000000004,151.5377655029297,1.564937949180603,0.3981570601463318,3.159942388534546,1,1.5945770740509033,0.30000000000000004,7.7
11,0,0.0,1.8,2.4000000000000004,0.0791990709694515,8.1,2.9000000000000004,152.0377655029297,1.5574902296066284,0.3981570601463318,3.144188165664673,1,1.5871293544769287,0.30000000000000004,7.7
11,0,0.0,1.8,2.4000000000000004,0.0791990709694515,8.1,2.9000000000000004,152.5377655029297,1.5502314567565918,0.3981570601463318,3.1285791397094727,1,1.579870581626892,0.30000000000000004,7.7
11,0,0.0,1.8,2.4000000000000004,0.0791990709694515,8.1,2.9000000000000004,153.0377655029297,1.5431580543518066,0.3981570601463318,3.1131110191345215,1,1.572797179222107,0.30000000000000004,7.7
11,0,0.0,1.8,2.4000000000000004,0.0791990709694515,8.1,2.9000000000000004,153.5377655029297,1.5362663269042969,0.3981570601463318,3.0977795124053955,1,1.5659054517745972,0.30000000000000004,7.7
11,0,0.0,1.8,2.4000000000000004,0.0791990709694515,8.1,2.9000000000000004,154.0377655029297,1.5295530557632446,0.3981570601463318,3.082580804824829,1,1.559192180633545,0.30000000000000004,7.7
11,0,0.0,1.8,2.4000000000000004,0.0791990709694515,8.1,2.9000000000000004,154.5377655029297,1.523014783859253,0.3981570601463318,3.0675106048583984,1,1.5526539087295532,0.30000000000000004,7.7
11,0,0.0,1.8,2.4000000000000004,0.0791990709694515,8.1,2.9000000000000004,155.0377655029297,1.5166484117507935,0.3981570601463318,3.052565336227417,1,1.5462875366210938,0.30000000000000004,7.7
11,0,0.0,1.8,2.4000000000000004,0.0791990709694515,8.1,2.9000000000000004,155.5377655029297,1.510450839996338,0.3981570601463318,3.03774094581604,1,1.5400899648666382,0.30000000000000004,7.7
11,0,0.0,1.8,2.4000000000000004,0.0791990709694515,8.1,2.9000000000000004,156.0377655029297,1.5044190883636475,0.3981570601463318,3.023033618927002,1,1.5340582132339478,0.30000000000000004,7.7
11,0,0.0,1.8,2.4000000000000004,0.0791990709694515,8.1,2.9000000000000004,156.5377655029297,1.498550295829773,0.3981570601463318,3.0084400177001953,1,1.5281894207000732,0.30000000000000004,7.7
11,0,0.0,1.8,2.4000000000000004,0.0791990709694515,8.1,2.9000000000000004,157.0377655029297,1.4928418397903442,0.3981570601463318,2.9939565658569336,1,1.5224809646606445,0.30000000000000004,7.7
11,0,0.0,1.8,2.4000000000000004,0.0791990709694515,8.1,2.9000000000000004,157.5377655029297,1.487290859222412,0.3981570601463318,2.9795799255371094,1,1.5169299840927124,0.30000000000000004,7.7
11,0,0.0,1.8,2.4000000000000004,0.0791990709694515,8.1,2.9000000000000004,158.0377655029297,1.4818949699401855,0.3981570601463318,2.965306520462036,1,1.5115340948104858,0.30000000000000004,7.7
11,0,0.0,1.8,2.4000000000000004,0.0791990709694515,8.1,2.9000000000000004,158.5377655029297,1.4766515493392944,0.3981570601463318,2.9511332511901855,1,1.5062906742095947,0.30000000000000004,7.7
11,0,0.0,1.8,2.4000000000000004,0.0791990709694515,8.1,2.9000000000000004,159.0377655029297,1.4715583324432373,0.3981570601463318,2.9370570182800293,1,1.5011974573135376,0.30000000000000004,7.7
11,0,0.0,1.8,2.4000000000000004,0.0791990709694515,8.1,2.9000000000000004,159.5377655029297,1.4666130542755127,0.3981570601463318,2.92307448387146,1,1.496252179145813,0.30000000000000004,7.7
11,0,0.0,1.8,2.4000000000000004,0.0791990709694515,8.1,2.9000000000000004,160.0377655029297,1.4618134498596191,0.3981570601463318,2.9091827869415283,1,1.4914525747299194,0.30000000000000004,7.7
11,0,0.0,1.8,2.4000000000000004,0.0791990709694515,8.1,2.9000000000000004,160.5377655029297,0.0,,,0,1.486796498298645,0.30000000000000004,7.7
11,0,0.0,1.8,2.4000000000000004,0.0791990709694515,8.1,2.9000000000000004,161.0377655029297,1.452642798423767,0.3981570601463318,2.881659746170044,1,1.4822819232940674,0.30000000000000004,7.7
11,0,0.0,1.8,2.4000000000000004,0.0791990709694515,8.1,2.9000000000000004,161.5377655029297,1.4482678174972534,0.3981570601463318,2.8680226802825928,1,1.4779069423675537,0.30000000000000004,7.7
11,0,0.0,1.8,2.4000000000000004,0.0791990709694515,8.1,2.9000000000000004,162.0377655029297,1.4440304040908813,0.3981570601463318,2.8544647693634033,1,1.4736695289611816,0.30000000000000004,7.7
11,0,0.0,1.8,2.4000000000000004,0.0791990709694515,8.1,2.9000000000000004,162.5377655029297,1.4399288892745972,0.3981570601463318,2.8409836292266846,1,1.4695680141448975,0.30000000000000004,7.7
11,0,0.0,1.8,2.4000000000000004,0.0791990709694515,8.1,2.9000000000000004,163.0377655029297,1.435961365699768,0.3981570601463318,2.827576160430908,1,1.4656004905700684,0.30000000000000004,7.7
11,0,0.0,1.8,2.4000000000000004,0.0791990709694515,8.1,2.9000000000000004,163.5377655029297,1.4321262836456299,0.3981570601463318,2.814239740371704,1,1.4617654085159302,0.30000000000000004,7.7
11,0,0.0,1.8,2.4000000000000004,0.0791990709694515,8.1,2.9000000000000004,164.0377655029297,1.428421974182129,0.3981570601463318,2.8009719848632812,1,1.4580610990524292,0.30000000000000004,7.7
11,0,0.0,1.8,2.4000000000000004,0.0791990709694515,8.1,2.9000000000000004,164.5377655029297,1.424846887588501,0.3981570601463318,2.7877702713012695,1,1.4544860124588013,0.30000000000000004,7.7
11,0,0.0,1.8,2.4000000000000004,0.0791990709694515,8.1,2.9000000000000004,165.0377655029297,1.421399474143982,0.3981570601463318,2.774632453918457,1,1.4510385990142822,0.30000000000000004,7.7
11,0,0.0,1.8,2.4000000000000004,0.0791990709694515,8.1,2.9000000000000004,165.5377655029297,1.4180784225463867,0.3981570601463318,2.7615554332733154,1,1.447717547416687,0.30000000000000004,7.7
11,0,0.0,1.8,2.4000000000000004,0.0791990709694515,8.1,2.9000000000000004,166.0377655029297,1.4148821830749512,0.3981570601463318,2.748537302017212,1,1.4445213079452515,0.30000000000000004,7.7
11,0,0.0,1.8,2.4000000000000004,0.0791990709694515,8.1,2.9000000000000004,166.5377655029297,1.4118096828460693,0.3981570601463318,2.7355754375457764,1,1.4414488077163696,0.30000000000000004,7.7
11,0,0.0,1.8,2.4000000000000004,0.0791990709694515,8.1,2.9000000000000004,167.0377655029297,1.408859372138977,0.3981570601463318,2.722667694091797,1,1.4384984970092773,0.30000000000000004,7.7
11,0,0.0,1.8,2.4000000000000004,0.0791990709694515,8.1,2.9000000000000004,167.5377655029297,1.4060304164886475,0.3981570601463318,2.7098116874694824,1,1.4356695413589478,0.30000000000000004,7.7
11,0,0.0,1.8,2.4000000000000004,0.0791990709694515,8.1,2.9000000000000004,168.0377655029297,1.403321385383606,0.3981570601463318,2.697005033493042,1,1.4329605102539062,0.30000000000000004,7.7
11,0,0.0,1.8,2.4000000000000004,0.0791990709694515,8.1,2.9000000000000004,168.5377655029297,1.4007312059402466,0.3981570601463318,2.6842458248138428,1,1.4303703308105469,0.30000000000000004,7.7
11,0,0.0,1.8,2.4000000000000004,0.0791990709694515,8.1,2.9000000000000004,169.0377655029297,1.3982590436935425,0.3981570601463318,2.6715316772460938,1,1.4278981685638428,0.30000000000000004,7.7
11,0,0.0,1.8,2.4000000000000004,0.0791990709694515,8.1,2.9000000000000004,169.5377655029297,1.3959037065505981,0.3981570601463318,2.658860445022583,1,1.4255428314208984,0.30000000000000004,7.7
11,0,0.0,1.8,2.4000000000000004,0.0791990709694515,8.1,2.9000000000000004,170.0377655029297,1.3936643600463867,0.3981570601463318,2.6462299823760986,1,1.423303484916687,0.30000000000000004,7.7
11,0,0.0,1.8,2.4000000000000004,0.0791990709694515,8.1,2.9000000000000004,170.5377655029297,1.3915401697158813,0.3981570601463318,2.6336381435394287,1,1.4211792945861816,0.30000000000000004,7.7
11,0,0.0,1.8,2.4000000000000004,0.0791990709694515,8.1,2.9000000000000004,171.0377655029297,1.389530062675476,0.3981570601463318,2.6210827827453613,1,1.4191691875457764,0.30000000000000004,7.7
11,0,0.0,1.8,2.4000000000000004,0.0791990709694515,8.1,2.9000000000000004,171.5377655029297,1.3876335620880127,0.3981570601463318,2.6085622310638428,1,1.417272686958313,0.30000000000000004,7.7
11,0,0.0,1.8,2.4000000000000004,0.0791990709694515,8.1,2.9000000000000004,172.0377655029297,1.3858497142791748,0.3981570601463318,2.596073865890503,1,1.415488839149475,0.30000000000000004,7.7
11,0,0.0,1.8,2.4000000000000004,0.0791990709694515,8.1,2.9000000000000004,172.5377655029297,1.3841779232025146,0.3981570601463318,2.583616018295288,1,1.413817048072815,0.30000000000000004,7.7
11,0,0.0,1.8,2.4000000000000004,0.0791990709694515,8.1,2.9000000000000004,173.0377655029297,1.3826173543930054,0.3981570601463318,2.5711865425109863,1,1.4122564792633057,0.30000000000000004,7.7
11,0,0.0,1.8,2.4000000000000004,0.0791990709694515,8.1,2.9000000000000004,173.5377655029297,1.3811677694320679,0.3981570601463318,2.558783769607544,1,1.4108068943023682,0.30000000000000004,7.7
11,0,0.0,1.8,2.4000000000000004,0.0791990709694515,8.1,2.9000000000000004,174.0377655029297,1.3798282146453857,0.3981570601463318,2.54640531539917,1,1.409467339515686,0.30000000000000004,7.7
11,0,0.0,1.8,2.4000000000000004,0.0791990709694515,8.1,2.9000000000000004,174.5377655029297,1.3785984516143799,0.3981570601463318,2.5340495109558105,1,1.4082375764846802,0.30000000000000004,7.7
11,0,0.0,1.8,2.4000000000000004,0.0791990709694515,8.1,2.9000000000000004,175.0377655029297,1.377477765083313,0.3981570601463318,2.521714210510254,1,1.4071168899536133,0.30000000000000004,7.7
11,0,0.0,1.8,2.4000000000000004,0.0791990709694515,8.1,2.9000000000000004,175.5377655029297,1.376465916633606,0.3981570601463318,2.509397506713867,1,1.4061050415039062,0.30000000000000004,7.7
11,0,0.0,1.8,2.4000000000000004,0.0791990709694515,8.1,2.9000000000000004,176.0377655029297,1.3755625486373901,0.3981570601463318,2.4970977306365967,1,1.4052016735076904,0.30000000000000004,7.7
11,0,0.0,1.8,2.4000000000000004,0.0791990709694515,8.1,2.9000000000000004,176.5377655029297,1.3747670650482178,0.3981570601463318,2.4848127365112305,1,1.404406189918518,0.30000000000000004,7.7
11,0,0.0,1.8,2.4000000000000004,0.0791990709694515,8.1,2.9000000000000004,177.0377655029297,1.3740794658660889,0.3981570601463318,2.472540855407715,1,1.4037185907363892,0.30000000000000004,7.7
11,0,0.0,1.8,2.4000000000000004,0.0791990709694515,8.1,2.9000000000000004,177.5377655029297,1.3734992742538452,0.3981570601463318,2.460279941558838,1,1.4031383991241455,0.30000000000000004,7.7
11,0,0.0,1.8,2.4000000000000004,0.0791990709694515,8.1,2.9000000000000004,178.0377655029297,1.3730263710021973,0.3981570601463318,2.448028087615967,1,1.4026654958724976,0.30000000000000004,7.7
11,0,0.0,1.8,2.4000000000000004,0.0791990709694515,8.1,2.9000000000000004,178.5377655029297,1.372660517692566,0.3981570601463318,2.435783863067627,1,1.4022996425628662,0.30000000000000004,7.7
11,0,0.0,1.8,2.4000000000000004,0.0791990709694515,8.1,2.9000000000000004,179.0377655029297,1.3724015951156616,0.3981570601463318,2.4235448837280273,1,1.402040719985962,0.30000000000000004,7.7
11,0,0.0,1.8,2.4000000000000004,0.0791990709694515,8.1,2.9000000000000004,179.5377655029297,1.3722494840621948,0.3981570601463318,2.4113094806671143,1,1.4018886089324951,0.30000000000000004,7.7
11,0,0.0,1.8,2.4000000000000004,0.0791990709694515,8.1,2.9000000000000004,180.0377655029297,1.3722041845321655,0.3981570601463318,2.399075746536255,1,1.4018433094024658,0.30000000000000004,7.7
11,0,0.0,1.8,2.4000000000000004,0.0791990709694515,8.1,2.9000000000000004,180.5377655029297,1.3722655773162842,0.3981570601463318,2.3868420124053955,1,1.4019047021865845,0.30000000000000004,7.7
11,0,0.0,1.8,2.4000000000000004,0.0791990709694515,8.1,2.9000000000000004,181.0377655029297,1.3724337816238403,0.3981570601463318,2.3746063709259033,1,1.4020729064941406,0.30000000000000004,7.7
11,0,0.0,1.8,2.4000000000000004,0.0791990709694515,8.1,2.9000000000000004,181.5377655029297,1.3727089166641235,0.3981570601463318,2.3623666763305664,1,1.4023480415344238,0.30000000000000004,7.7
11,0,0.0,1.8,2.4000000000000004,0.0791990709694515,8.1,2.9000000000000004,182.0377655029297,1.3730908632278442,0.3981570601463318,2.350121259689331,1,1.4027299880981445,0.30000000000000004,7.7
11,0,0.0,1.8,2.4000000000000004,0.0791990709694515,8.1,2.9000000000000004,182.5377655029297,1.373579978942871,0.3981570601463318,2.3378682136535645,1,1.4032191038131714,0.30000000000000004,7.7
11,0,0.0,1.8,2.4000000000000004,0.0791990709694515,8.1,2.9000000000000004,183.0377655029297,1.3741765022277832,0.3981570601463318,2.325605869293213,1,1.4038156270980835,0.30000000000000004,7.7
11,0,0.0,1.8,2.4000000000000004,0.0791990709694515,8.1,2.9000000000000004,183.5377655029297,1.374880313873291,0.3981570601463318,2.3133318424224854,1,1.4045194387435913,0.30000000000000004,7.7
11,0,0.0,1.8,2.4000000000000004,0.0791990709694515,8.1,2.9000000000000004,184.0377655029297,1.3756921291351318,0.3981570601463318,2.3010449409484863,1,1.4053312540054321,0.30000000000000004,7.7
11,1,0.0,8.1,2.9000000000000004,1.4959364790841296,8.4,6.9,265.7108459472656,4.422482013702393,7.770671367645264,-1.4910469055175781,1,4.403379440307617,0.30000000000000004,7.7
11,1,0.0,8.1,2.9000000000000004,1.4959364790841296,8.4,6.9,266.2108459472656,4.419769287109375,7.8091816902160645,-1.4910469055175781,1,4.4006667137146,0.30000000000000004,7.7
11,1,0.0,8.1,2.9000000000000004,1.4959364790841296,8.4,6.9,266.7108459472656,4.417394638061523,7.847647666931152,-1.4910469055175781,1,4.398292064666748,0.30000000000000004,7.7
11,1,0.0,8.1,2.9000000000000004,1.4959364790841296,8.4,6.9,267.2108459472656,4.41535758972168,7.886075019836426,-1.4910469055175781,1,4.396255016326904,0.30000000000000004,7.7
11,1,0.0,8.1,2.9000000000000004,1.4959364790841296,8.4,6.9,267.7108459472656,4.413656234741211,7.924469947814941,-1.4910469055175781,1,4.3945536613464355,0.30000000000000004,7.7
11,1,0.0,8.1,2.9000000000000004,1.4959364790841296,8.4,6.9,268.2108459472656,4.412291049957275,7.9628376960754395,-1.4910469055175781,1,4.3931884765625,0.30000000000000004,7.7
11,1,0.0,8.1,2.9000000000000004,1.4959364790841296,8.4,6.9,268.7108459472656,4.411261081695557,8.001184463500977,-1.4910469055175781,1,4.392158508300781,0.30000000000000004,7.7
11,1,0.0,8.1,2.9000000000000004,1.4959364790841296,8.4,6.9,269.2108459472656,0.0,,,0,4.391463279724121,0.30000000000000004,7.7
11,1,0.0,8.1,2.9000000000000004,1.4959364790841296,8.4,6.9,269.7108459472656,4.410205364227295,8.077839851379395,-1.4910469055175781,1,4.3911027908325195,0.30000000000000004,7.7
11,1,0.0,8.1,2.9000000000000004,1.4959364790841296,8.4,6.9,270.2108459472656,4.410179138183594,8.116159439086914,-1.4910469055175781,1,4.391076564788818,0.30000000000000004,7.7
11,1,0.0,8.1,2.9000000000000004,1.4959364790841296,8.4,6.9,270.7108459472656,4.410487651824951,8.154480934143066,-1.4910469055175781,1,4.391385078430176,0.30000000000000004,7.7
11,1,0.0,8.1,2.9000000000000004,1.4959364790841296,8.4,6.9,271.2108459472656,4.411130428314209,8.192811012268066,-1.4910469055175781,1,4.392027854919434,0.30000000000000004,7.7
11,1,0.0,8.1,2.9000000000000004,1.4959364790841296,8.4,6.9,271.7108459472656,4.412107944488525,8.231155395507812,-1.4910469055175781,1,4.39300537109375,0.30000000000000004,7.7
11,1,0.0,8.1,2.9000000000000004,1.4959364790841296,8.4,6.9,272.2108459472656,0.0,,,0,4.394318103790283,0.30000000000000004,7.7
11,1,0.0,8.1,2.9000000000000004,1.4959364790841296,8.4,6.9,272.7108459472656,4.415068626403809,8.307909965515137,-1.4910469055175781,1,4.395966053009033,0.30000000000000004,7.7
11,1,0.0,8.1,2.9000000000000004,1.4959364790841296,8.4,6.9,273.2108459472656,4.417053699493408,8.346331596374512,-1.4910469055175781,1,4.397951126098633,0.30000000000000004,7.7
11,1,0.0,8.1,2.9000000000000004,1.4959364790841296,8.4,6.9,273.7108459472656,4.419374942779541,8.384791374206543,-1.4910469055175781,1,4.400272369384766,0.30000000000000004,7.7
11,1,0.0,8.1,2.9000000000000004,1.4959364790841296,8.4,6.9,274.2108459472656,4.422034740447998,8.423294067382812,-1.4910469055175781,1,4.402932167053223,0.30000000000000004,7.7
11,1,0.0,8.1,2.9000000000000004,1.4959364790841296,8.4,6.9,274.7108459472656,4.4250335693359375,8.461846351623535,-1.4910469055175781,1,4.405930995941162,0.30000000000000004,7.7
11,1,0.0,8.1,2.9000000000000004,1.4959364790841296,8.4,6.9,275.2108459472656,4.428371906280518,8.500454902648926,-1.4910469055175781,1,4.409269332885742,0.30000000000000004,7.7
11,1,0.0,8.1,2.9000000000000004,1.4959364790841296,8.4,6.9,275.7108459472656,4.432052135467529,8.539124488830566,-1.4910469055175781,1,4.412949562072754,0.30000000000000004,7.7
11,1,0.0,8.1,2.9000000000000004,1.4959364790841296,8.4,6.9,276.2108459472656,4.436074733734131,8.577861785888672,-1.4910469055175781,1,4.4169721603393555,0.30000000000000004,7.7
11,1,0.0,8.1,2.9000000000000004,1.4959364790841296,8.4,6.9,276.7108459472656,4.440442085266113,8.61667251586914,-1.4910469055175781,1,4.421339511871338,0.30000000000000004,7.7
11,1,0.0,8.1,2.9000000000000004,1.4959364790841296,8.4,6.9,277.2108459472656,4.445155143737793,8.655562400817871,-1.4910469055175781,1,4.426052570343018,0.30000000000000004,7.7
11,1,0.0,8.1,2.9000000000000004,1.4959364790841296,8.4,6.9,277.7108459472656,4.450216293334961,8.694539070129395,-1.4910469055175781,1,4.4311137199401855,0.30000000000000004,7.7
11,1,0.0,8.1,2.9000000000000004,1.4959364790841296,8.4,6.9,278.2108459472656,4.45562744140625,8.73360824584961,-1.4910469055175781,1,4.436524868011475,0.30000000000000004,7.7
11,1,0.0,8.1,2.9000000000000004,1.4959364790841296,8.4,6.9,278.7108459472656,4.461390018463135,8.772775650024414,-1.4910469055175781,1,4.442287445068359,0.30000000000000004,7.7
11,1,0.0,8.1,2.9000000000000004,1.4959364790841296,8.4,6.9,279.2108459472656,4.467507362365723,8.812047958374023,-1.4910469055175781,1,4.448404788970947,0.30000000000000004,7.7
11,1,0.0,8.1,2.9000000000000004,1.4959364790841296,8.4,6.9,279.7108459472656,4.473980903625488,8.851430892944336,-1.4910469055175781,1,4.454878330230713,0.30000000000000004,7.7
11,1,0.0,8.1,2.9000000000000004,1.4959364790841296,8.4,6.9,280.2108459472656,4.480813980102539,8.890932083129883,-1.4910469055175781,1,4.461711406707764,0.30000000000000004,7.7
11,1,0.0,8.1,2.9000000000000004,1.4959364790841296,8.4,6.9,280.7108459472656,4.488008499145508,8.930558204650879,-1.4910469055175781,1,4.468905925750732,0.30000000000000004,7.7
11,1,0.0,8.1,2.9000000000000004,1.4959364790841296,8.4,6.9,281.2108459472656,4.495567798614502,8.970314979553223,-1.4910469055175781,1,4.476465225219727,0.30000000000000004,7.7
11,1,0.0,8.1,2.9000000000000004,1.4959364790841296,8.4,6.9,281.7108459472656,4.503494739532471,9.010209083557129,-1.4910469055175781,1,4.484392166137695,0.30000000000000004,7.7
11,1,0.0,8.1,2.9000000000000004,1.4959364790841296,8.4,6.9,282.2108459472656,4.5117926597595215,9.050248146057129,-1.4910469055175781,1,4.492690086364746,0.30000000000000004,7.7
11,1,0.0,8.1,2.9000000000000004,1.4959364790841296,8.4,6.9,282.7108459472656,4.520464897155762,9.090438842773438,-1.4910469055175781,1,4.501362323760986,0.30000000000000004,7.7
11,1,0.0,8.1,2.9000000000000004,1.4959364790841296,8.4,6.9,283.2108459472656,0.0,,,0,4.510412216186523,0.30000000000000004,7.7
11,1,0.0,8.1,2.9000000000000004,1.4959364790841296,8.4,6.9,283.7108459472656,4.53894567489624,9.171302795410156,-1.4910469055175781,1,4.519843101501465,0.30000000000000004,7.7
11,1,0.0,8.1,2.9000000000000004,1.4959364790841296,8.4,6.9,284.2108459472656,4.54876184463501,9.211990356445312,-1.4910469055175781,1,4.529659271240234,0.30000000000000004,7.7
11,1,0.0,8.1,2.9000000000000004,1.4959364790841296,8.4,6.9,284.7108459472656,4.558967590332031,9.25285816192627,-1.4910469055175781,1,4.539865016937256,0.30000000000000004,7.7
11,1,0.0,8.1,2.9000000000000004,1.4959364790841296,8.4,6.9,285.2108459472656,4.56956672668457,9.293913841247559,-1.4910469055175781,1,4.550464153289795,0.30000000000000004,7.7
11,1,0.0,8.1,2.9000000000000004,1.4959364790841296,8.4,6.9,285.7108459472656,7.394649505615234,10.09717082977295,-4.199999809265137,1,7.375546932220459,0.30000000000000004,7.7
11,1,0.0,8.1,2.9000000000000004,1.4959364790841296,8.4,6.9,286.2108459472656,7.41308069229126,10.16419792175293,-4.199999809265137,1,7.393978118896484,0.30000000000000004,7.7
11,1,0.0,8.1,2.9000000000000004,1.4959364790841296,8.4,6.9,286.7108459472656,7.432170867919922,10.2315673828125,-4.199999809265137,1,7.4130682945251465,0.30000000000000004,7.7
11,1,0.0,8.1,2.9000000000000004,1.4959364790841296,8.4,6.9,287.2108459472656,7.4519267082214355,10.29928970336914,-4.199999809265137,1,7.43282413482666,0.30000000000000004,7.7
11,1,0.0,8.1,2.9000000000000004,1.4959364790841296,8.4,6.9,287.7108459472656,7.472357749938965,10.367380142211914,-4.199999809265137,1,7.4532551765441895,0.30000000000000004,7.7
11,1,0.0,8.1,2.9000000000000004,1.4959364790841296,8.4,6.9,288.2108459472656,7.493472099304199,10.435851097106934,-4.199999809265137,1,7.474369525909424,0.30000000000000004,7.7
11,1,0.0,8.1,2.9000000000000004,1.4959364790841296,8.4,6.9,288.7108459472656,0.0,,,0,7.496176242828369,0.30000000000000004,7.7
11,1,0.0,8.1,2.9000000000000004,1.4959364790841296,8.4,6.9,289.2108459472656,0.0,,,0,7.5186848640441895,0.30000000000000004,7.7
11,1,0.0,8.1,2.9000000000000004,1.4959364790841296,8.4,6.9,289.7108459472656,7.561007499694824,10.643684387207031,-4.199999809265137,1,7.541904926300049,0.30000000000000004,7.7
11,1,0.0,8.1,2.9000000000000004,1.4959364790841296,8.4,6.9,290.2108459472656,7.584949493408203,10.713817596435547,-4.199999809265137,1,7.565846920013428,0.30000000000000004,7.7
11,1,0.0,8.1,2.9000000000000004,1.4959364790841296,8.4,6.9,290.7108459472656,7.609623908996582,10.784402847290039,-4.199999809265137,1,7.590521335601807,0.30000000000000004,7.7
11,1,0.0,8.1,2.9000000000000004,1.4959364790841296,8.4,6.9,291.2108459472656,7.6350417137146,10.85545539855957,-4.199999809265137,1,7.615939140319824,0.30000000000000004,7.7
11,1,0.0,8.1,2.9000000000000004,1.4959364790841296,8.4,6.9,291.7108459472656,7.661214351654053,10.926990509033203,-4.199999809265137,1,7.642111778259277,0.30000000000000004,7.7
11,1,0.0,8.1,2.9000000000000004,1.4959364790841296,8.4,6.9,292.2108459472656,7.6881537437438965,10.999024391174316,-4.199999809265137,1,7.669051170349121,0.30000000000000004,7.7
11,1,0.0,8.1,2.9000000000000004,1.4959364790841296,8.4,6.9,292.7108459472656,4.7792253494262695,9.93779182434082,-1.4910469055175781,1,4.760122776031494,0.30000000000000004,7.7
11,1,0.0,8.1,2.9000000000000004,1.4959364790841296,8.4,6.9,293.2108459472656,4.7968573570251465,9.982989311218262,-1.4910469055175781,1,4.777754783630371,0.30000000000000004,7.7
11,1,0.0,8.1,2.9000000000000004,1.4959364790841296,8.4,6.9,293.7108459472656,4.814986705780029,10.028526306152344,-1.4910469055175781,1,4.795884132385254,0.30000000000000004,7.7
11,1,0.0,8.1,2.9000000000000004,1.4959364790841296,8.4,6.9,294.2108459472656,4.833622455596924,10.074414253234863,-1.4910469055175781,1,4.814519882202148,0.30000000000000004,7.7
11,1,0.0,8.1,2.9000000000000004,1.4959364790841296,8.4,6.9,294.7108459472656,4.852773189544678,10.120662689208984,-1.4910469055175781,1,4.833670616149902,0.30000000000000004,7.7
11,1,0.0,8.1,2.9000000000000004,1.4959364790841296,8.4,6.9,295.2108459472656,4.872447967529297,10.167284965515137,-1.4910469055175781,1,4.8533453941345215,0.30000000000000004,7.7
11,1,0.0,8.1,2.9000000000000004,1.4959364790841296,8.4,6.9,295.7108459472656,4.892655849456787,10.214292526245117,-1.4910469055175781,1,4.873553276062012,0.30000000000000004,7.7
11,1,0.0,8.1,2.9000000000000004,1.4959364790841296,8.4,6.9,296.2108459472656,4.913407325744629,10.261695861816406,-1.4910469055175781,1,4.8943047523498535,0.30000000000000004,7.7
11,1,0.0,8.1,2.9000000000000004,1.4959364790841296,8.4,6.9,296.7108459472656,4.9347124099731445,10.309508323669434,-1.4910469055175781,1,4.915609836578369,0.30000000000000004,7.7
11,1,0.0,8.1,2.9000000000000004,1.4959364790841296,8.4,6.9,297.2108459472656,0.0,,,0,4.937478542327881,0.30000000000000004,7.7
11,1,0.0,8.1,2.9000000000000004,1.4959364790841296,8.4,6.9,297.7108459472656,4.979024887084961,10.406412124633789,-1.4910469055175781,1,4.9599223136901855,0.30000000000000004,7.7
11,1,0.0,8.1,2.9000000000000004,1.4959364790841296,8.4,6.9,298.2108459472656,5.002054691314697,10.45552921295166,-1.4910469055175781,1,4.982952117919922,0.30000000000000004,7.7
11,1,0.0,8.1,2.9000000000000004,1.4959364790841296,8.4,6.9,298.7108459472656,5.02568244934082,10.505108833312988,-1.4910469055175781,1,5.006579875946045,0.30000000000000004,7.7
11,1,0.0,8.1,2.9000000000000004,1.4959364790841296,8.4,6.9,299.2108459472656,5.049920082092285,10.555164337158203,-1.4910469055175781,1,5.03081750869751,0.30000000000000004,7.7
11,1,0.0,8.1,2.9000000000000004,1.4959364790841296,8.4,6.9,299.7108459472656,5.074780464172363,10.605710983276367,-1.4910469055175781,1,5.055677890777588,0.30000000000000004,7.7
11,1,0.0,8.1,2.9000000000000004,1.4959364790841296,8.4,6.9,300.2108459472656,5.100276947021484,10.656763076782227,-1.4910469055175781,1,5.081174373626709,0.30000000000000004,7.7
11,1,0.0,8.1,2.9000000000000004,1.4959364790841296,8.4,6.9,300.7108459472656,5.12642240524292,10.708337783813477,-1.4910469055175781,1,5.1073198318481445,0.30000000000000004,7.7
11,1,0.0,8.1,2.9000000000000004,1.4959364790841296,8.4,6.9,301.2108459472656,5.153231620788574,10.760448455810547,-1.4910469055175781,1,5.134129047393799,0.30000000000000004,7.7
11,1,0.0,8.1,2.9000000000000004,1.4959364790841296,8.4,6.9,301.7108459472656,5.180718898773193,10.813114166259766,-1.4910469055175781,1,5.161616325378418,0.30000000000000004,7.7
11,1,0.0,8.1,2.9000000000000004,1.4959364790841296,8.4,6.9,302.2108459472656,5.20889949798584,10.866351127624512,-1.4910469055175781,1,5.1897969245910645,0.30000000000000004,7.7
11,1,0.0,8.1,2.9000000000000004,1.4959364790841296,8.4,6.9,302.7108459472656,5.237788677215576,10.920175552368164,-1.4910469055175781,1,5.218686103820801,0.30000000000000004,7.7
11,1,0.0,8.1,2.9000000000000004,1.4959364790841296,8.4,6.9,303.2108459472656,5.267403602600098,10.974608421325684,-1.4910469055175781,1,5.248301029205322,0.30000000000000004,7.7
11,1,0.0,8.1,2.9000000000000004,1.4959364790841296,8.4,6.9,303.7108459472656,5.297760963439941,11.029664993286133,-1.4910469055175781,1,5.278658390045166,0.30000000000000004,7.7
11,1,0.0,8.1,2.9000000000000004,1.4959364790841296,8.4,6.9,304.2108459472656,5.328877925872803,11.085368156433105,-1.4910469055175781,1,5.309775352478027,0.30000000000000004,7.7
11,1,0.0,8.1,2.9000000000000004,1.4959364790841296,8.4,6.9,304.7108459472656,5.360773086547852,11.141735076904297,-1.4910469055175781,1,5.341670513153076,0.30000000000000004,7.7
11,1,0.0,8.1,2.9000000000000004,1.4959364790841296,8.4,6.9,305.2108459472656,5.393465518951416,11.198787689208984,-1.4910469055175781,1,5.374362945556641,0.30000000000000004,7.7
11,1,0.0,8.1,2.9000000000000004,1.4959364790841296,8.4,6.9,305.7108459472656,5.426975250244141,11.256547927856445,-1.4910469055175781,1,5.407872676849365,0.30000000000000004,7.7
11,1,0.0,8.1,2.9000000000000004,1.4959364790841296,8.4,6.9,306.2108459472656,5.46132230758667,11.31503677368164,-1.4910469055175781,1,5.4422197341918945,0.30000000000000004,7.7
11,1,0.0,8.1,2.9000000000000004,1.4959364790841296,8.4,6.9,306.7108459472656,5.496528625488281,11.374279022216797,-1.4910469055175781,1,5.477426052093506,0.30000000000000004,7.7
11,1,0.0,8.1,2.9000000000000004,1.4959364790841296,8.4,6.9,307.2108459472656,5.532615661621094,11.434296607971191,-1.4910469055175781,1,5.513513088226318,0.30000000000000004,7.7
11,1,0.0,8.1,2.9000000000000004,1.4959364790841296,8.4,6.9,307.7108459472656,5.569606781005859,11.49511432647705,-1.4910469055175781,1,5.550504207611084,0.30000000000000004,7.7
11,1,0.0,8.1,2.9000000000000004,1.4959364790841296,8.4,6.9,308.2108459472656,5.6075263023376465,11.55675983428955,-1.4910469055175781,1,5.588423728942871,0.30000000000000004,7.7
11,1,0.0,8.1,2.9000000000000004,1.4959364790841296,8.4,6.9,308.7108459472656,5.646398544311523,11.619256973266602,-1.4910469055175781,1,5.627295970916748,0.30000000000000004,7.7
11,1,0.0,8.1,2.9000000000000004,1.4959364790841296,8.4,6.9,309.2108459472656,5.686250686645508,11.682635307312012,-1.4910469055175781,1,5.667148113250732,0.30000000000000004,7.7
11,1,0.0,8.1,2.9000000000000004,1.4959364790841296,8.4,6.9,309.7108459472656,5.727108478546143,11.74692153930664,-1.4910469055175781,1,5.708005905151367,0.30000000000000004,7.7
11,1,0.0,8.1,2.9000000000000004,1.4959364790841296,8.4,6.9,310.2108459472656,5.769001007080078,11.81214714050293,-1.4910469055175781,1,5.749898433685303,0.30000000000000004,7.7
11,1,0.0,8.1,2.9000000000000004,1.4959364790841296,8.4,6.9,310.7108459472656,5.811957359313965,11.878342628479004,-1.4910469055175781,1,5.7928547859191895,0.30000000000000004,7.7
11,1,0.0,8.1,2.9000000000000004,1.4959364790841296,8.4,6.9,311.2108459472656,5.856008052825928,11.945539474487305,-1.4910469055175781,1,5.836905479431152,0.30000000000000004,7.7
11,1,0.0,8.1,2.9000000000000004,1.4959364790841296,8.4,6.9,311.7108459472656,5.901185512542725,12.013771057128906,-1.4910469055175781,1,5.882082939147949,0.30000000000000004,7.7
11,1,0.0,8.1,2.9000000000000004,1.4959364790841296,8.4,6.9,312.2108459472656,5.9475226402282715,12.083073616027832,-1.4910469055175781,1,5.928420066833496,0.30000000000000004,7.7
11,1,0.0,8.1,2.9000000000000004,1.4959364790841296,8.4,6.9,312.7108459472656,5.995054244995117,12.153480529785156,-1.4910469055175781,1,5.975951671600342,0.30000000000000004,7.7
11,1,0.0,8.1,2.9000000000000004,1.4959364790841296,8.4,6.9,313.2108459472656,6.043817043304443,12.225031852722168,-1.4910469055175781,1,6.024714469909668,0.30000000000000004,7.7
11,1,0.0,8.1,2.9000000000000004,1.4959364790841296,8.4,6.9,313.7108459472656,6.09384822845459,12.29776668548584,-1.4910469055175781,1,6.0747456550598145,0.30000000000000004,7.7
11,1,0.0,8.1,2.9000000000000004,1.4959364790841296,8.4,6.9,314.2108459472656,6.145187854766846,12.371724128723145,-1.4910469055175781,1,6.12608528137207,0.30000000000000004,7.7
11,1,0.0,8.1,2.9000000000000004,1.4959364790841296,8.4,6.9,314.7108459472656,6.197877407073975,12.446949005126953,-1.4910469055175781,1,6.178774833679199,0.30000000000000004,7.7
11,1,0.0,8.1,2.9000000000000004,1.4959364790841296,8.4,6.9,315.2108459472656,6.251959323883057,12.523484230041504,-1.4910469055175781,1,6.232856750488281,0.30000000000000004,7.7
11,1,0.0,8.1,2.9000000000000004,1.4959364790841296,8.4,6.9,315.7108459472656,6.3074798583984375,12.601377487182617,-1.4910469055175781,1,6.288377285003662,0.30000000000000004,7.7
11,1,0.0,8.1,2.9000000000000004,1.4959364790841296,8.4,6.9,316.2108459472656,6.364486217498779,12.680676460266113,-1.4910469055175781,1,6.345383644104004,0.30000000000000004,7.7
11,1,0.0,8.1,2.9000000000000004,1.4959364790841296,8.4,6.9,316.7108459472656,6.423027515411377,12.761433601379395,-1.4910469055175781,1,6.403924942016602,0.30000000000000004,7.7
11,1,0.0,8.1,2.9000000000000004,1.4959364790841296,8.4,6.9,317.2108459472656,6.483155727386475,12.843700408935547,-1.4910469055175781,1,6.464053153991699,0.30000000000000004,7.7
11,1,0.0,8.1,2.9000000000000004,1.4959364790841296,8.4,6.9,317.7108459472656,6.544925689697266,12.927533149719238,-1.4910469055175781,1,6.52582311630249,0.30000000000000004,7.7
11,1,0.0,8.1,2.9000000000000004,1.4959364790841296,8.4,6.9,318.2108459472656,0.0,,,0,6.569397449493408,0.30000000000000004,7.7
11,1,0.0,8.1,2.9000000000000004,1.4959364790841296,8.4,6.9,318.7108459472656,6.537905216217041,12.998157501220703,-1.4014934301376343,1,6.518802642822266,0.30000000000000004,7.7
11,1,0.0,8.1,2.9000000000000004,1.4959364790841296,8.4,6.9,319.2108459472656,6.488572597503662,12.998157501220703,-1.3263578414916992,1,6.469470024108887,0.30000000000000004,7.7
11,1,0.0,8.1,2.9000000000000004,1.4959364790841296,8.4,6.9,319.7108459472656,6.440466403961182,12.998157501220703,-1.252345323562622,1,6.421363830566406,0.30000000000000004,7.7
11,1,0.0,8.1,2.9000000000000004,1.4959364790841296,8.4,6.9,320.2108459472656,6.393552303314209,12.998157501220703,-1.1794198751449585,1,6.374449729919434,0.30000000000000004,7.7
11,1,0.0,8.1,2.9000000000000004,1.4959364790841296,8.4,6.9,320.7108459472656,6.34779691696167,12.998157501220703,-1.1075468063354492,1,6.3286943435668945,0.30000000000000004,7.7
11,1,0.0,8.1,2.9000000000000004,1.4959364790841296,8.4,6.9,321.2108459472656,6.303169250488281,12.998157501220703,-1.0366928577423096,1,6.284066677093506,0.30000000000000004,7.7
11,1,0.0,8.1,2.9000000000000004,1.4959364790841296,8.4,6.9,321.7108459472656,6.25963830947876,12.998157501220703,-0.9668259620666504,1,6.240535736083984,0.30000000000000004,7.7
11,1,0.0,8.1,2.9000000000000004,1.4959364790841296,8.4,6.9,322.2108459472656,6.217175006866455,12.998157501220703,-0.8979150652885437,1,6.19807243347168,0.30000000000000004,7.7
11,1,0.0,8.1,2.9000000000000004,1.4959364790841296,8.4,6.9,322.7108459472656,6.175751209259033,12.998157501220703,-0.8299305438995361,1,6.156648635864258,0.30000000000000004,7.7
11,1,0.0,8.1,2.9000000000000004,1.4959364790841296,8.4,6.9,323.2108459472656,6.135340690612793,12.998157501220703,-0.7628436088562012,1,6.116238117218018,0.30000000000000004,7.7
11,1,0.0,8.1,2.9000000000000004,1.4959364790841296,8.4,6.9,323.7108459472656,6.095916271209717,12.998157501220703,-0.696626603603363,1,6.076813697814941,0.30000000000000004,7.7
11,1,0.0,8.1,2.9000000000000004,1.4959364790841296,8.4,6.9,324.2108459472656,6.0574541091918945,12.998157501220703,-0.6312528848648071,1,6.038351535797119,0.30000000000000004,7.7
11,1,0.0,8.1,2.9000000000000004,1.4959364790841296,8.4,6.9,324.7108459472656,6.019929885864258,12.998157501220703,-0.5666965842247009,1,6.000827312469482,0.30000000000000004,7.7
11,1,0.0,8.1,2.9000000000000004,1.4959364790841296,8.4,6.9,325.2108459472656,5.983320236206055,12.998157501220703,-0.5029328465461731,1,5.964217662811279,0.30000000000000004,7.7
11,1,0.0,8.1,2.9000000000000004,1.4959364790841296,8.4,6.9,325.7108459472656,5.947603702545166,12.998157501220703,-0.43993762135505676,1,5.928501129150391,0.30000000000000004,7.7
11,1,0.0,8.1,2.9000000000000004,1.4959364790841296,8.4,6.9,326.2108459472656,5.9127583503723145,12.998157501220703,-0.3776876926422119,1,5.893655776977539,0.30000000000000004,7.7
11,1,0.0,8.1,2.9000000000000004,1.4959364790841296,8.4,6.9,326.7108459472656,5.8787641525268555,12.998157501220703,-0.3161605894565582,1,5.85966157913208,0.30000000000000004,7.7
11,1,0.0,8.1,2.9000000000000004,1.4959364790841296,8.4,6.9,327.2108459472656,5.845600605010986,12.998157501220703,-0.2553345859050751,1,5.826498031616211,0.30000000000000004,7.7
11,1,0.0,8.1,2.9000000000000004,1.4959364790841296,8.4,6.9,327.7108459472656,5.813249111175537,12.998157501220703,-0.19518865644931793,1,5.794146537780762,0.30000000000000004,7.7
11,1,0.0,8.1,2.9000000000000004,1.4959364790841296,8.4,6.9,328.2108459472656,5.781691551208496,12.998157501220703,-0.135702446103096,1,5.762588977813721,0.30000000000000004,7.7
11,1,0.0,8.1,2.9000000000000004,1.4959364790841296,8.4,6.9,328.7108459472656,5.750909805297852,12.998157501220703,-0.07685625553131104,1,5.731807231903076,0.30000000000000004,7.7
11,1,0.0,8.1,2.9000000000000004,1.4959364790841296,8.4,6.9,329.2108459472656,5.720887184143066,12.998157501220703,-0.018630975857377052,1,5.701784610748291,0.30000000000000004,7.7
11,1,0.0,8.1,2.9000000000000004,1.4959364790841296,8.4,6.9,329.7108459472656,5.691607475280762,12.998157501220703,0.038991887122392654,1,5.672504901885986,0.30000000000000004,7.7
11,1,0.0,8.1,2.9000000000000004,1.4959364790841296,8.4,6.9,330.2108459472656,5.6630539894104,12.998157501220703,0.09603027999401093,1,5.643951416015625,0.30000000000000004,7.7
11,1,0.0,8.1,2.9000000000000004,1.4959364790841296,8.4,6.9,330.7108459472656,5.635212421417236,12.998157501220703,0.15250161290168762,1,5.616109848022461,0.30000000000000004,7.7
11,1,0.0,8.1,2.9000000000000004,1.4959364790841296,8.4,6.9,331.2108459472656,5.608067512512207,12.998157501220703,0.20842276513576508,1,5.588964939117432,0.30000000000000004,7.7
11,1,0.0,8.1,2.9000000000000004,1.4959364790841296,8.4,6.9,331.7108459472656,5.581605434417725,12.998157501220703,0.2638101577758789,1,5.562502861022949,0.30000000000000004,7.7
11,1,0.0,8.1,2.9000000000000004,1.4959364790841296,8.4,6.9,332.2108459472656,5.555812358856201,12.998157501220703,0.31867966055870056,1,5.536709785461426,0.30000000000000004,7.7
11,1,0.0,8.1,2.9000000000000004,1.4959364790841296,8.4,6.9,332.7108459472656,5.530675411224365,12.998157501220703,0.3730468153953552,1,5.51157283782959,0.30000000000000004,7.7
11,1,0.0,8.1,2.9000000000000004,1.4959364790841296,8.4,6.9,333.2108459472656,5.506181240081787,12.998157501220703,0.4269266128540039,1,5.487078666687012,0.30000000000000004,7.7
11,1,0.0,8.1,2.9000000000000004,1.4959364790841296,8.4,6.9,333.7108459472656,5.48231840133667,12.998157501220703,0.4803336560726166,1,5.4632158279418945,0.30000000000000004,7.7
11,1,0.0,8.1,2.9000000000000004,1.4959364790841296,8.4,6.9,334.2108459472656,5.4590744972229,12.998157501220703,0.5332822203636169,1,5.439971923828125,0.30000000000000004,7.7
11,1,0.0,8.1,2.9000000000000004,1.4959364790841296,8.4,6.9,334.7108459472656,5.43643856048584,12.998157501220703,0.5857861042022705,1,5.4173359870910645,0.30000000000000004,7.7
11,1,0.0,8.1,2.9000000000000004,1.4959364790841296,8.4,6.9,335.2108459472656,5.414399147033691,12.998157501220703,0.6378588676452637,1,5.395296573638916,0.30000000000000004,7.7
11,1,0.0,8.1,2.9000000000000004,1.4959364790841296,8.4,6.9,335.7108459472656,5.392945766448975,12.998157501220703,0.6895135045051575,1,5.373843193054199,0.30000000000000004,7.7
11,1,0.0,8.1,2.9000000000000004,1.4959364790841296,8.4,6.9,336.2108459472656,5.372068881988525,12.998157501220703,0.7407628893852234,1,5.35296630859375,0.30000000000000004,7.7
11,1,0.0,8.1,2.9000000000000004,1.4959364790841296,8.4,6.9,336.7108459472656,5.351757526397705,12.998157501220703,0.7916194796562195,1,5.33265495300293,0.30000000000000004,7.7
11,1,0.0,8.1,2.9000000000000004,1.4959364790841296,8.4,6.9,337.2108459472656,5.332003116607666,12.998157501220703,0.8420954346656799,1,5.312900543212891,0.30000000000000004,7.7
11,1,0.0,8.1,2.9000000000000004,1.4959364790841296,8.4,6.9,337.7108459472656,5.312796115875244,12.998157501220703,0.8922025561332703,1,5.293693542480469,0.30000000000000004,7.7
11,1,0.0,8.1,2.9000000000000004,1.4959364790841296,8.4,6.9,338.2108459472656,5.294127941131592,12.998157501220703,0.9419524669647217,1,5.275025367736816,0.30000000000000004,7.7
11,1,0.0,8.1,2.9000000000000004,1.4959364790841296,8.4,6.9,338.7108459472656,5.275989532470703,12.998157501220703,0.9913564920425415,1,5.256886959075928,0.30000000000000004,7.7
11,1,0.0,8.1,2.9000000000000004,1.4959364790841296,8.4,6.9,339.2108459472656,0.0,,,0,5.2392706871032715,0.30000000000000004,7.7
11,1,0.0,8.1,2.9000000000000004,1.4959364790841296,8.4,6.9,339.7108459472656,5.241271018981934,12.998157501220703,1.0891708135604858,1,5.222168445587158,0.30000000000000004,7.7
11,1,0.0,8.1,2.9000000000000004,1.4959364790841296,8.4,6.9,340.2108459472656,5.224675178527832,12.998157501220703,1.1376023292541504,1,5.205572605133057,0.30000000000000004,7.7
11,1,0.0,8.1,2.9000000000000004,1.4959364790841296,8.4,6.9,340.7108459472656,5.208578586578369,12.998157501220703,1.1857306957244873,1,5.189476013183594,0.30000000000000004,7.7
11,1,0.0,8.1,2.9000000000000004,1.4959364790841296,8.4,6.9,341.2108459472656,5.192974090576172,12.998157501220703,1.2335660457611084,1,5.1738715171813965,0.30000000000000004,7.7
11,1,0.0,8.1,2.9000000000000004,1.4959364790841296,8.4,6.9,341.7108459472656,5.177854537963867,12.998157501220703,1.2811180353164673,1,5.158751964569092,0.30000000000000004,7.7
11,1,0.0,8.1,2.9000000000000004,1.4959364790841296,8.4,6.9,342.2108459472656,5.163213729858398,12.998157501220703,1.3283965587615967,1,5.144111156463623,0.30000000000000004,7.7
11,1,0.0,8.1,2.9000000000000004,1.4959364790841296,8.4,6.9,342.7108459472656,5.149045467376709,12.998157501220703,1.3754111528396606,1,5.129942893981934,0.30000000000000004,7.7
11,1,0.0,8.1,2.9000000000000004,1.4959364790841296,8.4,6.9,343.2108459472656,5.135343551635742,12.998157501220703,1.422170877456665,1,5.116240978240967,0.30000000000000004,7.7
11,1,0.0,8.1,2.9000000000000004,1.4959364790841296,8.4,6.9,343.7108459472656,5.1221022605896,12.998157501220703,1.4686851501464844,1,5.102999687194824,0.30000000000000004,7.7
11,1,0.0,8.1,2.9000000000000004,1.4959364790841296,8.4,6.9,344.2108459472656,5.109315872192383,12.998157501220703,1.5149626731872559,1,5.090213298797607,0.30000000000000004,7.7
11,1,0.0,8.1,2.9000000000000004,1.4959364790841296,8.4,6.9,344.7108459472656,5.096979141235352,12.998157501220703,1.5610125064849854,1,5.077876567840576,0.30000000000000004,7.7
11,1,0.0,8.1,2.9000000000000004,1.4959364790841296,8.4,6.9,345.2108459472656,5.085086822509766,12.998157501220703,1.6068429946899414,1,5.06598424911499,0.30000000000000004,7.7
11,1,0.0,8.1,2.9000000000000004,1.4959364790841296,8.4,6.9,345.7108459472656,5.073634147644043,12.998157501220703,1.6524628400802612,1,5.054531574249268,0.30000000000000004,7.7
11,1,0.0,8.1,2.9000000000000004,1.4959364790841296,8.4,6.9,346.2108459472656,5.06261682510376,12.998157501220703,1.6978803873062134,1,5.043514251708984,0.30000000000000004,7.7
11,1,0.0,8.1,2.9000000000000004,1.4959364790841296,8.4,6.9,346.7108459472656,5.052029132843018,12.998157501220703,1.7431037425994873,1,5.032926559448242,0.30000000000000004,7.7
11,1,0.0,8.1,2.9000000000000004,1.4959364790841296,8.4,6.9,347.2108459472656,5.041868209838867,12.998157501220703,1.788141131401062,1,5.022765636444092,0.30000000000000004,7.7
11,1,0.0,8.1,2.9000000000000004,1.4959364790841296,8.4,6.9,347.7108459472656,5.032128810882568,12.998157501220703,1.8330004215240479,1,5.013026237487793,0.30000000000000004,7.7
11,1,0.0,8.1,2.9000000000000004,1.4959364790841296,8.4,6.9,348.2108459472656,8.293644905090332,16.200000762939453,1.2094221115112305,1,8.274542808532715,0.30000000000000004,7.7
11,1,0.0,8.1,2.9000000000000004,1.4959364790841296,8.4,6.9,348.7108459472656,8.278915405273438,16.200000762939453,1.2830548286437988,1,8.25981330871582,0.30000000000000004,7.7
11,1,0.0,8.1,2.9000000000000004,1.4959364790841296,8.4,6.9,349.2108459472656,0.0,,,0,8.245762825012207,0.30000000000000004,7.7
11,1,0.0,8.1,2.9000000000000004,1.4959364790841296,8.4,6.9,349.7108459472656,8.251487731933594,16.200000762939453,1.4295644760131836,1,8.232385635375977,0.30000000000000004,7.7
11,1,0.0,8.1,2.9000000000000004,1.4959364790841296,8.4,6.9,350.2108459472656,8.23878002166748,16.200000762939453,1.5024662017822266,1,8.219677925109863,0.30000000000000004,7.7
11,1,0.0,8.1,2.9000000000000004,1.4959364790841296,8.4,6.9,350.7108459472656,8.226734161376953,16.200000762939453,1.575148582458496,1,8.207632064819336,0.30000000000000004,7.7
11,1,0.0,8.1,2.9000000000000004,1.4959364790841296,8.4,6.9,351.2108459472656,8.215348243713379,16.200000762939453,1.647623896598816,1,8.196246147155762,0.30000000000000004,7.7
11,1,0.0,8.1,2.9000000000000004,1.4959364790841296,8.4,6.9,351.7108459472656,8.204615592956543,16.200000762939453,1.719903826713562,1,8.185513496398926,0.30000000000000004,7.7
11,1,0.0,8.1,2.9000000000000004,1.4959364790841296,8.4,6.9,352.2108459472656,8.19453239440918,16.200000762939453,1.7920001745224,1,8.175430297851562,0.30000000000000004,7.7
11,1,0.0,8.1,2.9000000000000004,1.4959364790841296,8.4,6.9,352.7108459472656,8.18509578704834,16.200000762939453,1.8639246225357056,1,8.165993690490723,0.30000000000000004,7.7
11,1,0.0,8.1,2.9000000000000004,1.4959364790841296,8.4,6.9,353.2108459472656,8.176301002502441,16.200000762939453,1.9356886148452759,1,8.157198905944824,0.30000000000000004,7.7
11,1,0.0,8.1,2.9000000000000004,1.4959364790841296,8.4,6.9,353.7108459472656,8.168145179748535,16.200000762939453,2.0073037147521973,1,8.149043083190918,0.30000000000000004,7.7
11,1,0.0,8.1,2.9000000000000004,1.4959364790841296,8.4,6.9,354.2108459472656,8.160625457763672,16.200000762939453,2.0787811279296875,1,8.141523361206055,0.30000000000000004,7.7
11,1,0.0,8.1,2.9000000000000004,1.4959364790841296,8.4,6.9,354.7108459472656,8.153738021850586,16.200000762939453,2.150132417678833,1,8.134635925292969,0.30000000000000004,7.7
11,1,0.0,8.1,2.9000000000000004,1.4959364790841296,8.4,6.9,355.2108459472656,4.934420585632324,12.998157501220703,2.4896240234375,1,4.915318012237549,0.30000000000000004,7.7
11,1,0.0,8.1,2.9000000000000004,1.4959364790841296,8.4,6.9,355.7108459472656,4.931016445159912,12.998157501220703,2.5326383113861084,1,4.911913871765137,0.30000000000000004,7.7
11,1,0.0,8.1,2.9000000000000004,1.4959364790841296,8.4,6.9,356.2108459472656,4.927990436553955,12.998157501220703,2.5755960941314697,1,4.90888786315918,0.30000000000000004,7.7
11,1,0.0,8.1,2.9000000000000004,1.4959364790841296,8.4,6.9,356.7108459472656,4.925341606140137,12.998157501220703,2.618504285812378,1,4.906239032745361,0.30000000000000004,7.7
11,1,0.0,8.1,2.9000000000000004,1.4959364790841296,8.4,6.9,357.2108459472656,4.923069000244141,12.998157501220703,2.661369562149048,1,4.903966426849365,0.30000000000000004,7.7
11,1,0.0,8.1,2.9000000000000004,1.4959364790841296,8.4,6.9,357.7108459472656,4.92117166519165,12.998157501220703,2.7041983604431152,1,4.902069091796875,0.30000000000000004,7.7
11,1,0.0,8.1,2.9000000000000004,1.4959364790841296,8.4,6.9,358.2108459472656,4.91964864730835,12.998157501220703,2.746997356414795,1,4.900546073913574,0.30000000000000004,7.7
11,1,0.0,8.1,2.9000000000000004,1.4959364790841296,8.4,6.9,358.7108459472656,0.0,,,0,4.899397373199463,0.30000000000000004,7.7
11,1,0.0,8.1,2.9000000000000004,1.4959364790841296,8.4,6.9,359.2108459472656,4.917724132537842,12.998157501220703,2.8325319290161133,1,4.898621559143066,0.30000000000000004,7.7
11,1,0.0,8.1,2.9000000000000004,1.4959364790841296,8.4,6.9,359.7108459472656,0.0,,,0,4.898219585418701,0.30000000000000004,7.7
11,1,0.0,8.1,2.9000000000000004,1.4959364790841296,8.4,6.9,0.2108466774225235,4.917292594909668,12.998157501220703,2.918025255203247,1,4.898190021514893,0.30000000000000004,7.7
11,1,0.0,8.1,2.9000000000000004,1.4959364790841296,8.4,6.9,0.7108466625213623,4.917636394500732,12.998157501220703,2.960772752761841,1,4.898533821105957,0.30000000000000004,7.7
11,1,0.0,8.1,2.9000000000000004,1.4959364790841296,8.4,6.9,1.2108466625213623,4.91835355758667,12.998157501220703,3.0035295486450195,1,4.8992509841918945,0.30000000000000004,7.7
11,1,0.0,8.1,2.9000000000000004,1.4959364790841296,8.4,6.9,1.7108466625213623,4.9194440841674805,12.998157501220703,3.046302080154419,1,4.900341510772705,0.30000000000000004,7.7
11,1,0.0,8.1,2.9000000000000004,1.4959364790841296,8.4,6.9,2.2108466625213623,4.920908451080322,12.998157501220703,3.089096784591675,1,4.901805877685547,0.30000000000000004,7.7
11,1,0.0,8.1,2.9000000000000004,1.4959364790841296,8.4,6.9,2.7108466625213623,4.9227471351623535,12.998157501220703,3.131920576095581,1,4.903644561767578,0.30000000000000004,7.7
11,1,0.0,8.1,2.9000000000000004,1.4959364790841296,8.4,6.9,3.2108466625213623,4.924961090087891,12.998157501220703,3.1747796535491943,1,4.905858516693115,0.30000000000000004,7.7
11,1,0.0,8.1,2.9000000000000004,1.4959364790841296,8.4,6.9,3.7108466625213623,4.927550792694092,12.998157501220703,3.2176806926727295,1,4.908448219299316,0.30000000000000004,7.7
11,1,0.0,8.1,2.9000000000000004,1.4959364790841296,8.4,6.9,4.210846900939941,4.930517673492432,12.998157501220703,3.2606303691864014,1,4.911415100097656,0.30000000000000004,7.7
11,1,0.0,8.1,2.9000000000000004,1.4959364790841296,8.4,6.9,4.710846900939941,4.933862209320068,12.998157501220703,3.303635358810425,1,4.914759635925293,0.30000000000000004,7.7
11,1,0.0,8.1,2.9000000000000004,1.4959364790841296,8.4,6.9,5.210846900939941,4.937586784362793,12.998157501220703,3.3467020988464355,1,4.918484210968018,0.30000000000000004,7.7
11,1,0.0,8.1,2.9000000000000004,1.4959364790841296,8.4,6.9,5.710846900939941,4.941691875457764,12.998157501220703,3.3898375034332275,1,4.922589302062988,0.30000000000000004,7.7
11,1,0.0,8.1,2.9000000000000004,1.4959364790841296,8.4,6.9,6.210846900939941,4.946178913116455,12.998157501220703,3.4330484867095947,1,4.92707633972168,0.30000000000000004,7.7
11,1,0.0,8.1,2.9000000000000004,1.4959364790841296,8.4,6.9,6.710846900939941,4.951050758361816,12.998157501220703,3.4763412475585938,1,4.931948184967041,0.30000000000000004,7.7
11,1,0.0,8.1,2.9000000000000004,1.4959364790841296,8.4,6.9,7.210846900939941,4.956308364868164,12.998157501220703,3.5197231769561768,1,4.937205791473389,0.30000000000000004,7.7
11,1,0.0,8.1,2.9000000000000004,1.4959364790841296,8.4,6.9,7.710846900939941,4.961953639984131,12.998157501220703,3.5632009506225586,1,4.9428510665893555,0.30000000000000004,7.7
11,1,0.0,8.1,2.9000000000000004,1.4959364790841296,8.4,6.9,8.210846900939941,4.967989444732666,12.998157501220703,3.6067817211151123,1,4.948886871337891,0.30000000000000004,7.7
11,1,0.0,8.1,2.9000000000000004,1.4959364790841296,8.4,6.9,8.710846900939941,4.9744181632995605,12.998157501220703,3.650472402572632,1,4.955315589904785,0.30000000000000004,7.7
11,1,0.0,8.1,2.9000000000000004,1.4959364790841296,8.4,6.9,9.210846900939941,4.981241703033447,12.998157501220703,3.694279909133911,1,4.962139129638672,0.30000000000000004,7.7
11,1,0.0,8.1,2.9000000000000004,1.4959364790841296,8.4,6.9,9.710846900939941,4.988462924957275,12.998157501220703,3.7382116317749023,1,4.9693603515625,0.30000000000000004,7.7
11,1,0.0,8.1,2.9000000000000004,1.4959364790841296,8.4,6.9,10.210846900939941,4.996084690093994,12.998157501220703,3.7822749614715576,1,4.976982116699219,0.30000000000000004,7.7
11,1,0.0,8.1,2.9000000000000004,1.4959364790841296,8.4,6.9,10.710846900939941,5.004110336303711,12.998157501220703,3.826476812362671,1,4.9850077629089355,0.30000000000000004,7.7
11,1,0.0,8.1,2.9000000000000004,1.4959364790841296,8.4,6.9,11.210846900939941,5.012542724609375,12.998157501220703,3.8708248138427734,1,4.9934401512146,0.30000000000000004,7.7
11,1,0.0,8.1,2.9000000000000004,1.4959364790841296,8.4,6.9,11.710846900939941,5.021385192871094,12.998157501220703,3.9153265953063965,1,5.002282619476318,0.30000000000000004,7.7
11,1,0.0,8.1,2.9000000000000004,1.4959364790841296,8.4,6.9,12.210846900939941,5.030641555786133,12.998157501220703,3.9599897861480713,1,5.011538982391357,0.30000000000000004,7.7
11,1,0.0,8.1,2.9000000000000004,1.4959364790841296,8.4,6.9,12.710846900939941,5.0403151512146,12.998157501220703,4.00482177734375,1,5.021212577819824,0.30000000000000004,7.7
11,1,0.0,8.1,2.9000000000000004,1.4959364790841296,8.4,6.9,13.210846900939941,5.05040979385376,12.998157501220703,4.049830913543701,1,5.031307220458984,0.30000000000000004,7.7
11,1,0.0,8.1,2.9000000000000004,1.4959364790841296,8.4,6.9,13.710846900939941,5.060930252075195,12.998157501220703,4.095024585723877,1,5.04182767868042,0.30000000000000004,7.7
11,1,0.0,8.1,2.9000000000000004,1.4959364790841296,8.4,6.9,14.210846900939941,5.071880340576172,12.998157501220703,4.140410900115967,1,5.0527777671813965,0.30000000000000004,7.7
11,1,0.0,8.1,2.9000000000000004,1.4959364790841296,8.4,6.9,14.710846900939941,5.083264350891113,12.998157501220703,4.185998439788818,1,5.064161777496338,0.30000000000000004,7.7
11,1,0.0,8.1,2.9000000000000004,1.4959364790841296,8.4,6.9,15.210846900939941,5.09508752822876,12.998157501220703,4.231795787811279,1,5.075984954833984,0.30000000000000004,7.7
11,1,0.0,8.1,2.9000000000000004,1.4959364790841296,8.4,6.9,15.710846900939941,5.107354164123535,12.998157501220703,4.277810573577881,1,5.08825159072876,0.30000000000000004,7.7
11,1,0.0,8.1,2.9000000000000004,1.4959364790841296,8.4,6.9,16.210845947265625,5.12006950378418,12.998157501220703,4.324051856994629,1,5.100966930389404,0.30000000000000004,7.7
11,1,0.0,8.1,2.9000000000000004,1.4959364790841296,8.4,6.9,16.710845947265625,5.133239269256592,12.998157501220703,4.370528221130371,1,5.114136695861816,0.30000000000000004,7.7
11,1,0.0,8.1,2.9000000000000004,1.4959364790841296,8.4,6.9,17.210845947265625,5.146868705749512,12.998157501220703,4.4172492027282715,1,5.127766132354736,0.30000000000000004,7.7
11,1,0.0,8.1,2.9000000000000004,1.4959364790841296,8.4,6.9,17.710845947265625,5.160963535308838,12.998157501220703,4.4642229080200195,1,5.1418609619140625,0.30000000000000004,7.7
11,1,0.0,8.1,2.9000000000000004,1.4959364790841296,8.4,6.9,18.210845947265625,5.175529956817627,12.998157501220703,4.511459827423096,1,5.156427383422852,0.30000000000000004,7.7
11,1,0.0,8.1,2.9000000000000004,1.4959364790841296,8.4,6.9,18.710845947265625,5.1905741691589355,12.998157501220703,4.5589680671691895,1,5.17147159576416,0.30000000000000004,7.7
11,1,0.0,8.1,2.9000000000000004,1.4959364790841296,8.4,6.9,19.210845947265625,5.20610237121582,12.998157501220703,4.6067585945129395,1,5.186999797821045,0.30000000000000004,7.7
11,1,0.0,8.1,2.9000000000000004,1.4959364790841296,8.4,6.9,19.710845947265625,5.222121715545654,12.998157501220703,4.654840469360352,1,5.203019142150879,0.30000000000000004,7.7
11,1,0.0,8.1,2.9000000000000004,1.4959364790841296,8.4,6.9,20.210845947265625,5.238638877868652,12.998157501220703,4.703223705291748,1,5.219536304473877,0.30000000000000004,7.7
11,1,0.0,8.1,2.9000000000000004,1.4959364790841296,8.4,6.9,20.710845947265625,5.2556610107421875,12.998157501220703,4.751919269561768,1,5.236558437347412,0.30000000000000004,7.7
11,1,0.0,8.1,2.9000000000000004,1.4959364790841296,8.4,6.9,21.210845947265625,5.273196697235107,12.998157501220703,4.800936698913574,1,5.254094123840332,0.30000000000000004,7.7
11,1,0.0,8.1,2.9000000000000004,1.4959364790841296,8.4,6.9,21.710845947265625,5.291252613067627,12.998157501220703,4.850287437438965,1,5.272150039672852,0.30000000000000004,7.7
11,1,0.0,8.1,2.9000000000000004,1.4959364790841296,8.4,6.9,22.210845947265625,5.309837341308594,12.998157501220703,4.899982452392578,1,5.290734767913818,0.30000000000000004,7.7
11,1,0.0,8.1,2.9000000000000004,1.4959364790841296,8.4,6.9,22.710845947265625,5.3289594650268555,12.998157501220703,4.950033187866211,1,5.30985689163208,0.30000000000000004,7.7
11,1,0.0,8.1,2.9000000000000004,1.4959364790841296,8.4,6.9,23.210845947265625,5.34862756729126,12.998157501220703,5.000450611114502,1,5.329524993896484,0.30000000000000004,7.7
11,1,0.0,8.1,2.9000000000000004,1.4959364790841296,8.4,6.9,23.710845947265625,5.3688507080078125,12.998157501220703,5.051246643066406,1,5.349748134613037,0.30000000000000004,7.7
11,1,0.0,8.1,2.9000000000000004,1.4959364790841296,8.4,6.9,24.210845947265625,5.389638423919678,12.998157501220703,5.102433681488037,1,5.370535850524902,0.30000000000000004,7.7
11,1,0.0,8.1,2.9000000000000004,1.4959364790841296,8.4,6.9,24.710845947265625,0.0,,,0,5.391898155212402,0.30000000000000004,7.7
11,1,0.0,8.1,2.9000000000000004,1.4959364790841296,8.4,6.9,25.210845947265625,5.432947635650635,12.998157501220703,5.206030368804932,1,5.413845062255859,0.30000000000000004,7.7
11,1,0.0,8.1,2.9000000000000004,1.4959364790841296,8.4,6.9,25.710845947265625,5.455489635467529,12.998157501220703,5.258465766906738,1,5.436387062072754,0.30000000000000004,7.7
11,1,0.0,8.1,2.9000000000000004,1.4959364790841296,8.4,6.9,26.210845947265625,5.4786376953125,12.998157501220703,5.311344146728516,1,5.459535121917725,0.30000000000000004,7.7
11,1,0.0,8.1,2.9000000000000004,1.4959364790841296,8.4,6.9,26.710845947265625,5.5024027824401855,12.998157501220703,5.364678382873535,1,5.48330020904541,0.30000000000000004,7.7
11,1,0.0,8.1,2.9000000000000004,1.4959364790841296,8.4,6.9,27.210845947265625,5.526797294616699,12.998157501220703,5.418483257293701,1,5.507694721221924,0.30000000000000004,7.7
11,1,0.0,8.1,2.9000000000000004,1.4959364790841296,8.4,6.9,27.710845947265625,5.551832675933838,12.998157501220703,5.47277307510376,1,5.5327301025390625,0.30000000000000004,7.7
11,1,0.0,8.1,2.9000000000000004,1.4959364790841296,8.4,6.9,28.210845947265625,5.577522277832031,12.998157501220703,5.527562618255615,1,5.558419704437256,0.30000000000000004,7.7
11,1,0.0,8.1,2.9000000000000004,1.4959364790841296,8.4,6.9,28.710845947265625,5.603878498077393,12.998157501220703,5.5828680992126465,1,5.584775924682617,0.30000000000000004,7.7
11,1,0.0,8.1,2.9000000000000004,1.4959364790841296,8.4,6.9,29.210845947265625,5.630915641784668,12.998157501220703,5.638704299926758,1,5.611813068389893,0.30000000000000004,7.7
11,1,0.0,8.1,2.9000000000000004,1.4959364790841296,8.4,6.9,29.710845947265625,5.658647060394287,12.998157501220703,5.6950883865356445,1,5.639544486999512,0.30000000000000004,7.7
11,1,0.0,8.1,2.9000000000000004,1.4959364790841296,8.4,6.9,30.210845947265625,5.6870880126953125,12.998157501220703,5.752037048339844,1,5.667985439300537,0.30000000000000004,7.7
11,1,0.0,8.1,2.9000000000000004,1.4959364790841296,8.4,6.9,30.710845947265625,5.697519779205322,12.982050895690918,5.800000190734863,1,5.678417205810547,0.30000000000000004,7.7
11,1,0.0,8.1,2.9000000000000004,1.4959364790841296,8.4,6.9,31.210845947265625,5.6155171394348145,12.88642406463623,5.800000190734863,1,5.596414566040039,0.30000000000000004,7.7
11,1,0.0,8.1,2.9000000000000004,1.4959364790841296,8.4,6.9,31.710845947265625,5.5362629890441895,12.793512344360352,5.800000190734863,1,5.517160415649414,0.30000000000000004,7.7
11,1,0.0,8.1,2.9000000000000004,1.4959364790841296,8.4,6.9,32.210845947265625,5.459630966186523,12.7031888961792,5.800000190734863,1,5.440528392791748,0.30000000000000004,7.7
11,1,0.0,8.1,2.9000000000000004,1.4959364790841296,8.4,6.9,32.710845947265625,5.385501861572266,12.615333557128906,5.800000190734863,1,5.36639928817749,0.30000000000000004,7.7
11,1,0.0,8.1,2.9000000000000004,1.4959364790841296,8.4,6.9,33.210845947265625,5.31376314163208,12.529833793640137,5.800000190734863,1,5.294660568237305,0.30000000000000004,7.7
11,1,0.0,8.1,2.9000000000000004,1.4959364790841296,8.4,6.9,33.710845947265625,5.244309902191162,12.44658374786377,5.800000190734863,1,5.225207328796387,0.30000000000000004,7.7
11,1,0.0,8.1,2.9000000000000004,1.4959364790841296,8.4,6.9,34.210845947265625,5.1770429611206055,12.365483283996582,5.800000190734863,1,5.15794038772583,0.30000000000000004,7.7
11,1,0.0,8.1,2.9000000000000004,1.4959364790841296,8.4,6.9,34.710845947265625,5.111868381500244,12.28643798828125,5.800000190734863,1,5.092765808105469,0.30000000000000004,7.7
11,1,0.0,8.1,2.9000000000000004,1.4959364790841296,8.4,6.9,35.210845947265625,5.048699378967285,12.209360122680664,5.800000190734863,1,5.02959680557251,0.30000000000000004,7.7
11,1,0.0,8.1,2.9000000000000004,1.4959364790841296,8.4,6.9,35.710845947265625,4.987451076507568,12.134164810180664,5.800000190734863,1,4.968348503112793,0.30000000000000004,7.7
11,1,0.0,8.1,2.9000000000000004,1.4959364790841296,8.4,6.9,36.210845947265625,4.928046703338623,12.060773849487305,5.800000190734863,1,4.908944129943848,0.30000000000000004,7.7
11,1,0.0,8.1,2.9000000000000004,1.4959364790841296,8.4,6.9,36.710845947265625,4.870410442352295,11.98911190032959,5.800000190734863,1,4.8513078689575195,0.30000000000000004,7.7
11,1,0.0,8.1,2.9000000000000004,1.4959364790841296,8.4,6.9,37.210845947265625,4.814473628997803,11.919107437133789,5.800000190734863,1,4.795371055603027,0.30000000000000004,7.7
11,1,0.0,8.1,2.9000000000000004,1.4959364790841296,8.4,6.9,37.710845947265625,4.760168552398682,11.850693702697754,5.800000190734863,1,4.741065979003906,0.30000000000000004,7.7
11,1,0.0,8.1,2.9000000000000004,1.4959364790841296,8.4,6.9,38.210845947265625,4.707432270050049,11.783807754516602,5.800000190734863,1,4.688329696655273,0.30000000000000004,7.7
11,1,0.0,8.1,2.9000000000000004,1.4959364790841296,8.4,6.9,38.710845947265625,4.656206130981445,11.718387603759766,5.800000190734863,1,4.63710355758667,0.30000000000000004,7.7
11,1,0.0,8.1,2.9000000000000004,1.4959364790841296,8.4,6.9,39.210845947265625,4.606432914733887,11.654376983642578,5.800000190734863,1,4.587330341339111,0.30000000000000004,7.7
11,1,0.0,8.1,2.9000000000000004,1.4959364790841296,8.4,6.9,39.710845947265625,4.558058261871338,11.591721534729004,5.800000190734863,1,4.5389556884765625,0.30000000000000004,7.7
11,1,0.0,8.1,2.9000000000000004,1.4959364790841296,8.4,6.9,40.210845947265625,4.5110321044921875,11.53036880493164,5.800000190734863,1,4.491929531097412,0.30000000000000004,7.7
11,1,0.0,8.1,2.9000000000000004,1.4959364790841296,8.4,6.9,40.710845947265625,4.465305805206299,11.470270156860352,5.800000190734863,1,4.446203231811523,0.30000000000000004,7.7
11,1,0.0,8.1,2.9000000000000004,1.4959364790841296,8.4,6.9,41.210845947265625,4.420832633972168,11.411377906799316,5.800000190734863,1,4.401730060577393,0.30000000000000004,7.7
11,1,0.0,8.1,2.9000000000000004,1.4959364790841296,8.4,6.9,41.710845947265625,4.37756872177124,11.35364818572998,5.800000190734863,1,4.358466148376465,0.30000000000000004,7.7
11,1,0.0,8.1,2.9000000000000004,1.4959364790841296,8.4,6.9,42.210845947265625,4.335472583770752,11.297038078308105,5.800000190734863,1,4.316370010375977,0.30000000000000004,7.7
11,1,0.0,8.1,2.9000000000000004,1.4959364790841296,8.4,6.9,42.710845947265625,4.294504642486572,11.241506576538086,5.800000190734863,1,4.275402069091797,0.30000000000000004,7.7
11,1,0.0,8.1,2.9000000000000004,1.4959364790841296,8.4,6.9,43.210845947265625,4.254626274108887,11.18701457977295,5.800000190734863,1,4.235523700714111,0.30000000000000004,7.7
11,1,0.0,8.1,2.9000000000000004,1.4959364790841296,8.4,6.9,43.710845947265625,4.21580171585083,11.133526802062988,5.800000190734863,1,4.196699142456055,0.30000000000000004,7.7
11,1,0.0,8.1,2.9000000000000004,1.4959364790841296,8.4,6.9,44.210845947265625,4.1779961585998535,11.081006050109863,5.800000190734863,1,4.158893585205078,0.30000000000000004,7.7
11,1,0.0,8.1,2.9000000000000004,1.4959364790841296,8.4,6.9,44.710845947265625,4.141177177429199,11.029419898986816,5.800000190734863,1,4.122074604034424,0.30000000000000004,7.7
11,1,0.0,8.1,2.9000000000000004,1.4959364790841296,8.4,6.9,45.210845947265625,4.105312347412109,10.978734016418457,5.800000190734863,1,4.086209774017334,0.30000000000000004,7.7
11,1,0.0,8.1,2.9000000000000004,1.4959364790841296,8.4,6.9,45.710845947265625,4.070372581481934,10.928919792175293,5.800000190734863,1,4.051270008087158,0.30000000000000004,7.7
11,1,0.0,8.1,2.9000000000000004,1.4959364790841296,8.4,6.9,46.210845947265625,4.036328315734863,10.8799467086792,5.800000190734863,1,4.017225742340088,0.30000000000000004,7.7
11,1,0.0,8.1,2.9000000000000004,1.4959364790841296,8.4,6.9,46.710845947265625,4.003151893615723,10.831785202026367,5.800000190734863,1,3.9840495586395264,0.30000000000000004,7.7
11,1,0.0,8.1,2.9000000000000004,1.4959364790841296,8.4,6.9,47.210845947265625,3.970818281173706,10.784409523010254,5.800000190734863,1,3.9517157077789307,0.30000000000000004,7.7
11,1,0.0,8.1,2.9000000000000004,1.4959364790841296,8.4,6.9,47.710845947265625,0.0,,,0,3.920198440551758,0.30000000000000004,7.7
11,1,0.0,8.1,2.9000000000000004,1.4959364790841296,8.4,6.9,48.210845947265625,3.908576250076294,10.691911697387695,5.800000190734863,1,3.8894736766815186,0.30000000000000004,7.7
11,1,0.0,8.1,2.9000000000000004,1.4959364790841296,8.4,6.9,48.710845947265625,3.8786211013793945,10.646739959716797,5.800000190734863,1,3.859518527984619,0.30000000000000004,7.7
11,1,0.0,8.1,2.9000000000000004,1.4959364790841296,8.4,6.9,49.210845947265625,3.8494131565093994,10.602254867553711,5.800000190734863,1,3.830310583114624,0.30000000000000004,7.7
11,1,0.0,8.1,2.9000000000000004,1.4959364790841296,8.4,6.9,49.710845947265625,3.8209314346313477,10.558435440063477,5.800000190734863,1,3.8018288612365723,0.30000000000000004,7.7
11,1,0.0,8.1,2.9000000000000004,1.4959364790841296,8.4,6.9,50.210845947265625,3.7931554317474365,10.5152587890625,5.800000190734863,1,3.774052858352661,0.30000000000000004,7.7
11,1,0.0,8.1,2.9000000000000004,1.4959364790841296,8.4,6.9,50.710845947265625,3.766065835952759,10.472705841064453,5.800000190734863,1,3.7469632625579834,0.30000000000000004,7.7
11,1,0.0,8.1,2.9000000000000004,1.4959364790841296,8.4,6.9,51.210845947265625,3.7396433353424072,10.430756568908691,5.800000190734863,1,3.720540761947632,0.30000000000000004,7.7
11,1,0.0,8.1,2.9000000000000004,1.4959364790841296,8.4,6.9,51.710845947265625,3.7138705253601074,10.38939094543457,5.800000190734863,1,3.694767951965332,0.30000000000000004,7.7
11,1,0.0,8.1,2.9000000000000004,1.4959364790841296,8.4,6.9,52.210845947265625,3.688729763031006,10.348591804504395,5.800000190734863,1,3.6696271896362305,0.30000000000000004,7.7
11,1,0.0,8.1,2.9000000000000004,1.4959364790841296,8.4,6.9,52.710845947265625,3.6642043590545654,10.308340072631836,5.800000190734863,1,3.64510178565979,0.30000000000000004,7.7
11,1,0.0,8.1,2.9000000000000004,1.4959364790841296,8.4,6.9,53.210845947265625,0.0,,,0,3.621176242828369,0.30000000000000004,7.7
11,1,0.0,8.1,2.9000000000000004,1.4959364790841296,8.4,6.9,53.710845947265625,3.6169373989105225,10.229416847229004,5.800000190734863,1,3.597834825515747,0.30000000000000004,7.7
11,1,0.0,8.1,2.9000000000000004,1.4959364790841296,8.4,6.9,54.210845947265625,3.594165563583374,10.190711975097656,5.800000190734863,1,3.5750629901885986,0.30000000000000004,7.7
11,1,0.0,8.1,2.9000000000000004,1.4959364790841296,8.4,6.9,54.710845947265625,3.571948766708374,10.152490615844727,5.800000190734863,1,3.5528461933135986,0.30000000000000004,7.7
11,1,0.0,8.1,2.9000000000000004,1.4959364790841296,8.4,6.9,55.210845947265625,3.550273895263672,10.114738464355469,5.800000190734863,1,3.5311713218688965,0.30000000000000004,7.7
11,1,0.0,8.1,2.9000000000000004,1.4959364790841296,8.4,6.9,55.710845947265625,0.0,,,0,3.5100250244140625,0.30000000000000004,7.7
11,1,0.0,8.1,2.9000000000000004,1.4959364790841296,8.4,6.9,56.210845947265625,3.5084969997406006,10.0405855178833,5.800000190734863,1,3.489394426345825,0.30000000000000004,7.7
11,1,0.0,8.1,2.9000000000000004,1.4959364790841296,8.4,6.9,56.710845947265625,3.488370180130005,10.004158020019531,5.800000190734863,1,3.4692676067352295,0.30000000000000004,7.7
11,1,0.0,8.1,2.9000000000000004,1.4959364790841296,8.4,6.9,57.210845947265625,3.468735456466675,9.968145370483398,5.800000190734863,1,3.4496328830718994,0.30000000000000004,7.7
11,1,0.0,8.1,2.9000000000000004,1.4959364790841296,8.4,6.9,57.710845947265625,3.4495816230773926,9.932535171508789,5.800000190734863,1,3.430479049682617,0.30000000000000004,7.7
11,1,0.0,8.1,2.9000000000000004,1.4959364790841296,8.4,6.9,58.210845947265625,3.4308977127075195,9.897315979003906,5.800000190734863,1,3.411795139312744,0.30000000000000004,7.7
11,1,0.0,8.1,2.9000000000000004,1.4959364790841296,8.4,6.9,58.710845947265625,3.412672996520996,9.862475395202637,5.800000190734863,1,3.3935704231262207,0.30000000000000004,7.7
11,1,0.0,8.1,2.9000000000000004,1.4959364790841296,8.4,6.9,59.210845947265625,3.394897937774658,9.8280029296875,5.800000190734863,1,3.375795364379883,0.30000000000000004,7.7
11,1,0.0,8.1,2.9000000000000004,1.4959364790841296,8.4,6.9,59.710845947265625,3.3775625228881836,9.7938871383667,5.800000190734863,1,3.358459949493408,0.30000000000000004,7.7
11,1,0.0,8.1,2.9000000000000004,1.4959364790841296,8.4,6.9,60.210845947265625,3.360657215118408,9.760116577148438,5.800000190734863,1,3.341554641723633,0.30000000000000004,7.7
11,1,0.0,8.1,2.9000000000000004,1.4959364790841296,8.4,6.9,60.710845947265625,3.3441731929779053,9.726682662963867,5.800000190734863,1,3.32507061958313,0.30000000000000004,7.7
11,1,0.0,8.1,2.9000000000000004,1.4959364790841296,8.4,6.9,61.210845947265625,3.328101873397827,9.693573951721191,5.800000190734863,1,3.3089993000030518,0.30000000000000004,7.7
11,1,0.0,8.1,2.9000000000000004,1.4959364790841296,8.4,6.9,61.710845947265625,3.3124349117279053,9.660780906677246,5.800000190734863,1,3.29333233833313,0.30000000000000004,7.7
11,1,0.0,8.1,2.9000000000000004,1.4959364790841296,8.4,6.9,62.210845947265625,3.297163724899292,9.628294944763184,5.800000190734863,1,3.2780611515045166,0.30000000000000004,7.7
11,1,0.0,8.1,2.9000000000000004,1.4959364790841296,8.4,6.9,62.710845947265625,3.2822811603546143,9.59610652923584,5.800000190734863,1,3.263178586959839,0.30000000000000004,7.7
11,1,0.0,8.1,2.9000000000000004,1.4959364790841296,8.4,6.9,63.210845947265625,3.2677793502807617,9.56420612335205,5.800000190734863,1,3.2486767768859863,0.30000000000000004,7.7
11,1,0.0,8.1,2.9000000000000004,1.4959364790841296,8.4,6.9,63.710845947265625,3.2536509037017822,9.532586097717285,5.800000190734863,1,3.234548330307007,0.30000000000000004,7.7
11,1,0.0,8.1,2.9000000000000004,1.4959364790841296,8.4,6.9,64.21084594726562,3.239889144897461,9.501237869262695,5.800000190734863,1,3.2207865715026855,0.30000000000000004,7.7
11,1,0.0,8.1,2.9000000000000004,1.4959364790841296,8.4,6.9,64.71084594726562,3.226487398147583,9.470151901245117,5.800000190734863,1,3.2073848247528076,0.30000000000000004,7.7
11,1,0.0,8.1,2.9000000000000004,1.4959364790841296,8.4,6.9,65.21084594726562,3.2134387493133545,9.439321517944336,5.800000190734863,1,3.194336175918579,0.30000000000000004,7.7
11,1,0.0,8.1,2.9000000000000004,1.4959364790841296,8.4,6.9,65.71084594726562,3.200737237930298,9.40873908996582,5.800000190734863,1,3.1816346645355225,0.30000000000000004,7.7
11,1,0.0,8.1,2.9000000000000004,1.4959364790841296,8.4,6.9,66.21084594726562,3.1883766651153564,9.378396987915039,5.800000190734863,1,3.169274091720581,0.30000000000000004,7.7
11,1,0.0,8.1,2.9000000000000004,1.4959364790841296,8.4,6.9,66.71084594726562,3.176351308822632,9.348286628723145,5.800000190734863,1,3.1572487354278564,0.30000000000000004,7.7
11,1,0.0,8.1,2.9000000000000004,1.4959364790841296,8.4,6.9,67.21084594726562,3.1646554470062256,9.318401336669922,5.800000190734863,1,3.14555287361145,0.30000000000000004,7.7
11,1,0.0,8.1,2.9000000000000004,1.4959364790841296,8.4,6.9,67.71084594726562,3.1532838344573975,9.288735389709473,5.800000190734863,1,3.134181261062622,0.30000000000000004,7.7
11,1,0.0,8.1,2.9000000000000004,1.4959364790841296,8.4,6.9,68.21084594726562,3.142230987548828,9.25928020477295,5.800000190734863,1,3.1231284141540527,0.30000000000000004,7.7
11,1,0.0,8.1,2.9000000000000004,1.4959364790841296,8.4,6.9,68.71084594726562,3.1314921379089355,9.230030059814453,5.800000190734863,1,3.11238956451416,0.30000000000000004,7.7
11,1,0.0,8.1,2.9000000000000004,1.4959364790841296,8.4,6.9,69.21084594726562,3.1210622787475586,9.20097827911377,5.800000190734863,1,3.101959705352783,0.30000000000000004,7.7
11,1,0.0,8.1,2.9000000000000004,1.4959364790841296,8.4,6.9,69.71084594726562,3.1109366416931152,9.172118186950684,5.800000190734863,1,3.09183406829834,0.30000000000000004,7.7
11,1,0.0,8.1,2.9000000000000004,1.4959364790841296,8.4,6.9,70.21084594726562,3.1011109352111816,9.143444061279297,5.800000190734863,1,3.0820083618164062,0.30000000000000004,7.7
11,1,0.0,8.1,2.9000000000000004,1.4959364790841296,8.4,6.9,70.71084594726562,3.091580629348755,9.114949226379395,5.800000190734863,1,3.0724780559539795,0.30000000000000004,7.7
11,1,0.0,8.1,2.9000000000000004,1.4959364790841296,8.4,6.9,71.21084594726562,3.0823419094085693,9.086627960205078,5.800000190734863,1,3.063239336013794,0.30000000000000004,7.7
11,1,0.0,8.1,2.9000000000000004,1.4959364790841296,8.4,6.9,71.71084594726562,3.073390245437622,9.05847454071045,5.800000190734863,1,3.0542876720428467,0.30000000000000004,7.7
11,1,0.0,8.1,2.9000000000000004,1.4959364790841296,8.4,6.9,72.21084594726562,3.0647220611572266,9.030482292175293,5.800000190734863,1,3.045619487762451,0.30000000000000004,7.7
11,1,0.0,8.1,2.9000000000000004,1.4959364790841296,8.4,6.9,72.71084594726562,3.056333541870117,9.002647399902344,5.800000190734863,1,3.037230968475342,0.30000000000000004,7.7
11,1,0.0,8.1,2.9000000000000004,1.4959364790841296,8.4,6.9,73.21084594726562,3.0482211112976074,8.97496223449707,5.800000190734863,1,3.029118537902832,0.30000000000000004,7.7
11,1,0.0,8.1,2.9000000000000004,1.4959364790841296,8.4,6.9,73.71084594726562,3.04038143157959,8.947422981262207,5.800000190734863,1,3.0212788581848145,0.30000000000000004,7.7
11,1,0.0,8.1,2.9000000000000004,1.4959364790841296,8.4,6.9,74.21084594726562,0.0,,,0,3.0137085914611816,0.30000000000000004,7.7
11,1,0.0,8.1,2.9000000000000004,1.4959364790841296,8.4,6.9,74.71084594726562,3.0255072116851807,8.892760276794434,5.800000190734863,1,3.0064046382904053,0.30000000000000004,7.7
11,1,0.0,8.1,2.9000000000000004,1.4959364790841296,8.4,6.9,75.21084594726562,3.0184662342071533,8.865625381469727,5.800000190734863,1,2.999363660812378,0.30000000000000004,7.7
11,1,0.0,8.1,2.9000000000000004,1.4959364790841296,8.4,6.9,75.71084594726562,3.011685609817505,8.838616371154785,5.800000190734863,1,2.9925830364227295,0.30000000000000004,7.7
11,1,0.0,8.1,2.9000000000000004,1.4959364790841296,8.4,6.9,76.21084594726562,3.005162477493286,8.811726570129395,5.800000190734863,1,2.9860599040985107,0.30000000000000004,7.7
11,1,0.0,8.1,2.9000000000000004,1.4959364790841296,8.4,6.9,76.71084594726562,2.998894214630127,8.784951210021973,5.800000190734863,1,2.9797916412353516,0.30000000000000004,7.7
11,1,0.0,8.1,2.9000000000000004,1.4959364790841296,8.4,6.9,77.21084594726562,2.9928781986236572,8.758286476135254,5.800000190734863,1,2.973775625228882,0.30000000000000004,7.7
11,1,0.0,8.1,2.9000000000000004,1.4959364790841296,8.4,6.9,77.71084594726562,2.987111806869507,8.731727600097656,5.800000190734863,1,2.9680092334747314,0.30000000000000004,7.7
11,1,0.0,8.1,2.9000000000000004,1.4959364790841296,8.4,6.9,78.21084594726562,2.981593132019043,8.705268859863281,5.800000190734863,1,2.9624905586242676,0.30000000000000004,7.7
11,1,0.0,8.1,2.9000000000000004,1.4959364790841296,8.4,6.9,78.71084594726562,2.9763195514678955,8.678906440734863,5.800000190734863,1,2.95721697807312,0.30000000000000004,7.7
11,1,0.0,8.1,2.9000000000000004,1.4959364790841296,8.4,6.9,79.21084594726562,0.0,,,0,2.9521865844726562,0.30000000000000004,7.7
11,1,0.0,8.1,2.9000000000000004,1.4959364790841296,8.4,6.9,79.71084594726562,2.9665000438690186,8.626452445983887,5.800000190734863,1,2.947397470474243,0.30000000000000004,7.7
11,1,0.0,8.1,2.9000000000000004,1.4959364790841296,8.4,6.9,80.21084594726562,2.9619500637054443,8.600351333618164,5.800000190734863,1,2.942847490310669,0.30000000000000004,7.7
11,1,0.0,8.1,2.9000000000000004,1.4959364790841296,8.4,6.9,80.71084594726562,2.9576375484466553,8.574329376220703,5.800000190734863,1,2.93853497505188,0.30000000000000004,7.7
11,1,0.0,8.1,2.9000000000000004,1.4959364790841296,8.4,6.9,81.21084594726562,2.9535610675811768,8.548381805419922,5.800000190734863,1,2.9344584941864014,0.30000000000000004,7.7
11,1,0.0,8.1,2.9000000000000004,1.4959364790841296,8.4,6.9,81.71084594726562,2.949718475341797,8.522503852844238,5.800000190734863,1,2.9306159019470215,0.30000000000000004,7.7
11,1,0.0,8.1,2.9000000000000004,1.4959364790841296,8.4,6.9,82.21084594726562,2.94610857963562,8.496691703796387,5.800000190734863,1,2.9270060062408447,0.30000000000000004,7.7
11,1,0.0,8.1,2.9000000000000004,1.4959364790841296,8.4,6.9,82.71084594726562,2.942729949951172,8.470940589904785,5.800000190734863,1,2.9236273765563965,0.30000000000000004,7.7
11,1,0.0,8.1,2.9000000000000004,1.4959364790841296,8.4,6.9,83.21084594726562,2.9395811557769775,8.445247650146484,5.800000190734863,1,2.920478582382202,0.30000000000000004,7.7
11,1,0.0,8.1,2.9000000000000004,1.4959364790841296,8.4,6.9,83.71084594726562,2.9366612434387207,8.419607162475586,5.800000190734863,1,2.9175586700439453,0.30000000000000004,7.7
11,1,0.0,8.1,2.9000000000000004,1.4959364790841296,8.4,6.9,84.21084594726562,2.933969020843506,8.39401626586914,5.800000190734863,1,2.9148664474487305,0.30000000000000004,7.7
11,1,0.0,8.1,2.9000000000000004,1.4959364790841296,8.4,6.9,84.71084594726562,2.9315030574798584,8.368471145629883,5.800000190734863,1,2.912400484085083,0.30000000000000004,7.7
11,1,0.0,8.1,2.9000000000000004,1.4959364790841296,8.4,6.9,85.21084594726562,2.92926287651062,8.34296703338623,5.800000190734863,1,2.9101603031158447,0.30000000000000004,7.7
11,1,0.0,8.1,2.9000000000000004,1.4959364790841296,8.4,6.9,85.71084594726562,2.9272472858428955,8.317500114440918,5.800000190734863,1,2.90814471244812,0.30000000000000004,7.7
11,1,0.0,8.1,2.9000000000000004,1.4959364790841296,8.4,6.9,86.21084594726562,2.9254558086395264,8.29206657409668,5.800000190734863,1,2.906353235244751,0.30000000000000004,7.7
11,1,0.0,8.1,2.9000000000000004,1.4959364790841296,8.4,6.9,86.71084594726562,2.9238877296447754,8.26666259765625,5.800000190734863,1,2.90478515625,0.30000000000000004,7.7
11,1,0.0,8.1,2.9000000000000004,1.4959364790841296,8.4,6.9,87.21084594726562,2.922542095184326,8.241283416748047,5.800000190734863,1,2.903439521789551,0.30000000000000004,7.7
11,1,0.0,8.1,2.9000000000000004,1.4959364790841296,8.4,6.9,87.71084594726562,2.9214186668395996,8.215926170349121,5.800000190734863,1,2.902316093444824,0.30000000000000004,7.7
11,1,0.0,8.1,2.9000000000000004,1.4959364790841296,8.4,6.9,88.21084594726562,2.9205169677734375,8.190587043762207,5.800000190734863,1,2.901414394378662,0.30000000000000004,7.7
11,1,0.0,8.1,2.9000000000000004,1.4959364790841296,8.4,6.9,88.71084594726562,2.9198367595672607,8.165261268615723,5.800000190734863,1,2.9007341861724854,0.30000000000000004,7.7
11,1,0.0,8.1,2.9000000000000004,1.4959364790841296,8.4,6.9,89.21084594726562,2.919377565383911,8.139945030212402,5.800000190734863,1,2.9002749919891357,0.30000000000000004,7.7
11,1,0.0,8.1,2.9000000000000004,1.4959364790841296,8.4,6.9,89.71084594726562,2.9191393852233887,8.114635467529297,5.800000190734863,1,2.9000368118286133,0.30000000000000004,7.7
11,1,0.0,8.1,2.9000000000000004,1.4959364790841296,8.4,6.9,90.21084594726562,2.9191222190856934,8.089327812194824,5.800000190734863,1,2.900019645690918,0.30000000000000004,7.7
11,1,0.0,8.1,2.9000000000000004,1.4959364790841296,8.4,6.9,90.71084594726562,2.919325828552246,8.064019203186035,5.800000190734863,1,2.9002232551574707,0.30000000000000004,7.7
11,1,0.0,8.1,2.9000000000000004,1.4959364790841296,8.4,6.9,91.21084594726562,2.919750213623047,8.038704872131348,5.800000190734863,1,2.9006476402282715,0.30000000000000004,7.7
11,1,0.0,8.1,2.9000000000000004,1.4959364790841296,8.4,6.9,91.71084594726562,2.920395851135254,8.01338005065918,5.800000190734863,1,2.9012932777404785,0.30000000000000004,7.7
11,1,0.0,8.1,2.9000000000000004,1.4959364790841296,8.4,6.9,92.21084594726562,2.921262741088867,7.988043308258057,5.800000190734863,1,2.902160167694092,0.30000000000000004,7.7
11,1,0.0,8.1,2.9000000000000004,1.4959364790841296,8.4,6.9,92.71084594726562,2.922351598739624,7.962689399719238,5.800000190734863,1,2.9032490253448486,0.30000000000000004,7.7
11,1,0.0,8.1,2.9000000000000004,1.4959364790841296,8.4,6.9,93.21084594726562,2.9236621856689453,7.937314033508301,5.800000190734863,1,2.90455961227417,0.30000000000000004,7.7
11,1,0.0,8.1,2.9000000000000004,1.4959364790841296,8.4,6.9,93.71084594726562,2.9251954555511475,7.911914348602295,5.800000190734863,1,2.906092882156372,0.30000000000000004,7.7
11,1,0.0,8.1,2.9000000000000004,1.4959364790841296,8.4,6.9,94.21084594726562,2.9269521236419678,7.886485576629639,5.800000190734863,1,2.9078495502471924,0.30000000000000004,7.7
11,1,0.0,8.1,2.9000000000000004,1.4959364790841296,8.4,6.9,94.71084594726562,2.9289324283599854,7.861023902893066,5.800000190734863,1,2.90982985496521,0.30000000000000004,7.7
11,1,0.0,8.1,2.9000000000000004,1.4959364790841296,8.4,6.9,95.21084594726562,2.9311373233795166,7.835525989532471,5.800000190734863,1,2.912034749984741,0.30000000000000004,7.7
11,1,0.0,8.1,2.9000000000000004,1.4959364790841296,8.4,6.9,95.71084594726562,2.933567762374878,7.8099870681762695,5.800000190734863,1,2.9144651889801025,0.30000000000000004,7.7
11,1,0.0,8.1,2.9000000000000004,1.4959364790841296,8.4,6.9,96.21084594726562,2.9362246990203857,7.7844038009643555,5.800000190734863,1,2.9171221256256104,0.30000000000000004,7.7
11,1,0.0,8.1,2.9000000000000004,1.4959364790841296,8.4,6.9,96.71084594726562,2.9391088485717773,7.758771896362305,5.800000190734863,1,2.920006275177002,0.30000000000000004,7.7
11,1,0.0,8.1,2.9000000000000004,1.4959364790841296,8.4,6.9,97.21084594726562,2.9422216415405273,7.733087062835693,5.800000190734863,1,2.923119068145752,0.30000000000000004,7.7
11,1,0.0,8.1,2.9000000000000004,1.4959364790841296,8.4,6.9,97.71084594726562,2.9455642700195312,7.707345485687256,5.800000190734863,1,2.926461696624756,0.30000000000000004,7.7
11,1,0.0,8.1,2.9000000000000004,1.4959364790841296,8.4,6.9,98.21084594726562,2.9491376876831055,7.681543350219727,5.800000190734863,1,2.93003511428833,0.30000000000000004,7.7
11,1,0.0,8.1,2.9000000000000004,1.4959364790841296,8.4,6.9,98.71084594726562,2.952943801879883,7.655675888061523,5.800000190734863,1,2.9338412284851074,0.30000000000000004,7.7
11,1,0.0,8.1,2.9000000000000004,1.4959364790841296,8.4,6.9,99.21084594726562,2.9569835662841797,7.629739284515381,5.800000190734863,1,2.9378809928894043,0.30000000000000004,7.7
11,1,0.0,8.1,2.9000000000000004,1.4959364790841296,8.4,6.9,99.71084594726562,2.961259126663208,7.603728771209717,5.800000190734863,1,2.9421565532684326,0.30000000000000004,7.7
11,1,0.0,8.1,2.9000000000000004,1.4959364790841296,8.4,6.9,100.21084594726562,2.9657716751098633,7.577641010284424,5.800000190734863,1,2.946669101715088,0.30000000000000004,7.7
11,1,0.0,8.1,2.9000000000000004,1.4959364790841296,8.4,6.9,100.71084594726562,2.9705233573913574,7.551470756530762,5.800000190734863,1,2.951420783996582,0.30000000000000004,7.7
11,1,0.0,8.1,2.9000000000000004,1.4959364790841296,8.4,6.9,101.21084594726562,2.975515842437744,7.525214195251465,5.800000190734863,1,2.9564132690429688,0.30000000000000004,7.7
11,1,0.0,8.1,2.9000000000000004,1.4959364790841296,8.4,6.9,101.71084594726562,2.9807510375976562,7.498866081237793,5.800000190734863,1,2.961648464202881,0.30000000000000004,7.7
11,1,0.0,8.1,2.9000000000000004,1.4959364790841296,8.4,6.9,102.21084594726562,2.9862313270568848,7.472423076629639,5.800000190734863,1,2.9671287536621094,0.30000000000000004,7.7
11,1,0.0,8.1,2.9000000000000004,1.4959364790841296,8.4,6.9,102.71084594726562,2.9919586181640625,7.445879936218262,5.800000190734863,1,2.972856044769287,0.30000000000000004,7.7
11,1,0.0,8.1,2.9000000000000004,1.4959364790841296,8.4,6.9,103.21084594726562,2.9979355335235596,7.41923189163208,5.800000190734863,1,2.978832960128784,0.30000000000000004,7.7
11,1,0.0,8.1,2.9000000000000004,1.4959364790841296,8.4,6.9,103.71084594726562,3.004163980484009,7.39247465133667,5.800000190734863,1,2.9850614070892334,0.30000000000000004,7.7
11,1,0.0,8.1,2.9000000000000004,1.4959364790841296,8.4,6.9,104.21084594726562,3.0106470584869385,7.365602970123291,5.800000190734863,1,2.991544485092163,0.30000000000000004,7.7
11,1,0.0,8.1,2.9000000000000004,1.4959364790841296,8.4,6.9,104.71084594726562,3.0173871517181396,7.3386125564575195,5.800000190734863,1,2.9982845783233643,0.30000000000000004,7.7
11,1,0.0,8.1,2.9000000000000004,1.4959364790841296,8.4,6.9,105.21084594726562,3.0243871212005615,7.311497688293457,5.800000190734863,1,3.005284547805786,0.30000000000000004,7.7
11,1,0.0,8.1,2.9000000000000004,1.4959364790841296,8.4,6.9,105.71084594726562,3.0316498279571533,7.284254550933838,5.800000190734863,1,3.012547254562378,0.30000000000000004,7.7
11,1,0.0,8.1,2.9000000000000004,1.4959364790841296,8.4,6.9,106.21084594726562,3.0391781330108643,7.2568769454956055,5.800000190734863,1,3.020075559616089,0.30000000000000004,7.7
11,1,0.0,8.1,2.9000000000000004,1.4959364790841296,8.4,6.9,106.71084594726562,3.0469753742218018,7.2293596267700195,5.800000190734863,1,3.0278728008270264,0.30000000000000004,7.7
11,1,0.0,8.1,2.9000000000000004,1.4959364790841296,8.4,6.9,107.21084594726562,3.0550448894500732,7.201698303222656,5.800000190734863,1,3.035942316055298,0.30000000000000004,7.7
11,1,0.0,8.1,2.9000000000000004,1.4959364790841296,8.4,6.9,107.71084594726562,3.063389778137207,7.173886775970459,5.800000190734863,1,3.0442872047424316,0.30000000000000004,7.7
11,1,0.0,8.1,2.9000000000000004,1.4959364790841296,8.4,6.9,108.21084594726562,3.072014093399048,7.145920276641846,5.800000190734863,1,3.0529115200042725,0.30000000000000004,7.7
11,1,0.0,8.1,2.9000000000000004,1.4959364790841296,8.4,6.9,108.71084594726562,3.080920934677124,7.117792129516602,5.800000190734863,1,3.0618183612823486,0.30000000000000004,7.7
11,1,0.0,8.1,2.9000000000000004,1.4959364790841296,8.4,6.9,109.21084594726562,3.0901145935058594,7.0894975662231445,5.800000190734863,1,3.071012020111084,0.30000000000000004,7.7
11,1,0.0,8.1,2.9000000000000004,1.4959364790841296,8.4,6.9,109.71084594726562,3.0995988845825195,7.061030387878418,5.800000190734863,1,3.080496311187744,0.30000000000000004,7.7
11,1,0.0,8.1,2.9000000000000004,1.4959364790841296,8.4,6.9,110.21084594726562,3.1093780994415283,7.032384395599365,5.800000190734863,1,3.090275526046753,0.30000000000000004,7.7
11,1,0.0,8.1,2.9000000000000004,1.4959364790841296,8.4,6.9,110.71084594726562,3.1194565296173096,7.003553867340088,5.800000190734863,1,3.100353956222534,0.30000000000000004,7.7
11,1,0.0,8.1,2.9000000000000004,1.4959364790841296,8.4,6.9,111.21084594726562,0.0,,,0,3.1107358932495117,0.30000000000000004,7.7
11,1,0.0,8.1,2.9000000000000004,1.4959364790841296,8.4,6.9,111.71084594726562,3.140528440475464,6.945313930511475,5.800000190734863,1,3.1214258670806885,0.30000000000000004,7.7
11,1,0.0,8.1,2.9000000000000004,1.4959364790841296,8.4,6.9,112.21084594726562,3.151531934738159,6.915891647338867,5.800000190734863,1,3.132429361343384,0.30000000000000004,7.7
11,1,0.0,8.1,2.9000000000000004,1.4959364790841296,8.4,6.9,112.71084594726562,3.162853240966797,6.886258602142334,5.800000190734863,1,3.1437506675720215,0.30000000000000004,7.7
11,1,0.0,8.1,2.9000000000000004,1.4959364790841296,8.4,6.9,113.21084594726562,3.1744978427886963,6.856408596038818,5.800000190734863,1,3.155395269393921,0.30000000000000004,7.7
11,1,0.0,8.1,2.9000000000000004,1.4959364790841296,8.4,6.9,113.71084594726562,3.1864712238311768,6.826333999633789,5.800000190734863,1,3.1673686504364014,0.30000000000000004,7.7
11,1,0.0,8.1,2.9000000000000004,1.4959364790841296,8.4,6.9,114.21084594726562,3.1987788677215576,6.7960286140441895,5.800000190734863,1,3.1796762943267822,0.30000000000000004,7.7
11,1,0.0,8.1,2.9000000000000004,1.4959364790841296,8.4,6.9,114.71084594726562,3.2114267349243164,6.765483856201172,5.800000190734863,1,3.192324161529541,0.30000000000000004,7.7
11,1,0.0,8.1,2.9000000000000004,1.4959364790841296,8.4,6.9,115.21084594726562,3.2244205474853516,6.7346930503845215,5.800000190734863,1,3.205317974090576,0.30000000000000004,7.7
11,1,0.0,8.1,2.9000000000000004,1.4959364790841296,8.4,6.9,115.71084594726562,3.237766742706299,6.703648090362549,5.800000190734863,1,3.2186641693115234,0.30000000000000004,7.7
11,1,0.0,8.1,2.9000000000000004,1.4959364790841296,8.4,6.9,116.21084594726562,3.251471757888794,6.6723408699035645,5.800000190734863,1,3.2323691844940186,0.30000000000000004,7.7
11,1,0.0,8.1,2.9000000000000004,1.4959364790841296,8.4,6.9,116.71084594726562,3.2655420303344727,6.640764236450195,5.800000190734863,1,3.2464394569396973,0.30000000000000004,7.7
11,1,0.0,8.1,2.9000000000000004,1.4959364790841296,8.4,6.9,117.21084594726562,3.279984951019287,6.608908176422119,5.800000190734863,1,3.2608823776245117,0.30000000000000004,7.7
11,1,0.0,8.1,2.9000000000000004,1.4959364790841296,8.4,6.9,117.71084594726562,3.2948076725006104,6.576765537261963,5.800000190734863,1,3.275705099105835,0.30000000000000004,7.7
11,1,0.0,8.1,2.9000000000000004,1.4959364790841296,8.4,6.9,118.21084594726562,3.3100173473358154,6.5443267822265625,5.800000190734863,1,3.29091477394104,0.30000000000000004,7.7
11,1,0.0,8.1,2.9000000000000004,1.4959364790841296,8.4,6.9,118.71084594726562,3.3256218433380127,6.511582851409912,5.800000190734863,1,3.3065192699432373,0.30000000000000004,7.7
11,1,0.0,8.1,2.9000000000000004,1.4959364790841296,8.4,6.9,119.21084594726562,3.3416292667388916,6.478524208068848,5.800000190734863,1,3.322526693344116,0.30000000000000004,7.7
11,1,0.0,8.1,2.9000000000000004,1.4959364790841296,8.4,6.9,119.71084594726562,3.3580479621887207,6.445141315460205,5.800000190734863,1,3.3389453887939453,0.30000000000000004,7.7
11,1,0.0,8.1,2.9000000000000004,1.4959364790841296,8.4,6.9,120.21084594726562,3.3748867511749268,6.41142463684082,5.800000190734863,1,3.3557841777801514,0.30000000000000004,7.7
11,1,0.0,8.1,2.9000000000000004,1.4959364790841296,8.4,6.9,120.71084594726562,3.3921542167663574,6.377363204956055,5.800000190734863,1,3.373051643371582,0.30000000000000004,7.7
11,1,0.0,8.1,2.9000000000000004,1.4959364790841296,8.4,6.9,121.21084594726562,3.4098598957061768,6.342947006225586,5.800000190734863,1,3.3907573223114014,0.30000000000000004,7.7
11,1,0.0,8.1,2.9000000000000004,1.4959364790841296,8.4,6.9,121.71084594726562,3.428013324737549,6.308165073394775,5.800000190734863,1,3.4089107513427734,0.30000000000000004,7.7
11,1,0.0,8.1,2.9000000000000004,1.4959364790841296,8.4,6.9,122.21084594726562,3.446624755859375,6.273005962371826,5.800000190734863,1,3.4275221824645996,0.30000000000000004,7.7
11,1,0.0,8.1,2.9000000000000004,1.4959364790841296,8.4,6.9,122.71084594726562,3.4657044410705566,6.237457752227783,5.800000190734863,1,3.4466018676757812,0.30000000000000004,7.7
11,1,0.0,8.1,2.9000000000000004,1.4959364790841296,8.4,6.9,123.21084594726562,3.4852631092071533,6.20150899887085,5.800000190734863,1,3.466160535812378,0.30000000000000004,7.7
11,1,0.0,8.1,2.9000000000000004,1.4959364790841296,8.4,6.9,123.71084594726562,3.442514181137085,6.199999809265137,5.7477617263793945,1,3.4234116077423096,0.30000000000000004,7.7
11,1,0.0,8.1,2.9000000000000004,1.4959364790841296,8.4,6.9,124.21084594726562,3.3984427452087402,6.199999809265137,5.694626808166504,1,3.379340171813965,0.30000000000000004,7.7
11,1,0.0,8.1,2.9000000000000004,1.4959364790841296,8.4,6.9,124.71084594726562,3.3557424545288086,6.199999809265137,5.642838954925537,1,3.336639881134033,0.30000000000000004,7.7
11,1,0.0,8.1,2.9000000000000004,1.4959364790841296,8.4,6.9,125.21084594726562,3.3143556118011475,6.199999809265137,5.592339515686035,1,3.295253038406372,0.30000000000000004,7.7
11,1,0.0,8.1,2.9000000000000004,1.4959364790841296,8.4,6.9,125.71084594726562,3.2742276191711426,6.199999809265137,5.543073654174805,1,3.255125045776367,0.30000000000000004,7.7
11,1,0.0,8.1,2.9000000000000004,1.4959364790841296,8.4,6.9,126.21084594726562,3.235307216644287,6.199999809265137,5.49498987197876,1,3.2162046432495117,0.30000000000000004,7.7
11,1,0.0,8.1,2.9000000000000004,1.4959364790841296,8.4,6.9,126.71084594726562,3.1975457668304443,6.199999809265137,5.448038578033447,1,3.178443193435669,0.30000000000000004,7.7
11,1,0.0,8.1,2.9000000000000004,1.4959364790841296,8.4,6.9,127.21084594726562,3.1608972549438477,6.199999809265137,5.40217399597168,1,3.1417946815490723,0.30000000000000004,7.7
11,1,0.0,8.1,2.9000000000000004,1.4959364790841296,8.4,6.9,127.71084594726562,3.1253180503845215,6.199999809265137,5.357351303100586,1,3.106215476989746,0.30000000000000004,7.7
11,1,0.0,8.1,2.9000000000000004,1.4959364790841296,8.4,6.9,128.21084594726562,3.0907669067382812,6.199999809265137,5.313529014587402,1,3.071664333343506,0.30000000000000004,7.7
11,1,0.0,8.1,2.9000000000000004,1.4959364790841296,8.4,6.9,128.71084594726562,3.0572049617767334,6.199999809265137,5.270668029785156,1,3.038102388381958,0.30000000000000004,7.7
11,1,0.0,8.1,2.9000000000000004,1.4959364790841296,8.4,6.9,129.21084594726562,3.024594783782959,6.199999809265137,5.228729724884033,1,3.0054922103881836,0.30000000000000004,7.7
11,1,0.0,8.1,2.9000000000000004,1.4959364790841296,8.4,6.9,129.71084594726562,2.99290132522583,6.199999809265137,5.187679767608643,1,2.9737987518310547,0.30000000000000004,7.7
11,1,0.0,8.1,2.9000000000000004,1.4959364790841296,8.4,6.9,130.21084594726562,2.9620909690856934,6.199999809265137,5.1474833488464355,1,2.942988395690918,0.30000000000000004,7.7
11,1,0.0,8.1,2.9000000000000004,1.4959364790841296,8.4,6.9,130.71084594726562,2.9321322441101074,6.199999809265137,5.108108043670654,1,2.913029670715332,0.30000000000000004,7.7
11,1,0.0,8.1,2.9000000000000004,1.4959364790841296,8.4,6.9,131.21084594726562,2.9029946327209473,6.199999809265137,5.069523811340332,1,2.883892059326172,0.30000000000000004,7.7
11,1,0.0,8.1,2.9000000000000004,1.4959364790841296,8.4,6.9,131.71084594726562,2.8746492862701416,6.199999809265137,5.031700611114502,1,2.855546712875366,0.30000000000000004,7.7
11,1,0.0,8.1,2.9000000000000004,1.4959364790841296,8.4,6.9,132.21084594726562,2.847069263458252,6.199999809265137,4.9946112632751465,1,2.8279666900634766,0.30000000000000004,7.7
11,1,0.0,8.1,2.9000000000000004,1.4959364790841296,8.4,6.9,132.71084594726562,2.820228099822998,6.199999809265137,4.95822811126709,1,2.8011255264282227,0.30000000000000004,7.7
11,1,0.0,8.1,2.9000000000000004,1.4959364790841296,8.4,6.9,133.21084594726562,2.7941009998321533,6.199999809265137,4.922527313232422,1,2.774998426437378,0.30000000000000004,7.7
11,1,0.0,8.1,2.9000000000000004,1.4959364790841296,8.4,6.9,133.71084594726562,2.7686641216278076,6.199999809265137,4.8874831199646,1,2.7495615482330322,0.30000000000000004,7.7
11,1,0.0,8.1,2.9000000000000004,1.4959364790841296,8.4,6.9,134.21084594726562,2.7438950538635254,6.199999809265137,4.8530731201171875,1,2.72479248046875,0.30000000000000004,7.7
11,1,0.0,8.1,2.9000000000000004,1.4959364790841296,8.4,6.9,134.71084594726562,2.7197721004486084,6.199999809265137,4.81927490234375,1,2.700669527053833,0.30000000000000004,7.7
11,1,0.0,8.1,2.9000000000000004,1.4959364790841296,8.4,6.9,135.21084594726562,2.696274518966675,6.199999809265137,4.786067485809326,1,2.6771719455718994,0.30000000000000004,7.7
11,1,0.0,8.1,2.9000000000000004,1.4959364790841296,8.4,6.9,135.71084594726562,0.0,,,0,2.654280185699463,0.30000000000000004,7.7
11,1,0.0,8.1,2.9000000000000004,1.4959364790841296,8.4,6.9,136.21084594726562,2.65107798576355,6.199999809265137,4.721343994140625,1,2.6319754123687744,0.30000000000000004,7.7
11,1,0.0,8.1,2.9000000000000004,1.4959364790841296,8.4,6.9,136.71084594726562,2.6293420791625977,6.199999809265137,4.68979024887085,1,2.6102395057678223,0.30000000000000004,7.7
11,1,0.0,8.1,2.9000000000000004,1.4959364790841296,8.4,6.9,137.21084594726562,2.6081576347351074,6.199999809265137,4.658751487731934,1,2.589055061340332,0.30000000000000004,7.7
11,1,0.0,8.1,2.9000000000000004,1.4959364790841296,8.4,6.9,137.71084594726562,2.5875084400177,6.199999809265137,4.628209590911865,1,2.568405866622925,0.30000000000000004,7.7
11,1,0.0,8.1,2.9000000000000004,1.4959364790841296,8.4,6.9,138.21084594726562,2.567378520965576,6.199999809265137,4.598148822784424,1,2.548275947570801,0.30000000000000004,7.7
11,1,0.0,8.1,2.9000000000000004,1.4959364790841296,8.4,6.9,138.71084594726562,2.547752618789673,6.199999809265137,4.568553447723389,1,2.5286500453948975,0.30000000000000004,7.7
11,1,0.0,8.1,2.9000000000000004,1.4959364790841296,8.4,6.9,139.21084594726562,2.528616428375244,6.199999809265137,4.539408206939697,1,2.5095138549804688,0.30000000000000004,7.7
11,1,0.0,8.1,2.9000000000000004,1.4959364790841296,8.4,6.9,139.71084594726562,2.509956121444702,6.199999809265137,4.5106987953186035,1,2.4908535480499268,0.30000000000000004,7.7
11,1,0.0,8.1,2.9000000000000004,1.4959364790841296,8.4,6.9,140.21084594726562,2.491757869720459,6.199999809265137,4.482410907745361,1,2.4726552963256836,0.30000000000000004,7.7
11,1,0.0,8.1,2.9000000000000004,1.4959364790841296,8.4,6.9,140.71084594726562,2.4740095138549805,6.199999809265137,4.454531192779541,1,2.454906940460205,0.30000000000000004,7.7
11,1,0.0,8.1,2.9000000000000004,1.4959364790841296,8.4,6.9,141.21084594726562,2.456698179244995,6.199999809265137,4.427047252655029,1,2.4375956058502197,0.30000000000000004,7.7
11,1,0.0,8.1,2.9000000000000004,1.4959364790841296,8.4,6.9,141.71084594726562,2.439812660217285,6.199999809265137,4.3999457359313965,1,2.4207100868225098,0.30000000000000004,7.7
11,1,0.0,8.1,2.9000000000000004,1.4959364790841296,8.4,6.9,142.21084594726562,0.0,,,0,2.40423846244812,0.30000000000000004,7.7
11,1,0.0,8.1,2.9000000000000004,1.4959364790841296,8.4,6.9,142.71084594726562,2.4072728157043457,6.199999809265137,4.346843719482422,1,2.3881702423095703,0.30000000000000004,7.7
11,1,0.0,8.1,2.9000000000000004,1.4959364790841296,8.4,6.9,143.21084594726562,2.391597270965576,6.199999809265137,4.3208208084106445,1,2.372494697570801,0.30000000000000004,7.7
11,1,0.0,8.1,2.9000000000000004,1.4959364790841296,8.4,6.9,143.71084594726562,2.3763046264648438,6.199999809265137,4.295135021209717,1,2.3572020530700684,0.30000000000000004,7.7
11,1,0.0,8.1,2.9000000000000004,1.4959364790841296,8.4,6.9,144.21084594726562,2.3613851070404053,6.199999809265137,4.269776344299316,1,2.34228253364563,0.30000000000000004,7.7
11,1,0.0,8.1,2.9000000000000004,1.4959364790841296,8.4,6.9,144.71084594726562,0.0,,,0,2.3277268409729004,0.30000000000000004,7.7
11,1,0.0,8.1,2.9000000000000004,1.4959364790841296,8.4,6.9,145.21084594726562,2.3326287269592285,6.199999809265137,4.220001220703125,1,2.313526153564453,0.30000000000000004,7.7
11,1,0.0,8.1,2.9000000000000004,1.4959364790841296,8.4,6.9,145.71084594726562,2.3187739849090576,6.199999809265137,4.195565223693848,1,2.2996714115142822,0.30000000000000004,7.7
11,1,0.0,8.1,2.9000000000000004,1.4959364790841296,8.4,6.9,146.21084594726562,2.305257558822632,6.199999809265137,4.171418190002441,1,2.2861549854278564,0.30000000000000004,7.7
11,1,0.0,8.1,2.9000000000000004,1.4959364790841296,8.4,6.9,146.71084594726562,2.2920711040496826,6.199999809265137,4.147552013397217,1,2.2729685306549072,0.30000000000000004,7.7
11,1,0.0,8.1,2.9000000000000004,1.4959364790841296,8.4,6.9,147.21084594726562,2.2792069911956787,6.199999809265137,4.123957633972168,1,2.2601044178009033,0.30000000000000004,7.7
11,1,0.0,8.1,2.9000000000000004,1.4959364790841296,8.4,6.9,147.71084594726562,2.266657829284668,6.199999809265137,4.1006269454956055,1,2.2475552558898926,0.30000000000000004,7.7
11,1,0.0,8.1,2.9000000000000004,1.4959364790841296,8.4,6.9,148.21084594726562,2.2544164657592773,6.199999809265137,4.07755184173584,1,2.235313892364502,0.30000000000000004,7.7
11,1,0.0,8.1,2.9000000000000004,1.4959364790841296,8.4,6.9,148.71084594726562,0.0,,,0,2.2233738899230957,0.30000000000000004,7.7
11,1,0.0,8.1,2.9000000000000004,1.4959364790841296,8.4,6.9,149.21084594726562,2.230830669403076,6.199999809265137,4.032139778137207,1,2.211728096008301,0.30000000000000004,7.7
11,1,0.0,8.1,2.9000000000000004,1.4959364790841296,8.4,6.9,149.71084594726562,2.219472885131836,6.199999809265137,4.0097880363464355,1,2.2003703117370605,0.30000000000000004,7.7
11,1,0.0,8.1,2.9000000000000004,1.4959364790841296,8.4,6.9,150.21084594726562,2.2083969116210938,6.199999809265137,3.9876625537872314,1,2.1892943382263184,0.30000000000000004,7.7
11,1,0.0,8.1,2.9000000000000004,1.4959364790841296,8.4,6.9,150.71084594726562,2.1975972652435303,6.199999809265137,3.965757369995117,1,2.178494691848755,0.30000000000000004,7.7
11,1,0.0,8.1,2.9000000000000004,1.4959364790841296,8.4,6.9,151.21084594726562,2.187067747116089,6.199999809265137,3.944065570831299,1,2.1679651737213135,0.30000000000000004,7.7
11,1,0.0,8.1,2.9000000000000004,1.4959364790841296,8.4,6.9,151.71084594726562,2.1768031120300293,6.199999809265137,3.9225807189941406,1,2.157700538635254,0.30000000000000004,7.7
11,1,0.0,8.1,2.9000000000000004,1.4959364790841296,8.4,6.9,152.21084594726562,2.1667978763580322,6.199999809265137,3.901296615600586,1,2.147695302963257,0.30000000000000004,7.7
11,1,0.0,8.1,2.9000000000000004,1.4959364790841296,8.4,6.9,152.71084594726562,2.1570472717285156,6.199999809265137,3.8802077770233154,1,2.1379446983337402,0.30000000000000004,7.7
11,1,0.0,8.1,2.9000000000000004,1.4959364790841296,8.4,6.9,153.21084594726562,2.1475460529327393,6.199999809265137,3.8593075275421143,1,2.128443479537964,0.30000000000000004,7.7
11,1,0.0,8.1,2.9000000000000004,1.4959364790841296,8.4,6.9,153.71084594726562,2.138289451599121,6.199999809265137,3.8385910987854004,1,2.1191868782043457,0.30000000000000004,7.7
11,1,0.0,8.1,2.9000000000000004,1.4959364790841296,8.4,6.9,154.21084594726562,2.1292731761932373,6.199999809265137,3.818052291870117,1,2.110170602798462,0.30000000000000004,7.7
11,1,0.0,8.1,2.9000000000000004,1.4959364790841296,8.4,6.9,154.71084594726562,2.120492458343506,6.199999809265137,3.7976858615875244,1,2.1013898849487305,0.30000000000000004,7.7
11,1,0.0,8.1,2.9000000000000004,1.4959364790841296,8.4,6.9,155.21084594726562,2.111943483352661,6.199999809265137,3.777486801147461,1,2.0928409099578857,0.30000000000000004,7.7
11,1,0.0,8.1,2.9000000000000004,1.4959364790841296,8.4,6.9,155.71084594726562,2.1036217212677,6.199999809265137,3.7574498653411865,1,2.084519147872925,0.30000000000000004,7.7
11,1,0.0,8.1,2.9000000000000004,1.4959364790841296,8.4,6.9,156.21084594726562,2.0955235958099365,6.199999809265137,3.737570285797119,1,2.076421022415161,0.30000000000000004,7.7
11,1,0.0,8.1,2.9000000000000004,1.4959364790841296,8.4,6.9,156.71084594726562,2.0876448154449463,6.199999809265137,3.7178428173065186,1,2.068542242050171,0.30000000000000004,7.7
11,1,0.0,8.1,2.9000000000000004,1.4959364790841296,8.4,6.9,157.21084594726562,2.079982042312622,6.199999809265137,3.698263168334961,1,2.0608794689178467,0.30000000000000004,7.7
11,1,0.0,8.1,2.9000000000000004,1.4959364790841296,8.4,6.9,157.71084594726562,2.0725317001342773,6.199999809265137,3.6788265705108643,1,2.053429126739502,0.30000000000000004,7.7
11,1,0.0,8.1,2.9000000000000004,1.4959364790841296,8.4,6.9,158.21084594726562,2.0652902126312256,6.199999809265137,3.6595284938812256,1,2.04618763923645,0.30000000000000004,7.7
11,1,0.0,8.1,2.9000000000000004,1.4959364790841296,8.4,6.9,158.71084594726562,2.0582542419433594,6.199999809265137,3.640364646911621,1,2.039151668548584,0.30000000000000004,7.7
11,1,0.0,8.1,2.9000000000000004,1.4959364790841296,8.4,6.9,159.21084594726562,2.0514209270477295,6.199999809265137,3.621330738067627,1,2.032318353652954,0.30000000000000004,7.7
11,1,0.0,8.1,2.9000000000000004,1.4959364790841296,8.4,6.9,159.71084594726562,2.0447869300842285,6.199999809265137,3.6024224758148193,1,2.025684356689453,0.30000000000000004,7.7
11,1,0.0,8.1,2.9000000000000004,1.4959364790841296,8.4,6.9,160.21084594726562,2.0383493900299072,6.199999809265137,3.5836358070373535,1,2.019246816635132,0.30000000000000004,7.7
11,1,0.0,8.1,2.9000000000000004,1.4959364790841296,8.4,6.9,160.71084594726562,2.0321054458618164,6.199999809265137,3.5649666786193848,1,2.013002872467041,0.30000000000000004,7.7
11,1,0.0,8.1,2.9000000000000004,1.4959364790841296,8.4,6.9,161.21084594726562,2.026052474975586,6.199999809265137,3.5464115142822266,1,2.0069499015808105,0.30000000000000004,7.7
11,1,0.0,8.1,2.9000000000000004,1.4959364790841296,8.4,6.9,161.71084594726562,2.0201876163482666,6.199999809265137,3.527966022491455,1,2.001085042953491,0.30000000000000004,7.7
11,1,0.0,8.1,2.9000000000000004,1.4959364790841296,8.4,6.9,162.21084594726562,2.0145082473754883,6.199999809265137,3.509626626968384,1,1.9954057931900024,0.30000000000000004,7.7
11,1,0.0,8.1,2.9000000000000004,1.4959364790841296,8.4,6.9,162.71084594726562,2.009012460708618,6.199999809265137,3.491389513015747,1,1.9899098873138428,0.30000000000000004,7.7
11,1,0.0,8.1,2.9000000000000004,1.4959364790841296,8.4,6.9,163.21084594726562,2.003697395324707,6.199999809265137,3.4732513427734375,1,1.9845949411392212,0.30000000000000004,7.7
11,1,0.0,8.1,2.9000000000000004,1.4959364790841296,8.4,6.9,163.71084594726562,0.0,,,0,1.9794585704803467,0.30000000000000004,7.7
11,1,0.0,8.1,2.9000000000000004,1.4959364790841296,8.4,6.9,164.21084594726562,1.9936013221740723,6.199999809265137,3.4372572898864746,1,1.9744987487792969,0.30000000000000004,7.7
11,1,0.0,8.1,2.9000000000000004,1.4959364790841296,8.4,6.9,164.71084594726562,1.9888159036636353,6.199999809265137,3.4193944931030273,1,1.9697133302688599,0.30000000000000004,7.7
11,1,0.0,8.1,2.9000000000000004,1.4959364790841296,8.4,6.9,165.21084594726562,1.9842029809951782,6.199999809265137,3.4016168117523193,1,1.9651004076004028,0.30000000000000004,7.7
11,1,0.0,8.1,2.9000000000000004,1.4959364790841296,8.4,6.9,165.71084594726562,1.9797605276107788,6.199999809265137,3.383920907974243,1,1.9606579542160034,0.30000000000000004,7.7
11,1,0.0,8.1,2.9000000000000004,1.4959364790841296,8.4,6.9,166.21084594726562,1.9754867553710938,6.199999809265137,3.3663034439086914,1,1.9563841819763184,0.30000000000000004,7.7
11,1,0.0,8.1,2.9000000000000004,1.4959364790841296,8.4,6.9,166.71084594726562,1.9713798761367798,6.199999809265137,3.3487610816955566,1,1.9522773027420044,0.30000000000000004,7.7
11,1,0.0,8.1,2.9000000000000004,1.4959364790841296,8.4,6.9,167.21084594726562,1.9674383401870728,6.199999809265137,3.3312911987304688,1,1.9483357667922974,0.30000000000000004,7.7
11,1,0.0,8.1,2.9000000000000004,1.4959364790841296,8.4,6.9,167.71084594726562,1.9636603593826294,6.199999809265137,3.313890218734741,1,1.944557785987854,0.30000000000000004,7.7
11,1,0.0,8.1,2.9000000000000004,1.4959364790841296,8.4,6.9,168.21084594726562,1.9600446224212646,6.199999809265137,3.296555280685425,1,1.9409420490264893,0.30000000000000004,7.7
11,1,0.0,8.1,2.9000000000000004,1.4959364790841296,8.4,6.9,168.71084594726562,1.9565895795822144,6.199999809265137,3.2792835235595703,1,1.937487006187439,0.30000000000000004,7.7
11,1,0.0,8.1,2.9000000000000004,1.4959364790841296,8.4,6.9,169.21084594726562,1.953293800354004,6.199999809265137,3.2620716094970703,1,1.9341912269592285,0.30000000000000004,7.7
11,1,0.0,8.1,2.9000000000000004,1.4959364790841296,8.4,6.9,169.71084594726562,1.9501560926437378,6.199999809265137,3.2449169158935547,1,1.9310535192489624,0.30000000000000004,7.7
11,1,0.0,8.1,2.9000000000000004,1.4959364790841296,8.4,6.9,170.21084594726562,1.947175145149231,6.199999809265137,3.227816581726074,1,1.9280725717544556,0.30000000000000004,7.7
11,1,0.0,8.1,2.9000000000000004,1.4959364790841296,8.4,6.9,170.71084594726562,1.9443496465682983,6.199999809265137,3.2107675075531006,1,1.925247073173523,0.30000000000000004,7.7
11,1,0.0,8.1,2.9000000000000004,1.4959364790841296,8.4,6.9,171.21084594726562,1.941678762435913,6.199999809265137,3.1937673091888428,1,1.9225761890411377,0.30000000000000004,7.7
11,1,0.0,8.1,2.9000000000000004,1.4959364790841296,8.4,6.9,171.71084594726562,1.9391611814498901,6.199999809265137,3.1768126487731934,1,1.9200586080551147,0.30000000000000004,7.7
11,1,0.0,8.1,2.9000000000000004,1.4959364790841296,8.4,6.9,172.21084594726562,1.9367961883544922,6.199999809265137,3.1599011421203613,1,1.9176936149597168,0.30000000000000004,7.7
11,1,0.0,8.1,2.9000000000000004,1.4959364790841296,8.4,6.9,172.71084594726562,1.9345825910568237,6.199999809265137,3.1430299282073975,1,1.9154800176620483,0.30000000000000004,7.7
11,1,0.0,8.1,2.9000000000000004,1.4959364790841296,8.4,6.9,173.21084594726562,1.9325196743011475,6.199999809265137,3.1261963844299316,1,1.913417100906372,0.30000000000000004,7.7
11,1,0.0,8.1,2.9000000000000004,1.4959364790841296,8.4,6.9,173.71084594726562,1.9306066036224365,6.199999809265137,3.1093978881835938,1,1.9115040302276611,0.30000000000000004,7.7
11,1,0.0,8.1,2.9000000000000004,1.4959364790841296,8.4,6.9,174.21084594726562,1.928842544555664,6.199999809265137,3.0926315784454346,1,1.9097399711608887,0.30000000000000004,7.7
11,1,0.0,8.1,2.9000000000000004,1.4959364790841296,8.4,6.9,174.71084594726562,1.9272270202636719,6.199999809265137,3.075894832611084,1,1.9081244468688965,0.30000000000000004,7.7
11,1,0.0,8.1,2.9000000000000004,1.4959364790841296,8.4,6.9,175.21084594726562,1.9257593154907227,6.199999809265137,3.059185266494751,1,1.9066567420959473,0.30000000000000004,7.7
11,1,0.0,8.1,2.9000000000000004,1.4959364790841296,8.4,6.9,175.71084594726562,1.9244388341903687,6.199999809265137,3.0425000190734863,1,1.9053362607955933,0.30000000000000004,7.7
11,1,0.0,8.1,2.9000000000000004,1.4959364790841296,8.4,6.9,176.21084594726562,1.9232650995254517,6.199999809265137,3.025836706161499,1,1.9041625261306763,0.30000000000000004,7.7
11,1,0.0,8.1,2.9000000000000004,1.4959364790841296,8.4,6.9,176.71084594726562,1.9222376346588135,6.199999809265137,3.00919246673584,1,1.903135061264038,0.30000000000000004,7.7
11,1,0.0,8.1,2.9000000000000004,1.4959364790841296,8.4,6.9,177.21084594726562,1.9213560819625854,6.199999809265137,2.9925649166107178,1,1.90225350856781,0.30000000000000004,7.7
11,1,0.0,8.1,2.9000000000000004,1.4959364790841296,8.4,6.9,177.71084594726562,1.920620083808899,6.199999809265137,2.975951671600342,1,1.9015175104141235,0.30000000000000004,7.7
11,1,0.0,8.1,2.9000000000000004,1.4959364790841296,8.4,6.9,178.21084594726562,1.9200292825698853,6.199999809265137,2.9593498706817627,1,1.9009267091751099,0.30000000000000004,7.7
11,1,0.0,8.1,2.9000000000000004,1.4959364790841296,8.4,6.9,178.71084594726562,1.9195835590362549,6.199999809265137,2.9427571296691895,1,1.9004809856414795,0.30000000000000004,7.7
11,1,0.0,8.1,2.9000000000000004,1.4959364790841296,8.4,6.9,179.21084594726562,1.9192827939987183,6.199999809265137,2.926171064376831,1,1.9001802206039429,0.30000000000000004,7.7
11,1,0.0,8.1,2.9000000000000004,1.4959364790841296,8.4,6.9,179.71084594726562,1.9191267490386963,6.199999809265137,2.9095888137817383,1,1.900024175643921,0.30000000000000004,7.7
11,1,0.0,8.1,2.9000000000000004,1.4959364790841296,8.4,6.9,180.21084594726562,1.919115424156189,6.199999809265137,2.89300799369812,1,1.9000128507614136,0.30000000000000004,7.7
11,1,0.0,8.1,2.9000000000000004,1.4959364790841296,8.4,6.9,180.71084594726562,1.9192488193511963,6.199999809265137,2.8764262199401855,1,1.900146245956421,0.30000000000000004,7.7
11,1,0.0,8.1,2.9000000000000004,1.4959364790841296,8.4,6.9,181.21084594726562,1.9195269346237183,6.199999809265137,2.8598408699035645,1,1.9004243612289429,0.30000000000000004,7.7
11,1,0.0,8.1,2.9000000000000004,1.4959364790841296,8.4,6.9,181.71084594726562,1.9199498891830444,6.199999809265137,2.8432493209838867,1,1.900847315788269,0.30000000000000004,7.7
11,1,0.0,8.1,2.9000000000000004,1.4959364790841296,8.4,6.9,182.21084594726562,1.920517921447754,6.199999809265137,2.8266491889953613,1,1.9014153480529785,0.30000000000000004,7.7
11,1,0.0,8.1,2.9000000000000004,1.4959364790841296,8.4,6.9,182.71084594726562,1.9212311506271362,6.199999809265137,2.810037851333618,1,1.9021285772323608,0.30000000000000004,7.7
11,1,0.0,8.1,2.9000000000000004,1.4959364790841296,8.4,6.9,183.21084594726562,1.92208993434906,6.199999809265137,2.793412685394287,1,1.9029873609542847,0.30000000000000004,7.7
11,1,0.0,8.1,2.9000000000000004,1.4959364790841296,8.4,6.9,183.71084594726562,1.9230945110321045,6.199999809265137,2.776771306991577,1,1.903991937637329,0.30000000000000004,7.7
11,1,0.0,8.1,2.9000000000000004,1.4959364790841296,8.4,6.9,184.21084594726562,1.9242453575134277,6.199999809265137,2.760111093521118,1,1.9051427841186523,0.30000000000000004,7.7
11,1,0.0,8.1,2.9000000000000004,1.4959364790841296,8.4,6.9,184.71084594726562,1.9255428314208984,6.199999809265137,2.74342942237854,1,1.906440258026123,0.30000000000000004,7.7
11,1,0.0,8.1,2.9000000000000004,1.4959364790841296,8.4,6.9,185.21084594726562,1.9269874095916748,6.199999809265137,2.7267236709594727,1,1.9078848361968994,0.30000000000000004,7.7
11,1,0.0,8.1,2.9000000000000004,1.4959364790841296,8.4,6.9,185.71084594726562,1.9285798072814941,6.199999809265137,2.709991455078125,1,1.9094772338867188,0.30000000000000004,7.7
11,1,0.0,8.1,2.9000000000000004,1.4959364790841296,8.4,6.9,186.21084594726562,1.9303205013275146,6.199999809265137,2.693229913711548,1,1.9112179279327393,0.30000000000000004,7.7
11,1,0.0,8.1,2.9000000000000004,1.4959364790841296,8.4,6.9,186.71084594726562,1.932210087776184,6.199999809265137,2.67643666267395,1,1.9131075143814087,0.30000000000000004,7.7
11,1,0.0,8.1,2.9000000000000004,1.4959364790841296,8.4,6.9,187.21084594726562,1.9342495203018188,6.199999809265137,2.659608840942383,1,1.9151469469070435,0.30000000000000004,7.7
11,1,0.0,8.1,2.9000000000000004,1.4959364790841296,8.4,6.9,187.71084594726562,1.9364395141601562,6.199999809265137,2.6427435874938965,1,1.9173369407653809,0.30000000000000004,7.7
11,1,0.0,8.1,2.9000000000000004,1.4959364790841296,8.4,6.9,188.21084594726562,1.9387807846069336,6.199999809265137,2.6258387565612793,1,1.9196782112121582,0.30000000000000004,7.7
11,1,0.0,8.1,2.9000000000000004,1.4959364790841296,8.4,6.9,188.71084594726562,1.9412744045257568,6.199999809265137,2.608891010284424,1,1.9221718311309814,0.30000000000000004,7.7
11,1,0.0,8.1,2.9000000000000004,1.4959364790841296,8.4,6.9,189.21084594726562,1.9439212083816528,6.199999809265137,2.591897964477539,1,1.9248186349868774,0.30000000000000004,7.7
11,1,0.0,8.1,2.9000000000000004,1.4959364790841296,8.4,6.9,189.71084594726562,1.946722388267517,6.199999809265137,2.574856758117676,1,1.9276198148727417,0.30000000000000004,7.7
11,1,0.0,8.1,2.9000000000000004,1.4959364790841296,8.4,6.9,190.21084594726562,1.949678897857666,6.199999809265137,2.557764768600464,1,1.9305763244628906,0.30000000000000004,7.7
11,1,0.0,8.1,2.9000000000000004,1.4959364790841296,8.4,6.9,190.71084594726562,1.9527920484542847,6.199999809265137,2.540618658065796,1,1.9336894750595093,0.30000000000000004,7.7
11,1,0.0,8.1,2.9000000000000004,1.4959364790841296,8.4,6.9,191.21084594726562,1.956062912940979,6.199999809265137,2.523416042327881,1,1.9369603395462036,0.30000000000000004,7.7
11,1,0.0,8.1,2.9000000000000004,1.4959364790841296,8.4,6.9,191.71084594726562,1.9594929218292236,6.199999809265137,2.5061538219451904,1,1.9403903484344482,0.30000000000000004,7.7
11,1,0.0,8.1,2.9000000000000004,1.4959364790841296,8.4,6.9,192.21084594726562,1.9630835056304932,6.199999809265137,2.4888288974761963,1,1.9439809322357178,0.30000000000000004,7.7
11,1,0.0,8.1,2.9000000000000004,1.4959364790841296,8.4,6.9,192.71084594726562,1.966835856437683,6.199999809265137,2.4714386463165283,1,1.9477332830429077,0.30000000000000004,7.7
11,1,0.0,8.1,2.9000000000000004,1.4959364790841296,8.4,6.9,193.21084594726562,1.9707516431808472,6.199999809265137,2.4539794921875,1,1.9516490697860718,0.30000000000000004,7.7
11,1,0.0,8.1,2.9000000000000004,1.4959364790841296,8.4,6.9,193.71084594726562,0.0,,,0,1.9557299613952637,0.30000000000000004,7.7
11,1,0.0,8.1,2.9000000000000004,1.4959364790841296,8.4,6.9,194.21084594726562,1.979080080986023,6.199999809265137,2.4188432693481445,1,1.9599775075912476,0.30000000000000004,7.7
11,1,0.0,8.1,2.9000000000000004,1.4959364790841296,8.4,6.9,194.71084594726562,1.9834959506988525,6.199999809265137,2.4011597633361816,1,1.9643933773040771,0.30000000000000004,7.7
11,1,0.0,8.1,2.9000000000000004,1.4959364790841296,8.4,6.9,195.21084594726562,1.9880821704864502,6.199999809265137,2.383395195007324,1,1.9689795970916748,0.30000000000000004,7.7
11,1,0.0,8.1,2.9000000000000004,1.4959364790841296,8.4,6.9,195.71084594726562,1.9928404092788696,6.199999809265137,2.3655459880828857,1,1.9737378358840942,0.30000000000000004,7.7
11,1,0.0,8.1,2.9000000000000004,1.4959364790841296,8.4,6.9,196.21084594726562,1.9977728128433228,6.199999809265137,2.347608804702759,1,1.9786702394485474,0.30000000000000004,7.7
11,1,0.0,8.1,2.9000000000000004,1.4959364790841296,8.4,6.9,196.71084594726562,2.0028812885284424,6.199999809265137,2.329580545425415,1,1.9837788343429565,0.30000000000000004,7.7
11,1,0.0,8.1,2.9000000000000004,1.4959364790841296,8.4,6.9,197.21084594726562,2.0081682205200195,6.199999809265137,2.311457633972168,1,1.9890656471252441,0.30000000000000004,7.7
11,1,0.0,8.1,2.9000000000000004,1.4959364790841296,8.4,6.9,197.71084594726562,2.0136356353759766,6.199999809265137,2.293236255645752,1,1.9945330619812012,0.30000000000000004,7.7
11,1,0.0,8.1,2.9000000000000004,1.4959364790841296,8.4,6.9,198.21084594726562,2.0192859172821045,6.199999809265137,2.2749130725860596,1,2.000183343887329,0.30000000000000004,7.7
11,1,0.0,8.1,2.9000000000000004,1.4959364790841296,8.4,6.9,198.71084594726562,2.0251214504241943,6.199999809265137,2.2564845085144043,1,2.006018877029419,0.30000000000000004,7.7
11,1,0.0,8.1,2.9000000000000004,1.4959364790841296,8.4,6.9,199.21084594726562,2.031144857406616,6.199999809265137,2.2379467487335205,1,2.012042284011841,0.30000000000000004,7.7
11,1,0.0,8.1,2.9000000000000004,1.4959364790841296,8.4,6.9,199.71084594726562,0.0,,,0,2.018256187438965,0.30000000000000004,7.7
11,1,0.0,8.1,2.9000000000000004,1.4959364790841296,8.4,6.9,200.21084594726562,2.0437657833099365,6.199999809265137,2.2005276679992676,1,2.024663209915161,0.30000000000000004,7.7
11,1,0.0,8.1,2.9000000000000004,1.4959364790841296,8.4,6.9,200.71084594726562,2.0503687858581543,6.199999809265137,2.181638717651367,1,2.031266212463379,0.30000000000000004,7.7
11,1,0.0,8.1,2.9000000000000004,1.4959364790841296,8.4,6.9,201.21084594726562,2.057170867919922,6.199999809265137,2.1626248359680176,1,2.0380682945251465,0.30000000000000004,7.7
11,1,0.0,8.1,2.9000000000000004,1.4959364790841296,8.4,6.9,201.71084594726562,2.0641746520996094,6.199999809265137,2.143481492996216,1,2.045072078704834,0.30000000000000004,7.7
11,1,0.0,8.1,2.9000000000000004,1.4959364790841296,8.4,6.9,202.21084594726562,2.0713837146759033,6.199999809265137,2.124204635620117,1,2.052281141281128,0.30000000000000004,7.7
11,1,0.0,8.1,2.9000000000000004,1.4959364790841296,8.4,6.9,202.71084594726562,2.078801393508911,6.199999809265137,2.104790210723877,1,2.0596988201141357,0.30000000000000004,7.7
11,1,0.0,8.1,2.9000000000000004,1.4959364790841296,8.4,6.9,203.21084594726562,2.086430549621582,6.199999809265137,2.085233211517334,1,2.0673279762268066,0.30000000000000004,7.7
11,1,0.0,8.1,2.9000000000000004,1.4959364790841296,8.4,6.9,203.71084594726562,2.0942752361297607,6.199999809265137,2.0655293464660645,1,2.0751726627349854,0.30000000000000004,7.7
11,1,0.0,8.1,2.9000000000000004,1.4959364790841296,8.4,6.9,204.21084594726562,2.1023387908935547,6.199999809265137,2.0456738471984863,1,2.0832362174987793,0.30000000000000004,7.7
11,1,0.0,8.1,2.9000000000000004,1.4959364790841296,8.4,6.9,204.71084594726562,2.1106252670288086,6.199999809265137,2.0256617069244385,1,2.091522693634033,0.30000000000000004,7.7
11,1,0.0,8.1,2.9000000000000004,1.4959364790841296,8.4,6.9,205.21084594726562,2.119138479232788,6.199999809265137,2.005488395690918,1,2.1000359058380127,0.30000000000000004,7.7
11,1,0.0,8.1,2.9000000000000004,1.4959364790841296,8.4,6.9,205.71084594726562,2.127882480621338,6.199999809265137,1.9851486682891846,1,2.1087799072265625,0.30000000000000004,7.7
11,1,0.0,8.1,2.9000000000000004,1.4959364790841296,8.4,6.9,206.21084594726562,2.136861562728882,6.199999809265137,1.964637279510498,1,2.1177589893341064,0.30000000000000004,7.7
11,1,0.0,8.1,2.9000000000000004,1.4959364790841296,8.4,6.9,206.71084594726562,2.146080255508423,6.199999809265137,1.9439488649368286,1,2.1269776821136475,0.30000000000000004,7.7
11,1,0.0,8.1,2.9000000000000004,1.4959364790841296,8.4,6.9,207.21084594726562,2.1555428504943848,6.199999809265137,1.923077940940857,1,2.1364402770996094,0.30000000000000004,7.7
11,1,0.0,8.1,2.9000000000000004,1.4959364790841296,8.4,6.9,207.71084594726562,2.1652541160583496,6.199999809265137,1.9020187854766846,1,2.146151542663574,0.30000000000000004,7.7
11,1,0.0,8.1,2.9000000000000004,1.4959364790841296,8.4,6.9,208.21084594726562,2.1752190589904785,6.199999809265137,1.8807657957077026,1,2.156116485595703,0.30000000000000004,7.7
11,1,0.0,8.1,2.9000000000000004,1.4959364790841296,8.4,6.9,208.71084594726562,2.1854426860809326,6.199999809265137,1.859312891960144,1,2.1663401126861572,0.30000000000000004,7.7
11,1,0.0,8.1,2.9000000000000004,1.4959364790841296,8.4,6.9,209.21084594726562,2.1959304809570312,6.199999809265137,1.8376537561416626,1,2.176827907562256,0.30000000000000004,7.7
11,1,0.0,8.1,2.9000000000000004,1.4959364790841296,8.4,6.9,209.71084594726562,2.2066874504089355,6.199999809265137,1.8157824277877808,1,2.18758487701416,0.30000000000000004,7.7
11,1,0.0,8.1,2.9000000000000004,1.4959364790841296,8.4,6.9,210.21084594726562,2.217719793319702,6.199999809265137,1.7936919927597046,1,2.1986172199249268,0.30000000000000004,7.7
11,1,0.0,8.1,2.9000000000000004,1.4959364790841296,8.4,6.9,210.71084594726562,2.2290329933166504,6.199999809265137,1.7713760137557983,1,2.209930419921875,0.30000000000000004,7.7
11,1,0.0,8.1,2.9000000000000004,1.4959364790841296,8.4,6.9,211.21084594726562,2.240633249282837,6.199999809265137,1.7488274574279785,1,2.2215306758880615,0.30000000000000004,7.7
11,1,0.0,8.1,2.9000000000000004,1.4959364790841296,8.4,6.9,211.71084594726562,2.2525267601013184,6.199999809265137,1.726039171218872,1,2.233424186706543,0.30000000000000004,7.7
11,1,0.0,8.1,2.9000000000000004,1.4959364790841296,8.4,6.9,212.21084594726562,2.2647204399108887,6.199999809265137,1.7030037641525269,1,2.2456178665161133,0.30000000000000004,7.7
11,1,0.0,8.1,2.9000000000000004,1.4959364790841296,8.4,6.9,212.71084594726562,2.2772209644317627,6.199999809265137,1.6797137260437012,1,2.2581183910369873,0.30000000000000004,7.7
11,1,0.0,8.1,2.9000000000000004,1.4959364790841296,8.4,6.9,213.21084594726562,2.2900352478027344,6.199999809265137,1.6561610698699951,1,2.270932674407959,0.30000000000000004,7.7
11,1,0.0,8.1,2.9000000000000004,1.4959364790841296,8.4,6.9,213.71084594726562,2.303170680999756,6.199999809265137,1.6323378086090088,1,2.2840681076049805,0.30000000000000004,7.7
11,1,0.0,8.1,2.9000000000000004,1.4959364790841296,8.4,6.9,214.21084594726562,2.3166351318359375,6.199999809265137,1.608235478401184,1,2.297532558441162,0.30000000000000004,7.7
11,1,0.0,8.1,2.9000000000000004,1.4959364790841296,8.4,6.9,214.71084594726562,0.0,,,0,2.311333656311035,0.30000000000000004,7.7
11,1,0.0,8.1,2.9000000000000004,1.4959364790841296,8.4,6.9,215.21084594726562,2.3445820808410645,6.199999809265137,1.5591586828231812,1,2.325479507446289,0.30000000000000004,7.7
11,1,0.0,8.1,2.9000000000000004,1.4959364790841296,8.4,6.9,215.71084594726562,2.359081745147705,6.199999809265137,1.5341659784317017,1,2.3399791717529297,0.30000000000000004,7.7
11,1,0.0,8.1,2.9000000000000004,1.4959364790841296,8.4,6.9,216.21084594726562,2.37394380569458,6.199999809265137,1.5088577270507812,1,2.3548412322998047,0.30000000000000004,7.7
11,1,0.0,8.1,2.9000000000000004,1.4959364790841296,8.4,6.9,216.71084594726562,2.3891773223876953,6.199999809265137,1.4832240343093872,1,2.37007474899292,0.30000000000000004,7.7
11,1,0.0,8.1,2.9000000000000004,1.4959364790841296,8.4,6.9,217.21084594726562,2.404792070388794,6.199999809265137,1.4572545289993286,1,2.3856894969940186,0.30000000000000004,7.7
11,1,0.0,8.1,2.9000000000000004,1.4959364790841296,8.4,6.9,217.71084594726562,2.4207980632781982,6.199999809265137,1.430938482284546,1,2.401695489883423,0.30000000000000004,7.7
11,1,0.0,8.1,2.9000000000000004,1.4959364790841296,8.4,6.9,218.21084594726562,2.4372057914733887,6.199999809265137,1.4042649269104004,1,2.4181032180786133,0.30000000000000004,7.7
11,1,0.0,8.1,2.9000000000000004,1.4959364790841296,8.4,6.9,218.71084594726562,2.454025983810425,6.199999809265137,1.3772222995758057,1,2.4349234104156494,0.30000000000000004,7.7
11,1,0.0,8.1,2.9000000000000004,1.4959364790841296,8.4,6.9,219.21084594726562,2.4712698459625244,6.199999809265137,1.3497987985610962,1,2.452167272567749,0.30000000000000004,7.7
11,1,0.0,8.1,2.9000000000000004,1.4959364790841296,8.4,6.9,219.71084594726562,2.4889490604400635,6.199999809265137,1.3219819068908691,1,2.469846487045288,0.30000000000000004,7.7
11,1,0.0,8.1,2.9000000000000004,1.4959364790841296,8.4,6.9,220.21084594726562,2.507075786590576,6.199999809265137,1.2937588691711426,1,2.487973213195801,0.30000000000000004,7.7
11,1,0.0,8.1,2.9000000000000004,1.4959364790841296,8.4,6.9,220.71084594726562,2.525662899017334,6.199999809265137,1.2651163339614868,1,2.5065603256225586,0.30000000000000004,7.7
11,1,0.0,8.1,2.9000000000000004,1.4959364790841296,8.4,6.9,221.21084594726562,2.5447237491607666,6.199999809265137,1.2360402345657349,1,2.525621175765991,0.30000000000000004,7.7
11,1,0.0,8.1,2.9000000000000004,1.4959364790841296,8.4,6.9,221.71084594726562,2.564271926879883,6.199999809265137,1.2065163850784302,1,2.5451693534851074,0.30000000000000004,7.7
11,1,0.0,8.1,2.9000000000000004,1.4959364790841296,8.4,6.9,222.21084594726562,2.584321975708008,6.199999809265137,1.1765296459197998,1,2.5652194023132324,0.30000000000000004,7.7
11,1,0.0,8.1,2.9000000000000004,1.4959364790841296,8.4,6.9,222.71084594726562,2.604888677597046,6.199999809265137,1.1460644006729126,1,2.5857861042022705,0.30000000000000004,7.7
11,1,0.0,8.1,2.9000000000000004,1.4959364790841296,8.4,6.9,223.21084594726562,2.625988245010376,6.199999809265137,1.1151041984558105,1,2.6068856716156006,0.30000000000000004,7.7
11,1,0.0,8.1,2.9000000000000004,1.4959364790841296,8.4,6.9,223.71084594726562,2.647636651992798,6.199999809265137,1.083632230758667,1,2.6285340785980225,0.30000000000000004,7.7
11,1,0.0,8.1,2.9000000000000004,1.4959364790841296,8.4,6.9,224.21084594726562,2.669851303100586,6.199999809265137,1.0516307353973389,1,2.6507487297058105,0.30000000000000004,7.7
11,1,0.0,8.1,2.9000000000000004,1.4959364790841296,8.4,6.9,224.71084594726562,2.6926498413085938,6.199999809265137,1.0190812349319458,1,2.6735472679138184,0.30000000000000004,7.7
11,1,0.0,8.1,2.9000000000000004,1.4959364790841296,8.4,6.9,225.21084594726562,2.7160513401031494,6.199999809265137,0.9859644174575806,1,2.696948766708374,0.30000000000000004,7.7
11,1,0.0,8.1,2.9000000000000004,1.4959364790841296,8.4,6.9,225.71084594726562,2.740074872970581,6.199999809265137,0.9522601366043091,1,2.7209722995758057,0.30000000000000004,7.7
11,1,0.0,8.1,2.9000000000000004,1.4959364790841296,8.4,6.9,226.21084594726562,2.7647414207458496,6.199999809265137,0.9179473519325256,1,2.745638847351074,0.30000000000000004,7.7
11,1,0.0,8.1,2.9000000000000004,1.4959364790841296,8.4,6.9,226.71084594726562,2.790072202682495,6.199999809265137,0.8830040693283081,1,2.7709696292877197,0.30000000000000004,7.7
11,1,0.0,8.1,2.9000000000000004,1.4959364790841296,8.4,6.9,227.21084594726562,2.816089630126953,6.199999809265137,0.847407341003418,1,2.7969870567321777,0.30000000000000004,7.7
11,1,0.0,8.1,2.9000000000000004,1.4959364790841296,8.4,6.9,227.71084594726562,2.8428173065185547,6.199999809265137,0.8111329674720764,1,2.8237147331237793,0.30000000000000004,7.7
11,1,0.0,8.1,2.9000000000000004,1.4959364790841296,8.4,6.9,228.21084594726562,2.8702800273895264,6.199999809265137,0.774155855178833,1,2.851177453994751,0.30000000000000004,7.7
11,1,0.0,8.1,2.9000000000000004,1.4959364790841296,8.4,6.9,228.71084594726562,2.8985037803649902,6.199999809265137,0.7364494800567627,1,2.879401206970215,0.30000000000000004,7.7
11,1,0.0,8.1,2.9000000000000004,1.4959364790841296,8.4,6.9,229.21084594726562,2.9275152683258057,6.199999809265137,0.6979861855506897,1,2.9084126949310303,0.30000000000000004,7.7
11,1,0.0,8.1,2.9000000000000004,1.4959364790841296,8.4,6.9,229.71084594726562,2.957343578338623,6.199999809265137,0.6587368845939636,1,2.9382410049438477,0.30000000000000004,7.7
11,1,0.0,8.1,2.9000000000000004,1.4959364790841296,8.4,6.9,230.21084594726562,2.98801851272583,6.199999809265137,0.6186711192131042,1,2.9689159393310547,0.30000000000000004,7.7
11,1,0.0,8.1,2.9000000000000004,1.4959364790841296,8.4,6.9,230.71084594726562,3.019571542739868,6.199999809265137,0.5777568221092224,1,3.0004689693450928,0.30000000000000004,7.7
11,1,0.0,8.1,2.9000000000000004,1.4959364790841296,8.4,6.9,231.21084594726562,3.0520358085632324,6.199999809265137,0.5359602570533752,1,3.032933235168457,0.30000000000000004,7.7
11,1,0.0,8.1,2.9000000000000004,1.4959364790841296,8.4,6.9,231.71084594726562,3.085446357727051,6.199999809265137,0.4932461082935333,1,3.0663437843322754,0.30000000000000004,7.7
11,1,0.0,8.1,2.9000000000000004,1.4959364790841296,8.4,6.9,232.21084594726562,3.119839906692505,6.199999809265137,0.4495770335197449,1,3.1007373332977295,0.30000000000000004,7.7
11,1,0.0,8.1,2.9000000000000004,1.4959364790841296,8.4,6.9,232.71084594726562,3.1552555561065674,6.199999809265137,0.4049137532711029,1,3.136152982711792,0.30000000000000004,7.7
11,1,0.0,8.1,2.9000000000000004,1.4959364790841296,8.4,6.9,233.21084594726562,3.1917338371276855,6.199999809265137,0.3592149317264557,1,3.17263126373291,0.30000000000000004,7.7
11,1,0.0,8.1,2.9000000000000004,1.4959364790841296,8.4,6.9,233.71084594726562,3.2293179035186768,6.199999809265137,0.31243687868118286,1,3.2102153301239014,0.30000000000000004,7.7
11,1,0.0,8.1,2.9000000000000004,1.4959364790841296,8.4,6.9,234.21084594726562,3.2680537700653076,6.199999809265137,0.2645335793495178,1,3.2489511966705322,0.30000000000000004,7.7
11,1,0.0,8.1,2.9000000000000004,1.4959364790841296,8.4,6.9,234.71084594726562,3.3079891204833984,6.199999809265137,0.2154563069343567,1,3.288886547088623,0.30000000000000004,7.7
11,1,0.0,8.1,2.9000000000000004,1.4959364790841296,8.4,6.9,235.21084594726562,3.349175214767456,6.199999809265137,0.1651536524295807,1,3.3300726413726807,0.30000000000000004,7.7
11,1,0.0,8.1,2.9000000000000004,1.4959364790841296,8.4,6.9,235.71084594726562,3.3916661739349365,6.199999809265137,0.11357118934392929,1,3.372563600540161,0.30000000000000004,7.7
11,1,0.0,8.1,2.9000000000000004,1.4959364790841296,8.4,6.9,236.21084594726562,3.435518980026245,6.199999809265137,0.0606512613594532,1,3.4164164066314697,0.30000000000000004,7.7
11,1,0.0,8.1,2.9000000000000004,1.4959364790841296,8.4,6.9,236.71084594726562,3.4807944297790527,6.199999809265137,0.006332801189273596,1,3.4616918563842773,0.30000000000000004,7.7
11,1,0.0,8.1,2.9000000000000004,1.4959364790841296,8.4,6.9,237.21084594726562,3.5275566577911377,6.199999809265137,-0.04944898933172226,1,3.5084540843963623,0.30000000000000004,7.7
11,1,0.0,8.1,2.9000000000000004,1.4959364790841296,8.4,6.9,237.71084594726562,3.575874090194702,6.199999809265137,-0.10676289349794388,1,3.5567715167999268,0.30000000000000004,7.7
11,1,0.0,8.1,2.9000000000000004,1.4959364790841296,8.4,6.9,238.21084594726562,3.625819444656372,6.199999809265137,-0.16568201780319214,1,3.6067168712615967,0.30000000000000004,7.7
11,1,0.0,8.1,2.9000000000000004,1.4959364790841296,8.4,6.9,238.71084594726562,3.6774699687957764,6.199999809265137,-0.22628410160541534,1,3.658367395401001,0.30000000000000004,7.7
11,1,0.0,8.1,2.9000000000000004,1.4959364790841296,8.4,6.9,239.21084594726562,3.730908155441284,6.199999809265137,-0.2886519730091095,1,3.711805582046509,0.30000000000000004,7.7
11,1,0.0,8.1,2.9000000000000004,1.4959364790841296,8.4,6.9,239.71084594726562,3.786221981048584,6.199999809265137,-0.352873831987381,1,3.7671194076538086,0.30000000000000004,7.7
11,1,0.0,8.1,2.9000000000000004,1.4959364790841296,8.4,6.9,240.21084594726562,3.8435046672821045,6.199999809265137,-0.4190438389778137,1,3.824402093887329,0.30000000000000004,7.7
11,1,0.0,8.1,2.9000000000000004,1.4959364790841296,8.4,6.9,240.71084594726562,3.9028568267822266,6.199999809265137,-0.4872625470161438,1,3.883754253387451,0.30000000000000004,7.7
11,1,0.0,8.1,2.9000000000000004,1.4959364790841296,8.4,6.9,241.21084594726562,3.964385509490967,6.199999809265137,-0.5576375126838684,1,3.9452829360961914,0.30000000000000004,7.7
11,1,0.0,8.1,2.9000000000000004,1.4959364790841296,8.4,6.9,241.71084594726562,4.028205394744873,6.199999809265137,-0.6302838325500488,1,4.009102821350098,0.30000000000000004,7.7
11,1,0.0,8.1,2.9000000000000004,1.4959364790841296,8.4,6.9,242.21084594726562,4.0944390296936035,6.199999809265137,-0.7053248882293701,1,4.075336456298828,0.30000000000000004,7.7
11,1,0.0,8.1,2.9000000000000004,1.4959364790841296,8.4,6.9,242.71084594726562,4.163218975067139,6.199999809265137,-0.7828930616378784,1,4.144116401672363,0.30000000000000004,7.7
11,1,0.0,8.1,2.9000000000000004,1.4959364790841296,8.4,6.9,243.21084594726562,4.234686851501465,6.199999809265137,-0.8631306886672974,1,4.2155842781066895,0.30000000000000004,7.7
11,1,0.0,8.1,2.9000000000000004,1.4959364790841296,8.4,6.9,243.71084594726562,4.308995723724365,6.199999809265137,-0.9461907744407654,1,4.28989315032959,0.30000000000000004,7.7
11,1,0.0,8.1,2.9000000000000004,1.4959364790841296,8.4,6.9,244.21084594726562,4.386309623718262,6.199999809265137,-1.0322383642196655,1,4.367207050323486,0.30000000000000004,7.7
11,1,0.0,8.1,2.9000000000000004,1.4959364790841296,8.4,6.9,244.71084594726562,4.466806411743164,6.199999809265137,-1.1214512586593628,1,4.447703838348389,0.30000000000000004,7.7
11,1,0.0,8.1,2.9000000000000004,1.4959364790841296,8.4,6.9,245.21084594726562,4.550678253173828,6.199999809265137,-1.214021921157837,1,4.531575679779053,0.30000000000000004,7.7
11,1,0.0,8.1,2.9000000000000004,1.4959364790841296,8.4,6.9,245.71084594726562,4.638132095336914,6.199999809265137,-1.3101584911346436,1,4.619029521942139,0.30000000000000004,7.7
11,1,0.0,8.1,2.9000000000000004,1.4959364790841296,8.4,6.9,246.21084594726562,4.72939395904541,6.199999809265137,-1.4100863933563232,1,4.710291385650635,0.30000000000000004,7.7
11,1,0.0,8.1,2.9000000000000004,1.4959364790841296,8.4,6.9,246.71084594726562,4.799663543701172,6.209901809692383,-1.4910469055175781,1,4.7805609703063965,0.30000000000000004,7.7
11,1,0.0,8.1,2.9000000000000004,1.4959364790841296,8.4,6.9,247.21084594726562,4.781954288482666,6.255151748657227,-1.4910469055175781,1,4.762851715087891,0.30000000000000004,7.7
11,1,0.0,8.1,2.9000000000000004,1.4959364790841296,8.4,6.9,247.71084594726562,0.0,,,0,4.745633125305176,0.30000000000000004,7.7
11,1,0.0,8.1,2.9000000000000004,1.4959364790841296,8.4,6.9,248.21084594726562,4.748000144958496,6.34467077255249,-1.4910469055175781,1,4.728897571563721,0.30000000000000004,7.7
11,1,0.0,8.1,2.9000000000000004,1.4959364790841296,8.4,6.9,248.71084594726562,4.7317399978637695,6.388959884643555,-1.4910469055175781,1,4.712637424468994,0.30000000000000004,7.7
11,1,0.0,8.1,2.9000000000000004,1.4959364790841296,8.4,6.9,249.21084594726562,4.71594762802124,6.432949066162109,-1.4910469055175781,1,4.696845054626465,0.30000000000000004,7.7
11,1,0.0,8.1,2.9000000000000004,1.4959364790841296,8.4,6.9,249.71084594726562,4.700615882873535,6.47664737701416,-1.4910469055175781,1,4.68151330947876,0.30000000000000004,7.7
11,1,0.0,8.1,2.9000000000000004,1.4959364790841296,8.4,6.9,250.21084594726562,0.0,,,0,4.666635513305664,0.30000000000000004,7.7
11,1,0.0,8.1,2.9000000000000004,1.4959364790841296,8.4,6.9,250.71084594726562,4.6713080406188965,6.563210487365723,-1.4910469055175781,1,4.652205467224121,0.30000000000000004,7.7
11,1,0.0,8.1,2.9000000000000004,1.4959364790841296,8.4,6.9,251.21084594726562,4.657319068908691,6.606093406677246,-1.4910469055175781,1,4.638216495513916,0.30000000000000004,7.7
11,1,0.0,8.1,2.9000000000000004,1.4959364790841296,8.4,6.9,251.71084594726562,4.643764495849609,6.648722171783447,-1.4910469055175781,1,4.624661922454834,0.30000000000000004,7.7
11,1,0.0,8.1,2.9000000000000004,1.4959364790841296,8.4,6.9,252.21084594726562,4.630639553070068,6.691105842590332,-1.4910469055175781,1,4.611536979675293,0.30000000000000004,7.7
11,1,0.0,8.1,2.9000000000000004,1.4959364790841296,8.4,6.9,252.71084594726562,4.61793851852417,6.733253002166748,-1.4910469055175781,1,4.5988359451293945,0.30000000000000004,7.7
11,1,0.0,8.1,2.9000000000000004,1.4959364790841296,8.4,6.9,253.21084594726562,4.605654716491699,6.775171756744385,-1.4910469055175781,1,4.586552143096924,0.30000000000000004,7.7
11,1,0.0,8.1,2.9000000000000004,1.4959364790841296,8.4,6.9,253.71084594726562,4.593784332275391,6.816870212554932,-1.4910469055175781,1,4.574681758880615,0.30000000000000004,7.7
11,1,0.0,8.1,2.9000000000000004,1.4959364790841296,8.4,6.9,254.21084594726562,0.0,,,0,4.5632195472717285,0.30000000000000004,7.7
11,1,0.0,8.1,2.9000000000000004,1.4959364790841296,8.4,6.9,254.71084594726562,4.571262359619141,6.899639129638672,-1.4910469055175781,1,4.552159786224365,0.30000000000000004,7.7
11,1,0.0,8.1,2.9000000000000004,1.4959364790841296,8.4,6.9,255.21084594726562,4.560601711273193,6.940724849700928,-1.4910469055175781,1,4.541499137878418,0.30000000000000004,7.7
11,1,0.0,8.1,2.9000000000000004,1.4959364790841296,8.4,6.9,255.71084594726562,4.550334453582764,6.981621265411377,-1.4910469055175781,1,4.531231880187988,0.30000000000000004,7.7
11,1,0.0,8.1,2.9000000000000004,1.4959364790841296,8.4,6.9,256.2108459472656,4.540457725524902,7.022336959838867,-1.4910469055175781,1,4.521355152130127,0.30000000000000004,7.7
11,1,0.0,8.1,2.9000000000000004,1.4959364790841296,8.4,6.9,256.7108459472656,4.530966281890869,7.062878131866455,-1.4910469055175781,1,4.511863708496094,0.30000000000000004,7.7
11,1,0.0,8.1,2.9000000000000004,1.4959364790841296,8.4,6.9,257.2108459472656,4.521857261657715,7.10325288772583,-1.4910469055175781,1,4.5027546882629395,0.30000000000000004,7.7
11,1,0.0,8.1,2.9000000000000004,1.4959364790841296,8.4,6.9,257.7108459472656,4.513125896453857,7.143467903137207,-1.4910469055175781,1,4.494023323059082,0.30000000000000004,7.7
11,1,0.0,8.1,2.9000000000000004,1.4959364790841296,8.4,6.9,258.2108459472656,4.504769802093506,7.183529853820801,-1.4910469055175781,1,4.4856672286987305,0.30000000000000004,7.7
11,1,0.0,8.1,2.9000000000000004,1.4959364790841296,8.4,6.9,258.7108459472656,4.496784687042236,7.223446846008301,-1.4910469055175781,1,4.477682113647461,0.30000000000000004,7.7
11,1,0.0,8.1,2.9000000000000004,1.4959364790841296,8.4,6.9,259.2108459472656,4.489168167114258,7.2632246017456055,-1.4910469055175781,1,4.470065593719482,0.30000000000000004,7.7
11,1,0.0,8.1,2.9000000000000004,1.4959364790841296,8.4,6.9,259.7108459472656,4.481916427612305,7.302870273590088,-1.4910469055175781,1,4.462813854217529,0.30000000000000004,7.7
11,1,0.0,8.1,2.9000000000000004,1.4959364790841296,8.4,6.9,260.2108459472656,0.0,,,0,4.4559245109558105,0.30000000000000004,7.7
11,1,0.0,8.1,2.9000000000000004,1.4959364790841296,8.4,6.9,260.7108459472656,4.4684977531433105,7.381792068481445,-1.4910469055175781,1,4.449395179748535,0.30000000000000004,7.7
11,1,0.0,8.1,2.9000000000000004,1.4959364790841296,8.4,6.9,261.2108459472656,4.462324619293213,7.421081066131592,-1.4910469055175781,1,4.4432220458984375,0.30000000000000004,7.7
11,1,0.0,8.1,2.9000000000000004,1.4959364790841296,8.4,6.9,261.7108459472656,4.456506729125977,7.460264682769775,-1.4910469055175781,1,4.437404155731201,0.30000000000000004,7.7
11,1,0.0,8.1,2.9000000000000004,1.4959364790841296,8.4,6.9,262.2108459472656,4.451040744781494,7.499348163604736,-1.4910469055175781,1,4.431938171386719,0.30000000000000004,7.7
11,1,0.0,8.1,2.9000000000000004,1.4959364790841296,8.4,6.9,262.7108459472656,4.445924758911133,7.538338661193848,-1.4910469055175781,1,4.426822185516357,0.30000000000000004,7.7
11,1,0.0,8.1,2.9000000000000004,1.4959364790841296,8.4,6.9,263.2108459472656,4.441157341003418,7.577242374420166,-1.4910469055175781,1,4.422054767608643,0.30000000000000004,7.7
11,1,0.0,8.1,2.9000000000000004,1.4959364790841296,8.4,6.9,263.7108459472656,4.436736106872559,7.616065502166748,-1.4910469055175781,1,4.417633533477783,0.30000000000000004,7.7
11,1,0.0,8.1,2.9000000000000004,1.4959364790841296,8.4,6.9,264.2108459472656,4.43265962600708,7.654813766479492,-1.4910469055175781,1,4.413557052612305,0.30000000000000004,7.7
11,1,0.0,8.1,2.9000000000000004,1.4959364790841296,8.4,6.9,264.7108459472656,4.42892599105835,7.693493366241455,-1.4910469055175781,1,4.409823417663574,0.30000000000000004,7.7
11,1,0.0,8.1,2.9000000000000004,1.4959364790841296,8.4,6.9,265.2108459472656,4.425533771514893,7.732110500335693,-1.4910469055175781,1,4.406431198120117,0.30000000000000004,7.7
11,2,0.0,8.4,6.9,3.0431464943771602,0.30000000000000004,7.7,354.35943603515625,4.020471572875977,12.359350204467773,6.508953094482422,1,3.97861385345459,0.30000000000000004,7.7
11,2,0.0,8.4,6.9,3.0431464943771602,0.30000000000000004,7.7,354.85943603515625,4.406259536743164,12.746848106384277,6.508953094482422,1,4.364401817321777,0.30000000000000004,7.7
11,2,0.0,8.4,6.9,3.0431464943771602,0.30000000000000004,7.7,355.35943603515625,4.87530517578125,13.217602729797363,6.508953094482422,1,4.833447456359863,0.30000000000000004,7.7
11,2,0.0,8.4,6.9,3.0431464943771602,0.30000000000000004,7.7,355.85943603515625,5.253617763519287,13.598156929016113,6.523693561553955,1,5.2117600440979,0.30000000000000004,7.7
11,2,0.0,8.4,6.9,3.0431464943771602,0.30000000000000004,7.7,356.35943603515625,5.25052547454834,13.598156929016113,6.569266319274902,1,5.208667755126953,0.30000000000000004,7.7
11,2,0.0,8.4,6.9,3.0431464943771602,0.30000000000000004,7.7,356.85943603515625,5.247833251953125,13.598156929016113,6.614788055419922,1,5.205975532531738,0.30000000000000004,7.7
11,2,0.0,8.4,6.9,3.0431464943771602,0.30000000000000004,7.7,357.35943603515625,0.0,,,0,5.2036824226379395,0.30000000000000004,7.7
11,2,0.0,8.4,6.9,3.0431464943771602,0.30000000000000004,7.7,357.85943603515625,5.243644714355469,13.598156929016113,6.7057085037231445,1,5.201786994934082,0.30000000000000004,7.7
11,2,0.0,8.4,6.9,3.0431464943771602,0.30000000000000004,7.7,358.35943603515625,5.2421464920043945,13.598156929016113,6.751120567321777,1,5.200288772583008,0.30000000000000004,7.7
11,2,0.0,8.4,6.9,3.0431464943771602,0.30000000000000004,7.7,358.85943603515625,5.241044998168945,13.598156929016113,6.796510219573975,1,5.199187278747559,0.30000000000000004,7.7
11,2,0.0,8.4,6.9,3.0431464943771602,0.30000000000000004,7.7,359.35943603515625,5.240339756011963,13.598156929016113,6.841883659362793,1,5.198482036590576,0.30000000000000004,7.7
11,2,0.0,8.4,6.9,3.0431464943771602,0.30000000000000004,7.7,359.85943603515625,5.240030288696289,13.598156929016113,6.887248516082764,1,5.198172569274902,0.30000000000000004,7.7
11,2,0.0,8.4,6.9,3.0431464943771602,0.30000000000000004,7.7,0.3594505786895752,5.240117073059082,13.598156929016113,6.932611465454102,1,5.198259353637695,0.30000000000000004,7.7
11,2,0.0,8.4,6.9,3.0431464943771602,0.30000000000000004,7.7,0.8594505786895752,5.240599632263184,13.598156929016113,6.97797966003418,1,5.198741912841797,0.30000000000000004,7.7
11,2,0.0,8.4,6.9,3.0431464943771602,0.30000000000000004,7.7,1.3594505786895752,5.241478443145752,13.598156929016113,7.023359298706055,1,5.199620723724365,0.30000000000000004,7.7
11,2,0.0,8.4,6.9,3.0431464943771602,0.30000000000000004,7.7,1.8594505786895752,5.242753505706787,13.598156929016113,7.068758010864258,1,5.2008957862854,0.30000000000000004,7.7
11,2,0.0,8.4,6.9,3.0431464943771602,0.30000000000000004,7.7,2.359450578689575,5.244425296783447,13.598156929016113,7.114181995391846,1,5.2025675773620605,0.30000000000000004,7.7
11,2,0.0,8.4,6.9,3.0431464943771602,0.30000000000000004,7.7,2.859450578689575,5.246494770050049,13.598156929016113,7.159639358520508,1,5.204637050628662,0.30000000000000004,7.7
11,2,0.0,8.4,6.9,3.0431464943771602,0.30000000000000004,7.7,3.359450578689575,5.248962879180908,13.598156929016113,7.205135822296143,1,5.2071051597595215,0.30000000000000004,7.7
11,2,0.0,8.4,6.9,3.0431464943771602,0.30000000000000004,7.7,3.859450578689575,5.251830101013184,13.598156929016113,7.250679016113281,1,5.209972381591797,0.30000000000000004,7.7
11,2,0.0,8.4,6.9,3.0431464943771602,0.30000000000000004,7.7,4.359450340270996,5.25509786605835,13.598156929016113,7.296276092529297,1,5.213240146636963,0.30000000000000004,7.7
11,2,0.0,8.4,6.9,3.0431464943771602,0.30000000000000004,7.7,4.859450340270996,5.258767127990723,13.598156929016113,7.341933727264404,1,5.216909408569336,0.30000000000000004,7.7
11,2,0.0,8.4,6.9,3.0431464943771602,0.30000000000000004,7.7,5.359450340270996,5.262839317321777,13.598156929016113,7.387659072875977,1,5.220981597900391,0.30000000000000004,7.7
11,2,0.0,8.4,6.9,3.0431464943771602,0.30000000000000004,7.7,5.859450340270996,5.2673163414001465,13.598156929016113,7.433459281921387,1,5.22545862197876,0.30000000000000004,7.7
11,2,0.0,8.4,6.9,3.0431464943771602,0.30000000000000004,7.7,6.359450340270996,5.2721991539001465,13.598156929016113,7.479341983795166,1,5.23034143447876,0.30000000000000004,7.7
11,2,0.0,8.4,6.9,3.0431464943771602,0.30000000000000004,7.7,6.859450340270996,5.277490615844727,13.598156929016113,7.525313854217529,1,5.23563289642334,0.30000000000000004,7.7
11,2,0.0,8.4,6.9,3.0431464943771602,0.30000000000000004,7.7,7.359450340270996,5.2831926345825195,13.598156929016113,7.57138204574585,1,5.241334915161133,0.30000000000000004,7.7
11,2,0.0,8.4,6.9,3.0431464943771602,0.30000000000000004,7.7,7.859450340270996,5.289306640625,13.598156929016113,7.617554664611816,1,5.247448921203613,0.30000000000000004,7.7
11,2,0.0,8.4,6.9,3.0431464943771602,0.30000000000000004,7.7,8.359450340270996,5.295835971832275,13.598156929016113,7.6638383865356445,1,5.253978252410889,0.30000000000000004,7.7
11,2,0.0,8.4,6.9,3.0431464943771602,0.30000000000000004,7.7,8.859450340270996,5.30278205871582,13.598156929016113,7.710240840911865,1,5.260924339294434,0.30000000000000004,7.7
11,2,0.0,8.4,6.9,3.0431464943771602,0.30000000000000004,7.7,9.359450340270996,0.0,,,0,5.268290996551514,0.30000000000000004,7.7
11,2,0.0,8.4,6.9,3.0431464943771602,0.30000000000000004,7.7,9.859450340270996,5.317938327789307,13.598156929016113,7.803433418273926,1,5.27608060836792,0.30000000000000004,7.7
11,2,0.0,8.4,6.9,3.0431464943771602,0.30000000000000004,7.7,10.359450340270996,5.3261542320251465,13.598156929016113,7.850237846374512,1,5.28429651260376,0.30000000000000004,7.7
11,2,0.0,8.4,6.9,3.0431464943771602,0.30000000000000004,7.7,10.859450340270996,5.334799289703369,13.598156929016113,7.897192478179932,1,5.292941570281982,0.30000000000000004,7.7
11,2,0.0,8.4,6.9,3.0431464943771602,0.30000000000000004,7.7,11.359450340270996,5.343876838684082,13.598156929016113,7.944304466247559,1,5.302019119262695,0.30000000000000004,7.7
11,2,0.0,8.4,6.9,3.0431464943771602,0.30000000000000004,7.7,11.859450340270996,5.353391170501709,13.598156929016113,7.991581916809082,1,5.311533451080322,0.30000000000000004,7.7
11,2,0.0,8.4,6.9,3.0431464943771602,0.30000000000000004,7.7,12.359450340270996,5.363345623016357,13.598156929016113,8.039032936096191,1,5.321487903594971,0.30000000000000004,7.7
11,2,0.0,8.4,6.9,3.0431464943771602,0.30000000000000004,7.7,12.859450340270996,5.373744010925293,13.598156929016113,8.086666107177734,1,5.331886291503906,0.30000000000000004,7.7
11,2,0.0,8.4,6.9,3.0431464943771602,0.30000000000000004,7.7,13.359450340270996,5.384591102600098,13.598156929016113,8.134489059448242,1,5.342733383178711,0.30000000000000004,7.7
11,2,0.0,8.4,6.9,3.0431464943771602,0.30000000000000004,7.7,13.859450340270996,5.395890712738037,13.598156929016113,8.182510375976562,1,5.35403299331665,0.30000000000000004,7.7
11,2,0.0,8.4,6.9,3.0431464943771602,0.30000000000000004,7.7,14.359450340270996,5.407647609710693,13.598156929016113,8.23073959350586,1,5.365789890289307,0.30000000000000004,7.7
11,2,0.0,8.4,6.9,3.0431464943771602,0.30000000000000004,7.7,14.859450340270996,5.419867038726807,13.598156929016113,8.279184341430664,1,5.37800931930542,0.30000000000000004,7.7
11,2,0.0,8.4,6.9,3.0431464943771602,0.30000000000000004,7.7,15.359450340270996,5.432553768157959,13.598156929016113,8.32785415649414,1,5.390696048736572,0.30000000000000004,7.7
11,2,0.0,8.4,6.9,3.0431464943771602,0.30000000000000004,7.7,15.859450340270996,5.445712566375732,13.598156929016113,8.376757621765137,1,5.403854846954346,0.30000000000000004,7.7
11,2,0.0,8.4,6.9,3.0431464943771602,0.30000000000000004,7.7,16.359451293945312,5.459349632263184,13.598156929016113,8.425904273986816,1,5.417491912841797,0.30000000000000004,7.7
11,2,0.0,8.4,6.9,3.0431464943771602,0.30000000000000004,7.7,16.859451293945312,5.473470687866211,13.598156929016113,8.475303649902344,1,5.431612968444824,0.30000000000000004,7.7
11,2,0.0,8.4,6.9,3.0431464943771602,0.30000000000000004,7.7,17.359451293945312,5.488080978393555,13.598156929016113,8.524964332580566,1,5.446223258972168,0.30000000000000004,7.7
11,2,0.0,8.4,6.9,3.0431464943771602,0.30000000000000004,7.7,17.859451293945312,5.50318717956543,13.598156929016113,8.574896812438965,1,5.461329460144043,0.30000000000000004,7.7
11,2,0.0,8.4,6.9,3.0431464943771602,0.30000000000000004,7.7,18.359451293945312,5.518795490264893,13.598156929016113,8.62511157989502,1,5.476937770843506,0.30000000000000004,7.7
11,2,0.0,8.4,6.9,3.0431464943771602,0.30000000000000004,7.7,18.859451293945312,5.534913063049316,13.598156929016113,8.675618171691895,1,5.49305534362793,0.30000000000000004,7.7
11,2,0.0,8.4,6.9,3.0431464943771602,0.30000000000000004,7.7,19.359451293945312,5.551546573638916,13.598156929016113,8.726426124572754,1,5.509688854217529,0.30000000000000004,7.7
11,2,0.0,8.4,6.9,3.0431464943771602,0.30000000000000004,7.7,19.859451293945312,5.5687031745910645,13.598156929016113,8.777546882629395,1,5.526845455169678,0.30000000000000004,7.7
11,2,0.0,8.4,6.9,3.0431464943771602,0.30000000000000004,7.7,20.359451293945312,5.586390495300293,13.598156929016113,8.828990936279297,1,5.544532775878906,0.30000000000000004,7.7
11,2,0.0,8.4,6.9,3.0431464943771602,0.30000000000000004,7.7,20.859451293945312,5.604616165161133,13.598156929016113,8.880768775939941,1,5.562758445739746,0.30000000000000004,7.7
11,2,0.0,8.4,6.9,3.0431464943771602,0.30000000000000004,7.7,21.359451293945312,5.623388767242432,13.598156929016113,8.932892799377441,1,5.581531047821045,0.30000000000000004,7.7
11,2,0.0,8.4,6.9,3.0431464943771602,0.30000000000000004,7.7,21.859451293945312,5.642716407775879,13.598156929016113,8.985373497009277,1,5.600858688354492,0.30000000000000004,7.7
11,2,0.0,8.4,6.9,3.0431464943771602,0.30000000000000004,7.7,22.359451293945312,5.6626081466674805,13.598156929016113,9.038223266601562,1,5.620750427246094,0.30000000000000004,7.7
11,2,0.0,8.4,6.9,3.0431464943771602,0.30000000000000004,7.7,22.859451293945312,5.683072566986084,13.598156929016113,9.091453552246094,1,5.641214847564697,0.30000000000000004,7.7
11,2,0.0,8.4,6.9,3.0431464943771602,0.30000000000000004,7.7,23.359451293945312,5.7041192054748535,13.598156929016113,9.145076751708984,1,5.662261486053467,0.30000000000000004,7.7
11,2,0.0,8.4,6.9,3.0431464943771602,0.30000000000000004,7.7,23.859451293945312,5.7257585525512695,13.598156929016113,9.199106216430664,1,5.683900833129883,0.30000000000000004,7.7
11,2,0.0,8.4,6.9,3.0431464943771602,0.30000000000000004,7.7,24.359451293945312,5.747999668121338,13.598156929016113,9.253554344177246,1,5.706141948699951,0.30000000000000004,7.7
11,2,0.0,8.4,6.9,3.0431464943771602,0.30000000000000004,7.7,24.859451293945312,5.770853519439697,13.598156929016113,9.30843448638916,1,5.7289958000183105,0.30000000000000004,7.7
11,2,0.0,8.4,6.9,3.0431464943771602,0.30000000000000004,7.7,25.359451293945312,5.794331073760986,13.598156929016113,9.363759994506836,1,5.7524733543396,0.30000000000000004,7.7
11,2,0.0,8.4,6.9,3.0431464943771602,0.30000000000000004,7.7,25.859451293945312,5.818443298339844,13.598156929016113,9.41954517364502,1,5.776585578918457,0.30000000000000004,7.7
11,2,0.0,8.4,6.9,3.0431464943771602,0.30000000000000004,7.7,26.359451293945312,5.843202590942383,13.598156929016113,9.47580337524414,1,5.801344871520996,0.30000000000000004,7.7
11,2,0.0,8.4,6.9,3.0431464943771602,0.30000000000000004,7.7,26.859451293945312,5.8686203956604,13.598156929016113,9.532551765441895,1,5.826762676239014,0.30000000000000004,7.7
11,2,0.0,8.4,6.9,3.0431464943771602,0.30000000000000004,7.7,27.359451293945312,0.0,,,0,5.852851867675781,0.30000000000000004,7.7
11,2,0.0,8.4,6.9,3.0431464943771602,0.30000000000000004,7.7,27.859451293945312,0.0,,,0,5.8796257972717285,0.30000000000000004,7.7
11,2,0.0,8.4,6.9,3.0431464943771602,0.30000000000000004,7.7,28.359451293945312,5.948955535888672,13.598156929016113,9.705880165100098,1,5.907097816467285,0.30000000000000004,7.7
11,2,0.0,8.4,6.9,3.0431464943771602,0.30000000000000004,7.7,28.859451293945312,5.977138996124268,13.598156929016113,9.764739036560059,1,5.935281276702881,0.30000000000000004,7.7
11,2,0.0,8.4,6.9,3.0431464943771602,0.30000000000000004,7.7,29.359451293945312,6.006049633026123,13.598156929016113,9.824166297912598,1,5.964191913604736,0.30000000000000004,7.7
11,2,0.0,8.4,6.9,3.0431464943771602,0.30000000000000004,7.7,29.859451293945312,9.727653503417969,16.799999237060547,11.722307205200195,1,9.685795783996582,0.30000000000000004,7.7
11,2,0.0,8.4,6.9,3.0431464943771602,0.30000000000000004,7.7,30.359451293945312,9.77679443359375,16.799999237060547,11.820262908935547,1,9.734936714172363,0.30000000000000004,7.7
11,2,0.0,8.4,6.9,3.0431464943771602,0.30000000000000004,7.7,30.859451293945312,9.827184677124023,16.799999237060547,11.919225692749023,1,9.785326957702637,0.30000000000000004,7.7
11,2,0.0,8.4,6.9,3.0431464943771602,0.30000000000000004,7.7,31.359451293945312,9.878852844238281,16.799999237060547,12.019225120544434,1,9.836995124816895,0.30000000000000004,7.7
11,2,0.0,8.4,6.9,3.0431464943771602,0.30000000000000004,7.7,31.859451293945312,9.9318265914917,16.799999237060547,12.120294570922852,1,9.889968872070312,0.30000000000000004,7.7
11,2,0.0,8.4,6.9,3.0431464943771602,0.30000000000000004,7.7,32.35945129394531,9.986135482788086,16.799999237060547,12.222466468811035,1,9.9442777633667,0.30000000000000004,7.7
11,2,0.0,8.4,6.9,3.0431464943771602,0.30000000000000004,7.7,32.85945129394531,10.04180908203125,16.799999237060547,12.325775146484375,1,9.999951362609863,0.30000000000000004,7.7
11,2,0.0,8.4,6.9,3.0431464943771602,0.30000000000000004,7.7,33.35945129394531,10.098880767822266,16.799999237060547,12.430253982543945,1,10.057023048400879,0.30000000000000004,7.7
11,2,0.0,8.4,6.9,3.0431464943771602,0.30000000000000004,7.7,33.85945129394531,10.157382011413574,16.799999237060547,12.535940170288086,1,10.115524291992188,0.30000000000000004,7.7
11,2,0.0,8.4,6.9,3.0431464943771602,0.30000000000000004,7.7,34.35945129394531,10.217347145080566,16.799999237060547,12.642871856689453,1,10.17548942565918,0.30000000000000004,7.7
11,2,0.0,8.4,6.9,3.0431464943771602,0.30000000000000004,7.7,34.85945129394531,6.376773834228516,13.598156929016113,10.520817756652832,1,6.334916114807129,0.30000000000000004,7.7
11,2,0.0,8.4,6.9,3.0431464943771602,0.30000000000000004,7.7,35.35945129394531,6.415760517120361,13.598156929016113,10.588603973388672,1,6.373902797698975,0.30000000000000004,7.7
11,2,0.0,8.4,6.9,3.0431464943771602,0.30000000000000004,7.7,35.85945129394531,6.455721378326416,13.598156929016113,10.657234191894531,1,6.413863658905029,0.30000000000000004,7.7
11,2,0.0,8.4,6.9,3.0431464943771602,0.30000000000000004,7.7,36.35945129394531,6.496681213378906,13.598156929016113,10.726736068725586,1,6.4548234939575195,0.30000000000000004,7.7
11,2,0.0,8.4,6.9,3.0431464943771602,0.30000000000000004,7.7,36.85945129394531,6.538665771484375,13.598156929016113,10.797137260437012,1,6.496808052062988,0.30000000000000004,7.7
11,2,0.0,8.4,6.9,3.0431464943771602,0.30000000000000004,7.7,37.35945129394531,6.581701278686523,13.598156929016113,10.868465423583984,1,6.539843559265137,0.30000000000000004,7.7
11,2,0.0,8.4,6.9,3.0431464943771602,0.30000000000000004,7.7,37.85945129394531,6.625814914703369,13.598156929016113,10.940750122070312,1,6.583957195281982,0.30000000000000004,7.7
11,2,0.0,8.4,6.9,3.0431464943771602,0.30000000000000004,7.7,38.35945129394531,6.671036720275879,13.598156929016113,11.014021873474121,1,6.629179000854492,0.30000000000000004,7.7
11,2,0.0,8.4,6.9,3.0431464943771602,0.30000000000000004,7.7,38.85945129394531,6.717395782470703,13.598156929016113,11.088313102722168,1,6.675538063049316,0.30000000000000004,7.7
11,2,0.0,8.4,6.9,3.0431464943771602,0.30000000000000004,7.7,39.35945129394531,6.764923095703125,13.598156929016113,11.163657188415527,1,6.723065376281738,0.30000000000000004,7.7
11,2,0.0,8.4,6.9,3.0431464943771602,0.30000000000000004,7.7,39.85945129394531,6.8136515617370605,13.598156929016113,11.240086555480957,1,6.771793842315674,0.30000000000000004,7.7
11,2,0.0,8.4,6.9,3.0431464943771602,0.30000000000000004,7.7,40.35945129394531,6.863614559173584,13.598156929016113,11.317638397216797,1,6.821756839752197,0.30000000000000004,7.7
11,2,0.0,8.4,6.9,3.0431464943771602,0.30000000000000004,7.7,40.85945129394531,6.9148478507995605,13.598156929016113,11.396349906921387,1,6.872990131378174,0.30000000000000004,7.7
11,2,0.0,8.4,6.9,3.0431464943771602,0.30000000000000004,7.7,41.35945129394531,6.967388153076172,13.598156929016113,11.47625732421875,1,6.925530433654785,0.30000000000000004,7.7
11,2,0.0,8.4,6.9,3.0431464943771602,0.30000000000000004,7.7,41.85945129394531,7.021273136138916,13.598156929016113,11.557403564453125,1,6.979415416717529,0.30000000000000004,7.7
11,2,0.0,8.4,6.9,3.0431464943771602,0.30000000000000004,7.7,42.35945129394531,7.07654333114624,13.598156929016113,11.639827728271484,1,7.0346856117248535,0.30000000000000004,7.7
11,2,0.0,8.4,6.9,3.0431464943771602,0.30000000000000004,7.7,42.85945129394531,7.133240222930908,13.598156929016113,11.7235746383667,1,7.0913825035095215,0.30000000000000004,7.7
11,2,0.0,8.4,6.9,3.0431464943771602,0.30000000000000004,7.7,43.35945129394531,7.191407680511475,13.598156929016113,11.80868911743164,1,7.149549961090088,0.30000000000000004,7.7
11,2,0.0,8.4,6.9,3.0431464943771602,0.30000000000000004,7.7,43.85945129394531,7.251090049743652,13.598156929016113,11.895217895507812,1,7.209232330322266,0.30000000000000004,7.7
11,2,0.0,8.4,6.9,3.0431464943771602,0.30000000000000004,7.7,44.35945129394531,7.312336444854736,13.598156929016113,11.983209609985352,1,7.27047872543335,0.30000000000000004,7.7
11,2,0.0,8.4,6.9,3.0431464943771602,0.30000000000000004,7.7,44.85945129394531,7.375195026397705,13.598156929016113,12.07271671295166,1,7.333337306976318,0.30000000000000004,7.7
11,2,0.0,8.4,6.9,3.0431464943771602,0.30000000000000004,7.7,45.35945129394531,7.439718246459961,13.598156929016113,12.16379165649414,1,7.397860527038574,0.30000000000000004,7.7
11,2,0.0,8.4,6.9,3.0431464943771602,0.30000000000000004,7.7,45.85945129394531,7.505960941314697,13.598156929016113,12.256491661071777,1,7.4641032218933105,0.30000000000000004,7.7
11,2,0.0,8.4,6.9,3.0431464943771602,0.30000000000000004,7.7,46.35945129394531,7.573978900909424,13.598156929016113,12.350872993469238,1,7.532121181488037,0.30000000000000004,7.7
11,2,0.0,8.4,6.9,3.0431464943771602,0.30000000000000004,7.7,46.85945129394531,7.643832683563232,13.598156929016113,12.44699764251709,1,7.601974964141846,0.30000000000000004,7.7
11,2,0.0,8.4,6.9,3.0431464943771602,0.30000000000000004,7.7,47.35945129394531,7.715583801269531,13.598156929016113,12.544929504394531,1,7.6737260818481445,0.30000000000000004,7.7
11,2,0.0,8.4,6.9,3.0431464943771602,0.30000000000000004,7.7,47.85945129394531,7.789298057556152,13.598156929016113,12.644736289978027,1,7.747440338134766,0.30000000000000004,7.7
11,2,0.0,8.4,6.9,3.0431464943771602,0.30000000000000004,7.7,48.35945129394531,7.865043640136719,13.598156929016113,12.746485710144043,1,7.823185920715332,0.30000000000000004,7.7
11,2,0.0,8.4,6.9,3.0431464943771602,0.30000000000000004,7.7,48.85945129394531,7.942892551422119,13.598156929016113,12.850253105163574,1,7.901034832000732,0.30000000000000004,7.7
11,2,0.0,8.4,6.9,3.0431464943771602,0.30000000000000004,7.7,49.35945129394531,8.022919654846191,13.598156929016113,12.956114768981934,1,7.981062412261963,0.30000000000000004,7.7
11,2,0.0,8.4,6.9,3.0431464943771602,0.30000000000000004,7.7,49.85945129394531,8.105206489562988,13.598156929016113,13.0641508102417,1,8.063348770141602,0.30000000000000004,7.7
11,2,0.0,8.4,6.9,3.0431464943771602,0.30000000000000004,7.7,50.35945129394531,8.189833641052246,13.598156929016113,13.174446105957031,1,8.14797592163086,0.30000000000000004,7.7
11,2,0.0,8.4,6.9,3.0431464943771602,0.30000000000000004,7.7,50.85945129394531,8.27688980102539,13.598156929016113,13.287089347839355,1,8.235032081604004,0.30000000000000004,7.7
11,2,0.0,8.4,6.9,3.0431464943771602,0.30000000000000004,7.7,51.35945129394531,8.366467475891113,13.598156929016113,13.402175903320312,1,8.324609756469727,0.30000000000000004,7.7
11,2,0.0,8.4,6.9,3.0431464943771602,0.30000000000000004,7.7,51.85945129394531,8.458662986755371,13.598156929016113,13.519801139831543,1,8.416805267333984,0.30000000000000004,7.7
11,2,0.0,8.4,6.9,3.0431464943771602,0.30000000000000004,7.7,52.35945129394531,8.553579330444336,13.598156929016113,13.640071868896484,1,8.51172161102295,0.30000000000000004,7.7
11,2,0.0,8.4,6.9,3.0431464943771602,0.30000000000000004,7.7,52.85945129394531,8.651323318481445,13.598156929016113,13.763094902038574,1,8.609465599060059,0.30000000000000004,7.7
11,2,0.0,8.4,6.9,3.0431464943771602,0.30000000000000004,7.7,53.35945129394531,8.64111042022705,13.531972885131836,13.800000190734863,1,8.599252700805664,0.30000000000000004,7.7
11,2,0.0,8.4,6.9,3.0431464943771602,0.30000000000000004,7.7,53.85945129394531,8.585980415344238,13.439050674438477,13.800000190734863,1,8.544122695922852,0.30000000000000004,7.7
11,2,0.0,8.4,6.9,3.0431464943771602,0.30000000000000004,7.7,54.35945129394531,8.532195091247559,13.347304344177246,13.800000190734863,1,8.490337371826172,0.30000000000000004,7.7
11,2,0.0,8.4,6.9,3.0431464943771602,0.30000000000000004,7.7,54.85945129394531,8.479721069335938,13.25670051574707,13.800000190734863,1,8.43786334991455,0.30000000000000004,7.7
11,2,0.0,8.4,6.9,3.0431464943771602,0.30000000000000004,7.7,55.35945129394531,8.428526878356934,13.16720199584961,13.800000190734863,1,8.386669158935547,0.30000000000000004,7.7
11,2,0.0,8.4,6.9,3.0431464943771602,0.30000000000000004,7.7,55.85945129394531,8.378581047058105,13.078776359558105,13.800000190734863,1,8.336723327636719,0.30000000000000004,7.7
11,2,0.0,8.4,6.9,3.0431464943771602,0.30000000000000004,7.7,56.35945129394531,8.329853057861328,12.9913911819458,13.800000190734863,1,8.287995338439941,0.30000000000000004,7.7
11,2,0.0,8.4,6.9,3.0431464943771602,0.30000000000000004,7.7,56.85945129394531,8.282316207885742,12.905014991760254,13.800000190734863,1,8.240458488464355,0.30000000000000004,7.7
11,2,0.0,8.4,6.9,3.0431464943771602,0.30000000000000004,7.7,57.35945129394531,8.235941886901855,12.81961727142334,13.800000190734863,1,8.194084167480469,0.30000000000000004,7.7
11,2,0.0,8.4,6.9,3.0431464943771602,0.30000000000000004,7.7,57.85945129394531,8.190704345703125,12.735169410705566,13.800000190734863,1,8.148846626281738,0.30000000000000004,7.7
11,2,0.0,8.4,6.9,3.0431464943771602,0.30000000000000004,7.7,58.35945129394531,8.146576881408691,12.651642799377441,13.800000190734863,1,8.104719161987305,0.30000000000000004,7.7
11,2,0.0,8.4,6.9,3.0431464943771602,0.30000000000000004,7.7,58.85945129394531,8.103534698486328,12.569008827209473,13.800000190734863,1,8.061676979064941,0.30000000000000004,7.7
11,2,0.0,8.4,6.9,3.0431464943771602,0.30000000000000004,7.7,59.35945129394531,8.061555862426758,12.487242698669434,13.800000190734863,1,8.019698143005371,0.30000000000000004,7.7
11,2,0.0,8.4,6.9,3.0431464943771602,0.30000000000000004,7.7,59.85945129394531,8.020615577697754,12.406316757202148,13.800000190734863,1,7.978757858276367,0.30000000000000004,7.7
11,2,0.0,8.4,6.9,3.0431464943771602,0.30000000000000004,7.7,60.35945129394531,7.9806928634643555,12.326207160949707,13.800000190734863,1,7.938835144042969,0.30000000000000004,7.7
11,2,0.0,8.4,6.9,3.0431464943771602,0.30000000000000004,7.7,60.85945129394531,7.941766262054443,12.246889114379883,13.800000190734863,1,7.899908542633057,0.30000000000000004,7.7
11,2,0.0,8.4,6.9,3.0431464943771602,0.30000000000000004,7.7,61.35945129394531,7.903815746307373,12.168339729309082,13.800000190734863,1,7.861958026885986,0.30000000000000004,7.7
11,2,0.0,8.4,6.9,3.0431464943771602,0.30000000000000004,7.7,61.85945129394531,7.866820812225342,12.090535163879395,13.800000190734863,1,7.824963092803955,0.30000000000000004,7.7
11,2,0.0,8.4,6.9,3.0431464943771602,0.30000000000000004,7.7,62.35945129394531,7.83076286315918,12.013453483581543,13.800000190734863,1,7.788905143737793,0.30000000000000004,7.7
11,2,0.0,8.4,6.9,3.0431464943771602,0.30000000000000004,7.7,62.85945129394531,7.795623302459717,11.93707275390625,13.800000190734863,1,7.75376558303833,0.30000000000000004,7.7
11,2,0.0,8.4,6.9,3.0431464943771602,0.30000000000000004,7.7,63.35945129394531,7.761384963989258,11.861372947692871,13.800000190734863,1,7.719527244567871,0.30000000000000004,7.7
11,2,0.0,8.4,6.9,3.0431464943771602,0.30000000000000004,7.7,63.85945129394531,7.728030204772949,11.786332130432129,13.800000190734863,1,7.6861724853515625,0.30000000000000004,7.7
11,2,0.0,8.4,6.9,3.0431464943771602,0.30000000000000004,7.7,64.35945129394531,7.695542812347412,11.711932182312012,13.800000190734863,1,7.653685092926025,0.30000000000000004,7.7
11,2,0.0,8.4,6.9,3.0431464943771602,0.30000000000000004,7.7,64.85945129394531,7.663907051086426,11.638153076171875,13.800000190734863,1,7.622049331665039,0.30000000000000004,7.7
11,2,0.0,8.4,6.9,3.0431464943771602,0.30000000000000004,7.7,65.35945129394531,7.6331071853637695,11.56497573852539,13.800000190734863,1,7.591249465942383,0.30000000000000004,7.7
11,2,0.0,8.4,6.9,3.0431464943771602,0.30000000000000004,7.7,65.85945129394531,7.603128910064697,11.49238109588623,13.800000190734863,1,7.5612711906433105,0.30000000000000004,7.7
11,2,0.0,8.4,6.9,3.0431464943771602,0.30000000000000004,7.7,66.35945129394531,7.573957920074463,11.420352935791016,13.800000190734863,1,7.532100200653076,0.30000000000000004,7.7
11,2,0.0,8.4,6.9,3.0431464943771602,0.30000000000000004,7.7,66.85945129394531,7.5455803871154785,11.348873138427734,13.800000190734863,1,7.503722667694092,0.30000000000000004,7.7
11,2,0.0,8.4,6.9,3.0431464943771602,0.30000000000000004,7.7,67.35945129394531,7.5179829597473145,11.277923583984375,13.800000190734863,1,7.476125240325928,0.30000000000000004,7.7
11,2,0.0,8.4,6.9,3.0431464943771602,0.30000000000000004,7.7,67.85945129394531,7.491152763366699,11.207489967346191,13.800000190734863,1,7.4492950439453125,0.30000000000000004,7.7
11,2,0.0,8.4,6.9,3.0431464943771602,0.30000000000000004,7.7,68.35945129394531,7.465077877044678,11.137553215026855,13.800000190734863,1,7.423220157623291,0.30000000000000004,7.7
11,2,0.0,8.4,6.9,3.0431464943771602,0.30000000000000004,7.7,68.85945129394531,7.439746379852295,11.068099975585938,13.800000190734863,1,7.397888660430908,0.30000000000000004,7.7
11,2,0.0,8.4,6.9,3.0431464943771602,0.30000000000000004,7.7,69.35945129394531,7.415146827697754,10.999114036560059,13.800000190734863,1,7.373289108276367,0.30000000000000004,7.7
11,2,0.0,8.4,6.9,3.0431464943771602,0.30000000000000004,7.7,69.85945129394531,7.391268253326416,10.930580139160156,13.800000190734863,1,7.349410533905029,0.30000000000000004,7.7
11,2,0.0,8.4,6.9,3.0431464943771602,0.30000000000000004,7.7,70.35945129394531,7.368099689483643,10.862483024597168,13.800000190734863,1,7.326241970062256,0.30000000000000004,7.7
11,2,0.0,8.4,6.9,3.0431464943771602,0.30000000000000004,7.7,70.85945129394531,7.3456315994262695,10.794809341430664,13.800000190734863,1,7.303773880004883,0.30000000000000004,7.7
11,2,0.0,8.4,6.9,3.0431464943771602,0.30000000000000004,7.7,71.35945129394531,7.323853492736816,10.727543830871582,13.800000190734863,1,7.28199577331543,0.30000000000000004,7.7
11,2,0.0,8.4,6.9,3.0431464943771602,0.30000000000000004,7.7,71.85945129394531,7.302756309509277,10.660674095153809,13.800000190734863,1,7.260898590087891,0.30000000000000004,7.7
11,2,0.0,8.4,6.9,3.0431464943771602,0.30000000000000004,7.7,72.35945129394531,7.282330513000488,10.594184875488281,13.800000190734863,1,7.240472793579102,0.30000000000000004,7.7
11,2,0.0,8.4,6.9,3.0431464943771602,0.30000000000000004,7.7,72.85945129394531,7.26256799697876,10.528063774108887,13.800000190734863,1,7.220710277557373,0.30000000000000004,7.7
11,2,0.0,8.4,6.9,3.0431464943771602,0.30000000000000004,7.7,73.35945129394531,7.243459701538086,10.462297439575195,13.800000190734863,1,7.201601982116699,0.30000000000000004,7.7
11,2,0.0,8.4,6.9,3.0431464943771602,0.30000000000000004,7.7,73.85945129394531,7.2249979972839355,10.396873474121094,13.800000190734863,1,7.183140277862549,0.30000000000000004,7.7
11,2,0.0,8.4,6.9,3.0431464943771602,0.30000000000000004,7.7,74.35945129394531,7.207175254821777,10.331779479980469,13.800000190734863,1,7.165317535400391,0.30000000000000004,7.7
11,2,0.0,8.4,6.9,3.0431464943771602,0.30000000000000004,7.7,74.85945129394531,7.189983367919922,10.267003059387207,13.800000190734863,1,7.148125648498535,0.30000000000000004,7.7
11,2,0.0,8.4,6.9,3.0431464943771602,0.30000000000000004,7.7,75.35945129394531,7.173415660858154,10.202530860900879,13.800000190734863,1,7.131557941436768,0.30000000000000004,7.7
11,2,0.0,8.4,6.9,3.0431464943771602,0.30000000000000004,7.7,75.85945129394531,7.157464981079102,10.138352394104004,13.800000190734863,1,7.115607261657715,0.30000000000000004,7.7
11,2,0.0,8.4,6.9,3.0431464943771602,0.30000000000000004,7.7,76.35945129394531,7.142125606536865,10.074455261230469,13.800000190734863,1,7.1002678871154785,0.30000000000000004,7.7
11,2,0.0,8.4,6.9,3.0431464943771602,0.30000000000000004,7.7,76.85945129394531,7.127389907836914,10.010828971862793,13.800000190734863,1,7.085532188415527,0.30000000000000004,7.7
11,2,0.0,8.4,6.9,3.0431464943771602,0.30000000000000004,7.7,77.35945129394531,7.113253116607666,9.947461128234863,13.800000190734863,1,7.071395397186279,0.30000000000000004,7.7
11,2,0.0,8.4,6.9,3.0431464943771602,0.30000000000000004,7.7,77.85945129394531,7.0997090339660645,9.884340286254883,13.800000190734863,1,7.057851314544678,0.30000000000000004,7.7
11,2,0.0,8.4,6.9,3.0431464943771602,0.30000000000000004,7.7,78.35945129394531,7.086752414703369,9.821455955505371,13.800000190734863,1,7.044894695281982,0.30000000000000004,7.7
11,2,0.0,8.4,6.9,3.0431464943771602,0.30000000000000004,7.7,78.85945129394531,7.074377536773682,9.758798599243164,13.800000190734863,1,7.032519817352295,0.30000000000000004,7.7
11,2,0.0,8.4,6.9,3.0431464943771602,0.30000000000000004,7.7,79.35945129394531,7.06257963180542,9.696354866027832,13.800000190734863,1,7.020721912384033,0.30000000000000004,7.7
11,2,0.0,8.4,6.9,3.0431464943771602,0.30000000000000004,7.7,79.85945129394531,7.05135440826416,9.634116172790527,13.800000190734863,1,7.009496688842773,0.30000000000000004,7.7
11,2,0.0,8.4,6.9,3.0431464943771602,0.30000000000000004,7.7,80.35945129394531,7.04069709777832,9.572071075439453,13.800000190734863,1,6.998839378356934,0.30000000000000004,7.7
11,2,0.0,8.4,6.9,3.0431464943771602,0.30000000000000004,7.7,80.85945129394531,7.030603408813477,9.510210037231445,13.800000190734863,1,6.98874568939209,0.30000000000000004,7.7
11,2,0.0,8.4,6.9,3.0431464943771602,0.30000000000000004,7.7,81.35945129394531,7.021069526672363,9.448522567749023,13.800000190734863,1,6.979211807250977,0.30000000000000004,7.7
11,2,0.0,8.4,6.9,3.0431464943771602,0.30000000000000004,7.7,81.85945129394531,7.012092113494873,9.386998176574707,13.800000190734863,1,6.970234394073486,0.30000000000000004,7.7
11,2,0.0,8.4,6.9,3.0431464943771602,0.30000000000000004,7.7,82.35945129394531,7.003666877746582,9.325627326965332,13.800000190734863,1,6.961809158325195,0.30000000000000004,7.7
11,2,0.0,8.4,6.9,3.0431464943771602,0.30000000000000004,7.7,82.85945129394531,6.995790958404541,9.264399528503418,13.800000190734863,1,6.953933238983154,0.30000000000000004,7.7
11,2,0.0,8.4,6.9,3.0431464943771602,0.30000000000000004,7.7,83.35945129394531,6.988461494445801,9.203306198120117,13.800000190734863,1,6.946603775024414,0.30000000000000004,7.7
11,2,0.0,8.4,6.9,3.0431464943771602,0.30000000000000004,7.7,83.85945129394531,6.981675148010254,9.14233684539795,13.800000190734863,1,6.939817428588867,0.30000000000000004,7.7
11,2,0.0,8.4,6.9,3.0431464943771602,0.30000000000000004,7.7,84.35945129394531,6.975429534912109,9.08148193359375,13.800000190734863,1,6.933571815490723,0.30000000000000004,7.7
11,2,0.0,8.4,6.9,3.0431464943771602,0.30000000000000004,7.7,84.85945129394531,6.969722270965576,9.020730972290039,13.800000190734863,1,6.9278645515441895,0.30000000000000004,7.7
11,2,0.0,8.4,6.9,3.0431464943771602,0.30000000000000004,7.7,85.35945129394531,6.964550971984863,8.960076332092285,13.800000190734863,1,6.922693252563477,0.30000000000000004,7.7
11,2,0.0,8.4,6.9,3.0431464943771602,0.30000000000000004,7.7,85.85945129394531,6.959914207458496,8.899506568908691,13.800000190734863,1,6.918056488037109,0.30000000000000004,7.7
11,2,0.0,8.4,6.9,3.0431464943771602,0.30000000000000004,7.7,86.35945129394531,6.955809593200684,8.839014053344727,13.800000190734863,1,6.913951873779297,0.30000000000000004,7.7
11,2,0.0,8.4,6.9,3.0431464943771602,0.30000000000000004,7.7,86.85945129394531,6.952236175537109,8.77858829498291,13.800000190734863,1,6.910378456115723,0.30000000000000004,7.7
11,2,0.0,8.4,6.9,3.0431464943771602,0.30000000000000004,7.7,87.35945129394531,6.949192047119141,8.718220710754395,13.800000190734863,1,6.907334327697754,0.30000000000000004,7.7
11,2,0.0,8.4,6.9,3.0431464943771602,0.30000000000000004,7.7,87.85945129394531,6.946675777435303,8.657901763916016,13.800000190734863,1,6.904818058013916,0.30000000000000004,7.7
11,2,0.0,8.4,6.9,3.0431464943771602,0.30000000000000004,7.7,88.35945129394531,6.944687366485596,8.59762191772461,13.800000190734863,1,6.902829647064209,0.30000000000000004,7.7
11,2,0.0,8.4,6.9,3.0431464943771602,0.30000000000000004,7.7,88.85945129394531,6.943224906921387,8.537371635437012,13.800000190734863,1,6.9013671875,0.30000000000000004,7.7
11,2,0.0,8.4,6.9,3.0431464943771602,0.30000000000000004,7.7,89.35945129394531,6.942288875579834,8.477143287658691,13.800000190734863,1,6.900431156158447,0.30000000000000004,7.7
11,2,0.0,8.4,6.9,3.0431464943771602,0.30000000000000004,7.7,89.85945129394531,6.941878318786621,8.416926383972168,13.800000190734863,1,6.900020599365234,0.30000000000000004,7.7
11,2,0.0,8.4,6.9,3.0431464943771602,0.30000000000000004,7.7,90.35945129394531,6.941993713378906,8.356711387634277,13.800000190734863,1,6.9001359939575195,0.30000000000000004,7.7
11,2,0.0,8.4,6.9,3.0431464943771602,0.30000000000000004,7.7,90.85945129394531,6.942634105682373,8.296490669250488,13.800000190734863,1,6.900776386260986,0.30000000000000004,7.7
11,2,0.0,8.4,6.9,3.0431464943771602,0.30000000000000004,7.7,91.35945129394531,6.943800449371338,8.23625373840332,13.800000190734863,1,6.901942729949951,0.30000000000000004,7.7
11,2,0.0,8.4,6.9,3.0431464943771602,0.30000000000000004,7.7,91.85945129394531,6.945492744445801,8.175992012023926,13.800000190734863,1,6.903635025024414,0.30000000000000004,7.7
11,2,0.0,8.4,6.9,3.0431464943771602,0.30000000000000004,7.7,92.35945129394531,6.947712421417236,8.11569595336914,13.800000190734863,1,6.90585470199585,0.30000000000000004,7.7
11,2,0.0,8.4,6.9,3.0431464943771602,0.30000000000000004,7.7,92.85945129394531,6.9504594802856445,8.055356979370117,13.800000190734863,1,6.908601760864258,0.30000000000000004,7.7
11,2,0.0,8.4,6.9,3.0431464943771602,0.30000000000000004,7.7,93.35945129394531,6.9537353515625,7.994964599609375,13.800000190734863,1,6.911877632141113,0.30000000000000004,7.7
11,2,0.0,8.4,6.9,3.0431464943771602,0.30000000000000004,7.7,93.85945129394531,6.957541465759277,7.934510707855225,13.800000190734863,1,6.915683746337891,0.30000000000000004,7.7
11,2,0.0,8.4,6.9,3.0431464943771602,0.30000000000000004,7.7,94.35945129394531,6.961878776550293,7.873985767364502,13.800000190734863,1,6.920021057128906,0.30000000000000004,7.7
11,2,0.0,8.4,6.9,3.0431464943771602,0.30000000000000004,7.7,94.85945129394531,6.96674919128418,7.813380241394043,13.800000190734863,1,6.924891471862793,0.30000000000000004,7.7
11,2,0.0,8.4,6.9,3.0431464943771602,0.30000000000000004,7.7,95.35945129394531,6.97215461730957,7.752684593200684,13.800000190734863,1,6.930296897888184,0.30000000000000004,7.7
11,2,0.0,8.4,6.9,3.0431464943771602,0.30000000000000004,7.7,95.85945129394531,6.978097438812256,7.69188928604126,13.800000190734863,1,6.936239719390869,0.30000000000000004,7.7
11,2,0.0,8.4,6.9,3.0431464943771602,0.30000000000000004,7.7,96.35945129394531,6.984579563140869,7.630985260009766,13.800000190734863,1,6.942721843719482,0.30000000000000004,7.7
11,2,0.0,8.4,6.9,3.0431464943771602,0.30000000000000004,7.7,96.85945129394531,6.991603374481201,7.569962501525879,13.800000190734863,1,6.9497456550598145,0.30000000000000004,7.7
11,2,0.0,8.4,6.9,3.0431464943771602,0.30000000000000004,7.7,97.35945129394531,6.999171733856201,7.5088114738464355,13.800000190734863,1,6.9573140144348145,0.30000000000000004,7.7
11,2,0.0,8.4,6.9,3.0431464943771602,0.30000000000000004,7.7,97.85945129394531,7.007287502288818,7.4475226402282715,13.800000190734863,1,6.965429782867432,0.30000000000000004,7.7
11,2,0.0,8.4,6.9,3.0431464943771602,0.30000000000000004,7.7,98.35945129394531,7.01595401763916,7.3860859870910645,13.800000190734863,1,6.974096298217773,0.30000000000000004,7.7
11,2,0.0,8.4,6.9,3.0431464943771602,0.30000000000000004,7.7,98.85945129394531,7.025175094604492,7.324491500854492,13.800000190734863,1,6.9833173751831055,0.30000000000000004,7.7
11,2,0.0,8.4,6.9,3.0431464943771602,0.30000000000000004,7.7,99.35945129394531,7.0349531173706055,7.262728691101074,13.800000190734863,1,6.993095397949219,0.30000000000000004,7.7
11,2,0.0,8.4,6.9,3.0431464943771602,0.30000000000000004,7.7,99.85945129394531,7.04529333114624,7.200788497924805,13.800000190734863,1,7.0034356117248535,0.30000000000000004,7.7
11,2,0.0,8.4,6.9,3.0431464943771602,0.30000000000000004,7.7,100.35945129394531,7.056198596954346,7.138659954071045,13.800000190734863,1,7.014340877532959,0.30000000000000004,7.7
11,2,0.0,8.4,6.9,3.0431464943771602,0.30000000000000004,7.7,100.85945129394531,7.067674160003662,7.076333045959473,13.800000190734863,1,7.025816440582275,0.30000000000000004,7.7
11,2,0.0,8.4,6.9,3.0431464943771602,0.30000000000000004,7.7,101.35945129394531,7.079723834991455,7.013796806335449,13.800000190734863,1,7.037866115570068,0.30000000000000004,7.7
11,2,0.0,8.4,6.9,3.0431464943771602,0.30000000000000004,7.7,101.85945129394531,7.092352867126465,6.951041221618652,13.800000190734863,1,7.050495147705078,0.30000000000000004,7.7
11,2,0.0,8.4,6.9,3.0431464943771602,0.30000000000000004,7.7,102.35945129394531,7.105566024780273,6.888055324554443,13.800000190734863,1,7.063708305358887,0.30000000000000004,7.7
11,2,0.0,8.4,6.9,3.0431464943771602,0.30000000000000004,7.7,102.85945129394531,7.119369029998779,6.824827671051025,13.800000190734863,1,7.077511310577393,0.30000000000000004,7.7
11,2,0.0,8.4,6.9,3.0431464943771602,0.30000000000000004,7.7,103.35945129394531,6.966484069824219,6.800000190734863,13.637243270874023,1,6.924626350402832,0.30000000000000004,7.7
11,2,0.0,8.4,6.9,3.0431464943771602,0.30000000000000004,7.7,103.85945129394531,6.721299171447754,6.800000190734863,13.384978294372559,1,6.679441452026367,0.30000000000000004,7.7
11,2,0.0,8.4,6.9,3.0431464943771602,0.30000000000000004,7.7,104.35945129394531,6.4933576583862305,6.800000190734863,13.149948120117188,1,6.451499938964844,0.30000000000000004,7.7
11,2,0.0,8.4,6.9,3.0431464943771602,0.30000000000000004,7.7,104.85945129394531,6.280919551849365,6.800000190734863,12.930414199829102,1,6.2390618324279785,0.30000000000000004,7.7
11,2,0.0,8.4,6.9,3.0431464943771602,0.30000000000000004,7.7,105.35945129394531,6.08247184753418,6.800000190734863,12.724862098693848,1,6.040614128112793,0.30000000000000004,7.7
11,2,0.0,8.4,6.9,3.0431464943771602,0.30000000000000004,7.7,105.85945129394531,5.896690845489502,6.800000190734863,12.531968116760254,1,5.854833126068115,0.30000000000000004,7.7
11,2,0.0,8.4,6.9,3.0431464943771602,0.30000000000000004,7.7,106.35945129394531,5.722415924072266,6.800000190734863,12.35057258605957,1,5.680558204650879,0.30000000000000004,7.7
11,2,0.0,8.4,6.9,3.0431464943771602,0.30000000000000004,7.7,106.85945129394531,5.558624267578125,6.800000190734863,12.179651260375977,1,5.516766548156738,0.30000000000000004,7.7
11,2,0.0,8.4,6.9,3.0431464943771602,0.30000000000000004,7.7,107.35945129394531,5.404410362243652,6.800000190734863,12.01829719543457,1,5.362552642822266,0.30000000000000004,7.7
11,2,0.0,8.4,6.9,3.0431464943771602,0.30000000000000004,7.7,107.85945129394531,5.258969783782959,6.800000190734863,11.865708351135254,1,5.217112064361572,0.30000000000000004,7.7
11,2,0.0,8.4,6.9,3.0431464943771602,0.30000000000000004,7.7,108.35945129394531,5.121586799621582,6.800000190734863,11.721166610717773,1,5.079729080200195,0.30000000000000004,7.7
11,2,0.0,8.4,6.9,3.0431464943771602,0.30000000000000004,7.7,108.85945129394531,4.991621017456055,6.800000190734863,11.58403205871582,1,4.949763298034668,0.30000000000000004,7.7
11,2,0.0,8.4,6.9,3.0431464943771602,0.30000000000000004,7.7,109.35945129394531,4.8684983253479,6.800000190734863,11.453730583190918,1,4.826640605926514,0.30000000000000004,7.7
11,2,0.0,8.4,6.9,3.0431464943771602,0.30000000000000004,7.7,109.85945129394531,4.751701831817627,6.800000190734863,11.329744338989258,1,4.70984411239624,0.30000000000000004,7.7
11,2,0.0,8.4,6.9,3.0431464943771602,0.30000000000000004,7.7,110.35945129394531,4.640766620635986,6.800000190734863,11.211607933044434,1,4.5989089012146,0.30000000000000004,7.7
11,2,0.0,8.4,6.9,3.0431464943771602,0.30000000000000004,7.7,110.85945129394531,4.535271167755127,6.800000190734863,11.098899841308594,1,4.49341344833374,0.30000000000000004,7.7
11,2,0.0,8.4,6.9,3.0431464943771602,0.30000000000000004,7.7,111.35945129394531,4.434834003448486,6.800000190734863,10.991239547729492,1,4.3929762840271,0.30000000000000004,7.7
11,2,0.0,8.4,6.9,3.0431464943771602,0.30000000000000004,7.7,111.85945129394531,4.339108943939209,6.800000190734863,10.88827896118164,1,4.297251224517822,0.30000000000000004,7.7
11,2,0.0,8.4,6.9,3.0431464943771602,0.30000000000000004,7.7,112.35945129394531,4.2477803230285645,6.800000190734863,10.789702415466309,1,4.205922603607178,0.30000000000000004,7.7
11,2,0.0,8.4,6.9,3.0431464943771602,0.30000000000000004,7.7,112.85945129394531,4.16055965423584,6.800000190734863,10.695220947265625,1,4.118701934814453,0.30000000000000004,7.7
11,2,0.0,8.4,6.9,3.0431464943771602,0.30000000000000004,7.7,113.35945129394531,4.077184200286865,6.800000190734863,10.604573249816895,1,4.0353264808654785,0.30000000000000004,7.7
11,2,0.0,8.4,6.9,3.0431464943771602,0.30000000000000004,7.7,113.85945129394531,3.99741268157959,6.800000190734863,10.517515182495117,1,3.955554962158203,0.30000000000000004,7.7
11,2,0.0,8.4,6.9,3.0431464943771602,0.30000000000000004,7.7,114.35945129394531,3.921023368835449,6.800000190734863,10.433826446533203,1,3.8791656494140625,0.30000000000000004,7.7
11,2,0.0,8.4,6.9,3.0431464943771602,0.30000000000000004,7.7,114.85945129394531,0.0,,,0,3.805955410003662,0.30000000000000004,7.7
11,2,0.0,8.4,6.9,3.0431464943771602,0.30000000000000004,7.7,115.35945129394531,3.7775943279266357,6.800000190734863,10.275755882263184,1,3.735736608505249,0.30000000000000004,7.7
11,2,0.0,8.4,6.9,3.0431464943771602,0.30000000000000004,7.7,115.85945129394531,3.7101938724517822,6.800000190734863,10.201013565063477,1,3.6683361530303955,0.30000000000000004,7.7
11,2,0.0,8.4,6.9,3.0431464943771602,0.30000000000000004,7.7,116.35945129394531,3.6454520225524902,6.800000190734863,10.128914833068848,1,3.6035943031311035,0.30000000000000004,7.7
11,2,0.0,8.4,6.9,3.0431464943771602,0.30000000000000004,7.7,116.85945129394531,3.5832207202911377,6.800000190734863,10.059311866760254,1,3.541363000869751,0.30000000000000004,7.7
11,2,0.0,8.4,6.9,3.0431464943771602,0.30000000000000004,7.7,117.35945129394531,3.523362874984741,6.800000190734863,9.992067337036133,1,3.4815051555633545,0.30000000000000004,7.7
11,2,0.0,8.4,6.9,3.0431464943771602,0.30000000000000004,7.7,117.85945129394531,3.4657514095306396,6.800000190734863,9.92705249786377,1,3.423893690109253,0.30000000000000004,7.7
11,2,0.0,8.4,6.9,3.0431464943771602,0.30000000000000004,7.7,118.35945129394531,3.4102678298950195,6.800000190734863,9.864150047302246,1,3.368410110473633,0.30000000000000004,7.7
11,2,0.0,8.4,6.9,3.0431464943771602,0.30000000000000004,7.7,118.85945129394531,3.356802225112915,6.800000190734863,9.80324935913086,1,3.3149445056915283,0.30000000000000004,7.7
11,2,0.0,8.4,6.9,3.0431464943771602,0.30000000000000004,7.7,119.35945129394531,3.3052520751953125,6.800000190734863,9.744247436523438,1,3.263394355773926,0.30000000000000004,7.7
11,2,0.0,8.4,6.9,3.0431464943771602,0.30000000000000004,7.7,119.85945129394531,3.255521535873413,6.800000190734863,9.687047958374023,1,3.2136638164520264,0.30000000000000004,7.7
11,2,0.0,8.4,6.9,3.0431464943771602,0.30000000000000004,7.7,120.35945129394531,3.207521438598633,6.800000190734863,9.631561279296875,1,3.165663719177246,0.30000000000000004,7.7
11,2,0.0,8.4,6.9,3.0431464943771602,0.30000000000000004,7.7,120.85945129394531,3.161168336868286,6.800000190734863,9.577704429626465,1,3.1193106174468994,0.30000000000000004,7.7
11,2,0.0,8.4,6.9,3.0431464943771602,0.30000000000000004,7.7,121.35945129394531,3.1163837909698486,6.800000190734863,9.525397300720215,1,3.074526071548462,0.30000000000000004,7.7
11,2,0.0,8.4,6.9,3.0431464943771602,0.30000000000000004,7.7,121.85945129394531,3.073094367980957,6.800000190734863,9.474567413330078,1,3.0312366485595703,0.30000000000000004,7.7
11,2,0.0,8.4,6.9,3.0431464943771602,0.30000000000000004,7.7,122.35945129394531,3.031231641769409,6.800000190734863,9.425145149230957,1,2.9893739223480225,0.30000000000000004,7.7
11,2,0.0,8.4,6.9,3.0431464943771602,0.30000000000000004,7.7,122.85945129394531,2.9907310009002686,6.800000190734863,9.377065658569336,1,2.948873281478882,0.30000000000000004,7.7
11,2,0.0,8.4,6.9,3.0431464943771602,0.30000000000000004,7.7,123.35945129394531,2.9515318870544434,6.800000190734863,9.330267906188965,1,2.9096741676330566,0.30000000000000004,7.7
11,2,0.0,8.4,6.9,3.0431464943771602,0.30000000000000004,7.7,123.85945129394531,2.91357684135437,6.800000190734863,9.28469467163086,1,2.8717191219329834,0.30000000000000004,7.7
11,2,0.0,8.4,6.9,3.0431464943771602,0.30000000000000004,7.7,124.35945129394531,2.87681245803833,6.800000190734863,9.2402925491333,1,2.8349547386169434,0.30000000000000004,7.7
11,2,0.0,8.4,6.9,3.0431464943771602,0.30000000000000004,7.7,124.85945129394531,2.8411879539489746,6.800000190734863,9.197009086608887,1,2.799330234527588,0.30000000000000004,7.7
11,2,0.0,8.4,6.9,3.0431464943771602,0.30000000000000004,7.7,125.35945129394531,2.8066556453704834,6.800000190734863,9.154796600341797,1,2.7647979259490967,0.30000000000000004,7.7
11,2,0.0,8.4,6.9,3.0431464943771602,0.30000000000000004,7.7,125.85945129394531,2.773170232772827,6.800000190734863,9.11361026763916,1,2.7313125133514404,0.30000000000000004,7.7
11,2,0.0,8.4,6.9,3.0431464943771602,0.30000000000000004,7.7,126.35945129394531,2.740689516067505,6.800000190734863,9.073406219482422,1,2.698831796646118,0.30000000000000004,7.7
11,2,0.0,8.4,6.9,3.0431464943771602,0.30000000000000004,7.7,126.85945129394531,2.7091729640960693,6.800000190734863,9.034143447875977,1,2.6673152446746826,0.30000000000000004,7.7
11,2,0.0,8.4,6.9,3.0431464943771602,0.30000000000000004,7.7,127.35945129394531,0.0,,,0,2.6367247104644775,0.30000000000000004,7.7
11,2,0.0,8.4,6.9,3.0431464943771602,0.30000000000000004,7.7,127.85945129394531,2.648881673812866,6.800000190734863,8.958293914794922,1,2.6070239543914795,0.30000000000000004,7.7
11,2,0.0,8.4,6.9,3.0431464943771602,0.30000000000000004,7.7,128.3594512939453,2.620037078857422,6.800000190734863,8.921634674072266,1,2.578179359436035,0.30000000000000004,7.7
11,2,0.0,8.4,6.9,3.0431464943771602,0.30000000000000004,7.7,128.8594512939453,2.5920157432556152,6.800000190734863,8.885775566101074,1,2.5501580238342285,0.30000000000000004,7.7
11,2,0.0,8.4,6.9,3.0431464943771602,0.30000000000000004,7.7,129.3594512939453,2.564786911010742,6.800000190734863,8.850685119628906,1,2.5229291915893555,0.30000000000000004,7.7
11,2,0.0,8.4,6.9,3.0431464943771602,0.30000000000000004,7.7,129.8594512939453,2.5383214950561523,6.800000190734863,8.816332817077637,1,2.4964637756347656,0.30000000000000004,7.7
11,2,0.0,8.4,6.9,3.0431464943771602,0.30000000000000004,7.7,130.3594512939453,2.51259183883667,6.800000190734863,8.782691955566406,1,2.470734119415283,0.30000000000000004,7.7
11,2,0.0,8.4,6.9,3.0431464943771602,0.30000000000000004,7.7,130.8594512939453,2.4875717163085938,6.800000190734863,8.749733924865723,1,2.445713996887207,0.30000000000000004,7.7
11,2,0.0,8.4,6.9,3.0431464943771602,0.30000000000000004,7.7,131.3594512939453,2.463235378265381,6.800000190734863,8.717434883117676,1,2.421377658843994,0.30000000000000004,7.7
11,2,0.0,8.4,6.9,3.0431464943771602,0.30000000000000004,7.7,131.8594512939453,0.0,,,0,2.3977019786834717,0.30000000000000004,7.7
11,2,0.0,8.4,6.9,3.0431464943771602,0.30000000000000004,7.7,132.3594512939453,2.4165215492248535,6.800000190734863,8.654715538024902,1,2.374663829803467,0.30000000000000004,7.7
11,2,0.0,8.4,6.9,3.0431464943771602,0.30000000000000004,7.7,132.8594512939453,2.394099235534668,6.800000190734863,8.624250411987305,1,2.3522415161132812,0.30000000000000004,7.7
11,2,0.0,8.4,6.9,3.0431464943771602,0.30000000000000004,7.7,133.3594512939453,2.372272253036499,6.800000190734863,8.594352722167969,1,2.3304145336151123,0.30000000000000004,7.7
11,2,0.0,8.4,6.9,3.0431464943771602,0.30000000000000004,7.7,133.8594512939453,2.3510208129882812,6.800000190734863,8.56500244140625,1,2.3091630935668945,0.30000000000000004,7.7
11,2,0.0,8.4,6.9,3.0431464943771602,0.30000000000000004,7.7,134.3594512939453,2.3303263187408447,6.800000190734863,8.536181449890137,1,2.288468599319458,0.30000000000000004,7.7
11,2,0.0,8.4,6.9,3.0431464943771602,0.30000000000000004,7.7,134.8594512939453,2.3101704120635986,6.800000190734863,8.507868766784668,1,2.268312692642212,0.30000000000000004,7.7
11,2,0.0,8.4,6.9,3.0431464943771602,0.30000000000000004,7.7,135.3594512939453,2.290536403656006,6.800000190734863,8.480049133300781,1,2.248678684234619,0.30000000000000004,7.7
11,2,0.0,8.4,6.9,3.0431464943771602,0.30000000000000004,7.7,135.8594512939453,2.2714076042175293,6.800000190734863,8.452705383300781,1,2.2295498847961426,0.30000000000000004,7.7
11,2,0.0,8.4,6.9,3.0431464943771602,0.30000000000000004,7.7,136.3594512939453,2.2527685165405273,6.800000190734863,8.425820350646973,1,2.2109107971191406,0.30000000000000004,7.7
11,2,0.0,8.4,6.9,3.0431464943771602,0.30000000000000004,7.7,136.8594512939453,2.2346041202545166,6.800000190734863,8.399378776550293,1,2.19274640083313,0.30000000000000004,7.7
11,2,0.0,8.4,6.9,3.0431464943771602,0.30000000000000004,7.7,137.3594512939453,2.216900110244751,6.800000190734863,8.373366355895996,1,2.1750423908233643,0.30000000000000004,7.7
11,2,0.0,8.4,6.9,3.0431464943771602,0.30000000000000004,7.7,137.8594512939453,2.1996426582336426,6.800000190734863,8.347768783569336,1,2.157784938812256,0.30000000000000004,7.7
11,2,0.0,8.4,6.9,3.0431464943771602,0.30000000000000004,7.7,138.3594512939453,2.1828184127807617,6.800000190734863,8.322572708129883,1,2.140960693359375,0.30000000000000004,7.7
11,2,0.0,8.4,6.9,3.0431464943771602,0.30000000000000004,7.7,138.8594512939453,2.166415214538574,6.800000190734863,8.29776382446289,1,2.1245574951171875,0.30000000000000004,7.7
11,2,0.0,8.4,6.9,3.0431464943771602,0.30000000000000004,7.7,139.3594512939453,2.150420904159546,6.800000190734863,8.273331642150879,1,2.108563184738159,0.30000000000000004,7.7
11,2,0.0,8.4,6.9,3.0431464943771602,0.30000000000000004,7.7,139.8594512939453,2.134823799133301,6.800000190734863,8.249261856079102,1,2.092966079711914,0.30000000000000004,7.7
11,2,0.0,8.4,6.9,3.0431464943771602,0.30000000000000004,7.7,140.3594512939453,2.119612693786621,6.800000190734863,8.225543975830078,1,2.0777549743652344,0.30000000000000004,7.7
11,2,0.0,8.4,6.9,3.0431464943771602,0.30000000000000004,7.7,140.8594512939453,2.1047770977020264,6.800000190734863,8.202165603637695,1,2.0629193782806396,0.30000000000000004,7.7
11,2,0.0,8.4,6.9,3.0431464943771602,0.30000000000000004,7.7,141.3594512939453,2.0903067588806152,6.800000190734863,8.179118156433105,1,2.0484490394592285,0.30000000000000004,7.7
11,2,0.0,8.4,6.9,3.0431464943771602,0.30000000000000004,7.7,141.8594512939453,2.0761919021606445,6.800000190734863,8.156390190124512,1,2.034334182739258,0.30000000000000004,7.7
11,2,0.0,8.4,6.9,3.0431464943771602,0.30000000000000004,7.7,142.3594512939453,2.06242299079895,6.800000190734863,8.133971214294434,1,2.0205652713775635,0.30000000000000004,7.7
11,2,0.0,8.4,6.9,3.0431464943771602,0.30000000000000004,7.7,142.8594512939453,2.0489909648895264,6.800000190734863,8.111851692199707,1,2.0071332454681396,0.30000000000000004,7.7
11,2,0.0,8.4,6.9,3.0431464943771602,0.30000000000000004,7.7,143.3594512939453,2.0358872413635254,6.800000190734863,8.090023040771484,1,1.9940296411514282,0.30000000000000004,7.7
11,2,0.0,8.4,6.9,3.0431464943771602,0.30000000000000004,7.7,143.8594512939453,2.0231034755706787,6.800000190734863,8.068475723266602,1,1.981245756149292,0.30000000000000004,7.7
11,2,0.0,8.4,6.9,3.0431464943771602,0.30000000000000004,7.7,144.3594512939453,2.010631561279297,6.800000190734863,8.047201156616211,1,1.9687738418579102,0.30000000000000004,7.7
11,2,0.0,8.4,6.9,3.0431464943771602,0.30000000000000004,7.7,144.8594512939453,1.998463749885559,6.800000190734863,8.026191711425781,1,1.9566060304641724,0.30000000000000004,7.7
11,2,0.0,8.4,6.9,3.0431464943771602,0.30000000000000004,7.7,145.3594512939453,1.9865925312042236,6.800000190734863,8.005437850952148,1,1.944734811782837,0.30000000000000004,7.7
11,2,0.0,8.4,6.9,3.0431464943771602,0.30000000000000004,7.7,145.8594512939453,1.975010871887207,6.800000190734863,7.984933853149414,1,1.9331531524658203,0.30000000000000004,7.7
11,2,0.0,8.4,6.9,3.0431464943771602,0.30000000000000004,7.7,146.3594512939453,1.9637118577957153,6.800000190734863,7.964670658111572,1,1.9218541383743286,0.30000000000000004,7.7
11,2,0.0,8.4,6.9,3.0431464943771602,0.30000000000000004,7.7,146.8594512939453,1.9526886940002441,6.800000190734863,7.94464111328125,1,1.9108309745788574,0.30000000000000004,7.7
11,2,0.0,8.4,6.9,3.0431464943771602,0.30000000000000004,7.7,147.3594512939453,1.9419353008270264,6.800000190734863,7.924839019775391,1,1.9000775814056396,0.30000000000000004,7.7
11,2,0.0,8.4,6.9,3.0431464943771602,0.30000000000000004,7.7,147.8594512939453,1.9314452409744263,6.800000190734863,7.905256748199463,1,1.8895875215530396,0.30000000000000004,7.7
11,2,0.0,8.4,6.9,3.0431464943771602,0.30000000000000004,7.7,148.3594512939453,1.9212127923965454,6.800000190734863,7.88588809967041,1,1.8793550729751587,0.30000000000000004,7.7
11,2,0.0,8.4,6.9,3.0431464943771602,0.30000000000000004,7.7,148.8594512939453,1.9112321138381958,6.800000190734863,7.866726875305176,1,1.869374394416809,0.30000000000000004,7.7
11,2,0.0,8.4,6.9,3.0431464943771602,0.30000000000000004,7.7,149.3594512939453,1.901497721672058,6.800000190734863,7.847766399383545,1,1.8596400022506714,0.30000000000000004,7.7
11,2,0.0,8.4,6.9,3.0431464943771602,0.30000000000000004,7.7,149.8594512939453,1.8920044898986816,6.800000190734863,7.829000949859619,1,1.850146770477295,0.30000000000000004,7.7
11,2,0.0,8.4,6.9,3.0431464943771602,0.30000000000000004,7.7,150.3594512939453,1.8827470541000366,6.800000190734863,7.8104248046875,1,1.84088933467865,0.30000000000000004,7.7
11,2,0.0,8.4,6.9,3.0431464943771602,0.30000000000000004,7.7,150.8594512939453,1.873720645904541,6.800000190734863,7.792032241821289,1,1.8318629264831543,0.30000000000000004,7.7
11,2,0.0,8.4,6.9,3.0431464943771602,0.30000000000000004,7.7,151.3594512939453,1.8649203777313232,6.800000190734863,7.773818016052246,1,1.8230626583099365,0.30000000000000004,7.7
11,2,0.0,8.4,6.9,3.0431464943771602,0.30000000000000004,7.7,151.8594512939453,1.8563419580459595,6.800000190734863,7.755776405334473,1,1.8144842386245728,0.30000000000000004,7.7
11,2,0.0,8.4,6.9,3.0431464943771602,0.30000000000000004,7.7,152.3594512939453,1.8479806184768677,6.800000190734863,7.7379021644592285,1,1.806122899055481,0.30000000000000004,7.7
11,2,0.0,8.4,6.9,3.0431464943771602,0.30000000000000004,7.7,152.8594512939453,1.8398324251174927,6.800000190734863,7.720190525054932,1,1.797974705696106,0.30000000000000004,7.7
11,2,0.0,8.4,6.9,3.0431464943771602,0.30000000000000004,7.7,153.3594512939453,1.831892967224121,6.800000190734863,7.702637195587158,1,1.7900352478027344,0.30000000000000004,7.7
11,2,0.0,8.4,6.9,3.0431464943771602,0.30000000000000004,7.7,153.8594512939453,1.8241585493087769,6.800000190734863,7.68523645401001,1,1.7823008298873901,0.30000000000000004,7.7
11,2,0.0,8.4,6.9,3.0431464943771602,0.30000000000000004,7.7,154.3594512939453,1.8166252374649048,6.800000190734863,7.667984485626221,1,1.774767518043518,0.30000000000000004,7.7
11,2,0.0,8.4,6.9,3.0431464943771602,0.30000000000000004,7.7,154.8594512939453,1.8092894554138184,6.800000190734863,7.650876045227051,1,1.7674317359924316,0.30000000000000004,7.7
11,2,0.0,8.4,6.9,3.0431464943771602,0.30000000000000004,7.7,155.3594512939453,1.8021475076675415,6.800000190734863,7.633907318115234,1,1.7602897882461548,0.30000000000000004,7.7
11,2,0.0,8.4,6.9,3.0431464943771602,0.30000000000000004,7.7,155.8594512939453,1.7951959371566772,6.800000190734863,7.617074012756348,1,1.7533382177352905,0.30000000000000004,7.7
11,2,0.0,8.4,6.9,3.0431464943771602,0.30000000000000004,7.7,156.3594512939453,1.7884316444396973,6.800000190734863,7.600371837615967,1,1.7465739250183105,0.30000000000000004,7.7
11,2,0.0,8.4,6.9,3.0431464943771602,0.30000000000000004,7.7,156.8594512939453,1.7818512916564941,6.800000190734863,7.583796501159668,1,1.7399935722351074,0.30000000000000004,7.7
11,2,0.0,8.4,6.9,3.0431464943771602,0.30000000000000004,7.7,157.3594512939453,1.775451898574829,6.800000190734863,7.567344665527344,1,1.7335941791534424,0.30000000000000004,7.7
11,2,0.0,8.4,6.9,3.0431464943771602,0.30000000000000004,7.7,157.8594512939453,1.7692304849624634,6.800000190734863,7.55101203918457,1,1.7273727655410767,0.30000000000000004,7.7
11,2,0.0,8.4,6.9,3.0431464943771602,0.30000000000000004,7.7,158.3594512939453,1.7631841897964478,6.800000190734863,7.534794807434082,1,1.721326470375061,0.30000000000000004,7.7
11,2,0.0,8.4,6.9,3.0431464943771602,0.30000000000000004,7.7,158.8594512939453,1.757310152053833,6.800000190734863,7.51869010925293,1,1.7154524326324463,0.30000000000000004,7.7
11,2,0.0,8.4,6.9,3.0431464943771602,0.30000000000000004,7.7,159.3594512939453,1.7516059875488281,6.800000190734863,7.502693176269531,1,1.7097482681274414,0.30000000000000004,7.7
11,2,0.0,8.4,6.9,3.0431464943771602,0.30000000000000004,7.7,159.8594512939453,1.7460688352584839,6.800000190734863,7.4868011474609375,1,1.7042111158370972,0.30000000000000004,7.7
11,2,0.0,8.4,6.9,3.0431464943771602,0.30000000000000004,7.7,160.3594512939453,1.7406964302062988,6.800000190734863,7.471010684967041,1,1.698838710784912,0.30000000000000004,7.7
11,2,0.0,8.4,6.9,3.0431464943771602,0.30000000000000004,7.7,160.8594512939453,1.735486388206482,6.800000190734863,7.455317974090576,1,1.6936286687850952,0.30000000000000004,7.7
11,2,0.0,8.4,6.9,3.0431464943771602,0.30000000000000004,7.7,161.3594512939453,1.7304364442825317,6.800000190734863,7.439720153808594,1,1.688578724861145,0.30000000000000004,7.7
11,2,0.0,8.4,6.9,3.0431464943771602,0.30000000000000004,7.7,161.8594512939453,1.7255443334579468,6.800000190734863,7.4242143630981445,1,1.68368661403656,0.30000000000000004,7.7
11,2,0.0,8.4,6.9,3.0431464943771602,0.30000000000000004,7.7,162.3594512939453,1.7208079099655151,6.800000190734863,7.408796310424805,1,1.6789501905441284,0.30000000000000004,7.7
11,2,0.0,8.4,6.9,3.0431464943771602,0.30000000000000004,7.7,162.8594512939453,1.716225266456604,6.800000190734863,7.393464088439941,1,1.6743675470352173,0.30000000000000004,7.7
11,2,0.0,8.4,6.9,3.0431464943771602,0.30000000000000004,7.7,163.3594512939453,1.711794376373291,6.800000190734863,7.378213882446289,1,1.6699366569519043,0.30000000000000004,7.7
11,2,0.0,8.4,6.9,3.0431464943771602,0.30000000000000004,7.7,163.8594512939453,1.707513451576233,6.800000190734863,7.363043308258057,1,1.6656557321548462,0.30000000000000004,7.7
11,2,0.0,8.4,6.9,3.0431464943771602,0.30000000000000004,7.7,164.3594512939453,0.0,,,0,1.6615228652954102,0.30000000000000004,7.7
11,2,0.0,8.4,6.9,3.0431464943771602,0.30000000000000004,7.7,164.8594512939453,1.6993941068649292,6.800000190734863,7.33292818069458,1,1.6575363874435425,0.30000000000000004,7.7
11,2,0.0,8.4,6.9,3.0431464943771602,0.30000000000000004,7.7,165.3594512939453,1.6955523490905762,6.800000190734863,7.317978382110596,1,1.6536946296691895,0.30000000000000004,7.7
11,2,0.0,8.4,6.9,3.0431464943771602,0.30000000000000004,7.7,165.8594512939453,1.691853642463684,6.800000190734863,7.303096294403076,1,1.6499959230422974,0.30000000000000004,7.7
11,2,0.0,8.4,6.9,3.0431464943771602,0.30000000000000004,7.7,166.3594512939453,1.6882965564727783,6.800000190734863,7.2882795333862305,1,1.6464388370513916,0.30000000000000004,7.7
11,2,0.0,8.4,6.9,3.0431464943771602,0.30000000000000004,7.7,166.8594512939453,1.6848797798156738,6.800000190734863,7.273525714874268,1,1.643022060394287,0.30000000000000004,7.7
11,2,0.0,8.4,6.9,3.0431464943771602,0.30000000000000004,7.7,167.3594512939453,1.681601643562317,6.800000190734863,7.25883150100708,1,1.6397439241409302,0.30000000000000004,7.7
11,2,0.0,8.4,6.9,3.0431464943771602,0.30000000000000004,7.7,167.8594512939453,1.678460955619812,6.800000190734863,7.244194984436035,1,1.6366032361984253,0.30000000000000004,7.7
11,2,0.0,8.4,6.9,3.0431464943771602,0.30000000000000004,7.7,168.3594512939453,1.6754564046859741,6.800000190734863,7.229613304138184,1,1.6335986852645874,0.30000000000000004,7.7
11,2,0.0,8.4,6.9,3.0431464943771602,0.30000000000000004,7.7,168.8594512939453,1.6725869178771973,6.800000190734863,7.215083599090576,1,1.6307291984558105,0.30000000000000004,7.7
11,2,0.0,8.4,6.9,3.0431464943771602,0.30000000000000004,7.7,169.3594512939453,1.6698511838912964,6.800000190734863,7.20060396194458,1,1.6279934644699097,0.30000000000000004,7.7
11,2,0.0,8.4,6.9,3.0431464943771602,0.30000000000000004,7.7,169.8594512939453,1.667248249053955,6.800000190734863,7.186172008514404,1,1.6253905296325684,0.30000000000000004,7.7
11,2,0.0,8.4,6.9,3.0431464943771602,0.30000000000000004,7.7,170.3594512939453,1.6647769212722778,6.800000190734863,7.171784400939941,1,1.6229192018508911,0.30000000000000004,7.7
11,2,0.0,8.4,6.9,3.0431464943771602,0.30000000000000004,7.7,170.8594512939453,1.6624364852905273,6.800000190734863,7.157440185546875,1,1.6205787658691406,0.30000000000000004,7.7
11,2,0.0,8.4,6.9,3.0431464943771602,0.30000000000000004,7.7,171.3594512939453,1.660225749015808,6.800000190734863,7.1431355476379395,1,1.6183680295944214,0.30000000000000004,7.7
11,2,0.0,8.4,6.9,3.0431464943771602,0.30000000000000004,7.7,171.8594512939453,1.6581438779830933,6.800000190734863,7.12886905670166,1,1.6162861585617065,0.30000000000000004,7.7
11,2,0.0,8.4,6.9,3.0431464943771602,0.30000000000000004,7.7,172.3594512939453,1.656190276145935,6.800000190734863,7.114638328552246,1,1.6143325567245483,0.30000000000000004,7.7
11,2,0.0,8.4,6.9,3.0431464943771602,0.30000000000000004,7.7,172.8594512939453,1.654363989830017,6.800000190734863,7.100440502166748,1,1.6125062704086304,0.30000000000000004,7.7
11,2,0.0,8.4,6.9,3.0431464943771602,0.30000000000000004,7.7,173.3594512939453,1.652664303779602,6.800000190734863,7.086274147033691,1,1.6108065843582153,0.30000000000000004,7.7
11,2,0.0,8.4,6.9,3.0431464943771602,0.30000000000000004,7.7,173.8594512939453,1.6510907411575317,6.800000190734863,7.072135925292969,1,1.609233021736145,0.30000000000000004,7.7
11,2,0.0,8.4,6.9,3.0431464943771602,0.30000000000000004,7.7,174.3594512939453,1.6496424674987793,6.800000190734863,7.058024883270264,1,1.6077847480773926,0.30000000000000004,7.7
11,2,0.0,8.4,6.9,3.0431464943771602,0.30000000000000004,7.7,174.8594512939453,1.6483190059661865,6.800000190734863,7.043937683105469,1,1.6064612865447998,0.30000000000000004,7.7
11,2,0.0,8.4,6.9,3.0431464943771602,0.30000000000000004,7.7,175.3594512939453,1.6471199989318848,6.800000190734863,7.029872894287109,1,1.605262279510498,0.30000000000000004,7.7
11,2,0.0,8.4,6.9,3.0431464943771602,0.30000000000000004,7.7,175.8594512939453,1.6460447311401367,6.800000190734863,7.015827655792236,1,1.60418701171875,0.30000000000000004,7.7
11,2,0.0,8.4,6.9,3.0431464943771602,0.30000000000000004,7.7,176.3594512939453,1.6450929641723633,6.800000190734863,7.001800537109375,1,1.6032352447509766,0.30000000000000004,7.7
11,2,0.0,8.4,6.9,3.0431464943771602,0.30000000000000004,7.7,176.8594512939453,1.6442643404006958,6.800000190734863,6.987788677215576,1,1.602406620979309,0.30000000000000004,7.7
11,2,0.0,8.4,6.9,3.0431464943771602,0.30000000000000004,7.7,177.3594512939453,1.643558382987976,6.800000190734863,6.973790168762207,1,1.6017006635665894,0.30000000000000004,7.7
11,2,0.0,8.4,6.9,3.0431464943771602,0.30000000000000004,7.7,177.8594512939453,1.6429749727249146,6.800000190734863,6.959803104400635,1,1.6011172533035278,0.30000000000000004,7.7
11,2,0.0,8.4,6.9,3.0431464943771602,0.30000000000000004,7.7,178.3594512939453,1.6425138711929321,6.800000190734863,6.945825099945068,1,1.6006561517715454,0.30000000000000004,7.7
11,2,0.0,8.4,6.9,3.0431464943771602,0.30000000000000004,7.7,178.8594512939453,1.6421748399734497,6.800000190734863,6.931854248046875,1,1.600317120552063,0.30000000000000004,7.7
11,2,0.0,8.4,6.9,3.0431464943771602,0.30000000000000004,7.7,179.3594512939453,1.6419577598571777,6.800000190734863,6.917888164520264,1,1.600100040435791,0.30000000000000004,7.7
11,2,0.0,8.4,6.9,3.0431464943771602,0.30000000000000004,7.7,179.8594512939453,1.6418625116348267,6.800000190734863,6.903924942016602,1,1.60000479221344,0.30000000000000004,7.7
11,2,0.0,8.4,6.9,3.0431464943771602,0.30000000000000004,7.7,180.3594512939453,0.0,,,0,1.6000314950942993,0.30000000000000004,7.7
11,2,0.0,8.4,6.9,3.0431464943771602,0.30000000000000004,7.7,180.8594512939453,1.6420377492904663,6.800000190734863,6.875998020172119,1,1.6001800298690796,0.30000000000000004,7.7
11,2,0.0,8.4,6.9,3.0431464943771602,0.30000000000000004,7.7,181.3594512939453,1.642308235168457,6.800000190734863,6.862030029296875,1,1.6004505157470703,0.30000000000000004,7.7
11,2,0.0,8.4,6.9,3.0431464943771602,0.30000000000000004,7.7,181.8594512939453,1.6427006721496582,6.800000190734863,6.848056316375732,1,1.6008429527282715,0.30000000000000004,7.7
11,2,0.0,8.4,6.9,3.0431464943771602,0.30000000000000004,7.7,182.3594512939453,1.643215298652649,6.800000190734863,6.8340744972229,1,1.6013575792312622,0.30000000000000004,7.7
11,2,0.0,8.4,6.9,3.0431464943771602,0.30000000000000004,7.7,182.8594512939453,1.6438523530960083,6.800000190734863,6.820082664489746,1,1.6019946336746216,0.30000000000000004,7.7
11,2,0.0,8.4,6.9,3.0431464943771602,0.30000000000000004,7.7,183.3594512939453,1.6446119546890259,6.800000190734863,6.806078910827637,1,1.6027542352676392,0.30000000000000004,7.7
11,2,0.0,8.4,6.9,3.0431464943771602,0.30000000000000004,7.7,183.8594512939453,1.6454944610595703,6.800000190734863,6.792060375213623,1,1.6036367416381836,0.30000000000000004,7.7
11,2,0.0,8.4,6.9,3.0431464943771602,0.30000000000000004,7.7,184.3594512939453,1.6465002298355103,6.800000190734863,6.7780256271362305,1,1.6046425104141235,0.30000000000000004,7.7
11,2,0.0,8.4,6.9,3.0431464943771602,0.30000000000000004,7.7,184.8594512939453,1.6476296186447144,6.800000190734863,6.763972282409668,1,1.6057718992233276,0.30000000000000004,7.7
11,2,0.0,8.4,6.9,3.0431464943771602,0.30000000000000004,7.7,185.3594512939453,1.6488831043243408,6.800000190734863,6.7498979568481445,1,1.607025384902954,0.30000000000000004,7.7
11,2,0.0,8.4,6.9,3.0431464943771602,0.30000000000000004,7.7,185.8594512939453,1.6502611637115479,6.800000190734863,6.735800266265869,1,1.6084034442901611,0.30000000000000004,7.7
11,2,0.0,8.4,6.9,3.0431464943771602,0.30000000000000004,7.7,186.3594512939453,1.651764154434204,6.800000190734863,6.721677780151367,1,1.6099064350128174,0.30000000000000004,7.7
11,2,0.0,8.4,6.9,3.0431464943771602,0.30000000000000004,7.7,186.8594512939453,1.6533929109573364,6.800000190734863,6.7075276374816895,1,1.6115351915359497,0.30000000000000004,7.7
11,2,0.0,8.4,6.9,3.0431464943771602,0.30000000000000004,7.7,187.3594512939453,0.0,,,0,1.6132901906967163,0.30000000000000004,7.7
11,2,0.0,8.4,6.9,3.0431464943771602,0.30000000000000004,7.7,187.8594512939453,1.6570298671722412,6.800000190734863,6.679135799407959,1,1.6151721477508545,0.30000000000000004,7.7
11,2,0.0,8.4,6.9,3.0431464943771602,0.30000000000000004,7.7,188.3594512939453,1.6590394973754883,6.800000190734863,6.664889335632324,1,1.6171817779541016,0.30000000000000004,7.7
11,2,0.0,8.4,6.9,3.0431464943771602,0.30000000000000004,7.7,188.8594512939453,1.661177635192871,6.800000190734863,6.650606632232666,1,1.6193199157714844,0.30000000000000004,7.7
11,2,0.0,8.4,6.9,3.0431464943771602,0.30000000000000004,7.7,189.3594512939453,1.6634451150894165,6.800000190734863,6.636284828186035,1,1.6215873956680298,0.30000000000000004,7.7
11,2,0.0,8.4,6.9,3.0431464943771602,0.30000000000000004,7.7,189.8594512939453,1.6658427715301514,6.800000190734863,6.621922016143799,1,1.6239850521087646,0.30000000000000004,7.7
11,2,0.0,8.4,6.9,3.0431464943771602,0.30000000000000004,7.7,190.3594512939453,1.668371558189392,6.800000190734863,6.607515335083008,1,1.6265138387680054,0.30000000000000004,7.7
11,2,0.0,8.4,6.9,3.0431464943771602,0.30000000000000004,7.7,190.8594512939453,1.6710325479507446,6.800000190734863,6.593062877655029,1,1.629174828529358,0.30000000000000004,7.7
11,2,0.0,8.4,6.9,3.0431464943771602,0.30000000000000004,7.7,191.3594512939453,1.6738266944885254,6.800000190734863,6.578561782836914,1,1.6319689750671387,0.30000000000000004,7.7
11,2,0.0,8.4,6.9,3.0431464943771602,0.30000000000000004,7.7,191.8594512939453,1.6767551898956299,6.800000190734863,6.564009666442871,1,1.6348974704742432,0.30000000000000004,7.7
11,2,0.0,8.4,6.9,3.0431464943771602,0.30000000000000004,7.7,192.3594512939453,1.679819107055664,6.800000190734863,6.549404144287109,1,1.6379613876342773,0.30000000000000004,7.7
11,2,0.0,8.4,6.9,3.0431464943771602,0.30000000000000004,7.7,192.8594512939453,1.683019757270813,6.800000190734863,6.534742832183838,1,1.6411620378494263,0.30000000000000004,7.7
11,2,0.0,8.4,6.9,3.0431464943771602,0.30000000000000004,7.7,193.3594512939453,1.6863584518432617,6.800000190734863,6.520022869110107,1,1.644500732421875,0.30000000000000004,7.7
11,2,0.0,8.4,6.9,3.0431464943771602,0.30000000000000004,7.7,193.8594512939453,1.6743420362472534,6.8150434494018555,6.508953094482422,1,1.6324843168258667,0.30000000000000004,7.7
11,2,0.0,8.4,6.9,3.0431464943771602,0.30000000000000004,7.7,194.3594512939453,1.618632197380066,6.872485637664795,6.508953094482422,1,1.5767744779586792,0.30000000000000004,7.7
11,2,0.0,8.4,6.9,3.0431464943771602,0.30000000000000004,7.7,194.8594512939453,1.56671142578125,6.926140785217285,6.508953094482422,1,1.5248537063598633,0.30000000000000004,7.7
11,2,0.0,8.4,6.9,3.0431464943771602,0.30000000000000004,7.7,195.3594512939453,1.5182098150253296,6.976378440856934,6.508953094482422,1,1.4763520956039429,0.30000000000000004,7.7
11,2,0.0,8.4,6.9,3.0431464943771602,0.30000000000000004,7.7,195.8594512939453,1.4728041887283325,7.023522853851318,6.508953094482422,1,1.4309464693069458,0.30000000000000004,7.7
11,2,0.0,8.4,6.9,3.0431464943771602,0.30000000000000004,7.7,196.3594512939453,1.4302105903625488,7.067856788635254,6.508953094482422,1,1.388352870941162,0.30000000000000004,7.7
11,2,0.0,8.4,6.9,3.0431464943771602,0.30000000000000004,7.7,196.8594512939453,1.3901792764663696,7.109630584716797,6.508953094482422,1,1.348321557044983,0.30000000000000004,7.7
11,2,0.0,8.4,6.9,3.0431464943771602,0.30000000000000004,7.7,197.3594512939453,1.35248863697052,7.149065971374512,6.508953094482422,1,1.3106309175491333,0.30000000000000004,7.7
11,2,0.0,8.4,6.9,3.0431464943771602,0.30000000000000004,7.7,197.8594512939453,1.3169424533843994,7.186359405517578,6.508953094482422,1,1.2750847339630127,0.30000000000000004,7.7
11,2,0.0,8.4,6.9,3.0431464943771602,0.30000000000000004,7.7,198.3594512939453,1.2833654880523682,7.221685886383057,6.508953094482422,1,1.2415077686309814,0.30000000000000004,7.7
11,2,0.0,8.4,6.9,3.0431464943771602,0.30000000000000004,7.7,198.8594512939453,1.251601219177246,7.255202293395996,6.508953094482422,1,1.2097434997558594,0.30000000000000004,7.7
11,2,0.0,8.4,6.9,3.0431464943771602,0.30000000000000004,7.7,199.3594512939453,1.2215094566345215,7.287048816680908,6.508953094482422,1,1.1796517372131348,0.30000000000000004,7.7
11,2,0.0,8.4,6.9,3.0431464943771602,0.30000000000000004,7.7,199.8594512939453,1.19296395778656,7.317351341247559,6.508953094482422,1,1.1511062383651733,0.30000000000000004,7.7
11,2,0.0,8.4,6.9,3.0431464943771602,0.30000000000000004,7.7,200.3594512939453,1.1658508777618408,7.346224308013916,6.508953094482422,1,1.123993158340454,0.30000000000000004,7.7
11,2,0.0,8.4,6.9,3.0431464943771602,0.30000000000000004,7.7,200.8594512939453,1.1400673389434814,7.373770713806152,6.508953094482422,1,1.0982096195220947,0.30000000000000004,7.7
11,2,0.0,8.4,6.9,3.0431464943771602,0.30000000000000004,7.7,201.3594512939453,1.1155201196670532,7.400083541870117,6.508953094482422,1,1.0736624002456665,0.30000000000000004,7.7
11,2,0.0,8.4,6.9,3.0431464943771602,0.30000000000000004,7.7,201.8594512939453,1.0921244621276855,7.425247669219971,6.508953094482422,1,1.0502667427062988,0.30000000000000004,7.7
11,2,0.0,8.4,6.9,3.0431464943771602,0.30000000000000004,7.7,202.3594512939453,1.069803237915039,7.449339866638184,6.508953094482422,1,1.0279455184936523,0.30000000000000004,7.7
11,2,0.0,8.4,6.9,3.0431464943771602,0.30000000000000004,7.7,202.8594512939453,1.0484862327575684,7.472431659698486,6.508953094482422,1,1.0066285133361816,0.30000000000000004,7.7
11,2,0.0,8.4,6.9,3.0431464943771602,0.30000000000000004,7.7,203.3594512939453,1.028108835220337,7.49458646774292,6.508953094482422,1,0.986251175403595,0.30000000000000004,7.7
11,2,0.0,8.4,6.9,3.0431464943771602,0.30000000000000004,7.7,203.8594512939453,1.0086123943328857,7.51586389541626,6.508953094482422,1,0.966754674911499,0.30000000000000004,7.7
11,2,0.0,8.4,6.9,3.0431464943771602,0.30000000000000004,7.7,204.3594512939453,0.9899424910545349,7.536317825317383,6.508953094482422,1,0.948084831237793,0.30000000000000004,7.7
11,2,0.0,8.4,6.9,3.0431464943771602,0.30000000000000004,7.7,204.8594512939453,0.9720495939254761,7.555997848510742,6.508953094482422,1,0.9301919341087341,0.30000000000000004,7.7
11,2,0.0,8.4,6.9,3.0431464943771602,0.30000000000000004,7.7,205.3594512939453,0.9548878073692322,7.574950695037842,6.508953094482422,1,0.9130301475524902,0.30000000000000004,7.7
11,2,0.0,8.4,6.9,3.0431464943771602,0.30000000000000004,7.7,205.8594512939453,0.9384148120880127,7.593217849731445,6.508953094482422,1,0.8965571522712708,0.30000000000000004,7.7
11,2,0.0,8.4,6.9,3.0431464943771602,0.30000000000000004,7.7,206.3594512939453,0.0,,,0,0.8807339668273926,0.30000000000000004,7.7
11,2,0.0,8.4,6.9,3.0431464943771602,0.30000000000000004,7.7,206.8594512939453,0.9073820114135742,7.627850532531738,6.508953094482422,1,0.8655243515968323,0.30000000000000004,7.7
11,2,0.0,8.4,6.9,3.0431464943771602,0.30000000000000004,7.7,207.3594512939453,0.8927525281906128,7.644285678863525,6.508953094482422,1,0.8508948683738708,0.30000000000000004,7.7
11,2,0.0,8.4,6.9,3.0431464943771602,0.30000000000000004,7.7,207.8594512939453,0.8786720037460327,7.660175323486328,6.508953094482422,1,0.8368143439292908,0.30000000000000004,7.7
11,2,0.0,8.4,6.9,3.0431464943771602,0.30000000000000004,7.7,208.3594512939453,0.8651115894317627,7.675549030303955,6.508953094482422,1,0.8232539296150208,0.30000000000000004,7.7
11,2,0.0,8.4,6.9,3.0431464943771602,0.30000000000000004,7.7,208.8594512939453,0.852044403553009,7.690433502197266,6.508953094482422,1,0.8101867437362671,0.30000000000000004,7.7
11,2,0.0,8.4,6.9,3.0431464943771602,0.30000000000000004,7.7,209.3594512939453,0.8394452929496765,7.704853534698486,6.508953094482422,1,0.7975876331329346,0.30000000000000004,7.7
11,2,0.0,8.4,6.9,3.0431464943771602,0.30000000000000004,7.7,209.8594512939453,0.827290952205658,7.7188334465026855,6.508953094482422,1,0.785433292388916,0.30000000000000004,7.7
11,2,0.0,8.4,6.9,3.0431464943771602,0.30000000000000004,7.7,210.3594512939453,0.8155595660209656,7.732394695281982,6.508953094482422,1,0.7737019062042236,0.30000000000000004,7.7
11,2,0.0,8.4,6.9,3.0431464943771602,0.30000000000000004,7.7,210.8594512939453,0.8042306303977966,7.74555778503418,6.508953094482422,1,0.7623729705810547,0.30000000000000004,7.7
11,2,0.0,8.4,6.9,3.0431464943771602,0.30000000000000004,7.7,211.3594512939453,0.793285071849823,7.7583417892456055,6.508953094482422,1,0.751427412033081,0.30000000000000004,7.7
11,2,0.0,8.4,6.9,3.0431464943771602,0.30000000000000004,7.7,211.8594512939453,0.0,,,0,0.7408473491668701,0.30000000000000004,7.7
11,2,0.0,8.4,6.9,3.0431464943771602,0.30000000000000004,7.7,212.3594512939453,0.7724735736846924,7.782843589782715,6.508953094482422,1,0.7306159138679504,0.30000000000000004,7.7
11,2,0.0,8.4,6.9,3.0431464943771602,0.30000000000000004,7.7,212.8594512939453,0.7625750303268433,7.7945942878723145,6.508953094482422,1,0.7207173705101013,0.30000000000000004,7.7
11,2,0.0,8.4,6.9,3.0431464943771602,0.30000000000000004,7.7,213.3594512939453,0.7529945373535156,7.806032180786133,6.508953094482422,1,0.7111368775367737,0.30000000000000004,7.7
11,2,0.0,8.4,6.9,3.0431464943771602,0.30000000000000004,7.7,213.8594512939453,0.7437182068824768,7.817170143127441,6.508953094482422,1,0.7018605470657349,0.30000000000000004,7.7
11,2,0.0,8.4,6.9,3.0431464943771602,0.30000000000000004,7.7,214.3594512939453,0.7347328066825867,7.828022480010986,6.508953094482422,1,0.6928751468658447,0.30000000000000004,7.7
11,2,0.0,8.4,6.9,3.0431464943771602,0.30000000000000004,7.7,214.8594512939453,0.7260260581970215,7.838601112365723,6.508953094482422,1,0.6841683983802795,0.30000000000000004,7.7
11,2,0.0,8.4,6.9,3.0431464943771602,0.30000000000000004,7.7,215.3594512939453,0.7175861597061157,7.8489179611206055,6.508953094482422,1,0.6757284998893738,0.30000000000000004,7.7
11,2,0.0,8.4,6.9,3.0431464943771602,0.30000000000000004,7.7,215.8594512939453,0.7094022631645203,7.858983993530273,6.508953094482422,1,0.6675446033477783,0.30000000000000004,7.7
11,2,0.0,8.4,6.9,3.0431464943771602,0.30000000000000004,7.7,216.3594512939453,0.7014638185501099,7.868810176849365,6.508953094482422,1,0.6596061587333679,0.30000000000000004,7.7
11,2,0.0,8.4,6.9,3.0431464943771602,0.30000000000000004,7.7,216.8594512939453,0.6937609910964966,7.878406047821045,6.508953094482422,1,0.6519033312797546,0.30000000000000004,7.7
11,2,0.0,8.4,6.9,3.0431464943771602,0.30000000000000004,7.7,217.3594512939453,0.6862845420837402,7.887781143188477,6.508953094482422,1,0.6444268822669983,0.30000000000000004,7.7
11,2,0.0,8.4,6.9,3.0431464943771602,0.30000000000000004,7.7,217.8594512939453,0.6790255904197693,7.896944046020508,6.508953094482422,1,0.6371679306030273,0.30000000000000004,7.7
11,2,0.0,8.4,6.9,3.0431464943771602,0.30000000000000004,7.7,218.3594512939453,0.6719757914543152,7.9059038162231445,6.508953094482422,1,0.6301181316375732,0.30000000000000004,7.7
11,2,0.0,8.4,6.9,3.0431464943771602,0.30000000000000004,7.7,218.8594512939453,0.6651272773742676,7.91466760635376,6.508953094482422,1,0.6232696175575256,0.30000000000000004,7.7
11,2,0.0,8.4,6.9,3.0431464943771602,0.30000000000000004,7.7,219.3594512939453,0.6584724187850952,7.923243999481201,6.508953094482422,1,0.6166147589683533,0.30000000000000004,7.7
11,2,0.0,8.4,6.9,3.0431464943771602,0.30000000000000004,7.7,219.8594512939453,0.6520041823387146,7.931640148162842,6.508953094482422,1,0.6101465225219727,0.30000000000000004,7.7
11,2,0.0,8.4,6.9,3.0431464943771602,0.30000000000000004,7.7,220.3594512939453,0.6457157731056213,7.939862251281738,6.508953094482422,1,0.6038581132888794,0.30000000000000004,7.7
11,2,0.0,8.4,6.9,3.0431464943771602,0.30000000000000004,7.7,220.8594512939453,0.6396006941795349,7.9479169845581055,6.508953094482422,1,0.597743034362793,0.30000000000000004,7.7
11,2,0.0,8.4,6.9,3.0431464943771602,0.30000000000000004,7.7,221.3594512939453,0.6336528062820435,7.955811023712158,6.508953094482422,1,0.5917951464653015,0.30000000000000004,7.7
11,2,0.0,8.4,6.9,3.0431464943771602,0.30000000000000004,7.7,221.8594512939453,0.6278663277626038,7.963550090789795,6.508953094482422,1,0.5860086679458618,0.30000000000000004,7.7
11,2,0.0,8.4,6.9,3.0431464943771602,0.30000000000000004,7.7,222.3594512939453,0.6222357153892517,7.971139907836914,6.508953094482422,1,0.5803780555725098,0.30000000000000004,7.7
11,2,0.0,8.4,6.9,3.0431464943771602,0.30000000000000004,7.7,222.8594512939453,0.6167556047439575,7.978585720062256,6.508953094482422,1,0.5748979449272156,0.30000000000000004,7.7
11,2,0.0,8.4,6.9,3.0431464943771602,0.30000000000000004,7.7,223.3594512939453,0.6114210486412048,7.9858927726745605,6.508953094482422,1,0.5695633888244629,0.30000000000000004,7.7
11,2,0.0,8.4,6.9,3.0431464943771602,0.30000000000000004,7.7,223.8594512939453,0.6062270998954773,7.993066310882568,6.508953094482422,1,0.5643694400787354,0.30000000000000004,7.7
11,2,0.0,8.4,6.9,3.0431464943771602,0.30000000000000004,7.7,224.3594512939453,0.601169228553772,8.000110626220703,6.508953094482422,1,0.55931156873703,0.30000000000000004,7.7
11,2,0.0,8.4,6.9,3.0431464943771602,0.30000000000000004,7.7,224.8594512939453,0.5962430834770203,8.00702953338623,6.508953094482422,1,0.5543854236602783,0.30000000000000004,7.7
11,2,0.0,8.4,6.9,3.0431464943771602,0.30000000000000004,7.7,225.3594512939453,0.5914444327354431,8.013829231262207,6.508953094482422,1,0.5495867729187012,0.30000000000000004,7.7
11,2,0.0,8.4,6.9,3.0431464943771602,0.30000000000000004,7.7,225.8594512939453,0.5867692828178406,8.020512580871582,6.508953094482422,1,0.5449116230010986,0.30000000000000004,7.7
11,2,0.0,8.4,6.9,3.0431464943771602,0.30000000000000004,7.7,226.3594512939453,0.582213819026947,8.027083396911621,6.508953094482422,1,0.5403561592102051,0.30000000000000004,7.7
11,2,0.0,8.4,6.9,3.0431464943771602,0.30000000000000004,7.7,226.8594512939453,0.5777743458747864,8.03354549407959,6.508953094482422,1,0.5359166860580444,0.30000000000000004,7.7
11,2,0.0,8.4,6.9,3.0431464943771602,0.30000000000000004,7.7,227.3594512939453,0.5734474062919617,8.039902687072754,6.508953094482422,1,0.5315897464752197,0.30000000000000004,7.7
11,2,0.0,8.4,6.9,3.0431464943771602,0.30000000000000004,7.7,227.8594512939453,0.5692296028137207,8.046158790588379,6.508953094482422,1,0.5273719429969788,0.30000000000000004,7.7
11,2,0.0,8.4,6.9,3.0431464943771602,0.30000000000000004,7.7,228.3594512939453,0.5651177167892456,8.052316665649414,6.508953094482422,1,0.5232600569725037,0.30000000000000004,7.7
11,2,0.0,8.4,6.9,3.0431464943771602,0.30000000000000004,7.7,228.8594512939453,0.5611087083816528,8.058380126953125,6.508953094482422,1,0.5192510485649109,0.30000000000000004,7.7
11,2,0.0,8.4,6.9,3.0431464943771602,0.30000000000000004,7.7,229.3594512939453,0.5571995973587036,8.064352035522461,6.508953094482422,1,0.5153419375419617,0.30000000000000004,7.7
11,2,0.0,8.4,6.9,3.0431464943771602,0.30000000000000004,7.7,229.8594512939453,0.5533875823020935,8.070234298706055,6.508953094482422,1,0.5115299224853516,0.30000000000000004,7.7
11,2,0.0,8.4,6.9,3.0431464943771602,0.30000000000000004,7.7,230.3594512939453,0.0,,,0,0.5078122615814209,0.30000000000000004,7.7
11,2,0.0,8.4,6.9,3.0431464943771602,0.30000000000000004,7.7,230.8594512939453,0.5460440516471863,8.081745147705078,6.508953094482422,1,0.5041863918304443,0.30000000000000004,7.7
11,2,0.0,8.4,6.9,3.0431464943771602,0.30000000000000004,7.7,231.3594512939453,0.5425074100494385,8.087377548217773,6.508953094482422,1,0.5006497502326965,0.30000000000000004,7.7
11,2,0.0,8.4,6.9,3.0431464943771602,0.30000000000000004,7.7,231.8594512939453,0.539057731628418,8.09293270111084,6.508953094482422,1,0.49720004200935364,0.30000000000000004,7.7
11,2,0.0,8.4,6.9,3.0431464943771602,0.30000000000000004,7.7,232.3594512939453,0.5356925129890442,8.09841251373291,6.508953094482422,1,0.49383485317230225,0.30000000000000004,7.7
11,2,0.0,8.4,6.9,3.0431464943771602,0.30000000000000004,7.7,232.8594512939453,0.5324097275733948,8.1038179397583,6.508953094482422,1,0.49055203795433044,0.30000000000000004,7.7
11,2,0.0,8.4,6.9,3.0431464943771602,0.30000000000000004,7.7,233.3594512939453,0.5292071104049683,8.109153747558594,6.508953094482422,1,0.48734942078590393,0.30000000000000004,7.7
11,2,0.0,8.4,6.9,3.0431464943771602,0.30000000000000004,7.7,233.8594512939453,0.5260826945304871,8.114419937133789,6.508953094482422,1,0.48422500491142273,0.30000000000000004,7.7
11,2,0.0,8.4,6.9,3.0431464943771602,0.30000000000000004,7.7,234.3594512939453,0.5230345129966736,8.119619369506836,6.508953094482422,1,0.48117682337760925,0.30000000000000004,7.7
11,2,0.0,8.4,6.9,3.0431464943771602,0.30000000000000004,7.7,234.8594512939453,0.5200605988502502,8.124753952026367,6.508953094482422,1,0.4782029390335083,0.30000000000000004,7.7
11,2,0.0,8.4,6.9,3.0431464943771602,0.30000000000000004,7.7,235.3594512939453,0.5171592235565186,8.129826545715332,6.508953094482422,1,0.4753015637397766,0.30000000000000004,7.7
11,2,0.0,8.4,6.9,3.0431464943771602,0.30000000000000004,7.7,235.8594512939453,0.51432865858078,8.13483715057373,6.508953094482422,1,0.4724709689617157,0.30000000000000004,7.7
11,2,0.0,8.4,6.9,3.0431464943771602,0.30000000000000004,7.7,236.3594512939453,0.5115671157836914,8.139789581298828,6.508953094482422,1,0.4697094261646271,0.30000000000000004,7.7
11,2,0.0,8.4,6.9,3.0431464943771602,0.30000000000000004,7.7,236.8594512939453,0.5088730454444885,8.144684791564941,6.508953094482422,1,0.4670153558254242,0.30000000000000004,7.7
11,2,0.0,8.4,6.9,3.0431464943771602,0.30000000000000004,7.7,237.3594512939453,0.5062448382377625,8.149524688720703,6.508953094482422,1,0.4643871486186981,0.30000000000000004,7.7
11,2,0.0,8.4,6.9,3.0431464943771602,0.30000000000000004,7.7,237.8594512939453,0.5036810040473938,8.154311180114746,6.508953094482422,1,0.46182334423065186,0.30000000000000004,7.7
11,2,0.0,8.4,6.9,3.0431464943771602,0.30000000000000004,7.7,238.3594512939453,0.5011801719665527,8.15904426574707,6.508953094482422,1,0.4593224823474884,0.30000000000000004,7.7
11,2,0.0,8.4,6.9,3.0431464943771602,0.30000000000000004,7.7,238.8594512939453,0.4987408220767975,8.163727760314941,6.508953094482422,1,0.45688316226005554,0.30000000000000004,7.7
11,2,0.0,8.4,6.9,3.0431464943771602,0.30000000000000004,7.7,239.3594512939453,0.49636170268058777,8.16836166381836,6.508953094482422,1,0.4545040428638458,0.30000000000000004,7.7
11,2,0.0,8.4,6.9,3.0431464943771602,0.30000000000000004,7.7,239.8594512939453,0.4940415024757385,8.172947883605957,6.508953094482422,1,0.4521838426589966,0.30000000000000004,7.7
11,2,0.0,8.4,6.9,3.0431464943771602,0.30000000000000004,7.7,240.3594512939453,0.4917789399623871,8.177488327026367,6.508953094482422,1,0.44992128014564514,0.30000000000000004,7.7
11,2,0.0,8.4,6.9,3.0431464943771602,0.30000000000000004,7.7,240.8594512939453,0.4895728528499603,8.18198299407959,6.508953094482422,1,0.4477151930332184,0.30000000000000004,7.7
11,2,0.0,8.4,6.9,3.0431464943771602,0.30000000000000004,7.7,241.3594512939453,0.48742204904556274,8.186434745788574,6.508953094482422,1,0.4455643892288208,0.30000000000000004,7.7
11,2,0.0,8.4,6.9,3.0431464943771602,0.30000000000000004,7.7,241.8594512939453,0.485325425863266,8.190844535827637,6.508953094482422,1,0.44346776604652405,0.30000000000000004,7.7
11,2,0.0,8.4,6.9,3.0431464943771602,0.30000000000000004,7.7,242.3594512939453,0.4832818806171417,8.195213317871094,6.508953094482422,1,0.4414242208003998,0.30000000000000004,7.7
11,2,0.0,8.4,6.9,3.0431464943771602,0.30000000000000004,7.7,242.8594512939453,0.48129042983055115,8.199542045593262,6.508953094482422,1,0.4394327700138092,0.30000000000000004,7.7
11,2,0.0,8.4,6.9,3.0431464943771602,0.30000000000000004,7.7,243.3594512939453,0.4793500006198883,8.203831672668457,6.508953094482422,1,0.43749234080314636,0.30000000000000004,7.7
11,2,0.0,8.4,6.9,3.0431464943771602,0.30000000000000004,7.7,243.8594512939453,0.4774596691131592,8.208085060119629,6.508953094482422,1,0.43560200929641724,0.30000000000000004,7.7
11,2,0.0,8.4,6.9,3.0431464943771602,0.30000000000000004,7.7,244.3594512939453,0.47561851143836975,8.212301254272461,6.508953094482422,1,0.4337608516216278,0.30000000000000004,7.7
11,2,0.0,8.4,6.9,3.0431464943771602,0.30000000000000004,7.7,244.8594512939453,0.473825603723526,8.216483116149902,6.508953094482422,1,0.43196794390678406,0.30000000000000004,7.7
11,2,0.0,8.4,6.9,3.0431464943771602,0.30000000000000004,7.7,245.3594512939453,0.4720800518989563,8.220629692077637,6.508953094482422,1,0.43022239208221436,0.30000000000000004,7.7
11,2,0.0,8.4,6.9,3.0431464943771602,0.30000000000000004,7.7,245.8594512939453,0.0,,,0,0.4285234212875366,0.30000000000000004,7.7
11,2,0.0,8.4,6.9,3.0431464943771602,0.30000000000000004,7.7,246.3594512939453,0.46872785687446594,8.228826522827148,6.508953094482422,1,0.426870197057724,0.30000000000000004,7.7
11,2,0.0,8.4,6.9,3.0431464943771602,0.30000000000000004,7.7,246.8594512939453,0.46711960434913635,8.232876777648926,6.508953094482422,1,0.4252619445323944,0.30000000000000004,7.7
11,2,0.0,8.4,6.9,3.0431464943771602,0.30000000000000004,7.7,247.3594512939453,0.4655555486679077,8.236898422241211,6.508953094482422,1,0.42369788885116577,0.30000000000000004,7.7
11,2,0.0,8.4,6.9,3.0431464943771602,0.30000000000000004,7.7,247.8594512939453,0.4640350043773651,8.240889549255371,6.508953094482422,1,0.42217734456062317,0.30000000000000004,7.7
11,2,0.0,8.4,6.9,3.0431464943771602,0.30000000000000004,7.7,248.3594512939453,0.46255725622177124,8.244853019714355,6.508953094482422,1,0.4206995964050293,0.30000000000000004,7.7
11,2,0.0,8.4,6.9,3.0431464943771602,0.30000000000000004,7.7,248.8594512939453,0.46112164855003357,8.24878978729248,6.508953094482422,1,0.4192639887332916,0.30000000000000004,7.7
11,2,0.0,8.4,6.9,3.0431464943771602,0.30000000000000004,7.7,249.3594512939453,0.4597274959087372,8.25269889831543,6.508953094482422,1,0.41786983609199524,0.30000000000000004,7.7
11,2,0.0,8.4,6.9,3.0431464943771602,0.30000000000000004,7.7,249.8594512939453,0.4583742022514343,8.256583213806152,6.508953094482422,1,0.4165165424346924,0.30000000000000004,7.7
11,2,0.0,8.4,6.9,3.0431464943771602,0.30000000000000004,7.7,250.3594512939453,0.45706117153167725,8.260442733764648,6.508953094482422,1,0.4152035117149353,0.30000000000000004,7.7
11,2,0.0,8.4,6.9,3.0431464943771602,0.30000000000000004,7.7,250.8594512939453,0.4557878077030182,8.264277458190918,6.508953094482422,1,0.41393014788627625,0.30000000000000004,7.7
11,2,0.0,8.4,6.9,3.0431464943771602,0.30000000000000004,7.7,251.3594512939453,0.4545535743236542,8.26809024810791,6.508953094482422,1,0.41269591450691223,0.30000000000000004,7.7
11,2,0.0,8.4,6.9,3.0431464943771602,0.30000000000000004,7.7,251.8594512939453,0.4533579349517822,8.271880149841309,6.508953094482422,1,0.4115002751350403,0.30000000000000004,7.7
11,2,0.0,8.4,6.9,3.0431464943771602,0.30000000000000004,7.7,252.3594512939453,0.452200323343277,8.27564811706543,6.508953094482422,1,0.41034266352653503,0.30000000000000004,7.7
11,2,0.0,8.4,6.9,3.0431464943771602,0.30000000000000004,7.7,252.8594512939453,0.451080322265625,8.27939510345459,6.508953094482422,1,0.40922266244888306,0.30000000000000004,7.7
11,2,0.0,8.4,6.9,3.0431464943771602,0.30000000000000004,7.7,253.3594512939453,0.4499973952770233,8.283122062683105,6.508953094482422,1,0.40813973546028137,0.30000000000000004,7.7
11,2,0.0,8.4,6.9,3.0431464943771602,0.30000000000000004,7.7,253.8594512939453,0.4489510953426361,8.286829948425293,6.508953094482422,1,0.40709343552589417,0.30000000000000004,7.7
11,2,0.0,8.4,6.9,3.0431464943771602,0.30000000000000004,7.7,254.3594512939453,0.44794100522994995,8.290519714355469,6.508953094482422,1,0.406083345413208,0.30000000000000004,7.7
11,2,0.0,8.4,6.9,3.0431464943771602,0.30000000000000004,7.7,254.8594512939453,0.4469667077064514,8.294190406799316,6.508953094482422,1,0.4051090478897095,0.30000000000000004,7.7
11,2,0.0,8.4,6.9,3.0431464943771602,0.30000000000000004,7.7,255.3594512939453,0.4460277557373047,8.297843933105469,6.508953094482422,1,0.40417009592056274,0.30000000000000004,7.7
11,2,0.0,8.4,6.9,3.0431464943771602,0.30000000000000004,7.7,255.8594512939453,0.4451237916946411,8.301481246948242,6.508953094482422,1,0.40326613187789917,0.30000000000000004,7.7
11,2,0.0,8.4,6.9,3.0431464943771602,0.30000000000000004,7.7,256.35943603515625,0.44425442814826965,8.305102348327637,6.508953094482422,1,0.4023967683315277,0.30000000000000004,7.7
11,2,0.0,8.4,6.9,3.0431464943771602,0.30000000000000004,7.7,256.85943603515625,0.44341933727264404,8.308709144592285,6.508953094482422,1,0.4015616774559021,0.30000000000000004,7.7
11,2,0.0,8.4,6.9,3.0431464943771602,0.30000000000000004,7.7,257.35943603515625,0.44261813163757324,8.312299728393555,6.508953094482422,1,0.4007604718208313,0.30000000000000004,7.7
11,2,0.0,8.4,6.9,3.0431464943771602,0.30000000000000004,7.7,257.85943603515625,0.44185054302215576,8.315876960754395,6.508953094482422,1,0.3999928832054138,0.30000000000000004,7.7
11,2,0.0,8.4,6.9,3.0431464943771602,0.30000000000000004,7.7,258.35943603515625,0.44111624360084534,8.319440841674805,6.508953094482422,1,0.3992585837841034,0.30000000000000004,7.7
11,2,0.0,8.4,6.9,3.0431464943771602,0.30000000000000004,7.7,258.85943603515625,0.4404149055480957,8.322992324829102,6.508953094482422,1,0.39855724573135376,0.30000000000000004,7.7
11,2,0.0,8.4,6.9,3.0431464943771602,0.30000000000000004,7.7,259.35943603515625,0.43974629044532776,8.326531410217285,6.508953094482422,1,0.3978886306285858,0.30000000000000004,7.7
11,2,0.0,8.4,6.9,3.0431464943771602,0.30000000000000004,7.7,259.85943603515625,0.4391101002693176,8.330058097839355,6.508953094482422,1,0.3972524404525757,0.30000000000000004,7.7
11,2,0.0,8.4,6.9,3.0431464943771602,0.30000000000000004,7.7,260.35943603515625,0.4385061264038086,8.333574295043945,6.508953094482422,1,0.39664846658706665,0.30000000000000004,7.7
11,2,0.0,8.4,6.9,3.0431464943771602,0.30000000000000004,7.7,260.85943603515625,0.4379340708255768,8.337080955505371,6.508953094482422,1,0.39607641100883484,0.30000000000000004,7.7
11,2,0.0,8.4,6.9,3.0431464943771602,0.30000000000000004,7.7,261.35943603515625,0.43739378452301025,8.340576171875,6.508953094482422,1,0.3955361247062683,0.30000000000000004,7.7
11,2,0.0,8.4,6.9,3.0431464943771602,0.30000000000000004,7.7,261.85943603515625,0.43688496947288513,8.344063758850098,6.508953094482422,1,0.3950273096561432,0.30000000000000004,7.7
11,2,0.0,8.4,6.9,3.0431464943771602,0.30000000000000004,7.7,262.35943603515625,0.43640750646591187,8.347541809082031,6.508953094482422,1,0.3945498466491699,0.30000000000000004,7.7
11,2,0.0,8.4,6.9,3.0431464943771602,0.30000000000000004,7.7,262.85943603515625,0.43596112728118896,8.351011276245117,6.508953094482422,1,0.394103467464447,0.30000000000000004,7.7
11,2,0.0,8.4,6.9,3.0431464943771602,0.30000000000000004,7.7,263.35943603515625,0.43554574251174927,8.354474067687988,6.508953094482422,1,0.3936880826950073,0.30000000000000004,7.7
11,2,0.0,8.4,6.9,3.0431464943771602,0.30000000000000004,7.7,263.85943603515625,0.43516114354133606,8.357929229736328,6.508953094482422,1,0.3933034837245941,0.30000000000000004,7.7
11,2,0.0,8.4,6.9,3.0431464943771602,0.30000000000000004,7.7,264.35943603515625,0.4348071813583374,8.361377716064453,6.508953094482422,1,0.39294952154159546,0.30000000000000004,7.7
11,2,0.0,8.4,6.9,3.0431464943771602,0.30000000000000004,7.7,264.85943603515625,0.43448373675346375,8.364821434020996,6.508953094482422,1,0.3926260769367218,0.30000000000000004,7.7
11,2,0.0,8.4,6.9,3.0431464943771602,0.30000000000000004,7.7,265.35943603515625,0.43419069051742554,8.368258476257324,6.508953094482422,1,0.3923330307006836,0.30000000000000004,7.7
11,2,0.0,8.4,6.9,3.0431464943771602,0.30000000000000004,7.7,265.85943603515625,0.43392789363861084,8.37169075012207,6.508953094482422,1,0.3920702338218689,0.30000000000000004,7.7
11,2,0.0,8.4,6.9,3.0431464943771602,0.30000000000000004,7.7,266.35943603515625,0.4336952567100525,8.37511920928955,6.508953094482422,1,0.39183759689331055,0.30000000000000004,7.7
11,2,0.0,8.4,6.9,3.0431464943771602,0.30000000000000004,7.7,266.85943603515625,0.4334927499294281,8.378543853759766,6.508953094482422,1,0.39163509011268616,0.30000000000000004,7.7
11,2,0.0,8.4,6.9,3.0431464943771602,0.30000000000000004,7.7,267.35943603515625,0.43332019448280334,8.381965637207031,6.508953094482422,1,0.3914625346660614,0.30000000000000004,7.7
11,2,0.0,8.4,6.9,3.0431464943771602,0.30000000000000004,7.7,267.85943603515625,0.4331776201725006,8.385383605957031,6.508953094482422,1,0.39131996035575867,0.30000000000000004,7.7
11,2,0.0,8.4,6.9,3.0431464943771602,0.30000000000000004,7.7,268.35943603515625,0.43306490778923035,8.388799667358398,6.508953094482422,1,0.3912072479724884,0.30000000000000004,7.7
11,2,0.0,8.4,6.9,3.0431464943771602,0.30000000000000004,7.7,268.85943603515625,0.43298205733299255,8.39221477508545,6.508953094482422,1,0.3911243975162506,0.30000000000000004,7.7
11,2,0.0,8.4,6.9,3.0431464943771602,0.30000000000000004,7.7,269.35943603515625,0.43292900919914246,8.395627975463867,6.508953094482422,1,0.3910713493824005,0.30000000000000004,7.7
11,2,0.0,8.4,6.9,3.0431464943771602,0.30000000000000004,7.7,269.85943603515625,0.43290573358535767,8.399041175842285,6.508953094482422,1,0.3910480737686157,0.30000000000000004,7.7
11,2,0.0,8.4,6.9,3.0431464943771602,0.30000000000000004,7.7,270.35943603515625,0.43291226029396057,8.402453422546387,6.508953094482422,1,0.39105460047721863,0.30000000000000004,7.7
11,2,0.0,8.4,6.9,3.0431464943771602,0.30000000000000004,7.7,270.85943603515625,0.4329485595226288,8.405866622924805,6.508953094482422,1,0.39109089970588684,0.30000000000000004,7.7
11,2,0.0,8.4,6.9,3.0431464943771602,0.30000000000000004,7.7,271.35943603515625,0.4330146610736847,8.409279823303223,6.508953094482422,1,0.39115700125694275,0.30000000000000004,7.7
11,2,0.0,8.4,6.9,3.0431464943771602,0.30000000000000004,7.7,271.85943603515625,0.4331105947494507,8.412694931030273,6.508953094482422,1,0.39125293493270874,0.30000000000000004,7.7
11,2,0.0,8.4,6.9,3.0431464943771602,0.30000000000000004,7.7,272.35943603515625,0.43323636054992676,8.416112899780273,6.508953094482422,1,0.3913787007331848,0.30000000000000004,7.7
11,2,0.0,8.4,6.9,3.0431464943771602,0.30000000000000004,7.7,272.85943603515625,0.4333920478820801,8.41953182220459,6.508953094482422,1,0.39153438806533813,0.30000000000000004,7.7
11,2,0.0,8.4,6.9,3.0431464943771602,0.30000000000000004,7.7,273.35943603515625,0.4335777163505554,8.422954559326172,6.508953094482422,1,0.3917200565338135,0.30000000000000004,7.7
11,2,0.0,8.4,6.9,3.0431464943771602,0.30000000000000004,7.7,273.85943603515625,0.43379339575767517,8.42638111114502,6.508953094482422,1,0.3919357359409332,0.30000000000000004,7.7
11,2,0.0,8.4,6.9,3.0431464943771602,0.30000000000000004,7.7,274.35943603515625,0.4340392053127289,8.429811477661133,6.508953094482422,1,0.39218154549598694,0.30000000000000004,7.7
11,2,0.0,8.4,6.9,3.0431464943771602,0.30000000000000004,7.7,274.85943603515625,0.4343152344226837,8.433245658874512,6.508953094482422,1,0.3924575746059418,0.30000000000000004,7.7
11,2,0.0,8.4,6.9,3.0431464943771602,0.30000000000000004,7.7,275.35943603515625,0.4346216022968292,8.436685562133789,6.508953094482422,1,0.3927639424800873,0.30000000000000004,7.7
11,2,0.0,8.4,6.9,3.0431464943771602,0.30000000000000004,7.7,275.85943603515625,0.43495839834213257,8.440131187438965,6.508953094482422,1,0.3931007385253906,0.30000000000000004,7.7
11,2,0.0,8.4,6.9,3.0431464943771602,0.30000000000000004,7.7,276.35943603515625,0.4353257417678833,8.443582534790039,6.508953094482422,1,0.39346808195114136,0.30000000000000004,7.7
11,2,0.0,8.4,6.9,3.0431464943771602,0.30000000000000004,7.7,276.85943603515625,0.43572381138801575,8.447041511535645,6.508953094482422,1,0.3938661515712738,0.30000000000000004,7.7
11,2,0.0,8.4,6.9,3.0431464943771602,0.30000000000000004,7.7,277.35943603515625,0.43615272641181946,8.450507164001465,6.508953094482422,1,0.3942950665950775,0.30000000000000004,7.7
11,2,0.0,8.4,6.9,3.0431464943771602,0.30000000000000004,7.7,277.85943603515625,0.43661269545555115,8.453980445861816,6.508953094482422,1,0.3947550356388092,0.30000000000000004,7.7
11,2,0.0,8.4,6.9,3.0431464943771602,0.30000000000000004,7.7,278.35943603515625,0.43710386753082275,8.457462310791016,6.508953094482422,1,0.3952462077140808,0.30000000000000004,7.7
11,2,0.0,8.4,6.9,3.0431464943771602,0.30000000000000004,7.7,278.85943603515625,0.4376264214515686,8.460952758789062,6.508953094482422,1,0.39576876163482666,0.30000000000000004,7.7
11,2,0.0,8.4,6.9,3.0431464943771602,0.30000000000000004,7.7,279.35943603515625,0.4381805956363678,8.464452743530273,6.508953094482422,1,0.39632293581962585,0.30000000000000004,7.7
11,2,0.0,8.4,6.9,3.0431464943771602,0.30000000000000004,7.7,279.85943603515625,0.43876659870147705,8.467963218688965,6.508953094482422,1,0.3969089388847351,0.30000000000000004,7.7
11,2,0.0,8.4,6.9,3.0431464943771602,0.30000000000000004,7.7,280.35943603515625,0.4393846392631531,8.471484184265137,6.508953094482422,1,0.39752697944641113,0.30000000000000004,7.7
11,2,0.0,8.4,6.9,3.0431464943771602,0.30000000000000004,7.7,280.85943603515625,0.44003501534461975,8.475016593933105,6.508953094482422,1,0.3981773555278778,0.30000000000000004,7.7
11,2,0.0,8.4,6.9,3.0431464943771602,0.30000000000000004,7.7,281.35943603515625,0.4407179057598114,8.478560447692871,6.508953094482422,1,0.39886024594306946,0.30000000000000004,7.7
11,2,0.0,8.4,6.9,3.0431464943771602,0.30000000000000004,7.7,281.85943603515625,0.4414336383342743,8.482117652893066,6.508953094482422,1,0.39957597851753235,0.30000000000000004,7.7
11,2,0.0,8.4,6.9,3.0431464943771602,0.30000000000000004,7.7,282.35943603515625,0.4421824812889099,8.485687255859375,6.508953094482422,1,0.40032482147216797,0.30000000000000004,7.7
11,2,0.0,8.4,6.9,3.0431464943771602,0.30000000000000004,7.7,282.85943603515625,0.44296473264694214,8.489270210266113,6.508953094482422,1,0.4011070728302002,0.30000000000000004,7.7
11,2,0.0,8.4,6.9,3.0431464943771602,0.30000000000000004,7.7,283.35943603515625,0.4437807500362396,8.492868423461914,6.508953094482422,1,0.4019230902194977,0.30000000000000004,7.7
11,2,0.0,8.4,6.9,3.0431464943771602,0.30000000000000004,7.7,283.85943603515625,0.44463080167770386,8.496480941772461,6.508953094482422,1,0.4027731418609619,0.30000000000000004,7.7
11,2,0.0,8.4,6.9,3.0431464943771602,0.30000000000000004,7.7,284.35943603515625,0.4455152451992035,8.50010871887207,6.508953094482422,1,0.40365758538246155,0.30000000000000004,7.7
11,2,0.0,8.4,6.9,3.0431464943771602,0.30000000000000004,7.7,284.85943603515625,0.44643449783325195,8.503753662109375,6.508953094482422,1,0.40457683801651,0.30000000000000004,7.7
11,2,0.0,8.4,6.9,3.0431464943771602,0.30000000000000004,7.7,285.35943603515625,0.0,,,0,0.40553122758865356,0.30000000000000004,7.7
11,2,0.0,8.4,6.9,3.0431464943771602,0.30000000000000004,7.7,285.85943603515625,0.4483788013458252,8.511093139648438,6.508953094482422,1,0.40652114152908325,0.30000000000000004,7.7
11,2,0.0,8.4,6.9,3.0431464943771602,0.30000000000000004,7.7,286.35943603515625,0.44940468668937683,8.514790534973145,6.508953094482422,1,0.4075470268726349,0.30000000000000004,7.7
11,2,0.0,8.4,6.9,3.0431464943771602,0.30000000000000004,7.7,286.85943603515625,0.45046696066856384,8.51850700378418,6.508953094482422,1,0.4086093008518219,0.30000000000000004,7.7
11,2,0.0,8.4,6.9,3.0431464943771602,0.30000000000000004,7.7,287.35943603515625,0.45156607031822205,8.522242546081543,6.508953094482422,1,0.4097084105014801,0.30000000000000004,7.7
11,2,0.0,8.4,6.9,3.0431464943771602,0.30000000000000004,7.7,287.85943603515625,0.45270246267318726,8.525999069213867,6.508953094482422,1,0.4108448028564453,0.30000000000000004,7.7
11,2,0.0,8.4,6.9,3.0431464943771602,0.30000000000000004,7.7,288.35943603515625,0.45387667417526245,8.529776573181152,6.508953094482422,1,0.4120190143585205,0.30000000000000004,7.7
11,2,0.0,8.4,6.9,3.0431464943771602,0.30000000000000004,7.7,288.85943603515625,0.45508915185928345,8.533576011657715,6.508953094482422,1,0.4132314920425415,0.30000000000000004,7.7
11,2,0.0,8.4,6.9,3.0431464943771602,0.30000000000000004,7.7,289.35943603515625,0.4563404619693756,8.537398338317871,6.508953094482422,1,0.41448280215263367,0.30000000000000004,7.7
11,2,0.0,8.4,6.9,3.0431464943771602,0.30000000000000004,7.7,289.85943603515625,0.45763111114501953,8.541244506835938,6.508953094482422,1,0.4157734513282776,0.30000000000000004,7.7
11,2,0.0,8.4,6.9,3.0431464943771602,0.30000000000000004,7.7,290.35943603515625,0.45896169543266296,8.545114517211914,6.508953094482422,1,0.417104035615921,0.30000000000000004,7.7
11,2,0.0,8.4,6.9,3.0431464943771602,0.30000000000000004,7.7,290.85943603515625,0.4603327810764313,8.549009323120117,6.508953094482422,1,0.41847512125968933,0.30000000000000004,7.7
11,2,0.0,8.4,6.9,3.0431464943771602,0.30000000000000004,7.7,291.35943603515625,0.461745023727417,8.55293083190918,6.508953094482422,1,0.41988736391067505,0.30000000000000004,7.7
11,2,0.0,8.4,6.9,3.0431464943771602,0.30000000000000004,7.7,291.85943603515625,0.46319901943206787,8.556878089904785,6.508953094482422,1,0.4213413596153259,0.30000000000000004,7.7
11,2,0.0,8.4,6.9,3.0431464943771602,0.30000000000000004,7.7,292.35943603515625,0.46469539403915405,8.560853958129883,6.508953094482422,1,0.4228377342224121,0.30000000000000004,7.7
11,2,0.0,8.4,6.9,3.0431464943771602,0.30000000000000004,7.7,292.85943603515625,0.4662349224090576,8.564858436584473,6.508953094482422,1,0.4243772625923157,0.30000000000000004,7.7
11,2,0.0,8.4,6.9,3.0431464943771602,0.30000000000000004,7.7,293.35943603515625,0.4678182303905487,8.568892478942871,6.508953094482422,1,0.42596057057380676,0.30000000000000004,7.7
11,2,0.0,8.4,6.9,3.0431464943771602,0.30000000000000004,7.7,293.85943603515625,0.469446063041687,8.572957038879395,6.508953094482422,1,0.42758840322494507,0.30000000000000004,7.7
11,2,0.0,8.4,6.9,3.0431464943771602,0.30000000000000004,7.7,294.35943603515625,0.471119225025177,8.57705307006836,6.508953094482422,1,0.42926156520843506,0.30000000000000004,7.7
11,2,0.0,8.4,6.9,3.0431464943771602,0.30000000000000004,7.7,294.85943603515625,0.47283849120140076,8.581181526184082,6.508953094482422,1,0.4309808313846588,0.30000000000000004,7.7
11,2,0.0,8.4,6.9,3.0431464943771602,0.30000000000000004,7.7,295.35943603515625,0.47460463643074036,8.585343360900879,6.508953094482422,1,0.4327469766139984,0.30000000000000004,7.7
11,2,0.0,8.4,6.9,3.0431464943771602,0.30000000000000004,7.7,295.85943603515625,0.4764185845851898,8.589540481567383,6.508953094482422,1,0.4345609247684479,0.30000000000000004,7.7
11,2,0.0,8.4,6.9,3.0431464943771602,0.30000000000000004,7.7,296.35943603515625,0.478281170129776,8.593772888183594,6.508953094482422,1,0.43642351031303406,0.30000000000000004,7.7
11,2,0.0,8.4,6.9,3.0431464943771602,0.30000000000000004,7.7,296.85943603515625,0.4801933169364929,8.598041534423828,6.508953094482422,1,0.438335657119751,0.30000000000000004,7.7
11,2,0.0,8.4,6.9,3.0431464943771602,0.30000000000000004,7.7,297.35943603515625,0.4821559488773346,8.602348327636719,6.508953094482422,1,0.44029828906059265,0.30000000000000004,7.7
11,2,0.0,8.4,6.9,3.0431464943771602,0.30000000000000004,7.7,297.85943603515625,0.4841700792312622,8.606694221496582,6.508953094482422,1,0.44231241941452026,0.30000000000000004,7.7
11,2,0.0,8.4,6.9,3.0431464943771602,0.30000000000000004,7.7,298.35943603515625,0.48623672127723694,8.61108112335205,6.508953094482422,1,0.444379061460495,0.30000000000000004,7.7
11,2,0.0,8.4,6.9,3.0431464943771602,0.30000000000000004,7.7,298.85943603515625,0.48835694789886475,8.615508079528809,6.508953094482422,1,0.4464992880821228,0.30000000000000004,7.7
11,2,0.0,8.4,6.9,3.0431464943771602,0.30000000000000004,7.7,299.35943603515625,0.4905318021774292,8.619978904724121,6.508953094482422,1,0.44867414236068726,0.30000000000000004,7.7
11,2,0.0,8.4,6.9,3.0431464943771602,0.30000000000000004,7.7,299.85943603515625,0.4927624762058258,8.624493598937988,6.508953094482422,1,0.45090481638908386,0.30000000000000004,7.7
11,2,0.0,8.4,6.9,3.0431464943771602,0.30000000000000004,7.7,300.35943603515625,0.4950501322746277,8.629054069519043,6.508953094482422,1,0.45319247245788574,0.30000000000000004,7.7
11,2,0.0,8.4,6.9,3.0431464943771602,0.30000000000000004,7.7,300.85943603515625,0.49739596247673035,8.633661270141602,6.508953094482422,1,0.4555383026599884,0.30000000000000004,7.7
11,2,0.0,8.4,6.9,3.0431464943771602,0.30000000000000004,7.7,301.35943603515625,0.49980127811431885,8.63831615447998,6.508953094482422,1,0.4579436182975769,0.30000000000000004,7.7
11,2,0.0,8.4,6.9,3.0431464943771602,0.30000000000000004,7.7,301.85943603515625,0.5022673606872559,8.643021583557129,6.508953094482422,1,0.4604097008705139,0.30000000000000004,7.7
11,2,0.0,8.4,6.9,3.0431464943771602,0.30000000000000004,7.7,302.35943603515625,0.5047956109046936,8.647777557373047,6.508953094482422,1,0.46293795108795166,0.30000000000000004,7.7
11,2,0.0,8.4,6.9,3.0431464943771602,0.30000000000000004,7.7,302.85943603515625,0.5073874592781067,8.652586936950684,6.508953094482422,1,0.46552976965904236,0.30000000000000004,7.7
11,2,0.0,8.4,6.9,3.0431464943771602,0.30000000000000004,7.7,303.35943603515625,0.510044276714325,8.657450675964355,6.508953094482422,1,0.468186616897583,0.30000000000000004,7.7
11,2,0.0,8.4,6.9,3.0431464943771602,0.30000000000000004,7.7,303.85943603515625,0.5127677321434021,8.662370681762695,6.508953094482422,1,0.47091004252433777,0.30000000000000004,7.7
11,2,0.0,8.4,6.9,3.0431464943771602,0.30000000000000004,7.7,304.35943603515625,0.5155592560768127,8.667348861694336,6.508953094482422,1,0.4737015962600708,0.30000000000000004,7.7
11,2,0.0,8.4,6.9,3.0431464943771602,0.30000000000000004,7.7,304.85943603515625,0.5184206366539001,8.67238712310791,6.508953094482422,1,0.4765629768371582,0.30000000000000004,7.7
11,2,0.0,8.4,6.9,3.0431464943771602,0.30000000000000004,7.7,305.35943603515625,0.521353542804718,8.677486419677734,6.508953094482422,1,0.4794958829879761,0.30000000000000004,7.7
11,2,0.0,8.4,6.9,3.0431464943771602,0.30000000000000004,7.7,305.85943603515625,0.5243597626686096,8.682649612426758,6.508953094482422,1,0.4825020730495453,0.30000000000000004,7.7
11,2,0.0,8.4,6.9,3.0431464943771602,0.30000000000000004,7.7,306.35943603515625,0.5274410843849182,8.687877655029297,6.508953094482422,1,0.4855833947658539,0.30000000000000004,7.7
11,2,0.0,8.4,6.9,3.0431464943771602,0.30000000000000004,7.7,306.85943603515625,0.5305994749069214,8.6931734085083,6.508953094482422,1,0.48874178528785706,0.30000000000000004,7.7
11,2,0.0,8.4,6.9,3.0431464943771602,0.30000000000000004,7.7,307.35943603515625,0.5338369607925415,8.698539733886719,6.508953094482422,1,0.4919792711734772,0.30000000000000004,7.7
11,2,0.0,8.4,6.9,3.0431464943771602,0.30000000000000004,7.7,307.85943603515625,0.5371555685997009,8.703977584838867,6.508953094482422,1,0.4952978789806366,0.30000000000000004,7.7
11,2,0.0,8.4,6.9,3.0431464943771602,0.30000000000000004,7.7,308.35943603515625,0.5405574440956116,8.709489822387695,6.508953094482422,1,0.49869978427886963,0.30000000000000004,7.7
11,2,0.0,8.4,6.9,3.0431464943771602,0.30000000000000004,7.7,308.85943603515625,0.5440449714660645,8.715078353881836,6.508953094482422,1,0.5021873116493225,0.30000000000000004,7.7
11,2,0.0,8.4,6.9,3.0431464943771602,0.30000000000000004,7.7,309.35943603515625,0.5476203560829163,8.720746040344238,6.508953094482422,1,0.5057626962661743,0.30000000000000004,7.7
11,2,0.0,8.4,6.9,3.0431464943771602,0.30000000000000004,7.7,309.85943603515625,0.5512861013412476,8.726495742797852,6.508953094482422,1,0.5094284415245056,0.30000000000000004,7.7
11,2,0.0,8.4,6.9,3.0431464943771602,0.30000000000000004,7.7,310.35943603515625,0.5550447106361389,8.732330322265625,6.508953094482422,1,0.513187050819397,0.30000000000000004,7.7
11,2,0.0,8.4,6.9,3.0431464943771602,0.30000000000000004,7.7,310.85943603515625,0.55889892578125,8.738251686096191,6.508953094482422,1,0.5170412659645081,0.30000000000000004,7.7
11,2,0.0,8.4,6.9,3.0431464943771602,0.30000000000000004,7.7,311.35943603515625,0.0,,,0,0.520993709564209,0.30000000000000004,7.7
11,2,0.0,8.4,6.9,3.0431464943771602,0.30000000000000004,7.7,311.85943603515625,0.5669050812721252,8.750367164611816,6.508953094482422,1,0.5250474214553833,0.30000000000000004,7.7
11,2,0.0,8.4,6.9,3.0431464943771602,0.30000000000000004,7.7,312.35943603515625,0.5710629224777222,8.75656795501709,6.508953094482422,1,0.5292052626609802,0.30000000000000004,7.7
11,2,0.0,8.4,6.9,3.0431464943771602,0.30000000000000004,7.7,312.85943603515625,0.5753281116485596,8.76286792755127,6.508953094482422,1,0.5334704518318176,0.30000000000000004,7.7
11,2,0.0,8.4,6.9,3.0431464943771602,0.30000000000000004,7.7,313.35943603515625,0.5797039270401001,8.769270896911621,6.508953094482422,1,0.5378462672233582,0.30000000000000004,7.7
11,2,0.0,8.4,6.9,3.0431464943771602,0.30000000000000004,7.7,313.85943603515625,0.5841937065124512,8.775779724121094,6.508953094482422,1,0.5423360466957092,0.30000000000000004,7.7
11,2,0.0,8.4,6.9,3.0431464943771602,0.30000000000000004,7.7,314.35943603515625,0.5888011455535889,8.78239917755127,6.508953094482422,1,0.5469434857368469,0.30000000000000004,7.7
11,2,0.0,8.4,6.9,3.0431464943771602,0.30000000000000004,7.7,314.85943603515625,0.5935298800468445,8.789133071899414,6.508953094482422,1,0.5516722202301025,0.30000000000000004,7.7
11,2,0.0,8.4,6.9,3.0431464943771602,0.30000000000000004,7.7,315.35943603515625,0.5983838438987732,8.795984268188477,6.508953094482422,1,0.5565261840820312,0.30000000000000004,7.7
11,2,0.0,8.4,6.9,3.0431464943771602,0.30000000000000004,7.7,315.85943603515625,0.6033671498298645,8.802958488464355,6.508953094482422,1,0.5615094900131226,0.30000000000000004,7.7
11,2,0.0,8.4,6.9,3.0431464943771602,0.30000000000000004,7.7,316.35943603515625,0.6084839701652527,8.81005859375,6.508953094482422,1,0.5666263103485107,0.30000000000000004,7.7
11,2,0.0,8.4,6.9,3.0431464943771602,0.30000000000000004,7.7,316.85943603515625,0.6137389540672302,8.817289352416992,6.508953094482422,1,0.5718812942504883,0.30000000000000004,7.7
11,2,0.0,8.4,6.9,3.0431464943771602,0.30000000000000004,7.7,317.35943603515625,0.6191366314888,8.82465648651123,6.508953094482422,1,0.5772789716720581,0.30000000000000004,7.7
11,2,0.0,8.4,6.9,3.0431464943771602,0.30000000000000004,7.7,317.85943603515625,0.6246820092201233,8.832164764404297,6.508953094482422,1,0.5828243494033813,0.30000000000000004,7.7
11,2,0.0,8.4,6.9,3.0431464943771602,0.30000000000000004,7.7,318.35943603515625,0.6303802132606506,8.839818954467773,6.508953094482422,1,0.5885225534439087,0.30000000000000004,7.7
11,2,0.0,8.4,6.9,3.0431464943771602,0.30000000000000004,7.7,318.85943603515625,0.6362366080284119,8.847625732421875,6.508953094482422,1,0.5943789482116699,0.30000000000000004,7.7
11,2,0.0,8.4,6.9,3.0431464943771602,0.30000000000000004,7.7,319.35943603515625,0.6422569155693054,8.855588912963867,6.508953094482422,1,0.6003992557525635,0.30000000000000004,7.7
11,2,0.0,8.4,6.9,3.0431464943771602,0.30000000000000004,7.7,319.85943603515625,0.6484471559524536,8.863717079162598,6.508953094482422,1,0.6065894961357117,0.30000000000000004,7.7
11,2,0.0,8.4,6.9,3.0431464943771602,0.30000000000000004,7.7,320.35943603515625,0.6548134684562683,8.872014045715332,6.508953094482422,1,0.6129558086395264,0.30000000000000004,7.7
11,2,0.0,8.4,6.9,3.0431464943771602,0.30000000000000004,7.7,320.85943603515625,0.6613625288009644,8.880487442016602,6.508953094482422,1,0.6195048689842224,0.30000000000000004,7.7
11,2,0.0,8.4,6.9,3.0431464943771602,0.30000000000000004,7.7,321.35943603515625,0.6681013107299805,8.889145851135254,6.508953094482422,1,0.6262436509132385,0.30000000000000004,7.7
11,2,0.0,8.4,6.9,3.0431464943771602,0.30000000000000004,7.7,321.85943603515625,0.6750369668006897,8.897994041442871,6.508953094482422,1,0.6331793069839478,0.30000000000000004,7.7
11,2,0.0,8.4,6.9,3.0431464943771602,0.30000000000000004,7.7,322.35943603515625,0.6821773648262024,8.907042503356934,6.508953094482422,1,0.6403197050094604,0.30000000000000004,7.7
11,2,0.0,8.4,6.9,3.0431464943771602,0.30000000000000004,7.7,322.85943603515625,0.6895304322242737,8.91629695892334,6.508953094482422,1,0.6476727724075317,0.30000000000000004,7.7
11,2,0.0,8.4,6.9,3.0431464943771602,0.30000000000000004,7.7,323.35943603515625,0.6971049308776855,8.925766944885254,6.508953094482422,1,0.6552472710609436,0.30000000000000004,7.7
11,2,0.0,8.4,6.9,3.0431464943771602,0.30000000000000004,7.7,323.85943603515625,0.7049096822738647,8.935462951660156,6.508953094482422,1,0.6630520224571228,0.30000000000000004,7.7
11,2,0.0,8.4,6.9,3.0431464943771602,0.30000000000000004,7.7,324.35943603515625,0.7129544019699097,8.945392608642578,6.508953094482422,1,0.6710967421531677,0.30000000000000004,7.7
11,2,0.0,8.4,6.9,3.0431464943771602,0.30000000000000004,7.7,324.85943603515625,0.7212490439414978,8.955567359924316,6.508953094482422,1,0.6793913841247559,0.30000000000000004,7.7
11,2,0.0,8.4,6.9,3.0431464943771602,0.30000000000000004,7.7,325.35943603515625,0.7298043370246887,8.965997695922852,6.508953094482422,1,0.6879466772079468,0.30000000000000004,7.7
11,2,0.0,8.4,6.9,3.0431464943771602,0.30000000000000004,7.7,325.85943603515625,0.7386316657066345,8.976694107055664,6.508953094482422,1,0.6967740058898926,0.30000000000000004,7.7
11,2,0.0,8.4,6.9,3.0431464943771602,0.30000000000000004,7.7,326.35943603515625,0.7477428317070007,8.987669944763184,6.508953094482422,1,0.7058851718902588,0.30000000000000004,7.7
11,2,0.0,8.4,6.9,3.0431464943771602,0.30000000000000004,7.7,326.85943603515625,0.7571506500244141,8.998937606811523,6.508953094482422,1,0.7152929902076721,0.30000000000000004,7.7
11,2,0.0,8.4,6.9,3.0431464943771602,0.30000000000000004,7.7,327.35943603515625,0.7668686509132385,9.010510444641113,6.508953094482422,1,0.7250109910964966,0.30000000000000004,7.7
11,2,0.0,8.4,6.9,3.0431464943771602,0.30000000000000004,7.7,327.85943603515625,0.7769110202789307,9.0224027633667,6.508953094482422,1,0.7350533604621887,0.30000000000000004,7.7
11,2,0.0,8.4,6.9,3.0431464943771602,0.30000000000000004,7.7,328.35943603515625,0.7872930765151978,9.03463077545166,6.508953094482422,1,0.7454354166984558,0.30000000000000004,7.7
11,2,0.0,8.4,6.9,3.0431464943771602,0.30000000000000004,7.7,328.85943603515625,0.7980310320854187,9.047209739685059,6.508953094482422,1,0.7561733722686768,0.30000000000000004,7.7
11,2,0.0,8.4,6.9,3.0431464943771602,0.30000000000000004,7.7,329.35943603515625,0.8091421723365784,9.060157775878906,6.508953094482422,1,0.7672845125198364,0.30000000000000004,7.7
11,2,0.0,8.4,6.9,3.0431464943771602,0.30000000000000004,7.7,329.85943603515625,0.8206449151039124,9.073492050170898,6.508953094482422,1,0.7787872552871704,0.30000000000000004,7.7
11,2,0.0,8.4,6.9,3.0431464943771602,0.30000000000000004,7.7,330.35943603515625,0.8325588703155518,9.087234497070312,6.508953094482422,1,0.7907012104988098,0.30000000000000004,7.7
11,2,0.0,8.4,6.9,3.0431464943771602,0.30000000000000004,7.7,330.85943603515625,0.8449051380157471,9.101404190063477,6.508953094482422,1,0.8030474781990051,0.30000000000000004,7.7
11,2,0.0,8.4,6.9,3.0431464943771602,0.30000000000000004,7.7,331.35943603515625,0.8577061891555786,9.1160249710083,6.508953094482422,1,0.8158485293388367,0.30000000000000004,7.7
11,2,0.0,8.4,6.9,3.0431464943771602,0.30000000000000004,7.7,331.85943603515625,0.8709861636161804,9.131119728088379,6.508953094482422,1,0.8291285037994385,0.30000000000000004,7.7
11,2,0.0,8.4,6.9,3.0431464943771602,0.30000000000000004,7.7,332.35943603515625,0.8847708106040955,9.146716117858887,6.508953094482422,1,0.8429131507873535,0.30000000000000004,7.7
11,2,0.0,8.4,6.9,3.0431464943771602,0.30000000000000004,7.7,332.85943603515625,0.8990880250930786,9.162840843200684,6.508953094482422,1,0.8572303652763367,0.30000000000000004,7.7
11,2,0.0,8.4,6.9,3.0431464943771602,0.30000000000000004,7.7,333.35943603515625,0.9139675498008728,9.179524421691895,6.508953094482422,1,0.8721098899841309,0.30000000000000004,7.7
11,2,0.0,8.4,6.9,3.0431464943771602,0.30000000000000004,7.7,333.85943603515625,0.929441511631012,9.196798324584961,6.508953094482422,1,0.88758385181427,0.30000000000000004,7.7
11,2,0.0,8.4,6.9,3.0431464943771602,0.30000000000000004,7.7,334.35943603515625,0.9455445408821106,9.21469783782959,6.508953094482422,1,0.9036868810653687,0.30000000000000004,7.7
11,2,0.0,8.4,6.9,3.0431464943771602,0.30000000000000004,7.7,334.85943603515625,0.9623140692710876,9.233260154724121,6.508953094482422,1,0.9204564094543457,0.30000000000000004,7.7
11,2,0.0,8.4,6.9,3.0431464943771602,0.30000000000000004,7.7,335.35943603515625,0.9797905683517456,9.25252628326416,6.508953094482422,1,0.9379329085350037,0.30000000000000004,7.7
11,2,0.0,8.4,6.9,3.0431464943771602,0.30000000000000004,7.7,335.85943603515625,0.9980177283287048,9.272539138793945,6.508953094482422,1,0.9561600685119629,0.30000000000000004,7.7
11,2,0.0,8.4,6.9,3.0431464943771602,0.30000000000000004,7.7,336.35943603515625,1.017043113708496,9.293347358703613,6.508953094482422,1,0.9751854538917542,0.30000000000000004,7.7
11,2,0.0,8.4,6.9,3.0431464943771602,0.30000000000000004,7.7,336.85943603515625,1.0369184017181396,9.315001487731934,6.508953094482422,1,0.9950606822967529,0.30000000000000004,7.7
11,2,0.0,8.4,6.9,3.0431464943771602,0.30000000000000004,7.7,337.35943603515625,1.0576995611190796,9.33755874633789,6.508953094482422,1,1.0158418416976929,0.30000000000000004,7.7
11,2,0.0,8.4,6.9,3.0431464943771602,0.30000000000000004,7.7,337.85943603515625,1.0794479846954346,9.361080169677734,6.508953094482422,1,1.0375902652740479,0.30000000000000004,7.7
11,2,0.0,8.4,6.9,3.0431464943771602,0.30000000000000004,7.7,338.35943603515625,1.102230429649353,9.38563346862793,6.508953094482422,1,1.0603727102279663,0.30000000000000004,7.7
11,2,0.0,8.4,6.9,3.0431464943771602,0.30000000000000004,7.7,338.85943603515625,1.1261203289031982,9.411290168762207,6.508953094482422,1,1.0842626094818115,0.30000000000000004,7.7
11,2,0.0,8.4,6.9,3.0431464943771602,0.30000000000000004,7.7,339.35943603515625,0.0,,,0,1.1093401908874512,0.30000000000000004,7.7
11,2,0.0,8.4,6.9,3.0431464943771602,0.30000000000000004,7.7,339.85943603515625,1.177551507949829,9.466246604919434,6.508953094482422,1,1.1356937885284424,0.30000000000000004,7.7
11,2,0.0,8.4,6.9,3.0431464943771602,0.30000000000000004,7.7,340.35943603515625,1.2052785158157349,9.495732307434082,6.508953094482422,1,1.1634207963943481,0.30000000000000004,7.7
11,2,0.0,8.4,6.9,3.0431464943771602,0.30000000000000004,7.7,340.85943603515625,1.2344863414764404,9.52669620513916,6.508953094482422,1,1.1926286220550537,0.30000000000000004,7.7
11,2,0.0,8.4,6.9,3.0431464943771602,0.30000000000000004,7.7,341.35943603515625,1.2652939558029175,9.559257507324219,6.508953094482422,1,1.2234362363815308,0.30000000000000004,7.7
11,2,0.0,8.4,6.9,3.0431464943771602,0.30000000000000004,7.7,341.85943603515625,1.2978335618972778,9.593548774719238,6.508953094482422,1,1.2559758424758911,0.30000000000000004,7.7
11,2,0.0,8.4,6.9,3.0431464943771602,0.30000000000000004,7.7,342.35943603515625,1.3322523832321167,9.629715919494629,6.508953094482422,1,1.29039466381073,0.30000000000000004,7.7
11,2,0.0,8.4,6.9,3.0431464943771602,0.30000000000000004,7.7,342.85943603515625,1.368714690208435,9.667923927307129,6.508953094482422,1,1.3268569707870483,0.30000000000000004,7.7
11,2,0.0,8.4,6.9,3.0431464943771602,0.30000000000000004,7.7,343.35943603515625,1.4074045419692993,9.708357810974121,6.508953094482422,1,1.3655468225479126,0.30000000000000004,7.7
11,2,0.0,8.4,6.9,3.0431464943771602,0.30000000000000004,7.7,343.85943603515625,1.4485288858413696,9.75122356414795,6.508953094482422,1,1.406671166419983,0.30000000000000004,7.7
11,2,0.0,8.4,6.9,3.0431464943771602,0.30000000000000004,7.7,344.35943603515625,1.4923208951950073,9.79675579071045,6.508953094482422,1,1.4504631757736206,0.30000000000000004,7.7
11,2,0.0,8.4,6.9,3.0431464943771602,0.30000000000000004,7.7,344.85943603515625,1.5390448570251465,9.845216751098633,6.508953094482422,1,1.4971871376037598,0.30000000000000004,7.7
11,2,0.0,8.4,6.9,3.0431464943771602,0.30000000000000004,7.7,345.35943603515625,1.589000940322876,9.8969087600708,6.508953094482422,1,1.5471432209014893,0.30000000000000004,7.7
11,2,0.0,8.4,6.9,3.0431464943771602,0.30000000000000004,7.7,345.85943603515625,8.704336166381836,16.799999237060547,4.783744812011719,1,8.66247844696045,0.30000000000000004,7.7
11,2,0.0,8.4,6.9,3.0431464943771602,0.30000000000000004,7.7,346.35943603515625,5.991593360900879,14.18191909790039,5.4968743324279785,1,5.949735641479492,0.30000000000000004,7.7
11,2,0.0,8.4,6.9,3.0431464943771602,0.30000000000000004,7.7,346.85943603515625,5.979245662689209,14.18191909790039,5.5501909255981445,1,5.937387943267822,0.30000000000000004,7.7
11,2,0.0,8.4,6.9,3.0431464943771602,0.30000000000000004,7.7,347.35943603515625,5.967399597167969,14.18191909790039,5.603291034698486,1,5.925541877746582,0.30000000000000004,7.7
11,2,0.0,8.4,6.9,3.0431464943771602,0.30000000000000004,7.7,347.85943603515625,5.956049919128418,14.18191909790039,5.656183242797852,1,5.914192199707031,0.30000000000000004,7.7
11,2,0.0,8.4,6.9,3.0431464943771602,0.30000000000000004,7.7,348.35943603515625,5.945192813873291,14.18191909790039,5.7088775634765625,1,5.903335094451904,0.30000000000000004,7.7
11,2,0.0,8.4,6.9,3.0431464943771602,0.30000000000000004,7.7,348.85943603515625,5.934823036193848,14.18191909790039,5.761382579803467,1,5.892965316772461,0.30000000000000004,7.7
11,2,0.0,8.4,6.9,3.0431464943771602,0.30000000000000004,7.7,349.35943603515625,0.0,,,0,5.883079528808594,0.30000000000000004,7.7
11,2,0.0,8.4,6.9,3.0431464943771602,0.30000000000000004,7.7,349.85943603515625,2.2629146575927734,10.586360931396484,6.508953094482422,1,2.2210569381713867,0.30000000000000004,7.7
11,2,0.0,8.4,6.9,3.0431464943771602,0.30000000000000004,7.7,350.35943603515625,2.3769328594207764,10.702098846435547,6.508953094482422,1,2.3350751399993896,0.30000000000000004,7.7
11,2,0.0,8.4,6.9,3.0431464943771602,0.30000000000000004,7.7,350.85943603515625,2.503488540649414,10.830371856689453,6.508953094482422,1,2.4616308212280273,0.30000000000000004,7.7
11,2,0.0,8.4,6.9,3.0431464943771602,0.30000000000000004,7.7,351.35943603515625,2.6447579860687256,10.973358154296875,6.508953094482422,1,2.602900266647339,0.30000000000000004,7.7
11,2,0.0,8.4,6.9,3.0431464943771602,0.30000000000000004,7.7,351.85943603515625,2.803452253341675,11.133768081665039,6.508953094482422,1,2.761594533920288,0.30000000000000004,7.7
11,2,0.0,8.4,6.9,3.0431464943771602,0.30000000000000004,7.7,352.35943603515625,2.982991933822632,11.315021514892578,6.508953094482422,1,2.941134214401245,0.30000000000000004,7.7
11,2,0.0,8.4,6.9,3.0431464943771602,0.30000000000000004,7.7,352.85943603515625,3.187755823135376,11.521499633789062,6.508953094482422,1,3.1458981037139893,0.30000000000000004,7.7
11,2,0.0,8.4,6.9,3.0431464943771602,0.30000000000000004,7.7,353.35943603515625,3.4234418869018555,11.75889778137207,6.508953094482422,1,3.3815841674804688,0.30000000000000004,7.7
11,2,0.0,8.4,6.9,3.0431464943771602,0.30000000000000004,7.7,353.85943603515625,3.697603225708008,12.034770965576172,6.508953094482422,1,3.655745506286621,0.30000000000000004,7.7
