scenario_id,scan_id,t,pose_x,pose_y,pose_yaw,goal_x,goal_y,theta_deg,r_m,hit_x,hit_y,valid,noise_free_r_m,final_goal_x,final_goal_y
3,0,0.0,3.8000000000000003,4.4,0.9803427477630833,10.100000000000001,13.8,236.16949462890625,12.0,,,0,12.0,15.100000000000001,0.30000000000000004
3,0,0.0,3.8000000000000003,4.4,0.9803427477630833,10.100000000000001,13.8,236.66949462890625,11.967371940612793,-2.776461124420166,-5.600101470947266,1,11.96878719329834,15.100000000000001,0.30000000000000004
3,0,0.0,3.8000000000000003,4.4,0.9803427477630833,10.100000000000001,13.8,237.16949462890625,11.899526596069336,-2.6521618366241455,-5.600101470947266,1,11.900941848754883,15.100000000000001,0.30000000000000004
3,0,0.0,3.8000000000000003,4.4,0.9803427477630833,10.100000000000001,13.8,237.66949462890625,11.833342552185059,-2.52925443649292,-5.600101470947266,1,11.834757804870605,15.100000000000001,0.30000000000000004
3,0,0.0,3.8000000000000003,4.4,0.9803427477630833,10.100000000000001,13.8,238.16949462890625,11.768781661987305,-2.4076972007751465,-5.600101470947266,1,11.770196914672852,15.100000000000001,0.30000000000000004
3,0,0.0,3.8000000000000003,4.4,0.9803427477630833,10.100000000000001,13.8,238.66949462890625,11.70580768585205,-2.287450075149536,-5.600101470947266,1,11.707222938537598,15.100000000000001,0.30000000000000004
3,0,0.0,3.8000000000000003,4.4,0.9803427477630833,10.100000000000001,13.8,239.16949462890625,11.644386291503906,-2.168473482131958,-5.600101470947266,1,11.645801544189453,15.100000000000001,0.30000000000000004
3,0,0.0,3.8000000000000003,4.4,0.9803427477630833,10.100000000000001,13.8,239.66949462890625,11.584484100341797,-2.0507302284240723,-5.600101470947266,1,11.585899353027344,15.100000000000001,0.30000000000000004
3,0,0.0,3.8000000000000003,4.4,0.9803427477630833,10.100000000000001,13.8,240.16949462890625,11.526068687438965,-1.9341830015182495,-5.600101470947266,1,11.527483940124512,15.100000000000001,0.30000000000000004
3,0,0.0,3.8000000000000003,4.4,0.9803427477630833,10.100000000000001,13.8,240.66949462890625,11.469107627868652,-1.8187963962554932,-5.600101470947266,1,11.4705228805542,15.100000000000001,0.30000000000000004
3,0,0.0,3.8000000000000003,4.4,0.9803427477630833,10.100000000000001,13.8,241.16949462890625,11.413572311401367,-1.704535961151123,-5.600101470947266,1,11.414987564086914,15.100000000000001,0.30000000000000004
3,0,0.0,3.8000000000000003,4.4,0.9803427477630833,10.100000000000001,13.8,241.66949462890625,11.3594331741333,-1.5913679599761963,-5.600101470947266,1,11.360848426818848,15.100000000000001,0.30000000000000004
3,0,0.0,3.8000000000000003,4.4,0.9803427477630833,10.100000000000001,13.8,242.16949462890625,0.0,,,0,11.308076858520508,15.100000000000001,0.30000000000000004
3,0,0.0,3.8000000000000003,4.4,0.9803427477630833,10.100000000000001,13.8,242.66949462890625,11.255231857299805,-1.3681800365447998,-5.600101470947266,1,11.256647109985352,15.100000000000001,0.30000000000000004
3,0,0.0,3.8000000000000003,4.4,0.9803427477630833,10.100000000000001,13.8,243.16949462890625,11.205117225646973,-1.2580976486206055,-5.600101470947266,1,11.20653247833252,15.100000000000001,0.30000000000000004
3,0,0.0,3.8000000000000003,4.4,0.9803427477630833,10.100000000000001,13.8,243.66949462890625,11.156292915344238,-1.1489827632904053,-5.600101470947266,1,11.157708168029785,15.100000000000001,0.30000000000000004
3,0,0.0,3.8000000000000003,4.4,0.9803427477630833,10.100000000000001,13.8,244.16949462890625,11.108735084533691,-1.0408064126968384,-5.600101470947266,1,11.110150337219238,15.100000000000001,0.30000000000000004
3,0,0.0,3.8000000000000003,4.4,0.9803427477630833,10.100000000000001,13.8,244.66949462890625,11.062418937683105,-0.9335402250289917,-5.600101470947266,1,11.063834190368652,15.100000000000001,0.30000000000000004
3,0,0.0,3.8000000000000003,4.4,0.9803427477630833,10.100000000000001,13.8,245.16949462890625,11.01732349395752,-0.8271565437316895,-5.600101470947266,1,11.018738746643066,15.100000000000001,0.30000000000000004
3,0,0.0,3.8000000000000003,4.4,0.9803427477630833,10.100000000000001,13.8,245.66949462890625,10.973426818847656,-0.7216285467147827,-5.600101470947266,1,10.974842071533203,15.100000000000001,0.30000000000000004
3,0,0.0,3.8000000000000003,4.4,0.9803427477630833,10.100000000000001,13.8,246.16949462890625,10.930706977844238,-0.6169301271438599,-5.600101470947266,1,10.932122230529785,15.100000000000001,0.30000000000000004
3,0,0.0,3.8000000000000003,4.4,0.9803427477630833,10.100000000000001,13.8,246.66949462890625,10.889144897460938,-0.5130357146263123,-5.600101470947266,1,10.890560150146484,15.100000000000001,0.30000000000000004
3,0,0.0,3.8000000000000003,4.4,0.9803427477630833,10.100000000000001,13.8,247.16949462890625,0.0,,,0,10.850135803222656,15.100000000000001,0.30000000000000004
3,0,0.0,3.8000000000000003,4.4,0.9803427477630833,10.100000000000001,13.8,247.66949462890625,0.0,,,0,10.810831069946289,15.100000000000001,0.30000000000000004
3,0,0.0,3.8000000000000003,4.4,0.9803427477630833,10.100000000000001,13.8,248.16949462890625,10.771212577819824,-0.20593097805976868,-5.600101470947266,1,10.772627830505371,15.100000000000001,0.30000000000000004
3,0,0.0,3.8000000000000003,4.4,0.9803427477630833,10.100000000000001,13.8,248.66949462890625,10.734092712402344,-0.10500994324684143,-5.600101470947266,1,10.73550796508789,15.100000000000001,0.30000000000000004
3,0,0.0,3.8000000000000003,4.4,0.9803427477630833,10.100000000000001,13.8,249.16949462890625,10.698040008544922,-0.004774412140250206,-5.600101470947266,1,10.699455261230469,15.100000000000001,0.30000000000000004
3,0,0.0,3.8000000000000003,4.4,0.9803427477630833,10.100000000000001,13.8,249.66949462890625,0.0,,,0,10.66445255279541,15.100000000000001,0.30000000000000004
3,0,0.0,3.8000000000000003,4.4,0.9803427477630833,10.100000000000001,13.8,250.16949462890625,10.629070281982422,0.19372794032096863,-5.600101470947266,1,10.630485534667969,15.100000000000001,0.30000000000000004
3,0,0.0,3.8000000000000003,4.4,0.9803427477630833,10.100000000000001,13.8,250.66949462890625,10.596123695373535,0.2920374572277069,-5.600101470947266,1,10.597538948059082,15.100000000000001,0.30000000000000004
3,0,0.0,3.8000000000000003,4.4,0.9803427477630833,10.100000000000001,13.8,251.16949462890625,10.56418228149414,0.38974690437316895,-5.600101470947266,1,10.565597534179688,15.100000000000001,0.30000000000000004
3,0,0.0,3.8000000000000003,4.4,0.9803427477630833,10.100000000000001,13.8,251.66949462890625,10.533232688903809,0.4868764877319336,-5.600101470947266,1,10.534647941589355,15.100000000000001,0.30000000000000004
3,0,0.0,3.8000000000000003,4.4,0.9803427477630833,10.100000000000001,13.8,252.16949462890625,10.50326156616211,0.5834460258483887,-5.600101470947266,1,10.504676818847656,15.100000000000001,0.30000000000000004
3,0,0.0,3.8000000000000003,4.4,0.9803427477630833,10.100000000000001,13.8,252.66949462890625,0.0,,,0,10.475671768188477,15.100000000000001,0.30000000000000004
3,0,0.0,3.8000000000000003,4.4,0.9803427477630833,10.100000000000001,13.8,253.16949462890625,0.0,,,0,10.447619438171387,15.100000000000001,0.30000000000000004
3,0,0.0,3.8000000000000003,4.4,0.9803427477630833,10.100000000000001,13.8,253.66949462890625,10.419093132019043,0.8699867129325867,-5.600101470947266,1,10.42050838470459,15.100000000000001,0.30000000000000004
3,0,0.0,3.8000000000000003,4.4,0.9803427477630833,10.100000000000001,13.8,254.16949462890625,10.392912864685059,0.9645065069198608,-5.600101470947266,1,10.394328117370605,15.100000000000001,0.30000000000000004
3,0,0.0,3.8000000000000003,4.4,0.9803427477630833,10.100000000000001,13.8,254.66949462890625,10.367650032043457,1.0585596561431885,-5.600101470947266,1,10.369065284729004,15.100000000000001,0.30000000000000004
3,0,0.0,3.8000000000000003,4.4,0.9803427477630833,10.100000000000001,13.8,255.16949462890625,10.34329605102539,1.1521638631820679,-5.600101470947266,1,10.344711303710938,15.100000000000001,0.30000000000000004
3,0,0.0,3.8000000000000003,4.4,0.9803427477630833,10.100000000000001,13.8,255.66949462890625,0.0,,,0,10.321256637573242,15.100000000000001,0.30000000000000004
3,0,0.0,3.8000000000000003,4.4,0.9803427477630833,10.100000000000001,13.8,256.16949462890625,10.297274589538574,1.338094711303711,-5.600101470947266,1,10.298689842224121,15.100000000000001,0.30000000000000004
3,0,0.0,3.8000000000000003,4.4,0.9803427477630833,10.100000000000001,13.8,256.66949462890625,10.27558708190918,1.4304550886154175,-5.600101470947266,1,10.277002334594727,15.100000000000001,0.30000000000000004
3,0,0.0,3.8000000000000003,4.4,0.9803427477630833,10.100000000000001,13.8,257.16949462890625,0.0,,,0,10.256184577941895,15.100000000000001,0.30000000000000004
3,0,0.0,3.8000000000000003,4.4,0.9803427477630833,10.100000000000001,13.8,257.66949462890625,10.234814643859863,1.6140486001968384,-5.600101470947266,1,10.23622989654541,15.100000000000001,0.30000000000000004
3,0,0.0,3.8000000000000003,4.4,0.9803427477630833,10.100000000000001,13.8,258.16949462890625,10.215714454650879,1.705314040184021,-5.600101470947266,1,10.217129707336426,15.100000000000001,0.30000000000000004
3,0,0.0,3.8000000000000003,4.4,0.9803427477630833,10.100000000000001,13.8,258.66949462890625,10.197460174560547,1.7962465286254883,-5.600101470947266,1,10.198875427246094,15.100000000000001,0.30000000000000004
3,0,0.0,3.8000000000000003,4.4,0.9803427477630833,10.100000000000001,13.8,259.16949462890625,10.180044174194336,1.8868614435195923,-5.600101470947266,1,10.181459426879883,15.100000000000001,0.30000000000000004
3,0,0.0,3.8000000000000003,4.4,0.9803427477630833,10.100000000000001,13.8,259.66949462890625,10.163461685180664,1.9771742820739746,-5.600101470947266,1,10.164876937866211,15.100000000000001,0.30000000000000004
3,0,0.0,3.8000000000000003,4.4,0.9803427477630833,10.100000000000001,13.8,260.16949462890625,0.0,,,0,10.14911937713623,15.100000000000001,0.30000000000000004
3,0,0.0,3.8000000000000003,4.4,0.9803427477630833,10.100000000000001,13.8,260.66949462890625,10.132765769958496,2.156954526901245,-5.600101470947266,1,10.134181022644043,15.100000000000001,0.30000000000000004
3,0,0.0,3.8000000000000003,4.4,0.9803427477630833,10.100000000000001,13.8,261.16949462890625,10.118640899658203,2.2464516162872314,-5.600101470947266,1,10.12005615234375,15.100000000000001,0.30000000000000004
3,0,0.0,3.8000000000000003,4.4,0.9803427477630833,10.100000000000001,13.8,261.66949462890625,10.105323791503906,2.3357062339782715,-5.600101470947266,1,10.106739044189453,15.100000000000001,0.30000000000000004
3,0,0.0,3.8000000000000003,4.4,0.9803427477630833,10.100000000000001,13.8,262.16949462890625,12.0,,,0,12.0,15.100000000000001,0.30000000000000004
3,0,0.0,3.8000000000000003,4.4,0.9803427477630833,10.100000000000001,13.8,262.66949462890625,12.0,,,0,12.0,15.100000000000001,0.30000000000000004
3,0,0.0,3.8000000000000003,4.4,0.9803427477630833,10.100000000000001,13.8,263.16949462890625,12.0,,,0,12.0,15.100000000000001,0.30000000000000004
3,0,0.0,3.8000000000000003,4.4,0.9803427477630833,10.100000000000001,13.8,263.66949462890625,0.0,,,0,12.0,15.100000000000001,0.30000000000000004
3,0,0.0,3.8000000000000003,4.4,0.9803427477630833,10.100000000000001,13.8,264.16949462890625,12.0,,,0,12.0,15.100000000000001,0.30000000000000004
3,0,0.0,3.8000000000000003,4.4,0.9803427477630833,10.100000000000001,13.8,264.66949462890625,12.0,,,0,12.0,15.100000000000001,0.30000000000000004
3,0,0.0,3.8000000000000003,4.4,0.9803427477630833,10.100000000000001,13.8,265.16949462890625,12.0,,,0,12.0,15.100000000000001,0.30000000000000004
3,0,0.0,3.8000000000000003,4.4,0.9803427477630833,10.100000000000001,13.8,265.66949462890625,10.02731704711914,3.0427353382110596,-5.600101470947266,1,10.028732299804688,15.100000000000001,0.30000000000000004
3,0,0.0,3.8000000000000003,4.4,0.9803427477630833,10.100000000000001,13.8,266.16949462890625,10.021076202392578,3.1304473876953125,-5.600101470947266,1,10.022491455078125,15.100000000000001,0.30000000000000004
3,0,0.0,3.8000000000000003,4.4,0.9803427477630833,10.100000000000001,13.8,266.66949462890625,10.015604019165039,3.2180569171905518,-5.600101470947266,1,10.017019271850586,15.100000000000001,0.30000000000000004
3,0,0.0,3.8000000000000003,4.4,0.9803427477630833,10.100000000000001,13.8,267.16949462890625,0.0,,,0,10.012316703796387,15.100000000000001,0.30000000000000004
3,0,0.0,3.8000000000000003,4.4,0.9803427477630833,10.100000000000001,13.8,267.66949462890625,10.006963729858398,3.3930227756500244,-5.600101470947266,1,10.008378982543945,15.100000000000001,0.30000000000000004
3,0,0.0,3.8000000000000003,4.4,0.9803427477630833,10.100000000000001,13.8,268.16949462890625,10.003791809082031,3.480405807495117,-5.600101470947266,1,10.005207061767578,15.100000000000001,0.30000000000000004
3,0,0.0,3.8000000000000003,4.4,0.9803427477630833,10.100000000000001,13.8,268.66949462890625,10.001382827758789,3.5677402019500732,-5.600101470947266,1,10.002798080444336,15.100000000000001,0.30000000000000004
3,0,0.0,3.8000000000000003,4.4,0.9803427477630833,10.100000000000001,13.8,269.16949462890625,9.999736785888672,3.655039072036743,-5.600101470947266,1,10.001152038574219,15.100000000000001,0.30000000000000004
3,0,0.0,3.8000000000000003,4.4,0.9803427477630833,10.100000000000001,13.8,269.66949462890625,9.998852729797363,3.7423160076141357,-5.600101470947266,1,10.00026798248291,15.100000000000001,0.30000000000000004
3,0,0.0,3.8000000000000003,4.4,0.9803427477630833,10.100000000000001,13.8,270.16949462890625,9.998729705810547,3.8295841217041016,-5.600101470947266,1,10.000144958496094,15.100000000000001,0.30000000000000004
3,0,0.0,3.8000000000000003,4.4,0.9803427477630833,10.100000000000001,13.8,270.66949462890625,9.999368667602539,3.916856527328491,-5.600101470947266,1,10.000783920288086,15.100000000000001,0.30000000000000004
3,0,0.0,3.8000000000000003,4.4,0.9803427477630833,10.100000000000001,13.8,271.16949462890625,10.00076961517334,4.004147052764893,-5.600101470947266,1,10.002184867858887,15.100000000000001,0.30000000000000004
3,0,0.0,3.8000000000000003,4.4,0.9803427477630833,10.100000000000001,13.8,271.66949462890625,0.0,,,0,10.004347801208496,15.100000000000001,0.30000000000000004
3,0,0.0,3.8000000000000003,4.4,0.9803427477630833,10.100000000000001,13.8,272.16949462890625,10.005859375,4.178834438323975,-5.600101470947266,1,10.007274627685547,15.100000000000001,0.30000000000000004
3,0,0.0,3.8000000000000003,4.4,0.9803427477630833,10.100000000000001,13.8,272.66949462890625,10.009550094604492,4.266258239746094,-5.600101470947266,1,10.010965347290039,15.100000000000001,0.30000000000000004
3,0,0.0,3.8000000000000003,4.4,0.9803427477630833,10.100000000000001,13.8,273.16949462890625,10.014006614685059,4.353753089904785,-5.600101470947266,1,10.015421867370605,15.100000000000001,0.30000000000000004
3,0,0.0,3.8000000000000003,4.4,0.9803427477630833,10.100000000000001,13.8,273.66949462890625,10.019229888916016,4.4413323402404785,-5.600101470947266,1,10.020645141601562,15.100000000000001,0.30000000000000004
3,0,0.0,3.8000000000000003,4.4,0.9803427477630833,10.100000000000001,13.8,274.16949462890625,10.025223731994629,4.52901029586792,-5.600101470947266,1,10.026638984680176,15.100000000000001,0.30000000000000004
3,0,0.0,3.8000000000000003,4.4,0.9803427477630833,10.100000000000001,13.8,274.66949462890625,10.031988143920898,4.616799354553223,-5.600101470947266,1,10.033403396606445,15.100000000000001,0.30000000000000004
3,0,0.0,3.8000000000000003,4.4,0.9803427477630833,10.100000000000001,13.8,275.16949462890625,10.039527893066406,4.704713821411133,-5.600101470947266,1,10.040943145751953,15.100000000000001,0.30000000000000004
3,0,0.0,3.8000000000000003,4.4,0.9803427477630833,10.100000000000001,13.8,275.66949462890625,10.047843933105469,4.79276704788208,-5.600101470947266,1,10.049259185791016,15.100000000000001,0.30000000000000004
3,0,0.0,3.8000000000000003,4.4,0.9803427477630833,10.100000000000001,13.8,276.16949462890625,10.056941032409668,4.8809733390808105,-5.600101470947266,1,10.058356285095215,15.100000000000001,0.30000000000000004
3,0,0.0,3.8000000000000003,4.4,0.9803427477630833,10.100000000000001,13.8,276.66949462890625,10.066822052001953,4.969346046447754,-5.600101470947266,1,10.0682373046875,15.100000000000001,0.30000000000000004
3,0,0.0,3.8000000000000003,4.4,0.9803427477630833,10.100000000000001,13.8,277.16949462890625,0.0,,,0,10.07890510559082,15.100000000000001,0.30000000000000004
3,0,0.0,3.8000000000000003,4.4,0.9803427477630833,10.100000000000001,13.8,277.66949462890625,10.088950157165527,5.146646976470947,-5.600101470947266,1,10.090365409851074,15.100000000000001,0.30000000000000004
3,0,0.0,3.8000000000000003,4.4,0.9803427477630833,10.100000000000001,13.8,278.16949462890625,0.0,,,0,10.102622985839844,15.100000000000001,0.30000000000000004
3,0,0.0,3.8000000000000003,4.4,0.9803427477630833,10.100000000000001,13.8,278.66949462890625,10.114265441894531,5.3247833251953125,-5.600101470947266,1,10.115680694580078,15.100000000000001,0.30000000000000004
3,0,0.0,3.8000000000000003,4.4,0.9803427477630833,10.100000000000001,13.8,279.16949462890625,0.0,,,0,10.129544258117676,15.100000000000001,0.30000000000000004
3,0,0.0,3.8000000000000003,4.4,0.9803427477630833,10.100000000000001,13.8,279.66949462890625,10.142805099487305,5.503870487213135,-5.600101470947266,1,10.144220352172852,15.100000000000001,0.30000000000000004
3,0,0.0,3.8000000000000003,4.4,0.9803427477630833,10.100000000000001,13.8,280.16949462890625,10.158297538757324,5.593807220458984,-5.600101470947266,1,10.159712791442871,15.100000000000001,0.30000000000000004
3,0,0.0,3.8000000000000003,4.4,0.9803427477630833,10.100000000000001,13.8,280.66949462890625,10.174614906311035,5.68402624130249,-5.600101470947266,1,10.176030158996582,15.100000000000001,0.30000000000000004
3,0,0.0,3.8000000000000003,4.4,0.9803427477630833,10.100000000000001,13.8,281.16949462890625,10.191761016845703,5.774542331695557,-5.600101470947266,1,10.19317626953125,15.100000000000001,0.30000000000000004
3,0,0.0,3.8000000000000003,4.4,0.9803427477630833,10.100000000000001,13.8,281.66949462890625,10.209744453430176,5.865370750427246,-5.600101470947266,1,10.211159706115723,15.100000000000001,0.30000000000000004
3,0,0.0,3.8000000000000003,4.4,0.9803427477630833,10.100000000000001,13.8,282.16949462890625,10.228571891784668,5.956527233123779,-5.600101470947266,1,10.229987144470215,15.100000000000001,0.30000000000000004
3,0,0.0,3.8000000000000003,4.4,0.9803427477630833,10.100000000000001,13.8,282.66949462890625,10.248250961303711,6.048027515411377,-5.600101470947266,1,10.249666213989258,15.100000000000001,0.30000000000000004
3,0,0.0,3.8000000000000003,4.4,0.9803427477630833,10.100000000000001,13.8,283.16949462890625,10.268789291381836,6.13988733291626,-5.600101470947266,1,10.270204544067383,15.100000000000001,0.30000000000000004
3,0,0.0,3.8000000000000003,4.4,0.9803427477630833,10.100000000000001,13.8,283.66949462890625,10.29019546508789,6.232123374938965,-5.600101470947266,1,10.291610717773438,15.100000000000001,0.30000000000000004
3,0,0.0,3.8000000000000003,4.4,0.9803427477630833,10.100000000000001,13.8,284.16949462890625,10.312478065490723,6.324751377105713,-5.600101470947266,1,10.31389331817627,15.100000000000001,0.30000000000000004
3,0,0.0,3.8000000000000003,4.4,0.9803427477630833,10.100000000000001,13.8,284.66949462890625,10.335646629333496,6.417788982391357,-5.600101470947266,1,10.337061882019043,15.100000000000001,0.30000000000000004
3,0,0.0,3.8000000000000003,4.4,0.9803427477630833,10.100000000000001,13.8,285.16949462890625,0.0,,,0,10.361124992370605,15.100000000000001,0.30000000000000004
3,0,0.0,3.8000000000000003,4.4,0.9803427477630833,10.100000000000001,13.8,285.66949462890625,10.384678840637207,6.605158805847168,-5.600101470947266,1,10.386094093322754,15.100000000000001,0.30000000000000004
3,0,0.0,3.8000000000000003,4.4,0.9803427477630833,10.100000000000001,13.8,286.16949462890625,10.410562515258789,6.699526786804199,-5.600101470947266,1,10.411977767944336,15.100000000000001,0.30000000000000004
3,0,0.0,3.8000000000000003,4.4,0.9803427477630833,10.100000000000001,13.8,286.66949462890625,10.437373161315918,6.794373035430908,-5.600101470947266,1,10.438788414001465,15.100000000000001,0.30000000000000004
3,0,0.0,3.8000000000000003,4.4,0.9803427477630833,10.100000000000001,13.8,287.16949462890625,10.465120315551758,6.889716148376465,-5.600101470947266,1,10.466535568237305,15.100000000000001,0.30000000000000004
3,0,0.0,3.8000000000000003,4.4,0.9803427477630833,10.100000000000001,13.8,287.66949462890625,10.493817329406738,6.985575199127197,-5.600101470947266,1,10.495232582092285,15.100000000000001,0.30000000000000004
3,0,0.0,3.8000000000000003,4.4,0.9803427477630833,10.100000000000001,13.8,288.16949462890625,10.523476600646973,7.081968784332275,-5.600101470947266,1,10.52489185333252,15.100000000000001,0.30000000000000004
3,0,0.0,3.8000000000000003,4.4,0.9803427477630833,10.100000000000001,13.8,288.66949462890625,10.554109573364258,7.178915977478027,-5.600101470947266,1,10.555524826049805,15.100000000000001,0.30000000000000004
3,0,0.0,3.8000000000000003,4.4,0.9803427477630833,10.100000000000001,13.8,289.16949462890625,10.585729598999023,7.2764363288879395,-5.600101470947266,1,10.58714485168457,15.100000000000001,0.30000000000000004
3,0,0.0,3.8000000000000003,4.4,0.9803427477630833,10.100000000000001,13.8,289.66949462890625,10.618350982666016,7.3745503425598145,-5.600101470947266,1,10.619766235351562,15.100000000000001,0.30000000000000004
3,0,0.0,3.8000000000000003,4.4,0.9803427477630833,10.100000000000001,13.8,290.16949462890625,0.0,,,0,10.653403282165527,15.100000000000001,0.30000000000000004
3,0,0.0,3.8000000000000003,4.4,0.9803427477630833,10.100000000000001,13.8,290.66949462890625,0.0,,,0,10.688070297241211,15.100000000000001,0.30000000000000004
3,0,0.0,3.8000000000000003,4.4,0.9803427477630833,10.100000000000001,13.8,291.16949462890625,10.521162033081055,7.599999904632568,-5.412473678588867,1,10.522577285766602,15.100000000000001,0.30000000000000004
3,0,0.0,3.8000000000000003,4.4,0.9803427477630833,10.100000000000001,13.8,291.66949462890625,10.289655685424805,7.599999904632568,-5.163793563842773,1,10.291070938110352,15.100000000000001,0.30000000000000004
3,0,0.0,3.8000000000000003,4.4,0.9803427477630833,10.100000000000001,13.8,292.16949462890625,10.068867683410645,7.599999904632568,-4.925802707672119,1,10.070282936096191,15.100000000000001,0.30000000000000004
3,0,0.0,3.8000000000000003,4.4,0.9803427477630833,10.100000000000001,13.8,292.66949462890625,9.858088493347168,7.599999904632568,-4.697792053222656,1,9.859503746032715,15.100000000000001,0.30000000000000004
3,0,0.0,3.8000000000000003,4.4,0.9803427477630833,10.100000000000001,13.8,293.16949462890625,9.656673431396484,7.599999904632568,-4.479114055633545,1,9.658088684082031,15.100000000000001,0.30000000000000004
3,0,0.0,3.8000000000000003,4.4,0.9803427477630833,10.100000000000001,13.8,293.66949462890625,0.0,,,0,9.46544361114502,15.100000000000001,0.30000000000000004
3,0,0.0,3.8000000000000003,4.4,0.9803427477630833,10.100000000000001,13.8,294.16949462890625,9.279611587524414,7.599999904632568,-4.067435264587402,1,9.281026840209961,15.100000000000001,0.30000000000000004
3,0,0.0,3.8000000000000003,4.4,0.9803427477630833,10.100000000000001,13.8,294.66949462890625,9.102923393249512,7.599999904632568,-3.873389959335327,1,9.104338645935059,15.100000000000001,0.30000000000000004
3,0,0.0,3.8000000000000003,4.4,0.9803427477630833,10.100000000000001,13.8,295.16949462890625,8.933505058288574,7.599999904632568,-3.6865811347961426,1,8.934920310974121,15.100000000000001,0.30000000000000004
3,0,0.0,3.8000000000000003,4.4,0.9803427477630833,10.100000000000001,13.8,295.66949462890625,8.7709321975708,7.599999904632568,-3.506584405899048,1,8.772347450256348,15.100000000000001,0.30000000000000004
3,0,0.0,3.8000000000000003,4.4,0.9803427477630833,10.100000000000001,13.8,296.16949462890625,8.614813804626465,7.599999904632568,-3.333007574081421,1,8.616229057312012,15.100000000000001,0.30000000000000004
3,0,0.0,3.8000000000000003,4.4,0.9803427477630833,10.100000000000001,13.8,296.66949462890625,8.464789390563965,7.599999904632568,-3.1654887199401855,1,8.466204643249512,15.100000000000001,0.30000000000000004
3,0,0.0,3.8000000000000003,4.4,0.9803427477630833,10.100000000000001,13.8,297.16949462890625,8.32052230834961,7.599999904632568,-3.0036911964416504,1,8.321937561035156,15.100000000000001,0.30000000000000004
3,0,0.0,3.8000000000000003,4.4,0.9803427477630833,10.100000000000001,13.8,297.66949462890625,8.181702613830566,7.599999904632568,-2.847303867340088,1,8.183117866516113,15.100000000000001,0.30000000000000004
3,0,0.0,3.8000000000000003,4.4,0.9803427477630833,10.100000000000001,13.8,298.16949462890625,8.048040390014648,7.599999904632568,-2.6960370540618896,1,8.049455642700195,15.100000000000001,0.30000000000000004
3,0,0.0,3.8000000000000003,4.4,0.9803427477630833,10.100000000000001,13.8,298.66949462890625,7.91926908493042,7.599999904632568,-2.54962158203125,1,7.920684337615967,15.100000000000001,0.30000000000000004
3,0,0.0,3.8000000000000003,4.4,0.9803427477630833,10.100000000000001,13.8,299.16949462890625,0.0,,,0,7.7965521812438965,15.100000000000001,0.30000000000000004
3,0,0.0,3.8000000000000003,4.4,0.9803427477630833,10.100000000000001,13.8,299.66949462890625,0.0,,,0,7.676826000213623,15.100000000000001,0.30000000000000004
3,0,0.0,3.8000000000000003,4.4,0.9803427477630833,10.100000000000001,13.8,300.16949462890625,0.0,,,0,7.561288833618164,15.100000000000001,0.30000000000000004
3,0,0.0,3.8000000000000003,4.4,0.9803427477630833,10.100000000000001,13.8,300.66949462890625,7.448321342468262,7.599999904632568,-2.0076963901519775,1,7.449736595153809,15.100000000000001,0.30000000000000004
3,0,0.0,3.8000000000000003,4.4,0.9803427477630833,10.100000000000001,13.8,301.16949462890625,0.0,,,0,7.341979026794434,15.100000000000001,0.30000000000000004
3,0,0.0,3.8000000000000003,4.4,0.9803427477630833,10.100000000000001,13.8,301.66949462890625,7.236422061920166,7.599999904632568,-1.7600561380386353,1,7.237837314605713,15.100000000000001,0.30000000000000004
3,0,0.0,3.8000000000000003,4.4,0.9803427477630833,10.100000000000001,13.8,302.16949462890625,7.135729789733887,7.599999904632568,-1.641426920890808,1,7.137145042419434,15.100000000000001,0.30000000000000004
3,0,0.0,3.8000000000000003,4.4,0.9803427477630833,10.100000000000001,13.8,302.66949462890625,7.038329124450684,7.599999904632568,-1.526044487953186,1,7.0397443771362305,15.100000000000001,0.30000000000000004
3,0,0.0,3.8000000000000003,4.4,0.9803427477630833,10.100000000000001,13.8,303.16949462890625,6.94407320022583,7.599999904632568,-1.4137604236602783,1,6.945488452911377,15.100000000000001,0.30000000000000004
3,0,0.0,3.8000000000000003,4.4,0.9803427477630833,10.100000000000001,13.8,303.66949462890625,6.852822780609131,7.599999904632568,-1.3044352531433105,1,6.854238033294678,15.100000000000001,0.30000000000000004
3,0,0.0,3.8000000000000003,4.4,0.9803427477630833,10.100000000000001,13.8,304.16949462890625,6.7644476890563965,7.599999904632568,-1.1979374885559082,1,6.765862941741943,15.100000000000001,0.30000000000000004
3,0,0.0,3.8000000000000003,4.4,0.9803427477630833,10.100000000000001,13.8,304.66949462890625,6.6788249015808105,7.599999904632568,-1.0941431522369385,1,6.680240154266357,15.100000000000001,0.30000000000000004
3,0,0.0,3.8000000000000003,4.4,0.9803427477630833,10.100000000000001,13.8,305.16949462890625,6.5958380699157715,7.599999904632568,-0.9929354786872864,1,6.597253322601318,15.100000000000001,0.30000000000000004
3,0,0.0,3.8000000000000003,4.4,0.9803427477630833,10.100000000000001,13.8,305.66949462890625,6.515377998352051,7.599999904632568,-0.8942040205001831,1,6.516793251037598,15.100000000000001,0.30000000000000004
3,0,0.0,3.8000000000000003,4.4,0.9803427477630833,10.100000000000001,13.8,306.16949462890625,6.437341690063477,7.599999904632568,-0.7978445887565613,1,6.438756942749023,15.100000000000001,0.30000000000000004
3,0,0.0,3.8000000000000003,4.4,0.9803427477630833,10.100000000000001,13.8,306.66949462890625,6.361630439758301,7.599999904632568,-0.7037585377693176,1,6.363045692443848,15.100000000000001,0.30000000000000004
3,0,0.0,3.8000000000000003,4.4,0.9803427477630833,10.100000000000001,13.8,307.16949462890625,6.288152694702148,7.599999904632568,-0.6118524670600891,1,6.289567947387695,15.100000000000001,0.30000000000000004
3,0,0.0,3.8000000000000003,4.4,0.9803427477630833,10.100000000000001,13.8,307.66949462890625,6.21682071685791,7.599999904632568,-0.5220380425453186,1,6.218235969543457,15.100000000000001,0.30000000000000004
3,0,0.0,3.8000000000000003,4.4,0.9803427477630833,10.100000000000001,13.8,308.16949462890625,0.0,,,0,6.1489667892456055,15.100000000000001,0.30000000000000004
3,0,0.0,3.8000000000000003,4.4,0.9803427477630833,10.100000000000001,13.8,308.66949462890625,6.08026647567749,7.599999904632568,-0.34835290908813477,1,6.081681728363037,15.100000000000001,0.30000000000000004
3,0,0.0,3.8000000000000003,4.4,0.9803427477630833,10.100000000000001,13.8,309.16949462890625,6.014891624450684,7.599999904632568,-0.2643272280693054,1,6.0163068771362305,15.100000000000001,0.30000000000000004
3,0,0.0,3.8000000000000003,4.4,0.9803427477630833,10.100000000000001,13.8,309.66949462890625,5.951355457305908,7.599999904632568,-0.1820826232433319,1,5.952770709991455,15.100000000000001,0.30000000000000004
3,0,0.0,3.8000000000000003,4.4,0.9803427477630833,10.100000000000001,13.8,310.16949462890625,5.889591693878174,7.599999904632568,-0.10155091434717178,1,5.891006946563721,15.100000000000001,0.30000000000000004
3,0,0.0,3.8000000000000003,4.4,0.9803427477630833,10.100000000000001,13.8,310.66949462890625,5.829535484313965,7.599999904632568,-0.022667234763503075,1,5.830950736999512,15.100000000000001,0.30000000000000004
3,0,0.0,3.8000000000000003,4.4,0.9803427477630833,10.100000000000001,13.8,311.16949462890625,5.771126747131348,7.599999904632568,0.054630134254693985,1,5.7725419998168945,15.100000000000001,0.30000000000000004
3,0,0.0,3.8000000000000003,4.4,0.9803427477630833,10.100000000000001,13.8,311.66949462890625,5.7143073081970215,7.599999904632568,0.13040000200271606,1,5.715722560882568,15.100000000000001,0.30000000000000004
3,0,0.0,3.8000000000000003,4.4,0.9803427477630833,10.100000000000001,13.8,312.16949462890625,0.0,,,0,5.66043758392334,15.100000000000001,0.30000000000000004
3,0,0.0,3.8000000000000003,4.4,0.9803427477630833,10.100000000000001,13.8,312.66949462890625,5.605219841003418,7.599999904632568,0.27757877111434937,1,5.606635093688965,15.100000000000001,0.30000000000000004
3,0,0.0,3.8000000000000003,4.4,0.9803427477630833,10.100000000000001,13.8,313.16949462890625,5.552849292755127,7.599999904632568,0.3490920960903168,1,5.554264545440674,15.100000000000001,0.30000000000000004
3,0,0.0,3.8000000000000003,4.4,0.9803427477630833,10.100000000000001,13.8,313.66949462890625,5.501863479614258,7.599999904632568,0.41928714513778687,1,5.503278732299805,15.100000000000001,0.30000000000000004
3,0,0.0,3.8000000000000003,4.4,0.9803427477630833,10.100000000000001,13.8,314.16949462890625,5.452216625213623,7.599999904632568,0.4882103502750397,1,5.45363187789917,15.100000000000001,0.30000000000000004
3,0,0.0,3.8000000000000003,4.4,0.9803427477630833,10.100000000000001,13.8,314.66949462890625,5.403865337371826,7.599999904632568,0.5559062361717224,1,5.405280590057373,15.100000000000001,0.30000000000000004
3,0,0.0,3.8000000000000003,4.4,0.9803427477630833,10.100000000000001,13.8,315.16949462890625,5.3567681312561035,7.599999904632568,0.6224173307418823,1,5.35818338394165,15.100000000000001,0.30000000000000004
3,0,0.0,3.8000000000000003,4.4,0.9803427477630833,10.100000000000001,13.8,315.66949462890625,5.310885906219482,7.599999904632568,0.6877843141555786,1,5.312301158905029,15.100000000000001,0.30000000000000004
3,0,0.0,3.8000000000000003,4.4,0.9803427477630833,10.100000000000001,13.8,316.16949462890625,5.266180515289307,7.599999904632568,0.7520462274551392,1,5.2675957679748535,15.100000000000001,0.30000000000000004
3,0,0.0,3.8000000000000003,4.4,0.9803427477630833,10.100000000000001,13.8,316.66949462890625,5.222616195678711,7.599999904632568,0.8152403235435486,1,5.224031448364258,15.100000000000001,0.30000000000000004
3,0,0.0,3.8000000000000003,4.4,0.9803427477630833,10.100000000000001,13.8,317.16949462890625,5.18015718460083,7.599999904632568,0.8774023652076721,1,5.181572437286377,15.100000000000001,0.30000000000000004
3,0,0.0,3.8000000000000003,4.4,0.9803427477630833,10.100000000000001,13.8,317.66949462890625,0.0,,,0,5.140186786651611,15.100000000000001,0.30000000000000004
3,0,0.0,3.8000000000000003,4.4,0.9803427477630833,10.100000000000001,13.8,318.16949462890625,5.098426818847656,7.599999904632568,0.9987664222717285,1,5.099842071533203,15.100000000000001,0.30000000000000004
3,0,0.0,3.8000000000000003,4.4,0.9803427477630833,10.100000000000001,13.8,318.66949462890625,5.059092998504639,7.599999904632568,1.0580328702926636,1,5.0605082511901855,15.100000000000001,0.30000000000000004
3,0,0.0,3.8000000000000003,4.4,0.9803427477630833,10.100000000000001,13.8,319.16949462890625,5.020740985870361,7.599999904632568,1.1163965463638306,1,5.022156238555908,15.100000000000001,0.30000000000000004
3,0,0.0,3.8000000000000003,4.4,0.9803427477630833,10.100000000000001,13.8,319.66949462890625,4.983342170715332,7.599999904632568,1.1738866567611694,1,4.984757423400879,15.100000000000001,0.30000000000000004
3,0,0.0,3.8000000000000003,4.4,0.9803427477630833,10.100000000000001,13.8,320.16949462890625,4.946870803833008,7.599999904632568,1.2305309772491455,1,4.948286056518555,15.100000000000001,0.30000000000000004
3,0,0.0,3.8000000000000003,4.4,0.9803427477630833,10.100000000000001,13.8,320.66949462890625,4.911300182342529,7.599999904632568,1.286356806755066,1,4.912715435028076,15.100000000000001,0.30000000000000004
3,0,0.0,3.8000000000000003,4.4,0.9803427477630833,10.100000000000001,13.8,321.16949462890625,4.876606464385986,7.599999904632568,1.3413898944854736,1,4.878021717071533,15.100000000000001,0.30000000000000004
3,0,0.0,3.8000000000000003,4.4,0.9803427477630833,10.100000000000001,13.8,321.66949462890625,4.842765808105469,7.599999904632568,1.3956551551818848,1,4.844181060791016,15.100000000000001,0.30000000000000004
3,0,0.0,3.8000000000000003,4.4,0.9803427477630833,10.100000000000001,13.8,322.16949462890625,4.809754848480225,7.599999904632568,1.4491767883300781,1,4.8111701011657715,15.100000000000001,0.30000000000000004
3,0,0.0,3.8000000000000003,4.4,0.9803427477630833,10.100000000000001,13.8,322.66949462890625,4.777552604675293,7.599999904632568,1.5019779205322266,1,4.77896785736084,15.100000000000001,0.30000000000000004
3,0,0.0,3.8000000000000003,4.4,0.9803427477630833,10.100000000000001,13.8,323.16949462890625,0.0,,,0,4.747552394866943,15.100000000000001,0.30000000000000004
3,0,0.0,3.8000000000000003,4.4,0.9803427477630833,10.100000000000001,13.8,323.66949462890625,0.0,,,0,4.716904640197754,15.100000000000001,0.30000000000000004
3,0,0.0,3.8000000000000003,4.4,0.9803427477630833,10.100000000000001,13.8,324.16949462890625,4.68558931350708,7.599999904632568,1.6562775373458862,1,4.687004566192627,15.100000000000001,0.30000000000000004
3,0,0.0,3.8000000000000003,4.4,0.9803427477630833,10.100000000000001,13.8,324.66949462890625,4.656418323516846,7.599999904632568,1.7064121961593628,1,4.657833576202393,15.100000000000001,0.30000000000000004
3,0,0.0,3.8000000000000003,4.4,0.9803427477630833,10.100000000000001,13.8,325.16949462890625,0.0,,,0,4.629374027252197,15.100000000000001,0.30000000000000004
3,0,0.0,3.8000000000000003,4.4,0.9803427477630833,10.100000000000001,13.8,325.66949462890625,4.600193023681641,7.599999904632568,1.804850697517395,1,4.6016082763671875,15.100000000000001,0.30000000000000004
3,0,0.0,3.8000000000000003,4.4,0.9803427477630833,10.100000000000001,13.8,326.16949462890625,4.5731048583984375,7.599999904632568,1.8531914949417114,1,4.574520111083984,15.100000000000001,0.30000000000000004
3,0,0.0,3.8000000000000003,4.4,0.9803427477630833,10.100000000000001,13.8,326.66949462890625,4.546677589416504,7.599999904632568,1.9009701013565063,1,4.548092842102051,15.100000000000001,0.30000000000000004
3,0,0.0,3.8000000000000003,4.4,0.9803427477630833,10.100000000000001,13.8,327.16949462890625,4.520896911621094,7.599999904632568,1.9482033252716064,1,4.522312164306641,15.100000000000001,0.30000000000000004
3,0,0.0,3.8000000000000003,4.4,0.9803427477630833,10.100000000000001,13.8,327.66949462890625,4.495747089385986,7.599999904632568,1.9949077367782593,1,4.497162342071533,15.100000000000001,0.30000000000000004
3,0,0.0,3.8000000000000003,4.4,0.9803427477630833,10.100000000000001,13.8,328.16949462890625,4.471214294433594,7.599999904632568,2.0410988330841064,1,4.472629547119141,15.100000000000001,0.30000000000000004
3,0,0.0,3.8000000000000003,4.4,0.9803427477630833,10.100000000000001,13.8,328.66949462890625,4.447284698486328,7.599999904632568,2.086792469024658,1,4.448699951171875,15.100000000000001,0.30000000000000004
3,0,0.0,3.8000000000000003,4.4,0.9803427477630833,10.100000000000001,13.8,329.16949462890625,4.423944473266602,7.599999904632568,2.13200306892395,1,4.425359725952148,15.100000000000001,0.30000000000000004
3,0,0.0,3.8000000000000003,4.4,0.9803427477630833,10.100000000000001,13.8,329.66949462890625,4.401182174682617,7.599999904632568,2.1767449378967285,1,4.402597427368164,15.100000000000001,0.30000000000000004
3,0,0.0,3.8000000000000003,4.4,0.9803427477630833,10.100000000000001,13.8,330.16949462890625,4.378983974456787,7.599999904632568,2.2210326194763184,1,4.380399227142334,15.100000000000001,0.30000000000000004
3,0,0.0,3.8000000000000003,4.4,0.9803427477630833,10.100000000000001,13.8,330.66949462890625,4.357339382171631,7.599999904632568,2.264878988265991,1,4.358754634857178,15.100000000000001,0.30000000000000004
3,0,0.0,3.8000000000000003,4.4,0.9803427477630833,10.100000000000001,13.8,331.16949462890625,4.336236000061035,7.599999904632568,2.308297634124756,1,4.337651252746582,15.100000000000001,0.30000000000000004
3,0,0.0,3.8000000000000003,4.4,0.9803427477630833,10.100000000000001,13.8,331.66949462890625,4.3156633377075195,7.599999904632568,2.3513009548187256,1,4.317078590393066,15.100000000000001,0.30000000000000004
3,0,0.0,3.8000000000000003,4.4,0.9803427477630833,10.100000000000001,13.8,332.16949462890625,4.295610427856445,7.599999904632568,2.3939015865325928,1,4.297025680541992,15.100000000000001,0.30000000000000004
3,0,0.0,3.8000000000000003,4.4,0.9803427477630833,10.100000000000001,13.8,332.66949462890625,4.27606725692749,7.599999904632568,2.4361114501953125,1,4.277482509613037,15.100000000000001,0.30000000000000004
3,0,0.0,3.8000000000000003,4.4,0.9803427477630833,10.100000000000001,13.8,333.16949462890625,4.25702428817749,7.599999904632568,2.47794246673584,1,4.258439540863037,15.100000000000001,0.30000000000000004
3,0,0.0,3.8000000000000003,4.4,0.9803427477630833,10.100000000000001,13.8,333.66949462890625,4.238471031188965,7.599999904632568,2.5194056034088135,1,4.239886283874512,15.100000000000001,0.30000000000000004
3,0,0.0,3.8000000000000003,4.4,0.9803427477630833,10.100000000000001,13.8,334.16949462890625,4.220398902893066,7.599999904632568,2.560512065887451,1,4.221814155578613,15.100000000000001,0.30000000000000004
3,0,0.0,3.8000000000000003,4.4,0.9803427477630833,10.100000000000001,13.8,334.66949462890625,0.0,,,0,4.204214572906494,15.100000000000001,0.30000000000000004
3,0,0.0,3.8000000000000003,4.4,0.9803427477630833,10.100000000000001,13.8,335.16949462890625,4.185663223266602,7.599999904632568,2.6416983604431152,1,4.187078475952148,15.100000000000001,0.30000000000000004
3,0,0.0,3.8000000000000003,4.4,0.9803427477630833,10.100000000000001,13.8,335.66949462890625,4.16898250579834,7.599999904632568,2.6817984580993652,1,4.170397758483887,15.100000000000001,0.30000000000000004
3,0,0.0,3.8000000000000003,4.4,0.9803427477630833,10.100000000000001,13.8,336.16949462890625,4.152749061584473,7.599999904632568,2.721583604812622,1,4.1541643142700195,15.100000000000001,0.30000000000000004
3,0,0.0,3.8000000000000003,4.4,0.9803427477630833,10.100000000000001,13.8,336.66949462890625,4.136955738067627,7.599999904632568,2.7610630989074707,1,4.138370990753174,15.100000000000001,0.30000000000000004
3,0,0.0,3.8000000000000003,4.4,0.9803427477630833,10.100000000000001,13.8,337.16949462890625,4.1215949058532715,7.599999904632568,2.800246477127075,1,4.123010158538818,15.100000000000001,0.30000000000000004
3,0,0.0,3.8000000000000003,4.4,0.9803427477630833,10.100000000000001,13.8,337.66949462890625,0.0,,,0,4.108074188232422,15.100000000000001,0.30000000000000004
3,0,0.0,3.8000000000000003,4.4,0.9803427477630833,10.100000000000001,13.8,338.16949462890625,4.092141628265381,7.599999904632568,2.8777616024017334,1,4.093556880950928,15.100000000000001,0.30000000000000004
3,0,0.0,3.8000000000000003,4.4,0.9803427477630833,10.100000000000001,13.8,338.66949462890625,4.078036308288574,7.599999904632568,2.9161112308502197,1,4.079451560974121,15.100000000000001,0.30000000000000004
3,0,0.0,3.8000000000000003,4.4,0.9803427477630833,10.100000000000001,13.8,339.16949462890625,4.06433629989624,7.599999904632568,2.954200267791748,1,4.065751552581787,15.100000000000001,0.30000000000000004
3,0,0.0,3.8000000000000003,4.4,0.9803427477630833,10.100000000000001,13.8,339.66949462890625,4.0510358810424805,7.599999904632568,2.992037296295166,1,4.052451133728027,15.100000000000001,0.30000000000000004
3,0,0.0,3.8000000000000003,4.4,0.9803427477630833,10.100000000000001,13.8,340.16949462890625,4.03812837600708,7.599999904632568,3.029630422592163,1,4.039543628692627,15.100000000000001,0.30000000000000004
3,0,0.0,3.8000000000000003,4.4,0.9803427477630833,10.100000000000001,13.8,340.66949462890625,4.025608539581299,7.599999904632568,3.0669877529144287,1,4.027023792266846,15.100000000000001,0.30000000000000004
3,0,0.0,3.8000000000000003,4.4,0.9803427477630833,10.100000000000001,13.8,341.16949462890625,4.0134711265563965,7.599999904632568,3.104116916656494,1,4.014886379241943,15.100000000000001,0.30000000000000004
3,0,0.0,3.8000000000000003,4.4,0.9803427477630833,10.100000000000001,13.8,341.66949462890625,4.001710414886475,7.599999904632568,3.1410257816314697,1,4.0031256675720215,15.100000000000001,0.30000000000000004
3,0,0.0,3.8000000000000003,4.4,0.9803427477630833,10.100000000000001,13.8,342.16949462890625,3.990321636199951,7.599999904632568,3.1777219772338867,1,3.991736888885498,15.100000000000001,0.30000000000000004
3,0,0.0,3.8000000000000003,4.4,0.9803427477630833,10.100000000000001,13.8,342.66949462890625,3.979299783706665,7.599999904632568,3.214212417602539,1,3.980715036392212,15.100000000000001,0.30000000000000004
3,0,0.0,3.8000000000000003,4.4,0.9803427477630833,10.100000000000001,13.8,343.16949462890625,0.0,,,0,3.970055341720581,15.100000000000001,0.30000000000000004
3,0,0.0,3.8000000000000003,4.4,0.9803427477630833,10.100000000000001,13.8,343.66949462890625,3.9583380222320557,7.599999904632568,3.2866063117980957,1,3.9597532749176025,15.100000000000001,0.30000000000000004
3,0,0.0,3.8000000000000003,4.4,0.9803427477630833,10.100000000000001,13.8,344.16949462890625,3.9483892917633057,7.599999904632568,3.322523355484009,1,3.9498045444488525,15.100000000000001,0.30000000000000004
3,0,0.0,3.8000000000000003,4.4,0.9803427477630833,10.100000000000001,13.8,344.66949462890625,3.9387898445129395,7.599999904632568,3.3582632541656494,1,3.9402050971984863,15.100000000000001,0.30000000000000004
3,0,0.0,3.8000000000000003,4.4,0.9803427477630833,10.100000000000001,13.8,345.16949462890625,3.929535388946533,7.599999904632568,3.3938324451446533,1,3.93095064163208,15.100000000000001,0.30000000000000004
3,0,0.0,3.8000000000000003,4.4,0.9803427477630833,10.100000000000001,13.8,345.66949462890625,0.0,,,0,3.9220376014709473,15.100000000000001,0.30000000000000004
3,0,0.0,3.8000000000000003,4.4,0.9803427477630833,10.100000000000001,13.8,346.16949462890625,3.9120471477508545,7.599999904632568,3.4644854068756104,1,3.9134624004364014,15.100000000000001,0.30000000000000004
3,0,0.0,3.8000000000000003,4.4,0.9803427477630833,10.100000000000001,13.8,346.66949462890625,3.90380597114563,7.599999904632568,3.499582052230835,1,3.9052212238311768,15.100000000000001,0.30000000000000004
3,0,0.0,3.8000000000000003,4.4,0.9803427477630833,10.100000000000001,13.8,347.16949462890625,0.0,,,0,3.897310733795166,15.100000000000001,0.30000000000000004
3,0,0.0,3.8000000000000003,4.4,0.9803427477630833,10.100000000000001,13.8,347.66949462890625,3.888312816619873,7.599999904632568,3.5693469047546387,1,3.88972806930542,15.100000000000001,0.30000000000000004
3,0,0.0,3.8000000000000003,4.4,0.9803427477630833,10.100000000000001,13.8,348.16949462890625,3.881054639816284,7.599999904632568,3.604027509689331,1,3.882469892501831,15.100000000000001,0.30000000000000004
3,0,0.0,3.8000000000000003,4.4,0.9803427477630833,10.100000000000001,13.8,348.66949462890625,0.0,,,0,3.87553334236145,15.100000000000001,0.30000000000000004
3,0,0.0,3.8000000000000003,4.4,0.9803427477630833,10.100000000000001,13.8,349.16949462890625,3.8675003051757812,7.599999904632568,3.6730146408081055,1,3.868915557861328,15.100000000000001,0.30000000000000004
3,0,0.0,3.8000000000000003,4.4,0.9803427477630833,10.100000000000001,13.8,349.66949462890625,3.861198902130127,7.599999904632568,3.7073333263397217,1,3.862614154815674,15.100000000000001,0.30000000000000004
3,0,0.0,3.8000000000000003,4.4,0.9803427477630833,10.100000000000001,13.8,350.16949462890625,3.855211019515991,7.599999904632568,3.7415428161621094,1,3.856626272201538,15.100000000000001,0.30000000000000004
3,0,0.0,3.8000000000000003,4.4,0.9803427477630833,10.100000000000001,13.8,350.66949462890625,3.849534511566162,7.599999904632568,3.775649070739746,1,3.850949764251709,15.100000000000001,0.30000000000000004
3,0,0.0,3.8000000000000003,4.4,0.9803427477630833,10.100000000000001,13.8,351.16949462890625,3.8441672325134277,7.599999904632568,3.809657573699951,1,3.8455824851989746,15.100000000000001,0.30000000000000004
3,0,0.0,3.8000000000000003,4.4,0.9803427477630833,10.100000000000001,13.8,351.66949462890625,0.0,,,0,3.840522050857544,15.100000000000001,0.30000000000000004
3,0,0.0,3.8000000000000003,4.4,0.9803427477630833,10.100000000000001,13.8,352.16949462890625,3.8343515396118164,7.599999904632568,3.877403974533081,1,3.8357667922973633,15.100000000000001,0.30000000000000004
3,0,0.0,3.8000000000000003,4.4,0.9803427477630833,10.100000000000001,13.8,352.66949462890625,3.829899311065674,7.599999904632568,3.9111528396606445,1,3.8313145637512207,15.100000000000001,0.30000000000000004
3,0,0.0,3.8000000000000003,4.4,0.9803427477630833,10.100000000000001,13.8,353.16949462890625,3.8257486820220947,7.599999904632568,3.9448258876800537,1,3.8271639347076416,15.100000000000001,0.30000000000000004
3,0,0.0,3.8000000000000003,4.4,0.9803427477630833,10.100000000000001,13.8,353.66949462890625,3.8218977451324463,7.599999904632568,3.978428602218628,1,3.823312997817993,15.100000000000001,0.30000000000000004
3,0,0.0,3.8000000000000003,4.4,0.9803427477630833,10.100000000000001,13.8,354.16949462890625,3.818345308303833,7.599999904632568,4.011966228485107,1,3.81976056098938,15.100000000000001,0.30000000000000004
3,0,0.0,3.8000000000000003,4.4,0.9803427477630833,10.100000000000001,13.8,354.66949462890625,3.815089702606201,7.599999904632568,4.045444488525391,1,3.816504955291748,15.100000000000001,0.30000000000000004
3,0,0.0,3.8000000000000003,4.4,0.9803427477630833,10.100000000000001,13.8,355.16949462890625,3.8121297359466553,7.599999904632568,4.0788679122924805,1,3.813544988632202,15.100000000000001,0.30000000000000004
3,0,0.0,3.8000000000000003,4.4,0.9803427477630833,10.100000000000001,13.8,355.66949462890625,3.809464454650879,7.599999904632568,4.112242221832275,1,3.810879707336426,15.100000000000001,0.30000000000000004
3,0,0.0,3.8000000000000003,4.4,0.9803427477630833,10.100000000000001,13.8,356.16949462890625,3.8070926666259766,7.599999904632568,4.145572662353516,1,3.8085079193115234,15.100000000000001,0.30000000000000004
3,0,0.0,3.8000000000000003,4.4,0.9803427477630833,10.100000000000001,13.8,356.66949462890625,3.805013656616211,7.599999904632568,4.178864002227783,1,3.806428909301758,15.100000000000001,0.30000000000000004
3,0,0.0,3.8000000000000003,4.4,0.9803427477630833,10.100000000000001,13.8,357.16949462890625,3.8032264709472656,7.599999904632568,4.212121486663818,1,3.8046417236328125,15.100000000000001,0.30000000000000004
3,0,0.0,3.8000000000000003,4.4,0.9803427477630833,10.100000000000001,13.8,357.66949462890625,3.8017303943634033,7.599999904632568,4.245350360870361,1,3.80314564704895,15.100000000000001,0.30000000000000004
3,0,0.0,3.8000000000000003,4.4,0.9803427477630833,10.100000000000001,13.8,358.16949462890625,3.800524950027466,7.599999904632568,4.278555393218994,1,3.8019402027130127,15.100000000000001,0.30000000000000004
3,0,0.0,3.8000000000000003,4.4,0.9803427477630833,10.100000000000001,13.8,358.66949462890625,3.799609422683716,7.599999904632568,4.311742305755615,1,3.8010246753692627,15.100000000000001,0.30000000000000004
3,0,0.0,3.8000000000000003,4.4,0.9803427477630833,10.100000000000001,13.8,359.16949462890625,3.7989840507507324,7.599999904632568,4.344915390014648,1,3.8003993034362793,15.100000000000001,0.30000000000000004
3,0,0.0,3.8000000000000003,4.4,0.9803427477630833,10.100000000000001,13.8,359.66949462890625,3.798647880554199,7.599999904632568,4.378080368041992,1,3.800063133239746,15.100000000000001,0.30000000000000004
3,0,0.0,3.8000000000000003,4.4,0.9803427477630833,10.100000000000001,13.8,0.16950193047523499,0.0,,,0,3.8000166416168213,15.100000000000001,0.30000000000000004
3,0,0.0,3.8000000000000003,4.4,0.9803427477630833,10.100000000000001,13.8,0.6695019006729126,3.7988440990448,7.599999904632568,4.4444050788879395,1,3.8002593517303467,15.100000000000001,0.30000000000000004
3,0,0.0,3.8000000000000003,4.4,0.9803427477630833,10.100000000000001,13.8,1.1695019006729126,3.7993764877319336,7.599999904632568,4.477575302124023,1,3.8007917404174805,15.100000000000001,0.30000000000000004
3,0,0.0,3.8000000000000003,4.4,0.9803427477630833,10.100000000000001,13.8,1.6695019006729126,3.800198554992676,7.599999904632568,4.510756969451904,1,3.8016138076782227,15.100000000000001,0.30000000000000004
3,0,0.0,3.8000000000000003,4.4,0.9803427477630833,10.100000000000001,13.8,2.169502019882202,3.8013105392456055,7.599999904632568,4.5439558029174805,1,3.8027257919311523,15.100000000000001,0.30000000000000004
3,0,0.0,3.8000000000000003,4.4,0.9803427477630833,10.100000000000001,13.8,2.669502019882202,3.802712917327881,7.599999904632568,4.577176094055176,1,3.8041281700134277,15.100000000000001,0.30000000000000004
3,0,0.0,3.8000000000000003,4.4,0.9803427477630833,10.100000000000001,13.8,3.169502019882202,3.8044064044952393,7.599999904632568,4.610424041748047,1,3.805821657180786,15.100000000000001,0.30000000000000004
3,0,0.0,3.8000000000000003,4.4,0.9803427477630833,10.100000000000001,13.8,3.669502019882202,3.806391477584839,7.599999904632568,4.643703937530518,1,3.8078067302703857,15.100000000000001,0.30000000000000004
3,0,0.0,3.8000000000000003,4.4,0.9803427477630833,10.100000000000001,13.8,4.169501781463623,0.0,,,0,3.810084104537964,15.100000000000001,0.30000000000000004
3,0,0.0,3.8000000000000003,4.4,0.9803427477630833,10.100000000000001,13.8,4.669501781463623,3.81123948097229,7.599999904632568,4.710380554199219,1,3.812654733657837,15.100000000000001,0.30000000000000004
3,0,0.0,3.8000000000000003,4.4,0.9803427477630833,10.100000000000001,13.8,5.169501781463623,3.8141043186187744,7.599999904632568,4.74378776550293,1,3.8155195713043213,15.100000000000001,0.30000000000000004
3,0,0.0,3.8000000000000003,4.4,0.9803427477630833,10.100000000000001,13.8,5.669501781463623,3.8172645568847656,7.599999904632568,4.777247905731201,1,3.8186798095703125,15.100000000000001,0.30000000000000004
3,0,0.0,3.8000000000000003,4.4,0.9803427477630833,10.100000000000001,13.8,6.169501781463623,3.820721387863159,7.599999904632568,4.810765743255615,1,3.822136640548706,15.100000000000001,0.30000000000000004
3,0,0.0,3.8000000000000003,4.4,0.9803427477630833,10.100000000000001,13.8,6.669501781463623,3.8244760036468506,7.599999904632568,4.84434700012207,1,3.8258912563323975,15.100000000000001,0.30000000000000004
3,0,0.0,3.8000000000000003,4.4,0.9803427477630833,10.100000000000001,13.8,7.169501781463623,0.0,,,0,3.8299453258514404,15.100000000000001,0.30000000000000004
3,0,0.0,3.8000000000000003,4.4,0.9803427477630833,10.100000000000001,13.8,7.669501781463623,0.0,,,0,3.8343002796173096,15.100000000000001,0.30000000000000004
3,0,0.0,3.8000000000000003,4.4,0.9803427477630833,10.100000000000001,13.8,8.169502258300781,3.8375425338745117,7.599999904632568,4.945523738861084,1,3.8389577865600586,15.100000000000001,0.30000000000000004
3,0,0.0,3.8000000000000003,4.4,0.9803427477630833,10.100000000000001,13.8,8.669502258300781,3.8425042629241943,7.599999904632568,4.979411602020264,1,3.843919515609741,15.100000000000001,0.30000000000000004
3,0,0.0,3.8000000000000003,4.4,0.9803427477630833,10.100000000000001,13.8,9.169502258300781,3.8477725982666016,7.599999904632568,5.013390064239502,1,3.8491878509521484,15.100000000000001,0.30000000000000004
3,0,0.0,3.8000000000000003,4.4,0.9803427477630833,10.100000000000001,13.8,9.669502258300781,3.853349447250366,7.599999904632568,5.047464370727539,1,3.854764699935913,15.100000000000001,0.30000000000000004
3,0,0.0,3.8000000000000003,4.4,0.9803427477630833,10.100000000000001,13.8,10.169502258300781,3.859236717224121,7.599999904632568,5.081639766693115,1,3.860651969909668,15.100000000000001,0.30000000000000004
3,0,0.0,3.8000000000000003,4.4,0.9803427477630833,10.100000000000001,13.8,10.669502258300781,0.0,,,0,3.866852045059204,15.100000000000001,0.30000000000000004
3,0,0.0,3.8000000000000003,4.4,0.9803427477630833,10.100000000000001,13.8,11.169502258300781,3.871952533721924,7.599999904632568,5.150318622589111,1,3.8733677864074707,15.100000000000001,0.30000000000000004
3,0,0.0,3.8000000000000003,4.4,0.9803427477630833,10.100000000000001,13.8,11.669502258300781,3.878786087036133,7.599999904632568,5.18483304977417,1,3.8802013397216797,15.100000000000001,0.30000000000000004
3,0,0.0,3.8000000000000003,4.4,0.9803427477630833,10.100000000000001,13.8,12.169502258300781,3.8859405517578125,7.599999904632568,5.2194719314575195,1,3.8873558044433594,15.100000000000001,0.30000000000000004
3,0,0.0,3.8000000000000003,4.4,0.9803427477630833,10.100000000000001,13.8,12.669502258300781,3.893418312072754,7.599999904632568,5.254241943359375,1,3.894833564758301,15.100000000000001,0.30000000000000004
3,0,0.0,3.8000000000000003,4.4,0.9803427477630833,10.100000000000001,13.8,13.169502258300781,3.9012229442596436,7.599999904632568,5.289148330688477,1,3.9026381969451904,15.100000000000001,0.30000000000000004
3,0,0.0,3.8000000000000003,4.4,0.9803427477630833,10.100000000000001,13.8,13.669502258300781,3.9093570709228516,7.599999904632568,5.324197292327881,1,3.9107723236083984,15.100000000000001,0.30000000000000004
3,0,0.0,3.8000000000000003,4.4,0.9803427477630833,10.100000000000001,13.8,14.169502258300781,3.9178245067596436,7.599999904632568,5.359395980834961,1,3.9192397594451904,15.100000000000001,0.30000000000000004
3,0,0.0,3.8000000000000003,4.4,0.9803427477630833,10.100000000000001,13.8,14.669502258300781,3.926628351211548,7.599999904632568,5.394749641418457,1,3.9280436038970947,15.100000000000001,0.30000000000000004
3,0,0.0,3.8000000000000003,4.4,0.9803427477630833,10.100000000000001,13.8,15.169502258300781,3.93577241897583,7.599999904632568,5.430265426635742,1,3.937187671661377,15.100000000000001,0.30000000000000004
3,0,0.0,3.8000000000000003,4.4,0.9803427477630833,10.100000000000001,13.8,15.669502258300781,3.9452602863311768,7.599999904632568,5.465949535369873,1,3.9466755390167236,15.100000000000001,0.30000000000000004
3,0,0.0,3.8000000000000003,4.4,0.9803427477630833,10.100000000000001,13.8,16.16950225830078,3.9550962448120117,7.599999904632568,5.501809120178223,1,3.9565114974975586,15.100000000000001,0.30000000000000004
3,0,0.0,3.8000000000000003,4.4,0.9803427477630833,10.100000000000001,13.8,16.66950225830078,3.9652841091156006,7.599999904632568,5.537850379943848,1,3.9666993618011475,15.100000000000001,0.30000000000000004
3,0,0.0,3.8000000000000003,4.4,0.9803427477630833,10.100000000000001,13.8,17.16950225830078,3.975828170776367,7.599999904632568,5.574080467224121,1,3.977243423461914,15.100000000000001,0.30000000000000004
3,0,0.0,3.8000000000000003,4.4,0.9803427477630833,10.100000000000001,13.8,17.66950225830078,0.0,,,0,3.9881482124328613,15.100000000000001,0.30000000000000004
3,0,0.0,3.8000000000000003,4.4,0.9803427477630833,10.100000000000001,13.8,18.16950225830078,3.9980030059814453,7.599999904632568,5.647135257720947,1,3.999418258666992,15.100000000000001,0.30000000000000004
3,0,0.0,3.8000000000000003,4.4,0.9803427477630833,10.100000000000001,13.8,18.66950225830078,4.0096435546875,7.599999904632568,5.6839752197265625,1,4.011058807373047,15.100000000000001,0.30000000000000004
3,0,0.0,3.8000000000000003,4.4,0.9803427477630833,10.100000000000001,13.8,19.16950225830078,4.021658897399902,7.599999904632568,5.721032619476318,1,4.023074150085449,15.100000000000001,0.30000000000000004
3,0,0.0,3.8000000000000003,4.4,0.9803427477630833,10.100000000000001,13.8,19.66950225830078,4.034055233001709,7.599999904632568,5.758315563201904,1,4.035470485687256,15.100000000000001,0.30000000000000004
3,0,0.0,3.8000000000000003,4.4,0.9803427477630833,10.100000000000001,13.8,20.16950225830078,4.046836853027344,7.599999904632568,5.795831680297852,1,4.048252105712891,15.100000000000001,0.30000000000000004
3,0,0.0,3.8000000000000003,4.4,0.9803427477630833,10.100000000000001,13.8,20.66950225830078,4.0600104331970215,7.599999904632568,5.83358907699585,1,4.061425685882568,15.100000000000001,0.30000000000000004
3,0,0.0,3.8000000000000003,4.4,0.9803427477630833,10.100000000000001,13.8,21.16950225830078,4.073581218719482,7.599999904632568,5.871596336364746,1,4.074996471405029,15.100000000000001,0.30000000000000004
3,0,0.0,3.8000000000000003,4.4,0.9803427477630833,10.100000000000001,13.8,21.66950225830078,4.087555408477783,7.599999904632568,5.909861087799072,1,4.08897066116333,15.100000000000001,0.30000000000000004
3,0,0.0,3.8000000000000003,4.4,0.9803427477630833,10.100000000000001,13.8,22.16950225830078,4.1019392013549805,7.599999904632568,5.948392391204834,1,4.103354454040527,15.100000000000001,0.30000000000000004
3,0,0.0,3.8000000000000003,4.4,0.9803427477630833,10.100000000000001,13.8,22.66950225830078,4.116739273071289,7.599999904632568,5.987198352813721,1,4.118154525756836,15.100000000000001,0.30000000000000004
3,0,0.0,3.8000000000000003,4.4,0.9803427477630833,10.100000000000001,13.8,23.16950225830078,4.131962776184082,7.599999904632568,6.0262885093688965,1,4.133378028869629,15.100000000000001,0.30000000000000004
3,0,0.0,3.8000000000000003,4.4,0.9803427477630833,10.100000000000001,13.8,23.66950225830078,0.0,,,0,4.149031162261963,15.100000000000001,0.30000000000000004
3,0,0.0,3.8000000000000003,4.4,0.9803427477630833,10.100000000000001,13.8,24.16950225830078,4.1637067794799805,7.599999904632568,6.1053571701049805,1,4.165122032165527,15.100000000000001,0.30000000000000004
3,0,0.0,3.8000000000000003,4.4,0.9803427477630833,10.100000000000001,13.8,24.66950225830078,0.0,,,0,4.181657791137695,15.100000000000001,0.30000000000000004
3,0,0.0,3.8000000000000003,4.4,0.9803427477630833,10.100000000000001,13.8,25.16950225830078,4.197231292724609,7.599999904632568,6.18567419052124,1,4.198646545410156,15.100000000000001,0.30000000000000004
3,0,0.0,3.8000000000000003,4.4,0.9803427477630833,10.100000000000001,13.8,25.66950225830078,0.0,,,0,4.216095924377441,15.100000000000001,0.30000000000000004
3,0,0.0,3.8000000000000003,4.4,0.9803427477630833,10.100000000000001,13.8,26.16950225830078,4.23259973526001,7.599999904632568,6.267320156097412,1,4.234014987945557,15.100000000000001,0.30000000000000004
3,0,0.0,3.8000000000000003,4.4,0.9803427477630833,10.100000000000001,13.8,26.66950225830078,4.250997066497803,7.599999904632568,6.308667182922363,1,4.25241231918335,15.100000000000001,0.30000000000000004
3,0,0.0,3.8000000000000003,4.4,0.9803427477630833,10.100000000000001,13.8,27.16950225830078,0.0,,,0,4.271296977996826,15.100000000000001,0.30000000000000004
3,0,0.0,3.8000000000000003,4.4,0.9803427477630833,10.100000000000001,13.8,27.66950225830078,4.289262771606445,7.599999904632568,6.392465114593506,1,4.290678024291992,15.100000000000001,0.30000000000000004
3,0,0.0,3.8000000000000003,4.4,0.9803427477630833,10.100000000000001,13.8,28.16950225830078,0.0,,,0,4.31056547164917,15.100000000000001,0.30000000000000004
3,0,0.0,3.8000000000000003,4.4,0.9803427477630833,10.100000000000001,13.8,28.66950225830078,4.329554557800293,7.599999904632568,6.477810859680176,1,4.33096981048584,15.100000000000001,0.30000000000000004
3,0,0.0,3.8000000000000003,4.4,0.9803427477630833,10.100000000000001,13.8,29.16950225830078,4.350485801696777,7.599999904632568,6.52109432220459,1,4.351901054382324,15.100000000000001,0.30000000000000004
3,0,0.0,3.8000000000000003,4.4,0.9803427477630833,10.100000000000001,13.8,29.66950225830078,4.371954917907715,7.599999904632568,6.5648016929626465,1,4.373370170593262,15.100000000000001,0.30000000000000004
3,0,0.0,3.8000000000000003,4.4,0.9803427477630833,10.100000000000001,13.8,30.16950225830078,0.0,,,0,4.395388603210449,15.100000000000001,0.30000000000000004
3,0,0.0,3.8000000000000003,4.4,0.9803427477630833,10.100000000000001,13.8,30.66950225830078,0.0,,,0,4.417968273162842,15.100000000000001,0.30000000000000004
3,0,0.0,3.8000000000000003,4.4,0.9803427477630833,10.100000000000001,13.8,31.16950225830078,4.4397053718566895,7.599999904632568,6.6985979080200195,1,4.441120624542236,15.100000000000001,0.30000000000000004
3,0,0.0,3.8000000000000003,4.4,0.9803427477630833,10.100000000000001,13.8,31.66950225830078,4.463443756103516,7.599999904632568,6.744134426116943,1,4.4648590087890625,15.100000000000001,0.30000000000000004
3,0,0.0,3.8000000000000003,4.4,0.9803427477630833,10.100000000000001,13.8,32.16950225830078,4.487781047821045,7.599999904632568,6.790163993835449,1,4.489196300506592,15.100000000000001,0.30000000000000004
3,0,0.0,3.8000000000000003,4.4,0.9803427477630833,10.100000000000001,13.8,32.66950225830078,4.512730598449707,7.599999904632568,6.836701393127441,1,4.514145851135254,15.100000000000001,0.30000000000000004
3,0,0.0,3.8000000000000003,4.4,0.9803427477630833,10.100000000000001,13.8,33.16950225830078,4.538306713104248,7.599999904632568,6.883762359619141,1,4.539721965789795,15.100000000000001,0.30000000000000004
3,0,0.0,3.8000000000000003,4.4,0.9803427477630833,10.100000000000001,13.8,33.66950225830078,4.564524173736572,7.599999904632568,6.931363582611084,1,4.565939426422119,15.100000000000001,0.30000000000000004
3,0,0.0,3.8000000000000003,4.4,0.9803427477630833,10.100000000000001,13.8,34.16950225830078,4.591397762298584,7.599999904632568,6.97952127456665,1,4.592813014984131,15.100000000000001,0.30000000000000004
3,0,0.0,3.8000000000000003,4.4,0.9803427477630833,10.100000000000001,13.8,34.66950225830078,4.618943691253662,7.599999904632568,7.028253555297852,1,4.620358943939209,15.100000000000001,0.30000000000000004
3,0,0.0,3.8000000000000003,4.4,0.9803427477630833,10.100000000000001,13.8,35.16950225830078,0.0,,,0,4.648593425750732,15.100000000000001,0.30000000000000004
3,0,0.0,3.8000000000000003,4.4,0.9803427477630833,10.100000000000001,13.8,35.66950225830078,0.0,,,0,4.677533149719238,15.100000000000001,0.30000000000000004
3,0,0.0,3.8000000000000003,4.4,0.9803427477630833,10.100000000000001,13.8,36.16950225830078,4.705780982971191,7.599999904632568,7.178074359893799,1,4.707196235656738,15.100000000000001,0.30000000000000004
3,0,0.0,3.8000000000000003,4.4,0.9803427477630833,10.100000000000001,13.8,36.66950225830078,4.7361860275268555,7.599999904632568,7.229287624359131,1,4.737601280212402,15.100000000000001,0.30000000000000004
3,0,0.0,3.8000000000000003,4.4,0.9803427477630833,10.100000000000001,13.8,37.16950225830078,4.767352104187012,7.599999904632568,7.28117036819458,1,4.768767356872559,15.100000000000001,0.30000000000000004
3,0,0.0,3.8000000000000003,4.4,0.9803427477630833,10.100000000000001,13.8,37.66950225830078,4.7992987632751465,7.599999904632568,7.333744049072266,1,4.800714015960693,15.100000000000001,0.30000000000000004
3,0,0.0,3.8000000000000003,4.4,0.9803427477630833,10.100000000000001,13.8,38.16950225830078,4.832046985626221,7.599999904632568,7.387031078338623,1,4.833462238311768,15.100000000000001,0.30000000000000004
3,0,0.0,3.8000000000000003,4.4,0.9803427477630833,10.100000000000001,13.8,38.66950225830078,0.0,,,0,4.867033004760742,15.100000000000001,0.30000000000000004
3,0,0.0,3.8000000000000003,4.4,0.9803427477630833,10.100000000000001,13.8,39.16950225830078,4.900034427642822,7.599999904632568,7.495837688446045,1,4.901449680328369,15.100000000000001,0.30000000000000004
3,0,0.0,3.8000000000000003,4.4,0.9803427477630833,10.100000000000001,13.8,39.66950225830078,4.935319900512695,7.599999904632568,7.551405429840088,1,4.936735153198242,15.100000000000001,0.30000000000000004
3,0,0.0,3.8000000000000003,4.4,0.9803427477630833,10.100000000000001,13.8,40.16950225830078,4.971498966217041,7.599999904632568,7.607783317565918,1,4.972914218902588,15.100000000000001,0.30000000000000004
3,0,0.0,3.8000000000000003,4.4,0.9803427477630833,10.100000000000001,13.8,40.66950225830078,5.008595943450928,7.599999904632568,7.6649980545043945,1,5.010011196136475,15.100000000000001,0.30000000000000004
3,0,0.0,3.8000000000000003,4.4,0.9803427477630833,10.100000000000001,13.8,41.16950225830078,5.046638011932373,7.599999904632568,7.723077297210693,1,5.04805326461792,15.100000000000001,0.30000000000000004
3,0,0.0,3.8000000000000003,4.4,0.9803427477630833,10.100000000000001,13.8,41.66950225830078,5.085652828216553,7.599999904632568,7.782049655914307,1,5.0870680809021,15.100000000000001,0.30000000000000004
3,0,0.0,3.8000000000000003,4.4,0.9803427477630833,10.100000000000001,13.8,42.16950225830078,5.125668525695801,7.599999904632568,7.841945648193359,1,5.127083778381348,15.100000000000001,0.30000000000000004
3,0,0.0,3.8000000000000003,4.4,0.9803427477630833,10.100000000000001,13.8,42.66950225830078,5.166715621948242,7.599999904632568,7.902795791625977,1,5.168130874633789,15.100000000000001,0.30000000000000004
3,0,0.0,3.8000000000000003,4.4,0.9803427477630833,10.100000000000001,13.8,43.16950225830078,5.208825588226318,7.599999904632568,7.964632987976074,1,5.210240840911865,15.100000000000001,0.30000000000000004
3,0,0.0,3.8000000000000003,4.4,0.9803427477630833,10.100000000000001,13.8,43.66950225830078,5.252030372619629,7.599999904632568,8.027490615844727,1,5.253445625305176,15.100000000000001,0.30000000000000004
3,0,0.0,3.8000000000000003,4.4,0.9803427477630833,10.100000000000001,13.8,44.16950225830078,5.296364784240723,7.599999904632568,8.091404914855957,1,5.2977800369262695,15.100000000000001,0.30000000000000004
3,0,0.0,3.8000000000000003,4.4,0.9803427477630833,10.100000000000001,13.8,44.66950225830078,5.341863632202148,7.599999904632568,8.156412124633789,1,5.343278884887695,15.100000000000001,0.30000000000000004
3,0,0.0,3.8000000000000003,4.4,0.9803427477630833,10.100000000000001,13.8,45.16950225830078,0.0,,,0,5.389980792999268,15.100000000000001,0.30000000000000004
3,0,0.0,3.8000000000000003,4.4,0.9803427477630833,10.100000000000001,13.8,45.66950225830078,0.0,,,0,5.437923431396484,15.100000000000001,0.30000000000000004
3,0,0.0,3.8000000000000003,4.4,0.9803427477630833,10.100000000000001,13.8,46.16950225830078,5.485733509063721,7.599999904632568,8.358383178710938,1,5.487148761749268,15.100000000000001,0.30000000000000004
3,0,0.0,3.8000000000000003,4.4,0.9803427477630833,10.100000000000001,13.8,46.66950225830078,5.536283493041992,7.599999904632568,8.4281644821167,1,5.537698745727539,15.100000000000001,0.30000000000000004
3,0,0.0,3.8000000000000003,4.4,0.9803427477630833,10.100000000000001,13.8,47.16950225830078,5.588202953338623,7.599999904632568,8.499247550964355,1,5.58961820602417,15.100000000000001,0.30000000000000004
3,0,0.0,3.8000000000000003,4.4,0.9803427477630833,10.100000000000001,13.8,47.66950225830078,5.641539096832275,7.599999904632568,8.57168197631836,1,5.642954349517822,15.100000000000001,0.30000000000000004
3,0,0.0,3.8000000000000003,4.4,0.9803427477630833,10.100000000000001,13.8,48.16950225830078,5.696341037750244,7.599999904632568,8.64551830291748,1,5.697756290435791,15.100000000000001,0.30000000000000004
3,0,0.0,3.8000000000000003,4.4,0.9803427477630833,10.100000000000001,13.8,48.66950225830078,5.752660274505615,7.599999904632568,8.720808982849121,1,5.754075527191162,15.100000000000001,0.30000000000000004
3,0,0.0,3.8000000000000003,4.4,0.9803427477630833,10.100000000000001,13.8,49.16950225830078,5.810551166534424,7.599999904632568,8.797607421875,1,5.811966419219971,15.100000000000001,0.30000000000000004
3,0,0.0,3.8000000000000003,4.4,0.9803427477630833,10.100000000000001,13.8,49.66950225830078,0.0,,,0,5.771824359893799,15.100000000000001,0.30000000000000004
3,0,0.0,3.8000000000000003,4.4,0.9803427477630833,10.100000000000001,13.8,50.16950225830078,5.728178977966309,7.469911575317383,8.800000190734863,1,5.7295942306518555,15.100000000000001,0.30000000000000004
3,0,0.0,3.8000000000000003,4.4,0.9803427477630833,10.100000000000001,13.8,50.66950225830078,5.686992168426514,7.405271053314209,8.800000190734863,1,5.6884074211120605,15.100000000000001,0.30000000000000004
3,0,0.0,3.8000000000000003,4.4,0.9803427477630833,10.100000000000001,13.8,51.16950225830078,5.646820545196533,7.341548442840576,8.800000190734863,1,5.64823579788208,15.100000000000001,0.30000000000000004
3,0,0.0,3.8000000000000003,4.4,0.9803427477630833,10.100000000000001,13.8,51.66950225830078,5.607636451721191,7.278715133666992,8.800000190734863,1,5.609051704406738,15.100000000000001,0.30000000000000004
3,0,0.0,3.8000000000000003,4.4,0.9803427477630833,10.100000000000001,13.8,52.16950225830078,5.569413185119629,7.216742515563965,8.800000190734863,1,5.570828437805176,15.100000000000001,0.30000000000000004
3,0,0.0,3.8000000000000003,4.4,0.9803427477630833,10.100000000000001,13.8,52.66950225830078,5.532126426696777,7.155604362487793,8.800000190734863,1,5.533541679382324,15.100000000000001,0.30000000000000004
3,0,0.0,3.8000000000000003,4.4,0.9803427477630833,10.100000000000001,13.8,53.16950225830078,5.495750904083252,7.095274925231934,8.800000190734863,1,5.497166156768799,15.100000000000001,0.30000000000000004
3,0,0.0,3.8000000000000003,4.4,0.9803427477630833,10.100000000000001,13.8,53.66950225830078,5.460263729095459,7.035728454589844,8.800000190734863,1,5.461678981781006,15.100000000000001,0.30000000000000004
3,0,0.0,3.8000000000000003,4.4,0.9803427477630833,10.100000000000001,13.8,54.16950225830078,5.425642967224121,6.9769415855407715,8.800000190734863,1,5.427058219909668,15.100000000000001,0.30000000000000004
3,0,0.0,3.8000000000000003,4.4,0.9803427477630833,10.100000000000001,13.8,54.66950225830078,5.3918657302856445,6.918891429901123,8.800000190734863,1,5.393280982971191,15.100000000000001,0.30000000000000004
3,0,0.0,3.8000000000000003,4.4,0.9803427477630833,10.100000000000001,13.8,55.16950225830078,5.358912467956543,6.861554145812988,8.800000190734863,1,5.36032772064209,15.100000000000001,0.30000000000000004
3,0,0.0,3.8000000000000003,4.4,0.9803427477630833,10.100000000000001,13.8,55.66950225830078,5.326762676239014,6.804909706115723,8.800000190734863,1,5.3281779289245605,15.100000000000001,0.30000000000000004
3,0,0.0,3.8000000000000003,4.4,0.9803427477630833,10.100000000000001,13.8,56.16950225830078,5.2953972816467285,6.748936176300049,8.800000190734863,1,5.296812534332275,15.100000000000001,0.30000000000000004
3,0,0.0,3.8000000000000003,4.4,0.9803427477630833,10.100000000000001,13.8,56.66950225830078,5.264797687530518,6.693613529205322,8.800000190734863,1,5.2662129402160645,15.100000000000001,0.30000000000000004
3,0,0.0,3.8000000000000003,4.4,0.9803427477630833,10.100000000000001,13.8,57.16950225830078,5.234946250915527,6.638922214508057,8.800000190734863,1,5.236361503601074,15.100000000000001,0.30000000000000004
3,0,0.0,3.8000000000000003,4.4,0.9803427477630833,10.100000000000001,13.8,57.66950225830078,0.0,,,0,5.207240581512451,15.100000000000001,0.30000000000000004
3,0,0.0,3.8000000000000003,4.4,0.9803427477630833,10.100000000000001,13.8,58.16950225830078,5.1774187088012695,6.5313591957092285,8.800000190734863,1,5.178833961486816,15.100000000000001,0.30000000000000004
3,0,0.0,3.8000000000000003,4.4,0.9803427477630833,10.100000000000001,13.8,58.66950225830078,5.149710655212402,6.478450775146484,8.800000190734863,1,5.151125907897949,15.100000000000001,0.30000000000000004
3,0,0.0,3.8000000000000003,4.4,0.9803427477630833,10.100000000000001,13.8,59.16950225830078,0.0,,,0,5.124101161956787,15.100000000000001,0.30000000000000004
3,0,0.0,3.8000000000000003,4.4,0.9803427477630833,10.100000000000001,13.8,59.66950225830078,5.0963287353515625,6.374295234680176,8.800000190734863,1,5.097743988037109,15.100000000000001,0.30000000000000004
3,0,0.0,3.8000000000000003,4.4,0.9803427477630833,10.100000000000001,13.8,60.16950225830078,5.070626258850098,6.323015213012695,8.800000190734863,1,5.0720415115356445,15.100000000000001,0.30000000000000004
3,0,0.0,3.8000000000000003,4.4,0.9803427477630833,10.100000000000001,13.8,60.66950225830078,0.0,,,0,5.046978950500488,15.100000000000001,0.30000000000000004
3,0,0.0,3.8000000000000003,4.4,0.9803427477630833,10.100000000000001,13.8,61.16950225830078,5.0211286544799805,6.22197151184082,8.800000190734863,1,5.022543907165527,15.100000000000001,0.30000000000000004
3,0,0.0,3.8000000000000003,4.4,0.9803427477630833,10.100000000000001,13.8,61.66950225830078,4.997307300567627,6.172177791595459,8.800000190734863,1,4.998722553253174,15.100000000000001,0.30000000000000004
3,0,0.0,3.8000000000000003,4.4,0.9803427477630833,10.100000000000001,13.8,62.16950225830078,4.974088191986084,6.1228508949279785,8.800000190734863,1,4.975503444671631,15.100000000000001,0.30000000000000004
3,0,0.0,3.8000000000000003,4.4,0.9803427477630833,10.100000000000001,13.8,62.66950225830078,4.9514594078063965,6.073976039886475,8.800000190734863,1,4.952874660491943,15.100000000000001,0.30000000000000004
3,0,0.0,3.8000000000000003,4.4,0.9803427477630833,10.100000000000001,13.8,63.16950225830078,4.929409027099609,6.025540351867676,8.800000190734863,1,4.930824279785156,15.100000000000001,0.30000000000000004
3,0,0.0,3.8000000000000003,4.4,0.9803427477630833,10.100000000000001,13.8,63.66950225830078,4.907926559448242,5.977530479431152,8.800000190734863,1,4.909341812133789,15.100000000000001,0.30000000000000004
3,0,0.0,3.8000000000000003,4.4,0.9803427477630833,10.100000000000001,13.8,64.16950225830078,4.887001037597656,5.929933071136475,8.800000190734863,1,4.888416290283203,15.100000000000001,0.30000000000000004
3,0,0.0,3.8000000000000003,4.4,0.9803427477630833,10.100000000000001,13.8,64.66950225830078,4.866622447967529,5.882736682891846,8.800000190734863,1,4.868037700653076,15.100000000000001,0.30000000000000004
3,0,0.0,3.8000000000000003,4.4,0.9803427477630833,10.100000000000001,13.8,65.16950225830078,4.846780776977539,5.835928440093994,8.800000190734863,1,4.848196029663086,15.100000000000001,0.30000000000000004
3,0,0.0,3.8000000000000003,4.4,0.9803427477630833,10.100000000000001,13.8,65.66950225830078,4.827466011047363,5.789496421813965,8.800000190734863,1,4.82888126373291,15.100000000000001,0.30000000000000004
3,0,0.0,3.8000000000000003,4.4,0.9803427477630833,10.100000000000001,13.8,66.16950225830078,4.8086700439453125,5.743429660797119,8.800000190734863,1,4.810085296630859,15.100000000000001,0.30000000000000004
3,0,0.0,3.8000000000000003,4.4,0.9803427477630833,10.100000000000001,13.8,66.66950225830078,4.7903828620910645,5.69771671295166,8.800000190734863,1,4.791798114776611,15.100000000000001,0.30000000000000004
3,0,0.0,3.8000000000000003,4.4,0.9803427477630833,10.100000000000001,13.8,67.16950225830078,4.77259635925293,5.652346134185791,8.800000190734863,1,4.774011611938477,15.100000000000001,0.30000000000000004
3,0,0.0,3.8000000000000003,4.4,0.9803427477630833,10.100000000000001,13.8,67.66950225830078,4.755302429199219,5.6073079109191895,8.800000190734863,1,4.756717681884766,15.100000000000001,0.30000000000000004
3,0,0.0,3.8000000000000003,4.4,0.9803427477630833,10.100000000000001,13.8,68.16950225830078,4.738492965698242,5.562591552734375,8.800000190734863,1,4.739908218383789,15.100000000000001,0.30000000000000004
3,0,0.0,3.8000000000000003,4.4,0.9803427477630833,10.100000000000001,13.8,68.66950225830078,4.722160339355469,5.518187046051025,8.800000190734863,1,4.723575592041016,15.100000000000001,0.30000000000000004
3,0,0.0,3.8000000000000003,4.4,0.9803427477630833,10.100000000000001,13.8,69.16950225830078,4.706297397613525,5.47408390045166,8.800000190734863,1,4.707712650299072,15.100000000000001,0.30000000000000004
3,0,0.0,3.8000000000000003,4.4,0.9803427477630833,10.100000000000001,13.8,69.66950225830078,0.0,,,0,4.692311763763428,15.100000000000001,0.30000000000000004
3,0,0.0,3.8000000000000003,4.4,0.9803427477630833,10.100000000000001,13.8,70.16950225830078,4.67595100402832,5.386743545532227,8.800000190734863,1,4.677366256713867,15.100000000000001,0.30000000000000004
3,0,0.0,3.8000000000000003,4.4,0.9803427477630833,10.100000000000001,13.8,70.66950225830078,4.661454677581787,5.343487739562988,8.800000190734863,1,4.662869930267334,15.100000000000001,0.30000000000000004
3,0,0.0,3.8000000000000003,4.4,0.9803427477630833,10.100000000000001,13.8,71.16950225830078,4.647400379180908,5.3004961013793945,8.800000190734863,1,4.648815631866455,15.100000000000001,0.30000000000000004
3,0,0.0,3.8000000000000003,4.4,0.9803427477630833,10.100000000000001,13.8,71.66950225830078,4.633782863616943,5.2577595710754395,8.800000190734863,1,4.63519811630249,15.100000000000001,0.30000000000000004
3,0,0.0,3.8000000000000003,4.4,0.9803427477630833,10.100000000000001,13.8,72.16950225830078,4.620595932006836,5.215269565582275,8.800000190734863,1,4.622011184692383,15.100000000000001,0.30000000000000004
3,0,0.0,3.8000000000000003,4.4,0.9803427477630833,10.100000000000001,13.8,72.66950225830078,4.6078338623046875,5.1730170249938965,8.800000190734863,1,4.609249114990234,15.100000000000001,0.30000000000000004
3,0,0.0,3.8000000000000003,4.4,0.9803427477630833,10.100000000000001,13.8,73.16950225830078,4.5954909324646,5.1309943199157715,8.800000190734863,1,4.5969061851501465,15.100000000000001,0.30000000000000004
3,0,0.0,3.8000000000000003,4.4,0.9803427477630833,10.100000000000001,13.8,73.66950225830078,4.58356237411499,5.089192867279053,8.800000190734863,1,4.584977626800537,15.100000000000001,0.30000000000000004
3,0,0.0,3.8000000000000003,4.4,0.9803427477630833,10.100000000000001,13.8,74.16950225830078,4.572042465209961,5.047604560852051,8.800000190734863,1,4.573457717895508,15.100000000000001,0.30000000000000004
3,0,0.0,3.8000000000000003,4.4,0.9803427477630833,10.100000000000001,13.8,74.66950225830078,4.560927391052246,5.006221294403076,8.800000190734863,1,4.562342643737793,15.100000000000001,0.30000000000000004
3,0,0.0,3.8000000000000003,4.4,0.9803427477630833,10.100000000000001,13.8,75.16950225830078,4.5502119064331055,4.965035915374756,8.800000190734863,1,4.551627159118652,15.100000000000001,0.30000000000000004
3,0,0.0,3.8000000000000003,4.4,0.9803427477630833,10.100000000000001,13.8,75.66950225830078,0.0,,,0,4.541306972503662,15.100000000000001,0.30000000000000004
3,0,0.0,3.8000000000000003,4.4,0.9803427477630833,10.100000000000001,13.8,76.16950225830078,4.529962062835693,4.883227348327637,8.800000190734863,1,4.53137731552124,15.100000000000001,0.30000000000000004
3,0,0.0,3.8000000000000003,4.4,0.9803427477630833,10.100000000000001,13.8,76.66950225830078,0.0,,,0,4.521834850311279,15.100000000000001,0.30000000000000004
3,0,0.0,3.8000000000000003,4.4,0.9803427477630833,10.100000000000001,13.8,77.16950225830078,4.511260509490967,4.80211877822876,8.800000190734863,1,4.512675762176514,15.100000000000001,0.30000000000000004
3,0,0.0,3.8000000000000003,4.4,0.9803427477630833,10.100000000000001,13.8,77.66950225830078,4.502480506896973,4.7618088722229,8.800000190734863,1,4.5038957595825195,15.100000000000001,0.30000000000000004
3,0,0.0,3.8000000000000003,4.4,0.9803427477630833,10.100000000000001,13.8,78.16950225830078,4.494076251983643,4.721652507781982,8.800000190734863,1,4.4954915046691895,15.100000000000001,0.30000000000000004
3,0,0.0,3.8000000000000003,4.4,0.9803427477630833,10.100000000000001,13.8,78.66950225830078,4.486044406890869,4.681642532348633,8.800000190734863,1,4.487459659576416,15.100000000000001,0.30000000000000004
3,0,0.0,3.8000000000000003,4.4,0.9803427477630833,10.100000000000001,13.8,79.16950225830078,4.478381633758545,4.641772270202637,8.800000190734863,1,4.479796886444092,15.100000000000001,0.30000000000000004
3,0,0.0,3.8000000000000003,4.4,0.9803427477630833,10.100000000000001,13.8,79.66950225830078,4.471085071563721,4.602035045623779,8.800000190734863,1,4.472500324249268,15.100000000000001,0.30000000000000004
3,0,0.0,3.8000000000000003,4.4,0.9803427477630833,10.100000000000001,13.8,80.16950225830078,4.464151859283447,4.562424182891846,8.800000190734863,1,4.465567111968994,15.100000000000001,0.30000000000000004
3,0,0.0,3.8000000000000003,4.4,0.9803427477630833,10.100000000000001,13.8,80.66950225830078,0.0,,,0,4.458994388580322,15.100000000000001,0.30000000000000004
3,0,0.0,3.8000000000000003,4.4,0.9803427477630833,10.100000000000001,13.8,81.16950225830078,4.451364517211914,4.483554363250732,8.800000190734863,1,4.452779769897461,15.100000000000001,0.30000000000000004
3,0,0.0,3.8000000000000003,4.4,0.9803427477630833,10.100000000000001,13.8,81.66950225830078,4.445505142211914,4.444282531738281,8.800000190734863,1,4.446920394897461,15.100000000000001,0.30000000000000004
3,0,0.0,3.8000000000000003,4.4,0.9803427477630833,10.100000000000001,13.8,82.16950225830078,4.439999103546143,4.405111312866211,8.800000190734863,1,4.4414143562316895,15.100000000000001,0.30000000000000004
3,0,0.0,3.8000000000000003,4.4,0.9803427477630833,10.100000000000001,13.8,82.66950225830078,4.43484354019165,4.366033554077148,8.800000190734863,1,4.436258792877197,15.100000000000001,0.30000000000000004
3,0,0.0,3.8000000000000003,4.4,0.9803427477630833,10.100000000000001,13.8,83.16950225830078,4.430037498474121,4.3270440101623535,8.800000190734863,1,4.431452751159668,15.100000000000001,0.30000000000000004
3,0,0.0,3.8000000000000003,4.4,0.9803427477630833,10.100000000000001,13.8,83.66950225830078,4.425578594207764,4.288135528564453,8.800000190734863,1,4.4269938468933105,15.100000000000001,0.30000000000000004
3,0,0.0,3.8000000000000003,4.4,0.9803427477630833,10.100000000000001,13.8,84.16950225830078,4.4214653968811035,4.249301910400391,8.800000190734863,1,4.42288064956665,15.100000000000001,0.30000000000000004
3,0,0.0,3.8000000000000003,4.4,0.9803427477630833,10.100000000000001,13.8,84.66950225830078,4.41769552230835,4.210537910461426,8.800000190734863,1,4.4191107749938965,15.100000000000001,0.30000000000000004
3,0,0.0,3.8000000000000003,4.4,0.9803427477630833,10.100000000000001,13.8,85.16950225830078,4.414268493652344,4.171836853027344,8.800000190734863,1,4.415683746337891,15.100000000000001,0.30000000000000004
3,0,0.0,3.8000000000000003,4.4,0.9803427477630833,10.100000000000001,13.8,85.66950225830078,4.411182403564453,4.133193016052246,8.800000190734863,1,4.41259765625,15.100000000000001,0.30000000000000004
3,0,0.0,3.8000000000000003,4.4,0.9803427477630833,10.100000000000001,13.8,86.16950225830078,4.408436298370361,4.094600200653076,8.800000190734863,1,4.409851551055908,15.100000000000001,0.30000000000000004
3,0,0.0,3.8000000000000003,4.4,0.9803427477630833,10.100000000000001,13.8,86.66950225830078,4.406028747558594,4.056052207946777,8.800000190734863,1,4.407444000244141,15.100000000000001,0.30000000000000004
3,0,0.0,3.8000000000000003,4.4,0.9803427477630833,10.100000000000001,13.8,87.16950225830078,4.403959274291992,4.017543792724609,8.800000190734863,1,4.405374526977539,15.100000000000001,0.30000000000000004
3,0,0.0,3.8000000000000003,4.4,0.9803427477630833,10.100000000000001,13.8,87.66950225830078,4.40222692489624,3.9790682792663574,8.800000190734863,1,4.403642177581787,15.100000000000001,0.30000000000000004
3,0,0.0,3.8000000000000003,4.4,0.9803427477630833,10.100000000000001,13.8,88.16950225830078,4.40083122253418,3.940619945526123,8.800000190734863,1,4.402246475219727,15.100000000000001,0.30000000000000004
3,0,0.0,3.8000000000000003,4.4,0.9803427477630833,10.100000000000001,13.8,88.66950225830078,4.399771213531494,3.902193307876587,8.800000190734863,1,4.401186466217041,15.100000000000001,0.30000000000000004
3,0,0.0,3.8000000000000003,4.4,0.9803427477630833,10.100000000000001,13.8,89.16950225830078,4.399046897888184,3.8637821674346924,8.800000190734863,1,4.4004621505737305,15.100000000000001,0.30000000000000004
3,0,0.0,3.8000000000000003,4.4,0.9803427477630833,10.100000000000001,13.8,89.66950225830078,0.0,,,0,4.400073051452637,15.100000000000001,0.30000000000000004
3,0,0.0,3.8000000000000003,4.4,0.9803427477630833,10.100000000000001,13.8,90.16950225830078,4.398603916168213,3.7869832515716553,8.800000190734863,1,4.40001916885376,15.100000000000001,0.30000000000000004
3,0,0.0,3.8000000000000003,4.4,0.9803427477630833,10.100000000000001,13.8,90.66950225830078,4.398885250091553,3.7485835552215576,8.800000190734863,1,4.4003005027771,15.100000000000001,0.30000000000000004
3,0,0.0,3.8000000000000003,4.4,0.9803427477630833,10.100000000000001,13.8,91.16950225830078,4.399501323699951,3.7101762294769287,8.800000190734863,1,4.400916576385498,15.100000000000001,0.30000000000000004
3,0,0.0,3.8000000000000003,4.4,0.9803427477630833,10.100000000000001,13.8,91.66950225830078,4.400453090667725,3.671755075454712,8.800000190734863,1,4.4018683433532715,15.100000000000001,0.30000000000000004
3,0,0.0,3.8000000000000003,4.4,0.9803427477630833,10.100000000000001,13.8,92.16950225830078,4.401741027832031,3.633314609527588,8.800000190734863,1,4.403156280517578,15.100000000000001,0.30000000000000004
3,0,0.0,3.8000000000000003,4.4,0.9803427477630833,10.100000000000001,13.8,92.66950225830078,4.403364658355713,3.594848394393921,8.800000190734863,1,4.40477991104126,15.100000000000001,0.30000000000000004
3,0,0.0,3.8000000000000003,4.4,0.9803427477630833,10.100000000000001,13.8,93.16950225830078,4.405325412750244,3.5563511848449707,8.800000190734863,1,4.406740665435791,15.100000000000001,0.30000000000000004
3,0,0.0,3.8000000000000003,4.4,0.9803427477630833,10.100000000000001,13.8,93.66950225830078,4.407624244689941,3.5178165435791016,8.800000190734863,1,4.409039497375488,15.100000000000001,0.30000000000000004
3,0,0.0,3.8000000000000003,4.4,0.9803427477630833,10.100000000000001,13.8,94.16950225830078,4.410261154174805,3.479238748550415,8.800000190734863,1,4.411676406860352,15.100000000000001,0.30000000000000004
3,0,0.0,3.8000000000000003,4.4,0.9803427477630833,10.100000000000001,13.8,94.66950225830078,4.413237571716309,3.4406120777130127,8.800000190734863,1,4.4146528244018555,15.100000000000001,0.30000000000000004
3,0,0.0,3.8000000000000003,4.4,0.9803427477630833,10.100000000000001,13.8,95.16950225830078,4.416554927825928,3.401930093765259,8.800000190734863,1,4.417970180511475,15.100000000000001,0.30000000000000004
3,0,0.0,3.8000000000000003,4.4,0.9803427477630833,10.100000000000001,13.8,95.66950225830078,4.4202141761779785,3.363186836242676,8.800000190734863,1,4.421629428863525,15.100000000000001,0.30000000000000004
3,0,0.0,3.8000000000000003,4.4,0.9803427477630833,10.100000000000001,13.8,96.16950225830078,4.4242167472839355,3.3243765830993652,8.800000190734863,1,4.425631999969482,15.100000000000001,0.30000000000000004
3,0,0.0,3.8000000000000003,4.4,0.9803427477630833,10.100000000000001,13.8,96.66950225830078,4.428564071655273,3.2854931354522705,8.800000190734863,1,4.42997932434082,15.100000000000001,0.30000000000000004
3,0,0.0,3.8000000000000003,4.4,0.9803427477630833,10.100000000000001,13.8,97.16950225830078,0.0,,,0,4.434673309326172,15.100000000000001,0.30000000000000004
3,0,0.0,3.8000000000000003,4.4,0.9803427477630833,10.100000000000001,13.8,97.66950225830078,4.438300609588623,3.2074813842773438,8.800000190734863,1,4.43971586227417,15.100000000000001,0.30000000000000004
3,0,0.0,3.8000000000000003,4.4,0.9803427477630833,10.100000000000001,13.8,98.16950225830078,4.4436936378479,3.1683409214019775,8.800000190734863,1,4.445108890533447,15.100000000000001,0.30000000000000004
3,0,0.0,3.8000000000000003,4.4,0.9803427477630833,10.100000000000001,13.8,98.66950225830078,4.44943904876709,3.1291022300720215,8.800000190734863,1,4.450854301452637,15.100000000000001,0.30000000000000004
3,0,0.0,3.8000000000000003,4.4,0.9803427477630833,10.100000000000001,13.8,99.16950225830078,4.455539226531982,3.08975887298584,8.800000190734863,1,4.456954479217529,15.100000000000001,0.30000000000000004
3,0,0.0,3.8000000000000003,4.4,0.9803427477630833,10.100000000000001,13.8,99.66950225830078,4.461996555328369,3.050304412841797,8.800000190734863,1,4.463411808013916,15.100000000000001,0.30000000000000004
3,0,0.0,3.8000000000000003,4.4,0.9803427477630833,10.100000000000001,13.8,100.16950225830078,4.468813419342041,3.010732650756836,8.800000190734863,1,4.470228672027588,15.100000000000001,0.30000000000000004
3,0,0.0,3.8000000000000003,4.4,0.9803427477630833,10.100000000000001,13.8,100.66950225830078,4.475992679595947,2.971036911010742,8.800000190734863,1,4.477407932281494,15.100000000000001,0.30000000000000004
3,0,0.0,3.8000000000000003,4.4,0.9803427477630833,10.100000000000001,13.8,101.16950225830078,4.483536720275879,2.9312102794647217,8.800000190734863,1,4.484951972961426,15.100000000000001,0.30000000000000004
3,0,0.0,3.8000000000000003,4.4,0.9803427477630833,10.100000000000001,13.8,101.66950225830078,0.0,,,0,4.492864608764648,15.100000000000001,0.30000000000000004
3,0,0.0,3.8000000000000003,4.4,0.9803427477630833,10.100000000000001,13.8,102.16950225830078,4.4997334480285645,2.851137638092041,8.800000190734863,1,4.501148700714111,15.100000000000001,0.30000000000000004
3,0,0.0,3.8000000000000003,4.4,0.9803427477630833,10.100000000000001,13.8,102.66950225830078,0.0,,,0,4.509807586669922,15.100000000000001,0.30000000000000004
3,0,0.0,3.8000000000000003,4.4,0.9803427477630833,10.100000000000001,13.8,103.16950225830078,4.517428874969482,2.7704598903656006,8.800000190734863,1,4.518844127655029,15.100000000000001,0.30000000000000004
3,0,0.0,3.8000000000000003,4.4,0.9803427477630833,10.100000000000001,13.8,103.66950225830078,4.5268473625183105,2.7298765182495117,8.800000190734863,1,4.528262615203857,15.100000000000001,0.30000000000000004
3,0,0.0,3.8000000000000003,4.4,0.9803427477630833,10.100000000000001,13.8,104.16950225830078,4.536652088165283,2.6891205310821533,8.800000190734863,1,4.53806734085083,15.100000000000001,0.30000000000000004
3,0,0.0,3.8000000000000003,4.4,0.9803427477630833,10.100000000000001,13.8,104.66950225830078,4.54684591293335,2.6481845378875732,8.800000190734863,1,4.5482611656188965,15.100000000000001,0.30000000000000004
3,0,0.0,3.8000000000000003,4.4,0.9803427477630833,10.100000000000001,13.8,105.16950225830078,4.557433605194092,2.6070611476898193,8.800000190734863,1,4.558848857879639,15.100000000000001,0.30000000000000004
3,0,0.0,3.8000000000000003,4.4,0.9803427477630833,10.100000000000001,13.8,105.66950225830078,4.568419933319092,2.5657424926757812,8.800000190734863,1,4.569835186004639,15.100000000000001,0.30000000000000004
3,0,0.0,3.8000000000000003,4.4,0.9803427477630833,10.100000000000001,13.8,106.16950225830078,4.579808712005615,2.524221181869507,8.800000190734863,1,4.581223964691162,15.100000000000001,0.30000000000000004
3,0,0.0,3.8000000000000003,4.4,0.9803427477630833,10.100000000000001,13.8,106.66950225830078,0.0,,,0,4.593020439147949,15.100000000000001,0.30000000000000004
3,0,0.0,3.8000000000000003,4.4,0.9803427477630833,10.100000000000001,13.8,107.16950225830078,4.603813648223877,2.4405386447906494,8.800000190734863,1,4.605228900909424,15.100000000000001,0.30000000000000004
3,0,0.0,3.8000000000000003,4.4,0.9803427477630833,10.100000000000001,13.8,107.66950225830078,4.616440296173096,2.3983609676361084,8.800000190734863,1,4.617855548858643,15.100000000000001,0.30000000000000004
3,0,0.0,3.8000000000000003,4.4,0.9803427477630833,10.100000000000001,13.8,108.16950225830078,4.629490375518799,2.3559484481811523,8.800000190734863,1,4.630905628204346,15.100000000000001,0.30000000000000004
3,0,0.0,3.8000000000000003,4.4,0.9803427477630833,10.100000000000001,13.8,108.66950225830078,4.642968654632568,2.3132920265197754,8.800000190734863,1,4.644383907318115,15.100000000000001,0.30000000000000004
3,0,0.0,3.8000000000000003,4.4,0.9803427477630833,10.100000000000001,13.8,109.16950225830078,4.656881332397461,2.270383596420288,8.800000190734863,1,4.658296585083008,15.100000000000001,0.30000000000000004
3,0,0.0,3.8000000000000003,4.4,0.9803427477630833,10.100000000000001,13.8,109.66950225830078,4.671234607696533,2.2272138595581055,8.800000190734863,1,4.67264986038208,15.100000000000001,0.30000000000000004
3,0,0.0,3.8000000000000003,4.4,0.9803427477630833,10.100000000000001,13.8,110.16950225830078,4.686034679412842,2.1837737560272217,8.800000190734863,1,4.687449932098389,15.100000000000001,0.30000000000000004
3,0,0.0,3.8000000000000003,4.4,0.9803427477630833,10.100000000000001,13.8,110.66950225830078,4.701288223266602,2.14005446434021,8.800000190734863,1,4.702703475952148,15.100000000000001,0.30000000000000004
3,0,0.0,3.8000000000000003,4.4,0.9803427477630833,10.100000000000001,13.8,111.16950225830078,0.0,,,0,4.718416690826416,15.100000000000001,0.30000000000000004
3,0,0.0,3.8000000000000003,4.4,0.9803427477630833,10.100000000000001,13.8,111.66950225830078,4.733182430267334,2.0517396926879883,8.800000190734863,1,4.734597682952881,15.100000000000001,0.30000000000000004
3,0,0.0,3.8000000000000003,4.4,0.9803427477630833,10.100000000000001,13.8,112.16950225830078,4.749837398529053,2.007124900817871,8.800000190734863,1,4.7512526512146,15.100000000000001,0.30000000000000004
3,0,0.0,3.8000000000000003,4.4,0.9803427477630833,10.100000000000001,13.8,112.66950225830078,4.766974449157715,1.9621914625167847,8.800000190734863,1,4.768389701843262,15.100000000000001,0.30000000000000004
3,0,0.0,3.8000000000000003,4.4,0.9803427477630833,10.100000000000001,13.8,113.16950225830078,4.784601211547852,1.9169292449951172,8.800000190734863,1,4.786016464233398,15.100000000000001,0.30000000000000004
3,0,0.0,3.8000000000000003,4.4,0.9803427477630833,10.100000000000001,13.8,113.66950225830078,4.8027262687683105,1.8713277578353882,8.800000190734863,1,4.804141521453857,15.100000000000001,0.30000000000000004
3,0,0.0,3.8000000000000003,4.4,0.9803427477630833,10.100000000000001,13.8,114.16950225830078,4.821357727050781,1.825376033782959,8.800000190734863,1,4.822772979736328,15.100000000000001,0.30000000000000004
3,0,0.0,3.8000000000000003,4.4,0.9803427477630833,10.100000000000001,13.8,114.66950225830078,4.8405046463012695,1.7790629863739014,8.800000190734863,1,4.841919898986816,15.100000000000001,0.30000000000000004
3,0,0.0,3.8000000000000003,4.4,0.9803427477630833,10.100000000000001,13.8,115.16950225830078,4.860175609588623,1.7323771715164185,8.800000190734863,1,4.86159086227417,15.100000000000001,0.30000000000000004
3,0,0.0,3.8000000000000003,4.4,0.9803427477630833,10.100000000000001,13.8,115.66950225830078,4.880380153656006,1.6853067874908447,8.800000190734863,1,4.881795406341553,15.100000000000001,0.30000000000000004
3,0,0.0,3.8000000000000003,4.4,0.9803427477630833,10.100000000000001,13.8,116.16950225830078,0.0,,,0,4.902544021606445,15.100000000000001,0.30000000000000004
3,0,0.0,3.8000000000000003,4.4,0.9803427477630833,10.100000000000001,13.8,116.66950225830078,4.922430515289307,1.5899642705917358,8.800000190734863,1,4.9238457679748535,15.100000000000001,0.30000000000000004
3,0,0.0,3.8000000000000003,4.4,0.9803427477630833,10.100000000000001,13.8,117.16950225830078,4.944296836853027,1.5416669845581055,8.800000190734863,1,4.945712089538574,15.100000000000001,0.30000000000000004
3,0,0.0,3.8000000000000003,4.4,0.9803427477630833,10.100000000000001,13.8,117.66950225830078,4.966738224029541,1.4929351806640625,8.800000190734863,1,4.968153476715088,15.100000000000001,0.30000000000000004
3,0,0.0,3.8000000000000003,4.4,0.9803427477630833,10.100000000000001,13.8,118.16950225830078,0.0,,,0,4.991181373596191,15.100000000000001,0.30000000000000004
3,0,0.0,3.8000000000000003,4.4,0.9803427477630833,10.100000000000001,13.8,118.66950225830078,5.013391971588135,1.394113540649414,8.800000190734863,1,5.014807224273682,15.100000000000001,0.30000000000000004
3,0,0.0,3.8000000000000003,4.4,0.9803427477630833,10.100000000000001,13.8,119.16950225830078,5.037628173828125,1.3439958095550537,8.800000190734863,1,5.039043426513672,15.100000000000001,0.30000000000000004
3,0,0.0,3.8000000000000003,4.4,0.9803427477630833,10.100000000000001,13.8,119.66950225830078,5.0624871253967285,1.2933874130249023,8.800000190734863,1,5.063902378082275,15.100000000000001,0.30000000000000004
3,0,0.0,3.8000000000000003,4.4,0.9803427477630833,10.100000000000001,13.8,120.16950225830078,5.087982177734375,1.2422733306884766,8.800000190734863,1,5.089397430419922,15.100000000000001,0.30000000000000004
3,0,0.0,3.8000000000000003,4.4,0.9803427477630833,10.100000000000001,13.8,120.66950225830078,5.114126682281494,1.1906379461288452,8.800000190734863,1,5.115541934967041,15.100000000000001,0.30000000000000004
3,0,0.0,3.8000000000000003,4.4,0.9803427477630833,10.100000000000001,13.8,121.16950225830078,5.140934944152832,1.138465404510498,8.800000190734863,1,5.142350196838379,15.100000000000001,0.30000000000000004
3,0,0.0,3.8000000000000003,4.4,0.9803427477630833,10.100000000000001,13.8,121.66950225830078,5.168421745300293,1.085739016532898,8.800000190734863,1,5.16983699798584,15.100000000000001,0.30000000000000004
3,0,0.0,3.8000000000000003,4.4,0.9803427477630833,10.100000000000001,13.8,122.16950225830078,5.196601390838623,1.0324418544769287,8.800000190734863,1,5.19801664352417,15.100000000000001,0.30000000000000004
3,0,0.0,3.8000000000000003,4.4,0.9803427477630833,10.100000000000001,13.8,122.66950225830078,5.225490570068359,0.9785564541816711,8.800000190734863,1,5.226905822753906,15.100000000000001,0.30000000000000004
3,0,0.0,3.8000000000000003,4.4,0.9803427477630833,10.100000000000001,13.8,123.16950225830078,5.255105018615723,0.9240645170211792,8.800000190734863,1,5.2565202713012695,15.100000000000001,0.30000000000000004
3,0,0.0,3.8000000000000003,4.4,0.9803427477630833,10.100000000000001,13.8,123.66950225830078,5.285461902618408,0.8689473867416382,8.800000190734863,1,5.286877155303955,15.100000000000001,0.30000000000000004
3,0,0.0,3.8000000000000003,4.4,0.9803427477630833,10.100000000000001,13.8,124.16950225830078,5.3165788650512695,0.8131856322288513,8.800000190734863,1,5.317994117736816,15.100000000000001,0.30000000000000004
3,0,0.0,3.8000000000000003,4.4,0.9803427477630833,10.100000000000001,13.8,124.66950225830078,5.348474025726318,0.7567592859268188,8.800000190734863,1,5.349889278411865,15.100000000000001,0.30000000000000004
3,0,0.0,3.8000000000000003,4.4,0.9803427477630833,10.100000000000001,13.8,125.16950225830078,5.381166458129883,0.6996476650238037,8.800000190734863,1,5.38258171081543,15.100000000000001,0.30000000000000004
3,0,0.0,3.8000000000000003,4.4,0.9803427477630833,10.100000000000001,13.8,125.66950225830078,5.414675712585449,0.6418293118476868,8.800000190734863,1,5.416090965270996,15.100000000000001,0.30000000000000004
3,0,0.0,3.8000000000000003,4.4,0.9803427477630833,10.100000000000001,13.8,126.16950225830078,0.0,,,0,5.450438022613525,15.100000000000001,0.30000000000000004
3,0,0.0,3.8000000000000003,4.4,0.9803427477630833,10.100000000000001,13.8,126.66950225830078,5.484228610992432,0.5239829421043396,8.800000190734863,1,5.4856438636779785,15.100000000000001,0.30000000000000004
3,0,0.0,3.8000000000000003,4.4,0.9803427477630833,10.100000000000001,13.8,127.16950225830078,0.0,,,0,5.521730422973633,15.100000000000001,0.30000000000000004
3,0,0.0,3.8000000000000003,4.4,0.9803427477630833,10.100000000000001,13.8,127.66950225830078,5.557306289672852,0.40303313732147217,8.800000190734863,1,5.558721542358398,15.100000000000001,0.30000000000000004
3,0,0.0,3.8000000000000003,4.4,0.9803427477630833,10.100000000000001,13.8,128.16949462890625,5.595224857330322,0.34133225679397583,8.800000190734863,1,5.596640110015869,15.100000000000001,0.30000000000000004
3,0,0.0,3.8000000000000003,4.4,0.9803427477630833,10.100000000000001,13.8,128.66949462890625,5.634097099304199,0.278779000043869,8.800000190734863,1,5.635512351989746,15.100000000000001,0.30000000000000004
3,0,0.0,3.8000000000000003,4.4,0.9803427477630833,10.100000000000001,13.8,129.16949462890625,5.673947811126709,0.2153458446264267,8.800000190734863,1,5.675363063812256,15.100000000000001,0.30000000000000004
3,0,0.0,3.8000000000000003,4.4,0.9803427477630833,10.100000000000001,13.8,129.66949462890625,0.0,,,0,5.716219902038574,15.100000000000001,0.30000000000000004
3,0,0.0,3.8000000000000003,4.4,0.9803427477630833,10.100000000000001,13.8,130.16949462890625,5.756695747375488,0.08572456240653992,8.800000190734863,1,5.758111000061035,15.100000000000001,0.30000000000000004
3,0,0.0,3.8000000000000003,4.4,0.9803427477630833,10.100000000000001,13.8,130.66949462890625,5.799650192260742,0.019475916400551796,8.800000190734863,1,5.801065444946289,15.100000000000001,0.30000000000000004
3,0,0.0,3.8000000000000003,4.4,0.9803427477630833,10.100000000000001,13.8,131.16949462890625,5.843698978424072,-0.04777372628450394,8.800000190734863,1,5.845114231109619,15.100000000000001,0.30000000000000004
3,0,0.0,3.8000000000000003,4.4,0.9803427477630833,10.100000000000001,13.8,131.66949462890625,5.888874053955078,-0.11605770885944366,8.800000190734863,1,5.890289306640625,15.100000000000001,0.30000000000000004
3,0,0.0,3.8000000000000003,4.4,0.9803427477630833,10.100000000000001,13.8,132.16949462890625,5.935208320617676,-0.18541072309017181,8.800000190734863,1,5.936623573303223,15.100000000000001,0.30000000000000004
3,0,0.0,3.8000000000000003,4.4,0.9803427477630833,10.100000000000001,13.8,132.66949462890625,5.982736587524414,-0.2558688819408417,8.800000190734863,1,5.984151840209961,15.100000000000001,0.30000000000000004
3,0,0.0,3.8000000000000003,4.4,0.9803427477630833,10.100000000000001,13.8,133.16949462890625,0.0,,,0,6.032910346984863,15.100000000000001,0.30000000000000004
3,0,0.0,3.8000000000000003,4.4,0.9803427477630833,10.100000000000001,13.8,133.66949462890625,6.081521987915039,-0.40025269985198975,8.800000190734863,1,6.082937240600586,15.100000000000001,0.30000000000000004
3,0,0.0,3.8000000000000003,4.4,0.9803427477630833,10.100000000000001,13.8,134.16949462890625,6.1328558921813965,-0.4742584526538849,8.800000190734863,1,6.134271144866943,15.100000000000001,0.30000000000000004
3,0,0.0,3.8000000000000003,4.4,0.9803427477630833,10.100000000000001,13.8,134.66949462890625,6.185539245605469,-0.5495297312736511,8.800000190734863,1,6.186954498291016,15.100000000000001,0.30000000000000004
3,0,0.0,3.8000000000000003,4.4,0.9803427477630833,10.100000000000001,13.8,135.16949462890625,6.239614963531494,-0.6261109709739685,8.800000190734863,1,6.241030216217041,15.100000000000001,0.30000000000000004
3,0,0.0,3.8000000000000003,4.4,0.9803427477630833,10.100000000000001,13.8,135.66949462890625,6.295127868652344,-0.7040486335754395,8.800000190734863,1,6.296543121337891,15.100000000000001,0.30000000000000004
3,0,0.0,3.8000000000000003,4.4,0.9803427477630833,10.100000000000001,13.8,136.16949462890625,6.35212516784668,-0.7833914160728455,8.800000190734863,1,6.353540420532227,15.100000000000001,0.30000000000000004
3,0,0.0,3.8000000000000003,4.4,0.9803427477630833,10.100000000000001,13.8,136.66949462890625,6.410656929016113,-0.8641899228096008,8.800000190734863,1,6.41207218170166,15.100000000000001,0.30000000000000004
3,0,0.0,3.8000000000000003,4.4,0.9803427477630833,10.100000000000001,13.8,137.16949462890625,6.470774173736572,-0.9464972615242004,8.800000190734863,1,6.472189426422119,15.100000000000001,0.30000000000000004
3,0,0.0,3.8000000000000003,4.4,0.9803427477630833,10.100000000000001,13.8,137.66949462890625,6.53253173828125,-1.0303691625595093,8.800000190734863,1,6.533946990966797,15.100000000000001,0.30000000000000004
3,0,0.0,3.8000000000000003,4.4,0.9803427477630833,10.100000000000001,13.8,138.16949462890625,6.595986843109131,-1.115863561630249,8.800000190734863,1,6.597402095794678,15.100000000000001,0.30000000000000004
3,0,0.0,3.8000000000000003,4.4,0.9803427477630833,10.100000000000001,13.8,138.66949462890625,6.661198616027832,-1.2030415534973145,8.800000190734863,1,6.662613868713379,15.100000000000001,0.30000000000000004
3,0,0.0,3.8000000000000003,4.4,0.9803427477630833,10.100000000000001,13.8,139.16949462890625,0.0,,,0,6.729645252227783,15.100000000000001,0.30000000000000004
3,0,0.0,3.8000000000000003,4.4,0.9803427477630833,10.100000000000001,13.8,139.66949462890625,6.797147274017334,-1.382706880569458,8.800000190734863,1,6.798562526702881,15.100000000000001,0.30000000000000004
3,0,0.0,3.8000000000000003,4.4,0.9803427477630833,10.100000000000001,13.8,140.16949462890625,6.868018627166748,-1.4753316640853882,8.800000190734863,1,6.869433879852295,15.100000000000001,0.30000000000000004
3,0,0.0,3.8000000000000003,4.4,0.9803427477630833,10.100000000000001,13.8,140.66949462890625,6.94091796875,-1.5699151754379272,8.800000190734863,1,6.942333221435547,15.100000000000001,0.30000000000000004
3,0,0.0,3.8000000000000003,4.4,0.9803427477630833,10.100000000000001,13.8,141.16949462890625,7.015921115875244,-1.6665351390838623,8.800000190734863,1,7.017336368560791,15.100000000000001,0.30000000000000004
3,0,0.0,3.8000000000000003,4.4,0.9803427477630833,10.100000000000001,13.8,141.66949462890625,7.093108654022217,-1.7652732133865356,8.800000190734863,1,7.094523906707764,15.100000000000001,0.30000000000000004
3,0,0.0,3.8000000000000003,4.4,0.9803427477630833,10.100000000000001,13.8,142.16949462890625,7.172565460205078,-1.866215467453003,8.800000190734863,1,7.173980712890625,15.100000000000001,0.30000000000000004
3,0,0.0,3.8000000000000003,4.4,0.9803427477630833,10.100000000000001,13.8,142.66949462890625,7.25438117980957,-1.9694522619247437,8.800000190734863,1,7.255796432495117,15.100000000000001,0.30000000000000004
3,0,0.0,3.8000000000000003,4.4,0.9803427477630833,10.100000000000001,13.8,143.16949462890625,7.338649749755859,-2.0750789642333984,8.800000190734863,1,7.340065002441406,15.100000000000001,0.30000000000000004
3,0,0.0,3.8000000000000003,4.4,0.9803427477630833,10.100000000000001,13.8,143.66949462890625,7.42547082901001,-2.183196544647217,8.800000190734863,1,7.426886081695557,15.100000000000001,0.30000000000000004
3,0,0.0,3.8000000000000003,4.4,0.9803427477630833,10.100000000000001,13.8,144.16949462890625,0.0,,,0,7.5163655281066895,15.100000000000001,0.30000000000000004
3,0,0.0,3.8000000000000003,4.4,0.9803427477630833,10.100000000000001,13.8,144.66949462890625,7.607198238372803,-2.407334089279175,8.800000190734863,1,7.60861349105835,15.100000000000001,0.30000000000000004
3,0,0.0,3.8000000000000003,4.4,0.9803427477630833,10.100000000000001,13.8,145.16949462890625,7.702332496643066,-2.523585319519043,8.800000190734863,1,7.703747749328613,15.100000000000001,0.30000000000000004
3,0,0.0,3.8000000000000003,4.4,0.9803427477630833,10.100000000000001,13.8,145.66949462890625,7.800477504730225,-2.642789363861084,8.800000190734863,1,7.8018927574157715,15.100000000000001,0.30000000000000004
3,0,0.0,3.8000000000000003,4.4,0.9803427477630833,10.100000000000001,13.8,146.16949462890625,7.9017653465271,-2.7650792598724365,8.800000190734863,1,7.9031805992126465,15.100000000000001,0.30000000000000004
3,0,0.0,3.8000000000000003,4.4,0.9803427477630833,10.100000000000001,13.8,146.66949462890625,8.006336212158203,-2.8905961513519287,8.800000190734863,1,8.00775146484375,15.100000000000001,0.30000000000000004
3,0,0.0,3.8000000000000003,4.4,0.9803427477630833,10.100000000000001,13.8,147.16949462890625,8.114336967468262,-3.01948881149292,8.800000190734863,1,8.115752220153809,15.100000000000001,0.30000000000000004
3,0,0.0,3.8000000000000003,4.4,0.9803427477630833,10.100000000000001,13.8,147.66949462890625,8.22592544555664,-3.151916027069092,8.800000190734863,1,8.227340698242188,15.100000000000001,0.30000000000000004
3,0,0.0,3.8000000000000003,4.4,0.9803427477630833,10.100000000000001,13.8,148.16949462890625,8.341270446777344,-3.288046360015869,8.800000190734863,1,8.34268569946289,15.100000000000001,0.30000000000000004
3,0,0.0,3.8000000000000003,4.4,0.9803427477630833,10.100000000000001,13.8,148.66949462890625,0.0,,,0,8.461963653564453,15.100000000000001,0.30000000000000004
3,0,0.0,3.8000000000000003,4.4,0.9803427477630833,10.100000000000001,13.8,149.16949462890625,8.58395004272461,-3.572143793106079,8.800000190734863,1,8.585365295410156,15.100000000000001,0.30000000000000004
3,0,0.0,3.8000000000000003,4.4,0.9803427477630833,10.100000000000001,13.8,149.66949462890625,8.711678504943848,-3.7205049991607666,8.800000190734863,1,8.713093757629395,15.100000000000001,0.30000000000000004
3,0,0.0,3.8000000000000003,4.4,0.9803427477630833,10.100000000000001,13.8,150.16949462890625,0.0,,,0,8.845362663269043,15.100000000000001,0.30000000000000004
3,0,0.0,3.8000000000000003,4.4,0.9803427477630833,10.100000000000001,13.8,150.66949462890625,8.980989456176758,-4.030937671661377,8.800000190734863,1,8.982404708862305,15.100000000000001,0.30000000000000004
3,0,0.0,3.8000000000000003,4.4,0.9803427477630833,10.100000000000001,13.8,151.16949462890625,9.12304973602295,-4.193488597869873,8.800000190734863,1,9.124464988708496,15.100000000000001,0.30000000000000004
3,0,0.0,3.8000000000000003,4.4,0.9803427477630833,10.100000000000001,13.8,151.66949462890625,9.270393371582031,-4.361276626586914,8.800000190734863,1,9.271808624267578,15.100000000000001,0.30000000000000004
3,0,0.0,3.8000000000000003,4.4,0.9803427477630833,10.100000000000001,13.8,152.16949462890625,9.423303604125977,-4.534585952758789,8.800000190734863,1,9.424718856811523,15.100000000000001,0.30000000000000004
3,0,0.0,3.8000000000000003,4.4,0.9803427477630833,10.100000000000001,13.8,152.66949462890625,9.582083702087402,-4.713721752166748,8.800000190734863,1,9.58349895477295,15.100000000000001,0.30000000000000004
3,0,0.0,3.8000000000000003,4.4,0.9803427477630833,10.100000000000001,13.8,153.16949462890625,0.0,,,0,9.748476028442383,15.100000000000001,0.30000000000000004
3,0,0.0,3.8000000000000003,4.4,0.9803427477630833,10.100000000000001,13.8,153.66949462890625,9.918585777282715,-5.090806007385254,8.800000190734863,1,9.920001029968262,15.100000000000001,0.30000000000000004
3,0,0.0,3.8000000000000003,4.4,0.9803427477630833,10.100000000000001,13.8,154.16949462890625,10.097038269042969,-5.289486885070801,8.800000190734863,1,10.098453521728516,15.100000000000001,0.30000000000000004
3,0,0.0,3.8000000000000003,4.4,0.9803427477630833,10.100000000000001,13.8,154.66949462890625,10.28282642364502,-5.495462417602539,8.800000190734863,1,10.284241676330566,15.100000000000001,0.30000000000000004
3,0,0.0,3.8000000000000003,4.4,0.9803427477630833,10.100000000000001,13.8,155.16949462890625,10.476390838623047,-5.709176063537598,8.800000190734863,1,10.477806091308594,15.100000000000001,0.30000000000000004
3,0,0.0,3.8000000000000003,4.4,0.9803427477630833,10.100000000000001,13.8,155.66949462890625,10.678211212158203,-5.931105613708496,8.800000190734863,1,10.67962646484375,15.100000000000001,0.30000000000000004
3,0,0.0,3.8000000000000003,4.4,0.9803427477630833,10.100000000000001,13.8,156.16949462890625,10.88880443572998,-6.161770820617676,8.800000190734863,1,10.890219688415527,15.100000000000001,0.30000000000000004
3,0,0.0,3.8000000000000003,4.4,0.9803427477630833,10.100000000000001,13.8,156.66949462890625,0.0,,,0,11.110148429870605,15.100000000000001,0.30000000000000004
3,0,0.0,3.8000000000000003,4.4,0.9803427477630833,10.100000000000001,13.8,157.16949462890625,11.338608741760254,-6.651609897613525,8.800000190734863,1,11.3400239944458,15.100000000000001,0.30000000000000004
3,0,0.0,3.8000000000000003,4.4,0.9803427477630833,10.100000000000001,13.8,157.66949462890625,11.57909870147705,-6.9120635986328125,8.800000190734863,1,11.580513954162598,15.100000000000001,0.30000000000000004
3,0,0.0,3.8000000000000003,4.4,0.9803427477630833,10.100000000000001,13.8,158.16949462890625,11.830930709838867,-7.1838250160217285,8.800000190734863,1,11.832345962524414,15.100000000000001,0.30000000000000004
3,0,0.0,3.8000000000000003,4.4,0.9803427477630833,10.100000000000001,13.8,158.66949462890625,11.838990211486816,-7.229310512542725,8.706912994384766,1,11.840405464172363,15.100000000000001,0.30000000000000004
3,0,0.0,3.8000000000000003,4.4,0.9803427477630833,10.100000000000001,13.8,159.16949462890625,11.799226760864258,-7.229310512542725,8.59636116027832,1,11.800642013549805,15.100000000000001,0.30000000000000004
3,0,0.0,3.8000000000000003,4.4,0.9803427477630833,10.100000000000001,13.8,159.66949462890625,11.760622024536133,-7.229310512542725,8.486541748046875,1,11.76203727722168,15.100000000000001,0.30000000000000004
3,0,0.0,3.8000000000000003,4.4,0.9803427477630833,10.100000000000001,13.8,160.16949462890625,11.723158836364746,-7.229310512542725,8.377429008483887,1,11.724574089050293,15.100000000000001,0.30000000000000004
3,0,0.0,3.8000000000000003,4.4,0.9803427477630833,10.100000000000001,13.8,160.66949462890625,11.686820983886719,-7.229310512542725,8.269001960754395,1,11.688236236572266,15.100000000000001,0.30000000000000004
3,0,0.0,3.8000000000000003,4.4,0.9803427477630833,10.100000000000001,13.8,161.16949462890625,11.651592254638672,-7.229310512542725,8.161235809326172,1,11.653007507324219,15.100000000000001,0.30000000000000004
3,0,0.0,3.8000000000000003,4.4,0.9803427477630833,10.100000000000001,13.8,161.66949462890625,0.0,,,0,11.61887264251709,15.100000000000001,0.30000000000000004
3,0,0.0,3.8000000000000003,4.4,0.9803427477630833,10.100000000000001,13.8,162.16949462890625,11.584402084350586,-7.229310512542725,7.947601318359375,1,11.585817337036133,15.100000000000001,0.30000000000000004
3,0,0.0,3.8000000000000003,4.4,0.9803427477630833,10.100000000000001,13.8,162.66949462890625,11.552412033081055,-7.229310512542725,7.841689109802246,1,11.553827285766602,15.100000000000001,0.30000000000000004
3,0,0.0,3.8000000000000003,4.4,0.9803427477630833,10.100000000000001,13.8,163.16949462890625,0.0,,,0,11.522887229919434,15.100000000000001,0.30000000000000004
3,0,0.0,3.8000000000000003,4.4,0.9803427477630833,10.100000000000001,13.8,163.66949462890625,0.0,,,0,11.492986679077148,15.100000000000001,0.30000000000000004
3,0,0.0,3.8000000000000003,4.4,0.9803427477630833,10.100000000000001,13.8,164.16949462890625,11.462695121765137,-7.229310512542725,7.527322292327881,1,11.464110374450684,15.100000000000001,0.30000000000000004
3,0,0.0,3.8000000000000003,4.4,0.9803427477630833,10.100000000000001,13.8,164.66949462890625,11.434833526611328,-7.229310512542725,7.42358922958374,1,11.436248779296875,15.100000000000001,0.30000000000000004
3,0,0.0,3.8000000000000003,4.4,0.9803427477630833,10.100000000000001,13.8,165.16949462890625,11.407973289489746,-7.229310512542725,7.3203511238098145,1,11.409388542175293,15.100000000000001,0.30000000000000004
3,0,0.0,3.8000000000000003,4.4,0.9803427477630833,10.100000000000001,13.8,165.66949462890625,11.38210391998291,-7.229310512542725,7.217588901519775,1,11.383519172668457,15.100000000000001,0.30000000000000004
3,0,0.0,3.8000000000000003,4.4,0.9803427477630833,10.100000000000001,13.8,166.16949462890625,11.357213973999023,-7.229310512542725,7.115284442901611,1,11.35862922668457,15.100000000000001,0.30000000000000004
3,0,0.0,3.8000000000000003,4.4,0.9803427477630833,10.100000000000001,13.8,166.66949462890625,11.333294868469238,-7.229310512542725,7.013418197631836,1,11.334710121154785,15.100000000000001,0.30000000000000004
3,0,0.0,3.8000000000000003,4.4,0.9803427477630833,10.100000000000001,13.8,167.16949462890625,0.0,,,0,11.311750411987305,15.100000000000001,0.30000000000000004
3,0,0.0,3.8000000000000003,4.4,0.9803427477630833,10.100000000000001,13.8,167.66949462890625,11.288326263427734,-7.229310512542725,6.810929298400879,1,11.289741516113281,15.100000000000001,0.30000000000000004
3,0,0.0,3.8000000000000003,4.4,0.9803427477630833,10.100000000000001,13.8,168.16949462890625,11.267260551452637,-7.229310512542725,6.710270881652832,1,11.268675804138184,15.100000000000001,0.30000000000000004
3,0,0.0,3.8000000000000003,4.4,0.9803427477630833,10.100000000000001,13.8,168.66949462890625,11.247126579284668,-7.229310512542725,6.609979629516602,1,11.248541831970215,15.100000000000001,0.30000000000000004
3,0,0.0,3.8000000000000003,4.4,0.9803427477630833,10.100000000000001,13.8,169.16949462890625,0.0,,,0,11.229334831237793,15.100000000000001,0.30000000000000004
3,0,0.0,3.8000000000000003,4.4,0.9803427477630833,10.100000000000001,13.8,169.66949462890625,11.20962905883789,-7.229310512542725,6.410430908203125,1,11.211044311523438,15.100000000000001,0.30000000000000004
3,0,0.0,3.8000000000000003,4.4,0.9803427477630833,10.100000000000001,13.8,170.16949462890625,11.19225025177002,-7.229310512542725,6.311139106750488,1,11.193665504455566,15.100000000000001,0.30000000000000004
3,0,0.0,3.8000000000000003,4.4,0.9803427477630833,10.100000000000001,13.8,170.66949462890625,11.175774574279785,-7.229310512542725,6.2121477127075195,1,11.177189826965332,15.100000000000001,0.30000000000000004
3,0,0.0,3.8000000000000003,4.4,0.9803427477630833,10.100000000000001,13.8,171.16949462890625,11.160196304321289,-7.229310512542725,6.113439559936523,1,11.161611557006836,15.100000000000001,0.30000000000000004
3,0,0.0,3.8000000000000003,4.4,0.9803427477630833,10.100000000000001,13.8,171.66949462890625,11.145508766174316,-7.229310512542725,6.014998435974121,1,11.146924018859863,15.100000000000001,0.30000000000000004
3,0,0.0,3.8000000000000003,4.4,0.9803427477630833,10.100000000000001,13.8,172.16949462890625,0.0,,,0,11.133121490478516,15.100000000000001,0.30000000000000004
3,0,0.0,3.8000000000000003,4.4,0.9803427477630833,10.100000000000001,13.8,172.66949462890625,0.0,,,0,11.120200157165527,15.100000000000001,0.30000000000000004
3,0,0.0,3.8000000000000003,4.4,0.9803427477630833,10.100000000000001,13.8,173.16949462890625,11.10673713684082,-7.229310512542725,5.721120357513428,1,11.108152389526367,15.100000000000001,0.30000000000000004
3,0,0.0,3.8000000000000003,4.4,0.9803427477630833,10.100000000000001,13.8,173.66949462890625,0.0,,,0,11.096975326538086,15.100000000000001,0.30000000000000004
3,0,0.0,3.8000000000000003,4.4,0.9803427477630833,10.100000000000001,13.8,174.16949462890625,11.085248947143555,-7.229310512542725,5.526248455047607,1,11.086664199829102,15.100000000000001,0.30000000000000004
3,0,0.0,3.8000000000000003,4.4,0.9803427477630833,10.100000000000001,13.8,174.66949462890625,11.075799942016602,-7.229310512542725,5.429080009460449,1,11.077215194702148,15.100000000000001,0.30000000000000004
3,0,0.0,3.8000000000000003,4.4,0.9803427477630833,10.100000000000001,13.8,175.16949462890625,11.067209243774414,-7.229310512542725,5.332069396972656,1,11.068624496459961,15.100000000000001,0.30000000000000004
3,0,0.0,3.8000000000000003,4.4,0.9803427477630833,10.100000000000001,13.8,175.66949462890625,11.059473037719727,-7.229310512542725,5.235202312469482,1,11.060888290405273,15.100000000000001,0.30000000000000004
3,0,0.0,3.8000000000000003,4.4,0.9803427477630833,10.100000000000001,13.8,176.16949462890625,11.052589416503906,-7.229310512542725,5.138463020324707,1,11.054004669189453,15.100000000000001,0.30000000000000004
3,0,0.0,3.8000000000000003,4.4,0.9803427477630833,10.100000000000001,13.8,176.66949462890625,11.046554565429688,-7.229310512542725,5.041836738586426,1,11.047969818115234,15.100000000000001,0.30000000000000004
3,0,0.0,3.8000000000000003,4.4,0.9803427477630833,10.100000000000001,13.8,177.16949462890625,11.041367530822754,-7.229310512542725,4.945308208465576,1,11.0427827835083,15.100000000000001,0.30000000000000004
3,0,0.0,3.8000000000000003,4.4,0.9803427477630833,10.100000000000001,13.8,177.66949462890625,11.037025451660156,-7.229310512542725,4.848863124847412,1,11.038440704345703,15.100000000000001,0.30000000000000004
3,0,0.0,3.8000000000000003,4.4,0.9803427477630833,10.100000000000001,13.8,178.16949462890625,11.033526420593262,-7.229310512542725,4.752486705780029,1,11.034941673278809,15.100000000000001,0.30000000000000004
3,0,0.0,3.8000000000000003,4.4,0.9803427477630833,10.100000000000001,13.8,178.66949462890625,11.030869483947754,-7.229310512542725,4.656164169311523,1,11.0322847366333,15.100000000000001,0.30000000000000004
3,0,0.0,3.8000000000000003,4.4,0.9803427477630833,10.100000000000001,13.8,179.16949462890625,11.029053688049316,-7.229310512542725,4.559880256652832,1,11.030468940734863,15.100000000000001,0.30000000000000004
3,0,0.0,3.8000000000000003,4.4,0.9803427477630833,10.100000000000001,13.8,179.66949462890625,11.02807903289795,-7.229310512542725,4.463620662689209,1,11.029494285583496,15.100000000000001,0.30000000000000004
3,0,0.0,3.8000000000000003,4.4,0.9803427477630833,10.100000000000001,13.8,180.16949462890625,11.02794361114502,-7.229310512542725,4.367371082305908,1,11.029358863830566,15.100000000000001,0.30000000000000004
3,0,0.0,3.8000000000000003,4.4,0.9803427477630833,10.100000000000001,13.8,180.66949462890625,11.028648376464844,-7.229310512542725,4.271116733551025,1,11.03006362915039,15.100000000000001,0.30000000000000004
3,0,0.0,3.8000000000000003,4.4,0.9803427477630833,10.100000000000001,13.8,181.16949462890625,11.030193328857422,-7.229310512542725,4.174842357635498,1,11.031608581542969,15.100000000000001,0.30000000000000004
3,0,0.0,3.8000000000000003,4.4,0.9803427477630833,10.100000000000001,13.8,181.66949462890625,0.0,,,0,11.033994674682617,15.100000000000001,0.30000000000000004
3,0,0.0,3.8000000000000003,4.4,0.9803427477630833,10.100000000000001,13.8,182.16949462890625,11.035806655883789,-7.229310512542725,3.9821760654449463,1,11.037221908569336,15.100000000000001,0.30000000000000004
3,0,0.0,3.8000000000000003,4.4,0.9803427477630833,10.100000000000001,13.8,182.66949462890625,11.039876937866211,-7.229310512542725,3.8857545852661133,1,11.041292190551758,15.100000000000001,0.30000000000000004
3,0,0.0,3.8000000000000003,4.4,0.9803427477630833,10.100000000000001,13.8,183.16949462890625,11.044792175292969,-7.229310512542725,3.789254903793335,1,11.046207427978516,15.100000000000001,0.30000000000000004
3,0,0.0,3.8000000000000003,4.4,0.9803427477630833,10.100000000000001,13.8,183.66949462890625,11.050554275512695,-7.229310512542725,3.6926615238189697,1,11.051969528198242,15.100000000000001,0.30000000000000004
3,0,0.0,3.8000000000000003,4.4,0.9803427477630833,10.100000000000001,13.8,184.16949462890625,11.057164192199707,-7.229310512542725,3.5959603786468506,1,11.058579444885254,15.100000000000001,0.30000000000000004
3,0,0.0,3.8000000000000003,4.4,0.9803427477630833,10.100000000000001,13.8,184.66949462890625,11.064624786376953,-7.229310512542725,3.499135732650757,1,11.0660400390625,15.100000000000001,0.30000000000000004
3,0,0.0,3.8000000000000003,4.4,0.9803427477630833,10.100000000000001,13.8,185.16949462890625,11.0729398727417,-7.229310512542725,3.4021732807159424,1,11.074355125427246,15.100000000000001,0.30000000000000004
3,0,0.0,3.8000000000000003,4.4,0.9803427477630833,10.100000000000001,13.8,185.66949462890625,11.082112312316895,-7.229310512542725,3.3050575256347656,1,11.083527565002441,15.100000000000001,0.30000000000000004
3,0,0.0,3.8000000000000003,4.4,0.9803427477630833,10.100000000000001,13.8,186.16949462890625,11.092145919799805,-7.229310512542725,3.207773208618164,1,11.093561172485352,15.100000000000001,0.30000000000000004
3,0,0.0,3.8000000000000003,4.4,0.9803427477630833,10.100000000000001,13.8,186.66949462890625,11.103043556213379,-7.229310512542725,3.1103053092956543,1,11.104458808898926,15.100000000000001,0.30000000000000004
3,0,0.0,3.8000000000000003,4.4,0.9803427477630833,10.100000000000001,13.8,187.16949462890625,11.1148099899292,-7.229310512542725,3.0126380920410156,1,11.116225242614746,15.100000000000001,0.30000000000000004
3,0,0.0,3.8000000000000003,4.4,0.9803427477630833,10.100000000000001,13.8,187.66949462890625,0.0,,,0,11.128865242004395,15.100000000000001,0.30000000000000004
3,0,0.0,3.8000000000000003,4.4,0.9803427477630833,10.100000000000001,13.8,188.16949462890625,11.140968322753906,-7.229310512542725,2.8166444301605225,1,11.142383575439453,15.100000000000001,0.30000000000000004
3,0,0.0,3.8000000000000003,4.4,0.9803427477630833,10.100000000000001,13.8,188.66949462890625,11.155369758605957,-7.229310512542725,2.7182860374450684,1,11.156785011291504,15.100000000000001,0.30000000000000004
3,0,0.0,3.8000000000000003,4.4,0.9803427477630833,10.100000000000001,13.8,189.16949462890625,11.170660972595215,-7.229310512542725,2.6196658611297607,1,11.172076225280762,15.100000000000001,0.30000000000000004
3,0,0.0,3.8000000000000003,4.4,0.9803427477630833,10.100000000000001,13.8,189.66949462890625,0.0,,,0,11.188261985778809,15.100000000000001,0.30000000000000004
3,0,0.0,3.8000000000000003,4.4,0.9803427477630833,10.100000000000001,13.8,190.16949462890625,11.203934669494629,-7.229310512542725,2.421574115753174,1,11.205349922180176,15.100000000000001,0.30000000000000004
3,0,0.0,3.8000000000000003,4.4,0.9803427477630833,10.100000000000001,13.8,190.66949462890625,11.221930503845215,-7.229310512542725,2.3220698833465576,1,11.223345756530762,15.100000000000001,0.30000000000000004
3,0,0.0,3.8000000000000003,4.4,0.9803427477630833,10.100000000000001,13.8,191.16949462890625,11.24084186553955,-7.229310512542725,2.222238063812256,1,11.242257118225098,15.100000000000001,0.30000000000000004
3,0,0.0,3.8000000000000003,4.4,0.9803427477630833,10.100000000000001,13.8,191.66949462890625,11.260675430297852,-7.229310512542725,2.1220614910125732,1,11.262090682983398,15.100000000000001,0.30000000000000004
3,0,0.0,3.8000000000000003,4.4,0.9803427477630833,10.100000000000001,13.8,192.16949462890625,11.281440734863281,-7.229310512542725,2.0215232372283936,1,11.282855987548828,15.100000000000001,0.30000000000000004
3,0,0.0,3.8000000000000003,4.4,0.9803427477630833,10.100000000000001,13.8,192.66949462890625,0.0,,,0,11.304560661315918,15.100000000000001,0.30000000000000004
3,0,0.0,3.8000000000000003,4.4,0.9803427477630833,10.100000000000001,13.8,193.16949462890625,12.0,,,0,12.0,15.100000000000001,0.30000000000000004
3,0,0.0,3.8000000000000003,4.4,0.9803427477630833,10.100000000000001,13.8,193.66949462890625,12.0,,,0,12.0,15.100000000000001,0.30000000000000004
3,0,0.0,3.8000000000000003,4.4,0.9803427477630833,10.100000000000001,13.8,194.16949462890625,0.0,,,0,12.0,15.100000000000001,0.30000000000000004
3,0,0.0,3.8000000000000003,4.4,0.9803427477630833,10.100000000000001,13.8,194.66949462890625,12.0,,,0,12.0,15.100000000000001,0.30000000000000004
3,0,0.0,3.8000000000000003,4.4,0.9803427477630833,10.100000000000001,13.8,195.16949462890625,0.0,,,0,12.0,15.100000000000001,0.30000000000000004
3,0,0.0,3.8000000000000003,4.4,0.9803427477630833,10.100000000000001,13.8,195.66949462890625,0.0,,,0,12.0,15.100000000000001,0.30000000000000004
3,0,0.0,3.8000000000000003,4.4,0.9803427477630833,10.100000000000001,13.8,196.16949462890625,11.482162475585938,-7.229310512542725,1.2020543813705444,1,11.483577728271484,15.100000000000001,0.30000000000000004
3,0,0.0,3.8000000000000003,4.4,0.9803427477630833,10.100000000000001,13.8,196.66949462890625,0.0,,,0,11.513147354125977,15.100000000000001,0.30000000000000004
3,0,0.0,3.8000000000000003,4.4,0.9803427477630833,10.100000000000001,13.8,197.16949462890625,11.542335510253906,-7.229310512542725,0.9922903180122375,1,11.543750762939453,15.100000000000001,0.30000000000000004
3,0,0.0,3.8000000000000003,4.4,0.9803427477630833,10.100000000000001,13.8,197.66949462890625,11.573986053466797,-7.229310512542725,0.886565625667572,1,11.575401306152344,15.100000000000001,0.30000000000000004
3,0,0.0,3.8000000000000003,4.4,0.9803427477630833,10.100000000000001,13.8,198.16949462890625,11.606697082519531,-7.229310512542725,0.7802514433860779,1,11.608112335205078,15.100000000000001,0.30000000000000004
3,0,0.0,3.8000000000000003,4.4,0.9803427477630833,10.100000000000001,13.8,198.66949462890625,11.640482902526855,-7.229310512542725,0.6733265519142151,1,11.641898155212402,15.100000000000001,0.30000000000000004
3,0,0.0,3.8000000000000003,4.4,0.9803427477630833,10.100000000000001,13.8,199.16949462890625,11.675357818603516,-7.229310512542725,0.5657691955566406,1,11.676773071289062,15.100000000000001,0.30000000000000004
3,0,0.0,3.8000000000000003,4.4,0.9803427477630833,10.100000000000001,13.8,199.66949462890625,11.711336135864258,-7.229310512542725,0.4575572609901428,1,11.712751388549805,15.100000000000001,0.30000000000000004
3,0,0.0,3.8000000000000003,4.4,0.9803427477630833,10.100000000000001,13.8,200.16949462890625,11.748435020446777,-7.229310512542725,0.34866806864738464,1,11.749850273132324,15.100000000000001,0.30000000000000004
3,0,0.0,3.8000000000000003,4.4,0.9803427477630833,10.100000000000001,13.8,200.66949462890625,0.0,,,0,11.7880859375,15.100000000000001,0.30000000000000004
3,0,0.0,3.8000000000000003,4.4,0.9803427477630833,10.100000000000001,13.8,201.16949462890625,11.826058387756348,-7.229310512542725,0.12876500189304352,1,11.827473640441895,15.100000000000001,0.30000000000000004
3,0,0.0,3.8000000000000003,4.4,0.9803427477630833,10.100000000000001,13.8,201.66949462890625,11.866618156433105,-7.229310512542725,0.01770331896841526,1,11.868033409118652,15.100000000000001,0.30000000000000004
3,0,0.0,3.8000000000000003,4.4,0.9803427477630833,10.100000000000001,13.8,202.16949462890625,11.908367156982422,-7.229310512542725,-0.09413125365972519,1,11.909782409667969,15.100000000000001,0.30000000000000004
3,0,0.0,3.8000000000000003,4.4,0.9803427477630833,10.100000000000001,13.8,202.66949462890625,0.0,,,0,11.952738761901855,15.100000000000001,0.30000000000000004
3,0,0.0,3.8000000000000003,4.4,0.9803427477630833,10.100000000000001,13.8,203.16949462890625,11.995508193969727,-7.229310512542725,-0.3202208876609802,1,11.996923446655273,15.100000000000001,0.30000000000000004
3,0,0.0,3.8000000000000003,4.4,0.9803427477630833,10.100000000000001,13.8,203.66949462890625,12.0,,,0,12.0,15.100000000000001,0.30000000000000004
3,0,0.0,3.8000000000000003,4.4,0.9803427477630833,10.100000000000001,13.8,204.16949462890625,12.0,,,0,12.0,15.100000000000001,0.30000000000000004
3,0,0.0,3.8000000000000003,4.4,0.9803427477630833,10.100000000000001,13.8,204.66949462890625,12.0,,,0,12.0,15.100000000000001,0.30000000000000004
3,0,0.0,3.8000000000000003,4.4,0.9803427477630833,10.100000000000001,13.8,205.16949462890625,0.0,,,0,12.0,15.100000000000001,0.30000000000000004
3,0,0.0,3.8000000000000003,4.4,0.9803427477630833,10.100000000000001,13.8,205.66949462890625,12.0,,,0,12.0,15.100000000000001,0.30000000000000004
3,0,0.0,3.8000000000000003,4.4,0.9803427477630833,10.100000000000001,13.8,206.16949462890625,12.0,,,0,12.0,15.100000000000001,0.30000000000000004
3,0,0.0,3.8000000000000003,4.4,0.9803427477630833,10.100000000000001,13.8,206.66949462890625,12.0,,,0,12.0,15.100000000000001,0.30000000000000004
3,0,0.0,3.8000000000000003,4.4,0.9803427477630833,10.100000000000001,13.8,207.16949462890625,12.0,,,0,12.0,15.100000000000001,0.30000000000000004
3,0,0.0,3.8000000000000003,4.4,0.9803427477630833,10.100000000000001,13.8,207.66949462890625,0.0,,,0,12.0,15.100000000000001,0.30000000000000004
3,0,0.0,3.8000000000000003,4.4,0.9803427477630833,10.100000000000001,13.8,208.16949462890625,12.0,,,0,12.0,15.100000000000001,0.30000000000000004
3,0,0.0,3.8000000000000003,4.4,0.9803427477630833,10.100000000000001,13.8,208.66949462890625,12.0,,,0,12.0,15.100000000000001,0.30000000000000004
3,0,0.0,3.8000000000000003,4.4,0.9803427477630833,10.100000000000001,13.8,209.16949462890625,12.0,,,0,12.0,15.100000000000001,0.30000000000000004
3,0,0.0,3.8000000000000003,4.4,0.9803427477630833,10.100000000000001,13.8,209.66949462890625,12.0,,,0,12.0,15.100000000000001,0.30000000000000004
3,0,0.0,3.8000000000000003,4.4,0.9803427477630833,10.100000000000001,13.8,210.16949462890625,12.0,,,0,12.0,15.100000000000001,0.30000000000000004
3,0,0.0,3.8000000000000003,4.4,0.9803427477630833,10.100000000000001,13.8,210.66949462890625,0.0,,,0,12.0,15.100000000000001,0.30000000000000004
3,0,0.0,3.8000000000000003,4.4,0.9803427477630833,10.100000000000001,13.8,211.16949462890625,12.0,,,0,12.0,15.100000000000001,0.30000000000000004
3,0,0.0,3.8000000000000003,4.4,0.9803427477630833,10.100000000000001,13.8,211.66949462890625,0.0,,,0,12.0,15.100000000000001,0.30000000000000004
3,0,0.0,3.8000000000000003,4.4,0.9803427477630833,10.100000000000001,13.8,212.16949462890625,12.0,,,0,12.0,15.100000000000001,0.30000000000000004
3,0,0.0,3.8000000000000003,4.4,0.9803427477630833,10.100000000000001,13.8,212.66949462890625,12.0,,,0,12.0,15.100000000000001,0.30000000000000004
3,0,0.0,3.8000000000000003,4.4,0.9803427477630833,10.100000000000001,13.8,213.16949462890625,12.0,,,0,12.0,15.100000000000001,0.30000000000000004
3,0,0.0,3.8000000000000003,4.4,0.9803427477630833,10.100000000000001,13.8,213.66949462890625,12.0,,,0,12.0,15.100000000000001,0.30000000000000004
3,0,0.0,3.8000000000000003,4.4,0.9803427477630833,10.100000000000001,13.8,214.16949462890625,12.0,,,0,12.0,15.100000000000001,0.30000000000000004
3,0,0.0,3.8000000000000003,4.4,0.9803427477630833,10.100000000000001,13.8,214.66949462890625,0.0,,,0,12.0,15.100000000000001,0.30000000000000004
3,0,0.0,3.8000000000000003,4.4,0.9803427477630833,10.100000000000001,13.8,215.16949462890625,12.0,,,0,12.0,15.100000000000001,0.30000000000000004
3,0,0.0,3.8000000000000003,4.4,0.9803427477630833,10.100000000000001,13.8,215.66949462890625,12.0,,,0,12.0,15.100000000000001,0.30000000000000004
3,0,0.0,3.8000000000000003,4.4,0.9803427477630833,10.100000000000001,13.8,216.16949462890625,12.0,,,0,12.0,15.100000000000001,0.30000000000000004
3,0,0.0,3.8000000000000003,4.4,0.9803427477630833,10.100000000000001,13.8,216.66949462890625,12.0,,,0,12.0,15.100000000000001,0.30000000000000004
3,0,0.0,3.8000000000000003,4.4,0.9803427477630833,10.100000000000001,13.8,217.16949462890625,12.0,,,0,12.0,15.100000000000001,0.30000000000000004
3,0,0.0,3.8000000000000003,4.4,0.9803427477630833,10.100000000000001,13.8,217.66949462890625,12.0,,,0,12.0,15.100000000000001,0.30000000000000004
3,0,0.0,3.8000000000000003,4.4,0.9803427477630833,10.100000000000001,13.8,218.16949462890625,12.0,,,0,12.0,15.100000000000001,0.30000000000000004
3,0,0.0,3.8000000000000003,4.4,0.9803427477630833,10.100000000000001,13.8,218.66949462890625,12.0,,,0,12.0,15.100000000000001,0.30000000000000004
3,0,0.0,3.8000000000000003,4.4,0.9803427477630833,10.100000000000001,13.8,219.16949462890625,12.0,,,0,12.0,15.100000000000001,0.30000000000000004
3,0,0.0,3.8000000000000003,4.4,0.9803427477630833,10.100000000000001,13.8,219.66949462890625,12.0,,,0,12.0,15.100000000000001,0.30000000000000004
3,0,0.0,3.8000000000000003,4.4,0.9803427477630833,10.100000000000001,13.8,220.16949462890625,12.0,,,0,12.0,15.100000000000001,0.30000000000000004
3,0,0.0,3.8000000000000003,4.4,0.9803427477630833,10.100000000000001,13.8,220.66949462890625,12.0,,,0,12.0,15.100000000000001,0.30000000000000004
3,0,0.0,3.8000000000000003,4.4,0.9803427477630833,10.100000000000001,13.8,221.16949462890625,12.0,,,0,12.0,15.100000000000001,0.30000000000000004
3,0,0.0,3.8000000000000003,4.4,0.9803427477630833,10.100000000000001,13.8,221.66949462890625,12.0,,,0,12.0,15.100000000000001,0.30000000000000004
3,0,0.0,3.8000000000000003,4.4,0.9803427477630833,10.100000000000001,13.8,222.16949462890625,12.0,,,0,12.0,15.100000000000001,0.30000000000000004
3,0,0.0,3.8000000000000003,4.4,0.9803427477630833,10.100000000000001,13.8,222.66949462890625,0.0,,,0,12.0,15.100000000000001,0.30000000000000004
3,0,0.0,3.8000000000000003,4.4,0.9803427477630833,10.100000000000001,13.8,223.16949462890625,12.0,,,0,12.0,15.100000000000001,0.30000000000000004
3,0,0.0,3.8000000000000003,4.4,0.9803427477630833,10.100000000000001,13.8,223.66949462890625,0.0,,,0,12.0,15.100000000000001,0.30000000000000004
3,0,0.0,3.8000000000000003,4.4,0.9803427477630833,10.100000000000001,13.8,224.16949462890625,12.0,,,0,12.0,15.100000000000001,0.30000000000000004
3,0,0.0,3.8000000000000003,4.4,0.9803427477630833,10.100000000000001,13.8,224.66949462890625,12.0,,,0,12.0,15.100000000000001,0.30000000000000004
3,0,0.0,3.8000000000000003,4.4,0.9803427477630833,10.100000000000001,13.8,225.16949462890625,12.0,,,0,12.0,15.100000000000001,0.30000000000000004
3,0,0.0,3.8000000000000003,4.4,0.9803427477630833,10.100000000000001,13.8,225.66949462890625,12.0,,,0,12.0,15.100000000000001,0.30000000000000004
3,0,0.0,3.8000000000000003,4.4,0.9803427477630833,10.100000000000001,13.8,226.16949462890625,12.0,,,0,12.0,15.100000000000001,0.30000000000000004
3,0,0.0,3.8000000000000003,4.4,0.9803427477630833,10.100000000000001,13.8,226.66949462890625,12.0,,,0,12.0,15.100000000000001,0.30000000000000004
3,0,0.0,3.8000000000000003,4.4,0.9803427477630833,10.100000000000001,13.8,227.16949462890625,12.0,,,0,12.0,15.100000000000001,0.30000000000000004
3,0,0.0,3.8000000000000003,4.4,0.9803427477630833,10.100000000000001,13.8,227.66949462890625,12.0,,,0,12.0,15.100000000000001,0.30000000000000004
3,0,0.0,3.8000000000000003,4.4,0.9803427477630833,10.100000000000001,13.8,228.16949462890625,0.0,,,0,12.0,15.100000000000001,0.30000000000000004
3,0,0.0,3.8000000000000003,4.4,0.9803427477630833,10.100000000000001,13.8,228.66949462890625,0.0,,,0,12.0,15.100000000000001,0.30000000000000004
3,0,0.0,3.8000000000000003,4.4,0.9803427477630833,10.100000000000001,13.8,229.16949462890625,12.0,,,0,12.0,15.100000000000001,0.30000000000000004
3,0,0.0,3.8000000000000003,4.4,0.9803427477630833,10.100000000000001,13.8,229.66949462890625,12.0,,,0,12.0,15.100000000000001,0.30000000000000004
3,0,0.0,3.8000000000000003,4.4,0.9803427477630833,10.100000000000001,13.8,230.16949462890625,12.0,,,0,12.0,15.100000000000001,0.30000000000000004
3,0,0.0,3.8000000000000003,4.4,0.9803427477630833,10.100000000000001,13.8,230.66949462890625,12.0,,,0,12.0,15.100000000000001,0.30000000000000004
3,0,0.0,3.8000000000000003,4.4,0.9803427477630833,10.100000000000001,13.8,231.16949462890625,12.0,,,0,12.0,15.100000000000001,0.30000000000000004
3,0,0.0,3.8000000000000003,4.4,0.9803427477630833,10.100000000000001,13.8,231.66949462890625,12.0,,,0,12.0,15.100000000000001,0.30000000000000004
3,0,0.0,3.8000000000000003,4.4,0.9803427477630833,10.100000000000001,13.8,232.16949462890625,12.0,,,0,12.0,15.100000000000001,0.30000000000000004
3,0,0.0,3.8000000000000003,4.4,0.9803427477630833,10.100000000000001,13.8,232.66949462890625,12.0,,,0,12.0,15.100000000000001,0.30000000000000004
3,0,0.0,3.8000000000000003,4.4,0.9803427477630833,10.100000000000001,13.8,233.16949462890625,12.0,,,0,12.0,15.100000000000001,0.30000000000000004
3,0,0.0,3.8000000000000003,4.4,0.9803427477630833,10.100000000000001,13.8,233.66949462890625,12.0,,,0,12.0,15.100000000000001,0.30000000000000004
3,0,0.0,3.8000000000000003,4.4,0.9803427477630833,10.100000000000001,13.8,234.16949462890625,12.0,,,0,12.0,15.100000000000001,0.30000000000000004
3,0,0.0,3.8000000000000003,4.4,0.9803427477630833,10.100000000000001,13.8,234.66949462890625,12.0,,,0,12.0,15.100000000000001,0.30000000000000004
3,0,0.0,3.8000000000000003,4.4,0.9803427477630833,10.100000000000001,13.8,235.16949462890625,12.0,,,0,12.0,15.100000000000001,0.30000000000000004
3,0,0.0,3.8000000000000003,4.4,0.9803427477630833,10.100000000000001,13.8,235.66949462890625,12.0,,,0,12.0,15.100000000000001,0.30000000000000004
3,1,0.0,10.100000000000001,13.8,-0.9142145687516265,18.5,2.9000000000000004,127.6193618774414,7.73907995223999,5.370689392089844,19.936843872070312,1,7.7477240562438965,15.100000000000001,0.30000000000000004
3,1,0.0,10.100000000000001,13.8,-0.9142145687516265,18.5,2.9000000000000004,128.11936950683594,7.652617454528809,5.370689392089844,19.82731819152832,1,7.661261558532715,15.100000000000001,0.30000000000000004
3,1,0.0,10.100000000000001,13.8,-0.9142145687516265,18.5,2.9000000000000004,128.61936950683594,7.568634510040283,5.370689392089844,19.720199584960938,1,7.5772786140441895,15.100000000000001,0.30000000000000004
3,1,0.0,10.100000000000001,13.8,-0.9142145687516265,18.5,2.9000000000000004,129.11936950683594,7.487037181854248,5.370689392089844,19.615398406982422,1,7.495681285858154,15.100000000000001,0.30000000000000004
3,1,0.0,10.100000000000001,13.8,-0.9142145687516265,18.5,2.9000000000000004,129.61936950683594,7.407737731933594,5.370689392089844,19.5128231048584,1,7.4163818359375,15.100000000000001,0.30000000000000004
3,1,0.0,10.100000000000001,13.8,-0.9142145687516265,18.5,2.9000000000000004,130.11936950683594,0.0,,,0,7.339295387268066,15.100000000000001,0.30000000000000004
3,1,0.0,10.100000000000001,13.8,-0.9142145687516265,18.5,2.9000000000000004,130.61936950683594,7.2556986808776855,5.370689392089844,19.314008712768555,1,7.264342784881592,15.100000000000001,0.30000000000000004
3,1,0.0,10.100000000000001,13.8,-0.9142145687516265,18.5,2.9000000000000004,131.11936950683594,7.182803153991699,5.370689392089844,19.217613220214844,1,7.1914472579956055,15.100000000000001,0.30000000000000004
3,1,0.0,10.100000000000001,13.8,-0.9142145687516265,18.5,2.9000000000000004,131.61936950683594,7.111893177032471,5.370689392089844,19.123126983642578,1,7.120537281036377,15.100000000000001,0.30000000000000004
3,1,0.0,10.100000000000001,13.8,-0.9142145687516265,18.5,2.9000000000000004,132.11936950683594,7.0428996086120605,5.370689392089844,19.03047752380371,1,7.051543712615967,15.100000000000001,0.30000000000000004
3,1,0.0,10.100000000000001,13.8,-0.9142145687516265,18.5,2.9000000000000004,132.61936950683594,0.0,,,0,6.984401226043701,15.100000000000001,0.30000000000000004
3,1,0.0,10.100000000000001,13.8,-0.9142145687516265,18.5,2.9000000000000004,133.11936950683594,6.910403251647949,5.370689392089844,18.85042953491211,1,6.9190473556518555,15.100000000000001,0.30000000000000004
3,1,0.0,10.100000000000001,13.8,-0.9142145687516265,18.5,2.9000000000000004,133.61936950683594,6.84677791595459,5.370689392089844,18.76290512084961,1,6.855422019958496,15.100000000000001,0.30000000000000004
3,1,0.0,10.100000000000001,13.8,-0.9142145687516265,18.5,2.9000000000000004,134.11936950683594,6.784825325012207,5.370689392089844,18.676971435546875,1,6.793469429016113,15.100000000000001,0.30000000000000004
3,1,0.0,10.100000000000001,13.8,-0.9142145687516265,18.5,2.9000000000000004,134.61936950683594,6.724490165710449,5.370689392089844,18.59256935119629,1,6.7331342697143555,15.100000000000001,0.30000000000000004
3,1,0.0,10.100000000000001,13.8,-0.9142145687516265,18.5,2.9000000000000004,135.11936950683594,6.6657209396362305,5.370689392089844,18.509647369384766,1,6.674365043640137,15.100000000000001,0.30000000000000004
3,1,0.0,10.100000000000001,13.8,-0.9142145687516265,18.5,2.9000000000000004,135.61936950683594,6.608468532562256,5.370689392089844,18.42815399169922,1,6.617112636566162,15.100000000000001,0.30000000000000004
3,1,0.0,10.100000000000001,13.8,-0.9142145687516265,18.5,2.9000000000000004,136.11936950683594,6.552685260772705,5.370689392089844,18.348039627075195,1,6.561329364776611,15.100000000000001,0.30000000000000004
3,1,0.0,10.100000000000001,13.8,-0.9142145687516265,18.5,2.9000000000000004,136.61936950683594,0.0,,,0,6.506970405578613,15.100000000000001,0.30000000000000004
3,1,0.0,10.100000000000001,13.8,-0.9142145687516265,18.5,2.9000000000000004,137.11936950683594,6.445348262786865,5.370689392089844,18.191768646240234,1,6.4539923667907715,15.100000000000001,0.30000000000000004
3,1,0.0,10.100000000000001,13.8,-0.9142145687516265,18.5,2.9000000000000004,137.61936950683594,0.0,,,0,6.402353286743164,15.100000000000001,0.30000000000000004
3,1,0.0,10.100000000000001,13.8,-0.9142145687516265,18.5,2.9000000000000004,138.11936950683594,6.343369960784912,5.370689392089844,18.040483474731445,1,6.352014064788818,15.100000000000001,0.30000000000000004
3,1,0.0,10.100000000000001,13.8,-0.9142145687516265,18.5,2.9000000000000004,138.61936950683594,6.294291973114014,5.370689392089844,17.96660804748535,1,6.30293607711792,15.100000000000001,0.30000000000000004
3,1,0.0,10.100000000000001,13.8,-0.9142145687516265,18.5,2.9000000000000004,139.11936950683594,6.2464399337768555,5.370689392089844,17.89385986328125,1,6.255084037780762,15.100000000000001,0.30000000000000004
3,1,0.0,10.100000000000001,13.8,-0.9142145687516265,18.5,2.9000000000000004,139.61936950683594,6.199777603149414,5.370689392089844,17.822202682495117,1,6.20842170715332,15.100000000000001,0.30000000000000004
3,1,0.0,10.100000000000001,13.8,-0.9142145687516265,18.5,2.9000000000000004,140.11936950683594,6.154272556304932,5.370689392089844,17.751602172851562,1,6.162916660308838,15.100000000000001,0.30000000000000004
3,1,0.0,10.100000000000001,13.8,-0.9142145687516265,18.5,2.9000000000000004,140.61936950683594,6.10989236831665,5.370689392089844,17.682024002075195,1,6.118536472320557,15.100000000000001,0.30000000000000004
3,1,0.0,10.100000000000001,13.8,-0.9142145687516265,18.5,2.9000000000000004,141.11936950683594,6.066605567932129,5.370689392089844,17.613433837890625,1,6.075249671936035,15.100000000000001,0.30000000000000004
3,1,0.0,10.100000000000001,13.8,-0.9142145687516265,18.5,2.9000000000000004,141.61936950683594,6.024383544921875,5.370689392089844,17.54580307006836,1,6.033027648925781,15.100000000000001,0.30000000000000004
3,1,0.0,10.100000000000001,13.8,-0.9142145687516265,18.5,2.9000000000000004,142.11936950683594,5.9831976890563965,5.370689392089844,17.479101181030273,1,5.991841793060303,15.100000000000001,0.30000000000000004
3,1,0.0,10.100000000000001,13.8,-0.9142145687516265,18.5,2.9000000000000004,142.61936950683594,5.943020343780518,5.370689392089844,17.413299560546875,1,5.951664447784424,15.100000000000001,0.30000000000000004
3,1,0.0,10.100000000000001,13.8,-0.9142145687516265,18.5,2.9000000000000004,143.11936950683594,5.903825283050537,5.370689392089844,17.34836769104004,1,5.912469387054443,15.100000000000001,0.30000000000000004
3,1,0.0,10.100000000000001,13.8,-0.9142145687516265,18.5,2.9000000000000004,143.61936950683594,5.8655877113342285,5.370689392089844,17.284282684326172,1,5.874231815338135,15.100000000000001,0.30000000000000004
3,1,0.0,10.100000000000001,13.8,-0.9142145687516265,18.5,2.9000000000000004,144.11936950683594,5.828283309936523,5.370689392089844,17.22101402282715,1,5.83692741394043,15.100000000000001,0.30000000000000004
3,1,0.0,10.100000000000001,13.8,-0.9142145687516265,18.5,2.9000000000000004,144.61936950683594,5.791888236999512,5.370689392089844,17.158540725708008,1,5.800532341003418,15.100000000000001,0.30000000000000004
3,1,0.0,10.100000000000001,13.8,-0.9142145687516265,18.5,2.9000000000000004,145.11936950683594,0.0,,,0,5.7650251388549805,15.100000000000001,0.30000000000000004
3,1,0.0,10.100000000000001,13.8,-0.9142145687516265,18.5,2.9000000000000004,145.61936950683594,5.721739292144775,5.370689392089844,17.035879135131836,1,5.730383396148682,15.100000000000001,0.30000000000000004
3,1,0.0,10.100000000000001,13.8,-0.9142145687516265,18.5,2.9000000000000004,146.11936950683594,5.687942981719971,5.370689392089844,16.975645065307617,1,5.696587085723877,15.100000000000001,0.30000000000000004
3,1,0.0,10.100000000000001,13.8,-0.9142145687516265,18.5,2.9000000000000004,146.61936950683594,5.654971122741699,5.370689392089844,16.916112899780273,1,5.6636152267456055,15.100000000000001,0.30000000000000004
3,1,0.0,10.100000000000001,13.8,-0.9142145687516265,18.5,2.9000000000000004,147.11936950683594,5.622805595397949,5.370689392089844,16.857261657714844,1,5.6314496994018555,15.100000000000001,0.30000000000000004
3,1,0.0,10.100000000000001,13.8,-0.9142145687516265,18.5,2.9000000000000004,147.61936950683594,5.591427326202393,5.370689392089844,16.799070358276367,1,5.600071430206299,15.100000000000001,0.30000000000000004
3,1,0.0,10.100000000000001,13.8,-0.9142145687516265,18.5,2.9000000000000004,148.11936950683594,5.560818672180176,5.370689392089844,16.741519927978516,1,5.569462776184082,15.100000000000001,0.30000000000000004
3,1,0.0,10.100000000000001,13.8,-0.9142145687516265,18.5,2.9000000000000004,148.61936950683594,5.5309624671936035,5.370689392089844,16.684589385986328,1,5.53960657119751,15.100000000000001,0.30000000000000004
3,1,0.0,10.100000000000001,13.8,-0.9142145687516265,18.5,2.9000000000000004,149.11936950683594,5.5018415451049805,5.370689392089844,16.628263473510742,1,5.510485649108887,15.100000000000001,0.30000000000000004
3,1,0.0,10.100000000000001,13.8,-0.9142145687516265,18.5,2.9000000000000004,149.61936950683594,5.473441123962402,5.370689392089844,16.572521209716797,1,5.482085227966309,15.100000000000001,0.30000000000000004
3,1,0.0,10.100000000000001,13.8,-0.9142145687516265,18.5,2.9000000000000004,150.11936950683594,5.44574499130249,5.370689392089844,16.51734733581543,1,5.4543890953063965,15.100000000000001,0.30000000000000004
3,1,0.0,10.100000000000001,13.8,-0.9142145687516265,18.5,2.9000000000000004,150.61936950683594,5.41873836517334,5.370689392089844,16.462724685668945,1,5.427382469177246,15.100000000000001,0.30000000000000004
3,1,0.0,10.100000000000001,13.8,-0.9142145687516265,18.5,2.9000000000000004,151.11936950683594,0.0,,,0,5.401051044464111,15.100000000000001,0.30000000000000004
3,1,0.0,10.100000000000001,13.8,-0.9142145687516265,18.5,2.9000000000000004,151.61936950683594,5.3667378425598145,5.370689392089844,16.355064392089844,1,5.375381946563721,15.100000000000001,0.30000000000000004
3,1,0.0,10.100000000000001,13.8,-0.9142145687516265,18.5,2.9000000000000004,152.11936950683594,5.341716289520264,5.370689392089844,16.30199432373047,1,5.35036039352417,15.100000000000001,0.30000000000000004
3,1,0.0,10.100000000000001,13.8,-0.9142145687516265,18.5,2.9000000000000004,152.61936950683594,5.317330837249756,5.370689392089844,16.249414443969727,1,5.325974941253662,15.100000000000001,0.30000000000000004
3,1,0.0,10.100000000000001,13.8,-0.9142145687516265,18.5,2.9000000000000004,153.11936950683594,5.2935686111450195,5.370689392089844,16.197307586669922,1,5.302212715148926,15.100000000000001,0.30000000000000004
3,1,0.0,10.100000000000001,13.8,-0.9142145687516265,18.5,2.9000000000000004,153.61936950683594,5.2704176902771,5.370689392089844,16.145658493041992,1,5.279061794281006,15.100000000000001,0.30000000000000004
3,1,0.0,10.100000000000001,13.8,-0.9142145687516265,18.5,2.9000000000000004,154.11936950683594,5.247866630554199,5.370689392089844,16.09445571899414,1,5.2565107345581055,15.100000000000001,0.30000000000000004
3,1,0.0,10.100000000000001,13.8,-0.9142145687516265,18.5,2.9000000000000004,154.61936950683594,5.2259039878845215,5.370689392089844,16.043684005737305,1,5.234548091888428,15.100000000000001,0.30000000000000004
3,1,0.0,10.100000000000001,13.8,-0.9142145687516265,18.5,2.9000000000000004,155.11936950683594,0.0,,,0,5.21316385269165,15.100000000000001,0.30000000000000004
3,1,0.0,10.100000000000001,13.8,-0.9142145687516265,18.5,2.9000000000000004,155.61936950683594,5.183703422546387,5.370689392089844,15.94338321685791,1,5.192347526550293,15.100000000000001,0.30000000000000004
3,1,0.0,10.100000000000001,13.8,-0.9142145687516265,18.5,2.9000000000000004,156.11936950683594,5.163444995880127,5.370689392089844,15.893830299377441,1,5.172089099884033,15.100000000000001,0.30000000000000004
3,1,0.0,10.100000000000001,13.8,-0.9142145687516265,18.5,2.9000000000000004,156.61936950683594,5.143734455108643,5.370689392089844,15.844657897949219,1,5.152378559112549,15.100000000000001,0.30000000000000004
3,1,0.0,10.100000000000001,13.8,-0.9142145687516265,18.5,2.9000000000000004,157.11936950683594,5.124563217163086,5.370689392089844,15.795855522155762,1,5.133207321166992,15.100000000000001,0.30000000000000004
3,1,0.0,10.100000000000001,13.8,-0.9142145687516265,18.5,2.9000000000000004,157.61936950683594,5.105922222137451,5.370689392089844,15.747411727905273,1,5.114566326141357,15.100000000000001,0.30000000000000004
3,1,0.0,10.100000000000001,13.8,-0.9142145687516265,18.5,2.9000000000000004,158.11936950683594,5.087802886962891,5.370689392089844,15.69931411743164,1,5.096446990966797,15.100000000000001,0.30000000000000004
3,1,0.0,10.100000000000001,13.8,-0.9142145687516265,18.5,2.9000000000000004,158.61936950683594,0.0,,,0,5.078841209411621,15.100000000000001,0.30000000000000004
3,1,0.0,10.100000000000001,13.8,-0.9142145687516265,18.5,2.9000000000000004,159.11936950683594,5.053096294403076,5.370689392089844,15.604117393493652,1,5.061740398406982,15.100000000000001,0.30000000000000004
3,1,0.0,10.100000000000001,13.8,-0.9142145687516265,18.5,2.9000000000000004,159.61936950683594,5.036493301391602,5.370689392089844,15.556995391845703,1,5.045137405395508,15.100000000000001,0.30000000000000004
3,1,0.0,10.100000000000001,13.8,-0.9142145687516265,18.5,2.9000000000000004,160.11936950683594,5.020380973815918,5.370689392089844,15.510178565979004,1,5.029025077819824,15.100000000000001,0.30000000000000004
3,1,0.0,10.100000000000001,13.8,-0.9142145687516265,18.5,2.9000000000000004,160.61936950683594,5.004751205444336,5.370689392089844,15.463656425476074,1,5.013395309448242,15.100000000000001,0.30000000000000004
3,1,0.0,10.100000000000001,13.8,-0.9142145687516265,18.5,2.9000000000000004,161.11936950683594,4.989598274230957,5.370689392089844,15.41741943359375,1,4.998242378234863,15.100000000000001,0.30000000000000004
3,1,0.0,10.100000000000001,13.8,-0.9142145687516265,18.5,2.9000000000000004,161.61936950683594,4.97491455078125,5.370689392089844,15.37145709991455,1,4.983558654785156,15.100000000000001,0.30000000000000004
3,1,0.0,10.100000000000001,13.8,-0.9142145687516265,18.5,2.9000000000000004,162.11936950683594,4.960694313049316,5.370689392089844,15.325760841369629,1,4.969338417053223,15.100000000000001,0.30000000000000004
3,1,0.0,10.100000000000001,13.8,-0.9142145687516265,18.5,2.9000000000000004,162.61936950683594,4.9469313621521,5.370689392089844,15.28032112121582,1,4.955575466156006,15.100000000000001,0.30000000000000004
3,1,0.0,10.100000000000001,13.8,-0.9142145687516265,18.5,2.9000000000000004,163.11936950683594,4.933619976043701,5.370689392089844,15.235128402709961,1,4.942264080047607,15.100000000000001,0.30000000000000004
3,1,0.0,10.100000000000001,13.8,-0.9142145687516265,18.5,2.9000000000000004,163.61936950683594,4.9207539558410645,5.370689392089844,15.19017505645752,1,4.929398059844971,15.100000000000001,0.30000000000000004
3,1,0.0,10.100000000000001,13.8,-0.9142145687516265,18.5,2.9000000000000004,164.11936950683594,4.908328533172607,5.370689392089844,15.145451545715332,1,4.916972637176514,15.100000000000001,0.30000000000000004
3,1,0.0,10.100000000000001,13.8,-0.9142145687516265,18.5,2.9000000000000004,164.61936950683594,4.896337985992432,5.370689392089844,15.10094928741455,1,4.904982089996338,15.100000000000001,0.30000000000000004
3,1,0.0,10.100000000000001,13.8,-0.9142145687516265,18.5,2.9000000000000004,165.11936950683594,4.884777545928955,5.370689392089844,15.056660652160645,1,4.893421649932861,15.100000000000001,0.30000000000000004
3,1,0.0,10.100000000000001,13.8,-0.9142145687516265,18.5,2.9000000000000004,165.61936950683594,0.0,,,0,4.882286548614502,15.100000000000001,0.30000000000000004
3,1,0.0,10.100000000000001,13.8,-0.9142145687516265,18.5,2.9000000000000004,166.11936950683594,4.8629279136657715,5.370689392089844,14.968689918518066,1,4.871572017669678,15.100000000000001,0.30000000000000004
3,1,0.0,10.100000000000001,13.8,-0.9142145687516265,18.5,2.9000000000000004,166.61936950683594,4.852630138397217,5.370689392089844,14.924991607666016,1,4.861274242401123,15.100000000000001,0.30000000000000004
3,1,0.0,10.100000000000001,13.8,-0.9142145687516265,18.5,2.9000000000000004,167.11936950683594,4.842743873596191,5.370689392089844,14.881474494934082,1,4.851387977600098,15.100000000000001,0.30000000000000004
3,1,0.0,10.100000000000001,13.8,-0.9142145687516265,18.5,2.9000000000000004,167.61936950683594,4.833266258239746,5.370689392089844,14.838130950927734,1,4.841910362243652,15.100000000000001,0.30000000000000004
3,1,0.0,10.100000000000001,13.8,-0.9142145687516265,18.5,2.9000000000000004,168.11936950683594,0.0,,,0,4.832836627960205,15.100000000000001,0.30000000000000004
3,1,0.0,10.100000000000001,13.8,-0.9142145687516265,18.5,2.9000000000000004,168.61936950683594,0.0,,,0,4.824163913726807,15.100000000000001,0.30000000000000004
3,1,0.0,10.100000000000001,13.8,-0.9142145687516265,18.5,2.9000000000000004,169.11936950683594,4.807243824005127,5.370689392089844,14.709064483642578,1,4.815887928009033,15.100000000000001,0.30000000000000004
3,1,0.0,10.100000000000001,13.8,-0.9142145687516265,18.5,2.9000000000000004,169.61936950683594,4.799361705780029,5.370689392089844,14.666338920593262,1,4.8080058097839355,15.100000000000001,0.30000000000000004
3,1,0.0,10.100000000000001,13.8,-0.9142145687516265,18.5,2.9000000000000004,170.11936950683594,4.791870594024658,5.370689392089844,14.623749732971191,1,4.8005146980285645,15.100000000000001,0.30000000000000004
3,1,0.0,10.100000000000001,13.8,-0.9142145687516265,18.5,2.9000000000000004,170.61936950683594,4.784767150878906,5.370689392089844,14.581290245056152,1,4.7934112548828125,15.100000000000001,0.30000000000000004
3,1,0.0,10.100000000000001,13.8,-0.9142145687516265,18.5,2.9000000000000004,171.11936950683594,4.778048992156982,5.370689392089844,14.538952827453613,1,4.786693096160889,15.100000000000001,0.30000000000000004
3,1,0.0,10.100000000000001,13.8,-0.9142145687516265,18.5,2.9000000000000004,171.61936950683594,0.0,,,0,4.7803568840026855,15.100000000000001,0.30000000000000004
3,1,0.0,10.100000000000001,13.8,-0.9142145687516265,18.5,2.9000000000000004,172.11936950683594,4.765756607055664,5.370689392089844,14.454617500305176,1,4.77440071105957,15.100000000000001,0.30000000000000004
3,1,0.0,10.100000000000001,13.8,-0.9142145687516265,18.5,2.9000000000000004,172.61936950683594,4.760178089141846,5.370689392089844,14.412605285644531,1,4.768822193145752,15.100000000000001,0.30000000000000004
3,1,0.0,10.100000000000001,13.8,-0.9142145687516265,18.5,2.9000000000000004,173.11936950683594,0.0,,,0,4.7636189460754395,15.100000000000001,0.30000000000000004
3,1,0.0,10.100000000000001,13.8,-0.9142145687516265,18.5,2.9000000000000004,173.61936950683594,4.7501444816589355,5.370689392089844,14.328858375549316,1,4.758788585662842,15.100000000000001,0.30000000000000004
3,1,0.0,10.100000000000001,13.8,-0.9142145687516265,18.5,2.9000000000000004,174.11936950683594,4.745686054229736,5.370689392089844,14.287111282348633,1,4.754330158233643,15.100000000000001,0.30000000000000004
3,1,0.0,10.100000000000001,13.8,-0.9142145687516265,18.5,2.9000000000000004,174.61936950683594,4.741597652435303,5.370689392089844,14.245438575744629,1,4.750241756439209,15.100000000000001,0.30000000000000004
3,1,0.0,10.100000000000001,13.8,-0.9142145687516265,18.5,2.9000000000000004,175.11936950683594,4.737876892089844,5.370689392089844,14.203834533691406,1,4.74652099609375,15.100000000000001,0.30000000000000004
3,1,0.0,10.100000000000001,13.8,-0.9142145687516265,18.5,2.9000000000000004,175.61936950683594,4.734523296356201,5.370689392089844,14.16229248046875,1,4.743167400360107,15.100000000000001,0.30000000000000004
3,1,0.0,10.100000000000001,13.8,-0.9142145687516265,18.5,2.9000000000000004,176.11936950683594,4.731534957885742,5.370689392089844,14.120806694030762,1,4.740179061889648,15.100000000000001,0.30000000000000004
3,1,0.0,10.100000000000001,13.8,-0.9142145687516265,18.5,2.9000000000000004,176.61936950683594,4.72891092300415,5.370689392089844,14.079368591308594,1,4.737555027008057,15.100000000000001,0.30000000000000004
3,1,0.0,10.100000000000001,13.8,-0.9142145687516265,18.5,2.9000000000000004,177.11936950683594,4.726650238037109,5.370689392089844,14.03797435760498,1,4.735294342041016,15.100000000000001,0.30000000000000004
3,1,0.0,10.100000000000001,13.8,-0.9142145687516265,18.5,2.9000000000000004,177.61936950683594,4.724751949310303,5.370689392089844,13.996615409851074,1,4.733396053314209,15.100000000000001,0.30000000000000004
3,1,0.0,10.100000000000001,13.8,-0.9142145687516265,18.5,2.9000000000000004,178.11936950683594,4.723215103149414,5.370689392089844,13.955286979675293,1,4.73185920715332,15.100000000000001,0.30000000000000004
3,1,0.0,10.100000000000001,13.8,-0.9142145687516265,18.5,2.9000000000000004,178.61936950683594,4.722039699554443,5.370689392089844,13.913982391357422,1,4.73068380355835,15.100000000000001,0.30000000000000004
3,1,0.0,10.100000000000001,13.8,-0.9142145687516265,18.5,2.9000000000000004,179.11936950683594,4.721225261688232,5.370689392089844,13.872694969177246,1,4.729869365692139,15.100000000000001,0.30000000000000004
3,1,0.0,10.100000000000001,13.8,-0.9142145687516265,18.5,2.9000000000000004,179.61936950683594,0.0,,,0,4.729414939880371,15.100000000000001,0.30000000000000004
3,1,0.0,10.100000000000001,13.8,-0.9142145687516265,18.5,2.9000000000000004,180.11936950683594,4.720676898956299,5.370689392089844,13.79014778137207,1,4.729321002960205,15.100000000000001,0.30000000000000004
3,1,0.0,10.100000000000001,13.8,-0.9142145687516265,18.5,2.9000000000000004,180.61936950683594,4.720942974090576,5.370689392089844,13.74887466430664,1,4.729587078094482,15.100000000000001,0.30000000000000004
3,1,0.0,10.100000000000001,13.8,-0.9142145687516265,18.5,2.9000000000000004,181.11936950683594,0.0,,,0,4.730213165283203,15.100000000000001,0.30000000000000004
3,1,0.0,10.100000000000001,13.8,-0.9142145687516265,18.5,2.9000000000000004,181.61936950683594,4.722556114196777,5.370689392089844,13.666298866271973,1,4.731200218200684,15.100000000000001,0.30000000000000004
3,1,0.0,10.100000000000001,13.8,-0.9142145687516265,18.5,2.9000000000000004,182.11936950683594,0.0,,,0,4.732547760009766,15.100000000000001,0.30000000000000004
3,1,0.0,10.100000000000001,13.8,-0.9142145687516265,18.5,2.9000000000000004,182.61936950683594,4.725613117218018,5.370689392089844,13.58364200592041,1,4.734257221221924,15.100000000000001,0.30000000000000004
3,1,0.0,10.100000000000001,13.8,-0.9142145687516265,18.5,2.9000000000000004,183.11936950683594,4.727684020996094,5.370689392089844,13.542266845703125,1,4.736328125,15.100000000000001,0.30000000000000004
3,1,0.0,10.100000000000001,13.8,-0.9142145687516265,18.5,2.9000000000000004,183.61936950683594,4.730118274688721,5.370689392089844,13.500852584838867,1,4.738762378692627,15.100000000000001,0.30000000000000004
3,1,0.0,10.100000000000001,13.8,-0.9142145687516265,18.5,2.9000000000000004,184.11936950683594,4.732915878295898,5.370689392089844,13.459392547607422,1,4.741559982299805,15.100000000000001,0.30000000000000004
3,1,0.0,10.100000000000001,13.8,-0.9142145687516265,18.5,2.9000000000000004,184.61936950683594,4.73607873916626,5.370689392089844,13.417880058288574,1,4.744722843170166,15.100000000000001,0.30000000000000004
3,1,0.0,10.100000000000001,13.8,-0.9142145687516265,18.5,2.9000000000000004,185.11936950683594,4.739607334136963,5.370689392089844,13.376309394836426,1,4.748251438140869,15.100000000000001,0.30000000000000004
3,1,0.0,10.100000000000001,13.8,-0.9142145687516265,18.5,2.9000000000000004,185.61936950683594,4.743503570556641,5.370689392089844,13.334672927856445,1,4.752147674560547,15.100000000000001,0.30000000000000004
3,1,0.0,10.100000000000001,13.8,-0.9142145687516265,18.5,2.9000000000000004,186.11936950683594,4.747768878936768,5.370689392089844,13.29296588897705,1,4.756412982940674,15.100000000000001,0.30000000000000004
3,1,0.0,10.100000000000001,13.8,-0.9142145687516265,18.5,2.9000000000000004,186.61936950683594,4.75240421295166,5.370689392089844,13.251180648803711,1,4.761048316955566,15.100000000000001,0.30000000000000004
3,1,0.0,10.100000000000001,13.8,-0.9142145687516265,18.5,2.9000000000000004,187.11936950683594,4.757412433624268,5.370689392089844,13.209309577941895,1,4.766056537628174,15.100000000000001,0.30000000000000004
3,1,0.0,10.100000000000001,13.8,-0.9142145687516265,18.5,2.9000000000000004,187.61936950683594,4.517301082611084,5.614015579223633,13.199898719787598,1,4.52594518661499,15.100000000000001,0.30000000000000004
3,1,0.0,10.100000000000001,13.8,-0.9142145687516265,18.5,2.9000000000000004,188.11936950683594,4.2402873039245605,5.893660068511963,13.199898719787598,1,4.248931407928467,15.100000000000001,0.30000000000000004
3,1,0.0,10.100000000000001,13.8,-0.9142145687516265,18.5,2.9000000000000004,188.61936950683594,0.0,,,0,4.004158973693848,15.100000000000001,0.30000000000000004
3,1,0.0,10.100000000000001,13.8,-0.9142145687516265,18.5,2.9000000000000004,189.11936950683594,0.0,,,0,3.7863245010375977,15.100000000000001,0.30000000000000004
3,1,0.0,10.100000000000001,13.8,-0.9142145687516265,18.5,2.9000000000000004,189.61936950683594,3.5825839042663574,6.559266090393066,13.199898719787598,1,3.5912280082702637,15.100000000000001,0.30000000000000004
3,1,0.0,10.100000000000001,13.8,-0.9142145687516265,18.5,2.9000000000000004,190.11936950683594,3.4068548679351807,6.737632751464844,13.199898719787598,1,3.415498971939087,15.100000000000001,0.30000000000000004
3,1,0.0,10.100000000000001,13.8,-0.9142145687516265,18.5,2.9000000000000004,190.61936950683594,3.247757911682129,6.899370193481445,13.199898719787598,1,3.256402015686035,15.100000000000001,0.30000000000000004
3,1,0.0,10.100000000000001,13.8,-0.9142145687516265,18.5,2.9000000000000004,191.11936950683594,0.0,,,0,3.1116933822631836,15.100000000000001,0.30000000000000004
3,1,0.0,10.100000000000001,13.8,-0.9142145687516265,18.5,2.9000000000000004,191.61936950683594,2.970871925354004,7.18154239654541,13.199898719787598,1,2.97951602935791,15.100000000000001,0.30000000000000004
3,1,0.0,10.100000000000001,13.8,-0.9142145687516265,18.5,2.9000000000000004,192.11936950683594,0.0,,,0,2.8583192825317383,15.100000000000001,0.30000000000000004
3,1,0.0,10.100000000000001,13.8,-0.9142145687516265,18.5,2.9000000000000004,192.61936950683594,0.0,,,0,2.746797561645508,15.100000000000001,0.30000000000000004
3,1,0.0,10.100000000000001,13.8,-0.9142145687516265,18.5,2.9000000000000004,193.11936950683594,2.6352014541625977,7.525160789489746,13.199898719787598,1,2.643845558166504,15.100000000000001,0.30000000000000004
3,1,0.0,10.100000000000001,13.8,-0.9142145687516265,18.5,2.9000000000000004,193.61936950683594,2.539874792098999,7.623141765594482,13.199898719787598,1,2.5485188961029053,15.100000000000001,0.30000000000000004
3,1,0.0,10.100000000000001,13.8,-0.9142145687516265,18.5,2.9000000000000004,194.11936950683594,2.451364278793335,7.714309215545654,13.199898719787598,1,2.460008382797241,15.100000000000001,0.30000000000000004
3,1,0.0,10.100000000000001,13.8,-0.9142145687516265,18.5,2.9000000000000004,194.61936950683594,0.0,,,0,2.3776142597198486,15.100000000000001,0.30000000000000004
3,1,0.0,10.100000000000001,13.8,-0.9142145687516265,18.5,2.9000000000000004,195.11936950683594,2.292086124420166,7.878910541534424,13.199898719787598,1,2.3007302284240723,15.100000000000001,0.30000000000000004
3,1,0.0,10.100000000000001,13.8,-0.9142145687516265,18.5,2.9000000000000004,195.61936950683594,2.2201828956604004,7.953479766845703,13.199898719787598,1,2.2288269996643066,15.100000000000001,0.30000000000000004
3,1,0.0,10.100000000000001,13.8,-0.9142145687516265,18.5,2.9000000000000004,196.11936950683594,2.1527976989746094,8.023534774780273,13.199898719787598,1,2.1614418029785156,15.100000000000001,0.30000000000000004
3,1,0.0,10.100000000000001,13.8,-0.9142145687516265,18.5,2.9000000000000004,196.61936950683594,2.089522361755371,8.089482307434082,13.199898719787598,1,2.0981664657592773,15.100000000000001,0.30000000000000004
3,1,0.0,10.100000000000001,13.8,-0.9142145687516265,18.5,2.9000000000000004,197.11936950683594,2.0299973487854004,8.151683807373047,13.199898719787598,1,2.0386414527893066,15.100000000000001,0.30000000000000004
3,1,0.0,10.100000000000001,13.8,-0.9142145687516265,18.5,2.9000000000000004,197.61936950683594,1.9739032983779907,8.210456848144531,13.199898719787598,1,1.982547402381897,15.100000000000001,0.30000000000000004
3,1,0.0,10.100000000000001,13.8,-0.9142145687516265,18.5,2.9000000000000004,198.11936950683594,1.9209564924240112,8.26608657836914,13.199898719787598,1,1.9296005964279175,15.100000000000001,0.30000000000000004
3,1,0.0,10.100000000000001,13.8,-0.9142145687516265,18.5,2.9000000000000004,198.61936950683594,1.8709036111831665,8.318826675415039,13.199898719787598,1,1.8795477151870728,15.100000000000001,0.30000000000000004
3,1,0.0,10.100000000000001,13.8,-0.9142145687516265,18.5,2.9000000000000004,199.11936950683594,0.0,,,0,1.8321619033813477,15.100000000000001,0.30000000000000004
3,1,0.0,10.100000000000001,13.8,-0.9142145687516265,18.5,2.9000000000000004,199.61936950683594,1.7785953283309937,8.416520118713379,13.199898719787598,1,1.7872394323349,15.100000000000001,0.30000000000000004
3,1,0.0,10.100000000000001,13.8,-0.9142145687516265,18.5,2.9000000000000004,200.11936950683594,1.7359527349472046,8.461861610412598,13.199898719787598,1,1.7445968389511108,15.100000000000001,0.30000000000000004
3,1,0.0,10.100000000000001,13.8,-0.9142145687516265,18.5,2.9000000000000004,200.61936950683594,1.695424199104309,8.505093574523926,13.199898719787598,1,1.7040683031082153,15.100000000000001,0.30000000000000004
3,1,0.0,10.100000000000001,13.8,-0.9142145687516265,18.5,2.9000000000000004,201.11936950683594,1.6568599939346313,8.546364784240723,13.199898719787598,1,1.6655040979385376,15.100000000000001,0.30000000000000004
3,1,0.0,10.100000000000001,13.8,-0.9142145687516265,18.5,2.9000000000000004,201.61936950683594,1.6201238632202148,8.58581256866455,13.199898719787598,1,1.628767967224121,15.100000000000001,0.30000000000000004
3,1,0.0,10.100000000000001,13.8,-0.9142145687516265,18.5,2.9000000000000004,202.11936950683594,1.5850921869277954,8.623560905456543,13.199898719787598,1,1.5937362909317017,15.100000000000001,0.30000000000000004
3,1,0.0,10.100000000000001,13.8,-0.9142145687516265,18.5,2.9000000000000004,202.61936950683594,1.551651954650879,8.659721374511719,13.199898719787598,1,1.5602960586547852,15.100000000000001,0.30000000000000004
3,1,0.0,10.100000000000001,13.8,-0.9142145687516265,18.5,2.9000000000000004,203.11936950683594,1.5197001695632935,8.694398880004883,13.199898719787598,1,1.5283442735671997,15.100000000000001,0.30000000000000004
3,1,0.0,10.100000000000001,13.8,-0.9142145687516265,18.5,2.9000000000000004,203.61936950683594,1.4891425371170044,8.727686882019043,13.199898719787598,1,1.4977866411209106,15.100000000000001,0.30000000000000004
3,1,0.0,10.100000000000001,13.8,-0.9142145687516265,18.5,2.9000000000000004,204.11936950683594,1.4598925113677979,8.759672164916992,13.199898719787598,1,1.468536615371704,15.100000000000001,0.30000000000000004
3,1,0.0,10.100000000000001,13.8,-0.9142145687516265,18.5,2.9000000000000004,204.61936950683594,1.431870698928833,8.790434837341309,13.199898719787598,1,1.4405148029327393,15.100000000000001,0.30000000000000004
3,1,0.0,10.100000000000001,13.8,-0.9142145687516265,18.5,2.9000000000000004,205.11936950683594,1.4050039052963257,8.820047378540039,13.199898719787598,1,1.413648009300232,15.100000000000001,0.30000000000000004
3,1,0.0,10.100000000000001,13.8,-0.9142145687516265,18.5,2.9000000000000004,205.61936950683594,1.3792246580123901,8.848577499389648,13.199898719787598,1,1.3878687620162964,15.100000000000001,0.30000000000000004
3,1,0.0,10.100000000000001,13.8,-0.9142145687516265,18.5,2.9000000000000004,206.11936950683594,1.3544707298278809,8.87608814239502,13.199898719787598,1,1.363114833831787,15.100000000000001,0.30000000000000004
3,1,0.0,10.100000000000001,13.8,-0.9142145687516265,18.5,2.9000000000000004,206.61936950683594,1.3306845426559448,8.902636528015137,13.199898719787598,1,1.339328646659851,15.100000000000001,0.30000000000000004
3,1,0.0,10.100000000000001,13.8,-0.9142145687516265,18.5,2.9000000000000004,207.11936950683594,1.3078128099441528,8.928276062011719,13.199898719787598,1,1.316456913948059,15.100000000000001,0.30000000000000004
3,1,0.0,10.100000000000001,13.8,-0.9142145687516265,18.5,2.9000000000000004,207.61936950683594,1.2858060598373413,8.953056335449219,13.199898719787598,1,1.2944501638412476,15.100000000000001,0.30000000000000004
3,1,0.0,10.100000000000001,13.8,-0.9142145687516265,18.5,2.9000000000000004,208.11936950683594,1.2646182775497437,8.97702407836914,13.199898719787598,1,1.27326238155365,15.100000000000001,0.30000000000000004
3,1,0.0,10.100000000000001,13.8,-0.9142145687516265,18.5,2.9000000000000004,208.61936950683594,1.2442067861557007,9.000221252441406,13.199898719787598,1,1.252850890159607,15.100000000000001,0.30000000000000004
3,1,0.0,10.100000000000001,13.8,-0.9142145687516265,18.5,2.9000000000000004,209.11936950683594,1.224531888961792,9.022687911987305,13.199898719787598,1,1.2331759929656982,15.100000000000001,0.30000000000000004
3,1,0.0,10.100000000000001,13.8,-0.9142145687516265,18.5,2.9000000000000004,209.61936950683594,1.2055565118789673,9.044461250305176,13.199898719787598,1,1.2142006158828735,15.100000000000001,0.30000000000000004
3,1,0.0,10.100000000000001,13.8,-0.9142145687516265,18.5,2.9000000000000004,210.11936950683594,1.1872458457946777,9.065576553344727,13.199898719787598,1,1.195889949798584,15.100000000000001,0.30000000000000004
3,1,0.0,10.100000000000001,13.8,-0.9142145687516265,18.5,2.9000000000000004,210.61936950683594,1.169567584991455,9.086066246032715,13.199898719787598,1,1.1782116889953613,15.100000000000001,0.30000000000000004
3,1,0.0,10.100000000000001,13.8,-0.9142145687516265,18.5,2.9000000000000004,211.11936950683594,1.152491569519043,9.105960845947266,13.199898719787598,1,1.1611356735229492,15.100000000000001,0.30000000000000004
3,1,0.0,10.100000000000001,13.8,-0.9142145687516265,18.5,2.9000000000000004,211.61936950683594,0.0,,,0,1.1446335315704346,15.100000000000001,0.30000000000000004
3,1,0.0,10.100000000000001,13.8,-0.9142145687516265,18.5,2.9000000000000004,212.11936950683594,1.1200344562530518,9.144074440002441,13.199898719787598,1,1.128678560256958,15.100000000000001,0.30000000000000004
3,1,0.0,10.100000000000001,13.8,-0.9142145687516265,18.5,2.9000000000000004,212.61936950683594,1.1046017408370972,9.162345886230469,13.199898719787598,1,1.1132458448410034,15.100000000000001,0.30000000000000004
3,1,0.0,10.100000000000001,13.8,-0.9142145687516265,18.5,2.9000000000000004,213.11936950683594,1.0896679162979126,9.180126190185547,13.199898719787598,1,1.0983120203018188,15.100000000000001,0.30000000000000004
3,1,0.0,10.100000000000001,13.8,-0.9142145687516265,18.5,2.9000000000000004,213.61936950683594,1.0752109289169312,9.197437286376953,13.199898719787598,1,1.0838550329208374,15.100000000000001,0.30000000000000004
3,1,0.0,10.100000000000001,13.8,-0.9142145687516265,18.5,2.9000000000000004,214.11936950683594,0.0,,,0,1.0698540210723877,15.100000000000001,0.30000000000000004
3,1,0.0,10.100000000000001,13.8,-0.9142145687516265,18.5,2.9000000000000004,214.61936950683594,1.0476454496383667,9.230731964111328,13.199898719787598,1,1.056289553642273,15.100000000000001,0.30000000000000004
3,1,0.0,10.100000000000001,13.8,-0.9142145687516265,18.5,2.9000000000000004,215.11936950683594,1.034499168395996,9.246755599975586,13.199898719787598,1,1.0431432723999023,15.100000000000001,0.30000000000000004
3,1,0.0,10.100000000000001,13.8,-0.9142145687516265,18.5,2.9000000000000004,215.61936950683594,1.0217535495758057,9.262385368347168,13.199898719787598,1,1.030397653579712,15.100000000000001,0.30000000000000004
3,1,0.0,10.100000000000001,13.8,-0.9142145687516265,18.5,2.9000000000000004,216.11936950683594,1.009392261505127,9.277639389038086,13.199898719787598,1,1.0180363655090332,15.100000000000001,0.30000000000000004
3,1,0.0,10.100000000000001,13.8,-0.9142145687516265,18.5,2.9000000000000004,216.61936950683594,0.997399628162384,9.292532920837402,13.199898719787598,1,1.006043791770935,15.100000000000001,0.30000000000000004
3,1,0.0,10.100000000000001,13.8,-0.9142145687516265,18.5,2.9000000000000004,217.11936950683594,0.9857611656188965,9.30708122253418,13.199898719787598,1,0.9944053292274475,15.100000000000001,0.30000000000000004
3,1,0.0,10.100000000000001,13.8,-0.9142145687516265,18.5,2.9000000000000004,217.61936950683594,0.9744629263877869,9.321297645568848,13.199898719787598,1,0.9831070899963379,15.100000000000001,0.30000000000000004
3,1,0.0,10.100000000000001,13.8,-0.9142145687516265,18.5,2.9000000000000004,218.11936950683594,0.0,,,0,0.9721359610557556,15.100000000000001,0.30000000000000004
3,1,0.0,10.100000000000001,13.8,-0.9142145687516265,18.5,2.9000000000000004,218.61936950683594,0.952835202217102,9.348787307739258,13.199898719787598,1,0.9614793658256531,15.100000000000001,0.30000000000000004
3,1,0.0,10.100000000000001,13.8,-0.9142145687516265,18.5,2.9000000000000004,219.11936950683594,0.9424813389778137,9.362085342407227,13.199898719787598,1,0.9511255025863647,15.100000000000001,0.30000000000000004
3,1,0.0,10.100000000000001,13.8,-0.9142145687516265,18.5,2.9000000000000004,219.61936950683594,0.0,,,0,0.9410631656646729,15.100000000000001,0.30000000000000004
3,1,0.0,10.100000000000001,13.8,-0.9142145687516265,18.5,2.9000000000000004,220.11936950683594,0.0,,,0,0.9312816858291626,15.100000000000001,0.30000000000000004
3,1,0.0,10.100000000000001,13.8,-0.9142145687516265,18.5,2.9000000000000004,220.61936950683594,0.9131267666816711,9.400328636169434,13.199898719787598,1,0.9217709302902222,15.100000000000001,0.30000000000000004
3,1,0.0,10.100000000000001,13.8,-0.9142145687516265,18.5,2.9000000000000004,221.11936950683594,0.0,,,0,0.912521243095398,15.100000000000001,0.30000000000000004
3,1,0.0,10.100000000000001,13.8,-0.9142145687516265,18.5,2.9000000000000004,221.61936950683594,0.8948793411254883,9.42455005645752,13.199898719787598,1,0.9035235047340393,15.100000000000001,0.30000000000000004
3,1,0.0,10.100000000000001,13.8,-0.9142145687516265,18.5,2.9000000000000004,222.11936950683594,0.8861247897148132,9.43630599975586,13.199898719787598,1,0.8947689533233643,15.100000000000001,0.30000000000000004
3,1,0.0,10.100000000000001,13.8,-0.9142145687516265,18.5,2.9000000000000004,222.61936950683594,0.0,,,0,0.8862492442131042,15.100000000000001,0.30000000000000004
3,1,0.0,10.100000000000001,13.8,-0.9142145687516265,18.5,2.9000000000000004,223.11936950683594,0.8693123459815979,9.459152221679688,13.199898719787598,1,0.8779565095901489,15.100000000000001,0.30000000000000004
3,1,0.0,10.100000000000001,13.8,-0.9142145687516265,18.5,2.9000000000000004,223.61936950683594,0.861238956451416,9.470257759094238,13.199898719787598,1,0.869883120059967,15.100000000000001,0.30000000000000004
3,1,0.0,10.100000000000001,13.8,-0.9142145687516265,18.5,2.9000000000000004,224.11936950683594,0.0,,,0,0.8620219230651855,15.100000000000001,0.30000000000000004
3,1,0.0,10.100000000000001,13.8,-0.9142145687516265,18.5,2.9000000000000004,224.61936950683594,0.8457218408584595,9.49187183380127,13.199898719787598,1,0.8543660044670105,15.100000000000001,0.30000000000000004
3,1,0.0,10.100000000000001,13.8,-0.9142145687516265,18.5,2.9000000000000004,225.11936950683594,0.8382646441459656,9.50239372253418,13.199898719787598,1,0.8469088077545166,15.100000000000001,0.30000000000000004
3,1,0.0,10.100000000000001,13.8,-0.9142145687516265,18.5,2.9000000000000004,225.61936950683594,0.8309999108314514,9.512734413146973,13.199898719787598,1,0.8396440744400024,15.100000000000001,0.30000000000000004
3,1,0.0,10.100000000000001,13.8,-0.9142145687516265,18.5,2.9000000000000004,226.11936950683594,0.8239216208457947,9.522900581359863,13.199898719787598,1,0.8325657844543457,15.100000000000001,0.30000000000000004
3,1,0.0,10.100000000000001,13.8,-0.9142145687516265,18.5,2.9000000000000004,226.61936950683594,0.8170239925384521,9.532896041870117,13.199898719787598,1,0.8256681561470032,15.100000000000001,0.30000000000000004
3,1,0.0,10.100000000000001,13.8,-0.9142145687516265,18.5,2.9000000000000004,227.11936950683594,0.8103016018867493,9.542729377746582,13.199898719787598,1,0.8189457654953003,15.100000000000001,0.30000000000000004
3,1,0.0,10.100000000000001,13.8,-0.9142145687516265,18.5,2.9000000000000004,227.61936950683594,0.803749144077301,9.552404403686523,13.199898719787598,1,0.812393307685852,15.100000000000001,0.30000000000000004
3,1,0.0,10.100000000000001,13.8,-0.9142145687516265,18.5,2.9000000000000004,228.11936950683594,0.0,,,0,0.8060057163238525,15.100000000000001,0.30000000000000004
3,1,0.0,10.100000000000001,13.8,-0.9142145687516265,18.5,2.9000000000000004,228.61936950683594,0.7911341190338135,9.57129955291748,13.199898719787598,1,0.7997782826423645,15.100000000000001,0.30000000000000004
3,1,0.0,10.100000000000001,13.8,-0.9142145687516265,18.5,2.9000000000000004,229.11936950683594,0.7850621342658997,9.580531120300293,13.199898719787598,1,0.7937062978744507,15.100000000000001,0.30000000000000004
3,1,0.0,10.100000000000001,13.8,-0.9142145687516265,18.5,2.9000000000000004,229.61936950683594,0.7791411876678467,9.58962345123291,13.199898719787598,1,0.7877853512763977,15.100000000000001,0.30000000000000004
3,1,0.0,10.100000000000001,13.8,-0.9142145687516265,18.5,2.9000000000000004,230.11936950683594,0.7733670473098755,9.59858226776123,13.199898719787598,1,0.7820112109184265,15.100000000000001,0.30000000000000004
3,1,0.0,10.100000000000001,13.8,-0.9142145687516265,18.5,2.9000000000000004,230.61936950683594,0.7677356600761414,9.607410430908203,13.199898719787598,1,0.7763798236846924,15.100000000000001,0.30000000000000004
3,1,0.0,10.100000000000001,13.8,-0.9142145687516265,18.5,2.9000000000000004,231.11936950683594,0.0,,,0,0.7708871960639954,15.100000000000001,0.30000000000000004
3,1,0.0,10.100000000000001,13.8,-0.9142145687516265,18.5,2.9000000000000004,231.61936950683594,0.7568855285644531,9.624695777893066,13.199898719787598,1,0.7655296921730042,15.100000000000001,0.30000000000000004
3,1,0.0,10.100000000000001,13.8,-0.9142145687516265,18.5,2.9000000000000004,232.11936950683594,0.7516593933105469,9.633159637451172,13.199898719787598,1,0.7603035569190979,15.100000000000001,0.30000000000000004
3,1,0.0,10.100000000000001,13.8,-0.9142145687516265,18.5,2.9000000000000004,232.61936950683594,0.7465612888336182,9.641509056091309,13.199898719787598,1,0.7552054524421692,15.100000000000001,0.30000000000000004
3,1,0.0,10.100000000000001,13.8,-0.9142145687516265,18.5,2.9000000000000004,233.11936950683594,0.7415878772735596,9.649747848510742,13.199898719787598,1,0.7502320408821106,15.100000000000001,0.30000000000000004
3,1,0.0,10.100000000000001,13.8,-0.9142145687516265,18.5,2.9000000000000004,233.61936950683594,0.0,,,0,0.7453801035881042,15.100000000000001,0.30000000000000004
3,1,0.0,10.100000000000001,13.8,-0.9142145687516265,18.5,2.9000000000000004,234.11936950683594,0.7320023775100708,9.665907859802246,13.199898719787598,1,0.7406465411186218,15.100000000000001,0.30000000000000004
3,1,0.0,10.100000000000001,13.8,-0.9142145687516265,18.5,2.9000000000000004,234.61936950683594,0.7273842096328735,9.673835754394531,13.199898719787598,1,0.7360283732414246,15.100000000000001,0.30000000000000004
3,1,0.0,10.100000000000001,13.8,-0.9142145687516265,18.5,2.9000000000000004,235.11936950683594,0.7228786945343018,9.681665420532227,13.199898719787598,1,0.7315228581428528,15.100000000000001,0.30000000000000004
3,1,0.0,10.100000000000001,13.8,-0.9142145687516265,18.5,2.9000000000000004,235.61936950683594,0.718483030796051,9.689399719238281,13.199898719787598,1,0.727127194404602,15.100000000000001,0.30000000000000004
3,1,0.0,10.100000000000001,13.8,-0.9142145687516265,18.5,2.9000000000000004,236.11936950683594,0.0,,,0,0.7228387594223022,15.100000000000001,0.30000000000000004
3,1,0.0,10.100000000000001,13.8,-0.9142145687516265,18.5,2.9000000000000004,236.61936950683594,0.710010826587677,9.704597473144531,13.199898719787598,1,0.718654990196228,15.100000000000001,0.30000000000000004
3,1,0.0,10.100000000000001,13.8,-0.9142145687516265,18.5,2.9000000000000004,237.11936950683594,0.7059293389320374,9.712064743041992,13.199898719787598,1,0.7145735025405884,15.100000000000001,0.30000000000000004
3,1,0.0,10.100000000000001,13.8,-0.9142145687516265,18.5,2.9000000000000004,237.61936950683594,0.7019477486610413,9.719449043273926,13.199898719787598,1,0.7105919122695923,15.100000000000001,0.30000000000000004
3,1,0.0,10.100000000000001,13.8,-0.9142145687516265,18.5,2.9000000000000004,238.11936950683594,0.698063850402832,9.726751327514648,13.199898719787598,1,0.7067080140113831,15.100000000000001,0.30000000000000004
3,1,0.0,10.100000000000001,13.8,-0.9142145687516265,18.5,2.9000000000000004,238.61936950683594,0.6942753791809082,9.733975410461426,13.199898719787598,1,0.7029195427894592,15.100000000000001,0.30000000000000004
3,1,0.0,10.100000000000001,13.8,-0.9142145687516265,18.5,2.9000000000000004,239.11936950683594,0.0,,,0,0.6992244124412537,15.100000000000001,0.30000000000000004
3,1,0.0,10.100000000000001,13.8,-0.9142145687516265,18.5,2.9000000000000004,239.61936950683594,0.6869764924049377,9.74819564819336,13.199898719787598,1,0.6956206560134888,15.100000000000001,0.30000000000000004
3,1,0.0,10.100000000000001,13.8,-0.9142145687516265,18.5,2.9000000000000004,240.11936950683594,0.6834621429443359,9.755196571350098,13.199898719787598,1,0.692106306552887,15.100000000000001,0.30000000000000004
3,1,0.0,10.100000000000001,13.8,-0.9142145687516265,18.5,2.9000000000000004,240.61936950683594,0.6800352931022644,9.762127876281738,13.199898719787598,1,0.6886794567108154,15.100000000000001,0.30000000000000004
3,1,0.0,10.100000000000001,13.8,-0.9142145687516265,18.5,2.9000000000000004,241.11936950683594,0.6766940951347351,9.768990516662598,13.199898719787598,1,0.6853382587432861,15.100000000000001,0.30000000000000004
3,1,0.0,10.100000000000001,13.8,-0.9142145687516265,18.5,2.9000000000000004,241.61936950683594,0.6734369397163391,9.775788307189941,13.199898719787598,1,0.6820811033248901,15.100000000000001,0.30000000000000004
3,1,0.0,10.100000000000001,13.8,-0.9142145687516265,18.5,2.9000000000000004,242.11936950683594,0.6702619791030884,9.782522201538086,13.199898719787598,1,0.6789061427116394,15.100000000000001,0.30000000000000004
3,1,0.0,10.100000000000001,13.8,-0.9142145687516265,18.5,2.9000000000000004,242.61936950683594,0.6671677231788635,9.789194107055664,13.199898719787598,1,0.6758118867874146,15.100000000000001,0.30000000000000004
3,1,0.0,10.100000000000001,13.8,-0.9142145687516265,18.5,2.9000000000000004,243.11936950683594,0.6641525030136108,9.795805931091309,13.199898719787598,1,0.6727966666221619,15.100000000000001,0.30000000000000004
3,1,0.0,10.100000000000001,13.8,-0.9142145687516265,18.5,2.9000000000000004,243.61936950683594,0.6612148880958557,9.802359580993652,13.199898719787598,1,0.6698590517044067,15.100000000000001,0.30000000000000004
3,1,0.0,10.100000000000001,13.8,-0.9142145687516265,18.5,2.9000000000000004,244.11936950683594,0.6583533883094788,9.808856964111328,13.199898719787598,1,0.6669975519180298,15.100000000000001,0.30000000000000004
3,1,0.0,10.100000000000001,13.8,-0.9142145687516265,18.5,2.9000000000000004,244.61936950683594,0.6555665731430054,9.815299034118652,13.199898719787598,1,0.6642107367515564,15.100000000000001,0.30000000000000004
3,1,0.0,10.100000000000001,13.8,-0.9142145687516265,18.5,2.9000000000000004,245.11936950683594,0.0,,,0,0.6614972949028015,15.100000000000001,0.30000000000000004
3,1,0.0,10.100000000000001,13.8,-0.9142145687516265,18.5,2.9000000000000004,245.61936950683594,0.650211751461029,9.82802677154541,13.199898719787598,1,0.6588559150695801,15.100000000000001,0.30000000000000004
3,1,0.0,10.100000000000001,13.8,-0.9142145687516265,18.5,2.9000000000000004,246.11936950683594,0.647641122341156,9.834314346313477,13.199898719787598,1,0.656285285949707,15.100000000000001,0.30000000000000004
3,1,0.0,10.100000000000001,13.8,-0.9142145687516265,18.5,2.9000000000000004,246.61936950683594,0.6451401114463806,9.840553283691406,13.199898719787598,1,0.6537842750549316,15.100000000000001,0.30000000000000004
3,1,0.0,10.100000000000001,13.8,-0.9142145687516265,18.5,2.9000000000000004,247.11936950683594,0.6427074670791626,9.846746444702148,13.199898719787598,1,0.6513516306877136,15.100000000000001,0.30000000000000004
3,1,0.0,10.100000000000001,13.8,-0.9142145687516265,18.5,2.9000000000000004,247.61936950683594,0.640342116355896,9.852892875671387,13.199898719787598,1,0.648986279964447,15.100000000000001,0.30000000000000004
3,1,0.0,10.100000000000001,13.8,-0.9142145687516265,18.5,2.9000000000000004,248.11936950683594,0.6380429863929749,9.858996391296387,13.199898719787598,1,0.6466871500015259,15.100000000000001,0.30000000000000004
3,1,0.0,10.100000000000001,13.8,-0.9142145687516265,18.5,2.9000000000000004,248.61936950683594,0.6358089447021484,9.865056991577148,13.199898719787598,1,0.6444531083106995,15.100000000000001,0.30000000000000004
3,1,0.0,10.100000000000001,13.8,-0.9142145687516265,18.5,2.9000000000000004,249.11936950683594,0.6336390376091003,9.871075630187988,13.199898719787598,1,0.6422832012176514,15.100000000000001,0.30000000000000004
3,1,0.0,10.100000000000001,13.8,-0.9142145687516265,18.5,2.9000000000000004,249.61936950683594,0.6315323114395142,9.877055168151855,13.199898719787598,1,0.6401764750480652,15.100000000000001,0.30000000000000004
3,1,0.0,10.100000000000001,13.8,-0.9142145687516265,18.5,2.9000000000000004,250.11936950683594,0.6294877529144287,9.88299560546875,13.199898719787598,1,0.6381319165229797,15.100000000000001,0.30000000000000004
3,1,0.0,10.100000000000001,13.8,-0.9142145687516265,18.5,2.9000000000000004,250.61936950683594,0.6275045275688171,9.888898849487305,13.199898719787598,1,0.6361486911773682,15.100000000000001,0.30000000000000004
3,1,0.0,10.100000000000001,13.8,-0.9142145687516265,18.5,2.9000000000000004,251.11936950683594,0.6255817413330078,9.894765853881836,13.199898719787598,1,0.6342259049415588,15.100000000000001,0.30000000000000004
3,1,0.0,10.100000000000001,13.8,-0.9142145687516265,18.5,2.9000000000000004,251.61936950683594,0.6237185597419739,9.900598526000977,13.199898719787598,1,0.6323627233505249,15.100000000000001,0.30000000000000004
3,1,0.0,10.100000000000001,13.8,-0.9142145687516265,18.5,2.9000000000000004,252.11936950683594,0.0,,,0,0.6305583715438843,15.100000000000001,0.30000000000000004
3,1,0.0,10.100000000000001,13.8,-0.9142145687516265,18.5,2.9000000000000004,252.61936950683594,0.6201677918434143,9.912162780761719,13.199898719787598,1,0.6288119554519653,15.100000000000001,0.30000000000000004
3,1,0.0,10.100000000000001,13.8,-0.9142145687516265,18.5,2.9000000000000004,253.11936950683594,0.6184787154197693,9.91789722442627,13.199898719787598,1,0.6271228790283203,15.100000000000001,0.30000000000000004
3,1,0.0,10.100000000000001,13.8,-0.9142145687516265,18.5,2.9000000000000004,253.61936950683594,0.6168461441993713,9.923601150512695,13.199898719787598,1,0.6254903078079224,15.100000000000001,0.30000000000000004
3,1,0.0,10.100000000000001,13.8,-0.9142145687516265,18.5,2.9000000000000004,254.11936950683594,0.6152694821357727,9.929275512695312,13.199898719787598,1,0.6239136457443237,15.100000000000001,0.30000000000000004
3,1,0.0,10.100000000000001,13.8,-0.9142145687516265,18.5,2.9000000000000004,254.61936950683594,0.6137480139732361,9.93492317199707,13.199898719787598,1,0.6223921775817871,15.100000000000001,0.30000000000000004
3,1,0.0,10.100000000000001,13.8,-0.9142145687516265,18.5,2.9000000000000004,255.11936950683594,0.612281084060669,9.940542221069336,13.199898719787598,1,0.62092524766922,15.100000000000001,0.30000000000000004
3,1,0.0,10.100000000000001,13.8,-0.9142145687516265,18.5,2.9000000000000004,255.61936950683594,0.6108681559562683,9.946136474609375,13.199898719787598,1,0.6195123195648193,15.100000000000001,0.30000000000000004
3,1,0.0,10.100000000000001,13.8,-0.9142145687516265,18.5,2.9000000000000004,256.1193542480469,0.6095086336135864,9.951704978942871,13.199898719787598,1,0.6181527972221375,15.100000000000001,0.30000000000000004
3,1,0.0,10.100000000000001,13.8,-0.9142145687516265,18.5,2.9000000000000004,256.6193542480469,0.6082019209861755,9.957249641418457,13.199898719787598,1,0.6168460845947266,15.100000000000001,0.30000000000000004
3,1,0.0,10.100000000000001,13.8,-0.9142145687516265,18.5,2.9000000000000004,257.1193542480469,0.6069474816322327,9.962772369384766,13.199898719787598,1,0.6155916452407837,15.100000000000001,0.30000000000000004
3,1,0.0,10.100000000000001,13.8,-0.9142145687516265,18.5,2.9000000000000004,257.6193542480469,0.6057448387145996,9.96827220916748,13.199898719787598,1,0.6143890023231506,15.100000000000001,0.30000000000000004
3,1,0.0,10.100000000000001,13.8,-0.9142145687516265,18.5,2.9000000000000004,258.1193542480469,0.6045935153961182,9.973751068115234,13.199898719787598,1,0.6132376790046692,15.100000000000001,0.30000000000000004
3,1,0.0,10.100000000000001,13.8,-0.9142145687516265,18.5,2.9000000000000004,258.6193542480469,0.6034929752349854,9.979208946228027,13.199898719787598,1,0.6121371388435364,15.100000000000001,0.30000000000000004
3,1,0.0,10.100000000000001,13.8,-0.9142145687516265,18.5,2.9000000000000004,259.1193542480469,0.6024428606033325,9.984648704528809,13.199898719787598,1,0.6110870242118835,15.100000000000001,0.30000000000000004
3,1,0.0,10.100000000000001,13.8,-0.9142145687516265,18.5,2.9000000000000004,259.6193542480469,0.6014427542686462,9.990070343017578,13.199898719787598,1,0.6100869178771973,15.100000000000001,0.30000000000000004
3,1,0.0,10.100000000000001,13.8,-0.9142145687516265,18.5,2.9000000000000004,260.1193542480469,0.0,,,0,0.6091363430023193,15.100000000000001,0.30000000000000004
3,1,0.0,10.100000000000001,13.8,-0.9142145687516265,18.5,2.9000000000000004,260.6193542480469,0.5995908379554749,10.000862121582031,13.199898719787598,1,0.6082350015640259,15.100000000000001,0.30000000000000004
3,1,0.0,10.100000000000001,13.8,-0.9142145687516265,18.5,2.9000000000000004,261.1193542480469,0.5987383127212524,10.006234169006348,13.199898719787598,1,0.6073824763298035,15.100000000000001,0.30000000000000004
3,1,0.0,10.100000000000001,13.8,-0.9142145687516265,18.5,2.9000000000000004,261.6193542480469,0.597934365272522,10.011591911315918,13.199898719787598,1,0.606578528881073,15.100000000000001,0.30000000000000004
3,1,0.0,10.100000000000001,13.8,-0.9142145687516265,18.5,2.9000000000000004,262.1193542480469,0.59717857837677,10.016935348510742,13.199898719787598,1,0.605822741985321,15.100000000000001,0.30000000000000004
3,1,0.0,10.100000000000001,13.8,-0.9142145687516265,18.5,2.9000000000000004,262.6193542480469,0.5964707136154175,10.022266387939453,13.199898719787598,1,0.6051148772239685,15.100000000000001,0.30000000000000004
3,1,0.0,10.100000000000001,13.8,-0.9142145687516265,18.5,2.9000000000000004,263.1193542480469,0.5958104729652405,10.027585983276367,13.199898719787598,1,0.6044546365737915,15.100000000000001,0.30000000000000004
3,1,0.0,10.100000000000001,13.8,-0.9142145687516265,18.5,2.9000000000000004,263.6193542480469,0.5951975584030151,10.032893180847168,13.199898719787598,1,0.6038417220115662,15.100000000000001,0.30000000000000004
3,1,0.0,10.100000000000001,13.8,-0.9142145687516265,18.5,2.9000000000000004,264.1193542480469,0.5946318507194519,10.038190841674805,13.199898719787598,1,0.6032760143280029,15.100000000000001,0.30000000000000004
3,1,0.0,10.100000000000001,13.8,-0.9142145687516265,18.5,2.9000000000000004,264.6193542480469,0.5941129922866821,10.043478012084961,13.199898719787598,1,0.6027571558952332,15.100000000000001,0.30000000000000004
3,1,0.0,10.100000000000001,13.8,-0.9142145687516265,18.5,2.9000000000000004,265.1193542480469,0.593640923500061,10.048757553100586,13.199898719787598,1,0.6022850871086121,15.100000000000001,0.30000000000000004
3,1,0.0,10.100000000000001,13.8,-0.9142145687516265,18.5,2.9000000000000004,265.6193542480469,0.5932153463363647,10.054028511047363,13.199898719787598,1,0.6018595099449158,15.100000000000001,0.30000000000000004
3,1,0.0,10.100000000000001,13.8,-0.9142145687516265,18.5,2.9000000000000004,266.1193542480469,0.5928361415863037,10.059292793273926,13.199898719787598,1,0.6014803051948547,15.100000000000001,0.30000000000000004
3,1,0.0,10.100000000000001,13.8,-0.9142145687516265,18.5,2.9000000000000004,266.6193542480469,0.5925031900405884,10.06455135345459,13.199898719787598,1,0.6011473536491394,15.100000000000001,0.30000000000000004
3,1,0.0,10.100000000000001,13.8,-0.9142145687516265,18.5,2.9000000000000004,267.1193542480469,0.5922163128852844,10.069803237915039,13.199898719787598,1,0.6008604764938354,15.100000000000001,0.30000000000000004
3,1,0.0,10.100000000000001,13.8,-0.9142145687516265,18.5,2.9000000000000004,267.6193542480469,0.5919754505157471,10.075051307678223,13.199898719787598,1,0.6006196141242981,15.100000000000001,0.30000000000000004
3,1,0.0,10.100000000000001,13.8,-0.9142145687516265,18.5,2.9000000000000004,268.1193542480469,0.5917804837226868,10.08029556274414,13.199898719787598,1,0.6004246473312378,15.100000000000001,0.30000000000000004
3,1,0.0,10.100000000000001,13.8,-0.9142145687516265,18.5,2.9000000000000004,268.6193542480469,0.5916313529014587,10.08553695678711,13.199898719787598,1,0.6002755165100098,15.100000000000001,0.30000000000000004
3,1,0.0,10.100000000000001,13.8,-0.9142145687516265,18.5,2.9000000000000004,269.1193542480469,0.5915279984474182,10.090775489807129,13.199898719787598,1,0.6001721620559692,15.100000000000001,0.30000000000000004
3,1,0.0,10.100000000000001,13.8,-0.9142145687516265,18.5,2.9000000000000004,269.6193542480469,0.5914703607559204,10.096013069152832,13.199898719787598,1,0.6001145243644714,15.100000000000001,0.30000000000000004
3,1,0.0,10.100000000000001,13.8,-0.9142145687516265,18.5,2.9000000000000004,270.1193542480469,0.0,,,0,0.6001025438308716,15.100000000000001,0.30000000000000004
3,1,0.0,10.100000000000001,13.8,-0.9142145687516265,18.5,2.9000000000000004,270.6193542480469,0.5914921760559082,10.106487274169922,13.199898719787598,1,0.6001363396644592,15.100000000000001,0.30000000000000004
3,1,0.0,10.100000000000001,13.8,-0.9142145687516265,18.5,2.9000000000000004,271.1193542480469,0.5915716290473938,10.111725807189941,13.199898719787598,1,0.6002157926559448,15.100000000000001,0.30000000000000004
3,1,0.0,10.100000000000001,13.8,-0.9142145687516265,18.5,2.9000000000000004,271.6193542480469,0.5916968584060669,10.116965293884277,13.199898719787598,1,0.6003410220146179,15.100000000000001,0.30000000000000004
3,1,0.0,10.100000000000001,13.8,-0.9142145687516265,18.5,2.9000000000000004,272.1193542480469,0.5918678641319275,10.122207641601562,13.199898719787598,1,0.6005120277404785,15.100000000000001,0.30000000000000004
3,1,0.0,10.100000000000001,13.8,-0.9142145687516265,18.5,2.9000000000000004,272.6193542480469,0.0,,,0,0.6007289290428162,15.100000000000001,0.30000000000000004
3,1,0.0,10.100000000000001,13.8,-0.9142145687516265,18.5,2.9000000000000004,273.1193542480469,0.5923475623130798,10.13270378112793,13.199898719787598,1,0.6009917259216309,15.100000000000001,0.30000000000000004
3,1,0.0,10.100000000000001,13.8,-0.9142145687516265,18.5,2.9000000000000004,273.6193542480469,0.0,,,0,0.6013005971908569,15.100000000000001,0.30000000000000004
3,1,0.0,10.100000000000001,13.8,-0.9142145687516265,18.5,2.9000000000000004,274.1193542480469,0.5930114388465881,10.143219947814941,13.199898719787598,1,0.6016556024551392,15.100000000000001,0.30000000000000004
3,1,0.0,10.100000000000001,13.8,-0.9142145687516265,18.5,2.9000000000000004,274.6193542480469,0.5934127569198608,10.148487091064453,13.199898719787598,1,0.6020569205284119,15.100000000000001,0.30000000000000004
3,1,0.0,10.100000000000001,13.8,-0.9142145687516265,18.5,2.9000000000000004,275.1193542480469,0.5938605070114136,10.153761863708496,13.199898719787598,1,0.6025046706199646,15.100000000000001,0.30000000000000004
3,1,0.0,10.100000000000001,13.8,-0.9142145687516265,18.5,2.9000000000000004,275.6193542480469,0.5943548679351807,10.159045219421387,13.199898719787598,1,0.6029990315437317,15.100000000000001,0.30000000000000004
3,1,0.0,10.100000000000001,13.8,-0.9142145687516265,18.5,2.9000000000000004,276.1193542480469,0.5948960781097412,10.164337158203125,13.199898719787598,1,0.6035402417182922,15.100000000000001,0.30000000000000004
3,1,0.0,10.100000000000001,13.8,-0.9142145687516265,18.5,2.9000000000000004,276.6193542480469,0.5954843163490295,10.169639587402344,13.199898719787598,1,0.6041284799575806,15.100000000000001,0.30000000000000004
3,1,0.0,10.100000000000001,13.8,-0.9142145687516265,18.5,2.9000000000000004,277.1193542480469,0.59611976146698,10.174952507019043,13.199898719787598,1,0.604763925075531,15.100000000000001,0.30000000000000004
3,1,0.0,10.100000000000001,13.8,-0.9142145687516265,18.5,2.9000000000000004,277.6193542480469,0.5968027114868164,10.180276870727539,13.199898719787598,1,0.6054468750953674,15.100000000000001,0.30000000000000004
3,1,0.0,10.100000000000001,13.8,-0.9142145687516265,18.5,2.9000000000000004,278.1193542480469,0.0,,,0,0.606177568435669,15.100000000000001,0.30000000000000004
3,1,0.0,10.100000000000001,13.8,-0.9142145687516265,18.5,2.9000000000000004,278.6193542480469,0.5983121991157532,10.190964698791504,13.199898719787598,1,0.6069563627243042,15.100000000000001,0.30000000000000004
3,1,0.0,10.100000000000001,13.8,-0.9142145687516265,18.5,2.9000000000000004,279.1193542480469,0.5991392731666565,10.196329116821289,13.199898719787598,1,0.6077834367752075,15.100000000000001,0.30000000000000004
3,1,0.0,10.100000000000001,13.8,-0.9142145687516265,18.5,2.9000000000000004,279.6193542480469,0.6000150442123413,10.20170783996582,13.199898719787598,1,0.6086592078208923,15.100000000000001,0.30000000000000004
3,1,0.0,10.100000000000001,13.8,-0.9142145687516265,18.5,2.9000000000000004,280.1193542480469,0.6009398698806763,10.207103729248047,13.199898719787598,1,0.6095840334892273,15.100000000000001,0.30000000000000004
3,1,0.0,10.100000000000001,13.8,-0.9142145687516265,18.5,2.9000000000000004,280.6193542480469,0.6019140481948853,10.212515830993652,13.199898719787598,1,0.6105582118034363,15.100000000000001,0.30000000000000004
3,1,0.0,10.100000000000001,13.8,-0.9142145687516265,18.5,2.9000000000000004,281.1193542480469,0.6029379963874817,10.21794605255127,13.199898719787598,1,0.6115821599960327,15.100000000000001,0.30000000000000004
3,1,0.0,10.100000000000001,13.8,-0.9142145687516265,18.5,2.9000000000000004,281.6193542480469,0.604012131690979,10.223394393920898,13.199898719787598,1,0.61265629529953,15.100000000000001,0.30000000000000004
3,1,0.0,10.100000000000001,13.8,-0.9142145687516265,18.5,2.9000000000000004,282.1193542480469,0.6051368117332458,10.228862762451172,13.199898719787598,1,0.6137809753417969,15.100000000000001,0.30000000000000004
3,1,0.0,10.100000000000001,13.8,-0.9142145687516265,18.5,2.9000000000000004,282.6193542480469,0.60631263256073,10.23435115814209,13.199898719787598,1,0.614956796169281,15.100000000000001,0.30000000000000004
3,1,0.0,10.100000000000001,13.8,-0.9142145687516265,18.5,2.9000000000000004,283.1193542480469,0.6075398921966553,10.239861488342285,13.199898719787598,1,0.6161840558052063,15.100000000000001,0.30000000000000004
3,1,0.0,10.100000000000001,13.8,-0.9142145687516265,18.5,2.9000000000000004,283.6193542480469,0.6088192462921143,10.245394706726074,13.199898719787598,1,0.6174634099006653,15.100000000000001,0.30000000000000004
3,1,0.0,10.100000000000001,13.8,-0.9142145687516265,18.5,2.9000000000000004,284.1193542480469,0.6101511120796204,10.250950813293457,13.199898719787598,1,0.6187952756881714,15.100000000000001,0.30000000000000004
3,1,0.0,10.100000000000001,13.8,-0.9142145687516265,18.5,2.9000000000000004,284.6193542480469,0.0,,,0,0.6201802492141724,15.100000000000001,0.30000000000000004
3,1,0.0,10.100000000000001,13.8,-0.9142145687516265,18.5,2.9000000000000004,285.1193542480469,0.6129747033119202,10.262137413024902,13.199898719787598,1,0.6216188669204712,15.100000000000001,0.30000000000000004
3,1,0.0,10.100000000000001,13.8,-0.9142145687516265,18.5,2.9000000000000004,285.6193542480469,0.6144676208496094,10.267769813537598,13.199898719787598,1,0.6231117844581604,15.100000000000001,0.30000000000000004
3,1,0.0,10.100000000000001,13.8,-0.9142145687516265,18.5,2.9000000000000004,286.1193542480469,0.6160153746604919,10.273429870605469,13.199898719787598,1,0.624659538269043,15.100000000000001,0.30000000000000004
3,1,0.0,10.100000000000001,13.8,-0.9142145687516265,18.5,2.9000000000000004,286.6193542480469,0.6176186203956604,10.279118537902832,13.199898719787598,1,0.6262627840042114,15.100000000000001,0.30000000000000004
3,1,0.0,10.100000000000001,13.8,-0.9142145687516265,18.5,2.9000000000000004,287.1193542480469,0.619278073310852,10.28483772277832,13.199898719787598,1,0.6279222369194031,15.100000000000001,0.30000000000000004
3,1,0.0,10.100000000000001,13.8,-0.9142145687516265,18.5,2.9000000000000004,287.6193542480469,0.0,,,0,0.6296386122703552,15.100000000000001,0.30000000000000004
3,1,0.0,10.100000000000001,13.8,-0.9142145687516265,18.5,2.9000000000000004,288.1193542480469,0.6227684020996094,10.296367645263672,13.199898719787598,1,0.6314125657081604,15.100000000000001,0.30000000000000004
3,1,0.0,10.100000000000001,13.8,-0.9142145687516265,18.5,2.9000000000000004,288.6193542480469,0.0,,,0,0.6332449316978455,15.100000000000001,0.30000000000000004
3,1,0.0,10.100000000000001,13.8,-0.9142145687516265,18.5,2.9000000000000004,289.1193542480469,0.6264923214912415,10.30803108215332,13.199898719787598,1,0.6351364850997925,15.100000000000001,0.30000000000000004
3,1,0.0,10.100000000000001,13.8,-0.9142145687516265,18.5,2.9000000000000004,289.6193542480469,0.0,,,0,0.6370880007743835,15.100000000000001,0.30000000000000004
3,1,0.0,10.100000000000001,13.8,-0.9142145687516265,18.5,2.9000000000000004,290.1193542480469,0.630456268787384,10.319835662841797,13.199898719787598,1,0.6391004323959351,15.100000000000001,0.30000000000000004
3,1,0.0,10.100000000000001,13.8,-0.9142145687516265,18.5,2.9000000000000004,290.6193542480469,0.6325303912162781,10.32579517364502,13.199898719787598,1,0.6411745548248291,15.100000000000001,0.30000000000000004
3,1,0.0,10.100000000000001,13.8,-0.9142145687516265,18.5,2.9000000000000004,291.1193542480469,0.0,,,0,0.6433113217353821,15.100000000000001,0.30000000000000004
3,1,0.0,10.100000000000001,13.8,-0.9142145687516265,18.5,2.9000000000000004,291.6193542480469,0.6368675231933594,10.337831497192383,13.199898719787598,1,0.6455116868019104,15.100000000000001,0.30000000000000004
3,1,0.0,10.100000000000001,13.8,-0.9142145687516265,18.5,2.9000000000000004,292.1193542480469,0.639132559299469,10.343912124633789,13.199898719787598,1,0.64777672290802,15.100000000000001,0.30000000000000004
3,1,0.0,10.100000000000001,13.8,-0.9142145687516265,18.5,2.9000000000000004,292.6193542480469,0.6414631605148315,10.350035667419434,13.199898719787598,1,0.6501073241233826,15.100000000000001,0.30000000000000004
3,1,0.0,10.100000000000001,13.8,-0.9142145687516265,18.5,2.9000000000000004,293.1193542480469,0.6438605189323425,10.356204986572266,13.199898719787598,1,0.6525046825408936,15.100000000000001,0.30000000000000004
3,1,0.0,10.100000000000001,13.8,-0.9142145687516265,18.5,2.9000000000000004,293.6193542480469,0.6463256478309631,10.362419128417969,13.199898719787598,1,0.6549698114395142,15.100000000000001,0.30000000000000004
3,1,0.0,10.100000000000001,13.8,-0.9142145687516265,18.5,2.9000000000000004,294.1193542480469,0.0,,,0,0.6575039029121399,15.100000000000001,0.30000000000000004
3,1,0.0,10.100000000000001,13.8,-0.9142145687516265,18.5,2.9000000000000004,294.6193542480469,0.6514639854431152,10.374993324279785,13.199898719787598,1,0.6601081490516663,15.100000000000001,0.30000000000000004
3,1,0.0,10.100000000000001,13.8,-0.9142145687516265,18.5,2.9000000000000004,295.1193542480469,0.6541396379470825,10.381355285644531,13.199898719787598,1,0.6627838015556335,15.100000000000001,0.30000000000000004
3,1,0.0,10.100000000000001,13.8,-0.9142145687516265,18.5,2.9000000000000004,295.6193542480469,0.6568878889083862,10.38776969909668,13.199898719787598,1,0.6655320525169373,15.100000000000001,0.30000000000000004
3,1,0.0,10.100000000000001,13.8,-0.9142145687516265,18.5,2.9000000000000004,296.1193542480469,0.6597102284431458,10.394238471984863,13.199898719787598,1,0.6683543920516968,15.100000000000001,0.30000000000000004
3,1,0.0,10.100000000000001,13.8,-0.9142145687516265,18.5,2.9000000000000004,296.6193542480469,0.6626079082489014,10.400761604309082,13.199898719787598,1,0.6712520718574524,15.100000000000001,0.30000000000000004
3,1,0.0,10.100000000000001,13.8,-0.9142145687516265,18.5,2.9000000000000004,297.1193542480469,0.6655823588371277,10.407342910766602,13.199898719787598,1,0.6742265224456787,15.100000000000001,0.30000000000000004
3,1,0.0,10.100000000000001,13.8,-0.9142145687516265,18.5,2.9000000000000004,297.6193542480469,0.0,,,0,0.6772792935371399,15.100000000000001,0.30000000000000004
3,1,0.0,10.100000000000001,13.8,-0.9142145687516265,18.5,2.9000000000000004,298.1193542480469,0.6717677116394043,10.420684814453125,13.199898719787598,1,0.6804118752479553,15.100000000000001,0.30000000000000004
3,1,0.0,10.100000000000001,13.8,-0.9142145687516265,18.5,2.9000000000000004,298.6193542480469,0.0,,,0,0.6836258769035339,15.100000000000001,0.30000000000000004
3,1,0.0,10.100000000000001,13.8,-0.9142145687516265,18.5,2.9000000000000004,299.1193542480469,0.6782788038253784,10.434277534484863,13.199898719787598,1,0.6869229674339294,15.100000000000001,0.30000000000000004
3,1,0.0,10.100000000000001,13.8,-0.9142145687516265,18.5,2.9000000000000004,299.6193542480469,0.6816606521606445,10.441173553466797,13.199898719787598,1,0.6903048157691956,15.100000000000001,0.30000000000000004
3,1,0.0,10.100000000000001,13.8,-0.9142145687516265,18.5,2.9000000000000004,300.1193542480469,0.6851290464401245,10.448137283325195,13.199898719787598,1,0.6937732100486755,15.100000000000001,0.30000000000000004
3,1,0.0,10.100000000000001,13.8,-0.9142145687516265,18.5,2.9000000000000004,300.6193542480469,0.0,,,0,0.6973299980163574,15.100000000000001,0.30000000000000004
3,1,0.0,10.100000000000001,13.8,-0.9142145687516265,18.5,2.9000000000000004,301.1193542480469,0.6923329830169678,10.462281227111816,13.199898719787598,1,0.7009771466255188,15.100000000000001,0.30000000000000004
3,1,0.0,10.100000000000001,13.8,-0.9142145687516265,18.5,2.9000000000000004,301.6193542480469,0.6960723996162415,10.469464302062988,13.199898719787598,1,0.7047165632247925,15.100000000000001,0.30000000000000004
3,1,0.0,10.100000000000001,13.8,-0.9142145687516265,18.5,2.9000000000000004,302.1193542480469,0.6999061703681946,10.476725578308105,13.199898719787598,1,0.7085503339767456,15.100000000000001,0.30000000000000004
3,1,0.0,10.100000000000001,13.8,-0.9142145687516265,18.5,2.9000000000000004,302.6193542480469,0.7038365006446838,10.4840669631958,13.199898719787598,1,0.7124806642532349,15.100000000000001,0.30000000000000004
3,1,0.0,10.100000000000001,13.8,-0.9142145687516265,18.5,2.9000000000000004,303.1193542480469,0.7078654766082764,10.491490364074707,13.199898719787598,1,0.7165096402168274,15.100000000000001,0.30000000000000004
3,1,0.0,10.100000000000001,13.8,-0.9142145687516265,18.5,2.9000000000000004,303.6193542480469,0.7119954824447632,10.498998641967773,13.199898719787598,1,0.7206396460533142,15.100000000000001,0.30000000000000004
3,1,0.0,10.100000000000001,13.8,-0.9142145687516265,18.5,2.9000000000000004,304.1193542480469,0.7162289023399353,10.50659465789795,13.199898719787598,1,0.7248730659484863,15.100000000000001,0.30000000000000004
3,1,0.0,10.100000000000001,13.8,-0.9142145687516265,18.5,2.9000000000000004,304.6193542480469,0.7205682396888733,10.514281272888184,13.199898719787598,1,0.7292124032974243,15.100000000000001,0.30000000000000004
3,1,0.0,10.100000000000001,13.8,-0.9142145687516265,18.5,2.9000000000000004,305.1193542480469,0.7250159978866577,10.522061347961426,13.199898719787598,1,0.7336601614952087,15.100000000000001,0.30000000000000004
3,1,0.0,10.100000000000001,13.8,-0.9142145687516265,18.5,2.9000000000000004,305.6193542480469,0.729574978351593,10.529936790466309,13.199898719787598,1,0.738219141960144,15.100000000000001,0.30000000000000004
3,1,0.0,10.100000000000001,13.8,-0.9142145687516265,18.5,2.9000000000000004,306.1193542480469,0.7342478632926941,10.537912368774414,13.199898719787598,1,0.7428920269012451,15.100000000000001,0.30000000000000004
3,1,0.0,10.100000000000001,13.8,-0.9142145687516265,18.5,2.9000000000000004,306.6193542480469,0.7390375733375549,10.545989036560059,13.199898719787598,1,0.747681736946106,15.100000000000001,0.30000000000000004
3,1,0.0,10.100000000000001,13.8,-0.9142145687516265,18.5,2.9000000000000004,307.1193542480469,0.7439471483230591,10.554171562194824,13.199898719787598,1,0.7525913119316101,15.100000000000001,0.30000000000000004
3,1,0.0,10.100000000000001,13.8,-0.9142145687516265,18.5,2.9000000000000004,307.6193542480469,0.7489796876907349,10.562463760375977,13.199898719787598,1,0.7576238512992859,15.100000000000001,0.30000000000000004
3,1,0.0,10.100000000000001,13.8,-0.9142145687516265,18.5,2.9000000000000004,308.1193542480469,0.7541384696960449,10.570867538452148,13.199898719787598,1,0.762782633304596,15.100000000000001,0.30000000000000004
3,1,0.0,10.100000000000001,13.8,-0.9142145687516265,18.5,2.9000000000000004,308.6193542480469,0.0,,,0,0.7680710554122925,15.100000000000001,0.30000000000000004
3,1,0.0,10.100000000000001,13.8,-0.9142145687516265,18.5,2.9000000000000004,309.1193542480469,0.7648484110832214,10.58802604675293,13.199898719787598,1,0.7734925746917725,15.100000000000001,0.30000000000000004
3,1,0.0,10.100000000000001,13.8,-0.9142145687516265,18.5,2.9000000000000004,309.6193542480469,0.7704068422317505,10.59678840637207,13.199898719787598,1,0.7790510058403015,15.100000000000001,0.30000000000000004
3,1,0.0,10.100000000000001,13.8,-0.9142145687516265,18.5,2.9000000000000004,310.1193542480469,0.7761058807373047,10.60567855834961,13.199898719787598,1,0.7847500443458557,15.100000000000001,0.30000000000000004
3,1,0.0,10.100000000000001,13.8,-0.9142145687516265,18.5,2.9000000000000004,310.6193542480469,0.7819496393203735,10.614701271057129,13.199898719787598,1,0.7905938029289246,15.100000000000001,0.30000000000000004
3,1,0.0,10.100000000000001,13.8,-0.9142145687516265,18.5,2.9000000000000004,311.1193542480469,0.0,,,0,0.796586275100708,15.100000000000001,0.30000000000000004
3,1,0.0,10.100000000000001,13.8,-0.9142145687516265,18.5,2.9000000000000004,311.6193542480469,0.7940877676010132,10.633157730102539,13.199898719787598,1,0.8027319312095642,15.100000000000001,0.30000000000000004
3,1,0.0,10.100000000000001,13.8,-0.9142145687516265,18.5,2.9000000000000004,312.1193542480469,0.8003910779953003,10.64260196685791,13.199898719787598,1,0.8090352416038513,15.100000000000001,0.30000000000000004
3,1,0.0,10.100000000000001,13.8,-0.9142145687516265,18.5,2.9000000000000004,312.6193542480469,0.0,,,0,0.8155009150505066,15.100000000000001,0.30000000000000004
3,1,0.0,10.100000000000001,13.8,-0.9142145687516265,18.5,2.9000000000000004,313.1193542480469,0.8134896755218506,10.661945343017578,13.199898719787598,1,0.8221338391304016,15.100000000000001,0.30000000000000004
3,1,0.0,10.100000000000001,13.8,-0.9142145687516265,18.5,2.9000000000000004,313.6193542480469,0.8202950954437256,10.671855926513672,13.199898719787598,1,0.8289392590522766,15.100000000000001,0.30000000000000004
3,1,0.0,10.100000000000001,13.8,-0.9142145687516265,18.5,2.9000000000000004,314.1193542480469,0.0,,,0,0.8359224200248718,15.100000000000001,0.30000000000000004
3,1,0.0,10.100000000000001,13.8,-0.9142145687516265,18.5,2.9000000000000004,314.6193542480469,0.8344448804855347,10.692180633544922,13.199898719787598,1,0.8430890440940857,15.100000000000001,0.30000000000000004
3,1,0.0,10.100000000000001,13.8,-0.9142145687516265,18.5,2.9000000000000004,315.1193542480469,0.0,,,0,0.8504449129104614,15.100000000000001,0.30000000000000004
3,1,0.0,10.100000000000001,13.8,-0.9142145687516265,18.5,2.9000000000000004,315.6193542480469,0.8493520021438599,10.713217735290527,13.199898719787598,1,0.8579961657524109,15.100000000000001,0.30000000000000004
3,1,0.0,10.100000000000001,13.8,-0.9142145687516265,18.5,2.9000000000000004,316.1193542480469,0.8571050763130188,10.724019050598145,13.199898719787598,1,0.8657492399215698,15.100000000000001,0.30000000000000004
3,1,0.0,10.100000000000001,13.8,-0.9142145687516265,18.5,2.9000000000000004,316.6193542480469,0.8650667071342468,10.735018730163574,13.199898719787598,1,0.8737108707427979,15.100000000000001,0.30000000000000004
3,1,0.0,10.100000000000001,13.8,-0.9142145687516265,18.5,2.9000000000000004,317.1193542480469,0.8732439279556274,10.746223449707031,13.199898719787598,1,0.8818880915641785,15.100000000000001,0.30000000000000004
3,1,0.0,10.100000000000001,13.8,-0.9142145687516265,18.5,2.9000000000000004,317.6193542480469,0.881644070148468,10.757640838623047,13.199898719787598,1,0.890288233757019,15.100000000000001,0.30000000000000004
3,1,0.0,10.100000000000001,13.8,-0.9142145687516265,18.5,2.9000000000000004,318.1193542480469,0.8902748823165894,10.769278526306152,13.199898719787598,1,0.8989190459251404,15.100000000000001,0.30000000000000004
3,1,0.0,10.100000000000001,13.8,-0.9142145687516265,18.5,2.9000000000000004,318.6193542480469,0.8991445302963257,10.781145095825195,13.199898719787598,1,0.9077886939048767,15.100000000000001,0.30000000000000004
3,1,0.0,10.100000000000001,13.8,-0.9142145687516265,18.5,2.9000000000000004,319.1193542480469,0.9082614183425903,10.793249130249023,13.199898719787598,1,0.9169055819511414,15.100000000000001,0.30000000000000004
3,1,0.0,10.100000000000001,13.8,-0.9142145687516265,18.5,2.9000000000000004,319.6193542480469,0.9176346063613892,10.805599212646484,13.199898719787598,1,0.9262787699699402,15.100000000000001,0.30000000000000004
3,1,0.0,10.100000000000001,13.8,-0.9142145687516265,18.5,2.9000000000000004,320.1193542480469,0.0,,,0,0.9359174966812134,15.100000000000001,0.30000000000000004
3,1,0.0,10.100000000000001,13.8,-0.9142145687516265,18.5,2.9000000000000004,320.6193542480469,0.9371876120567322,10.83107852935791,13.199898719787598,1,0.9458317756652832,15.100000000000001,0.30000000000000004
3,1,0.0,10.100000000000001,13.8,-0.9142145687516265,18.5,2.9000000000000004,321.1193542480469,0.9473877549171448,10.84422779083252,13.199898719787598,1,0.9560319185256958,15.100000000000001,0.30000000000000004
3,1,0.0,10.100000000000001,13.8,-0.9142145687516265,18.5,2.9000000000000004,321.6193542480469,0.0,,,0,0.9665288925170898,15.100000000000001,0.30000000000000004
3,1,0.0,10.100000000000001,13.8,-0.9142145687516265,18.5,2.9000000000000004,322.1193542480469,0.968690037727356,10.8714017868042,13.199898719787598,1,0.977334201335907,15.100000000000001,0.30000000000000004
3,1,0.0,10.100000000000001,13.8,-0.9142145687516265,18.5,2.9000000000000004,322.6193542480469,0.0,,,0,0.9884599447250366,15.100000000000001,0.30000000000000004
3,1,0.0,10.100000000000001,13.8,-0.9142145687516265,18.5,2.9000000000000004,323.1193542480469,0.9912747144699097,10.899822235107422,13.199898719787598,1,0.9999188780784607,15.100000000000001,0.30000000000000004
3,1,0.0,10.100000000000001,13.8,-0.9142145687516265,18.5,2.9000000000000004,323.6193542480469,0.0,,,0,1.011724591255188,15.100000000000001,0.30000000000000004
3,1,0.0,10.100000000000001,13.8,-0.9142145687516265,18.5,2.9000000000000004,324.1193542480469,1.0152472257614136,10.929597854614258,13.199898719787598,1,1.0238913297653198,15.100000000000001,0.30000000000000004
3,1,0.0,10.100000000000001,13.8,-0.9142145687516265,18.5,2.9000000000000004,324.6193542480469,1.0277900695800781,10.945029258728027,13.199898719787598,1,1.0364341735839844,15.100000000000001,0.30000000000000004
3,1,0.0,10.100000000000001,13.8,-0.9142145687516265,18.5,2.9000000000000004,325.1193542480469,1.0407248735427856,10.960844993591309,13.199898719787598,1,1.049368977546692,15.100000000000001,0.30000000000000004
3,1,0.0,10.100000000000001,13.8,-0.9142145687516265,18.5,2.9000000000000004,325.6193542480469,1.054068684577942,10.97706127166748,13.199898719787598,1,1.0627127885818481,15.100000000000001,0.30000000000000004
3,1,0.0,10.100000000000001,13.8,-0.9142145687516265,18.5,2.9000000000000004,326.1193542480469,1.0678391456604004,10.993697166442871,13.199898719787598,1,1.0764832496643066,15.100000000000001,0.30000000000000004
3,1,0.0,10.100000000000001,13.8,-0.9142145687516265,18.5,2.9000000000000004,326.6193542480469,1.0820553302764893,11.010770797729492,13.199898719787598,1,1.0906994342803955,15.100000000000001,0.30000000000000004
3,1,0.0,10.100000000000001,13.8,-0.9142145687516265,18.5,2.9000000000000004,327.1193542480469,1.0967373847961426,11.028303146362305,13.199898719787598,1,1.1053814888000488,15.100000000000001,0.30000000000000004
3,1,0.0,10.100000000000001,13.8,-0.9142145687516265,18.5,2.9000000000000004,327.6193542480469,0.0,,,0,1.1205506324768066,15.100000000000001,0.30000000000000004
3,1,0.0,10.100000000000001,13.8,-0.9142145687516265,18.5,2.9000000000000004,328.1193542480469,1.127585530281067,11.06482982635498,13.199898719787598,1,1.1362296342849731,15.100000000000001,0.30000000000000004
3,1,0.0,10.100000000000001,13.8,-0.9142145687516265,18.5,2.9000000000000004,328.6193542480469,1.143798589706421,11.083870887756348,13.199898719787598,1,1.1524426937103271,15.100000000000001,0.30000000000000004
3,1,0.0,10.100000000000001,13.8,-0.9142145687516265,18.5,2.9000000000000004,329.1193542480469,1.1605713367462158,11.103466033935547,13.199898719787598,1,1.169215440750122,15.100000000000001,0.30000000000000004
3,1,0.0,10.100000000000001,13.8,-0.9142145687516265,18.5,2.9000000000000004,329.6193542480469,1.1779311895370483,11.123640060424805,13.199898719787598,1,1.1865752935409546,15.100000000000001,0.30000000000000004
3,1,0.0,10.100000000000001,13.8,-0.9142145687516265,18.5,2.9000000000000004,330.1193542480469,1.195907473564148,11.144424438476562,13.199898719787598,1,1.2045515775680542,15.100000000000001,0.30000000000000004
3,1,0.0,10.100000000000001,13.8,-0.9142145687516265,18.5,2.9000000000000004,330.6193542480469,0.0,,,0,1.2231755256652832,15.100000000000001,0.30000000000000004
3,1,0.0,10.100000000000001,13.8,-0.9142145687516265,18.5,2.9000000000000004,331.1193542480469,0.0,,,0,1.2424803972244263,15.100000000000001,0.30000000000000004
3,1,0.0,10.100000000000001,13.8,-0.9142145687516265,18.5,2.9000000000000004,331.6193542480469,1.2538580894470215,11.210761070251465,13.199898719787598,1,1.2625021934509277,15.100000000000001,0.30000000000000004
3,1,0.0,10.100000000000001,13.8,-0.9142145687516265,18.5,2.9000000000000004,332.1193542480469,1.2746350765228271,11.234320640563965,13.199898719787598,1,1.2832791805267334,15.100000000000001,0.30000000000000004
3,1,0.0,10.100000000000001,13.8,-0.9142145687516265,18.5,2.9000000000000004,332.6193542480469,1.296208381652832,11.258670806884766,13.199898719787598,1,1.3048524856567383,15.100000000000001,0.30000000000000004
3,1,0.0,10.100000000000001,13.8,-0.9142145687516265,18.5,2.9000000000000004,333.1193542480469,0.0,,,0,1.3272662162780762,15.100000000000001,0.30000000000000004
3,1,0.0,10.100000000000001,13.8,-0.9142145687516265,18.5,2.9000000000000004,333.6193542480469,0.0,,,0,1.350568175315857,15.100000000000001,0.30000000000000004
3,1,0.0,10.100000000000001,13.8,-0.9142145687516265,18.5,2.9000000000000004,334.1193542480469,1.3661653995513916,11.336923599243164,13.199898719787598,1,1.3748095035552979,15.100000000000001,0.30000000000000004
3,1,0.0,10.100000000000001,13.8,-0.9142145687516265,18.5,2.9000000000000004,334.6193542480469,1.3914014101028442,11.364912986755371,13.199898719787598,1,1.4000455141067505,15.100000000000001,0.30000000000000004
3,1,0.0,10.100000000000001,13.8,-0.9142145687516265,18.5,2.9000000000000004,335.1193542480469,1.4176918268203735,11.393952369689941,13.199898719787598,1,1.4263359308242798,15.100000000000001,0.30000000000000004
3,1,0.0,10.100000000000001,13.8,-0.9142145687516265,18.5,2.9000000000000004,335.6193542480469,1.4451013803482056,11.424105644226074,13.199898719787598,1,1.4537454843521118,15.100000000000001,0.30000000000000004
3,1,0.0,10.100000000000001,13.8,-0.9142145687516265,18.5,2.9000000000000004,336.1193542480469,1.4737001657485962,11.455442428588867,13.199898719787598,1,1.4823442697525024,15.100000000000001,0.30000000000000004
3,1,0.0,10.100000000000001,13.8,-0.9142145687516265,18.5,2.9000000000000004,336.6193542480469,1.5035641193389893,11.488039016723633,13.199898719787598,1,1.5122082233428955,15.100000000000001,0.30000000000000004
3,1,0.0,10.100000000000001,13.8,-0.9142145687516265,18.5,2.9000000000000004,337.1193542480469,1.534776210784912,11.521979331970215,13.199898719787598,1,1.5434203147888184,15.100000000000001,0.30000000000000004
3,1,0.0,10.100000000000001,13.8,-0.9142145687516265,18.5,2.9000000000000004,337.6193542480469,1.567426323890686,11.557353019714355,13.199898719787598,1,1.5760704278945923,15.100000000000001,0.30000000000000004
3,1,0.0,10.100000000000001,13.8,-0.9142145687516265,18.5,2.9000000000000004,338.1193542480469,1.60161292552948,11.594257354736328,13.199898719787598,1,1.6102570295333862,15.100000000000001,0.30000000000000004
3,1,0.0,10.100000000000001,13.8,-0.9142145687516265,18.5,2.9000000000000004,338.6193542480469,1.6374437808990479,11.632802963256836,13.199898719787598,1,1.646087884902954,15.100000000000001,0.30000000000000004
3,1,0.0,10.100000000000001,13.8,-0.9142145687516265,18.5,2.9000000000000004,339.1193542480469,1.6750365495681763,11.673105239868164,13.199898719787598,1,1.6836806535720825,15.100000000000001,0.30000000000000004
3,1,0.0,10.100000000000001,13.8,-0.9142145687516265,18.5,2.9000000000000004,339.6193542480469,1.714520812034607,11.715293884277344,13.199898719787598,1,1.7231649160385132,15.100000000000001,0.30000000000000004
3,1,0.0,10.100000000000001,13.8,-0.9142145687516265,18.5,2.9000000000000004,340.1193542480469,1.7560391426086426,11.759513854980469,13.199898719787598,1,1.7646832466125488,15.100000000000001,0.30000000000000004
3,1,0.0,10.100000000000001,13.8,-0.9142145687516265,18.5,2.9000000000000004,340.6193542480469,1.7997485399246216,11.805919647216797,13.199898719787598,1,1.8083926439285278,15.100000000000001,0.30000000000000004
3,1,0.0,10.100000000000001,13.8,-0.9142145687516265,18.5,2.9000000000000004,341.1193542480469,1.8458231687545776,11.854686737060547,13.199898719787598,1,1.8544672727584839,15.100000000000001,0.30000000000000004
3,1,0.0,10.100000000000001,13.8,-0.9142145687516265,18.5,2.9000000000000004,341.6193542480469,1.8944555521011353,11.90600872039795,13.199898719787598,1,1.9030996561050415,15.100000000000001,0.30000000000000004
3,1,0.0,10.100000000000001,13.8,-0.9142145687516265,18.5,2.9000000000000004,342.1193542480469,0.0,,,0,1.954504370689392,15.100000000000001,0.30000000000000004
3,1,0.0,10.100000000000001,13.8,-0.9142145687516265,18.5,2.9000000000000004,342.6193542480469,2.0002763271331787,12.017195701599121,13.199898719787598,1,2.008920431137085,15.100000000000001,0.30000000000000004
3,1,0.0,10.100000000000001,13.8,-0.9142145687516265,18.5,2.9000000000000004,343.1193542480469,2.0579710006713867,12.077568054199219,13.199898719787598,1,2.066615104675293,15.100000000000001,0.30000000000000004
3,1,0.0,10.100000000000001,13.8,-0.9142145687516265,18.5,2.9000000000000004,343.6193542480469,2.1192445755004883,12.14151668548584,13.199898719787598,1,2.1278886795043945,15.100000000000001,0.30000000000000004
3,1,0.0,10.100000000000001,13.8,-0.9142145687516265,18.5,2.9000000000000004,344.1193542480469,0.0,,,0,2.1930785179138184,15.100000000000001,0.30000000000000004
3,1,0.0,10.100000000000001,13.8,-0.9142145687516265,18.5,2.9000000000000004,344.6193542480469,2.253922939300537,12.281533241271973,13.199898719787598,1,2.2625670433044434,15.100000000000001,0.30000000000000004
3,1,0.0,10.100000000000001,13.8,-0.9142145687516265,18.5,2.9000000000000004,345.1193542480469,2.3281426429748535,12.358417510986328,13.199898719787598,1,2.3367867469787598,15.100000000000001,0.30000000000000004
3,1,0.0,10.100000000000001,13.8,-0.9142145687516265,18.5,2.9000000000000004,345.6193542480469,2.4075870513916016,12.440524101257324,13.199898719787598,1,2.416231155395508,15.100000000000001,0.30000000000000004
3,1,0.0,10.100000000000001,13.8,-0.9142145687516265,18.5,2.9000000000000004,346.1193542480469,2.4928205013275146,12.52841567993164,13.199898719787598,1,2.501464605331421,15.100000000000001,0.30000000000000004
3,1,0.0,10.100000000000001,13.8,-0.9142145687516265,18.5,2.9000000000000004,346.6193542480469,2.584491729736328,12.622742652893066,13.199898719787598,1,2.5931358337402344,15.100000000000001,0.30000000000000004
3,1,0.0,10.100000000000001,13.8,-0.9142145687516265,18.5,2.9000000000000004,347.1193542480469,2.6833505630493164,12.724254608154297,13.199898719787598,1,2.6919946670532227,15.100000000000001,0.30000000000000004
3,1,0.0,10.100000000000001,13.8,-0.9142145687516265,18.5,2.9000000000000004,347.6193542480469,2.7902672290802,12.833822250366211,13.199898719787598,1,2.7989113330841064,15.100000000000001,0.30000000000000004
3,1,0.0,10.100000000000001,13.8,-0.9142145687516265,18.5,2.9000000000000004,348.1193542480469,2.906259059906006,12.952462196350098,13.199898719787598,1,2.914903163909912,15.100000000000001,0.30000000000000004
3,1,0.0,10.100000000000001,13.8,-0.9142145687516265,18.5,2.9000000000000004,348.6193542480469,3.032521963119507,13.08137035369873,13.199898719787598,1,3.041166067123413,15.100000000000001,0.30000000000000004
3,1,0.0,10.100000000000001,13.8,-0.9142145687516265,18.5,2.9000000000000004,349.1193542480469,0.0,,,0,3.1791157722473145,15.100000000000001,0.30000000000000004
3,1,0.0,10.100000000000001,13.8,-0.9142145687516265,18.5,2.9000000000000004,349.6193542480469,3.3217968940734863,13.375929832458496,13.199898719787598,1,3.3304409980773926,15.100000000000001,0.30000000000000004
3,1,0.0,10.100000000000001,13.8,-0.9142145687516265,18.5,2.9000000000000004,350.1193542480469,3.488527536392212,13.545299530029297,13.199898719787598,1,3.497171640396118,15.100000000000001,0.30000000000000004
3,1,0.0,10.100000000000001,13.8,-0.9142145687516265,18.5,2.9000000000000004,350.6193542480469,3.6731274127960205,13.732536315917969,13.199898719787598,1,3.6817715167999268,15.100000000000001,0.30000000000000004
3,1,0.0,10.100000000000001,13.8,-0.9142145687516265,18.5,2.9000000000000004,351.1193542480469,3.8786139488220215,13.940657615661621,13.199898719787598,1,3.8872580528259277,15.100000000000001,0.30000000000000004
3,1,0.0,10.100000000000001,13.8,-0.9142145687516265,18.5,2.9000000000000004,351.6193542480469,4.1087260246276855,14.173402786254883,13.199898719787598,1,4.117370128631592,15.100000000000001,0.30000000000000004
3,1,0.0,10.100000000000001,13.8,-0.9142145687516265,18.5,2.9000000000000004,352.1193542480469,0.0,,,0,4.37679386138916,15.100000000000001,0.30000000000000004
3,1,0.0,10.100000000000001,13.8,-0.9142145687516265,18.5,2.9000000000000004,352.6193542480469,4.662842750549316,14.732781410217285,13.199898719787598,1,4.671486854553223,15.100000000000001,0.30000000000000004
3,1,0.0,10.100000000000001,13.8,-0.9142145687516265,18.5,2.9000000000000004,353.1193542480469,10.16462516784668,20.200000762939453,12.581229209899902,1,10.173269271850586,15.100000000000001,0.30000000000000004
3,1,0.0,10.100000000000001,13.8,-0.9142145687516265,18.5,2.9000000000000004,353.6193542480469,0.0,,,0,10.162954330444336,15.100000000000001,0.30000000000000004
3,1,0.0,10.100000000000001,13.8,-0.9142145687516265,18.5,2.9000000000000004,354.1193542480469,5.848495960235596,15.92631721496582,13.199898719787598,1,5.857140064239502,15.100000000000001,0.30000000000000004
3,1,0.0,10.100000000000001,13.8,-0.9142145687516265,18.5,2.9000000000000004,354.6193542480469,6.390944480895996,16.471389770507812,13.199898719787598,1,6.399588584899902,15.100000000000001,0.30000000000000004
3,1,0.0,10.100000000000001,13.8,-0.9142145687516265,18.5,2.9000000000000004,355.1193542480469,7.044715881347656,17.127784729003906,13.199898719787598,1,7.0533599853515625,15.100000000000001,0.30000000000000004
3,1,0.0,10.100000000000001,13.8,-0.9142145687516265,18.5,2.9000000000000004,355.6193542480469,7.847929000854492,17.93362045288086,13.199898719787598,1,7.856573104858398,15.100000000000001,0.30000000000000004
3,1,0.0,10.100000000000001,13.8,-0.9142145687516265,18.5,2.9000000000000004,356.1193542480469,8.85834789276123,18.9466609954834,13.199898719787598,1,8.866991996765137,15.100000000000001,0.30000000000000004
3,1,0.0,10.100000000000001,13.8,-0.9142145687516265,18.5,2.9000000000000004,356.6193542480469,10.108962059020996,20.200000762939453,13.203374862670898,1,10.117606163024902,15.100000000000001,0.30000000000000004
3,1,0.0,10.100000000000001,13.8,-0.9142145687516265,18.5,2.9000000000000004,357.1193542480469,10.104134559631348,20.200000762939453,13.291778564453125,1,10.112778663635254,15.100000000000001,0.30000000000000004
3,1,0.0,10.100000000000001,13.8,-0.9142145687516265,18.5,2.9000000000000004,357.6193542480469,10.100080490112305,20.200000762939453,13.380104064941406,1,10.108724594116211,15.100000000000001,0.30000000000000004
3,1,0.0,10.100000000000001,13.8,-0.9142145687516265,18.5,2.9000000000000004,358.1193542480469,10.09679889678955,20.200000762939453,13.468365669250488,1,10.105443000793457,15.100000000000001,0.30000000000000004
3,1,0.0,10.100000000000001,13.8,-0.9142145687516265,18.5,2.9000000000000004,358.6193542480469,10.09428882598877,20.200000762939453,13.5565767288208,1,10.102932929992676,15.100000000000001,0.30000000000000004
3,1,0.0,10.100000000000001,13.8,-0.9142145687516265,18.5,2.9000000000000004,359.1193542480469,10.092549324035645,20.200000762939453,13.644750595092773,1,10.10119342803955,15.100000000000001,0.30000000000000004
3,1,0.0,10.100000000000001,13.8,-0.9142145687516265,18.5,2.9000000000000004,359.6193542480469,0.0,,,0,10.10022258758545,15.100000000000001,0.30000000000000004
3,1,0.0,10.100000000000001,13.8,-0.9142145687516265,18.5,2.9000000000000004,0.11936364322900772,0.0,,,0,10.100022315979004,15.100000000000001,0.30000000000000004
3,1,0.0,10.100000000000001,13.8,-0.9142145687516265,18.5,2.9000000000000004,0.6193636655807495,10.09194564819336,20.200000762939453,13.909184455871582,1,10.100589752197266,15.100000000000001,0.30000000000000004
3,1,0.0,10.100000000000001,13.8,-0.9142145687516265,18.5,2.9000000000000004,1.1193636655807495,10.093283653259277,20.200000762939453,13.997344970703125,1,10.101927757263184,15.100000000000001,0.30000000000000004
3,1,0.0,10.100000000000001,13.8,-0.9142145687516265,18.5,2.9000000000000004,1.6193636655807495,0.0,,,0,10.104035377502441,15.100000000000001,0.30000000000000004
3,1,0.0,10.100000000000001,13.8,-0.9142145687516265,18.5,2.9000000000000004,2.11936354637146,10.09826946258545,20.200000762939453,14.173768043518066,1,10.106913566589355,15.100000000000001,0.30000000000000004
3,1,0.0,10.100000000000001,13.8,-0.9142145687516265,18.5,2.9000000000000004,2.61936354637146,10.101919174194336,20.200000762939453,14.262059211730957,1,10.110563278198242,15.100000000000001,0.30000000000000004
3,1,0.0,10.100000000000001,13.8,-0.9142145687516265,18.5,2.9000000000000004,3.11936354637146,10.106343269348145,20.200000762939453,14.350419998168945,1,10.11498737335205,15.100000000000001,0.30000000000000004
3,1,0.0,10.100000000000001,13.8,-0.9142145687516265,18.5,2.9000000000000004,3.61936354637146,10.111540794372559,20.200000762939453,14.438864707946777,1,10.120184898376465,15.100000000000001,0.30000000000000004
3,1,0.0,10.100000000000001,13.8,-0.9142145687516265,18.5,2.9000000000000004,4.119363784790039,10.11751651763916,20.200000762939453,14.5274076461792,1,10.126160621643066,15.100000000000001,0.30000000000000004
3,1,0.0,10.100000000000001,13.8,-0.9142145687516265,18.5,2.9000000000000004,4.619363784790039,10.12427043914795,20.200000762939453,14.61606216430664,1,10.132914543151855,15.100000000000001,0.30000000000000004
3,1,0.0,10.100000000000001,13.8,-0.9142145687516265,18.5,2.9000000000000004,5.119363784790039,10.131806373596191,20.200000762939453,14.704841613769531,1,10.140450477600098,15.100000000000001,0.30000000000000004
3,1,0.0,10.100000000000001,13.8,-0.9142145687516265,18.5,2.9000000000000004,5.619363784790039,10.140127182006836,20.200000762939453,14.793760299682617,1,10.148771286010742,15.100000000000001,0.30000000000000004
3,1,0.0,10.100000000000001,13.8,-0.9142145687516265,18.5,2.9000000000000004,6.119363784790039,10.149235725402832,20.200000762939453,14.882831573486328,1,10.157879829406738,15.100000000000001,0.30000000000000004
3,1,0.0,10.100000000000001,13.8,-0.9142145687516265,18.5,2.9000000000000004,6.619363784790039,10.159135818481445,20.200000762939453,14.972068786621094,1,10.167779922485352,15.100000000000001,0.30000000000000004
3,1,0.0,10.100000000000001,13.8,-0.9142145687516265,18.5,2.9000000000000004,7.119363784790039,10.169831275939941,20.200000762939453,15.061488151550293,1,10.178475379943848,15.100000000000001,0.30000000000000004
3,1,0.0,10.100000000000001,13.8,-0.9142145687516265,18.5,2.9000000000000004,7.619363784790039,0.0,,,0,10.189969062805176,15.100000000000001,0.30000000000000004
3,1,0.0,10.100000000000001,13.8,-0.9142145687516265,18.5,2.9000000000000004,8.119363784790039,0.0,,,0,10.20226764678955,15.100000000000001,0.30000000000000004
3,1,0.0,10.100000000000001,13.8,-0.9142145687516265,18.5,2.9000000000000004,8.619363784790039,10.206730842590332,20.200000762939453,15.330972671508789,1,10.215374946594238,15.100000000000001,0.30000000000000004
3,1,0.0,10.100000000000001,13.8,-0.9142145687516265,18.5,2.9000000000000004,9.119363784790039,10.220650672912598,20.200000762939453,15.421258926391602,1,10.229294776916504,15.100000000000001,0.30000000000000004
3,1,0.0,10.100000000000001,13.8,-0.9142145687516265,18.5,2.9000000000000004,9.619363784790039,10.235390663146973,20.200000762939453,15.511797904968262,1,10.244034767150879,15.100000000000001,0.30000000000000004
3,1,0.0,10.100000000000001,13.8,-0.9142145687516265,18.5,2.9000000000000004,10.119363784790039,10.250955581665039,20.200000762939453,15.602605819702148,1,10.259599685668945,15.100000000000001,0.30000000000000004
3,1,0.0,10.100000000000001,13.8,-0.9142145687516265,18.5,2.9000000000000004,10.619363784790039,10.267351150512695,20.200000762939453,15.693696975708008,1,10.275995254516602,15.100000000000001,0.30000000000000004
3,1,0.0,10.100000000000001,13.8,-0.9142145687516265,18.5,2.9000000000000004,11.119363784790039,10.284584999084473,20.200000762939453,15.785086631774902,1,10.293229103088379,15.100000000000001,0.30000000000000004
3,1,0.0,10.100000000000001,13.8,-0.9142145687516265,18.5,2.9000000000000004,11.619363784790039,0.0,,,0,10.311306953430176,15.100000000000001,0.30000000000000004
3,1,0.0,10.100000000000001,13.8,-0.9142145687516265,18.5,2.9000000000000004,12.119363784790039,10.321592330932617,20.200000762939453,15.968822479248047,1,10.330236434936523,15.100000000000001,0.30000000000000004
3,1,0.0,10.100000000000001,13.8,-0.9142145687516265,18.5,2.9000000000000004,12.619363784790039,10.341382026672363,20.200000762939453,16.061201095581055,1,10.35002613067627,15.100000000000001,0.30000000000000004
3,1,0.0,10.100000000000001,13.8,-0.9142145687516265,18.5,2.9000000000000004,13.119363784790039,10.362037658691406,20.200000762939453,16.153942108154297,1,10.370681762695312,15.100000000000001,0.30000000000000004
3,1,0.0,10.100000000000001,13.8,-0.9142145687516265,18.5,2.9000000000000004,13.619363784790039,10.383569717407227,20.200000762939453,16.247060775756836,1,10.392213821411133,15.100000000000001,0.30000000000000004
3,1,0.0,10.100000000000001,13.8,-0.9142145687516265,18.5,2.9000000000000004,14.119363784790039,10.405985832214355,20.200000762939453,16.340574264526367,1,10.414629936218262,15.100000000000001,0.30000000000000004
3,1,0.0,10.100000000000001,13.8,-0.9142145687516265,18.5,2.9000000000000004,14.619363784790039,0.0,,,0,10.437939643859863,15.100000000000001,0.30000000000000004
3,1,0.0,10.100000000000001,13.8,-0.9142145687516265,18.5,2.9000000000000004,15.119363784790039,10.453508377075195,20.200000762939453,16.528850555419922,1,10.462152481079102,15.100000000000001,0.30000000000000004
3,1,0.0,10.100000000000001,13.8,-0.9142145687516265,18.5,2.9000000000000004,15.619363784790039,10.478633880615234,20.200000762939453,16.62364959716797,1,10.48727798461914,15.100000000000001,0.30000000000000004
3,1,0.0,10.100000000000001,13.8,-0.9142145687516265,18.5,2.9000000000000004,16.11936378479004,10.504683494567871,20.200000762939453,16.718914031982422,1,10.513327598571777,15.100000000000001,0.30000000000000004
3,1,0.0,10.100000000000001,13.8,-0.9142145687516265,18.5,2.9000000000000004,16.61936378479004,0.0,,,0,10.540310859680176,15.100000000000001,0.30000000000000004
3,1,0.0,10.100000000000001,13.8,-0.9142145687516265,18.5,2.9000000000000004,17.11936378479004,10.55959701538086,20.200000762939453,16.91090202331543,1,10.568241119384766,15.100000000000001,0.30000000000000004
3,1,0.0,10.100000000000001,13.8,-0.9142145687516265,18.5,2.9000000000000004,17.61936378479004,10.588483810424805,20.200000762939453,17.007665634155273,1,10.597127914428711,15.100000000000001,0.30000000000000004
3,1,0.0,10.100000000000001,13.8,-0.9142145687516265,18.5,2.9000000000000004,18.11936378479004,10.618340492248535,20.200000762939453,17.10496711730957,1,10.626984596252441,15.100000000000001,0.30000000000000004
3,1,0.0,10.100000000000001,13.8,-0.9142145687516265,18.5,2.9000000000000004,18.61936378479004,0.0,,,0,10.657824516296387,15.100000000000001,0.30000000000000004
3,1,0.0,10.100000000000001,13.8,-0.9142145687516265,18.5,2.9000000000000004,19.11936378479004,10.681015968322754,20.200000762939453,17.30126190185547,1,10.68966007232666,15.100000000000001,0.30000000000000004
3,1,0.0,10.100000000000001,13.8,-0.9142145687516265,18.5,2.9000000000000004,19.61936378479004,10.713861465454102,20.200000762939453,17.40029525756836,1,10.722505569458008,15.100000000000001,0.30000000000000004
3,1,0.0,10.100000000000001,13.8,-0.9142145687516265,18.5,2.9000000000000004,20.11936378479004,10.74773120880127,20.200000762939453,17.49994659423828,1,10.756375312805176,15.100000000000001,0.30000000000000004
3,1,0.0,10.100000000000001,13.8,-0.9142145687516265,18.5,2.9000000000000004,20.61936378479004,10.782639503479004,20.200000762939453,17.600236892700195,1,10.79128360748291,15.100000000000001,0.30000000000000004
3,1,0.0,10.100000000000001,13.8,-0.9142145687516265,18.5,2.9000000000000004,21.11936378479004,0.0,,,0,10.82724666595459,15.100000000000001,0.30000000000000004
3,1,0.0,10.100000000000001,13.8,-0.9142145687516265,18.5,2.9000000000000004,21.61936378479004,10.855635643005371,20.200000762939453,17.80282211303711,1,10.864279747009277,15.100000000000001,0.30000000000000004
3,1,0.0,10.100000000000001,13.8,-0.9142145687516265,18.5,2.9000000000000004,22.11936378479004,10.893756866455078,20.200000762939453,17.905160903930664,1,10.902400970458984,15.100000000000001,0.30000000000000004
3,1,0.0,10.100000000000001,13.8,-0.9142145687516265,18.5,2.9000000000000004,22.61936378479004,10.932982444763184,20.200000762939453,18.008230209350586,1,10.94162654876709,15.100000000000001,0.30000000000000004
3,1,0.0,10.100000000000001,13.8,-0.9142145687516265,18.5,2.9000000000000004,23.11936378479004,10.9733304977417,20.200000762939453,18.112049102783203,1,10.981974601745605,15.100000000000001,0.30000000000000004
3,1,0.0,10.100000000000001,13.8,-0.9142145687516265,18.5,2.9000000000000004,23.61936378479004,11.014820098876953,20.200000762939453,18.216646194458008,1,11.02346420288086,15.100000000000001,0.30000000000000004
3,1,0.0,10.100000000000001,13.8,-0.9142145687516265,18.5,2.9000000000000004,24.11936378479004,11.057470321655273,20.200000762939453,18.322046279907227,1,11.06611442565918,15.100000000000001,0.30000000000000004
3,1,0.0,10.100000000000001,13.8,-0.9142145687516265,18.5,2.9000000000000004,24.61936378479004,0.0,,,0,11.109945297241211,15.100000000000001,0.30000000000000004
3,1,0.0,10.100000000000001,13.8,-0.9142145687516265,18.5,2.9000000000000004,25.11936378479004,0.0,,,0,11.154977798461914,15.100000000000001,0.30000000000000004
3,1,0.0,10.100000000000001,13.8,-0.9142145687516265,18.5,2.9000000000000004,25.61936378479004,0.0,,,0,11.20123291015625,15.100000000000001,0.30000000000000004
3,1,0.0,10.100000000000001,13.8,-0.9142145687516265,18.5,2.9000000000000004,26.11936378479004,11.240089416503906,20.200000762939453,18.752172470092773,1,11.248733520507812,15.100000000000001,0.30000000000000004
3,1,0.0,10.100000000000001,13.8,-0.9142145687516265,18.5,2.9000000000000004,26.61936378479004,11.288858413696289,20.200000762939453,18.86197280883789,1,11.297502517700195,15.100000000000001,0.30000000000000004
3,1,0.0,10.100000000000001,13.8,-0.9142145687516265,18.5,2.9000000000000004,27.11936378479004,11.338920593261719,20.200000762939453,18.97273826599121,1,11.347564697265625,15.100000000000001,0.30000000000000004
3,1,0.0,10.100000000000001,13.8,-0.9142145687516265,18.5,2.9000000000000004,27.61936378479004,11.390300750732422,20.200000762939453,19.08449935913086,1,11.398944854736328,15.100000000000001,0.30000000000000004
3,1,0.0,10.100000000000001,13.8,-0.9142145687516265,18.5,2.9000000000000004,28.11936378479004,11.443023681640625,20.200000762939453,19.197284698486328,1,11.451667785644531,15.100000000000001,0.30000000000000004
3,1,0.0,10.100000000000001,13.8,-0.9142145687516265,18.5,2.9000000000000004,28.61936378479004,11.497116088867188,20.200000762939453,19.311126708984375,1,11.505760192871094,15.100000000000001,0.30000000000000004
3,1,0.0,10.100000000000001,13.8,-0.9142145687516265,18.5,2.9000000000000004,29.11936378479004,11.552607536315918,20.200000762939453,19.42605972290039,1,11.561251640319824,15.100000000000001,0.30000000000000004
3,1,0.0,10.100000000000001,13.8,-0.9142145687516265,18.5,2.9000000000000004,29.61936378479004,11.609525680541992,20.200000762939453,19.5421142578125,1,11.618169784545898,15.100000000000001,0.30000000000000004
3,1,0.0,10.100000000000001,13.8,-0.9142145687516265,18.5,2.9000000000000004,30.11936378479004,11.667901039123535,20.200000762939453,19.659326553344727,1,11.676545143127441,15.100000000000001,0.30000000000000004
3,1,0.0,10.100000000000001,13.8,-0.9142145687516265,18.5,2.9000000000000004,30.61936378479004,11.727764129638672,20.200000762939453,19.77773094177246,1,11.736408233642578,15.100000000000001,0.30000000000000004
3,1,0.0,10.100000000000001,13.8,-0.9142145687516265,18.5,2.9000000000000004,31.11936378479004,11.789146423339844,20.200000762939453,19.89736557006836,1,11.79779052734375,15.100000000000001,0.30000000000000004
3,1,0.0,10.100000000000001,13.8,-0.9142145687516265,18.5,2.9000000000000004,31.61936378479004,11.852083206176758,20.200000762939453,20.018268585205078,1,11.860727310180664,15.100000000000001,0.30000000000000004
3,1,0.0,10.100000000000001,13.8,-0.9142145687516265,18.5,2.9000000000000004,32.119361877441406,11.916607856750488,20.200000762939453,20.14047622680664,1,11.925251960754395,15.100000000000001,0.30000000000000004
3,1,0.0,10.100000000000001,13.8,-0.9142145687516265,18.5,2.9000000000000004,32.619361877441406,11.982756614685059,20.200000762939453,20.26403045654297,1,11.991400718688965,15.100000000000001,0.30000000000000004
3,1,0.0,10.100000000000001,13.8,-0.9142145687516265,18.5,2.9000000000000004,33.119361877441406,12.0,,,0,12.0,15.100000000000001,0.30000000000000004
3,1,0.0,10.100000000000001,13.8,-0.9142145687516265,18.5,2.9000000000000004,33.619361877441406,12.0,,,0,12.0,15.100000000000001,0.30000000000000004
3,1,0.0,10.100000000000001,13.8,-0.9142145687516265,18.5,2.9000000000000004,34.119361877441406,12.0,,,0,12.0,15.100000000000001,0.30000000000000004
3,1,0.0,10.100000000000001,13.8,-0.9142145687516265,18.5,2.9000000000000004,34.619361877441406,0.0,,,0,12.0,15.100000000000001,0.30000000000000004
3,1,0.0,10.100000000000001,13.8,-0.9142145687516265,18.5,2.9000000000000004,35.119361877441406,0.0,,,0,12.0,15.100000000000001,0.30000000000000004
3,1,0.0,10.100000000000001,13.8,-0.9142145687516265,18.5,2.9000000000000004,35.619361877441406,12.0,,,0,12.0,15.100000000000001,0.30000000000000004
3,1,0.0,10.100000000000001,13.8,-0.9142145687516265,18.5,2.9000000000000004,36.119361877441406,12.0,,,0,12.0,15.100000000000001,0.30000000000000004
3,1,0.0,10.100000000000001,13.8,-0.9142145687516265,18.5,2.9000000000000004,36.619361877441406,12.0,,,0,12.0,15.100000000000001,0.30000000000000004
3,1,0.0,10.100000000000001,13.8,-0.9142145687516265,18.5,2.9000000000000004,37.119361877441406,12.0,,,0,12.0,15.100000000000001,0.30000000000000004
3,1,0.0,10.100000000000001,13.8,-0.9142145687516265,18.5,2.9000000000000004,37.619361877441406,12.0,,,0,12.0,15.100000000000001,0.30000000000000004
3,1,0.0,10.100000000000001,13.8,-0.9142145687516265,18.5,2.9000000000000004,38.119361877441406,12.0,,,0,12.0,15.100000000000001,0.30000000000000004
3,1,0.0,10.100000000000001,13.8,-0.9142145687516265,18.5,2.9000000000000004,38.619361877441406,12.0,,,0,12.0,15.100000000000001,0.30000000000000004
3,1,0.0,10.100000000000001,13.8,-0.9142145687516265,18.5,2.9000000000000004,39.119361877441406,12.0,,,0,12.0,15.100000000000001,0.30000000000000004
3,1,0.0,10.100000000000001,13.8,-0.9142145687516265,18.5,2.9000000000000004,39.619361877441406,0.0,,,0,12.0,15.100000000000001,0.30000000000000004
3,1,0.0,10.100000000000001,13.8,-0.9142145687516265,18.5,2.9000000000000004,40.119361877441406,12.0,,,0,12.0,15.100000000000001,0.30000000000000004
3,1,0.0,10.100000000000001,13.8,-0.9142145687516265,18.5,2.9000000000000004,40.619361877441406,12.0,,,0,12.0,15.100000000000001,0.30000000000000004
3,1,0.0,10.100000000000001,13.8,-0.9142145687516265,18.5,2.9000000000000004,41.119361877441406,12.0,,,0,12.0,15.100000000000001,0.30000000000000004
3,1,0.0,10.100000000000001,13.8,-0.9142145687516265,18.5,2.9000000000000004,41.619361877441406,12.0,,,0,12.0,15.100000000000001,0.30000000000000004
3,1,0.0,10.100000000000001,13.8,-0.9142145687516265,18.5,2.9000000000000004,42.119361877441406,12.0,,,0,12.0,15.100000000000001,0.30000000000000004
3,1,0.0,10.100000000000001,13.8,-0.9142145687516265,18.5,2.9000000000000004,42.619361877441406,12.0,,,0,12.0,15.100000000000001,0.30000000000000004
3,1,0.0,10.100000000000001,13.8,-0.9142145687516265,18.5,2.9000000000000004,43.119361877441406,12.0,,,0,12.0,15.100000000000001,0.30000000000000004
3,1,0.0,10.100000000000001,13.8,-0.9142145687516265,18.5,2.9000000000000004,43.619361877441406,12.0,,,0,12.0,15.100000000000001,0.30000000000000004
3,1,0.0,10.100000000000001,13.8,-0.9142145687516265,18.5,2.9000000000000004,44.119361877441406,12.0,,,0,12.0,15.100000000000001,0.30000000000000004
3,1,0.0,10.100000000000001,13.8,-0.9142145687516265,18.5,2.9000000000000004,44.619361877441406,12.0,,,0,12.0,15.100000000000001,0.30000000000000004
3,1,0.0,10.100000000000001,13.8,-0.9142145687516265,18.5,2.9000000000000004,45.119361877441406,12.0,,,0,12.0,15.100000000000001,0.30000000000000004
3,1,0.0,10.100000000000001,13.8,-0.9142145687516265,18.5,2.9000000000000004,45.619361877441406,12.0,,,0,12.0,15.100000000000001,0.30000000000000004
3,1,0.0,10.100000000000001,13.8,-0.9142145687516265,18.5,2.9000000000000004,46.119361877441406,12.0,,,0,12.0,15.100000000000001,0.30000000000000004
3,1,0.0,10.100000000000001,13.8,-0.9142145687516265,18.5,2.9000000000000004,46.619361877441406,12.0,,,0,12.0,15.100000000000001,0.30000000000000004
3,1,0.0,10.100000000000001,13.8,-0.9142145687516265,18.5,2.9000000000000004,47.119361877441406,12.0,,,0,12.0,15.100000000000001,0.30000000000000004
3,1,0.0,10.100000000000001,13.8,-0.9142145687516265,18.5,2.9000000000000004,47.619361877441406,12.0,,,0,12.0,15.100000000000001,0.30000000000000004
3,1,0.0,10.100000000000001,13.8,-0.9142145687516265,18.5,2.9000000000000004,48.119361877441406,12.0,,,0,12.0,15.100000000000001,0.30000000000000004
3,1,0.0,10.100000000000001,13.8,-0.9142145687516265,18.5,2.9000000000000004,48.619361877441406,12.0,,,0,12.0,15.100000000000001,0.30000000000000004
3,1,0.0,10.100000000000001,13.8,-0.9142145687516265,18.5,2.9000000000000004,49.119361877441406,12.0,,,0,12.0,15.100000000000001,0.30000000000000004
3,1,0.0,10.100000000000001,13.8,-0.9142145687516265,18.5,2.9000000000000004,49.619361877441406,12.0,,,0,12.0,15.100000000000001,0.30000000000000004
3,1,0.0,10.100000000000001,13.8,-0.9142145687516265,18.5,2.9000000000000004,50.119361877441406,0.0,,,0,12.0,15.100000000000001,0.30000000000000004
3,1,0.0,10.100000000000001,13.8,-0.9142145687516265,18.5,2.9000000000000004,50.619361877441406,12.0,,,0,12.0,15.100000000000001,0.30000000000000004
3,1,0.0,10.100000000000001,13.8,-0.9142145687516265,18.5,2.9000000000000004,51.119361877441406,0.0,,,0,12.0,15.100000000000001,0.30000000000000004
3,1,0.0,10.100000000000001,13.8,-0.9142145687516265,18.5,2.9000000000000004,51.619361877441406,12.0,,,0,12.0,15.100000000000001,0.30000000000000004
3,1,0.0,10.100000000000001,13.8,-0.9142145687516265,18.5,2.9000000000000004,52.119361877441406,12.0,,,0,12.0,15.100000000000001,0.30000000000000004
3,1,0.0,10.100000000000001,13.8,-0.9142145687516265,18.5,2.9000000000000004,52.619361877441406,12.0,,,0,12.0,15.100000000000001,0.30000000000000004
3,1,0.0,10.100000000000001,13.8,-0.9142145687516265,18.5,2.9000000000000004,53.119361877441406,12.0,,,0,12.0,15.100000000000001,0.30000000000000004
3,1,0.0,10.100000000000001,13.8,-0.9142145687516265,18.5,2.9000000000000004,53.619361877441406,12.0,,,0,12.0,15.100000000000001,0.30000000000000004
3,1,0.0,10.100000000000001,13.8,-0.9142145687516265,18.5,2.9000000000000004,54.119361877441406,12.0,,,0,12.0,15.100000000000001,0.30000000000000004
3,1,0.0,10.100000000000001,13.8,-0.9142145687516265,18.5,2.9000000000000004,54.619361877441406,12.0,,,0,12.0,15.100000000000001,0.30000000000000004
3,1,0.0,10.100000000000001,13.8,-0.9142145687516265,18.5,2.9000000000000004,55.119361877441406,12.0,,,0,12.0,15.100000000000001,0.30000000000000004
3,1,0.0,10.100000000000001,13.8,-0.9142145687516265,18.5,2.9000000000000004,55.619361877441406,12.0,,,0,12.0,15.100000000000001,0.30000000000000004
3,1,0.0,10.100000000000001,13.8,-0.9142145687516265,18.5,2.9000000000000004,56.119361877441406,12.0,,,0,12.0,15.100000000000001,0.30000000000000004
3,1,0.0,10.100000000000001,13.8,-0.9142145687516265,18.5,2.9000000000000004,56.619361877441406,12.0,,,0,12.0,15.100000000000001,0.30000000000000004
3,1,0.0,10.100000000000001,13.8,-0.9142145687516265,18.5,2.9000000000000004,57.119361877441406,12.0,,,0,12.0,15.100000000000001,0.30000000000000004
3,1,0.0,10.100000000000001,13.8,-0.9142145687516265,18.5,2.9000000000000004,57.619361877441406,12.0,,,0,12.0,15.100000000000001,0.30000000000000004
3,1,0.0,10.100000000000001,13.8,-0.9142145687516265,18.5,2.9000000000000004,58.119361877441406,12.0,,,0,12.0,15.100000000000001,0.30000000000000004
3,1,0.0,10.100000000000001,13.8,-0.9142145687516265,18.5,2.9000000000000004,58.619361877441406,12.0,,,0,12.0,15.100000000000001,0.30000000000000004
3,1,0.0,10.100000000000001,13.8,-0.9142145687516265,18.5,2.9000000000000004,59.119361877441406,0.0,,,0,12.0,15.100000000000001,0.30000000000000004
3,1,0.0,10.100000000000001,13.8,-0.9142145687516265,18.5,2.9000000000000004,59.619361877441406,12.0,,,0,12.0,15.100000000000001,0.30000000000000004
3,1,0.0,10.100000000000001,13.8,-0.9142145687516265,18.5,2.9000000000000004,60.119361877441406,12.0,,,0,12.0,15.100000000000001,0.30000000000000004
3,1,0.0,10.100000000000001,13.8,-0.9142145687516265,18.5,2.9000000000000004,60.619361877441406,12.0,,,0,12.0,15.100000000000001,0.30000000000000004
3,1,0.0,10.100000000000001,13.8,-0.9142145687516265,18.5,2.9000000000000004,61.119361877441406,12.0,,,0,12.0,15.100000000000001,0.30000000000000004
3,1,0.0,10.100000000000001,13.8,-0.9142145687516265,18.5,2.9000000000000004,61.619361877441406,12.0,,,0,12.0,15.100000000000001,0.30000000000000004
3,1,0.0,10.100000000000001,13.8,-0.9142145687516265,18.5,2.9000000000000004,62.119361877441406,12.0,,,0,12.0,15.100000000000001,0.30000000000000004
3,1,0.0,10.100000000000001,13.8,-0.9142145687516265,18.5,2.9000000000000004,62.619361877441406,12.0,,,0,12.0,15.100000000000001,0.30000000000000004
3,1,0.0,10.100000000000001,13.8,-0.9142145687516265,18.5,2.9000000000000004,63.119361877441406,12.0,,,0,12.0,15.100000000000001,0.30000000000000004
3,1,0.0,10.100000000000001,13.8,-0.9142145687516265,18.5,2.9000000000000004,63.619361877441406,12.0,,,0,12.0,15.100000000000001,0.30000000000000004
3,1,0.0,10.100000000000001,13.8,-0.9142145687516265,18.5,2.9000000000000004,64.1193618774414,0.0,,,0,12.0,15.100000000000001,0.30000000000000004
3,1,0.0,10.100000000000001,13.8,-0.9142145687516265,18.5,2.9000000000000004,64.6193618774414,12.0,,,0,12.0,15.100000000000001,0.30000000000000004
3,1,0.0,10.100000000000001,13.8,-0.9142145687516265,18.5,2.9000000000000004,65.1193618774414,12.0,,,0,12.0,15.100000000000001,0.30000000000000004
3,1,0.0,10.100000000000001,13.8,-0.9142145687516265,18.5,2.9000000000000004,65.6193618774414,12.0,,,0,12.0,15.100000000000001,0.30000000000000004
3,1,0.0,10.100000000000001,13.8,-0.9142145687516265,18.5,2.9000000000000004,66.1193618774414,0.0,,,0,12.0,15.100000000000001,0.30000000000000004
3,1,0.0,10.100000000000001,13.8,-0.9142145687516265,18.5,2.9000000000000004,66.6193618774414,12.0,,,0,12.0,15.100000000000001,0.30000000000000004
3,1,0.0,10.100000000000001,13.8,-0.9142145687516265,18.5,2.9000000000000004,67.1193618774414,12.0,,,0,12.0,15.100000000000001,0.30000000000000004
3,1,0.0,10.100000000000001,13.8,-0.9142145687516265,18.5,2.9000000000000004,67.6193618774414,12.0,,,0,12.0,15.100000000000001,0.30000000000000004
3,1,0.0,10.100000000000001,13.8,-0.9142145687516265,18.5,2.9000000000000004,68.1193618774414,12.0,,,0,12.0,15.100000000000001,0.30000000000000004
3,1,0.0,10.100000000000001,13.8,-0.9142145687516265,18.5,2.9000000000000004,68.6193618774414,12.0,,,0,12.0,15.100000000000001,0.30000000000000004
3,1,0.0,10.100000000000001,13.8,-0.9142145687516265,18.5,2.9000000000000004,69.1193618774414,12.0,,,0,12.0,15.100000000000001,0.30000000000000004
3,1,0.0,10.100000000000001,13.8,-0.9142145687516265,18.5,2.9000000000000004,69.6193618774414,12.0,,,0,12.0,15.100000000000001,0.30000000000000004
3,1,0.0,10.100000000000001,13.8,-0.9142145687516265,18.5,2.9000000000000004,70.1193618774414,12.0,,,0,12.0,15.100000000000001,0.30000000000000004
3,1,0.0,10.100000000000001,13.8,-0.9142145687516265,18.5,2.9000000000000004,70.6193618774414,12.0,,,0,12.0,15.100000000000001,0.30000000000000004
3,1,0.0,10.100000000000001,13.8,-0.9142145687516265,18.5,2.9000000000000004,71.1193618774414,12.0,,,0,12.0,15.100000000000001,0.30000000000000004
3,1,0.0,10.100000000000001,13.8,-0.9142145687516265,18.5,2.9000000000000004,71.6193618774414,0.0,,,0,12.0,15.100000000000001,0.30000000000000004
3,1,0.0,10.100000000000001,13.8,-0.9142145687516265,18.5,2.9000000000000004,72.1193618774414,12.0,,,0,12.0,15.100000000000001,0.30000000000000004
3,1,0.0,10.100000000000001,13.8,-0.9142145687516265,18.5,2.9000000000000004,72.6193618774414,12.0,,,0,12.0,15.100000000000001,0.30000000000000004
3,1,0.0,10.100000000000001,13.8,-0.9142145687516265,18.5,2.9000000000000004,73.1193618774414,12.0,,,0,12.0,15.100000000000001,0.30000000000000004
3,1,0.0,10.100000000000001,13.8,-0.9142145687516265,18.5,2.9000000000000004,73.6193618774414,12.0,,,0,12.0,15.100000000000001,0.30000000000000004
3,1,0.0,10.100000000000001,13.8,-0.9142145687516265,18.5,2.9000000000000004,74.1193618774414,12.0,,,0,12.0,15.100000000000001,0.30000000000000004
3,1,0.0,10.100000000000001,13.8,-0.9142145687516265,18.5,2.9000000000000004,74.6193618774414,12.0,,,0,12.0,15.100000000000001,0.30000000000000004
3,1,0.0,10.100000000000001,13.8,-0.9142145687516265,18.5,2.9000000000000004,75.1193618774414,12.0,,,0,12.0,15.100000000000001,0.30000000000000004
3,1,0.0,10.100000000000001,13.8,-0.9142145687516265,18.5,2.9000000000000004,75.6193618774414,12.0,,,0,12.0,15.100000000000001,0.30000000000000004
3,1,0.0,10.100000000000001,13.8,-0.9142145687516265,18.5,2.9000000000000004,76.1193618774414,12.0,,,0,12.0,15.100000000000001,0.30000000000000004
3,1,0.0,10.100000000000001,13.8,-0.9142145687516265,18.5,2.9000000000000004,76.6193618774414,12.0,,,0,12.0,15.100000000000001,0.30000000000000004
3,1,0.0,10.100000000000001,13.8,-0.9142145687516265,18.5,2.9000000000000004,77.1193618774414,12.0,,,0,12.0,15.100000000000001,0.30000000000000004
3,1,0.0,10.100000000000001,13.8,-0.9142145687516265,18.5,2.9000000000000004,77.6193618774414,0.0,,,0,12.0,15.100000000000001,0.30000000000000004
3,1,0.0,10.100000000000001,13.8,-0.9142145687516265,18.5,2.9000000000000004,78.1193618774414,12.0,,,0,12.0,15.100000000000001,0.30000000000000004
3,1,0.0,10.100000000000001,13.8,-0.9142145687516265,18.5,2.9000000000000004,78.6193618774414,12.0,,,0,12.0,15.100000000000001,0.30000000000000004
3,1,0.0,10.100000000000001,13.8,-0.9142145687516265,18.5,2.9000000000000004,79.1193618774414,0.0,,,0,12.0,15.100000000000001,0.30000000000000004
3,1,0.0,10.100000000000001,13.8,-0.9142145687516265,18.5,2.9000000000000004,79.6193618774414,12.0,,,0,12.0,15.100000000000001,0.30000000000000004
3,1,0.0,10.100000000000001,13.8,-0.9142145687516265,18.5,2.9000000000000004,80.1193618774414,12.0,,,0,12.0,15.100000000000001,0.30000000000000004
3,1,0.0,10.100000000000001,13.8,-0.9142145687516265,18.5,2.9000000000000004,80.6193618774414,12.0,,,0,12.0,15.100000000000001,0.30000000000000004
3,1,0.0,10.100000000000001,13.8,-0.9142145687516265,18.5,2.9000000000000004,81.1193618774414,12.0,,,0,12.0,15.100000000000001,0.30000000000000004
3,1,0.0,10.100000000000001,13.8,-0.9142145687516265,18.5,2.9000000000000004,81.6193618774414,12.0,,,0,12.0,15.100000000000001,0.30000000000000004
3,1,0.0,10.100000000000001,13.8,-0.9142145687516265,18.5,2.9000000000000004,82.1193618774414,12.0,,,0,12.0,15.100000000000001,0.30000000000000004
3,1,0.0,10.100000000000001,13.8,-0.9142145687516265,18.5,2.9000000000000004,82.6193618774414,12.0,,,0,12.0,15.100000000000001,0.30000000000000004
3,1,0.0,10.100000000000001,13.8,-0.9142145687516265,18.5,2.9000000000000004,83.1193618774414,12.0,,,0,12.0,15.100000000000001,0.30000000000000004
3,1,0.0,10.100000000000001,13.8,-0.9142145687516265,18.5,2.9000000000000004,83.6193618774414,12.0,,,0,12.0,15.100000000000001,0.30000000000000004
3,1,0.0,10.100000000000001,13.8,-0.9142145687516265,18.5,2.9000000000000004,84.1193618774414,0.0,,,0,12.0,15.100000000000001,0.30000000000000004
3,1,0.0,10.100000000000001,13.8,-0.9142145687516265,18.5,2.9000000000000004,84.6193618774414,12.0,,,0,12.0,15.100000000000001,0.30000000000000004
3,1,0.0,10.100000000000001,13.8,-0.9142145687516265,18.5,2.9000000000000004,85.1193618774414,12.0,,,0,12.0,15.100000000000001,0.30000000000000004
3,1,0.0,10.100000000000001,13.8,-0.9142145687516265,18.5,2.9000000000000004,85.6193618774414,12.0,,,0,12.0,15.100000000000001,0.30000000000000004
3,1,0.0,10.100000000000001,13.8,-0.9142145687516265,18.5,2.9000000000000004,86.1193618774414,12.0,,,0,12.0,15.100000000000001,0.30000000000000004
3,1,0.0,10.100000000000001,13.8,-0.9142145687516265,18.5,2.9000000000000004,86.6193618774414,12.0,,,0,12.0,15.100000000000001,0.30000000000000004
3,1,0.0,10.100000000000001,13.8,-0.9142145687516265,18.5,2.9000000000000004,87.1193618774414,12.0,,,0,12.0,15.100000000000001,0.30000000000000004
3,1,0.0,10.100000000000001,13.8,-0.9142145687516265,18.5,2.9000000000000004,87.6193618774414,12.0,,,0,12.0,15.100000000000001,0.30000000000000004
3,1,0.0,10.100000000000001,13.8,-0.9142145687516265,18.5,2.9000000000000004,88.1193618774414,12.0,,,0,12.0,15.100000000000001,0.30000000000000004
3,1,0.0,10.100000000000001,13.8,-0.9142145687516265,18.5,2.9000000000000004,88.6193618774414,12.0,,,0,12.0,15.100000000000001,0.30000000000000004
3,1,0.0,10.100000000000001,13.8,-0.9142145687516265,18.5,2.9000000000000004,89.1193618774414,0.0,,,0,12.0,15.100000000000001,0.30000000000000004
3,1,0.0,10.100000000000001,13.8,-0.9142145687516265,18.5,2.9000000000000004,89.6193618774414,0.0,,,0,12.0,15.100000000000001,0.30000000000000004
3,1,0.0,10.100000000000001,13.8,-0.9142145687516265,18.5,2.9000000000000004,90.1193618774414,12.0,,,0,12.0,15.100000000000001,0.30000000000000004
3,1,0.0,10.100000000000001,13.8,-0.9142145687516265,18.5,2.9000000000000004,90.6193618774414,0.0,,,0,12.0,15.100000000000001,0.30000000000000004
3,1,0.0,10.100000000000001,13.8,-0.9142145687516265,18.5,2.9000000000000004,91.1193618774414,12.0,,,0,12.0,15.100000000000001,0.30000000000000004
3,1,0.0,10.100000000000001,13.8,-0.9142145687516265,18.5,2.9000000000000004,91.6193618774414,12.0,,,0,12.0,15.100000000000001,0.30000000000000004
3,1,0.0,10.100000000000001,13.8,-0.9142145687516265,18.5,2.9000000000000004,92.1193618774414,0.0,,,0,12.0,15.100000000000001,0.30000000000000004
3,1,0.0,10.100000000000001,13.8,-0.9142145687516265,18.5,2.9000000000000004,92.6193618774414,12.0,,,0,12.0,15.100000000000001,0.30000000000000004
3,1,0.0,10.100000000000001,13.8,-0.9142145687516265,18.5,2.9000000000000004,93.1193618774414,12.0,,,0,12.0,15.100000000000001,0.30000000000000004
3,1,0.0,10.100000000000001,13.8,-0.9142145687516265,18.5,2.9000000000000004,93.6193618774414,12.0,,,0,12.0,15.100000000000001,0.30000000000000004
3,1,0.0,10.100000000000001,13.8,-0.9142145687516265,18.5,2.9000000000000004,94.1193618774414,12.0,,,0,12.0,15.100000000000001,0.30000000000000004
3,1,0.0,10.100000000000001,13.8,-0.9142145687516265,18.5,2.9000000000000004,94.6193618774414,12.0,,,0,12.0,15.100000000000001,0.30000000000000004
3,1,0.0,10.100000000000001,13.8,-0.9142145687516265,18.5,2.9000000000000004,95.1193618774414,12.0,,,0,12.0,15.100000000000001,0.30000000000000004
3,1,0.0,10.100000000000001,13.8,-0.9142145687516265,18.5,2.9000000000000004,95.6193618774414,0.0,,,0,12.0,15.100000000000001,0.30000000000000004
3,1,0.0,10.100000000000001,13.8,-0.9142145687516265,18.5,2.9000000000000004,96.1193618774414,12.0,,,0,12.0,15.100000000000001,0.30000000000000004
3,1,0.0,10.100000000000001,13.8,-0.9142145687516265,18.5,2.9000000000000004,96.6193618774414,12.0,,,0,12.0,15.100000000000001,0.30000000000000004
3,1,0.0,10.100000000000001,13.8,-0.9142145687516265,18.5,2.9000000000000004,97.1193618774414,12.0,,,0,12.0,15.100000000000001,0.30000000000000004
3,1,0.0,10.100000000000001,13.8,-0.9142145687516265,18.5,2.9000000000000004,97.6193618774414,12.0,,,0,12.0,15.100000000000001,0.30000000000000004
3,1,0.0,10.100000000000001,13.8,-0.9142145687516265,18.5,2.9000000000000004,98.1193618774414,12.0,,,0,12.0,15.100000000000001,0.30000000000000004
3,1,0.0,10.100000000000001,13.8,-0.9142145687516265,18.5,2.9000000000000004,98.6193618774414,12.0,,,0,12.0,15.100000000000001,0.30000000000000004
3,1,0.0,10.100000000000001,13.8,-0.9142145687516265,18.5,2.9000000000000004,99.1193618774414,12.0,,,0,12.0,15.100000000000001,0.30000000000000004
3,1,0.0,10.100000000000001,13.8,-0.9142145687516265,18.5,2.9000000000000004,99.6193618774414,12.0,,,0,12.0,15.100000000000001,0.30000000000000004
3,1,0.0,10.100000000000001,13.8,-0.9142145687516265,18.5,2.9000000000000004,100.1193618774414,12.0,,,0,12.0,15.100000000000001,0.30000000000000004
3,1,0.0,10.100000000000001,13.8,-0.9142145687516265,18.5,2.9000000000000004,100.6193618774414,12.0,,,0,12.0,15.100000000000001,0.30000000000000004
3,1,0.0,10.100000000000001,13.8,-0.9142145687516265,18.5,2.9000000000000004,101.1193618774414,12.0,,,0,12.0,15.100000000000001,0.30000000000000004
3,1,0.0,10.100000000000001,13.8,-0.9142145687516265,18.5,2.9000000000000004,101.6193618774414,12.0,,,0,12.0,15.100000000000001,0.30000000000000004
3,1,0.0,10.100000000000001,13.8,-0.9142145687516265,18.5,2.9000000000000004,102.1193618774414,12.0,,,0,12.0,15.100000000000001,0.30000000000000004
3,1,0.0,10.100000000000001,13.8,-0.9142145687516265,18.5,2.9000000000000004,102.6193618774414,12.0,,,0,12.0,15.100000000000001,0.30000000000000004
3,1,0.0,10.100000000000001,13.8,-0.9142145687516265,18.5,2.9000000000000004,103.1193618774414,12.0,,,0,12.0,15.100000000000001,0.30000000000000004
3,1,0.0,10.100000000000001,13.8,-0.9142145687516265,18.5,2.9000000000000004,103.6193618774414,12.0,,,0,12.0,15.100000000000001,0.30000000000000004
3,1,0.0,10.100000000000001,13.8,-0.9142145687516265,18.5,2.9000000000000004,104.1193618774414,12.0,,,0,12.0,15.100000000000001,0.30000000000000004
3,1,0.0,10.100000000000001,13.8,-0.9142145687516265,18.5,2.9000000000000004,104.6193618774414,12.0,,,0,12.0,15.100000000000001,0.30000000000000004
3,1,0.0,10.100000000000001,13.8,-0.9142145687516265,18.5,2.9000000000000004,105.1193618774414,0.0,,,0,12.0,15.100000000000001,0.30000000000000004
3,1,0.0,10.100000000000001,13.8,-0.9142145687516265,18.5,2.9000000000000004,105.6193618774414,12.0,,,0,12.0,15.100000000000001,0.30000000000000004
3,1,0.0,10.100000000000001,13.8,-0.9142145687516265,18.5,2.9000000000000004,106.1193618774414,12.0,,,0,12.0,15.100000000000001,0.30000000000000004
3,1,0.0,10.100000000000001,13.8,-0.9142145687516265,18.5,2.9000000000000004,106.6193618774414,12.0,,,0,12.0,15.100000000000001,0.30000000000000004
3,1,0.0,10.100000000000001,13.8,-0.9142145687516265,18.5,2.9000000000000004,107.1193618774414,12.0,,,0,12.0,15.100000000000001,0.30000000000000004
3,1,0.0,10.100000000000001,13.8,-0.9142145687516265,18.5,2.9000000000000004,107.6193618774414,12.0,,,0,12.0,15.100000000000001,0.30000000000000004
3,1,0.0,10.100000000000001,13.8,-0.9142145687516265,18.5,2.9000000000000004,108.1193618774414,12.0,,,0,12.0,15.100000000000001,0.30000000000000004
3,1,0.0,10.100000000000001,13.8,-0.9142145687516265,18.5,2.9000000000000004,108.6193618774414,12.0,,,0,12.0,15.100000000000001,0.30000000000000004
3,1,0.0,10.100000000000001,13.8,-0.9142145687516265,18.5,2.9000000000000004,109.1193618774414,12.0,,,0,12.0,15.100000000000001,0.30000000000000004
3,1,0.0,10.100000000000001,13.8,-0.9142145687516265,18.5,2.9000000000000004,109.6193618774414,12.0,,,0,12.0,15.100000000000001,0.30000000000000004
3,1,0.0,10.100000000000001,13.8,-0.9142145687516265,18.5,2.9000000000000004,110.1193618774414,12.0,,,0,12.0,15.100000000000001,0.30000000000000004
3,1,0.0,10.100000000000001,13.8,-0.9142145687516265,18.5,2.9000000000000004,110.6193618774414,12.0,,,0,12.0,15.100000000000001,0.30000000000000004
3,1,0.0,10.100000000000001,13.8,-0.9142145687516265,18.5,2.9000000000000004,111.1193618774414,12.0,,,0,12.0,15.100000000000001,0.30000000000000004
3,1,0.0,10.100000000000001,13.8,-0.9142145687516265,18.5,2.9000000000000004,111.6193618774414,12.0,,,0,12.0,15.100000000000001,0.30000000000000004
3,1,0.0,10.100000000000001,13.8,-0.9142145687516265,18.5,2.9000000000000004,112.1193618774414,0.0,,,0,12.0,15.100000000000001,0.30000000000000004
3,1,0.0,10.100000000000001,13.8,-0.9142145687516265,18.5,2.9000000000000004,112.6193618774414,12.0,,,0,12.0,15.100000000000001,0.30000000000000004
3,1,0.0,10.100000000000001,13.8,-0.9142145687516265,18.5,2.9000000000000004,113.1193618774414,0.0,,,0,12.0,15.100000000000001,0.30000000000000004
3,1,0.0,10.100000000000001,13.8,-0.9142145687516265,18.5,2.9000000000000004,113.6193618774414,11.795194625854492,5.370689392089844,24.614999771118164,1,11.803838729858398,15.100000000000001,0.30000000000000004
3,1,0.0,10.100000000000001,13.8,-0.9142145687516265,18.5,2.9000000000000004,114.1193618774414,11.564679145812988,5.370689392089844,24.36292839050293,1,11.573323249816895,15.100000000000001,0.30000000000000004
3,1,0.0,10.100000000000001,13.8,-0.9142145687516265,18.5,2.9000000000000004,114.6193618774414,11.343843460083008,5.370689392089844,24.120492935180664,1,11.352487564086914,15.100000000000001,0.30000000000000004
3,1,0.0,10.100000000000001,13.8,-0.9142145687516265,18.5,2.9000000000000004,115.1193618774414,0.0,,,0,11.140753746032715,15.100000000000001,0.30000000000000004
3,1,0.0,10.100000000000001,13.8,-0.9142145687516265,18.5,2.9000000000000004,115.6193618774414,0.0,,,0,10.937591552734375,15.100000000000001,0.30000000000000004
3,1,0.0,10.100000000000001,13.8,-0.9142145687516265,18.5,2.9000000000000004,116.1193618774414,10.733864784240723,5.370689392089844,23.445470809936523,1,10.742508888244629,15.100000000000001,0.30000000000000004
3,1,0.0,10.100000000000001,13.8,-0.9142145687516265,18.5,2.9000000000000004,116.6193618774414,10.546409606933594,5.370689392089844,23.236248016357422,1,10.5550537109375,15.100000000000001,0.30000000000000004
3,1,0.0,10.100000000000001,13.8,-0.9142145687516265,18.5,2.9000000000000004,117.1193618774414,10.366161346435547,5.370689392089844,23.03418731689453,1,10.374805450439453,15.100000000000001,0.30000000000000004
3,1,0.0,10.100000000000001,13.8,-0.9142145687516265,18.5,2.9000000000000004,117.6193618774414,10.192728996276855,5.370689392089844,22.838895797729492,1,10.201373100280762,15.100000000000001,0.30000000000000004
3,1,0.0,10.100000000000001,13.8,-0.9142145687516265,18.5,2.9000000000000004,118.1193618774414,10.025751113891602,5.370689392089844,22.65001106262207,1,10.034395217895508,15.100000000000001,0.30000000000000004
3,1,0.0,10.100000000000001,13.8,-0.9142145687516265,18.5,2.9000000000000004,118.6193618774414,9.86489200592041,5.370689392089844,22.467199325561523,1,9.873536109924316,15.100000000000001,0.30000000000000004
3,1,0.0,10.100000000000001,13.8,-0.9142145687516265,18.5,2.9000000000000004,119.1193618774414,9.709836959838867,5.370689392089844,22.29014015197754,1,9.718481063842773,15.100000000000001,0.30000000000000004
3,1,0.0,10.100000000000001,13.8,-0.9142145687516265,18.5,2.9000000000000004,119.6193618774414,9.560294151306152,5.370689392089844,22.118545532226562,1,9.568938255310059,15.100000000000001,0.30000000000000004
3,1,0.0,10.100000000000001,13.8,-0.9142145687516265,18.5,2.9000000000000004,120.1193618774414,9.415989875793457,5.370689392089844,21.952136993408203,1,9.424633979797363,15.100000000000001,0.30000000000000004
3,1,0.0,10.100000000000001,13.8,-0.9142145687516265,18.5,2.9000000000000004,120.6193618774414,9.276670455932617,5.370689392089844,21.79066276550293,1,9.285314559936523,15.100000000000001,0.30000000000000004
3,1,0.0,10.100000000000001,13.8,-0.9142145687516265,18.5,2.9000000000000004,121.1193618774414,9.142097473144531,5.370689392089844,21.633880615234375,1,9.150741577148438,15.100000000000001,0.30000000000000004
3,1,0.0,10.100000000000001,13.8,-0.9142145687516265,18.5,2.9000000000000004,121.6193618774414,9.012045860290527,5.370689392089844,21.4815673828125,1,9.020689964294434,15.100000000000001,0.30000000000000004
3,1,0.0,10.100000000000001,13.8,-0.9142145687516265,18.5,2.9000000000000004,122.1193618774414,8.886306762695312,5.370689392089844,21.33350944519043,1,8.894950866699219,15.100000000000001,0.30000000000000004
3,1,0.0,10.100000000000001,13.8,-0.9142145687516265,18.5,2.9000000000000004,122.6193618774414,8.764684677124023,5.370689392089844,21.18951416015625,1,8.77332878112793,15.100000000000001,0.30000000000000004
3,1,0.0,10.100000000000001,13.8,-0.9142145687516265,18.5,2.9000000000000004,123.1193618774414,8.646992683410645,5.370689392089844,21.04939079284668,1,8.65563678741455,15.100000000000001,0.30000000000000004
3,1,0.0,10.100000000000001,13.8,-0.9142145687516265,18.5,2.9000000000000004,123.6193618774414,8.533059120178223,5.370689392089844,20.912967681884766,1,8.541703224182129,15.100000000000001,0.30000000000000004
3,1,0.0,10.100000000000001,13.8,-0.9142145687516265,18.5,2.9000000000000004,124.1193618774414,8.422719955444336,5.370689392089844,20.780080795288086,1,8.431364059448242,15.100000000000001,0.30000000000000004
3,1,0.0,10.100000000000001,13.8,-0.9142145687516265,18.5,2.9000000000000004,124.6193618774414,0.0,,,0,12.0,15.100000000000001,0.30000000000000004
3,1,0.0,10.100000000000001,13.8,-0.9142145687516265,18.5,2.9000000000000004,125.1193618774414,12.0,,,0,12.0,15.100000000000001,0.30000000000000004
3,1,0.0,10.100000000000001,13.8,-0.9142145687516265,18.5,2.9000000000000004,125.6193618774414,12.0,,,0,12.0,15.100000000000001,0.30000000000000004
3,1,0.0,10.100000000000001,13.8,-0.9142145687516265,18.5,2.9000000000000004,126.1193618774414,12.0,,,0,12.0,15.100000000000001,0.30000000000000004
3,1,0.0,10.100000000000001,13.8,-0.9142145687516265,18.5,2.9000000000000004,126.6193618774414,12.0,,,0,12.0,15.100000000000001,0.30000000000000004
3,1,0.0,10.100000000000001,13.8,-0.9142145687516265,18.5,2.9000000000000004,127.1193618774414,7.82811975479126,5.370689392089844,20.048879623413086,1,7.836763858795166,15.100000000000001,0.30000000000000004
3,2,0.0,18.5,2.9000000000000004,-2.4887460224890186,15.100000000000001,0.30000000000000004,37.405357360839844,4.582423210144043,22.17068862915039,5.706997871398926,1,4.620952129364014,15.100000000000001,0.30000000000000004
3,2,0.0,18.5,2.9000000000000004,-2.4887460224890186,15.100000000000001,0.30000000000000004,37.905357360839844,4.613645076751709,22.17068862915039,5.7581048011779785,1,4.65217399597168,15.100000000000001,0.30000000000000004
3,2,0.0,18.5,2.9000000000000004,-2.4887460224890186,15.100000000000001,0.30000000000000004,38.405357360839844,4.629696846008301,22.158185958862305,5.800000190734863,1,4.6682257652282715,15.100000000000001,0.30000000000000004
3,2,0.0,18.5,2.9000000000000004,-2.4887460224890186,15.100000000000001,0.30000000000000004,38.905357360839844,4.579041957855225,22.09332275390625,5.800000190734863,1,4.617570877075195,15.100000000000001,0.30000000000000004
3,2,0.0,18.5,2.9000000000000004,-2.4887460224890186,15.100000000000001,0.30000000000000004,39.405357360839844,4.529819488525391,22.029844284057617,5.800000190734863,1,4.568348407745361,15.100000000000001,0.30000000000000004
3,2,0.0,18.5,2.9000000000000004,-2.4887460224890186,15.100000000000001,0.30000000000000004,39.905357360839844,4.481975555419922,21.967702865600586,5.800000190734863,1,4.520504474639893,15.100000000000001,0.30000000000000004
3,2,0.0,18.5,2.9000000000000004,-2.4887460224890186,15.100000000000001,0.30000000000000004,40.405357360839844,4.435460567474365,21.906843185424805,5.800000190734863,1,4.473989486694336,15.100000000000001,0.30000000000000004
3,2,0.0,18.5,2.9000000000000004,-2.4887460224890186,15.100000000000001,0.30000000000000004,40.905357360839844,4.3902268409729,21.847219467163086,5.800000190734863,1,4.428755760192871,15.100000000000001,0.30000000000000004
3,2,0.0,18.5,2.9000000000000004,-2.4887460224890186,15.100000000000001,0.30000000000000004,41.405357360839844,4.346229076385498,21.78878402709961,5.800000190734863,1,4.384757995605469,15.100000000000001,0.30000000000000004
3,2,0.0,18.5,2.9000000000000004,-2.4887460224890186,15.100000000000001,0.30000000000000004,41.905357360839844,4.30342435836792,21.731494903564453,5.800000190734863,1,4.341953277587891,15.100000000000001,0.30000000000000004
3,2,0.0,18.5,2.9000000000000004,-2.4887460224890186,15.100000000000001,0.30000000000000004,42.405357360839844,4.261772155761719,21.675308227539062,5.800000190734863,1,4.3003010749816895,15.100000000000001,0.30000000000000004
3,2,0.0,18.5,2.9000000000000004,-2.4887460224890186,15.100000000000001,0.30000000000000004,42.905357360839844,4.2212324142456055,21.62018585205078,5.800000190734863,1,4.259761333465576,15.100000000000001,0.30000000000000004
3,2,0.0,18.5,2.9000000000000004,-2.4887460224890186,15.100000000000001,0.30000000000000004,43.405357360839844,4.18176794052124,21.566089630126953,5.800000190734863,1,4.220296859741211,15.100000000000001,0.30000000000000004
3,2,0.0,18.5,2.9000000000000004,-2.4887460224890186,15.100000000000001,0.30000000000000004,43.905357360839844,4.143343925476074,21.512981414794922,5.800000190734863,1,4.181872844696045,15.100000000000001,0.30000000000000004
3,2,0.0,18.5,2.9000000000000004,-2.4887460224890186,15.100000000000001,0.30000000000000004,44.405357360839844,4.105926036834717,21.46082878112793,5.800000190734863,1,4.1444549560546875,15.100000000000001,0.30000000000000004
3,2,0.0,18.5,2.9000000000000004,-2.4887460224890186,15.100000000000001,0.30000000000000004,44.905357360839844,4.06948184967041,21.409597396850586,5.800000190734863,1,4.108010768890381,15.100000000000001,0.30000000000000004
3,2,0.0,18.5,2.9000000000000004,-2.4887460224890186,15.100000000000001,0.30000000000000004,45.405357360839844,4.033980369567871,21.3592529296875,5.800000190734863,1,4.072509288787842,15.100000000000001,0.30000000000000004
3,2,0.0,18.5,2.9000000000000004,-2.4887460224890186,15.100000000000001,0.30000000000000004,45.905357360839844,3.999392032623291,21.309770584106445,5.800000190734863,1,4.037920951843262,15.100000000000001,0.30000000000000004
3,2,0.0,18.5,2.9000000000000004,-2.4887460224890186,15.100000000000001,0.30000000000000004,46.405357360839844,3.965688705444336,21.26111602783203,5.800000190734863,1,4.004217624664307,15.100000000000001,0.30000000000000004
3,2,0.0,18.5,2.9000000000000004,-2.4887460224890186,15.100000000000001,0.30000000000000004,46.905357360839844,3.9328434467315674,21.2132625579834,5.800000190734863,1,3.971372365951538,15.100000000000001,0.30000000000000004
3,2,0.0,18.5,2.9000000000000004,-2.4887460224890186,15.100000000000001,0.30000000000000004,47.405357360839844,3.900830030441284,21.166187286376953,5.800000190734863,1,3.939358949661255,15.100000000000001,0.30000000000000004
3,2,0.0,18.5,2.9000000000000004,-2.4887460224890186,15.100000000000001,0.30000000000000004,47.905357360839844,3.869623899459839,21.119857788085938,5.800000190734863,1,3.9081528186798096,15.100000000000001,0.30000000000000004
3,2,0.0,18.5,2.9000000000000004,-2.4887460224890186,15.100000000000001,0.30000000000000004,48.405357360839844,3.8392014503479004,21.074254989624023,5.800000190734863,1,3.877730369567871,15.100000000000001,0.30000000000000004
3,2,0.0,18.5,2.9000000000000004,-2.4887460224890186,15.100000000000001,0.30000000000000004,48.905357360839844,3.809539556503296,21.029354095458984,5.800000190734863,1,3.8480684757232666,15.100000000000001,0.30000000000000004
3,2,0.0,18.5,2.9000000000000004,-2.4887460224890186,15.100000000000001,0.30000000000000004,49.405357360839844,0.0,,,0,3.819145679473877,15.100000000000001,0.30000000000000004
3,2,0.0,18.5,2.9000000000000004,-2.4887460224890186,15.100000000000001,0.30000000000000004,49.905357360839844,3.7524118423461914,20.94156265258789,5.800000190734863,1,3.790940761566162,15.100000000000001,0.30000000000000004
3,2,0.0,18.5,2.9000000000000004,-2.4887460224890186,15.100000000000001,0.30000000000000004,50.405357360839844,3.724905014038086,20.898632049560547,5.800000190734863,1,3.7634339332580566,15.100000000000001,0.30000000000000004
3,2,0.0,18.5,2.9000000000000004,-2.4887460224890186,15.100000000000001,0.30000000000000004,50.905357360839844,3.6980772018432617,20.85631561279297,5.800000190734863,1,3.7366061210632324,15.100000000000001,0.30000000000000004
3,2,0.0,18.5,2.9000000000000004,-2.4887460224890186,15.100000000000001,0.30000000000000004,51.405357360839844,3.6719095706939697,20.81459617614746,5.800000190734863,1,3.7104384899139404,15.100000000000001,0.30000000000000004
3,2,0.0,18.5,2.9000000000000004,-2.4887460224890186,15.100000000000001,0.30000000000000004,51.905357360839844,3.6463844776153564,20.773452758789062,5.800000190734863,1,3.684913396835327,15.100000000000001,0.30000000000000004
3,2,0.0,18.5,2.9000000000000004,-2.4887460224890186,15.100000000000001,0.30000000000000004,52.405357360839844,0.0,,,0,3.6600141525268555,15.100000000000001,0.30000000000000004
3,2,0.0,18.5,2.9000000000000004,-2.4887460224890186,15.100000000000001,0.30000000000000004,52.905357360839844,3.5971949100494385,20.692827224731445,5.800000190734863,1,3.635723829269409,15.100000000000001,0.30000000000000004
3,2,0.0,18.5,2.9000000000000004,-2.4887460224890186,15.100000000000001,0.30000000000000004,53.405357360839844,3.573498487472534,20.653308868408203,5.800000190734863,1,3.612027406692505,15.100000000000001,0.30000000000000004
3,2,0.0,18.5,2.9000000000000004,-2.4887460224890186,15.100000000000001,0.30000000000000004,53.905357360839844,0.0,,,0,3.588909149169922,15.100000000000001,0.30000000000000004
3,2,0.0,18.5,2.9000000000000004,-2.4887460224890186,15.100000000000001,0.30000000000000004,54.405357360839844,3.5278260707855225,20.575786590576172,5.800000190734863,1,3.566354990005493,15.100000000000001,0.30000000000000004
3,2,0.0,18.5,2.9000000000000004,-2.4887460224890186,15.100000000000001,0.30000000000000004,54.905357360839844,3.505821704864502,20.537748336791992,5.800000190734863,1,3.5443506240844727,15.100000000000001,0.30000000000000004
3,2,0.0,18.5,2.9000000000000004,-2.4887460224890186,15.100000000000001,0.30000000000000004,55.405357360839844,3.484354019165039,20.50017547607422,5.800000190734863,1,3.5228829383850098,15.100000000000001,0.30000000000000004
3,2,0.0,18.5,2.9000000000000004,-2.4887460224890186,15.100000000000001,0.30000000000000004,55.905357360839844,3.463409662246704,20.46305274963379,5.800000190734863,1,3.501938581466675,15.100000000000001,0.30000000000000004
3,2,0.0,18.5,2.9000000000000004,-2.4887460224890186,15.100000000000001,0.30000000000000004,56.405357360839844,3.442976474761963,20.42636489868164,5.800000190734863,1,3.4815053939819336,15.100000000000001,0.30000000000000004
3,2,0.0,18.5,2.9000000000000004,-2.4887460224890186,15.100000000000001,0.30000000000000004,56.905357360839844,3.4230425357818604,20.390100479125977,5.800000190734863,1,3.461571455001831,15.100000000000001,0.30000000000000004
3,2,0.0,18.5,2.9000000000000004,-2.4887460224890186,15.100000000000001,0.30000000000000004,57.405357360839844,3.4035964012145996,20.354246139526367,5.800000190734863,1,3.4421253204345703,15.100000000000001,0.30000000000000004
3,2,0.0,18.5,2.9000000000000004,-2.4887460224890186,15.100000000000001,0.30000000000000004,57.905357360839844,3.3846263885498047,20.318788528442383,5.800000190734863,1,3.4231553077697754,15.100000000000001,0.30000000000000004
3,2,0.0,18.5,2.9000000000000004,-2.4887460224890186,15.100000000000001,0.30000000000000004,58.405357360839844,3.3661224842071533,20.28371810913086,5.800000190734863,1,3.404651403427124,15.100000000000001,0.30000000000000004
3,2,0.0,18.5,2.9000000000000004,-2.4887460224890186,15.100000000000001,0.30000000000000004,58.905357360839844,3.348073720932007,20.249021530151367,5.800000190734863,1,3.3866026401519775,15.100000000000001,0.30000000000000004
3,2,0.0,18.5,2.9000000000000004,-2.4887460224890186,15.100000000000001,0.30000000000000004,59.405357360839844,3.3304708003997803,20.214689254760742,5.800000190734863,1,3.368999719619751,15.100000000000001,0.30000000000000004
3,2,0.0,18.5,2.9000000000000004,-2.4887460224890186,15.100000000000001,0.30000000000000004,59.905357360839844,3.3133037090301514,20.180709838867188,5.800000190734863,1,3.351832628250122,15.100000000000001,0.30000000000000004
3,2,0.0,18.5,2.9000000000000004,-2.4887460224890186,15.100000000000001,0.30000000000000004,60.405357360839844,0.0,,,0,3.335092544555664,15.100000000000001,0.30000000000000004
3,2,0.0,18.5,2.9000000000000004,-2.4887460224890186,15.100000000000001,0.30000000000000004,60.905357360839844,3.2802412509918213,20.1137638092041,5.800000190734863,1,3.318770170211792,15.100000000000001,0.30000000000000004
3,2,0.0,18.5,2.9000000000000004,-2.4887460224890186,15.100000000000001,0.30000000000000004,61.405357360839844,3.2643280029296875,20.080780029296875,5.800000190734863,1,3.302856922149658,15.100000000000001,0.30000000000000004
3,2,0.0,18.5,2.9000000000000004,-2.4887460224890186,15.100000000000001,0.30000000000000004,61.905357360839844,3.2488160133361816,20.048107147216797,5.800000190734863,1,3.2873449325561523,15.100000000000001,0.30000000000000004
3,2,0.0,18.5,2.9000000000000004,-2.4887460224890186,15.100000000000001,0.30000000000000004,62.405357360839844,3.233696937561035,20.015737533569336,5.800000190734863,1,3.272225856781006,15.100000000000001,0.30000000000000004
3,2,0.0,18.5,2.9000000000000004,-2.4887460224890186,15.100000000000001,0.30000000000000004,62.905357360839844,3.218963384628296,19.98366355895996,5.800000190734863,1,3.2574923038482666,15.100000000000001,0.30000000000000004
3,2,0.0,18.5,2.9000000000000004,-2.4887460224890186,15.100000000000001,0.30000000000000004,63.405357360839844,3.2046074867248535,19.951871871948242,5.800000190734863,1,3.243136405944824,15.100000000000001,0.30000000000000004
3,2,0.0,18.5,2.9000000000000004,-2.4887460224890186,15.100000000000001,0.30000000000000004,63.905357360839844,3.1906228065490723,19.920358657836914,5.800000190734863,1,3.229151725769043,15.100000000000001,0.30000000000000004
3,2,0.0,18.5,2.9000000000000004,-2.4887460224890186,15.100000000000001,0.30000000000000004,64.40535736083984,0.0,,,0,12.0,15.100000000000001,0.30000000000000004
3,2,0.0,18.5,2.9000000000000004,-2.4887460224890186,15.100000000000001,0.30000000000000004,64.90535736083984,12.0,,,0,12.0,15.100000000000001,0.30000000000000004
3,2,0.0,18.5,2.9000000000000004,-2.4887460224890186,15.100000000000001,0.30000000000000004,65.40535736083984,12.0,,,0,12.0,15.100000000000001,0.30000000000000004
3,2,0.0,18.5,2.9000000000000004,-2.4887460224890186,15.100000000000001,0.30000000000000004,65.90535736083984,12.0,,,0,12.0,15.100000000000001,0.30000000000000004
3,2,0.0,18.5,2.9000000000000004,-2.4887460224890186,15.100000000000001,0.30000000000000004,66.40535736083984,0.0,,,0,12.0,15.100000000000001,0.30000000000000004
3,2,0.0,18.5,2.9000000000000004,-2.4887460224890186,15.100000000000001,0.30000000000000004,66.90535736083984,12.0,,,0,12.0,15.100000000000001,0.30000000000000004
3,2,0.0,18.5,2.9000000000000004,-2.4887460224890186,15.100000000000001,0.30000000000000004,67.40535736083984,12.0,,,0,12.0,15.100000000000001,0.30000000000000004
3,2,0.0,18.5,2.9000000000000004,-2.4887460224890186,15.100000000000001,0.30000000000000004,67.90535736083984,12.0,,,0,12.0,15.100000000000001,0.30000000000000004
3,2,0.0,18.5,2.9000000000000004,-2.4887460224890186,15.100000000000001,0.30000000000000004,68.40535736083984,12.0,,,0,12.0,15.100000000000001,0.30000000000000004
3,2,0.0,18.5,2.9000000000000004,-2.4887460224890186,15.100000000000001,0.30000000000000004,68.90535736083984,12.0,,,0,12.0,15.100000000000001,0.30000000000000004
3,2,0.0,18.5,2.9000000000000004,-2.4887460224890186,15.100000000000001,0.30000000000000004,69.40535736083984,0.0,,,0,12.0,15.100000000000001,0.30000000000000004
3,2,0.0,18.5,2.9000000000000004,-2.4887460224890186,15.100000000000001,0.30000000000000004,69.90535736083984,0.0,,,0,12.0,15.100000000000001,0.30000000000000004
3,2,0.0,18.5,2.9000000000000004,-2.4887460224890186,15.100000000000001,0.30000000000000004,70.40535736083984,12.0,,,0,12.0,15.100000000000001,0.30000000000000004
3,2,0.0,18.5,2.9000000000000004,-2.4887460224890186,15.100000000000001,0.30000000000000004,70.90535736083984,12.0,,,0,12.0,15.100000000000001,0.30000000000000004
3,2,0.0,18.5,2.9000000000000004,-2.4887460224890186,15.100000000000001,0.30000000000000004,71.40535736083984,12.0,,,0,12.0,15.100000000000001,0.30000000000000004
3,2,0.0,18.5,2.9000000000000004,-2.4887460224890186,15.100000000000001,0.30000000000000004,71.90535736083984,12.0,,,0,12.0,15.100000000000001,0.30000000000000004
3,2,0.0,18.5,2.9000000000000004,-2.4887460224890186,15.100000000000001,0.30000000000000004,72.40535736083984,12.0,,,0,12.0,15.100000000000001,0.30000000000000004
3,2,0.0,18.5,2.9000000000000004,-2.4887460224890186,15.100000000000001,0.30000000000000004,72.90535736083984,0.0,,,0,12.0,15.100000000000001,0.30000000000000004
3,2,0.0,18.5,2.9000000000000004,-2.4887460224890186,15.100000000000001,0.30000000000000004,73.40535736083984,0.0,,,0,12.0,15.100000000000001,0.30000000000000004
3,2,0.0,18.5,2.9000000000000004,-2.4887460224890186,15.100000000000001,0.30000000000000004,73.90535736083984,12.0,,,0,12.0,15.100000000000001,0.30000000000000004
3,2,0.0,18.5,2.9000000000000004,-2.4887460224890186,15.100000000000001,0.30000000000000004,74.40535736083984,12.0,,,0,12.0,15.100000000000001,0.30000000000000004
3,2,0.0,18.5,2.9000000000000004,-2.4887460224890186,15.100000000000001,0.30000000000000004,74.90535736083984,2.9651055335998535,19.282188415527344,5.800000190734863,1,3.003634452819824,15.100000000000001,0.30000000000000004
3,2,0.0,18.5,2.9000000000000004,-2.4887460224890186,15.100000000000001,0.30000000000000004,75.40535736083984,2.9581663608551025,19.255104064941406,5.800000190734863,1,2.9966952800750732,15.100000000000001,0.30000000000000004
3,2,0.0,18.5,2.9000000000000004,-2.4887460224890186,15.100000000000001,0.30000000000000004,75.90535736083984,2.951486110687256,19.22814178466797,5.800000190734863,1,2.9900150299072266,15.100000000000001,0.30000000000000004
3,2,0.0,18.5,2.9000000000000004,-2.4887460224890186,15.100000000000001,0.30000000000000004,76.40535736083984,2.9450623989105225,19.201297760009766,5.800000190734863,1,2.983591318130493,15.100000000000001,0.30000000000000004
3,2,0.0,18.5,2.9000000000000004,-2.4887460224890186,15.100000000000001,0.30000000000000004,76.90535736083984,2.9388926029205322,19.1745662689209,5.800000190734863,1,2.977421522140503,15.100000000000001,0.30000000000000004
3,2,0.0,18.5,2.9000000000000004,-2.4887460224890186,15.100000000000001,0.30000000000000004,77.40535736083984,2.932973861694336,19.14794158935547,5.800000190734863,1,2.9715027809143066,15.100000000000001,0.30000000000000004
3,2,0.0,18.5,2.9000000000000004,-2.4887460224890186,15.100000000000001,0.30000000000000004,77.90535736083984,2.927304267883301,19.121421813964844,5.800000190734863,1,2.9658331871032715,15.100000000000001,0.30000000000000004
3,2,0.0,18.5,2.9000000000000004,-2.4887460224890186,15.100000000000001,0.30000000000000004,78.40535736083984,2.9218809604644775,19.095001220703125,5.800000190734863,1,2.9604098796844482,15.100000000000001,0.30000000000000004
3,2,0.0,18.5,2.9000000000000004,-2.4887460224890186,15.100000000000001,0.30000000000000004,78.90535736083984,2.9167025089263916,19.068675994873047,5.800000190734863,1,2.9552314281463623,15.100000000000001,0.30000000000000004
3,2,0.0,18.5,2.9000000000000004,-2.4887460224890186,15.100000000000001,0.30000000000000004,79.40535736083984,2.9117660522460938,19.04244041442871,5.800000190734863,1,2.9502949714660645,15.100000000000001,0.30000000000000004
3,2,0.0,18.5,2.9000000000000004,-2.4887460224890186,15.100000000000001,0.30000000000000004,79.90535736083984,2.9070701599121094,19.01628875732422,5.800000190734863,1,2.94559907913208,15.100000000000001,0.30000000000000004
3,2,0.0,18.5,2.9000000000000004,-2.4887460224890186,15.100000000000001,0.30000000000000004,80.40535736083984,2.9026129245758057,18.990219116210938,5.800000190734863,1,2.9411418437957764,15.100000000000001,0.30000000000000004
3,2,0.0,18.5,2.9000000000000004,-2.4887460224890186,15.100000000000001,0.30000000000000004,80.90535736083984,2.89839243888855,18.96422576904297,5.800000190734863,1,2.9369213581085205,15.100000000000001,0.30000000000000004
3,2,0.0,18.5,2.9000000000000004,-2.4887460224890186,15.100000000000001,0.30000000000000004,81.40535736083984,2.894406795501709,18.93830680847168,5.800000190734863,1,2.9329357147216797,15.100000000000001,0.30000000000000004
3,2,0.0,18.5,2.9000000000000004,-2.4887460224890186,15.100000000000001,0.30000000000000004,81.90535736083984,2.890655040740967,18.91245460510254,5.800000190734863,1,2.9291839599609375,15.100000000000001,0.30000000000000004
3,2,0.0,18.5,2.9000000000000004,-2.4887460224890186,15.100000000000001,0.30000000000000004,82.40535736083984,2.8871352672576904,18.886667251586914,5.800000190734863,1,2.925664186477661,15.100000000000001,0.30000000000000004
3,2,0.0,18.5,2.9000000000000004,-2.4887460224890186,15.100000000000001,0.30000000000000004,82.90535736083984,2.8838462829589844,18.860939025878906,5.800000190734863,1,2.922375202178955,15.100000000000001,0.30000000000000004
3,2,0.0,18.5,2.9000000000000004,-2.4887460224890186,15.100000000000001,0.30000000000000004,83.40535736083984,2.880786657333374,18.83526611328125,5.800000190734863,1,2.9193155765533447,15.100000000000001,0.30000000000000004
3,2,0.0,18.5,2.9000000000000004,-2.4887460224890186,15.100000000000001,0.30000000000000004,83.90535736083984,2.877955436706543,18.809646606445312,5.800000190734863,1,2.9164843559265137,15.100000000000001,0.30000000000000004
3,2,0.0,18.5,2.9000000000000004,-2.4887460224890186,15.100000000000001,0.30000000000000004,84.40535736083984,2.8753511905670166,18.784072875976562,5.800000190734863,1,2.9138801097869873,15.100000000000001,0.30000000000000004
3,2,0.0,18.5,2.9000000000000004,-2.4887460224890186,15.100000000000001,0.30000000000000004,84.90535736083984,2.8729734420776367,18.758544921875,5.800000190734863,1,2.9115023612976074,15.100000000000001,0.30000000000000004
3,2,0.0,18.5,2.9000000000000004,-2.4887460224890186,15.100000000000001,0.30000000000000004,85.40535736083984,2.8708207607269287,18.733055114746094,5.800000190734863,1,2.9093496799468994,15.100000000000001,0.30000000000000004
3,2,0.0,18.5,2.9000000000000004,-2.4887460224890186,15.100000000000001,0.30000000000000004,85.90535736083984,0.0,,,0,2.907421350479126,15.100000000000001,0.30000000000000004
3,2,0.0,18.5,2.9000000000000004,-2.4887460224890186,15.100000000000001,0.30000000000000004,86.40535736083984,2.867187738418579,18.682180404663086,5.800000190734863,1,2.90571665763855,15.100000000000001,0.30000000000000004
3,2,0.0,18.5,2.9000000000000004,-2.4887460224890186,15.100000000000001,0.30000000000000004,86.90535736083984,2.865706205368042,18.65678596496582,5.800000190734863,1,2.9042351245880127,15.100000000000001,0.30000000000000004
3,2,0.0,18.5,2.9000000000000004,-2.4887460224890186,15.100000000000001,0.30000000000000004,87.40535736083984,0.0,,,0,2.9029760360717773,15.100000000000001,0.30000000000000004
3,2,0.0,18.5,2.9000000000000004,-2.4887460224890186,15.100000000000001,0.30000000000000004,87.90535736083984,2.863409996032715,18.60606575012207,5.800000190734863,1,2.9019389152526855,15.100000000000001,0.30000000000000004
3,2,0.0,18.5,2.9000000000000004,-2.4887460224890186,15.100000000000001,0.30000000000000004,88.40535736083984,2.8625946044921875,18.580732345581055,5.800000190734863,1,2.901123523712158,15.100000000000001,0.30000000000000004
3,2,0.0,18.5,2.9000000000000004,-2.4887460224890186,15.100000000000001,0.30000000000000004,88.90535736083984,2.8620004653930664,18.55541229248047,5.800000190734863,1,2.900529384613037,15.100000000000001,0.30000000000000004
3,2,0.0,18.5,2.9000000000000004,-2.4887460224890186,15.100000000000001,0.30000000000000004,89.40535736083984,2.8616273403167725,18.53009796142578,5.800000190734863,1,2.900156259536743,15.100000000000001,0.30000000000000004
3,2,0.0,18.5,2.9000000000000004,-2.4887460224890186,15.100000000000001,0.30000000000000004,89.90535736083984,2.8614749908447266,18.504791259765625,5.800000190734863,1,2.9000039100646973,15.100000000000001,0.30000000000000004
3,2,0.0,18.5,2.9000000000000004,-2.4887460224890186,15.100000000000001,0.30000000000000004,90.40535736083984,2.861543655395508,18.479482650756836,5.800000190734863,1,2.9000725746154785,15.100000000000001,0.30000000000000004
3,2,0.0,18.5,2.9000000000000004,-2.4887460224890186,15.100000000000001,0.30000000000000004,90.90535736083984,2.861833095550537,18.454172134399414,5.800000190734863,1,2.900362014770508,15.100000000000001,0.30000000000000004
3,2,0.0,18.5,2.9000000000000004,-2.4887460224890186,15.100000000000001,0.30000000000000004,91.40535736083984,2.8623435497283936,18.42885398864746,5.800000190734863,1,2.9008724689483643,15.100000000000001,0.30000000000000004
3,2,0.0,18.5,2.9000000000000004,-2.4887460224890186,15.100000000000001,0.30000000000000004,91.90535736083984,2.8630752563476562,18.403526306152344,5.800000190734863,1,2.901604175567627,15.100000000000001,0.30000000000000004
3,2,0.0,18.5,2.9000000000000004,-2.4887460224890186,15.100000000000001,0.30000000000000004,92.40535736083984,2.8640284538269043,18.37818145751953,5.800000190734863,1,2.902557373046875,15.100000000000001,0.30000000000000004
3,2,0.0,18.5,2.9000000000000004,-2.4887460224890186,15.100000000000001,0.30000000000000004,92.90535736083984,2.865203380584717,18.352821350097656,5.800000190734863,1,2.9037322998046875,15.100000000000001,0.30000000000000004
3,2,0.0,18.5,2.9000000000000004,-2.4887460224890186,15.100000000000001,0.30000000000000004,93.40535736083984,2.866600751876831,18.327436447143555,5.800000190734863,1,2.9051296710968018,15.100000000000001,0.30000000000000004
3,2,0.0,18.5,2.9000000000000004,-2.4887460224890186,15.100000000000001,0.30000000000000004,93.90535736083984,2.868220806121826,18.302024841308594,5.800000190734863,1,2.906749725341797,15.100000000000001,0.30000000000000004
3,2,0.0,18.5,2.9000000000000004,-2.4887460224890186,15.100000000000001,0.30000000000000004,94.40535736083984,2.8700642585754395,18.27658462524414,5.800000190734863,1,2.90859317779541,15.100000000000001,0.30000000000000004
3,2,0.0,18.5,2.9000000000000004,-2.4887460224890186,15.100000000000001,0.30000000000000004,94.90535736083984,0.0,,,0,2.910660743713379,15.100000000000001,0.30000000000000004
3,2,0.0,18.5,2.9000000000000004,-2.4887460224890186,15.100000000000001,0.30000000000000004,95.40535736083984,2.874424457550049,18.225595474243164,5.800000190734863,1,2.9129533767700195,15.100000000000001,0.30000000000000004
3,2,0.0,18.5,2.9000000000000004,-2.4887460224890186,15.100000000000001,0.30000000000000004,95.90535736083984,2.8769428730010986,18.200040817260742,5.800000190734863,1,2.9154717922210693,15.100000000000001,0.30000000000000004
3,2,0.0,18.5,2.9000000000000004,-2.4887460224890186,15.100000000000001,0.30000000000000004,96.40535736083984,2.879688024520874,18.1744384765625,5.800000190734863,1,2.9182169437408447,15.100000000000001,0.30000000000000004
3,2,0.0,18.5,2.9000000000000004,-2.4887460224890186,15.100000000000001,0.30000000000000004,96.90535736083984,2.8826611042022705,18.148786544799805,5.800000190734863,1,2.921190023422241,15.100000000000001,0.30000000000000004
3,2,0.0,18.5,2.9000000000000004,-2.4887460224890186,15.100000000000001,0.30000000000000004,97.40535736083984,2.8858630657196045,18.123079299926758,5.800000190734863,1,2.924391984939575,15.100000000000001,0.30000000000000004
3,2,0.0,18.5,2.9000000000000004,-2.4887460224890186,15.100000000000001,0.30000000000000004,97.90535736083984,2.8892953395843506,18.097314834594727,5.800000190734863,1,2.9278242588043213,15.100000000000001,0.30000000000000004
3,2,0.0,18.5,2.9000000000000004,-2.4887460224890186,15.100000000000001,0.30000000000000004,98.40535736083984,2.8929591178894043,18.071487426757812,5.800000190734863,1,2.931488037109375,15.100000000000001,0.30000000000000004
3,2,0.0,18.5,2.9000000000000004,-2.4887460224890186,15.100000000000001,0.30000000000000004,98.90535736083984,2.8968560695648193,18.045595169067383,5.800000190734863,1,2.93538498878479,15.100000000000001,0.30000000000000004
3,2,0.0,18.5,2.9000000000000004,-2.4887460224890186,15.100000000000001,0.30000000000000004,99.40535736083984,2.900987386703491,18.019630432128906,5.800000190734863,1,2.939516305923462,15.100000000000001,0.30000000000000004
3,2,0.0,18.5,2.9000000000000004,-2.4887460224890186,15.100000000000001,0.30000000000000004,99.90535736083984,0.0,,,0,2.9438836574554443,15.100000000000001,0.30000000000000004
3,2,0.0,18.5,2.9000000000000004,-2.4887460224890186,15.100000000000001,0.30000000000000004,100.40535736083984,0.0,,,0,2.948489189147949,15.100000000000001,0.30000000000000004
3,2,0.0,18.5,2.9000000000000004,-2.4887460224890186,15.100000000000001,0.30000000000000004,100.90535736083984,2.9148051738739014,17.941267013549805,5.800000190734863,1,2.953334093093872,15.100000000000001,0.30000000000000004
3,2,0.0,18.5,2.9000000000000004,-2.4887460224890186,15.100000000000001,0.30000000000000004,101.40535736083984,2.919891834259033,17.914976119995117,5.800000190734863,1,2.958420753479004,15.100000000000001,0.30000000000000004
3,2,0.0,18.5,2.9000000000000004,-2.4887460224890186,15.100000000000001,0.30000000000000004,101.90535736083984,2.925222158432007,17.888591766357422,5.800000190734863,1,2.9637510776519775,15.100000000000001,0.30000000000000004
3,2,0.0,18.5,2.9000000000000004,-2.4887460224890186,15.100000000000001,0.30000000000000004,102.40535736083984,2.930798292160034,17.862110137939453,5.800000190734863,1,2.969327211380005,15.100000000000001,0.30000000000000004
3,2,0.0,18.5,2.9000000000000004,-2.4887460224890186,15.100000000000001,0.30000000000000004,102.90535736083984,2.936622381210327,17.835525512695312,5.800000190734863,1,2.975151300430298,15.100000000000001,0.30000000000000004
3,2,0.0,18.5,2.9000000000000004,-2.4887460224890186,15.100000000000001,0.30000000000000004,103.40535736083984,2.942697048187256,17.808835983276367,5.800000190734863,1,2.9812259674072266,15.100000000000001,0.30000000000000004
3,2,0.0,18.5,2.9000000000000004,-2.4887460224890186,15.100000000000001,0.30000000000000004,103.90535736083984,0.0,,,0,2.987553119659424,15.100000000000001,0.30000000000000004
3,2,0.0,18.5,2.9000000000000004,-2.4887460224890186,15.100000000000001,0.30000000000000004,104.40535736083984,2.9556069374084473,17.755117416381836,5.800000190734863,1,2.994135856628418,15.100000000000001,0.30000000000000004
3,2,0.0,18.5,2.9000000000000004,-2.4887460224890186,15.100000000000001,0.30000000000000004,104.90535736083984,2.9624478816986084,17.728078842163086,5.800000190734863,1,3.000976800918579,15.100000000000001,0.30000000000000004
3,2,0.0,18.5,2.9000000000000004,-2.4887460224890186,15.100000000000001,0.30000000000000004,105.40535736083984,2.9695496559143066,17.70091438293457,5.800000190734863,1,3.0080785751342773,15.100000000000001,0.30000000000000004
3,2,0.0,18.5,2.9000000000000004,-2.4887460224890186,15.100000000000001,0.30000000000000004,105.90535736083984,2.9769153594970703,17.673620223999023,5.800000190734863,1,3.015444278717041,15.100000000000001,0.30000000000000004
3,2,0.0,18.5,2.9000000000000004,-2.4887460224890186,15.100000000000001,0.30000000000000004,106.40535736083984,2.9845478534698486,17.646188735961914,5.800000190734863,1,3.0230767726898193,15.100000000000001,0.30000000000000004
3,2,0.0,18.5,2.9000000000000004,-2.4887460224890186,15.100000000000001,0.30000000000000004,106.90535736083984,0.0,,,0,3.030979633331299,15.100000000000001,0.30000000000000004
3,2,0.0,18.5,2.9000000000000004,-2.4887460224890186,15.100000000000001,0.30000000000000004,107.40535736083984,3.000626802444458,17.590896606445312,5.800000190734863,1,3.0391557216644287,15.100000000000001,0.30000000000000004
3,2,0.0,18.5,2.9000000000000004,-2.4887460224890186,15.100000000000001,0.30000000000000004,107.90535736083984,3.009079933166504,17.563026428222656,5.800000190734863,1,3.0476088523864746,15.100000000000001,0.30000000000000004
3,2,0.0,18.5,2.9000000000000004,-2.4887460224890186,15.100000000000001,0.30000000000000004,108.40535736083984,3.0178136825561523,17.534997940063477,5.800000190734863,1,3.056342601776123,15.100000000000001,0.30000000000000004
3,2,0.0,18.5,2.9000000000000004,-2.4887460224890186,15.100000000000001,0.30000000000000004,108.90535736083984,3.02683162689209,17.506805419921875,5.800000190734863,1,3.0653605461120605,15.100000000000001,0.30000000000000004
3,2,0.0,18.5,2.9000000000000004,-2.4887460224890186,15.100000000000001,0.30000000000000004,109.40535736083984,3.0361380577087402,17.478443145751953,5.800000190734863,1,3.074666976928711,15.100000000000001,0.30000000000000004
3,2,0.0,18.5,2.9000000000000004,-2.4887460224890186,15.100000000000001,0.30000000000000004,109.90535736083984,3.04573655128479,17.449907302856445,5.800000190734863,1,3.0842654705047607,15.100000000000001,0.30000000000000004
3,2,0.0,18.5,2.9000000000000004,-2.4887460224890186,15.100000000000001,0.30000000000000004,110.40535736083984,3.055631399154663,17.42119026184082,5.800000190734863,1,3.094160318374634,15.100000000000001,0.30000000000000004
3,2,0.0,18.5,2.9000000000000004,-2.4887460224890186,15.100000000000001,0.30000000000000004,110.90535736083984,3.0658273696899414,17.39228630065918,5.800000190734863,1,3.104356288909912,15.100000000000001,0.30000000000000004
3,2,0.0,18.5,2.9000000000000004,-2.4887460224890186,15.100000000000001,0.30000000000000004,111.40535736083984,0.0,,,0,3.1148576736450195,15.100000000000001,0.30000000000000004
3,2,0.0,18.5,2.9000000000000004,-2.4887460224890186,15.100000000000001,0.30000000000000004,111.90535736083984,3.0871400833129883,17.333892822265625,5.800000190734863,1,3.125669002532959,15.100000000000001,0.30000000000000004
3,2,0.0,18.5,2.9000000000000004,-2.4887460224890186,15.100000000000001,0.30000000000000004,112.40535736083984,3.0982666015625,17.30438995361328,5.800000190734863,1,3.1367955207824707,15.100000000000001,0.30000000000000004
3,2,0.0,18.5,2.9000000000000004,-2.4887460224890186,15.100000000000001,0.30000000000000004,112.90535736083984,0.0,,,0,3.1482419967651367,15.100000000000001,0.30000000000000004
3,2,0.0,18.5,2.9000000000000004,-2.4887460224890186,15.100000000000001,0.30000000000000004,113.40535736083984,3.1214849948883057,17.244735717773438,5.800000190734863,1,3.1600139141082764,15.100000000000001,0.30000000000000004
3,2,0.0,18.5,2.9000000000000004,-2.4887460224890186,15.100000000000001,0.30000000000000004,113.90535736083984,3.133587598800659,17.21457290649414,5.800000190734863,1,3.17211651802063,15.100000000000001,0.30000000000000004
3,2,0.0,18.5,2.9000000000000004,-2.4887460224890186,15.100000000000001,0.30000000000000004,114.40535736083984,3.146026849746704,17.184175491333008,5.800000190734863,1,3.184555768966675,15.100000000000001,0.30000000000000004
3,2,0.0,18.5,2.9000000000000004,-2.4887460224890186,15.100000000000001,0.30000000000000004,114.90535736083984,3.158808708190918,17.153535842895508,5.800000190734863,1,3.1973376274108887,15.100000000000001,0.30000000000000004
3,2,0.0,18.5,2.9000000000000004,-2.4887460224890186,15.100000000000001,0.30000000000000004,115.40535736083984,3.17193865776062,17.12264633178711,5.800000190734863,1,3.210467576980591,15.100000000000001,0.30000000000000004
3,2,0.0,18.5,2.9000000000000004,-2.4887460224890186,15.100000000000001,0.30000000000000004,115.90535736083984,0.0,,,0,3.223952531814575,15.100000000000001,0.30000000000000004
3,2,0.0,18.5,2.9000000000000004,-2.4887460224890186,15.100000000000001,0.30000000000000004,116.40535736083984,3.199270009994507,17.060089111328125,5.800000190734863,1,3.2377989292144775,15.100000000000001,0.30000000000000004
3,2,0.0,18.5,2.9000000000000004,-2.4887460224890186,15.100000000000001,0.30000000000000004,116.90535736083984,0.0,,,0,3.2520134449005127,15.100000000000001,0.30000000000000004
3,2,0.0,18.5,2.9000000000000004,-2.4887460224890186,15.100000000000001,0.30000000000000004,117.40535736083984,3.220337152481079,17.0,5.793131351470947,1,3.25886607170105,15.100000000000001,0.30000000000000004
3,2,0.0,18.5,2.9000000000000004,-2.4887460224890186,15.100000000000001,0.30000000000000004,117.90535736083984,3.1665141582489014,17.0,5.732366561889648,1,3.205043077468872,15.100000000000001,0.30000000000000004
3,2,0.0,18.5,2.9000000000000004,-2.4887460224890186,15.100000000000001,0.30000000000000004,118.40535736083984,3.1146762371063232,17.0,5.673572063446045,1,3.153205156326294,15.100000000000001,0.30000000000000004
3,2,0.0,18.5,2.9000000000000004,-2.4887460224890186,15.100000000000001,0.30000000000000004,118.90535736083984,3.06472110748291,17.0,5.616644859313965,1,3.103250026702881,15.100000000000001,0.30000000000000004
3,2,0.0,18.5,2.9000000000000004,-2.4887460224890186,15.100000000000001,0.30000000000000004,119.40535736083984,0.0,,,0,3.055081844329834,15.100000000000001,0.30000000000000004
3,2,0.0,18.5,2.9000000000000004,-2.4887460224890186,15.100000000000001,0.30000000000000004,119.90535736083984,2.970082998275757,17.0,5.5080156326293945,1,3.0086119174957275,15.100000000000001,0.30000000000000004
3,2,0.0,18.5,2.9000000000000004,-2.4887460224890186,15.100000000000001,0.30000000000000004,120.40535736083984,2.9252278804779053,17.0,5.456140518188477,1,2.963756799697876,15.100000000000001,0.30000000000000004
3,2,0.0,18.5,2.9000000000000004,-2.4887460224890186,15.100000000000001,0.30000000000000004,120.90535736083984,2.8819098472595215,17.0,5.40578556060791,1,2.920438766479492,15.100000000000001,0.30000000000000004
3,2,0.0,18.5,2.9000000000000004,-2.4887460224890186,15.100000000000001,0.30000000000000004,121.40535736083984,2.8400557041168213,17.0,5.35687780380249,1,2.878584623336792,15.100000000000001,0.30000000000000004
3,2,0.0,18.5,2.9000000000000004,-2.4887460224890186,15.100000000000001,0.30000000000000004,121.90535736083984,2.7995975017547607,17.0,5.3093485832214355,1,2.8381264209747314,15.100000000000001,0.30000000000000004
3,2,0.0,18.5,2.9000000000000004,-2.4887460224890186,15.100000000000001,0.30000000000000004,122.40535736083984,2.7604708671569824,17.0,5.263133525848389,1,2.798999786376953,15.100000000000001,0.30000000000000004
3,2,0.0,18.5,2.9000000000000004,-2.4887460224890186,15.100000000000001,0.30000000000000004,122.90535736083984,2.7226157188415527,17.0,5.2181715965271,1,2.7611446380615234,15.100000000000001,0.30000000000000004
3,2,0.0,18.5,2.9000000000000004,-2.4887460224890186,15.100000000000001,0.30000000000000004,123.40535736083984,2.6859757900238037,17.0,5.1744065284729,1,2.7245047092437744,15.100000000000001,0.30000000000000004
3,2,0.0,18.5,2.9000000000000004,-2.4887460224890186,15.100000000000001,0.30000000000000004,123.90535736083984,2.6504974365234375,17.0,5.131784915924072,1,2.689026355743408,15.100000000000001,0.30000000000000004
3,2,0.0,18.5,2.9000000000000004,-2.4887460224890186,15.100000000000001,0.30000000000000004,124.40535736083984,2.616130828857422,17.0,5.090255260467529,1,2.6546597480773926,15.100000000000001,0.30000000000000004
3,2,0.0,18.5,2.9000000000000004,-2.4887460224890186,15.100000000000001,0.30000000000000004,124.90535736083984,2.5828287601470947,17.0,5.049771308898926,1,2.6213576793670654,15.100000000000001,0.30000000000000004
3,2,0.0,18.5,2.9000000000000004,-2.4887460224890186,15.100000000000001,0.30000000000000004,125.40535736083984,2.550546646118164,17.0,5.010287284851074,1,2.5890755653381348,15.100000000000001,0.30000000000000004
3,2,0.0,18.5,2.9000000000000004,-2.4887460224890186,15.100000000000001,0.30000000000000004,125.90535736083984,2.519242286682129,17.0,4.9717607498168945,1,2.5577712059020996,15.100000000000001,0.30000000000000004
3,2,0.0,18.5,2.9000000000000004,-2.4887460224890186,15.100000000000001,0.30000000000000004,126.40535736083984,2.4888761043548584,17.0,4.934152126312256,1,2.527405023574829,15.100000000000001,0.30000000000000004
3,2,0.0,18.5,2.9000000000000004,-2.4887460224890186,15.100000000000001,0.30000000000000004,126.90535736083984,2.4594104290008545,17.0,4.897423267364502,1,2.497939348220825,15.100000000000001,0.30000000000000004
3,2,0.0,18.5,2.9000000000000004,-2.4887460224890186,15.100000000000001,0.30000000000000004,127.40535736083984,2.430809736251831,17.0,4.861538410186768,1,2.4693386554718018,15.100000000000001,0.30000000000000004
3,2,0.0,18.5,2.9000000000000004,-2.4887460224890186,15.100000000000001,0.30000000000000004,127.90535736083984,2.4030404090881348,17.0,4.826463222503662,1,2.4415693283081055,15.100000000000001,0.30000000000000004
3,2,0.0,18.5,2.9000000000000004,-2.4887460224890186,15.100000000000001,0.30000000000000004,128.4053497314453,2.376070499420166,17.0,4.792165756225586,1,2.4145994186401367,15.100000000000001,0.30000000000000004
3,2,0.0,18.5,2.9000000000000004,-2.4887460224890186,15.100000000000001,0.30000000000000004,128.9053497314453,2.349869966506958,17.0,4.758615016937256,1,2.3883988857269287,15.100000000000001,0.30000000000000004
3,2,0.0,18.5,2.9000000000000004,-2.4887460224890186,15.100000000000001,0.30000000000000004,129.4053497314453,2.3244097232818604,17.0,4.7257819175720215,1,2.362938642501831,15.100000000000001,0.30000000000000004
3,2,0.0,18.5,2.9000000000000004,-2.4887460224890186,15.100000000000001,0.30000000000000004,129.9053497314453,2.2996628284454346,17.0,4.693639278411865,1,2.3381917476654053,15.100000000000001,0.30000000000000004
3,2,0.0,18.5,2.9000000000000004,-2.4887460224890186,15.100000000000001,0.30000000000000004,130.4053497314453,2.2756035327911377,17.0,4.662160396575928,1,2.3141324520111084,15.100000000000001,0.30000000000000004
3,2,0.0,18.5,2.9000000000000004,-2.4887460224890186,15.100000000000001,0.30000000000000004,130.9053497314453,2.252206802368164,17.0,4.631320476531982,1,2.2907357215881348,15.100000000000001,0.30000000000000004
3,2,0.0,18.5,2.9000000000000004,-2.4887460224890186,15.100000000000001,0.30000000000000004,131.4053497314453,2.2294492721557617,17.0,4.601095199584961,1,2.2679781913757324,15.100000000000001,0.30000000000000004
3,2,0.0,18.5,2.9000000000000004,-2.4887460224890186,15.100000000000001,0.30000000000000004,131.9053497314453,2.2073090076446533,17.0,4.571463108062744,1,2.245837926864624,15.100000000000001,0.30000000000000004
3,2,0.0,18.5,2.9000000000000004,-2.4887460224890186,15.100000000000001,0.30000000000000004,132.4053497314453,2.1857645511627197,17.0,4.542401313781738,1,2.2242934703826904,15.100000000000001,0.30000000000000004
3,2,0.0,18.5,2.9000000000000004,-2.4887460224890186,15.100000000000001,0.30000000000000004,132.9053497314453,2.1647958755493164,17.0,4.513889789581299,1,2.203324794769287,15.100000000000001,0.30000000000000004
3,2,0.0,18.5,2.9000000000000004,-2.4887460224890186,15.100000000000001,0.30000000000000004,133.4053497314453,2.144383192062378,17.0,4.485908508300781,1,2.1829121112823486,15.100000000000001,0.30000000000000004
3,2,0.0,18.5,2.9000000000000004,-2.4887460224890186,15.100000000000001,0.30000000000000004,133.9053497314453,0.0,,,0,2.1630377769470215,15.100000000000001,0.30000000000000004
3,2,0.0,18.5,2.9000000000000004,-2.4887460224890186,15.100000000000001,0.30000000000000004,134.4053497314453,2.1051547527313232,17.0,4.431463241577148,1,2.143683671951294,15.100000000000001,0.30000000000000004
3,2,0.0,18.5,2.9000000000000004,-2.4887460224890186,15.100000000000001,0.30000000000000004,134.9053497314453,2.086304187774658,17.0,4.404963493347168,1,2.124833106994629,15.100000000000001,0.30000000000000004
3,2,0.0,18.5,2.9000000000000004,-2.4887460224890186,15.100000000000001,0.30000000000000004,135.4053497314453,2.067941427230835,17.0,4.378924369812012,1,2.1064703464508057,15.100000000000001,0.30000000000000004
3,2,0.0,18.5,2.9000000000000004,-2.4887460224890186,15.100000000000001,0.30000000000000004,135.9053497314453,2.050050973892212,17.0,4.353329181671143,1,2.0885798931121826,15.100000000000001,0.30000000000000004
3,2,0.0,18.5,2.9000000000000004,-2.4887460224890186,15.100000000000001,0.30000000000000004,136.4053497314453,2.032618284225464,17.0,4.328163146972656,1,2.0711472034454346,15.100000000000001,0.30000000000000004
3,2,0.0,18.5,2.9000000000000004,-2.4887460224890186,15.100000000000001,0.30000000000000004,136.9053497314453,0.0,,,0,2.0541582107543945,15.100000000000001,0.30000000000000004
3,2,0.0,18.5,2.9000000000000004,-2.4887460224890186,15.100000000000001,0.30000000000000004,137.4053497314453,1.999070644378662,17.0,4.279061794281006,1,2.037599563598633,15.100000000000001,0.30000000000000004
3,2,0.0,18.5,2.9000000000000004,-2.4887460224890186,15.100000000000001,0.30000000000000004,137.9053497314453,1.9829294681549072,17.0,4.255099296569824,1,2.021458387374878,15.100000000000001,0.30000000000000004
3,2,0.0,18.5,2.9000000000000004,-2.4887460224890186,15.100000000000001,0.30000000000000004,138.4053497314453,0.0,,,0,2.0057225227355957,15.100000000000001,0.30000000000000004
3,2,0.0,18.5,2.9000000000000004,-2.4887460224890186,15.100000000000001,0.30000000000000004,138.9053497314453,1.9518513679504395,17.0,4.208286285400391,1,1.9903802871704102,15.100000000000001,0.30000000000000004
3,2,0.0,18.5,2.9000000000000004,-2.4887460224890186,15.100000000000001,0.30000000000000004,139.4053497314453,1.9368911981582642,17.0,4.185412406921387,1,1.9754201173782349,15.100000000000001,0.30000000000000004
3,2,0.0,18.5,2.9000000000000004,-2.4887460224890186,15.100000000000001,0.30000000000000004,139.9053497314453,1.922302484512329,17.0,4.162877559661865,1,1.9608314037322998,15.100000000000001,0.30000000000000004
3,2,0.0,18.5,2.9000000000000004,-2.4887460224890186,15.100000000000001,0.30000000000000004,140.4053497314453,1.9080748558044434,17.0,4.140671730041504,1,1.946603775024414,15.100000000000001,0.30000000000000004
3,2,0.0,18.5,2.9000000000000004,-2.4887460224890186,15.100000000000001,0.30000000000000004,140.9053497314453,1.8941982984542847,17.0,4.118783950805664,1,1.9327272176742554,15.100000000000001,0.30000000000000004
3,2,0.0,18.5,2.9000000000000004,-2.4887460224890186,15.100000000000001,0.30000000000000004,141.4053497314453,0.0,,,0,1.9191923141479492,15.100000000000001,0.30000000000000004
3,2,0.0,18.5,2.9000000000000004,-2.4887460224890186,15.100000000000001,0.30000000000000004,141.9053497314453,1.86746084690094,17.0,4.075923919677734,1,1.9059897661209106,15.100000000000001,0.30000000000000004
3,2,0.0,18.5,2.9000000000000004,-2.4887460224890186,15.100000000000001,0.30000000000000004,142.4053497314453,1.8545818328857422,17.0,4.054932117462158,1,1.893110752105713,15.100000000000001,0.30000000000000004
3,2,0.0,18.5,2.9000000000000004,-2.4887460224890186,15.100000000000001,0.30000000000000004,142.9053497314453,1.8420178890228271,17.0,4.0342206954956055,1,1.8805468082427979,15.100000000000001,0.30000000000000004
3,2,0.0,18.5,2.9000000000000004,-2.4887460224890186,15.100000000000001,0.30000000000000004,143.4053497314453,1.829761028289795,17.0,4.01378059387207,1,1.8682899475097656,15.100000000000001,0.30000000000000004
3,2,0.0,18.5,2.9000000000000004,-2.4887460224890186,15.100000000000001,0.30000000000000004,143.9053497314453,1.8178033828735352,17.0,3.9936039447784424,1,1.8563323020935059,15.100000000000001,0.30000000000000004
3,2,0.0,18.5,2.9000000000000004,-2.4887460224890186,15.100000000000001,0.30000000000000004,144.4053497314453,1.8061374425888062,17.0,3.973682403564453,1,1.8446663618087769,15.100000000000001,0.30000000000000004
3,2,0.0,18.5,2.9000000000000004,-2.4887460224890186,15.100000000000001,0.30000000000000004,144.9053497314453,1.7947559356689453,17.0,3.954008102416992,1,1.833284854888916,15.100000000000001,0.30000000000000004
3,2,0.0,18.5,2.9000000000000004,-2.4887460224890186,15.100000000000001,0.30000000000000004,145.4053497314453,0.0,,,0,1.8221807479858398,15.100000000000001,0.30000000000000004
3,2,0.0,18.5,2.9000000000000004,-2.4887460224890186,15.100000000000001,0.30000000000000004,145.9053497314453,0.0,,,0,1.8113476037979126,15.100000000000001,0.30000000000000004
3,2,0.0,18.5,2.9000000000000004,-2.4887460224890186,15.100000000000001,0.30000000000000004,146.4053497314453,1.7622498273849487,17.0,3.896395444869995,1,1.8007787466049194,15.100000000000001,0.30000000000000004
3,2,0.0,18.5,2.9000000000000004,-2.4887460224890186,15.100000000000001,0.30000000000000004,146.9053497314453,0.0,,,0,1.7904680967330933,15.100000000000001,0.30000000000000004
3,2,0.0,18.5,2.9000000000000004,-2.4887460224890186,15.100000000000001,0.30000000000000004,147.4053497314453,1.7418806552886963,17.0,3.8590924739837646,1,1.780409574508667,15.100000000000001,0.30000000000000004
3,2,0.0,18.5,2.9000000000000004,-2.4887460224890186,15.100000000000001,0.30000000000000004,147.9053497314453,1.732068657875061,17.0,3.8407528400421143,1,1.7705975770950317,15.100000000000001,0.30000000000000004
3,2,0.0,18.5,2.9000000000000004,-2.4887460224890186,15.100000000000001,0.30000000000000004,148.4053497314453,1.722497582435608,17.0,3.822612762451172,1,1.7610265016555786,15.100000000000001,0.30000000000000004
3,2,0.0,18.5,2.9000000000000004,-2.4887460224890186,15.100000000000001,0.30000000000000004,148.9053497314453,1.7131621837615967,17.0,3.804666519165039,1,1.7516911029815674,15.100000000000001,0.30000000000000004
3,2,0.0,18.5,2.9000000000000004,-2.4887460224890186,15.100000000000001,0.30000000000000004,149.4053497314453,1.704057216644287,17.0,3.7869081497192383,1,1.7425861358642578,15.100000000000001,0.30000000000000004
3,2,0.0,18.5,2.9000000000000004,-2.4887460224890186,15.100000000000001,0.30000000000000004,149.9053497314453,1.695177674293518,17.0,3.76933217048645,1,1.7337065935134888,15.100000000000001,0.30000000000000004
3,2,0.0,18.5,2.9000000000000004,-2.4887460224890186,15.100000000000001,0.30000000000000004,150.4053497314453,1.686518907546997,17.0,3.7519330978393555,1,1.7250478267669678,15.100000000000001,0.30000000000000004
3,2,0.0,18.5,2.9000000000000004,-2.4887460224890186,15.100000000000001,0.30000000000000004,150.9053497314453,1.6780762672424316,17.0,3.734705686569214,1,1.7166051864624023,15.100000000000001,0.30000000000000004
3,2,0.0,18.5,2.9000000000000004,-2.4887460224890186,15.100000000000001,0.30000000000000004,151.4053497314453,1.6698453426361084,17.0,3.717644691467285,1,1.708374261856079,15.100000000000001,0.30000000000000004
3,2,0.0,18.5,2.9000000000000004,-2.4887460224890186,15.100000000000001,0.30000000000000004,151.9053497314453,1.6618218421936035,17.0,3.700745105743408,1,1.7003507614135742,15.100000000000001,0.30000000000000004
3,2,0.0,18.5,2.9000000000000004,-2.4887460224890186,15.100000000000001,0.30000000000000004,152.4053497314453,1.6540017127990723,17.0,3.68400239944458,1,1.692530632019043,15.100000000000001,0.30000000000000004
3,2,0.0,18.5,2.9000000000000004,-2.4887460224890186,15.100000000000001,0.30000000000000004,152.9053497314453,1.64638090133667,17.0,3.6674118041992188,1,1.6849098205566406,15.100000000000001,0.30000000000000004
3,2,0.0,18.5,2.9000000000000004,-2.4887460224890186,15.100000000000001,0.30000000000000004,153.4053497314453,0.0,,,0,1.677484393119812,15.100000000000001,0.30000000000000004
3,2,0.0,18.5,2.9000000000000004,-2.4887460224890186,15.100000000000001,0.30000000000000004,153.9053497314453,1.6317219734191895,17.0,3.6346685886383057,1,1.6702508926391602,15.100000000000001,0.30000000000000004
3,2,0.0,18.5,2.9000000000000004,-2.4887460224890186,15.100000000000001,0.30000000000000004,154.4053497314453,1.6246765851974487,17.0,3.618507146835327,1,1.6632055044174194,15.100000000000001,0.30000000000000004
3,2,0.0,18.5,2.9000000000000004,-2.4887460224890186,15.100000000000001,0.30000000000000004,154.9053497314453,1.6178160905838013,17.0,3.602480411529541,1,1.656345009803772,15.100000000000001,0.30000000000000004
3,2,0.0,18.5,2.9000000000000004,-2.4887460224890186,15.100000000000001,0.30000000000000004,155.4053497314453,1.61113703250885,17.0,3.5865840911865234,1,1.6496659517288208,15.100000000000001,0.30000000000000004
3,2,0.0,18.5,2.9000000000000004,-2.4887460224890186,15.100000000000001,0.30000000000000004,155.9053497314453,1.6046361923217773,17.0,3.5708141326904297,1,1.643165111541748,15.100000000000001,0.30000000000000004
3,2,0.0,18.5,2.9000000000000004,-2.4887460224890186,15.100000000000001,0.30000000000000004,156.4053497314453,1.5983105897903442,17.0,3.5551669597625732,1,1.636839509010315,15.100000000000001,0.30000000000000004
3,2,0.0,18.5,2.9000000000000004,-2.4887460224890186,15.100000000000001,0.30000000000000004,156.9053497314453,1.592157244682312,17.0,3.5396385192871094,1,1.6306861639022827,15.100000000000001,0.30000000000000004
3,2,0.0,18.5,2.9000000000000004,-2.4887460224890186,15.100000000000001,0.30000000000000004,157.4053497314453,1.5861732959747314,17.0,3.5242252349853516,1,1.6247022151947021,15.100000000000001,0.30000000000000004
3,2,0.0,18.5,2.9000000000000004,-2.4887460224890186,15.100000000000001,0.30000000000000004,157.9053497314453,1.5803558826446533,17.0,3.5089235305786133,1,1.618884801864624,15.100000000000001,0.30000000000000004
3,2,0.0,18.5,2.9000000000000004,-2.4887460224890186,15.100000000000001,0.30000000000000004,158.4053497314453,1.5747023820877075,17.0,3.493729829788208,1,1.6132313013076782,15.100000000000001,0.30000000000000004
3,2,0.0,18.5,2.9000000000000004,-2.4887460224890186,15.100000000000001,0.30000000000000004,158.9053497314453,0.0,,,0,1.6077390909194946,15.100000000000001,0.30000000000000004
3,2,0.0,18.5,2.9000000000000004,-2.4887460224890186,15.100000000000001,0.30000000000000004,159.4053497314453,0.0,,,0,1.6024059057235718,15.100000000000001,0.30000000000000004
3,2,0.0,18.5,2.9000000000000004,-2.4887460224890186,15.100000000000001,0.30000000000000004,159.9053497314453,0.0,,,0,1.5972291231155396,15.100000000000001,0.30000000000000004
3,2,0.0,18.5,2.9000000000000004,-2.4887460224890186,15.100000000000001,0.30000000000000004,160.4053497314453,0.0,,,0,1.592206597328186,15.100000000000001,0.30000000000000004
3,2,0.0,18.5,2.9000000000000004,-2.4887460224890186,15.100000000000001,0.30000000000000004,160.9053497314453,1.548807144165039,17.0,3.419264554977417,1,1.5873360633850098,15.100000000000001,0.30000000000000004
3,2,0.0,18.5,2.9000000000000004,-2.4887460224890186,15.100000000000001,0.30000000000000004,161.4053497314453,1.5440864562988281,17.0,3.4046497344970703,1,1.5826153755187988,15.100000000000001,0.30000000000000004
3,2,0.0,18.5,2.9000000000000004,-2.4887460224890186,15.100000000000001,0.30000000000000004,161.9053497314453,1.5395135879516602,17.0,3.390120267868042,1,1.5780425071716309,15.100000000000001,0.30000000000000004
3,2,0.0,18.5,2.9000000000000004,-2.4887460224890186,15.100000000000001,0.30000000000000004,162.4053497314453,1.5350865125656128,17.0,3.375673770904541,1,1.5736154317855835,15.100000000000001,0.30000000000000004
3,2,0.0,18.5,2.9000000000000004,-2.4887460224890186,15.100000000000001,0.30000000000000004,162.9053497314453,1.5308034420013428,17.0,3.361306667327881,1,1.5693323612213135,15.100000000000001,0.30000000000000004
3,2,0.0,18.5,2.9000000000000004,-2.4887460224890186,15.100000000000001,0.30000000000000004,163.4053497314453,1.5266624689102173,17.0,3.3470168113708496,1,1.565191388130188,15.100000000000001,0.30000000000000004
3,2,0.0,18.5,2.9000000000000004,-2.4887460224890186,15.100000000000001,0.30000000000000004,163.9053497314453,1.522661805152893,17.0,3.33280086517334,1,1.5611907243728638,15.100000000000001,0.30000000000000004
3,2,0.0,18.5,2.9000000000000004,-2.4887460224890186,15.100000000000001,0.30000000000000004,164.4053497314453,1.518799901008606,17.0,3.3186564445495605,1,1.5573288202285767,15.100000000000001,0.30000000000000004
3,2,0.0,18.5,2.9000000000000004,-2.4887460224890186,15.100000000000001,0.30000000000000004,164.9053497314453,1.5150750875473022,17.0,3.3045806884765625,1,1.553604006767273,15.100000000000001,0.30000000000000004
3,2,0.0,18.5,2.9000000000000004,-2.4887460224890186,15.100000000000001,0.30000000000000004,165.4053497314453,1.5114858150482178,17.0,3.2905709743499756,1,1.5500147342681885,15.100000000000001,0.30000000000000004
3,2,0.0,18.5,2.9000000000000004,-2.4887460224890186,15.100000000000001,0.30000000000000004,165.9053497314453,1.5080305337905884,17.0,3.276624917984009,1,1.546559453010559,15.100000000000001,0.30000000000000004
3,2,0.0,18.5,2.9000000000000004,-2.4887460224890186,15.100000000000001,0.30000000000000004,166.4053497314453,0.0,,,0,1.5432368516921997,15.100000000000001,0.30000000000000004
3,2,0.0,18.5,2.9000000000000004,-2.4887460224890186,15.100000000000001,0.30000000000000004,166.9053497314453,1.5015166997909546,17.0,3.248913049697876,1,1.5400456190109253,15.100000000000001,0.30000000000000004
3,2,0.0,18.5,2.9000000000000004,-2.4887460224890186,15.100000000000001,0.30000000000000004,167.4053497314453,1.498455286026001,17.0,3.235142469406128,1,1.5369842052459717,15.100000000000001,0.30000000000000004
3,2,0.0,18.5,2.9000000000000004,-2.4887460224890186,15.100000000000001,0.30000000000000004,167.9053497314453,1.4955227375030518,17.0,3.2214255332946777,1,1.5340516567230225,15.100000000000001,0.30000000000000004
3,2,0.0,18.5,2.9000000000000004,-2.4887460224890186,15.100000000000001,0.30000000000000004,168.4053497314453,0.0,,,0,1.531246542930603,15.100000000000001,0.30000000000000004
3,2,0.0,18.5,2.9000000000000004,-2.4887460224890186,15.100000000000001,0.30000000000000004,168.9053497314453,1.4900389909744263,17.0,3.1941425800323486,1,1.528567910194397,15.100000000000001,0.30000000000000004
3,2,0.0,18.5,2.9000000000000004,-2.4887460224890186,15.100000000000001,0.30000000000000004,169.4053497314453,1.4874857664108276,17.0,3.180572271347046,1,1.5260146856307983,15.100000000000001,0.30000000000000004
3,2,0.0,18.5,2.9000000000000004,-2.4887460224890186,15.100000000000001,0.30000000000000004,169.9053497314453,1.4850568771362305,17.0,3.167046070098877,1,1.5235857963562012,15.100000000000001,0.30000000000000004
3,2,0.0,18.5,2.9000000000000004,-2.4887460224890186,15.100000000000001,0.30000000000000004,170.4053497314453,1.4827513694763184,17.0,3.15356183052063,1,1.521280288696289,15.100000000000001,0.30000000000000004
3,2,0.0,18.5,2.9000000000000004,-2.4887460224890186,15.100000000000001,0.30000000000000004,170.9053497314453,1.480568289756775,17.0,3.1401171684265137,1,1.5190972089767456,15.100000000000001,0.30000000000000004
3,2,0.0,18.5,2.9000000000000004,-2.4887460224890186,15.100000000000001,0.30000000000000004,171.4053497314453,1.4785068035125732,17.0,3.1267101764678955,1,1.517035722732544,15.100000000000001,0.30000000000000004
3,2,0.0,18.5,2.9000000000000004,-2.4887460224890186,15.100000000000001,0.30000000000000004,171.9053497314453,1.476566195487976,17.0,3.1133384704589844,1,1.5150951147079468,15.100000000000001,0.30000000000000004
3,2,0.0,18.5,2.9000000000000004,-2.4887460224890186,15.100000000000001,0.30000000000000004,172.4053497314453,1.4747456312179565,17.0,3.0999999046325684,1,1.5132745504379272,15.100000000000001,0.30000000000000004
3,2,0.0,18.5,2.9000000000000004,-2.4887460224890186,15.100000000000001,0.30000000000000004,172.9053497314453,1.473044514656067,17.0,3.0866925716400146,1,1.5115734338760376,15.100000000000001,0.30000000000000004
3,2,0.0,18.5,2.9000000000000004,-2.4887460224890186,15.100000000000001,0.30000000000000004,173.4053497314453,1.4714618921279907,17.0,3.073413848876953,1,1.5099908113479614,15.100000000000001,0.30000000000000004
3,2,0.0,18.5,2.9000000000000004,-2.4887460224890186,15.100000000000001,0.30000000000000004,173.9053497314453,1.4699974060058594,17.0,3.060161828994751,1,1.50852632522583,15.100000000000001,0.30000000000000004
3,2,0.0,18.5,2.9000000000000004,-2.4887460224890186,15.100000000000001,0.30000000000000004,174.4053497314453,0.0,,,0,1.5071793794631958,15.100000000000001,0.30000000000000004
3,2,0.0,18.5,2.9000000000000004,-2.4887460224890186,15.100000000000001,0.30000000000000004,174.9053497314453,1.4674205780029297,17.0,3.0337300300598145,1,1.5059494972229004,15.100000000000001,0.30000000000000004
3,2,0.0,18.5,2.9000000000000004,-2.4887460224890186,15.100000000000001,0.30000000000000004,175.4053497314453,1.4663070440292358,17.0,3.0205459594726562,1,1.5048359632492065,15.100000000000001,0.30000000000000004
3,2,0.0,18.5,2.9000000000000004,-2.4887460224890186,15.100000000000001,0.30000000000000004,175.9053497314453,1.465309739112854,17.0,3.007380485534668,1,1.5038386583328247,15.100000000000001,0.30000000000000004
3,2,0.0,18.5,2.9000000000000004,-2.4887460224890186,15.100000000000001,0.30000000000000004,176.4053497314453,1.4644279479980469,17.0,2.9942312240600586,1,1.5029568672180176,15.100000000000001,0.30000000000000004
3,2,0.0,18.5,2.9000000000000004,-2.4887460224890186,15.100000000000001,0.30000000000000004,176.9053497314453,1.4636616706848145,17.0,2.9810965061187744,1,1.5021905899047852,15.100000000000001,0.30000000000000004
3,2,0.0,18.5,2.9000000000000004,-2.4887460224890186,15.100000000000001,0.30000000000000004,177.4053497314453,0.0,,,0,1.5015393495559692,15.100000000000001,0.30000000000000004
3,2,0.0,18.5,2.9000000000000004,-2.4887460224890186,15.100000000000001,0.30000000000000004,177.9053497314453,0.0,,,0,1.5010029077529907,15.100000000000001,0.30000000000000004
3,2,0.0,18.5,2.9000000000000004,-2.4887460224890186,15.100000000000001,0.30000000000000004,178.4053497314453,1.4620522260665894,17.0,2.941758394241333,1,1.50058114528656,15.100000000000001,0.30000000000000004
3,2,0.0,18.5,2.9000000000000004,-2.4887460224890186,15.100000000000001,0.30000000000000004,178.9053497314453,1.4617449045181274,17.0,2.9286611080169678,1,1.5002738237380981,15.100000000000001,0.30000000000000004
3,2,0.0,18.5,2.9000000000000004,-2.4887460224890186,15.100000000000001,0.30000000000000004,179.4053497314453,1.4615519046783447,17.0,2.9155683517456055,1,1.5000808238983154,15.100000000000001,0.30000000000000004
3,2,0.0,18.5,2.9000000000000004,-2.4887460224890186,15.100000000000001,0.30000000000000004,179.9053497314453,1.4614731073379517,17.0,2.902477741241455,1,1.5000020265579224,15.100000000000001,0.30000000000000004
3,2,0.0,18.5,2.9000000000000004,-2.4887460224890186,15.100000000000001,0.30000000000000004,180.4053497314453,1.4615086317062378,17.0,2.889387607574463,1,1.5000375509262085,15.100000000000001,0.30000000000000004
3,2,0.0,18.5,2.9000000000000004,-2.4887460224890186,15.100000000000001,0.30000000000000004,180.9053497314453,1.4616583585739136,17.0,2.876295804977417,1,1.5001872777938843,15.100000000000001,0.30000000000000004
3,2,0.0,18.5,2.9000000000000004,-2.4887460224890186,15.100000000000001,0.30000000000000004,181.4053497314453,1.4619224071502686,17.0,2.8632004261016846,1,1.5004513263702393,15.100000000000001,0.30000000000000004
3,2,0.0,18.5,2.9000000000000004,-2.4887460224890186,15.100000000000001,0.30000000000000004,181.9053497314453,1.4623008966445923,17.0,2.850099563598633,1,1.500829815864563,15.100000000000001,0.30000000000000004
3,2,0.0,18.5,2.9000000000000004,-2.4887460224890186,15.100000000000001,0.30000000000000004,182.4053497314453,0.0,,,0,1.5013227462768555,15.100000000000001,0.30000000000000004
3,2,0.0,18.5,2.9000000000000004,-2.4887460224890186,15.100000000000001,0.30000000000000004,182.9053497314453,1.4634016752243042,17.0,2.8238725662231445,1,1.501930594444275,15.100000000000001,0.30000000000000004
3,2,0.0,18.5,2.9000000000000004,-2.4887460224890186,15.100000000000001,0.30000000000000004,183.4053497314453,0.0,,,0,1.5026532411575317,15.100000000000001,0.30000000000000004
3,2,0.0,18.5,2.9000000000000004,-2.4887460224890186,15.100000000000001,0.30000000000000004,183.9053497314453,1.464962363243103,17.0,2.7975993156433105,1,1.5034912824630737,15.100000000000001,0.30000000000000004
3,2,0.0,18.5,2.9000000000000004,-2.4887460224890186,15.100000000000001,0.30000000000000004,184.4053497314453,0.0,,,0,1.5044447183609009,15.100000000000001,0.30000000000000004
3,2,0.0,18.5,2.9000000000000004,-2.4887460224890186,15.100000000000001,0.30000000000000004,184.9053497314453,0.0,,,0,1.5055142641067505,15.100000000000001,0.30000000000000004
3,2,0.0,18.5,2.9000000000000004,-2.4887460224890186,15.100000000000001,0.30000000000000004,185.4053497314453,1.4681711196899414,17.0,2.7580666542053223,1,1.506700038909912,15.100000000000001,0.30000000000000004
3,2,0.0,18.5,2.9000000000000004,-2.4887460224890186,15.100000000000001,0.30000000000000004,185.9053497314453,1.4694737195968628,17.0,2.7448482513427734,1,1.5080026388168335,15.100000000000001,0.30000000000000004
3,2,0.0,18.5,2.9000000000000004,-2.4887460224890186,15.100000000000001,0.30000000000000004,186.4053497314453,1.4708936214447021,17.0,2.7316060066223145,1,1.5094225406646729,15.100000000000001,0.30000000000000004
3,2,0.0,18.5,2.9000000000000004,-2.4887460224890186,15.100000000000001,0.30000000000000004,186.9053497314453,1.4724314212799072,17.0,2.7183377742767334,1,1.510960340499878,15.100000000000001,0.30000000000000004
3,2,0.0,18.5,2.9000000000000004,-2.4887460224890186,15.100000000000001,0.30000000000000004,187.4053497314453,1.4740875959396362,17.0,2.7050414085388184,1,1.512616515159607,15.100000000000001,0.30000000000000004
3,2,0.0,18.5,2.9000000000000004,-2.4887460224890186,15.100000000000001,0.30000000000000004,187.9053497314453,1.475862979888916,17.0,2.6917147636413574,1,1.5143918991088867,15.100000000000001,0.30000000000000004
3,2,0.0,18.5,2.9000000000000004,-2.4887460224890186,15.100000000000001,0.30000000000000004,188.4053497314453,1.4777580499649048,17.0,2.6783559322357178,1,1.5162869691848755,15.100000000000001,0.30000000000000004
3,2,0.0,18.5,2.9000000000000004,-2.4887460224890186,15.100000000000001,0.30000000000000004,188.9053497314453,1.4797736406326294,17.0,2.6649625301361084,1,1.5183025598526,15.100000000000001,0.30000000000000004
3,2,0.0,18.5,2.9000000000000004,-2.4887460224890186,15.100000000000001,0.30000000000000004,189.4053497314453,0.0,,,0,1.5204393863677979,15.100000000000001,0.30000000000000004
3,2,0.0,18.5,2.9000000000000004,-2.4887460224890186,15.100000000000001,0.30000000000000004,189.9053497314453,1.484169602394104,17.0,2.638063669204712,1,1.5226985216140747,15.100000000000001,0.30000000000000004
3,2,0.0,18.5,2.9000000000000004,-2.4887460224890186,15.100000000000001,0.30000000000000004,190.4053497314453,1.4865516424179077,17.0,2.6245534420013428,1,1.5250805616378784,15.100000000000001,0.30000000000000004
3,2,0.0,18.5,2.9000000000000004,-2.4887460224890186,15.100000000000001,0.30000000000000004,190.9053497314453,1.4890577793121338,17.0,2.6110000610351562,1,1.5275866985321045,15.100000000000001,0.30000000000000004
3,2,0.0,18.5,2.9000000000000004,-2.4887460224890186,15.100000000000001,0.30000000000000004,191.4053497314453,1.4916887283325195,17.0,2.5974009037017822,1,1.5302176475524902,15.100000000000001,0.30000000000000004
3,2,0.0,18.5,2.9000000000000004,-2.4887460224890186,15.100000000000001,0.30000000000000004,191.9053497314453,1.49444580078125,17.0,2.583754062652588,1,1.5329747200012207,15.100000000000001,0.30000000000000004
3,2,0.0,18.5,2.9000000000000004,-2.4887460224890186,15.100000000000001,0.30000000000000004,192.4053497314453,0.0,,,0,1.5358589887619019,15.100000000000001,0.30000000000000004
3,2,0.0,18.5,2.9000000000000004,-2.4887460224890186,15.100000000000001,0.30000000000000004,192.9053497314453,1.5003424882888794,17.0,2.5563066005706787,1,1.53887140750885,15.100000000000001,0.30000000000000004
3,2,0.0,18.5,2.9000000000000004,-2.4887460224890186,15.100000000000001,0.30000000000000004,193.4053497314453,1.5034844875335693,17.0,2.542501449584961,1,1.54201340675354,15.100000000000001,0.30000000000000004
3,2,0.0,18.5,2.9000000000000004,-2.4887460224890186,15.100000000000001,0.30000000000000004,193.9053497314453,1.5067572593688965,17.0,2.5286386013031006,1,1.5452861785888672,15.100000000000001,0.30000000000000004
3,2,0.0,18.5,2.9000000000000004,-2.4887460224890186,15.100000000000001,0.30000000000000004,194.4053497314453,1.510162115097046,17.0,2.5147159099578857,1,1.5486910343170166,15.100000000000001,0.30000000000000004
3,2,0.0,18.5,2.9000000000000004,-2.4887460224890186,15.100000000000001,0.30000000000000004,194.9053497314453,1.5137004852294922,17.0,2.5007307529449463,1,1.552229404449463,15.100000000000001,0.30000000000000004
3,2,0.0,18.5,2.9000000000000004,-2.4887460224890186,15.100000000000001,0.30000000000000004,195.4053497314453,1.51737380027771,17.0,2.486680269241333,1,1.5559027194976807,15.100000000000001,0.30000000000000004
3,2,0.0,18.5,2.9000000000000004,-2.4887460224890186,15.100000000000001,0.30000000000000004,195.9053497314453,1.5211836099624634,17.0,2.472562074661255,1,1.559712529182434,15.100000000000001,0.30000000000000004
3,2,0.0,18.5,2.9000000000000004,-2.4887460224890186,15.100000000000001,0.30000000000000004,196.4053497314453,1.5251314640045166,17.0,2.458373546600342,1,1.5636603832244873,15.100000000000001,0.30000000000000004
3,2,0.0,18.5,2.9000000000000004,-2.4887460224890186,15.100000000000001,0.30000000000000004,196.9053497314453,1.529219150543213,17.0,2.4441120624542236,1,1.5677480697631836,15.100000000000001,0.30000000000000004
3,2,0.0,18.5,2.9000000000000004,-2.4887460224890186,15.100000000000001,0.30000000000000004,197.4053497314453,1.5334482192993164,17.0,2.429774522781372,1,1.571977138519287,15.100000000000001,0.30000000000000004
3,2,0.0,18.5,2.9000000000000004,-2.4887460224890186,15.100000000000001,0.30000000000000004,197.9053497314453,1.5378204584121704,17.0,2.415358304977417,1,1.5763493776321411,15.100000000000001,0.30000000000000004
3,2,0.0,18.5,2.9000000000000004,-2.4887460224890186,15.100000000000001,0.30000000000000004,198.4053497314453,1.5423380136489868,17.0,2.400860548019409,1,1.5808669328689575,15.100000000000001,0.30000000000000004
3,2,0.0,18.5,2.9000000000000004,-2.4887460224890186,15.100000000000001,0.30000000000000004,198.9053497314453,0.0,,,0,1.5855313539505005,15.100000000000001,0.30000000000000004
3,2,0.0,18.5,2.9000000000000004,-2.4887460224890186,15.100000000000001,0.30000000000000004,199.4053497314453,1.5518159866333008,17.0,2.3716089725494385,1,1.5903449058532715,15.100000000000001,0.30000000000000004
3,2,0.0,18.5,2.9000000000000004,-2.4887460224890186,15.100000000000001,0.30000000000000004,199.9053497314453,0.0,,,0,1.5953097343444824,15.100000000000001,0.30000000000000004
3,2,0.0,18.5,2.9000000000000004,-2.4887460224890186,15.100000000000001,0.30000000000000004,200.4053497314453,1.561898946762085,17.0,2.3419954776763916,1,1.6004278659820557,15.100000000000001,0.30000000000000004
3,2,0.0,18.5,2.9000000000000004,-2.4887460224890186,15.100000000000001,0.30000000000000004,200.9053497314453,1.567172646522522,17.0,2.32704496383667,1,1.6057015657424927,15.100000000000001,0.30000000000000004
3,2,0.0,18.5,2.9000000000000004,-2.4887460224890186,15.100000000000001,0.30000000000000004,201.4053497314453,1.5726042985916138,17.0,2.3119945526123047,1,1.6111332178115845,15.100000000000001,0.30000000000000004
3,2,0.0,18.5,2.9000000000000004,-2.4887460224890186,15.100000000000001,0.30000000000000004,201.9053497314453,1.578196406364441,17.0,2.2968409061431885,1,1.6167253255844116,15.100000000000001,0.30000000000000004
3,2,0.0,18.5,2.9000000000000004,-2.4887460224890186,15.100000000000001,0.30000000000000004,202.4053497314453,0.0,,,0,1.6224803924560547,15.100000000000001,0.30000000000000004
3,2,0.0,18.5,2.9000000000000004,-2.4887460224890186,15.100000000000001,0.30000000000000004,202.9053497314453,0.0,,,0,1.6284010410308838,15.100000000000001,0.30000000000000004
3,2,0.0,18.5,2.9000000000000004,-2.4887460224890186,15.100000000000001,0.30000000000000004,203.4053497314453,1.5959609746932983,17.0,2.250725507736206,1,1.634489893913269,15.100000000000001,0.30000000000000004
3,2,0.0,18.5,2.9000000000000004,-2.4887460224890186,15.100000000000001,0.30000000000000004,203.9053497314453,1.6022210121154785,17.0,2.235123634338379,1,1.6407499313354492,15.100000000000001,0.30000000000000004
3,2,0.0,18.5,2.9000000000000004,-2.4887460224890186,15.100000000000001,0.30000000000000004,204.4053497314453,0.0,,,0,1.647184133529663,15.100000000000001,0.30000000000000004
3,2,0.0,18.5,2.9000000000000004,-2.4887460224890186,15.100000000000001,0.30000000000000004,204.9053497314453,1.6152663230895996,17.0,2.203552722930908,1,1.6537952423095703,15.100000000000001,0.30000000000000004
3,2,0.0,18.5,2.9000000000000004,-2.4887460224890186,15.100000000000001,0.30000000000000004,205.4053497314453,1.6220577955245972,17.0,2.1875758171081543,1,1.6605867147445679,15.100000000000001,0.30000000000000004
3,2,0.0,18.5,2.9000000000000004,-2.4887460224890186,15.100000000000001,0.30000000000000004,205.9053497314453,1.6290327310562134,17.0,2.1714658737182617,1,1.667561650276184,15.100000000000001,0.30000000000000004
3,2,0.0,18.5,2.9000000000000004,-2.4887460224890186,15.100000000000001,0.30000000000000004,206.4053497314453,0.0,,,0,1.6747236251831055,15.100000000000001,0.30000000000000004
3,2,0.0,18.5,2.9000000000000004,-2.4887460224890186,15.100000000000001,0.30000000000000004,206.9053497314453,1.6435470581054688,17.0,2.1388301849365234,1,1.6820759773254395,15.100000000000001,0.30000000000000004
3,2,0.0,18.5,2.9000000000000004,-2.4887460224890186,15.100000000000001,0.30000000000000004,207.4053497314453,0.0,,,0,1.6896222829818726,15.100000000000001,0.30000000000000004
3,2,0.0,18.5,2.9000000000000004,-2.4887460224890186,15.100000000000001,0.30000000000000004,207.9053497314453,1.6588376760482788,17.0,2.1056113243103027,1,1.6973665952682495,15.100000000000001,0.30000000000000004
3,2,0.0,18.5,2.9000000000000004,-2.4887460224890186,15.100000000000001,0.30000000000000004,208.4053497314453,1.6667836904525757,17.0,2.0887718200683594,1,1.7053126096725464,15.100000000000001,0.30000000000000004
3,2,0.0,18.5,2.9000000000000004,-2.4887460224890186,15.100000000000001,0.30000000000000004,208.9053497314453,1.6749355792999268,17.0,2.071772575378418,1,1.7134644985198975,15.100000000000001,0.30000000000000004
3,2,0.0,18.5,2.9000000000000004,-2.4887460224890186,15.100000000000001,0.30000000000000004,209.4053497314453,1.6832976341247559,17.0,2.0546085834503174,1,1.7218265533447266,15.100000000000001,0.30000000000000004
3,2,0.0,18.5,2.9000000000000004,-2.4887460224890186,15.100000000000001,0.30000000000000004,209.9053497314453,1.6918740272521973,17.0,2.0372750759124756,1,1.730402946472168,15.100000000000001,0.30000000000000004
3,2,0.0,18.5,2.9000000000000004,-2.4887460224890186,15.100000000000001,0.30000000000000004,210.4053497314453,1.7006694078445435,17.0,2.0197668075561523,1,1.7391983270645142,15.100000000000001,0.30000000000000004
3,2,0.0,18.5,2.9000000000000004,-2.4887460224890186,15.100000000000001,0.30000000000000004,210.9053497314453,1.709688425064087,17.0,2.002078056335449,1,1.7482173442840576,15.100000000000001,0.30000000000000004
3,2,0.0,18.5,2.9000000000000004,-2.4887460224890186,15.100000000000001,0.30000000000000004,211.4053497314453,1.7189360857009888,17.0,1.984203577041626,1,1.7574650049209595,15.100000000000001,0.30000000000000004
3,2,0.0,18.5,2.9000000000000004,-2.4887460224890186,15.100000000000001,0.30000000000000004,211.9053497314453,1.7284172773361206,17.0,1.9661376476287842,1,1.7669461965560913,15.100000000000001,0.30000000000000004
3,2,0.0,18.5,2.9000000000000004,-2.4887460224890186,15.100000000000001,0.30000000000000004,212.4053497314453,1.7381374835968018,17.0,1.9478743076324463,1,1.7766664028167725,15.100000000000001,0.30000000000000004
3,2,0.0,18.5,2.9000000000000004,-2.4887460224890186,15.100000000000001,0.30000000000000004,212.9053497314453,0.0,,,0,1.7866308689117432,15.100000000000001,0.30000000000000004
3,2,0.0,18.5,2.9000000000000004,-2.4887460224890186,15.100000000000001,0.30000000000000004,213.4053497314453,1.7583163976669312,17.0,1.9107309579849243,1,1.7968453168869019,15.100000000000001,0.30000000000000004
3,2,0.0,18.5,2.9000000000000004,-2.4887460224890186,15.100000000000001,0.30000000000000004,213.9053497314453,1.7687867879867554,17.0,1.8918383121490479,1,1.807315707206726,15.100000000000001,0.30000000000000004
3,2,0.0,18.5,2.9000000000000004,-2.4887460224890186,15.100000000000001,0.30000000000000004,214.4053497314453,1.7795192003250122,17.0,1.8727226257324219,1,1.818048119544983,15.100000000000001,0.30000000000000004
3,2,0.0,18.5,2.9000000000000004,-2.4887460224890186,15.100000000000001,0.30000000000000004,214.9053497314453,1.7905199527740479,17.0,1.8533769845962524,1,1.8290488719940186,15.100000000000001,0.30000000000000004
3,2,0.0,18.5,2.9000000000000004,-2.4887460224890186,15.100000000000001,0.30000000000000004,215.4053497314453,1.8017956018447876,17.0,1.833794355392456,1,1.8403245210647583,15.100000000000001,0.30000000000000004
3,2,0.0,18.5,2.9000000000000004,-2.4887460224890186,15.100000000000001,0.30000000000000004,215.9053497314453,1.8133530616760254,17.0,1.8139673471450806,1,1.851881980895996,15.100000000000001,0.30000000000000004
3,2,0.0,18.5,2.9000000000000004,-2.4887460224890186,15.100000000000001,0.30000000000000004,216.4053497314453,0.0,,,0,1.863728404045105,15.100000000000001,0.30000000000000004
3,2,0.0,18.5,2.9000000000000004,-2.4887460224890186,15.100000000000001,0.30000000000000004,216.9053497314453,1.8373421430587769,17.0,1.7735488414764404,1,1.8758710622787476,15.100000000000001,0.30000000000000004
3,2,0.0,18.5,2.9000000000000004,-2.4887460224890186,15.100000000000001,0.30000000000000004,217.4053497314453,1.849788784980774,17.0,1.7529411315917969,1,1.8883177042007446,15.100000000000001,0.30000000000000004
3,2,0.0,18.5,2.9000000000000004,-2.4887460224890186,15.100000000000001,0.30000000000000004,217.9053497314453,1.862547516822815,17.0,1.7320566177368164,1,1.9010764360427856,15.100000000000001,0.30000000000000004
3,2,0.0,18.5,2.9000000000000004,-2.4887460224890186,15.100000000000001,0.30000000000000004,218.4053497314453,1.875626564025879,17.0,1.7108863592147827,1,1.9141554832458496,15.100000000000001,0.30000000000000004
3,2,0.0,18.5,2.9000000000000004,-2.4887460224890186,15.100000000000001,0.30000000000000004,218.9053497314453,1.8890347480773926,17.0,1.6894210577011108,1,1.9275636672973633,15.100000000000001,0.30000000000000004
3,2,0.0,18.5,2.9000000000000004,-2.4887460224890186,15.100000000000001,0.30000000000000004,219.4053497314453,1.9027807712554932,17.0,1.6676511764526367,1,1.9413096904754639,15.100000000000001,0.30000000000000004
3,2,0.0,18.5,2.9000000000000004,-2.4887460224890186,15.100000000000001,0.30000000000000004,219.9053497314453,0.0,,,0,1.9554033279418945,15.100000000000001,0.30000000000000004
3,2,0.0,18.5,2.9000000000000004,-2.4887460224890186,15.100000000000001,0.30000000000000004,220.4053497314453,1.9313251972198486,17.0,1.6231580972671509,1,1.9698541164398193,15.100000000000001,0.30000000000000004
3,2,0.0,18.5,2.9000000000000004,-2.4887460224890186,15.100000000000001,0.30000000000000004,220.9053497314453,1.946143388748169,17.0,1.6004137992858887,1,1.9846723079681396,15.100000000000001,0.30000000000000004
3,2,0.0,18.5,2.9000000000000004,-2.4887460224890186,15.100000000000001,0.30000000000000004,221.4053497314453,1.9613398313522339,17.0,1.5773228406906128,1,1.9998687505722046,15.100000000000001,0.30000000000000004
3,2,0.0,18.5,2.9000000000000004,-2.4887460224890186,15.100000000000001,0.30000000000000004,221.9053497314453,1.9769253730773926,17.0,1.5538737773895264,1,2.0154542922973633,15.100000000000001,0.30000000000000004
3,2,0.0,18.5,2.9000000000000004,-2.4887460224890186,15.100000000000001,0.30000000000000004,222.4053497314453,1.9929115772247314,17.0,1.5300545692443848,1,2.031440496444702,15.100000000000001,0.30000000000000004
3,2,0.0,18.5,2.9000000000000004,-2.4887460224890186,15.100000000000001,0.30000000000000004,222.9053497314453,2.009310722351074,17.0,1.5058525800704956,1,2.047839641571045,15.100000000000001,0.30000000000000004
3,2,0.0,18.5,2.9000000000000004,-2.4887460224890186,15.100000000000001,0.30000000000000004,223.4053497314453,2.026135206222534,17.0,1.4812548160552979,1,2.064664125442505,15.100000000000001,0.30000000000000004
3,2,0.0,18.5,2.9000000000000004,-2.4887460224890186,15.100000000000001,0.30000000000000004,223.9053497314453,2.043398380279541,17.0,1.4562475681304932,1,2.0819272994995117,15.100000000000001,0.30000000000000004
3,2,0.0,18.5,2.9000000000000004,-2.4887460224890186,15.100000000000001,0.30000000000000004,224.4053497314453,2.0611138343811035,17.0,1.4308167695999146,1,2.099642753601074,15.100000000000001,0.30000000000000004
3,2,0.0,18.5,2.9000000000000004,-2.4887460224890186,15.100000000000001,0.30000000000000004,224.9053497314453,0.0,,,0,2.1178250312805176,15.100000000000001,0.30000000000000004
3,2,0.0,18.5,2.9000000000000004,-2.4887460224890186,15.100000000000001,0.30000000000000004,225.4053497314453,2.0979599952697754,17.0,1.3786239624023438,1,2.136488914489746,15.100000000000001,0.30000000000000004
3,2,0.0,18.5,2.9000000000000004,-2.4887460224890186,15.100000000000001,0.30000000000000004,225.9053497314453,0.0,,,0,2.1556503772735596,15.100000000000001,0.30000000000000004
3,2,0.0,18.5,2.9000000000000004,-2.4887460224890186,15.100000000000001,0.30000000000000004,226.4053497314453,2.1367969512939453,17.0,1.324549913406372,1,2.175325870513916,15.100000000000001,0.30000000000000004
3,2,0.0,18.5,2.9000000000000004,-2.4887460224890186,15.100000000000001,0.30000000000000004,226.9053497314453,2.15700364112854,17.0,1.296764612197876,1,2.1955325603485107,15.100000000000001,0.30000000000000004
3,2,0.0,18.5,2.9000000000000004,-2.4887460224890186,15.100000000000001,0.30000000000000004,227.4053497314453,2.1777596473693848,17.0,1.2684561014175415,1,2.2162885665893555,15.100000000000001,0.30000000000000004
3,2,0.0,18.5,2.9000000000000004,-2.4887460224890186,15.100000000000001,0.30000000000000004,227.9053497314453,0.0,,,0,2.2376129627227783,15.100000000000001,0.30000000000000004
3,2,0.0,18.5,2.9000000000000004,-2.4887460224890186,15.100000000000001,0.30000000000000004,228.4053497314453,2.220996141433716,17.0,1.2101911306381226,1,2.2595250606536865,15.100000000000001,0.30000000000000004
3,2,0.0,18.5,2.9000000000000004,-2.4887460224890186,15.100000000000001,0.30000000000000004,228.9053497314453,2.2435173988342285,17.0,1.1801931858062744,1,2.282046318054199,15.100000000000001,0.30000000000000004
3,2,0.0,18.5,2.9000000000000004,-2.4887460224890186,15.100000000000001,0.30000000000000004,229.4053497314453,2.266669511795044,17.0,1.1495888233184814,1,2.3051984310150146,15.100000000000001,0.30000000000000004
3,2,0.0,18.5,2.9000000000000004,-2.4887460224890186,15.100000000000001,0.30000000000000004,229.9053497314453,2.2904751300811768,17.0,1.1183546781539917,1,2.3290040493011475,15.100000000000001,0.30000000000000004
3,2,0.0,18.5,2.9000000000000004,-2.4887460224890186,15.100000000000001,0.30000000000000004,230.4053497314453,2.3149588108062744,17.0,1.0864663124084473,1,2.353487730026245,15.100000000000001,0.30000000000000004
3,2,0.0,18.5,2.9000000000000004,-2.4887460224890186,15.100000000000001,0.30000000000000004,230.9053497314453,2.3401458263397217,17.0,1.0538978576660156,1,2.3786747455596924,15.100000000000001,0.30000000000000004
3,2,0.0,18.5,2.9000000000000004,-2.4887460224890186,15.100000000000001,0.30000000000000004,231.4053497314453,2.366062879562378,17.0,1.0206221342086792,1,2.4045917987823486,15.100000000000001,0.30000000000000004
3,2,0.0,18.5,2.9000000000000004,-2.4887460224890186,15.100000000000001,0.30000000000000004,231.9053497314453,2.392737865447998,17.0,0.9866107106208801,1,2.4312667846679688,15.100000000000001,0.30000000000000004
3,2,0.0,18.5,2.9000000000000004,-2.4887460224890186,15.100000000000001,0.30000000000000004,232.4053497314453,0.0,,,0,2.4587297439575195,15.100000000000001,0.30000000000000004
3,2,0.0,18.5,2.9000000000000004,-2.4887460224890186,15.100000000000001,0.30000000000000004,232.9053497314453,2.4484829902648926,17.0,0.9162589907646179,1,2.4870119094848633,15.100000000000001,0.30000000000000004
3,2,0.0,18.5,2.9000000000000004,-2.4887460224890186,15.100000000000001,0.30000000000000004,233.4053497314453,2.477617025375366,17.0,0.8798537254333496,1,2.516145944595337,15.100000000000001,0.30000000000000004
3,2,0.0,18.5,2.9000000000000004,-2.4887460224890186,15.100000000000001,0.30000000000000004,233.9053497314453,2.5076382160186768,17.0,0.8425825238227844,1,2.5461671352386475,15.100000000000001,0.30000000000000004
3,2,0.0,18.5,2.9000000000000004,-2.4887460224890186,15.100000000000001,0.30000000000000004,234.4053497314453,2.5385828018188477,17.0,0.8044082522392273,1,2.5771117210388184,15.100000000000001,0.30000000000000004
3,2,0.0,18.5,2.9000000000000004,-2.4887460224890186,15.100000000000001,0.30000000000000004,234.9053497314453,2.5704898834228516,17.0,0.765291690826416,1,2.6090188026428223,15.100000000000001,0.30000000000000004
3,2,0.0,18.5,2.9000000000000004,-2.4887460224890186,15.100000000000001,0.30000000000000004,235.4053497314453,0.0,,,0,2.641929864883423,15.100000000000001,0.30000000000000004
3,2,0.0,18.5,2.9000000000000004,-2.4887460224890186,15.100000000000001,0.30000000000000004,235.9053497314453,2.637359142303467,17.0,0.6840630173683167,1,2.6758880615234375,15.100000000000001,0.30000000000000004
3,2,0.0,18.5,2.9000000000000004,-2.4887460224890186,15.100000000000001,0.30000000000000004,236.4053497314453,2.672410726547241,17.0,0.6418604850769043,1,2.710939645767212,15.100000000000001,0.30000000000000004
3,2,0.0,18.5,2.9000000000000004,-2.4887460224890186,15.100000000000001,0.30000000000000004,236.9053497314453,0.0,,,0,2.747133731842041,15.100000000000001,0.30000000000000004
3,2,0.0,18.5,2.9000000000000004,-2.4887460224890186,15.100000000000001,0.30000000000000004,237.4053497314453,2.7459933757781982,17.0,0.5540322065353394,1,2.784522294998169,15.100000000000001,0.30000000000000004
3,2,0.0,18.5,2.9000000000000004,-2.4887460224890186,15.100000000000001,0.30000000000000004,237.9053497314453,2.7846317291259766,17.0,0.508298397064209,1,2.8231606483459473,15.100000000000001,0.30000000000000004
3,2,0.0,18.5,2.9000000000000004,-2.4887460224890186,15.100000000000001,0.30000000000000004,238.4053497314453,2.8245785236358643,17.0,0.4612739682197571,1,2.863107442855835,15.100000000000001,0.30000000000000004
3,2,0.0,18.5,2.9000000000000004,-2.4887460224890186,15.100000000000001,0.30000000000000004,238.9053497314453,2.865896463394165,17.0,0.41289588809013367,1,2.9044253826141357,15.100000000000001,0.30000000000000004
3,2,0.0,18.5,2.9000000000000004,-2.4887460224890186,15.100000000000001,0.30000000000000004,239.4053497314453,2.9086520671844482,17.0,0.363097220659256,1,2.947180986404419,15.100000000000001,0.30000000000000004
3,2,0.0,18.5,2.9000000000000004,-2.4887460224890186,15.100000000000001,0.30000000000000004,239.9053497314453,2.952916383743286,17.0,0.3118065595626831,1,2.991445302963257,15.100000000000001,0.30000000000000004
3,2,0.0,18.5,2.9000000000000004,-2.4887460224890186,15.100000000000001,0.30000000000000004,240.4053497314453,2.998765468597412,17.0,0.25894761085510254,1,3.037294387817383,15.100000000000001,0.30000000000000004
3,2,0.0,18.5,2.9000000000000004,-2.4887460224890186,15.100000000000001,0.30000000000000004,240.9053497314453,3.0462806224823,17.0,0.20443889498710632,1,3.0848095417022705,15.100000000000001,0.30000000000000004
3,2,0.0,18.5,2.9000000000000004,-2.4887460224890186,15.100000000000001,0.30000000000000004,241.4053497314453,3.095548391342163,17.0,0.14819328486919403,1,3.134077310562134,15.100000000000001,0.30000000000000004
3,2,0.0,18.5,2.9000000000000004,-2.4887460224890186,15.100000000000001,0.30000000000000004,241.9053497314453,3.1466617584228516,17.0,0.09011740982532501,1,3.1851906776428223,15.100000000000001,0.30000000000000004
3,2,0.0,18.5,2.9000000000000004,-2.4887460224890186,15.100000000000001,0.30000000000000004,242.4053497314453,0.0,,,0,3.2382497787475586,15.100000000000001,0.30000000000000004
3,2,0.0,18.5,2.9000000000000004,-2.4887460224890186,15.100000000000001,0.30000000000000004,242.9053497314453,3.2548327445983887,17.0,-0.03193291276693344,1,3.2933616638183594,15.100000000000001,0.30000000000000004
3,2,0.0,18.5,2.9000000000000004,-2.4887460224890186,15.100000000000001,0.30000000000000004,243.4053497314453,3.312112331390381,17.0,-0.0961303859949112,1,3.3506412506103516,15.100000000000001,0.30000000000000004
3,2,0.0,18.5,2.9000000000000004,-2.4887460224890186,15.100000000000001,0.30000000000000004,243.9053497314453,3.3716840744018555,17.0,-0.1626056432723999,1,3.410212993621826,15.100000000000001,0.30000000000000004
3,2,0.0,18.5,2.9000000000000004,-2.4887460224890186,15.100000000000001,0.30000000000000004,244.4053497314453,3.4336817264556885,17.0,-0.2314928025007248,1,3.472210645675659,15.100000000000001,0.30000000000000004
3,2,0.0,18.5,2.9000000000000004,-2.4887460224890186,15.100000000000001,0.30000000000000004,244.9053497314453,3.4982497692108154,17.0,-0.3029365837574005,1,3.536778688430786,15.100000000000001,0.30000000000000004
3,2,0.0,18.5,2.9000000000000004,-2.4887460224890186,15.100000000000001,0.30000000000000004,245.4053497314453,3.5655441284179688,17.0,-0.3770935833454132,1,3.6040730476379395,15.100000000000001,0.30000000000000004
3,2,0.0,18.5,2.9000000000000004,-2.4887460224890186,15.100000000000001,0.30000000000000004,245.9053497314453,3.6357343196868896,17.0,-0.4541332423686981,1,3.6742632389068604,15.100000000000001,0.30000000000000004
3,2,0.0,18.5,2.9000000000000004,-2.4887460224890186,15.100000000000001,0.30000000000000004,246.4053497314453,3.7090036869049072,17.0,-0.5342394709587097,1,3.747532606124878,15.100000000000001,0.30000000000000004
3,2,0.0,18.5,2.9000000000000004,-2.4887460224890186,15.100000000000001,0.30000000000000004,246.9053497314453,3.7855520248413086,17.0,-0.6176120042800903,1,3.8240809440612793,15.100000000000001,0.30000000000000004
3,2,0.0,18.5,2.9000000000000004,-2.4887460224890186,15.100000000000001,0.30000000000000004,247.4053497314453,3.865596055984497,17.0,-0.7044683694839478,1,3.9041249752044678,15.100000000000001,0.30000000000000004
3,2,0.0,18.5,2.9000000000000004,-2.4887460224890186,15.100000000000001,0.30000000000000004,247.9053497314453,3.9493730068206787,17.0,-0.7950454950332642,1,3.9879019260406494,15.100000000000001,0.30000000000000004
3,2,0.0,18.5,2.9000000000000004,-2.4887460224890186,15.100000000000001,0.30000000000000004,248.4053497314453,4.0371413230896,17.0,-0.8896026015281677,1,4.07567024230957,15.100000000000001,0.30000000000000004
3,2,0.0,18.5,2.9000000000000004,-2.4887460224890186,15.100000000000001,0.30000000000000004,248.9053497314453,0.0,,,0,4.167713642120361,15.100000000000001,0.30000000000000004
3,2,0.0,18.5,2.9000000000000004,-2.4887460224890186,15.100000000000001,0.30000000000000004,249.4053497314453,4.225813388824463,17.0,-1.0918184518814087,1,4.264342308044434,15.100000000000001,0.30000000000000004
3,2,0.0,18.5,2.9000000000000004,-2.4887460224890186,15.100000000000001,0.30000000000000004,249.9053497314453,4.327369689941406,17.0,-1.2001303434371948,1,4.365898609161377,15.100000000000001,0.30000000000000004
3,2,0.0,18.5,2.9000000000000004,-2.4887460224890186,15.100000000000001,0.30000000000000004,250.4053497314453,4.434229850769043,17.0,-1.3137359619140625,1,4.472758769989014,15.100000000000001,0.30000000000000004
3,2,0.0,18.5,2.9000000000000004,-2.4887460224890186,15.100000000000001,0.30000000000000004,250.9053497314453,4.546810150146484,17.0,-1.433051586151123,1,4.585339069366455,15.100000000000001,0.30000000000000004
3,2,0.0,18.5,2.9000000000000004,-2.4887460224890186,15.100000000000001,0.30000000000000004,251.4053497314453,4.665572166442871,17.0,-1.5585386753082275,1,4.704101085662842,15.100000000000001,0.30000000000000004
3,2,0.0,18.5,2.9000000000000004,-2.4887460224890186,15.100000000000001,0.30000000000000004,251.9053497314453,4.791027069091797,17.0,-1.690709114074707,1,4.829555988311768,15.100000000000001,0.30000000000000004
3,2,0.0,18.5,2.9000000000000004,-2.4887460224890186,15.100000000000001,0.30000000000000004,252.4053497314453,0.0,,,0,4.962274074554443,15.100000000000001,0.30000000000000004
3,2,0.0,18.5,2.9000000000000004,-2.4887460224890186,15.100000000000001,0.30000000000000004,252.9053497314453,5.0643630027771,17.0,-1.9774487018585205,1,5.10289192199707,15.100000000000001,0.30000000000000004
3,2,0.0,18.5,2.9000000000000004,-2.4887460224890186,15.100000000000001,0.30000000000000004,253.4053497314453,5.213594436645508,17.0,-2.133368730545044,1,5.2521233558654785,15.100000000000001,0.30000000000000004
3,2,0.0,18.5,2.9000000000000004,-2.4887460224890186,15.100000000000001,0.30000000000000004,253.9053497314453,5.372241973876953,17.0,-2.2986960411071777,1,5.410770893096924,15.100000000000001,0.30000000000000004
3,2,0.0,18.5,2.9000000000000004,-2.4887460224890186,15.100000000000001,0.30000000000000004,254.4053497314453,5.541210174560547,17.0,-2.4743361473083496,1,5.579739093780518,15.100000000000001,0.30000000000000004
3,2,0.0,18.5,2.9000000000000004,-2.4887460224890186,15.100000000000001,0.30000000000000004,254.9053497314453,0.0,,,0,5.760053634643555,15.100000000000001,0.30000000000000004
3,2,0.0,18.5,2.9000000000000004,-2.4887460224890186,15.100000000000001,0.30000000000000004,255.4053497314453,5.914350986480713,17.0,-2.8607966899871826,1,5.952879905700684,15.100000000000001,0.30000000000000004
3,2,0.0,18.5,2.9000000000000004,-2.4887460224890186,15.100000000000001,0.30000000000000004,255.9053497314453,0.0,,,0,6.159548759460449,15.100000000000001,0.30000000000000004
3,2,0.0,18.5,2.9000000000000004,-2.4887460224890186,15.100000000000001,0.30000000000000004,256.4053649902344,0.0,,,0,6.381587028503418,15.100000000000001,0.30000000000000004
3,2,0.0,18.5,2.9000000000000004,-2.4887460224890186,15.100000000000001,0.30000000000000004,256.9053649902344,6.582226753234863,17.0,-3.5485968589782715,1,6.620755672454834,15.100000000000001,0.30000000000000004
3,2,0.0,18.5,2.9000000000000004,-2.4887460224890186,15.100000000000001,0.30000000000000004,257.4053649902344,6.840564250946045,17.0,-3.8135623931884766,1,6.879093170166016,15.100000000000001,0.30000000000000004
3,2,0.0,18.5,2.9000000000000004,-2.4887460224890186,15.100000000000001,0.30000000000000004,257.9053649902344,7.120448112487793,17.0,-4.100067615509033,1,7.158977031707764,15.100000000000001,0.30000000000000004
3,2,0.0,18.5,2.9000000000000004,-2.4887460224890186,15.100000000000001,0.30000000000000004,258.4053649902344,7.4246649742126465,17.0,-4.410900115966797,1,7.463193893432617,15.100000000000001,0.30000000000000004
3,2,0.0,18.5,2.9000000000000004,-2.4887460224890186,15.100000000000001,0.30000000000000004,258.9053649902344,7.756504535675049,17.0,-4.749349117279053,1,7.7950334548950195,15.100000000000001,0.30000000000000004
3,2,0.0,18.5,2.9000000000000004,-2.4887460224890186,15.100000000000001,0.30000000000000004,259.4053649902344,8.119876861572266,17.0,-5.119325637817383,1,8.158405303955078,15.100000000000001,0.30000000000000004
3,2,0.0,18.5,2.9000000000000004,-2.4887460224890186,15.100000000000001,0.30000000000000004,259.9053649902344,8.5194673538208,17.0,-5.525514125823975,1,8.557995796203613,15.100000000000001,0.30000000000000004
3,2,0.0,18.5,2.9000000000000004,-2.4887460224890186,15.100000000000001,0.30000000000000004,260.4053649902344,8.9609375,17.0,-5.973577499389648,1,8.999465942382812,15.100000000000001,0.30000000000000004
3,2,0.0,18.5,2.9000000000000004,-2.4887460224890186,15.100000000000001,0.30000000000000004,260.9053649902344,9.451192855834961,17.0,-6.470422267913818,1,9.489721298217773,15.100000000000001,0.30000000000000004
3,2,0.0,18.5,2.9000000000000004,-2.4887460224890186,15.100000000000001,0.30000000000000004,261.4053649902344,9.998749732971191,17.0,-7.024563312530518,1,10.037278175354004,15.100000000000001,0.30000000000000004
3,2,0.0,18.5,2.9000000000000004,-2.4887460224890186,15.100000000000001,0.30000000000000004,261.9053649902344,10.614224433898926,17.0,-7.646617889404297,1,10.652752876281738,15.100000000000001,0.30000000000000004
3,2,0.0,18.5,2.9000000000000004,-2.4887460224890186,15.100000000000001,0.30000000000000004,262.4053649902344,0.0,,,0,11.349559783935547,15.100000000000001,0.30000000000000004
3,2,0.0,18.5,2.9000000000000004,-2.4887460224890186,15.100000000000001,0.30000000000000004,262.9053649902344,11.550302505493164,17.06867790222168,-8.600101470947266,1,11.588830947875977,15.100000000000001,0.30000000000000004
3,2,0.0,18.5,2.9000000000000004,-2.4887460224890186,15.100000000000001,0.30000000000000004,263.4053649902344,11.538169860839844,17.170482635498047,-8.600101470947266,1,11.576698303222656,15.100000000000001,0.30000000000000004
3,2,0.0,18.5,2.9000000000000004,-2.4887460224890186,15.100000000000001,0.30000000000000004,263.9053649902344,11.526942253112793,17.27208137512207,-8.600101470947266,1,11.565470695495605,15.100000000000001,0.30000000000000004
3,2,0.0,18.5,2.9000000000000004,-2.4887460224890186,15.100000000000001,0.30000000000000004,264.4053649902344,11.516615867614746,17.373491287231445,-8.600101470947266,1,11.555144309997559,15.100000000000001,0.30000000000000004
3,2,0.0,18.5,2.9000000000000004,-2.4887460224890186,15.100000000000001,0.30000000000000004,264.9053649902344,0.0,,,0,11.545714378356934,15.100000000000001,0.30000000000000004
3,2,0.0,18.5,2.9000000000000004,-2.4887460224890186,15.100000000000001,0.30000000000000004,265.4053649902344,11.498648643493652,17.5758056640625,-8.600101470947266,1,11.537177085876465,15.100000000000001,0.30000000000000004
3,2,0.0,18.5,2.9000000000000004,-2.4887460224890186,15.100000000000001,0.30000000000000004,265.9053649902344,11.491002082824707,17.676742553710938,-8.600101470947266,1,11.52953052520752,15.100000000000001,0.30000000000000004
3,2,0.0,18.5,2.9000000000000004,-2.4887460224890186,15.100000000000001,0.30000000000000004,266.4053649902344,11.48424243927002,17.77755355834961,-8.600101470947266,1,11.522770881652832,15.100000000000001,0.30000000000000004
3,2,0.0,18.5,2.9000000000000004,-2.4887460224890186,15.100000000000001,0.30000000000000004,266.9053649902344,0.0,,,0,11.51689624786377,15.100000000000001,0.30000000000000004
3,2,0.0,18.5,2.9000000000000004,-2.4887460224890186,15.100000000000001,0.30000000000000004,267.4053649902344,11.473374366760254,17.97886085510254,-8.600101470947266,1,11.511902809143066,15.100000000000001,0.30000000000000004
3,2,0.0,18.5,2.9000000000000004,-2.4887460224890186,15.100000000000001,0.30000000000000004,267.9053649902344,11.46926212310791,18.079387664794922,-8.600101470947266,1,11.507790565490723,15.100000000000001,0.30000000000000004
3,2,0.0,18.5,2.9000000000000004,-2.4887460224890186,15.100000000000001,0.30000000000000004,268.4053649902344,0.0,,,0,11.504556655883789,15.100000000000001,0.30000000000000004
3,2,0.0,18.5,2.9000000000000004,-2.4887460224890186,15.100000000000001,0.30000000000000004,268.9053649902344,11.463671684265137,18.280261993408203,-8.600101470947266,1,11.50220012664795,15.100000000000001,0.30000000000000004
3,2,0.0,18.5,2.9000000000000004,-2.4887460224890186,15.100000000000001,0.30000000000000004,269.4053649902344,11.46219253540039,18.38064193725586,-8.600101470947266,1,11.500720977783203,15.100000000000001,0.30000000000000004
3,2,0.0,18.5,2.9000000000000004,-2.4887460224890186,15.100000000000001,0.30000000000000004,269.9053649902344,11.461588859558105,18.481002807617188,-8.600101470947266,1,11.500117301940918,15.100000000000001,0.30000000000000004
3,2,0.0,18.5,2.9000000000000004,-2.4887460224890186,15.100000000000001,0.30000000000000004,270.4053649902344,11.461860656738281,18.581361770629883,-8.600101470947266,1,11.500389099121094,15.100000000000001,0.30000000000000004
3,2,0.0,18.5,2.9000000000000004,-2.4887460224890186,15.100000000000001,0.30000000000000004,270.9053649902344,11.463008880615234,18.681734085083008,-8.600101470947266,1,11.501537322998047,15.100000000000001,0.30000000000000004
3,2,0.0,18.5,2.9000000000000004,-2.4887460224890186,15.100000000000001,0.30000000000000004,271.4053649902344,11.465033531188965,18.782133102416992,-8.600101470947266,1,11.503561973571777,15.100000000000001,0.30000000000000004
3,2,0.0,18.5,2.9000000000000004,-2.4887460224890186,15.100000000000001,0.30000000000000004,271.9053649902344,11.467934608459473,18.8825740814209,-8.600101470947266,1,11.506463050842285,15.100000000000001,0.30000000000000004
3,2,0.0,18.5,2.9000000000000004,-2.4887460224890186,15.100000000000001,0.30000000000000004,272.4053649902344,0.0,,,0,11.510242462158203,15.100000000000001,0.30000000000000004
3,2,0.0,18.5,2.9000000000000004,-2.4887460224890186,15.100000000000001,0.30000000000000004,272.9053649902344,11.476373672485352,19.083648681640625,-8.600101470947266,1,11.514902114868164,15.100000000000001,0.30000000000000004
3,2,0.0,18.5,2.9000000000000004,-2.4887460224890186,15.100000000000001,0.30000000000000004,273.4053649902344,11.481914520263672,19.184310913085938,-8.600101470947266,1,11.520442962646484,15.100000000000001,0.30000000000000004
3,2,0.0,18.5,2.9000000000000004,-2.4887460224890186,15.100000000000001,0.30000000000000004,273.9053649902344,11.4883394241333,19.285078048706055,-8.600101470947266,1,11.526867866516113,15.100000000000001,0.30000000000000004
3,2,0.0,18.5,2.9000000000000004,-2.4887460224890186,15.100000000000001,0.30000000000000004,274.4053649902344,12.0,,,0,12.0,15.100000000000001,0.30000000000000004
3,2,0.0,18.5,2.9000000000000004,-2.4887460224890186,15.100000000000001,0.30000000000000004,274.9053649902344,12.0,,,0,12.0,15.100000000000001,0.30000000000000004
3,2,0.0,18.5,2.9000000000000004,-2.4887460224890186,15.100000000000001,0.30000000000000004,275.4053649902344,12.0,,,0,12.0,15.100000000000001,0.30000000000000004
3,2,0.0,18.5,2.9000000000000004,-2.4887460224890186,15.100000000000001,0.30000000000000004,275.9053649902344,12.0,,,0,12.0,15.100000000000001,0.30000000000000004
3,2,0.0,18.5,2.9000000000000004,-2.4887460224890186,15.100000000000001,0.30000000000000004,276.4053649902344,12.0,,,0,12.0,15.100000000000001,0.30000000000000004
3,2,0.0,18.5,2.9000000000000004,-2.4887460224890186,15.100000000000001,0.30000000000000004,276.9053649902344,11.545602798461914,19.89275550842285,-8.600101470947266,1,11.584131240844727,15.100000000000001,0.30000000000000004
3,2,0.0,18.5,2.9000000000000004,-2.4887460224890186,15.100000000000001,0.30000000000000004,277.4053649902344,11.558300971984863,19.99469566345215,-8.600101470947266,1,11.596829414367676,15.100000000000001,0.30000000000000004
3,2,0.0,18.5,2.9000000000000004,-2.4887460224890186,15.100000000000001,0.30000000000000004,277.9053649902344,11.571911811828613,20.096866607666016,-8.600101470947266,1,11.610440254211426,15.100000000000001,0.30000000000000004
3,2,0.0,18.5,2.9000000000000004,-2.4887460224890186,15.100000000000001,0.30000000000000004,278.4053649902344,0.0,,,0,11.624968528747559,15.100000000000001,0.30000000000000004
3,2,0.0,18.5,2.9000000000000004,-2.4887460224890186,15.100000000000001,0.30000000000000004,278.9053649902344,11.601893424987793,20.301969528198242,-8.600101470947266,1,11.640421867370605,15.100000000000001,0.30000000000000004
3,2,0.0,18.5,2.9000000000000004,-2.4887460224890186,15.100000000000001,0.30000000000000004,279.4053649902344,11.618276596069336,20.40493392944336,-8.600101470947266,1,11.656805038452148,15.100000000000001,0.30000000000000004
3,2,0.0,18.5,2.9000000000000004,-2.4887460224890186,15.100000000000001,0.30000000000000004,279.9053649902344,0.0,,,0,11.674124717712402,15.100000000000001,0.30000000000000004
3,2,0.0,18.5,2.9000000000000004,-2.4887460224890186,15.100000000000001,0.30000000000000004,280.4053649902344,11.65385913848877,20.611774444580078,-8.600101470947266,1,11.692387580871582,15.100000000000001,0.30000000000000004
3,2,0.0,18.5,2.9000000000000004,-2.4887460224890186,15.100000000000001,0.30000000000000004,280.9053649902344,11.67307186126709,20.71568489074707,-8.600101470947266,1,11.711600303649902,15.100000000000001,0.30000000000000004
3,2,0.0,18.5,2.9000000000000004,-2.4887460224890186,15.100000000000001,0.30000000000000004,281.4053649902344,11.693243980407715,20.8199462890625,-8.600101470947266,1,11.731772422790527,15.100000000000001,0.30000000000000004
3,2,0.0,18.5,2.9000000000000004,-2.4887460224890186,15.100000000000001,0.30000000000000004,281.9053649902344,11.714381217956543,20.92457389831543,-8.600101470947266,1,11.752909660339355,15.100000000000001,0.30000000000000004
3,2,0.0,18.5,2.9000000000000004,-2.4887460224890186,15.100000000000001,0.30000000000000004,282.4053649902344,11.736494064331055,21.02958869934082,-8.600101470947266,1,11.775022506713867,15.100000000000001,0.30000000000000004
3,2,0.0,18.5,2.9000000000000004,-2.4887460224890186,15.100000000000001,0.30000000000000004,282.9053649902344,11.759589195251465,21.135005950927734,-8.600101470947266,1,11.798117637634277,15.100000000000001,0.30000000000000004
3,2,0.0,18.5,2.9000000000000004,-2.4887460224890186,15.100000000000001,0.30000000000000004,283.4053649902344,0.0,,,0,11.822206497192383,15.100000000000001,0.30000000000000004
3,2,0.0,18.5,2.9000000000000004,-2.4887460224890186,15.100000000000001,0.30000000000000004,283.9053649902344,11.808769226074219,21.34712791442871,-8.600101470947266,1,11.847297668457031,15.100000000000001,0.30000000000000004
3,2,0.0,18.5,2.9000000000000004,-2.4887460224890186,15.100000000000001,0.30000000000000004,284.4053649902344,11.834874153137207,21.45387077331543,-8.600101470947266,1,11.87340259552002,15.100000000000001,0.30000000000000004
3,2,0.0,18.5,2.9000000000000004,-2.4887460224890186,15.100000000000001,0.30000000000000004,284.9053649902344,11.862001419067383,21.561092376708984,-8.600101470947266,1,11.900529861450195,15.100000000000001,0.30000000000000004
3,2,0.0,18.5,2.9000000000000004,-2.4887460224890186,15.100000000000001,0.30000000000000004,285.4053649902344,11.89016342163086,21.668811798095703,-8.600101470947266,1,11.928691864013672,15.100000000000001,0.30000000000000004
3,2,0.0,18.5,2.9000000000000004,-2.4887460224890186,15.100000000000001,0.30000000000000004,285.9053649902344,11.91937255859375,21.77705192565918,-8.600101470947266,1,11.957901000976562,15.100000000000001,0.30000000000000004
3,2,0.0,18.5,2.9000000000000004,-2.4887460224890186,15.100000000000001,0.30000000000000004,286.4053649902344,11.949640274047852,21.885831832885742,-8.600101470947266,1,11.988168716430664,15.100000000000001,0.30000000000000004
3,2,0.0,18.5,2.9000000000000004,-2.4887460224890186,15.100000000000001,0.30000000000000004,286.9053649902344,12.0,,,0,12.0,15.100000000000001,0.30000000000000004
3,2,0.0,18.5,2.9000000000000004,-2.4887460224890186,15.100000000000001,0.30000000000000004,287.4053649902344,12.0,,,0,12.0,15.100000000000001,0.30000000000000004
3,2,0.0,18.5,2.9000000000000004,-2.4887460224890186,15.100000000000001,0.30000000000000004,287.9053649902344,11.900785446166992,22.17068862915039,-8.461041450500488,1,11.939313888549805,15.100000000000001,0.30000000000000004
3,2,0.0,18.5,2.9000000000000004,-2.4887460224890186,15.100000000000001,0.30000000000000004,288.4053649902344,11.587225914001465,22.17068862915039,-8.13105583190918,1,11.625754356384277,15.100000000000001,0.30000000000000004
3,2,0.0,18.5,2.9000000000000004,-2.4887460224890186,15.100000000000001,0.30000000000000004,288.9053649902344,11.290555000305176,22.17068862915039,-7.817936420440674,1,11.329083442687988,15.100000000000001,0.30000000000000004
3,2,0.0,18.5,2.9000000000000004,-2.4887460224890186,15.100000000000001,0.30000000000000004,289.4053649902344,11.009468078613281,22.17068862915039,-7.5203776359558105,1,11.047996520996094,15.100000000000001,0.30000000000000004
3,2,0.0,18.5,2.9000000000000004,-2.4887460224890186,15.100000000000001,0.30000000000000004,289.9053649902344,10.742794036865234,22.17068862915039,-7.237205982208252,1,10.781322479248047,15.100000000000001,0.30000000000000004
3,2,0.0,18.5,2.9000000000000004,-2.4887460224890186,15.100000000000001,0.30000000000000004,290.4053649902344,0.0,,,0,10.528000831604004,15.100000000000001,0.30000000000000004
3,2,0.0,18.5,2.9000000000000004,-2.4887460224890186,15.100000000000001,0.30000000000000004,290.9053649902344,10.248547554016113,22.17068862915039,-6.7098894119262695,1,10.287075996398926,15.100000000000001,0.30000000000000004
3,2,0.0,18.5,2.9000000000000004,-2.4887460224890186,15.100000000000001,0.30000000000000004,291.4053649902344,10.01915168762207,22.17068862915039,-6.463918209075928,1,10.057680130004883,15.100000000000001,0.30000000000000004
3,2,0.0,18.5,2.9000000000000004,-2.4887460224890186,15.100000000000001,0.30000000000000004,291.9053649902344,9.800496101379395,22.17068862915039,-6.228660583496094,1,9.839024543762207,15.100000000000001,0.30000000000000004
3,2,0.0,18.5,2.9000000000000004,-2.4887460224890186,15.100000000000001,0.30000000000000004,292.4053649902344,9.591863632202148,22.17068862915039,-6.003397464752197,1,9.630392074584961,15.100000000000001,0.30000000000000004
3,2,0.0,18.5,2.9000000000000004,-2.4887460224890186,15.100000000000001,0.30000000000000004,292.9053649902344,9.392598152160645,22.17068862915039,-5.787472724914551,1,9.431126594543457,15.100000000000001,0.30000000000000004
3,2,0.0,18.5,2.9000000000000004,-2.4887460224890186,15.100000000000001,0.30000000000000004,293.4053649902344,9.20210075378418,22.17068862915039,-5.580287456512451,1,9.240629196166992,15.100000000000001,0.30000000000000004
3,2,0.0,18.5,2.9000000000000004,-2.4887460224890186,15.100000000000001,0.30000000000000004,293.9053649902344,0.0,,,0,9.05835247039795,15.100000000000001,0.30000000000000004
3,2,0.0,18.5,2.9000000000000004,-2.4887460224890186,15.100000000000001,0.30000000000000004,294.4053649902344,8.845261573791504,22.17068862915039,-5.189979076385498,1,8.883790016174316,15.100000000000001,0.30000000000000004
3,2,0.0,18.5,2.9000000000000004,-2.4887460224890186,15.100000000000001,0.30000000000000004,294.9053649902344,8.67795181274414,22.17068862915039,-5.005887985229492,1,8.716480255126953,15.100000000000001,0.30000000000000004
3,2,0.0,18.5,2.9000000000000004,-2.4887460224890186,15.100000000000001,0.30000000000000004,295.4053649902344,8.51746654510498,22.17068862915039,-4.828588962554932,1,8.555994987487793,15.100000000000001,0.30000000000000004
3,2,0.0,18.5,2.9000000000000004,-2.4887460224890186,15.100000000000001,0.30000000000000004,295.9053649902344,8.363411903381348,22.17068862915039,-4.657688140869141,1,8.40194034576416,15.100000000000001,0.30000000000000004
3,2,0.0,18.5,2.9000000000000004,-2.4887460224890186,15.100000000000001,0.30000000000000004,296.4053649902344,8.215425491333008,22.17068862915039,-4.4928202629089355,1,8.25395393371582,15.100000000000001,0.30000000000000004
3,2,0.0,18.5,2.9000000000000004,-2.4887460224890186,15.100000000000001,0.30000000000000004,296.9053649902344,8.07316780090332,22.17068862915039,-4.333647727966309,1,8.111696243286133,15.100000000000001,0.30000000000000004
3,2,0.0,18.5,2.9000000000000004,-2.4887460224890186,15.100000000000001,0.30000000000000004,297.4053649902344,7.936327934265137,22.17068862915039,-4.1798577308654785,1,7.974856853485107,15.100000000000001,0.30000000000000004
3,2,0.0,18.5,2.9000000000000004,-2.4887460224890186,15.100000000000001,0.30000000000000004,297.9053649902344,7.8046159744262695,22.17068862915039,-4.031158924102783,1,7.84314489364624,15.100000000000001,0.30000000000000004
3,2,0.0,18.5,2.9000000000000004,-2.4887460224890186,15.100000000000001,0.30000000000000004,298.4053649902344,7.677762031555176,22.17068862915039,-3.8872811794281006,1,7.7162909507751465,15.100000000000001,0.30000000000000004
3,2,0.0,18.5,2.9000000000000004,-2.4887460224890186,15.100000000000001,0.30000000000000004,298.9053649902344,7.555515289306641,22.17068862915039,-3.7479732036590576,1,7.594044208526611,15.100000000000001,0.30000000000000004
3,2,0.0,18.5,2.9000000000000004,-2.4887460224890186,15.100000000000001,0.30000000000000004,299.4053649902344,0.0,,,0,7.476171016693115,15.100000000000001,0.30000000000000004
3,2,0.0,18.5,2.9000000000000004,-2.4887460224890186,15.100000000000001,0.30000000000000004,299.9053649902344,7.323924541473389,22.17068862915039,-3.4821436405181885,1,7.362453460693359,15.100000000000001,0.30000000000000004
3,2,0.0,18.5,2.9000000000000004,-2.4887460224890186,15.100000000000001,0.30000000000000004,300.4053649902344,7.214158058166504,22.17068862915039,-3.355198621749878,1,7.252686977386475,15.100000000000001,0.30000000000000004
3,2,0.0,18.5,2.9000000000000004,-2.4887460224890186,15.100000000000001,0.30000000000000004,300.9053649902344,7.108153343200684,22.17068862915039,-3.231973886489868,1,7.146682262420654,15.100000000000001,0.30000000000000004
3,2,0.0,18.5,2.9000000000000004,-2.4887460224890186,15.100000000000001,0.30000000000000004,301.4053649902344,0.0,,,0,7.044260025024414,15.100000000000001,0.30000000000000004
3,2,0.0,18.5,2.9000000000000004,-2.4887460224890186,15.100000000000001,0.30000000000000004,301.9053649902344,6.906724452972412,22.17068862915039,-2.9959802627563477,1,6.945253372192383,15.100000000000001,0.30000000000000004
3,2,0.0,18.5,2.9000000000000004,-2.4887460224890186,15.100000000000001,0.30000000000000004,302.4053649902344,6.810976982116699,22.17068862915039,-2.882885694503784,1,6.84950590133667,15.100000000000001,0.30000000000000004
3,2,0.0,18.5,2.9000000000000004,-2.4887460224890186,15.100000000000001,0.30000000000000004,302.9053649902344,6.718340873718262,22.17068862915039,-2.7728588581085205,1,6.756869792938232,15.100000000000001,0.30000000000000004
3,2,0.0,18.5,2.9000000000000004,-2.4887460224890186,15.100000000000001,0.30000000000000004,303.4053649902344,0.0,,,0,6.667206764221191,15.100000000000001,0.30000000000000004
3,2,0.0,18.5,2.9000000000000004,-2.4887460224890186,15.100000000000001,0.30000000000000004,303.9053649902344,6.541858196258545,22.17068862915039,-2.5614590644836426,1,6.580387115478516,15.100000000000001,0.30000000000000004
3,2,0.0,18.5,2.9000000000000004,-2.4887460224890186,15.100000000000001,0.30000000000000004,304.4053649902344,0.0,,,0,6.496287822723389,15.100000000000001,0.30000000000000004
3,2,0.0,18.5,2.9000000000000004,-2.4887460224890186,15.100000000000001,0.30000000000000004,304.9053649902344,6.376264572143555,22.17068862915039,-2.3607616424560547,1,6.414793491363525,15.100000000000001,0.30000000000000004
3,2,0.0,18.5,2.9000000000000004,-2.4887460224890186,15.100000000000001,0.30000000000000004,305.4053649902344,6.297265529632568,22.17068862915039,-2.264139175415039,1,6.335794448852539,15.100000000000001,0.30000000000000004
3,2,0.0,18.5,2.9000000000000004,-2.4887460224890186,15.100000000000001,0.30000000000000004,305.9053649902344,6.220660209655762,22.17068862915039,-2.169860601425171,1,6.259189128875732,15.100000000000001,0.30000000000000004
3,2,0.0,18.5,2.9000000000000004,-2.4887460224890186,15.100000000000001,0.30000000000000004,306.4053649902344,6.146349906921387,22.17068862915039,-2.0778274536132812,1,6.184878826141357,15.100000000000001,0.30000000000000004
3,2,0.0,18.5,2.9000000000000004,-2.4887460224890186,15.100000000000001,0.30000000000000004,306.9053649902344,6.074244022369385,22.17068862915039,-1.9879474639892578,1,6.1127729415893555,15.100000000000001,0.30000000000000004
3,2,0.0,18.5,2.9000000000000004,-2.4887460224890186,15.100000000000001,0.30000000000000004,307.4053649902344,6.004254341125488,22.17068862915039,-1.9001322984695435,1,6.042783260345459,15.100000000000001,0.30000000000000004
3,2,0.0,18.5,2.9000000000000004,-2.4887460224890186,15.100000000000001,0.30000000000000004,307.9053649902344,5.9362993240356445,22.17068862915039,-1.8142987489700317,1,5.974828243255615,15.100000000000001,0.30000000000000004
3,2,0.0,18.5,2.9000000000000004,-2.4887460224890186,15.100000000000001,0.30000000000000004,308.4053649902344,5.870300769805908,22.17068862915039,-1.7303680181503296,1,5.908829689025879,15.100000000000001,0.30000000000000004
3,2,0.0,18.5,2.9000000000000004,-2.4887460224890186,15.100000000000001,0.30000000000000004,308.9053649902344,0.0,,,0,12.0,15.100000000000001,0.30000000000000004
3,2,0.0,18.5,2.9000000000000004,-2.4887460224890186,15.100000000000001,0.30000000000000004,309.4053649902344,12.0,,,0,12.0,15.100000000000001,0.30000000000000004
3,2,0.0,18.5,2.9000000000000004,-2.4887460224890186,15.100000000000001,0.30000000000000004,309.9053649902344,12.0,,,0,12.0,15.100000000000001,0.30000000000000004
3,2,0.0,18.5,2.9000000000000004,-2.4887460224890186,15.100000000000001,0.30000000000000004,310.4053649902344,12.0,,,0,12.0,15.100000000000001,0.30000000000000004
3,2,0.0,18.5,2.9000000000000004,-2.4887460224890186,15.100000000000001,0.30000000000000004,310.9053649902344,12.0,,,0,12.0,15.100000000000001,0.30000000000000004
3,2,0.0,18.5,2.9000000000000004,-2.4887460224890186,15.100000000000001,0.30000000000000004,311.4053649902344,12.0,,,0,12.0,15.100000000000001,0.30000000000000004
3,2,0.0,18.5,2.9000000000000004,-2.4887460224890186,15.100000000000001,0.30000000000000004,311.9053649902344,12.0,,,0,12.0,15.100000000000001,0.30000000000000004
3,2,0.0,18.5,2.9000000000000004,-2.4887460224890186,15.100000000000001,0.30000000000000004,312.4053649902344,12.0,,,0,12.0,15.100000000000001,0.30000000000000004
3,2,0.0,18.5,2.9000000000000004,-2.4887460224890186,15.100000000000001,0.30000000000000004,312.9053649902344,0.0,,,0,5.3918137550354,15.100000000000001,0.30000000000000004
3,2,0.0,18.5,2.9000000000000004,-2.4887460224890186,15.100000000000001,0.30000000000000004,313.4053649902344,5.303332805633545,22.17068862915039,-0.980918288230896,1,5.341861724853516,15.100000000000001,0.30000000000000004
3,2,0.0,18.5,2.9000000000000004,-2.4887460224890186,15.100000000000001,0.30000000000000004,313.9053649902344,0.0,,,0,5.29322624206543,15.100000000000001,0.30000000000000004
3,2,0.0,18.5,2.9000000000000004,-2.4887460224890186,15.100000000000001,0.30000000000000004,314.4053649902344,5.207335472106934,22.17068862915039,-0.8476836085319519,1,5.245864391326904,15.100000000000001,0.30000000000000004
3,2,0.0,18.5,2.9000000000000004,-2.4887460224890186,15.100000000000001,0.30000000000000004,314.9053649902344,5.161205768585205,22.17068862915039,-0.7828361988067627,1,5.199734687805176,15.100000000000001,0.30000000000000004
3,2,0.0,18.5,2.9000000000000004,-2.4887460224890186,15.100000000000001,0.30000000000000004,315.4053649902344,5.116270065307617,22.17068862915039,-0.7191145420074463,1,5.154798984527588,15.100000000000001,0.30000000000000004
3,2,0.0,18.5,2.9000000000000004,-2.4887460224890186,15.100000000000001,0.30000000000000004,315.9053649902344,5.0724897384643555,22.17068862915039,-0.656480073928833,1,5.111018657684326,15.100000000000001,0.30000000000000004
3,2,0.0,18.5,2.9000000000000004,-2.4887460224890186,15.100000000000001,0.30000000000000004,316.4053649902344,0.0,,,0,5.068358421325684,15.100000000000001,0.30000000000000004
3,2,0.0,18.5,2.9000000000000004,-2.4887460224890186,15.100000000000001,0.30000000000000004,316.9053649902344,4.988255500793457,22.17068862915039,-0.5343267321586609,1,5.026784420013428,15.100000000000001,0.30000000000000004
3,2,0.0,18.5,2.9000000000000004,-2.4887460224890186,15.100000000000001,0.30000000000000004,317.4053649902344,4.947734355926514,22.17068862915039,-0.47473859786987305,1,4.986263275146484,15.100000000000001,0.30000000000000004
3,2,0.0,18.5,2.9000000000000004,-2.4887460224890186,15.100000000000001,0.30000000000000004,317.9053649902344,4.9082350730896,22.17068862915039,-0.41609904170036316,1,4.94676399230957,15.100000000000001,0.30000000000000004
3,2,0.0,18.5,2.9000000000000004,-2.4887460224890186,15.100000000000001,0.30000000000000004,318.4053649902344,0.0,,,0,4.908256530761719,15.100000000000001,0.30000000000000004
3,2,0.0,18.5,2.9000000000000004,-2.4887460224890186,15.100000000000001,0.30000000000000004,318.9053649902344,4.832182884216309,22.17068862915039,-0.30154213309288025,1,4.870711803436279,15.100000000000001,0.30000000000000004
3,2,0.0,18.5,2.9000000000000004,-2.4887460224890186,15.100000000000001,0.30000000000000004,319.4053649902344,0.0,,,0,4.834102630615234,15.100000000000001,0.30000000000000004
3,2,0.0,18.5,2.9000000000000004,-2.4887460224890186,15.100000000000001,0.30000000000000004,319.9053649902344,0.0,,,0,4.798401832580566,15.100000000000001,0.30000000000000004
3,2,0.0,18.5,2.9000000000000004,-2.4887460224890186,15.100000000000001,0.30000000000000004,320.4053649902344,4.725056171417236,22.17068862915039,-0.13608033955097198,1,4.763585090637207,15.100000000000001,0.30000000000000004
3,2,0.0,18.5,2.9000000000000004,-2.4887460224890186,15.100000000000001,0.30000000000000004,320.9053649902344,4.691098690032959,22.17068862915039,-0.0825185477733612,1,4.72962760925293,15.100000000000001,0.30000000000000004
3,2,0.0,18.5,2.9000000000000004,-2.4887460224890186,15.100000000000001,0.30000000000000004,321.4053649902344,4.657977104187012,22.17068862915039,-0.02971099503338337,1,4.696506023406982,15.100000000000001,0.30000000000000004
3,2,0.0,18.5,2.9000000000000004,-2.4887460224890186,15.100000000000001,0.30000000000000004,321.9053649902344,0.0,,,0,4.6641974449157715,15.100000000000001,0.30000000000000004
3,2,0.0,18.5,2.9000000000000004,-2.4887460224890186,15.100000000000001,0.30000000000000004,322.4053649902344,4.594151973724365,22.17068862915039,0.0737352967262268,1,4.632680892944336,15.100000000000001,0.30000000000000004
3,2,0.0,18.5,2.9000000000000004,-2.4887460224890186,15.100000000000001,0.30000000000000004,322.9053649902344,0.0,,,0,4.601935386657715,15.100000000000001,0.30000000000000004
3,2,0.0,18.5,2.9000000000000004,-2.4887460224890186,15.100000000000001,0.30000000000000004,323.4053649902344,4.533412456512451,22.17068862915039,0.17443791031837463,1,4.571941375732422,15.100000000000001,0.30000000000000004
3,2,0.0,18.5,2.9000000000000004,-2.4887460224890186,15.100000000000001,0.30000000000000004,323.9053649902344,4.504150867462158,22.17068862915039,0.22381289303302765,1,4.542679786682129,15.100000000000001,0.30000000000000004
3,2,0.0,18.5,2.9000000000000004,-2.4887460224890186,15.100000000000001,0.30000000000000004,324.4053649902344,4.475602626800537,22.17068862915039,0.2725635766983032,1,4.514131546020508,15.100000000000001,0.30000000000000004
3,2,0.0,18.5,2.9000000000000004,-2.4887460224890186,15.100000000000001,0.30000000000000004,324.9053649902344,4.447750568389893,22.17068862915039,0.3207089602947235,1,4.486279487609863,15.100000000000001,0.30000000000000004
3,2,0.0,18.5,2.9000000000000004,-2.4887460224890186,15.100000000000001,0.30000000000000004,325.4053649902344,4.420577526092529,22.17068862915039,0.3682674765586853,1,4.4591064453125,15.100000000000001,0.30000000000000004
3,2,0.0,18.5,2.9000000000000004,-2.4887460224890186,15.100000000000001,0.30000000000000004,325.9053649902344,4.394067287445068,22.17068862915039,0.41525691747665405,1,4.432596206665039,15.100000000000001,0.30000000000000004
3,2,0.0,18.5,2.9000000000000004,-2.4887460224890186,15.100000000000001,0.30000000000000004,326.4053649902344,4.368204116821289,22.17068862915039,0.4616944491863251,1,4.40673303604126,15.100000000000001,0.30000000000000004
3,2,0.0,18.5,2.9000000000000004,-2.4887460224890186,15.100000000000001,0.30000000000000004,326.9053649902344,4.342972278594971,22.17068862915039,0.5075966715812683,1,4.381501197814941,15.100000000000001,0.30000000000000004
3,2,0.0,18.5,2.9000000000000004,-2.4887460224890186,15.100000000000001,0.30000000000000004,327.4053649902344,4.318357944488525,22.17068862915039,0.5529797077178955,1,4.356886863708496,15.100000000000001,0.30000000000000004
3,2,0.0,18.5,2.9000000000000004,-2.4887460224890186,15.100000000000001,0.30000000000000004,327.9053649902344,4.294346809387207,22.17068862915039,0.5978590846061707,1,4.332875728607178,15.100000000000001,0.30000000000000004
3,2,0.0,18.5,2.9000000000000004,-2.4887460224890186,15.100000000000001,0.30000000000000004,328.4053649902344,4.270925521850586,22.17068862915039,0.6422498822212219,1,4.309454441070557,15.100000000000001,0.30000000000000004
3,2,0.0,18.5,2.9000000000000004,-2.4887460224890186,15.100000000000001,0.30000000000000004,328.9053649902344,4.248080253601074,22.17068862915039,0.6861666440963745,1,4.286609172821045,15.100000000000001,0.30000000000000004
3,2,0.0,18.5,2.9000000000000004,-2.4887460224890186,15.100000000000001,0.30000000000000004,329.4053649902344,4.225799083709717,22.17068862915039,0.729623556137085,1,4.2643280029296875,15.100000000000001,0.30000000000000004
3,2,0.0,18.5,2.9000000000000004,-2.4887460224890186,15.100000000000001,0.30000000000000004,329.9053649902344,4.204070091247559,22.17068862915039,0.7726342678070068,1,4.242599010467529,15.100000000000001,0.30000000000000004
3,2,0.0,18.5,2.9000000000000004,-2.4887460224890186,15.100000000000001,0.30000000000000004,330.4053649902344,4.182880878448486,22.17068862915039,0.8152121305465698,1,4.221409797668457,15.100000000000001,0.30000000000000004
3,2,0.0,18.5,2.9000000000000004,-2.4887460224890186,15.100000000000001,0.30000000000000004,330.9053649902344,4.1622209548950195,22.17068862915039,0.8573699593544006,1,4.20074987411499,15.100000000000001,0.30000000000000004
3,2,0.0,18.5,2.9000000000000004,-2.4887460224890186,15.100000000000001,0.30000000000000004,331.4053649902344,4.142078876495361,22.17068862915039,0.8991203308105469,1,4.180607795715332,15.100000000000001,0.30000000000000004
3,2,0.0,18.5,2.9000000000000004,-2.4887460224890186,15.100000000000001,0.30000000000000004,331.9053649902344,4.122444152832031,22.17068862915039,0.9404754042625427,1,4.160973072052002,15.100000000000001,0.30000000000000004
3,2,0.0,18.5,2.9000000000000004,-2.4887460224890186,15.100000000000001,0.30000000000000004,332.4053649902344,4.103307247161865,22.17068862915039,0.9814469218254089,1,4.141836166381836,15.100000000000001,0.30000000000000004
3,2,0.0,18.5,2.9000000000000004,-2.4887460224890186,15.100000000000001,0.30000000000000004,332.9053649902344,4.084658145904541,22.17068862915039,1.0220463275909424,1,4.123187065124512,15.100000000000001,0.30000000000000004
3,2,0.0,18.5,2.9000000000000004,-2.4887460224890186,15.100000000000001,0.30000000000000004,333.4053649902344,0.0,,,0,4.105016231536865,15.100000000000001,0.30000000000000004
3,2,0.0,18.5,2.9000000000000004,-2.4887460224890186,15.100000000000001,0.30000000000000004,333.9053649902344,0.0,,,0,4.087314605712891,15.100000000000001,0.30000000000000004
3,2,0.0,18.5,2.9000000000000004,-2.4887460224890186,15.100000000000001,0.30000000000000004,334.4053649902344,4.0315446853637695,22.17068862915039,1.141722321510315,1,4.07007360458374,15.100000000000001,0.30000000000000004
3,2,0.0,18.5,2.9000000000000004,-2.4887460224890186,15.100000000000001,0.30000000000000004,334.9053649902344,0.0,,,0,4.053285121917725,15.100000000000001,0.30000000000000004
3,2,0.0,18.5,2.9000000000000004,-2.4887460224890186,15.100000000000001,0.30000000000000004,335.4053649902344,0.0,,,0,4.036940574645996,15.100000000000001,0.30000000000000004
3,2,0.0,18.5,2.9000000000000004,-2.4887460224890186,15.100000000000001,0.30000000000000004,335.9053649902344,3.9825034141540527,22.17068862915039,1.2584331035614014,1,4.021032333374023,15.100000000000001,0.30000000000000004
3,2,0.0,18.5,2.9000000000000004,-2.4887460224890186,15.100000000000001,0.30000000000000004,336.4053649902344,3.9670238494873047,22.17068862915039,1.2967239618301392,1,4.005552768707275,15.100000000000001,0.30000000000000004
3,2,0.0,18.5,2.9000000000000004,-2.4887460224890186,15.100000000000001,0.30000000000000004,336.9053649902344,3.9519660472869873,22.17068862915039,1.334723949432373,1,3.990494966506958,15.100000000000001,0.30000000000000004
3,2,0.0,18.5,2.9000000000000004,-2.4887460224890186,15.100000000000001,0.30000000000000004,337.4053649902344,3.9373223781585693,22.17068862915039,1.3724421262741089,1,3.97585129737854,15.100000000000001,0.30000000000000004
3,2,0.0,18.5,2.9000000000000004,-2.4887460224890186,15.100000000000001,0.30000000000000004,337.9053649902344,0.0,,,0,3.9616153240203857,15.100000000000001,0.30000000000000004
3,2,0.0,18.5,2.9000000000000004,-2.4887460224890186,15.100000000000001,0.30000000000000004,338.4053649902344,3.9092516899108887,22.17068862915039,1.447068214416504,1,3.9477806091308594,15.100000000000001,0.30000000000000004
3,2,0.0,18.5,2.9000000000000004,-2.4887460224890186,15.100000000000001,0.30000000000000004,338.9053649902344,3.8958115577697754,22.17068862915039,1.4839931726455688,1,3.934340476989746,15.100000000000001,0.30000000000000004
3,2,0.0,18.5,2.9000000000000004,-2.4887460224890186,15.100000000000001,0.30000000000000004,339.4053649902344,3.882760524749756,22.17068862915039,1.5206701755523682,1,3.9212894439697266,15.100000000000001,0.30000000000000004
3,2,0.0,18.5,2.9000000000000004,-2.4887460224890186,15.100000000000001,0.30000000000000004,339.9053649902344,3.8700923919677734,22.17068862915039,1.5571075677871704,1,3.908621311187744,15.100000000000001,0.30000000000000004
3,2,0.0,18.5,2.9000000000000004,-2.4887460224890186,15.100000000000001,0.30000000000000004,340.4053649902344,3.857801675796509,22.17068862915039,1.5933129787445068,1,3.8963305950164795,15.100000000000001,0.30000000000000004
3,2,0.0,18.5,2.9000000000000004,-2.4887460224890186,15.100000000000001,0.30000000000000004,340.9053649902344,3.8458826541900635,22.17068862915039,1.6292941570281982,1,3.884411573410034,15.100000000000001,0.30000000000000004
3,2,0.0,18.5,2.9000000000000004,-2.4887460224890186,15.100000000000001,0.30000000000000004,341.4053649902344,3.8343305587768555,22.17068862915039,1.6650586128234863,1,3.872859477996826,15.100000000000001,0.30000000000000004
3,2,0.0,18.5,2.9000000000000004,-2.4887460224890186,15.100000000000001,0.30000000000000004,341.9053649902344,3.8231401443481445,22.17068862915039,1.7006136178970337,1,3.8616690635681152,15.100000000000001,0.30000000000000004
3,2,0.0,18.5,2.9000000000000004,-2.4887460224890186,15.100000000000001,0.30000000000000004,342.4053649902344,3.8123066425323486,22.17068862915039,1.735966444015503,1,3.8508355617523193,15.100000000000001,0.30000000000000004
3,2,0.0,18.5,2.9000000000000004,-2.4887460224890186,15.100000000000001,0.30000000000000004,342.9053649902344,3.8018252849578857,22.17068862915039,1.7711241245269775,1,3.8403542041778564,15.100000000000001,0.30000000000000004
3,2,0.0,18.5,2.9000000000000004,-2.4887460224890186,15.100000000000001,0.30000000000000004,343.4053649902344,3.791692018508911,22.17068862915039,1.806093692779541,1,3.830220937728882,15.100000000000001,0.30000000000000004
3,2,0.0,18.5,2.9000000000000004,-2.4887460224890186,15.100000000000001,0.30000000000000004,343.9053649902344,3.7819018363952637,22.17068862915039,1.8408817052841187,1,3.8204307556152344,15.100000000000001,0.30000000000000004
3,2,0.0,18.5,2.9000000000000004,-2.4887460224890186,15.100000000000001,0.30000000000000004,344.4053649902344,3.772451400756836,22.17068862915039,1.8754950761795044,1,3.8109803199768066,15.100000000000001,0.30000000000000004
3,2,0.0,18.5,2.9000000000000004,-2.4887460224890186,15.100000000000001,0.30000000000000004,344.9053649902344,3.763336181640625,22.17068862915039,1.9099401235580444,1,3.8018651008605957,15.100000000000001,0.30000000000000004
3,2,0.0,18.5,2.9000000000000004,-2.4887460224890186,15.100000000000001,0.30000000000000004,345.4053649902344,3.7545528411865234,22.17068862915039,1.9442235231399536,1,3.793081760406494,15.100000000000001,0.30000000000000004
3,2,0.0,18.5,2.9000000000000004,-2.4887460224890186,15.100000000000001,0.30000000000000004,345.9053649902344,3.7460973262786865,22.17068862915039,1.978351354598999,1,3.7846262454986572,15.100000000000001,0.30000000000000004
3,2,0.0,18.5,2.9000000000000004,-2.4887460224890186,15.100000000000001,0.30000000000000004,346.4053649902344,3.737966537475586,22.17068862915039,2.0123300552368164,1,3.7764954566955566,15.100000000000001,0.30000000000000004
3,2,0.0,18.5,2.9000000000000004,-2.4887460224890186,15.100000000000001,0.30000000000000004,346.9053649902344,3.730156898498535,22.17068862915039,2.0461654663085938,1,3.768685817718506,15.100000000000001,0.30000000000000004
3,2,0.0,18.5,2.9000000000000004,-2.4887460224890186,15.100000000000001,0.30000000000000004,347.4053649902344,3.722665548324585,22.17068862915039,2.079864025115967,1,3.7611944675445557,15.100000000000001,0.30000000000000004
3,2,0.0,18.5,2.9000000000000004,-2.4887460224890186,15.100000000000001,0.30000000000000004,347.9053649902344,3.715488910675049,22.17068862915039,2.113431215286255,1,3.7540178298950195,15.100000000000001,0.30000000000000004
3,2,0.0,18.5,2.9000000000000004,-2.4887460224890186,15.100000000000001,0.30000000000000004,348.4053649902344,3.7086246013641357,22.17068862915039,2.1468732357025146,1,3.7471535205841064,15.100000000000001,0.30000000000000004
3,2,0.0,18.5,2.9000000000000004,-2.4887460224890186,15.100000000000001,0.30000000000000004,348.9053649902344,3.7020697593688965,22.17068862915039,2.1801958084106445,1,3.740598678588867,15.100000000000001,0.30000000000000004
3,2,0.0,18.5,2.9000000000000004,-2.4887460224890186,15.100000000000001,0.30000000000000004,349.4053649902344,0.0,,,0,3.7343504428863525,15.100000000000001,0.30000000000000004
3,2,0.0,18.5,2.9000000000000004,-2.4887460224890186,15.100000000000001,0.30000000000000004,349.9053649902344,3.68987774848938,22.17068862915039,2.246504783630371,1,3.7284066677093506,15.100000000000001,0.30000000000000004
3,2,0.0,18.5,2.9000000000000004,-2.4887460224890186,15.100000000000001,0.30000000000000004,350.4053649902344,3.6842358112335205,22.17068862915039,2.2795023918151855,1,3.722764730453491,15.100000000000001,0.30000000000000004
3,2,0.0,18.5,2.9000000000000004,-2.4887460224890186,15.100000000000001,0.30000000000000004,350.9053649902344,3.678893804550171,22.17068862915039,2.3124027252197266,1,3.7174227237701416,15.100000000000001,0.30000000000000004
3,2,0.0,18.5,2.9000000000000004,-2.4887460224890186,15.100000000000001,0.30000000000000004,351.4053649902344,3.673849105834961,22.17068862915039,2.3452115058898926,1,3.7123780250549316,15.100000000000001,0.30000000000000004
3,2,0.0,18.5,2.9000000000000004,-2.4887460224890186,15.100000000000001,0.30000000000000004,351.9053649902344,3.669100284576416,22.17068862915039,2.3779337406158447,1,3.7076292037963867,15.100000000000001,0.30000000000000004
3,2,0.0,18.5,2.9000000000000004,-2.4887460224890186,15.100000000000001,0.30000000000000004,352.4053649902344,3.664644956588745,22.17068862915039,2.4105746746063232,1,3.703173875808716,15.100000000000001,0.30000000000000004
3,2,0.0,18.5,2.9000000000000004,-2.4887460224890186,15.100000000000001,0.30000000000000004,352.9053649902344,3.6604819297790527,22.17068862915039,2.4431400299072266,1,3.6990108489990234,15.100000000000001,0.30000000000000004
3,2,0.0,18.5,2.9000000000000004,-2.4887460224890186,15.100000000000001,0.30000000000000004,353.4053649902344,3.656609296798706,22.17068862915039,2.4756345748901367,1,3.6951382160186768,15.100000000000001,0.30000000000000004
3,2,0.0,18.5,2.9000000000000004,-2.4887460224890186,15.100000000000001,0.30000000000000004,353.9053649902344,0.0,,,0,3.691554546356201,15.100000000000001,0.30000000000000004
3,2,0.0,18.5,2.9000000000000004,-2.4887460224890186,15.100000000000001,0.30000000000000004,354.4053649902344,3.6497294902801514,22.17068862915039,2.5404322147369385,1,3.688258409500122,15.100000000000001,0.30000000000000004
3,2,0.0,18.5,2.9000000000000004,-2.4887460224890186,15.100000000000001,0.30000000000000004,354.9053649902344,3.646719455718994,22.17068862915039,2.5727455615997314,1,3.685248374938965,15.100000000000001,0.30000000000000004
3,2,0.0,18.5,2.9000000000000004,-2.4887460224890186,15.100000000000001,0.30000000000000004,355.4053649902344,0.0,,,0,3.682523727416992,15.100000000000001,0.30000000000000004
3,2,0.0,18.5,2.9000000000000004,-2.4887460224890186,15.100000000000001,0.30000000000000004,355.9053649902344,3.6415538787841797,22.17068862915039,2.6372265815734863,1,3.6800827980041504,15.100000000000001,0.30000000000000004
3,2,0.0,18.5,2.9000000000000004,-2.4887460224890186,15.100000000000001,0.30000000000000004,356.4053649902344,3.6393964290618896,22.17068862915039,2.6694042682647705,1,3.6779253482818604,15.100000000000001,0.30000000000000004
3,2,0.0,18.5,2.9000000000000004,-2.4887460224890186,15.100000000000001,0.30000000000000004,356.9053649902344,3.637521266937256,22.17068862915039,2.7015466690063477,1,3.6760501861572266,15.100000000000001,0.30000000000000004
3,2,0.0,18.5,2.9000000000000004,-2.4887460224890186,15.100000000000001,0.30000000000000004,357.4053649902344,3.635927438735962,22.17068862915039,2.733658790588379,1,3.6744563579559326,15.100000000000001,0.30000000000000004
3,2,0.0,18.5,2.9000000000000004,-2.4887460224890186,15.100000000000001,0.30000000000000004,357.9053649902344,3.6346147060394287,22.17068862915039,2.7657456398010254,1,3.6731436252593994,15.100000000000001,0.30000000000000004
3,2,0.0,18.5,2.9000000000000004,-2.4887460224890186,15.100000000000001,0.30000000000000004,358.4053649902344,3.633582592010498,22.17068862915039,2.79781174659729,1,3.6721115112304688,15.100000000000001,0.30000000000000004
3,2,0.0,18.5,2.9000000000000004,-2.4887460224890186,15.100000000000001,0.30000000000000004,358.9053649902344,3.6328303813934326,22.17068862915039,2.829862356185913,1,3.6713593006134033,15.100000000000001,0.30000000000000004
3,2,0.0,18.5,2.9000000000000004,-2.4887460224890186,15.100000000000001,0.30000000000000004,359.4053649902344,3.6323580741882324,22.17068862915039,2.8619024753570557,1,3.670886993408203,15.100000000000001,0.30000000000000004
3,2,0.0,18.5,2.9000000000000004,-2.4887460224890186,15.100000000000001,0.30000000000000004,359.9053649902344,3.6321654319763184,22.17068862915039,2.8939366340637207,1,3.670694351196289,15.100000000000001,0.30000000000000004
3,2,0.0,18.5,2.9000000000000004,-2.4887460224890186,15.100000000000001,0.30000000000000004,0.40535664558410645,3.6322522163391113,22.17068862915039,2.9259698390960693,1,3.670781135559082,15.100000000000001,0.30000000000000004
3,2,0.0,18.5,2.9000000000000004,-2.4887460224890186,15.100000000000001,0.30000000000000004,0.9053566455841064,3.6326186656951904,22.17068862915039,2.9580070972442627,1,3.671147584915161,15.100000000000001,0.30000000000000004
3,2,0.0,18.5,2.9000000000000004,-2.4887460224890186,15.100000000000001,0.30000000000000004,1.4053566455841064,3.6332650184631348,22.17068862915039,2.990053176879883,1,3.6717939376831055,15.100000000000001,0.30000000000000004
3,2,0.0,18.5,2.9000000000000004,-2.4887460224890186,15.100000000000001,0.30000000000000004,1.9053566455841064,3.6341910362243652,22.17068862915039,3.0221128463745117,1,3.672719955444336,15.100000000000001,0.30000000000000004
3,2,0.0,18.5,2.9000000000000004,-2.4887460224890186,15.100000000000001,0.30000000000000004,2.4053566455841064,3.635397434234619,22.17068862915039,3.0541913509368896,1,3.67392635345459,15.100000000000001,0.30000000000000004
3,2,0.0,18.5,2.9000000000000004,-2.4887460224890186,15.100000000000001,0.30000000000000004,2.9053566455841064,3.6368846893310547,22.17068862915039,3.0862932205200195,1,3.6754136085510254,15.100000000000001,0.30000000000000004
3,2,0.0,18.5,2.9000000000000004,-2.4887460224890186,15.100000000000001,0.30000000000000004,3.4053566455841064,0.0,,,0,3.677182197570801,15.100000000000001,0.30000000000000004
3,2,0.0,18.5,2.9000000000000004,-2.4887460224890186,15.100000000000001,0.30000000000000004,3.9053566455841064,3.6407039165496826,22.17068862915039,3.150587320327759,1,3.6792328357696533,15.100000000000001,0.30000000000000004
3,2,0.0,18.5,2.9000000000000004,-2.4887460224890186,15.100000000000001,0.30000000000000004,4.405356407165527,3.6430373191833496,22.17068862915039,3.1827893257141113,1,3.6815662384033203,15.100000000000001,0.30000000000000004
3,2,0.0,18.5,2.9000000000000004,-2.4887460224890186,15.100000000000001,0.30000000000000004,4.905356407165527,3.6456544399261475,22.17068862915039,3.2150347232818604,1,3.684183359146118,15.100000000000001,0.30000000000000004
3,2,0.0,18.5,2.9000000000000004,-2.4887460224890186,15.100000000000001,0.30000000000000004,5.405356407165527,3.6485562324523926,22.17068862915039,3.247328519821167,1,3.6870851516723633,15.100000000000001,0.30000000000000004
3,2,0.0,18.5,2.9000000000000004,-2.4887460224890186,15.100000000000001,0.30000000000000004,5.905356407165527,3.6517438888549805,22.17068862915039,3.2796757221221924,1,3.690272808074951,15.100000000000001,0.30000000000000004
3,2,0.0,18.5,2.9000000000000004,-2.4887460224890186,15.100000000000001,0.30000000000000004,6.405356407165527,3.6552186012268066,22.17068862915039,3.3120813369750977,1,3.6937475204467773,15.100000000000001,0.30000000000000004
3,2,0.0,18.5,2.9000000000000004,-2.4887460224890186,15.100000000000001,0.30000000000000004,6.905356407165527,3.6589818000793457,22.17068862915039,3.344550371170044,1,3.6975107192993164,15.100000000000001,0.30000000000000004
3,2,0.0,18.5,2.9000000000000004,-2.4887460224890186,15.100000000000001,0.30000000000000004,7.405356407165527,3.663034677505493,22.17068862915039,3.3770883083343506,1,3.701563596725464,15.100000000000001,0.30000000000000004
3,2,0.0,18.5,2.9000000000000004,-2.4887460224890186,15.100000000000001,0.30000000000000004,7.905356407165527,3.667379140853882,22.17068862915039,3.4096999168395996,1,3.7059080600738525,15.100000000000001,0.30000000000000004
3,2,0.0,18.5,2.9000000000000004,-2.4887460224890186,15.100000000000001,0.30000000000000004,8.405356407165527,3.6720166206359863,22.17068862915039,3.4423909187316895,1,3.710545539855957,15.100000000000001,0.30000000000000004
3,2,0.0,18.5,2.9000000000000004,-2.4887460224890186,15.100000000000001,0.30000000000000004,8.905356407165527,3.6769490242004395,22.17068862915039,3.4751663208007812,1,3.71547794342041,15.100000000000001,0.30000000000000004
3,2,0.0,18.5,2.9000000000000004,-2.4887460224890186,15.100000000000001,0.30000000000000004,9.405356407165527,3.682178258895874,22.17068862915039,3.5080313682556152,1,3.7207071781158447,15.100000000000001,0.30000000000000004
3,2,0.0,18.5,2.9000000000000004,-2.4887460224890186,15.100000000000001,0.30000000000000004,9.905356407165527,3.687706470489502,22.17068862915039,3.5409915447235107,1,3.7262353897094727,15.100000000000001,0.30000000000000004
3,2,0.0,18.5,2.9000000000000004,-2.4887460224890186,15.100000000000001,0.30000000000000004,10.405356407165527,3.693535804748535,22.17068862915039,3.574052333831787,1,3.732064723968506,15.100000000000001,0.30000000000000004
3,2,0.0,18.5,2.9000000000000004,-2.4887460224890186,15.100000000000001,0.30000000000000004,10.905356407165527,3.6996684074401855,22.17068862915039,3.6072192192077637,1,3.7381973266601562,15.100000000000001,0.30000000000000004
3,2,0.0,18.5,2.9000000000000004,-2.4887460224890186,15.100000000000001,0.30000000000000004,11.405356407165527,3.7061069011688232,22.17068862915039,3.640497922897339,1,3.744635820388794,15.100000000000001,0.30000000000000004
3,2,0.0,18.5,2.9000000000000004,-2.4887460224890186,15.100000000000001,0.30000000000000004,11.905356407165527,3.7128539085388184,22.17068862915039,3.673893928527832,1,3.751382827758789,15.100000000000001,0.30000000000000004
3,2,0.0,18.5,2.9000000000000004,-2.4887460224890186,15.100000000000001,0.30000000000000004,12.405356407165527,3.719911813735962,22.17068862915039,3.7074131965637207,1,3.7584407329559326,15.100000000000001,0.30000000000000004
3,2,0.0,18.5,2.9000000000000004,-2.4887460224890186,15.100000000000001,0.30000000000000004,12.905356407165527,3.7272837162017822,22.17068862915039,3.741061210632324,1,3.765812635421753,15.100000000000001,0.30000000000000004
3,2,0.0,18.5,2.9000000000000004,-2.4887460224890186,15.100000000000001,0.30000000000000004,13.405356407165527,3.7349724769592285,22.17068862915039,3.774844169616699,1,3.773501396179199,15.100000000000001,0.30000000000000004
3,2,0.0,18.5,2.9000000000000004,-2.4887460224890186,15.100000000000001,0.30000000000000004,13.905356407165527,3.742981433868408,22.17068862915039,3.8087680339813232,1,3.781510353088379,15.100000000000001,0.30000000000000004
3,2,0.0,18.5,2.9000000000000004,-2.4887460224890186,15.100000000000001,0.30000000000000004,14.405356407165527,0.0,,,0,3.789842367172241,15.100000000000001,0.30000000000000004
3,2,0.0,18.5,2.9000000000000004,-2.4887460224890186,15.100000000000001,0.30000000000000004,14.905356407165527,0.0,,,0,3.7985012531280518,15.100000000000001,0.30000000000000004
3,2,0.0,18.5,2.9000000000000004,-2.4887460224890186,15.100000000000001,0.30000000000000004,15.405356407165527,3.7689614295959473,22.17068862915039,3.9114456176757812,1,3.807490348815918,15.100000000000001,0.30000000000000004
3,2,0.0,18.5,2.9000000000000004,-2.4887460224890186,15.100000000000001,0.30000000000000004,15.905356407165527,3.7782845497131348,22.17068862915039,3.9459943771362305,1,3.8168134689331055,15.100000000000001,0.30000000000000004
3,2,0.0,18.5,2.9000000000000004,-2.4887460224890186,15.100000000000001,0.30000000000000004,16.405357360839844,3.787945508956909,22.17068862915039,3.98071551322937,1,3.82647442817688,15.100000000000001,0.30000000000000004
3,2,0.0,18.5,2.9000000000000004,-2.4887460224890186,15.100000000000001,0.30000000000000004,16.905357360839844,3.7979483604431152,22.17068862915039,4.015615463256836,1,3.836477279663086,15.100000000000001,0.30000000000000004
3,2,0.0,18.5,2.9000000000000004,-2.4887460224890186,15.100000000000001,0.30000000000000004,17.405357360839844,3.808297634124756,22.17068862915039,4.050701141357422,1,3.8468265533447266,15.100000000000001,0.30000000000000004
3,2,0.0,18.5,2.9000000000000004,-2.4887460224890186,15.100000000000001,0.30000000000000004,17.905357360839844,3.8189971446990967,22.17068862915039,4.085979461669922,1,3.8575260639190674,15.100000000000001,0.30000000000000004
3,2,0.0,18.5,2.9000000000000004,-2.4887460224890186,15.100000000000001,0.30000000000000004,18.405357360839844,3.830051898956299,22.17068862915039,4.121457099914551,1,3.8685808181762695,15.100000000000001,0.30000000000000004
3,2,0.0,18.5,2.9000000000000004,-2.4887460224890186,15.100000000000001,0.30000000000000004,18.905357360839844,3.8414664268493652,22.17068862915039,4.157141208648682,1,3.879995346069336,15.100000000000001,0.30000000000000004
3,2,0.0,18.5,2.9000000000000004,-2.4887460224890186,15.100000000000001,0.30000000000000004,19.405357360839844,3.853245973587036,22.17068862915039,4.193039417266846,1,3.891774892807007,15.100000000000001,0.30000000000000004
3,2,0.0,18.5,2.9000000000000004,-2.4887460224890186,15.100000000000001,0.30000000000000004,19.905357360839844,3.8653953075408936,22.17068862915039,4.229159355163574,1,3.9039242267608643,15.100000000000001,0.30000000000000004
3,2,0.0,18.5,2.9000000000000004,-2.4887460224890186,15.100000000000001,0.30000000000000004,20.405357360839844,3.877919912338257,22.17068862915039,4.265507698059082,1,3.9164488315582275,15.100000000000001,0.30000000000000004
3,2,0.0,18.5,2.9000000000000004,-2.4887460224890186,15.100000000000001,0.30000000000000004,20.905357360839844,3.8908255100250244,22.17068862915039,4.302093029022217,1,3.929354429244995,15.100000000000001,0.30000000000000004
3,2,0.0,18.5,2.9000000000000004,-2.4887460224890186,15.100000000000001,0.30000000000000004,21.405357360839844,3.9041175842285156,22.17068862915039,4.338923454284668,1,3.9426465034484863,15.100000000000001,0.30000000000000004
3,2,0.0,18.5,2.9000000000000004,-2.4887460224890186,15.100000000000001,0.30000000000000004,21.905357360839844,3.917802095413208,22.17068862915039,4.376006126403809,1,3.9563310146331787,15.100000000000001,0.30000000000000004
3,2,0.0,18.5,2.9000000000000004,-2.4887460224890186,15.100000000000001,0.30000000000000004,22.405357360839844,0.0,,,0,3.970414400100708,15.100000000000001,0.30000000000000004
3,2,0.0,18.5,2.9000000000000004,-2.4887460224890186,15.100000000000001,0.30000000000000004,22.905357360839844,3.94637393951416,22.17068862915039,4.450964450836182,1,3.984902858734131,15.100000000000001,0.30000000000000004
3,2,0.0,18.5,2.9000000000000004,-2.4887460224890186,15.100000000000001,0.30000000000000004,23.405357360839844,3.9612743854522705,22.17068862915039,4.488856792449951,1,3.999803304672241,15.100000000000001,0.30000000000000004
3,2,0.0,18.5,2.9000000000000004,-2.4887460224890186,15.100000000000001,0.30000000000000004,23.905357360839844,0.0,,,0,4.015122413635254,15.100000000000001,0.30000000000000004
3,2,0.0,18.5,2.9000000000000004,-2.4887460224890186,15.100000000000001,0.30000000000000004,24.405357360839844,3.9923386573791504,22.17068862915039,4.565512180328369,1,4.030867576599121,15.100000000000001,0.30000000000000004
3,2,0.0,18.5,2.9000000000000004,-2.4887460224890186,15.100000000000001,0.30000000000000004,24.905357360839844,4.008516788482666,22.17068862915039,4.604294300079346,1,4.047045707702637,15.100000000000001,0.30000000000000004
3,2,0.0,18.5,2.9000000000000004,-2.4887460224890186,15.100000000000001,0.30000000000000004,25.405357360839844,4.025136470794678,22.17068862915039,4.643392086029053,1,4.063665390014648,15.100000000000001,0.30000000000000004
3,2,0.0,18.5,2.9000000000000004,-2.4887460224890186,15.100000000000001,0.30000000000000004,25.905357360839844,4.042204856872559,22.17068862915039,4.682815074920654,1,4.080733776092529,15.100000000000001,0.30000000000000004
3,2,0.0,18.5,2.9000000000000004,-2.4887460224890186,15.100000000000001,0.30000000000000004,26.405357360839844,4.0597310066223145,22.17068862915039,4.722573757171631,1,4.098259925842285,15.100000000000001,0.30000000000000004
3,2,0.0,18.5,2.9000000000000004,-2.4887460224890186,15.100000000000001,0.30000000000000004,26.905357360839844,4.077723026275635,22.17068862915039,4.762678623199463,1,4.1162519454956055,15.100000000000001,0.30000000000000004
3,2,0.0,18.5,2.9000000000000004,-2.4887460224890186,15.100000000000001,0.30000000000000004,27.405357360839844,4.096190452575684,22.17068862915039,4.803140163421631,1,4.134719371795654,15.100000000000001,0.30000000000000004
3,2,0.0,18.5,2.9000000000000004,-2.4887460224890186,15.100000000000001,0.30000000000000004,27.905357360839844,4.11514139175415,22.17068862915039,4.843969345092773,1,4.153670310974121,15.100000000000001,0.30000000000000004
3,2,0.0,18.5,2.9000000000000004,-2.4887460224890186,15.100000000000001,0.30000000000000004,28.405357360839844,0.0,,,0,4.173115253448486,15.100000000000001,0.30000000000000004
3,2,0.0,18.5,2.9000000000000004,-2.4887460224890186,15.100000000000001,0.30000000000000004,28.905357360839844,4.154535293579102,22.17068862915039,4.926777362823486,1,4.193064212799072,15.100000000000001,0.30000000000000004
3,2,0.0,18.5,2.9000000000000004,-2.4887460224890186,15.100000000000001,0.30000000000000004,29.405357360839844,4.174997806549072,22.17068862915039,4.96877908706665,1,4.213526725769043,15.100000000000001,0.30000000000000004
3,2,0.0,18.5,2.9000000000000004,-2.4887460224890186,15.100000000000001,0.30000000000000004,29.905357360839844,4.195985317230225,22.17068862915039,5.011196613311768,1,4.234514236450195,15.100000000000001,0.30000000000000004
3,2,0.0,18.5,2.9000000000000004,-2.4887460224890186,15.100000000000001,0.30000000000000004,30.405357360839844,4.217508792877197,22.17068862915039,5.054041862487793,1,4.256037712097168,15.100000000000001,0.30000000000000004
3,2,0.0,18.5,2.9000000000000004,-2.4887460224890186,15.100000000000001,0.30000000000000004,30.905357360839844,4.239579677581787,22.17068862915039,5.097328186035156,1,4.278108596801758,15.100000000000001,0.30000000000000004
3,2,0.0,18.5,2.9000000000000004,-2.4887460224890186,15.100000000000001,0.30000000000000004,31.405357360839844,4.262209892272949,22.17068862915039,5.141069412231445,1,4.30073881149292,15.100000000000001,0.30000000000000004
3,2,0.0,18.5,2.9000000000000004,-2.4887460224890186,15.100000000000001,0.30000000000000004,31.905357360839844,4.285411357879639,22.17068862915039,5.18527889251709,1,4.323940277099609,15.100000000000001,0.30000000000000004
3,2,0.0,18.5,2.9000000000000004,-2.4887460224890186,15.100000000000001,0.30000000000000004,32.405357360839844,4.309197902679443,22.17068862915039,5.229971885681152,1,4.347726821899414,15.100000000000001,0.30000000000000004
3,2,0.0,18.5,2.9000000000000004,-2.4887460224890186,15.100000000000001,0.30000000000000004,32.905357360839844,4.333582401275635,22.17068862915039,5.275162220001221,1,4.3721113204956055,15.100000000000001,0.30000000000000004
3,2,0.0,18.5,2.9000000000000004,-2.4887460224890186,15.100000000000001,0.30000000000000004,33.405357360839844,4.358578205108643,22.17068862915039,5.320866107940674,1,4.397107124328613,15.100000000000001,0.30000000000000004
3,2,0.0,18.5,2.9000000000000004,-2.4887460224890186,15.100000000000001,0.30000000000000004,33.905357360839844,0.0,,,0,4.4227294921875,15.100000000000001,0.30000000000000004
3,2,0.0,18.5,2.9000000000000004,-2.4887460224890186,15.100000000000001,0.30000000000000004,34.405357360839844,4.410464286804199,22.17068862915039,5.413877487182617,1,4.44899320602417,15.100000000000001,0.30000000000000004
3,2,0.0,18.5,2.9000000000000004,-2.4887460224890186,15.100000000000001,0.30000000000000004,34.905357360839844,4.437384605407715,22.17068862915039,5.461218357086182,1,4.4759135246276855,15.100000000000001,0.30000000000000004
3,2,0.0,18.5,2.9000000000000004,-2.4887460224890186,15.100000000000001,0.30000000000000004,35.405357360839844,0.0,,,0,4.503506660461426,15.100000000000001,0.30000000000000004
3,2,0.0,18.5,2.9000000000000004,-2.4887460224890186,15.100000000000001,0.30000000000000004,35.905357360839844,4.493259906768799,22.17068862915039,5.557659149169922,1,4.5317888259887695,15.100000000000001,0.30000000000000004
3,2,0.0,18.5,2.9000000000000004,-2.4887460224890186,15.100000000000001,0.30000000000000004,36.405357360839844,0.0,,,0,4.560778617858887,15.100000000000001,0.30000000000000004
3,2,0.0,18.5,2.9000000000000004,-2.4887460224890186,15.100000000000001,0.30000000000000004,36.905357360839844,4.551964282989502,22.17068862915039,5.6565680503845215,1,4.590493202209473,15.100000000000001,0.30000000000000004
