scenario_id,scan_id,t,pose_x,pose_y,pose_yaw,goal_x,goal_y,theta_deg,r_m,hit_x,hit_y,valid,noise_free_r_m,final_goal_x,final_goal_y
13,0,0.0,1.0,2.0,1.4219063791853994,1.6,6.0,261.46923828125,8.050813674926758,-0.20000000298023224,-6.0,1,8.089499473571777,0.30000000000000004,7.5
13,0,0.0,1.0,2.0,1.4219063791853994,1.6,6.0,261.96923828125,8.040545463562012,-0.12870754301548004,-6.0,1,8.079231262207031,0.30000000000000004,7.5
13,0,0.0,1.0,2.0,1.4219063791853994,1.6,6.0,262.46923828125,8.030917167663574,-0.05759043246507645,-6.0,1,8.069602966308594,0.30000000000000004,7.5
13,0,0.0,1.0,2.0,1.4219063791853994,1.6,6.0,262.96923828125,8.02192497253418,0.013362773694097996,-6.0,1,8.0606107711792,0.30000000000000004,7.5
13,0,0.0,1.0,2.0,1.4219063791853994,1.6,6.0,263.46923828125,8.013566017150879,0.08416341245174408,-6.0,1,8.052251815795898,0.30000000000000004,7.5
13,0,0.0,1.0,2.0,1.4219063791853994,1.6,6.0,263.96923828125,8.00583553314209,0.1548227220773697,-6.0,1,8.04452133178711,0.30000000000000004,7.5
13,0,0.0,1.0,2.0,1.4219063791853994,1.6,6.0,264.46923828125,7.99873161315918,0.22535187005996704,-6.0,1,8.0374174118042,0.30000000000000004,7.5
13,0,0.0,1.0,2.0,1.4219063791853994,1.6,6.0,264.96923828125,7.992251396179199,0.29576191306114197,-6.0,1,8.030937194824219,0.30000000000000004,7.5
13,0,0.0,1.0,2.0,1.4219063791853994,1.6,6.0,265.46923828125,7.986392021179199,0.3660638630390167,-6.0,1,8.025077819824219,0.30000000000000004,7.5
13,0,0.0,1.0,2.0,1.4219063791853994,1.6,6.0,265.96923828125,7.981151580810547,0.4362686574459076,-6.0,1,8.019837379455566,0.30000000000000004,7.5
13,0,0.0,1.0,2.0,1.4219063791853994,1.6,6.0,266.46923828125,0.0,,,0,5.161290168762207,0.30000000000000004,7.5
13,0,0.0,1.0,2.0,1.4219063791853994,1.6,6.0,266.96923828125,5.120023727416992,0.7272478342056274,-3.151493549346924,1,5.1587090492248535,0.30000000000000004,7.5
13,0,0.0,1.0,2.0,1.4219063791853994,1.6,6.0,267.46923828125,0.0,,,0,5.156522750854492,0.30000000000000004,7.5
13,0,0.0,1.0,2.0,1.4219063791853994,1.6,6.0,267.96923828125,5.116045951843262,0.8173363208770752,-3.151493549346924,1,5.154731273651123,0.30000000000000004,7.5
13,0,0.0,1.0,2.0,1.4219063791853994,1.6,6.0,268.46923828125,5.114646911621094,0.8623353242874146,-3.151493549346924,1,5.153332710266113,0.30000000000000004,7.5
13,0,0.0,1.0,2.0,1.4219063791853994,1.6,6.0,268.96923828125,5.113641738891602,0.907313346862793,-3.151493549346924,1,5.152327537536621,0.30000000000000004,7.5
13,0,0.0,1.0,2.0,1.4219063791853994,1.6,6.0,269.46923828125,5.113029479980469,0.9522772431373596,-3.151493549346924,1,5.15171480178833,0.30000000000000004,7.5
13,0,0.0,1.0,2.0,1.4219063791853994,1.6,6.0,269.96923828125,5.112809181213379,0.9972338676452637,-3.151493549346924,1,5.15149450302124,0.30000000000000004,7.5
13,0,0.0,1.0,2.0,1.4219063791853994,1.6,6.0,270.46923828125,5.112980842590332,1.0421900749206543,-3.151493549346924,1,5.151666164398193,0.30000000000000004,7.5
13,0,0.0,1.0,2.0,1.4219063791853994,1.6,6.0,270.96923828125,5.1135454177856445,1.0871527194976807,-3.151493549346924,1,5.152230739593506,0.30000000000000004,7.5
13,0,0.0,1.0,2.0,1.4219063791853994,1.6,6.0,271.46923828125,5.114501953125,1.1321285963058472,-3.151493549346924,1,5.1531877517700195,0.30000000000000004,7.5
13,0,0.0,1.0,2.0,1.4219063791853994,1.6,6.0,271.96923828125,5.115852355957031,1.1771246194839478,-3.151493549346924,1,5.154537677764893,0.30000000000000004,7.5
13,0,0.0,1.0,2.0,1.4219063791853994,1.6,6.0,272.46923828125,5.117595672607422,1.2221477031707764,-3.151493549346924,1,5.156280994415283,0.30000000000000004,7.5
13,0,0.0,1.0,2.0,1.4219063791853994,1.6,6.0,272.96923828125,5.119732856750488,1.2672046422958374,-3.151493549346924,1,5.158418655395508,0.30000000000000004,7.5
13,0,0.0,1.0,2.0,1.4219063791853994,1.6,6.0,273.46923828125,5.122265815734863,1.3123024702072144,-3.151493549346924,1,5.160951137542725,0.30000000000000004,7.5
13,0,0.0,1.0,2.0,1.4219063791853994,1.6,6.0,273.96923828125,5.125194549560547,1.3574479818344116,-3.151493549346924,1,5.163879871368408,0.30000000000000004,7.5
13,0,0.0,1.0,2.0,1.4219063791853994,1.6,6.0,274.46923828125,5.1285200119018555,1.4026482105255127,-3.151493549346924,1,5.167205333709717,0.30000000000000004,7.5
13,0,0.0,1.0,2.0,1.4219063791853994,1.6,6.0,274.96923828125,5.132244110107422,1.4479100704193115,-3.151493549346924,1,5.170929431915283,0.30000000000000004,7.5
13,0,0.0,1.0,2.0,1.4219063791853994,1.6,6.0,275.46923828125,5.1363677978515625,1.4932407140731812,-3.151493549346924,1,5.175053119659424,0.30000000000000004,7.5
13,0,0.0,1.0,2.0,1.4219063791853994,1.6,6.0,275.96923828125,5.140892028808594,1.5386472940444946,-3.151493549346924,1,5.179577827453613,0.30000000000000004,7.5
13,0,0.0,1.0,2.0,1.4219063791853994,1.6,6.0,276.46923828125,5.145820617675781,1.584136724472046,-3.151493549346924,1,5.184505939483643,0.30000000000000004,7.5
13,0,0.0,1.0,2.0,1.4219063791853994,1.6,6.0,276.96923828125,5.151153564453125,1.629716157913208,-3.151493549346924,1,5.189838886260986,0.30000000000000004,7.5
13,0,0.0,1.0,2.0,1.4219063791853994,1.6,6.0,277.46923828125,5.156893730163574,1.6753931045532227,-3.151493549346924,1,5.1955790519714355,0.30000000000000004,7.5
13,0,0.0,1.0,2.0,1.4219063791853994,1.6,6.0,277.96923828125,5.163043022155762,1.7211745977401733,-3.151493549346924,1,5.201728343963623,0.30000000000000004,7.5
13,0,0.0,1.0,2.0,1.4219063791853994,1.6,6.0,278.46923828125,5.169604301452637,1.7670681476593018,-3.151493549346924,1,5.208289623260498,0.30000000000000004,7.5
13,0,0.0,1.0,2.0,1.4219063791853994,1.6,6.0,278.96923828125,5.176579475402832,1.81308114528656,-3.151493549346924,1,5.215264797210693,0.30000000000000004,7.5
13,0,0.0,1.0,2.0,1.4219063791853994,1.6,6.0,279.46923828125,5.183971405029297,1.8592209815979004,-3.151493549346924,1,5.222657203674316,0.30000000000000004,7.5
13,0,0.0,1.0,2.0,1.4219063791853994,1.6,6.0,279.96923828125,5.191783905029297,1.9054954051971436,-3.151493549346924,1,5.230469226837158,0.30000000000000004,7.5
13,0,0.0,1.0,2.0,1.4219063791853994,1.6,6.0,280.46923828125,5.200018882751465,1.9519120454788208,-3.151493549346924,1,5.238704204559326,0.30000000000000004,7.5
13,0,0.0,1.0,2.0,1.4219063791853994,1.6,6.0,280.96923828125,5.208680152893066,1.9984785318374634,-3.151493549346924,1,5.247365474700928,0.30000000000000004,7.5
13,0,0.0,1.0,2.0,1.4219063791853994,1.6,6.0,281.46923828125,4.990440368652344,2.0,-2.9287021160125732,1,5.029125690460205,0.30000000000000004,7.5
13,0,0.0,1.0,2.0,1.4219063791853994,1.6,6.0,281.96923828125,4.783230781555176,2.0,-2.71708345413208,1,4.821916103363037,0.30000000000000004,7.5
13,0,0.0,1.0,2.0,1.4219063791853994,1.6,6.0,282.46923828125,4.592759132385254,2.0,-2.5221986770629883,1,4.631444454193115,0.30000000000000004,7.5
13,0,0.0,1.0,2.0,1.4219063791853994,1.6,6.0,282.96923828125,4.41709041595459,2.0,-2.342111825942993,1,4.455775737762451,0.30000000000000004,7.5
13,0,0.0,1.0,2.0,1.4219063791853994,1.6,6.0,283.46923828125,4.254574775695801,2.0,-2.1751749515533447,1,4.29326057434082,0.30000000000000004,7.5
13,0,0.0,1.0,2.0,1.4219063791853994,1.6,6.0,283.96923828125,4.103801727294922,2.0,-2.019975423812866,1,4.142487525939941,0.30000000000000004,7.5
13,0,0.0,1.0,2.0,1.4219063791853994,1.6,6.0,284.46923828125,3.9635541439056396,2.0,-1.8752962350845337,1,4.00223970413208,0.30000000000000004,7.5
13,0,0.0,1.0,2.0,1.4219063791853994,1.6,6.0,284.96923828125,3.8327765464782715,2.0,-1.7400827407836914,1,3.871462106704712,0.30000000000000004,7.5
13,0,0.0,1.0,2.0,1.4219063791853994,1.6,6.0,285.46923828125,3.7105519771575928,2.0,-1.6134167909622192,1,3.749237537384033,0.30000000000000004,7.5
13,0,0.0,1.0,2.0,1.4219063791853994,1.6,6.0,285.96923828125,3.596076726913452,2.0,-1.4944952726364136,1,3.6347622871398926,0.30000000000000004,7.5
13,0,0.0,1.0,2.0,1.4219063791853994,1.6,6.0,286.46923828125,3.488645553588867,2.0,-1.3826122283935547,1,3.5273311138153076,0.30000000000000004,7.5
13,0,0.0,1.0,2.0,1.4219063791853994,1.6,6.0,286.96923828125,3.387636184692383,2.0,-1.277145266532898,1,3.4263217449188232,0.30000000000000004,7.5
13,0,0.0,1.0,2.0,1.4219063791853994,1.6,6.0,287.46923828125,3.2924976348876953,2.0,-1.1775431632995605,1,3.3311831951141357,0.30000000000000004,7.5
13,0,0.0,1.0,2.0,1.4219063791853994,1.6,6.0,287.96923828125,3.202739715576172,2.0,-1.0833159685134888,1,3.2414252758026123,0.30000000000000004,7.5
13,0,0.0,1.0,2.0,1.4219063791853994,1.6,6.0,288.46923828125,3.1179258823394775,2.0,-0.994026780128479,1,3.156611442565918,0.30000000000000004,7.5
13,0,0.0,1.0,2.0,1.4219063791853994,1.6,6.0,288.96923828125,3.037665843963623,2.0,-0.9092847108840942,1,3.0763514041900635,0.30000000000000004,7.5
13,0,0.0,1.0,2.0,1.4219063791853994,1.6,6.0,289.46923828125,2.961608648300171,2.0,-0.8287391662597656,1,3.0002942085266113,0.30000000000000004,7.5
13,0,0.0,1.0,2.0,1.4219063791853994,1.6,6.0,289.96923828125,2.889439105987549,2.0,-0.7520744800567627,1,2.9281246662139893,0.30000000000000004,7.5
13,0,0.0,1.0,2.0,1.4219063791853994,1.6,6.0,290.46923828125,2.8208725452423096,2.0,-0.6790059804916382,1,2.85955810546875,0.30000000000000004,7.5
13,0,0.0,1.0,2.0,1.4219063791853994,1.6,6.0,290.96923828125,2.7556517124176025,2.0,-0.6092759370803833,1,2.794337272644043,0.30000000000000004,7.5
13,0,0.0,1.0,2.0,1.4219063791853994,1.6,6.0,291.46923828125,2.6935431957244873,2.0,-0.5426508784294128,1,2.7322287559509277,0.30000000000000004,7.5
13,0,0.0,1.0,2.0,1.4219063791853994,1.6,6.0,291.96923828125,2.6343345642089844,2.0,-0.4789183735847473,1,2.673020124435425,0.30000000000000004,7.5
13,0,0.0,1.0,2.0,1.4219063791853994,1.6,6.0,292.46923828125,2.5778326988220215,2.0,-0.4178849160671234,1,2.616518259048462,0.30000000000000004,7.5
13,0,0.0,1.0,2.0,1.4219063791853994,1.6,6.0,292.96923828125,2.5238611698150635,2.0,-0.35937392711639404,1,2.562546730041504,0.30000000000000004,7.5
13,0,0.0,1.0,2.0,1.4219063791853994,1.6,6.0,293.46923828125,2.4722585678100586,2.0,-0.3032238185405731,1,2.510944128036499,0.30000000000000004,7.5
13,0,0.0,1.0,2.0,1.4219063791853994,1.6,6.0,293.96923828125,2.4228768348693848,2.0,-0.2492864578962326,1,2.461562395095825,0.30000000000000004,7.5
13,0,0.0,1.0,2.0,1.4219063791853994,1.6,6.0,294.46923828125,2.375580310821533,2.0,-0.19742581248283386,1,2.4142658710479736,0.30000000000000004,7.5
13,0,0.0,1.0,2.0,1.4219063791853994,1.6,6.0,294.96923828125,2.330244302749634,2.0,-0.14751678705215454,1,2.368929862976074,0.30000000000000004,7.5
13,0,0.0,1.0,2.0,1.4219063791853994,1.6,6.0,295.46923828125,2.2867531776428223,2.0,-0.09944403916597366,1,2.3254387378692627,0.30000000000000004,7.5
13,0,0.0,1.0,2.0,1.4219063791853994,1.6,6.0,295.96923828125,2.2450010776519775,2.0,-0.053101129829883575,1,2.283686637878418,0.30000000000000004,7.5
13,0,0.0,1.0,2.0,1.4219063791853994,1.6,6.0,296.46923828125,2.2048895359039307,2.0,-0.008389660157263279,1,2.243575096130371,0.30000000000000004,7.5
13,0,0.0,1.0,2.0,1.4219063791853994,1.6,6.0,296.96923828125,2.166327714920044,2.0,0.03478149697184563,1,2.2050132751464844,0.30000000000000004,7.5
13,0,0.0,1.0,2.0,1.4219063791853994,1.6,6.0,297.46923828125,2.1292314529418945,2.0,0.07649683207273483,1,2.167917013168335,0.30000000000000004,7.5
13,0,0.0,1.0,2.0,1.4219063791853994,1.6,6.0,297.96923828125,2.093522548675537,2.0,0.11683480441570282,1,2.1322081089019775,0.30000000000000004,7.5
13,0,0.0,1.0,2.0,1.4219063791853994,1.6,6.0,298.46923828125,2.0591280460357666,2.0,0.15586838126182556,1,2.097813606262207,0.30000000000000004,7.5
13,0,0.0,1.0,2.0,1.4219063791853994,1.6,6.0,298.96923828125,2.025980234146118,2.0,0.19366547465324402,1,2.0646657943725586,0.30000000000000004,7.5
13,0,0.0,1.0,2.0,1.4219063791853994,1.6,6.0,299.46923828125,1.9940159320831299,2.0,0.23028942942619324,1,2.0327014923095703,0.30000000000000004,7.5
13,0,0.0,1.0,2.0,1.4219063791853994,1.6,6.0,299.96923828125,1.9631764888763428,2.0,0.265799343585968,1,2.001862049102783,0.30000000000000004,7.5
13,0,0.0,1.0,2.0,1.4219063791853994,1.6,6.0,300.46923828125,1.9334068298339844,2.0,0.30025047063827515,1,1.9720923900604248,0.30000000000000004,7.5
13,0,0.0,1.0,2.0,1.4219063791853994,1.6,6.0,300.96923828125,1.9046554565429688,2.0,0.3336944580078125,1,1.9433410167694092,0.30000000000000004,7.5
13,0,0.0,1.0,2.0,1.4219063791853994,1.6,6.0,301.46923828125,1.8768740892410278,2.0,0.3661797344684601,1,1.9155596494674683,0.30000000000000004,7.5
13,0,0.0,1.0,2.0,1.4219063791853994,1.6,6.0,301.96923828125,1.8500176668167114,2.0,0.39775165915489197,1,1.8887032270431519,0.30000000000000004,7.5
13,0,0.0,1.0,2.0,1.4219063791853994,1.6,6.0,302.46923828125,1.8240437507629395,2.0,0.42845287919044495,1,1.8627293109893799,0.30000000000000004,7.5
13,0,0.0,1.0,2.0,1.4219063791853994,1.6,6.0,302.96923828125,1.798912525177002,2.0,0.45832332968711853,1,1.8375980854034424,0.30000000000000004,7.5
13,0,0.0,1.0,2.0,1.4219063791853994,1.6,6.0,303.46923828125,1.774586796760559,2.0,0.48740074038505554,1,1.8132723569869995,0.30000000000000004,7.5
13,0,0.0,1.0,2.0,1.4219063791853994,1.6,6.0,303.96923828125,1.7510311603546143,2.0,0.5157204866409302,1,1.7897167205810547,0.30000000000000004,7.5
13,0,0.0,1.0,2.0,1.4219063791853994,1.6,6.0,304.46923828125,1.7282124757766724,2.0,0.5433159470558167,1,1.7668980360031128,0.30000000000000004,7.5
13,0,0.0,1.0,2.0,1.4219063791853994,1.6,6.0,304.96923828125,0.0,,,0,1.7447850704193115,0.30000000000000004,7.5
13,0,0.0,1.0,2.0,1.4219063791853994,1.6,6.0,305.46923828125,1.6846628189086914,2.0,0.5964581966400146,1,1.7233483791351318,0.30000000000000004,7.5
13,0,0.0,1.0,2.0,1.4219063791853994,1.6,6.0,305.96923828125,1.663874626159668,2.0,0.6220627427101135,1,1.7025601863861084,0.30000000000000004,7.5
13,0,0.0,1.0,2.0,1.4219063791853994,1.6,6.0,306.46923828125,1.6437084674835205,2.0,0.6470588445663452,1,1.682394027709961,0.30000000000000004,7.5
13,0,0.0,1.0,2.0,1.4219063791853994,1.6,6.0,306.96923828125,1.624139666557312,2.0,0.6714715361595154,1,1.6628252267837524,0.30000000000000004,7.5
13,0,0.0,1.0,2.0,1.4219063791853994,1.6,6.0,307.46923828125,1.6051446199417114,2.0,0.6953246593475342,1,1.6438301801681519,0.30000000000000004,7.5
13,0,0.0,1.0,2.0,1.4219063791853994,1.6,6.0,307.96923828125,1.5867010354995728,2.0,0.7186407446861267,1,1.6253865957260132,0.30000000000000004,7.5
13,0,0.0,1.0,2.0,1.4219063791853994,1.6,6.0,308.46923828125,1.568787693977356,2.0,0.7414411306381226,1,1.6074732542037964,0.30000000000000004,7.5
13,0,0.0,1.0,2.0,1.4219063791853994,1.6,6.0,308.96923828125,1.5513848066329956,2.0,0.7637461423873901,1,1.590070366859436,0.30000000000000004,7.5
13,0,0.0,1.0,2.0,1.4219063791853994,1.6,6.0,309.46923828125,1.5344730615615845,2.0,0.7855749726295471,1,1.573158621788025,0.30000000000000004,7.5
13,0,0.0,1.0,2.0,1.4219063791853994,1.6,6.0,309.96923828125,1.5180346965789795,2.0,0.8069459795951843,1,1.55672025680542,0.30000000000000004,7.5
13,0,0.0,1.0,2.0,1.4219063791853994,1.6,6.0,310.46923828125,1.5020524263381958,2.0,0.8278765678405762,1,1.5407379865646362,0.30000000000000004,7.5
13,0,0.0,1.0,2.0,1.4219063791853994,1.6,6.0,310.96923828125,1.486509919166565,2.0,0.8483832478523254,1,1.5251954793930054,0.30000000000000004,7.5
13,0,0.0,1.0,2.0,1.4219063791853994,1.6,6.0,311.46923828125,1.4713916778564453,2.0,0.8684819340705872,1,1.5100772380828857,0.30000000000000004,7.5
13,0,0.0,1.0,2.0,1.4219063791853994,1.6,6.0,311.96923828125,1.4566829204559326,2.0,0.8881874680519104,1,1.495368480682373,0.30000000000000004,7.5
13,0,0.0,1.0,2.0,1.4219063791853994,1.6,6.0,312.46923828125,1.442369818687439,2.0,0.9075143337249756,1,1.4810553789138794,0.30000000000000004,7.5
13,0,0.0,1.0,2.0,1.4219063791853994,1.6,6.0,312.96923828125,1.428438663482666,2.0,0.9264761805534363,1,1.4671242237091064,0.30000000000000004,7.5
13,0,0.0,1.0,2.0,1.4219063791853994,1.6,6.0,313.46923828125,1.4148768186569214,2.0,0.9450860023498535,1,1.4535623788833618,0.30000000000000004,7.5
13,0,0.0,1.0,2.0,1.4219063791853994,1.6,6.0,313.96923828125,1.401672124862671,2.0,0.9633563160896301,1,1.4403576850891113,0.30000000000000004,7.5
13,0,0.0,1.0,2.0,1.4219063791853994,1.6,6.0,314.46923828125,1.3888128995895386,2.0,0.9812989830970764,1,1.427498459815979,0.30000000000000004,7.5
13,0,0.0,1.0,2.0,1.4219063791853994,1.6,6.0,314.96923828125,1.3762879371643066,2.0,0.998925507068634,1,1.414973497390747,0.30000000000000004,7.5
13,0,0.0,1.0,2.0,1.4219063791853994,1.6,6.0,315.46923828125,1.3640868663787842,2.0,1.0162466764450073,1,1.4027724266052246,0.30000000000000004,7.5
13,0,0.0,1.0,2.0,1.4219063791853994,1.6,6.0,315.96923828125,1.3521994352340698,2.0,1.0332729816436768,1,1.3908849954605103,0.30000000000000004,7.5
13,0,0.0,1.0,2.0,1.4219063791853994,1.6,6.0,316.46923828125,1.34061598777771,2.0,1.0500143766403198,1,1.3793015480041504,0.30000000000000004,7.5
13,0,0.0,1.0,2.0,1.4219063791853994,1.6,6.0,316.96923828125,1.32932710647583,2.0,1.0664805173873901,1,1.3680126667022705,0.30000000000000004,7.5
13,0,0.0,1.0,2.0,1.4219063791853994,1.6,6.0,317.46923828125,1.318324089050293,2.0,1.0826804637908936,1,1.3570096492767334,0.30000000000000004,7.5
13,0,0.0,1.0,2.0,1.4219063791853994,1.6,6.0,317.96923828125,1.3075982332229614,2.0,1.0986231565475464,1,1.3462837934494019,0.30000000000000004,7.5
13,0,0.0,1.0,2.0,1.4219063791853994,1.6,6.0,318.46923828125,1.297141671180725,2.0,1.1143170595169067,1,1.3358272314071655,0.30000000000000004,7.5
13,0,0.0,1.0,2.0,1.4219063791853994,1.6,6.0,318.96923828125,1.286946415901184,2.0,1.1297701597213745,1,1.3256319761276245,0.30000000000000004,7.5
13,0,0.0,1.0,2.0,1.4219063791853994,1.6,6.0,319.46923828125,1.2770049571990967,2.0,1.1449902057647705,1,1.315690517425537,0.30000000000000004,7.5
13,0,0.0,1.0,2.0,1.4219063791853994,1.6,6.0,319.96923828125,1.267310380935669,2.0,1.1599849462509155,1,1.3059959411621094,0.30000000000000004,7.5
13,0,0.0,1.0,2.0,1.4219063791853994,1.6,6.0,320.46923828125,1.2578555345535278,2.0,1.174761414527893,1,1.2965410947799683,0.30000000000000004,7.5
13,0,0.0,1.0,2.0,1.4219063791853994,1.6,6.0,320.96923828125,1.2486339807510376,2.0,1.189326524734497,1,1.287319540977478,0.30000000000000004,7.5
13,0,0.0,1.0,2.0,1.4219063791853994,1.6,6.0,321.46923828125,1.2396392822265625,2.0,1.2036869525909424,1,1.278324842453003,0.30000000000000004,7.5
13,0,0.0,1.0,2.0,1.4219063791853994,1.6,6.0,321.96923828125,1.230865478515625,2.0,1.2178492546081543,1,1.2695510387420654,0.30000000000000004,7.5
13,0,0.0,1.0,2.0,1.4219063791853994,1.6,6.0,322.46923828125,1.2223066091537476,2.0,1.2318195104599,1,1.260992169380188,0.30000000000000004,7.5
13,0,0.0,1.0,2.0,1.4219063791853994,1.6,6.0,322.96923828125,1.2139571905136108,2.0,1.2456036806106567,1,1.2526427507400513,0.30000000000000004,7.5
13,0,0.0,1.0,2.0,1.4219063791853994,1.6,6.0,323.46923828125,1.205811619758606,2.0,1.2592076063156128,1,1.2444971799850464,0.30000000000000004,7.5
13,0,0.0,1.0,2.0,1.4219063791853994,1.6,6.0,323.96923828125,1.1978650093078613,2.0,1.2726367712020874,1,1.2365505695343018,0.30000000000000004,7.5
13,0,0.0,1.0,2.0,1.4219063791853994,1.6,6.0,324.46923828125,1.1901121139526367,2.0,1.2858964204788208,1,1.2287976741790771,0.30000000000000004,7.5
13,0,0.0,1.0,2.0,1.4219063791853994,1.6,6.0,324.96923828125,1.1825484037399292,2.0,1.2989919185638428,1,1.2212339639663696,0.30000000000000004,7.5
13,0,0.0,1.0,2.0,1.4219063791853994,1.6,6.0,325.46923828125,0.0,,,0,1.2138545513153076,0.30000000000000004,7.5
13,0,0.0,1.0,2.0,1.4219063791853994,1.6,6.0,325.96923828125,0.0,,,0,1.2066551446914673,0.30000000000000004,7.5
13,0,0.0,1.0,2.0,1.4219063791853994,1.6,6.0,326.46923828125,1.1609458923339844,2.0,1.3373420238494873,1,1.1996314525604248,0.30000000000000004,7.5
13,0,0.0,1.0,2.0,1.4219063791853994,1.6,6.0,326.96923828125,1.154093861579895,2.0,1.3498287200927734,1,1.1927794218063354,0.30000000000000004,7.5
13,0,0.0,1.0,2.0,1.4219063791853994,1.6,6.0,327.46923828125,1.147409439086914,2.0,1.3621746301651,1,1.1860949993133545,0.30000000000000004,7.5
13,0,0.0,1.0,2.0,1.4219063791853994,1.6,6.0,327.96923828125,0.0,,,0,1.1795743703842163,0.30000000000000004,7.5
13,0,0.0,1.0,2.0,1.4219063791853994,1.6,6.0,328.46923828125,1.134528398513794,2.0,1.3864604234695435,1,1.1732139587402344,0.30000000000000004,7.5
13,0,0.0,1.0,2.0,1.4219063791853994,1.6,6.0,328.96923828125,1.1283245086669922,2.0,1.39840829372406,1,1.1670100688934326,0.30000000000000004,7.5
13,0,0.0,1.0,2.0,1.4219063791853994,1.6,6.0,329.46923828125,1.1222739219665527,2.0,1.4102314710617065,1,1.1609594821929932,0.30000000000000004,7.5
13,0,0.0,1.0,2.0,1.4219063791853994,1.6,6.0,329.96923828125,1.1163731813430786,2.0,1.4219335317611694,1,1.155058741569519,0.30000000000000004,7.5
13,0,0.0,1.0,2.0,1.4219063791853994,1.6,6.0,330.46923828125,1.110619306564331,2.0,1.4335181713104248,1,1.1493048667907715,0.30000000000000004,7.5
13,0,0.0,1.0,2.0,1.4219063791853994,1.6,6.0,330.96923828125,1.1050090789794922,2.0,1.4449888467788696,1,1.1436946392059326,0.30000000000000004,7.5
13,0,0.0,1.0,2.0,1.4219063791853994,1.6,6.0,331.46923828125,1.0995396375656128,2.0,1.4563488960266113,1,1.1382251977920532,0.30000000000000004,7.5
13,0,0.0,1.0,2.0,1.4219063791853994,1.6,6.0,331.96923828125,1.0942081212997437,2.0,1.4676016569137573,1,1.132893681526184,0.30000000000000004,7.5
13,0,0.0,1.0,2.0,1.4219063791853994,1.6,6.0,332.46923828125,1.089011788368225,2.0,1.478750228881836,1,1.1276973485946655,0.30000000000000004,7.5
13,0,0.0,1.0,2.0,1.4219063791853994,1.6,6.0,332.96923828125,1.083948016166687,2.0,1.4897979497909546,1,1.1226335763931274,0.30000000000000004,7.5
13,0,0.0,1.0,2.0,1.4219063791853994,1.6,6.0,333.46923828125,1.0790141820907593,2.0,1.500747799873352,1,1.1176997423171997,0.30000000000000004,7.5
13,0,0.0,1.0,2.0,1.4219063791853994,1.6,6.0,333.96923828125,1.0742080211639404,2.0,1.511602520942688,1,1.1128935813903809,0.30000000000000004,7.5
13,0,0.0,1.0,2.0,1.4219063791853994,1.6,6.0,334.46923828125,1.06952702999115,2.0,1.5223652124404907,1,1.1082125902175903,0.30000000000000004,7.5
13,0,0.0,1.0,2.0,1.4219063791853994,1.6,6.0,334.96923828125,1.0649688243865967,2.0,1.5330384969711304,1,1.103654384613037,0.30000000000000004,7.5
13,0,0.0,1.0,2.0,1.4219063791853994,1.6,6.0,335.46923828125,1.060531497001648,2.0,1.5436251163482666,1,1.0992170572280884,0.30000000000000004,7.5
13,0,0.0,1.0,2.0,1.4219063791853994,1.6,6.0,335.96923828125,1.0562126636505127,2.0,1.554127812385559,1,1.0948982238769531,0.30000000000000004,7.5
13,0,0.0,1.0,2.0,1.4219063791853994,1.6,6.0,336.46923828125,1.0520102977752686,2.0,1.5645489692687988,1,1.090695858001709,0.30000000000000004,7.5
13,0,0.0,1.0,2.0,1.4219063791853994,1.6,6.0,336.96923828125,1.0479226112365723,2.0,1.5748913288116455,1,1.0866081714630127,0.30000000000000004,7.5
13,0,0.0,1.0,2.0,1.4219063791853994,1.6,6.0,337.46923828125,1.0439475774765015,2.0,1.5851571559906006,1,1.082633137702942,0.30000000000000004,7.5
13,0,0.0,1.0,2.0,1.4219063791853994,1.6,6.0,337.96923828125,1.040083408355713,2.0,1.5953490734100342,1,1.0787689685821533,0.30000000000000004,7.5
13,0,0.0,1.0,2.0,1.4219063791853994,1.6,6.0,338.46923828125,1.0363281965255737,2.0,1.6054691076278687,1,1.0750137567520142,0.30000000000000004,7.5
13,0,0.0,1.0,2.0,1.4219063791853994,1.6,6.0,338.96923828125,1.0326803922653198,2.0,1.6155197620391846,1,1.0713659524917603,0.30000000000000004,7.5
13,0,0.0,1.0,2.0,1.4219063791853994,1.6,6.0,339.46923828125,0.0,,,0,1.067823886871338,0.30000000000000004,7.5
13,0,0.0,1.0,2.0,1.4219063791853994,1.6,6.0,339.96923828125,1.025700330734253,2.0,1.6354215145111084,1,1.0643858909606934,0.30000000000000004,7.5
13,0,0.0,1.0,2.0,1.4219063791853994,1.6,6.0,340.46923828125,1.0223650932312012,2.0,1.6452770233154297,1,1.0610506534576416,0.30000000000000004,7.5
13,0,0.0,1.0,2.0,1.4219063791853994,1.6,6.0,340.96923828125,1.019130825996399,2.0,1.6550716161727905,1,1.0578163862228394,0.30000000000000004,7.5
13,0,0.0,1.0,2.0,1.4219063791853994,1.6,6.0,341.46923828125,1.0159963369369507,2.0,1.6648074388504028,1,1.0546818971633911,0.30000000000000004,7.5
13,0,0.0,1.0,2.0,1.4219063791853994,1.6,6.0,341.96923828125,1.0129603147506714,2.0,1.674486517906189,1,1.0516458749771118,0.30000000000000004,7.5
13,0,0.0,1.0,2.0,1.4219063791853994,1.6,6.0,342.46923828125,1.0100212097167969,2.0,1.6841107606887817,1,1.0487067699432373,0.30000000000000004,7.5
13,0,0.0,1.0,2.0,1.4219063791853994,1.6,6.0,342.96923828125,1.0071780681610107,2.0,1.693682074546814,1,1.0458636283874512,0.30000000000000004,7.5
13,0,0.0,1.0,2.0,1.4219063791853994,1.6,6.0,343.46923828125,0.0,,,0,1.0431150197982788,0.30000000000000004,7.5
13,0,0.0,1.0,2.0,1.4219063791853994,1.6,6.0,343.96923828125,1.0017741918563843,2.0,1.7126734256744385,1,1.0404597520828247,0.30000000000000004,7.5
13,0,0.0,1.0,2.0,1.4219063791853994,1.6,6.0,344.46923828125,0.999211311340332,2.0,1.7220971584320068,1,1.0378968715667725,0.30000000000000004,7.5
13,0,0.0,1.0,2.0,1.4219063791853994,1.6,6.0,344.96923828125,0.9967397451400757,2.0,1.7314752340316772,1,1.0354253053665161,0.30000000000000004,7.5
13,0,0.0,1.0,2.0,1.4219063791853994,1.6,6.0,345.46923828125,0.9943583011627197,2.0,1.740809440612793,1,1.0330438613891602,0.30000000000000004,7.5
13,0,0.0,1.0,2.0,1.4219063791853994,1.6,6.0,345.96923828125,0.9920662641525269,2.0,1.7501015663146973,1,1.0307518243789673,0.30000000000000004,7.5
13,0,0.0,1.0,2.0,1.4219063791853994,1.6,6.0,346.46923828125,0.989862322807312,2.0,1.7593532800674438,1,1.0285478830337524,0.30000000000000004,7.5
13,0,0.0,1.0,2.0,1.4219063791853994,1.6,6.0,346.96923828125,0.9877458810806274,2.0,1.7685661315917969,1,1.0264314413070679,0.30000000000000004,7.5
13,0,0.0,1.0,2.0,1.4219063791853994,1.6,6.0,347.46923828125,0.9857161045074463,2.0,1.7777419090270996,1,1.0244016647338867,0.30000000000000004,7.5
13,0,0.0,1.0,2.0,1.4219063791853994,1.6,6.0,347.96923828125,0.9837719202041626,2.0,1.7868821620941162,1,1.022457480430603,0.30000000000000004,7.5
13,0,0.0,1.0,2.0,1.4219063791853994,1.6,6.0,348.46923828125,0.9819126129150391,2.0,1.7959884405136108,1,1.0205981731414795,0.30000000000000004,7.5
13,0,0.0,1.0,2.0,1.4219063791853994,1.6,6.0,348.96923828125,0.9801375865936279,2.0,1.8050624132156372,1,1.0188231468200684,0.30000000000000004,7.5
13,0,0.0,1.0,2.0,1.4219063791853994,1.6,6.0,349.46923828125,0.9784461259841919,2.0,1.81410551071167,1,1.0171316862106323,0.30000000000000004,7.5
13,0,0.0,1.0,2.0,1.4219063791853994,1.6,6.0,349.96923828125,0.9768373966217041,2.0,1.8231192827224731,1,1.0155229568481445,0.30000000000000004,7.5
13,0,0.0,1.0,2.0,1.4219063791853994,1.6,6.0,350.46923828125,0.9753108024597168,2.0,1.8321053981781006,1,1.0139963626861572,0.30000000000000004,7.5
13,0,0.0,1.0,2.0,1.4219063791853994,1.6,6.0,350.96923828125,0.9738658666610718,2.0,1.8410650491714478,1,1.0125514268875122,0.30000000000000004,7.5
13,0,0.0,1.0,2.0,1.4219063791853994,1.6,6.0,351.46923828125,0.0,,,0,1.0111874341964722,0.30000000000000004,7.5
13,0,0.0,1.0,2.0,1.4219063791853994,1.6,6.0,351.96923828125,0.9712183475494385,2.0,1.8589115142822266,1,1.009903907775879,0.30000000000000004,7.5
13,0,0.0,1.0,2.0,1.4219063791853994,1.6,6.0,352.46923828125,0.9700148105621338,2.0,1.8678011894226074,1,1.0087003707885742,0.30000000000000004,7.5
13,0,0.0,1.0,2.0,1.4219063791853994,1.6,6.0,352.96923828125,0.9688907861709595,2.0,1.8766703605651855,1,1.0075763463974,0.30000000000000004,7.5
13,0,0.0,1.0,2.0,1.4219063791853994,1.6,6.0,353.46923828125,0.9678459167480469,2.0,1.8855204582214355,1,1.0065314769744873,0.30000000000000004,7.5
13,0,0.0,1.0,2.0,1.4219063791853994,1.6,6.0,353.96923828125,0.9668796062469482,2.0,1.8943527936935425,1,1.0055651664733887,0.30000000000000004,7.5
13,0,0.0,1.0,2.0,1.4219063791853994,1.6,6.0,354.46923828125,0.9659916162490845,2.0,1.90316903591156,1,1.004677176475525,0.30000000000000004,7.5
13,0,0.0,1.0,2.0,1.4219063791853994,1.6,6.0,354.96923828125,0.9651815891265869,2.0,1.9119702577590942,1,1.0038671493530273,0.30000000000000004,7.5
13,0,0.0,1.0,2.0,1.4219063791853994,1.6,6.0,355.46923828125,0.9644491672515869,2.0,1.9207580089569092,1,1.0031347274780273,0.30000000000000004,7.5
13,0,0.0,1.0,2.0,1.4219063791853994,1.6,6.0,355.96923828125,0.0,,,0,1.0024796724319458,0.30000000000000004,7.5
13,0,0.0,1.0,2.0,1.4219063791853994,1.6,6.0,356.46923828125,0.9632161855697632,2.0,1.9382983446121216,1,1.0019017457962036,0.30000000000000004,7.5
13,0,0.0,1.0,2.0,1.4219063791853994,1.6,6.0,356.96923828125,0.9627151489257812,2.0,1.9470537900924683,1,1.0014007091522217,0.30000000000000004,7.5
13,0,0.0,1.0,2.0,1.4219063791853994,1.6,6.0,357.46923828125,0.9622907638549805,2.0,1.955801010131836,1,1.000976324081421,0.30000000000000004,7.5
13,0,0.0,1.0,2.0,1.4219063791853994,1.6,6.0,357.96923828125,0.9619429111480713,2.0,1.9645415544509888,1,1.0006284713745117,0.30000000000000004,7.5
13,0,0.0,1.0,2.0,1.4219063791853994,1.6,6.0,358.46923828125,0.9616714715957642,2.0,1.9732767343521118,1,1.0003570318222046,0.30000000000000004,7.5
13,0,0.0,1.0,2.0,1.4219063791853994,1.6,6.0,358.96923828125,0.9614763259887695,2.0,1.9820078611373901,1,1.00016188621521,0.30000000000000004,7.5
13,0,0.0,1.0,2.0,1.4219063791853994,1.6,6.0,359.46923828125,0.9613573551177979,2.0,1.9907361268997192,1,1.0000429153442383,0.30000000000000004,7.5
13,0,0.0,1.0,2.0,1.4219063791853994,1.6,6.0,359.96923828125,0.9613145589828491,2.0,1.9994630813598633,1,1.0000001192092896,0.30000000000000004,7.5
13,0,0.0,1.0,2.0,1.4219063791853994,1.6,6.0,0.4692343771457672,0.9613479375839233,2.0,2.0081899166107178,1,1.0000334978103638,0.30000000000000004,7.5
13,0,0.0,1.0,2.0,1.4219063791853994,1.6,6.0,0.9692344069480896,0.9614574909210205,2.0,2.0169179439544678,1,1.000143051147461,0.30000000000000004,7.5
13,0,0.0,1.0,2.0,1.4219063791853994,1.6,6.0,1.4692343473434448,0.9616433382034302,2.0,2.025648593902588,1,1.0003288984298706,0.30000000000000004,7.5
13,0,0.0,1.0,2.0,1.4219063791853994,1.6,6.0,1.9692343473434448,0.9619053602218628,2.0,2.0343830585479736,1,1.0005909204483032,0.30000000000000004,7.5
13,0,0.0,1.0,2.0,1.4219063791853994,1.6,6.0,2.4692344665527344,0.0,,,0,1.000929355621338,0.30000000000000004,7.5
13,0,0.0,1.0,2.0,1.4219063791853994,1.6,6.0,2.9692344665527344,0.9626587629318237,2.0,2.0518693923950195,1,1.0013443231582642,0.30000000000000004,7.5
13,0,0.0,1.0,2.0,1.4219063791853994,1.6,6.0,3.4692344665527344,0.9631503820419312,2.0,2.0606236457824707,1,1.0018359422683716,0.30000000000000004,7.5
13,0,0.0,1.0,2.0,1.4219063791853994,1.6,6.0,3.9692344665527344,0.9637188911437988,2.0,2.069387197494507,1,1.0024044513702393,0.30000000000000004,7.5
13,0,0.0,1.0,2.0,1.4219063791853994,1.6,6.0,4.469234466552734,0.9643644094467163,2.0,2.0781614780426025,1,1.0030499696731567,0.30000000000000004,7.5
13,0,0.0,1.0,2.0,1.4219063791853994,1.6,6.0,4.969234466552734,0.9650872945785522,2.0,2.0869476795196533,1,1.0037728548049927,0.30000000000000004,7.5
13,0,0.0,1.0,2.0,1.4219063791853994,1.6,6.0,5.469234466552734,0.9658877849578857,2.0,2.095747232437134,1,1.0045733451843262,0.30000000000000004,7.5
13,0,0.0,1.0,2.0,1.4219063791853994,1.6,6.0,5.969234466552734,0.9667661190032959,2.0,2.1045613288879395,1,1.0054516792297363,0.30000000000000004,7.5
13,0,0.0,1.0,2.0,1.4219063791853994,1.6,6.0,6.469234466552734,0.9677227735519409,2.0,2.113391637802124,1,1.0064083337783813,0.30000000000000004,7.5
13,0,0.0,1.0,2.0,1.4219063791853994,1.6,6.0,6.969234466552734,0.9687579870223999,2.0,2.122239589691162,1,1.0074435472488403,0.30000000000000004,7.5
13,0,0.0,1.0,2.0,1.4219063791853994,1.6,6.0,7.469234466552734,0.969872236251831,2.0,2.131106376647949,1,1.0085577964782715,0.30000000000000004,7.5
13,0,0.0,1.0,2.0,1.4219063791853994,1.6,6.0,7.969234466552734,0.9710659980773926,2.0,2.139993190765381,1,1.009751558303833,0.30000000000000004,7.5
13,0,0.0,1.0,2.0,1.4219063791853994,1.6,6.0,8.469234466552734,0.9723396301269531,2.0,2.148902177810669,1,1.0110251903533936,0.30000000000000004,7.5
13,0,0.0,1.0,2.0,1.4219063791853994,1.6,6.0,8.969234466552734,0.9736936092376709,2.0,2.157834053039551,1,1.0123791694641113,0.30000000000000004,7.5
13,0,0.0,1.0,2.0,1.4219063791853994,1.6,6.0,9.469234466552734,0.9751285314559937,2.0,2.166790723800659,1,1.013814091682434,0.30000000000000004,7.5
13,0,0.0,1.0,2.0,1.4219063791853994,1.6,6.0,9.969234466552734,0.9766451120376587,2.0,2.1757733821868896,1,1.0153306722640991,0.30000000000000004,7.5
13,0,0.0,1.0,2.0,1.4219063791853994,1.6,6.0,10.469234466552734,0.9782435894012451,2.0,2.184783697128296,1,1.0169291496276855,0.30000000000000004,7.5
13,0,0.0,1.0,2.0,1.4219063791853994,1.6,6.0,10.969234466552734,0.9799249172210693,2.0,2.1938230991363525,1,1.0186104774475098,0.30000000000000004,7.5
13,0,0.0,1.0,2.0,1.4219063791853994,1.6,6.0,11.469234466552734,0.9816896915435791,2.0,2.2028932571411133,1,1.0203752517700195,0.30000000000000004,7.5
13,0,0.0,1.0,2.0,1.4219063791853994,1.6,6.0,11.969234466552734,0.9835385084152222,2.0,2.2119953632354736,1,1.0222240686416626,0.30000000000000004,7.5
13,0,0.0,1.0,2.0,1.4219063791853994,1.6,6.0,12.469234466552734,0.9854722023010254,2.0,2.2211313247680664,1,1.0241577625274658,0.30000000000000004,7.5
13,0,0.0,1.0,2.0,1.4219063791853994,1.6,6.0,12.969234466552734,0.9874914884567261,2.0,2.230302572250366,1,1.0261770486831665,0.30000000000000004,7.5
13,0,0.0,1.0,2.0,1.4219063791853994,1.6,6.0,13.469234466552734,0.9895972013473511,2.0,2.239511013031006,1,1.0282827615737915,0.30000000000000004,7.5
13,0,0.0,1.0,2.0,1.4219063791853994,1.6,6.0,13.969234466552734,0.9917902946472168,2.0,2.248757839202881,1,1.0304758548736572,0.30000000000000004,7.5
13,0,0.0,1.0,2.0,1.4219063791853994,1.6,6.0,14.469234466552734,0.9940714836120605,2.0,2.258044719696045,1,1.032757043838501,0.30000000000000004,7.5
13,0,0.0,1.0,2.0,1.4219063791853994,1.6,6.0,14.969234466552734,0.9964418411254883,2.0,2.26737380027771,1,1.0351274013519287,0.30000000000000004,7.5
13,0,0.0,1.0,2.0,1.4219063791853994,1.6,6.0,15.469234466552734,0.9989023208618164,2.0,2.2767462730407715,1,1.0375878810882568,0.30000000000000004,7.5
13,0,0.0,1.0,2.0,1.4219063791853994,1.6,6.0,15.969234466552734,0.0,,,0,1.0401394367218018,0.30000000000000004,7.5
13,0,0.0,1.0,2.0,1.4219063791853994,1.6,6.0,16.469234466552734,1.0040977001190186,2.0,2.2956295013427734,1,1.042783260345459,0.30000000000000004,7.5
13,0,0.0,1.0,2.0,1.4219063791853994,1.6,6.0,16.969234466552734,1.0068347454071045,2.0,2.3051435947418213,1,1.045520305633545,0.30000000000000004,7.5
13,0,0.0,1.0,2.0,1.4219063791853994,1.6,6.0,17.469234466552734,1.0096662044525146,2.0,2.3147084712982178,1,1.048351764678955,0.30000000000000004,7.5
13,0,0.0,1.0,2.0,1.4219063791853994,1.6,6.0,17.969234466552734,1.012593388557434,2.0,2.3243260383605957,1,1.0512789487838745,0.30000000000000004,7.5
13,0,0.0,1.0,2.0,1.4219063791853994,1.6,6.0,18.469234466552734,1.0156174898147583,2.0,2.333998441696167,1,1.0543030500411987,0.30000000000000004,7.5
13,0,0.0,1.0,2.0,1.4219063791853994,1.6,6.0,18.969234466552734,1.0187398195266724,2.0,2.3437271118164062,1,1.0574253797531128,0.30000000000000004,7.5
13,0,0.0,1.0,2.0,1.4219063791853994,1.6,6.0,19.469234466552734,1.0219615697860718,2.0,2.3535144329071045,1,1.0606471300125122,0.30000000000000004,7.5
13,0,0.0,1.0,2.0,1.4219063791853994,1.6,6.0,19.969234466552734,1.0252844095230103,2.0,2.3633623123168945,1,1.0639699697494507,0.30000000000000004,7.5
13,0,0.0,1.0,2.0,1.4219063791853994,1.6,6.0,20.469234466552734,1.0287096500396729,2.0,2.3732728958129883,1,1.0673952102661133,0.30000000000000004,7.5
13,0,0.0,1.0,2.0,1.4219063791853994,1.6,6.0,20.969234466552734,1.0322388410568237,2.0,2.3832480907440186,1,1.0709244012832642,0.30000000000000004,7.5
13,0,0.0,1.0,2.0,1.4219063791853994,1.6,6.0,21.469234466552734,1.035873532295227,2.0,2.3932902812957764,1,1.0745590925216675,0.30000000000000004,7.5
13,0,0.0,1.0,2.0,1.4219063791853994,1.6,6.0,21.969234466552734,1.0396153926849365,2.0,2.4034018516540527,1,1.078300952911377,0.30000000000000004,7.5
13,0,0.0,1.0,2.0,1.4219063791853994,1.6,6.0,22.469234466552734,1.0434660911560059,2.0,2.4135847091674805,1,1.0821516513824463,0.30000000000000004,7.5
13,0,0.0,1.0,2.0,1.4219063791853994,1.6,6.0,22.969234466552734,0.0,,,0,1.0861129760742188,0.30000000000000004,7.5
13,0,0.0,1.0,2.0,1.4219063791853994,1.6,6.0,23.469234466552734,1.0515011548995972,2.0,2.434174060821533,1,1.0901867151260376,0.30000000000000004,7.5
13,0,0.0,1.0,2.0,1.4219063791853994,1.6,6.0,23.969234466552734,1.0556892156600952,2.0,2.4445853233337402,1,1.0943747758865356,0.30000000000000004,7.5
13,0,0.0,1.0,2.0,1.4219063791853994,1.6,6.0,24.469234466552734,1.0599936246871948,2.0,2.455077886581421,1,1.0986791849136353,0.30000000000000004,7.5
13,0,0.0,1.0,2.0,1.4219063791853994,1.6,6.0,24.969234466552734,1.0644162893295288,2.0,2.465654134750366,1,1.1031018495559692,0.30000000000000004,7.5
13,0,0.0,1.0,2.0,1.4219063791853994,1.6,6.0,25.469234466552734,1.0689594745635986,2.0,2.4763166904449463,1,1.107645034790039,0.30000000000000004,7.5
13,0,0.0,1.0,2.0,1.4219063791853994,1.6,6.0,25.969234466552734,1.0736252069473267,2.0,2.4870681762695312,1,1.112310767173767,0.30000000000000004,7.5
13,0,0.0,1.0,2.0,1.4219063791853994,1.6,6.0,26.469234466552734,0.0,,,0,1.1171014308929443,0.30000000000000004,7.5
13,0,0.0,1.0,2.0,1.4219063791853994,1.6,6.0,26.969234466552734,1.0833338499069214,2.0,2.5088493824005127,1,1.1220194101333618,0.30000000000000004,7.5
13,0,0.0,1.0,2.0,1.4219063791853994,1.6,6.0,27.469234466552734,1.0883815288543701,2.0,2.5198848247528076,1,1.1270670890808105,0.30000000000000004,7.5
13,0,0.0,1.0,2.0,1.4219063791853994,1.6,6.0,27.969234466552734,1.0935614109039307,2.0,2.5310208797454834,1,1.132246971130371,0.30000000000000004,7.5
13,0,0.0,1.0,2.0,1.4219063791853994,1.6,6.0,28.469234466552734,1.0988761186599731,2.0,2.5422606468200684,1,1.1375616788864136,0.30000000000000004,7.5
13,0,0.0,1.0,2.0,1.4219063791853994,1.6,6.0,28.969234466552734,1.1043285131454468,2.0,2.553607225418091,1,1.1430140733718872,0.30000000000000004,7.5
13,0,0.0,1.0,2.0,1.4219063791853994,1.6,6.0,29.469234466552734,1.1099212169647217,2.0,2.5650641918182373,1,1.148606777191162,0.30000000000000004,7.5
13,0,0.0,1.0,2.0,1.4219063791853994,1.6,6.0,29.969234466552734,1.1156573295593262,2.0,2.576634645462036,1,1.1543428897857666,0.30000000000000004,7.5
13,0,0.0,1.0,2.0,1.4219063791853994,1.6,6.0,30.469234466552734,1.1215397119522095,2.0,2.5883219242095947,1,1.16022527217865,0.30000000000000004,7.5
13,0,0.0,1.0,2.0,1.4219063791853994,1.6,6.0,30.969234466552734,1.127571702003479,2.0,2.600130081176758,1,1.1662572622299194,0.30000000000000004,7.5
13,0,0.0,1.0,2.0,1.4219063791853994,1.6,6.0,31.469234466552734,1.1337565183639526,2.0,2.612062454223633,1,1.172442078590393,0.30000000000000004,7.5
13,0,0.0,1.0,2.0,1.4219063791853994,1.6,6.0,31.969234466552734,1.1400974988937378,2.0,2.6241230964660645,1,1.1787830591201782,0.30000000000000004,7.5
13,0,0.0,1.0,2.0,1.4219063791853994,1.6,6.0,32.469234466552734,1.146598219871521,2.0,2.6363155841827393,1,1.1852837800979614,0.30000000000000004,7.5
13,0,0.0,1.0,2.0,1.4219063791853994,1.6,6.0,32.969234466552734,1.1532622575759888,2.0,2.64864444732666,1,1.1919478178024292,0.30000000000000004,7.5
13,0,0.0,1.0,2.0,1.4219063791853994,1.6,6.0,33.469234466552734,1.1600935459136963,2.0,2.661113739013672,1,1.1987791061401367,0.30000000000000004,7.5
13,0,0.0,1.0,2.0,1.4219063791853994,1.6,6.0,33.969234466552734,1.1670958995819092,2.0,2.673727512359619,1,1.2057814598083496,0.30000000000000004,7.5
13,0,0.0,1.0,2.0,1.4219063791853994,1.6,6.0,34.469234466552734,1.1742733716964722,2.0,2.686490535736084,1,1.2129589319229126,0.30000000000000004,7.5
13,0,0.0,1.0,2.0,1.4219063791853994,1.6,6.0,34.969234466552734,1.1816303730010986,2.0,2.6994075775146484,1,1.220315933227539,0.30000000000000004,7.5
13,0,0.0,1.0,2.0,1.4219063791853994,1.6,6.0,35.469234466552734,1.1891711950302124,2.0,2.7124831676483154,1,1.2278567552566528,0.30000000000000004,7.5
13,0,0.0,1.0,2.0,1.4219063791853994,1.6,6.0,35.969234466552734,0.0,,,0,1.235586166381836,0.30000000000000004,7.5
13,0,0.0,1.0,2.0,1.4219063791853994,1.6,6.0,36.469234466552734,1.2048231363296509,2.0,2.7391304969787598,1,1.2435086965560913,0.30000000000000004,7.5
13,0,0.0,1.0,2.0,1.4219063791853994,1.6,6.0,36.969234466552734,1.2129437923431396,2.0,2.7527124881744385,1,1.25162935256958,0.30000000000000004,7.5
13,0,0.0,1.0,2.0,1.4219063791853994,1.6,6.0,37.469234466552734,1.2212679386138916,2.0,2.7664742469787598,1,1.259953498840332,0.30000000000000004,7.5
13,0,0.0,1.0,2.0,1.4219063791853994,1.6,6.0,37.969234466552734,1.2298007011413574,2.0,2.780421257019043,1,1.2684862613677979,0.30000000000000004,7.5
13,0,0.0,1.0,2.0,1.4219063791853994,1.6,6.0,38.469234466552734,1.2385478019714355,2.0,2.7945594787597656,1,1.277233362197876,0.30000000000000004,7.5
13,0,0.0,1.0,2.0,1.4219063791853994,1.6,6.0,38.969234466552734,1.2475149631500244,2.0,2.8088953495025635,1,1.2862005233764648,0.30000000000000004,7.5
13,0,0.0,1.0,2.0,1.4219063791853994,1.6,6.0,39.469234466552734,1.2567082643508911,2.0,2.823434829711914,1,1.2953938245773315,0.30000000000000004,7.5
13,0,0.0,1.0,2.0,1.4219063791853994,1.6,6.0,39.969234466552734,1.2661340236663818,2.0,2.8381850719451904,1,1.3048195838928223,0.30000000000000004,7.5
13,0,0.0,1.0,2.0,1.4219063791853994,1.6,6.0,40.469234466552734,0.0,,,0,1.3144843578338623,0.30000000000000004,7.5
13,0,0.0,1.0,2.0,1.4219063791853994,1.6,6.0,40.969234466552734,1.2857093811035156,2.0,2.86834454536438,1,1.324394941329956,0.30000000000000004,7.5
13,0,0.0,1.0,2.0,1.4219063791853994,1.6,6.0,41.469234466552734,1.2958730459213257,2.0,2.8837685585021973,1,1.3345586061477661,0.30000000000000004,7.5
13,0,0.0,1.0,2.0,1.4219063791853994,1.6,6.0,41.969234466552734,1.3062970638275146,2.0,2.8994321823120117,1,1.344982624053955,0.30000000000000004,7.5
13,0,0.0,1.0,2.0,1.4219063791853994,1.6,6.0,42.469234466552734,1.3169893026351929,2.0,2.915343761444092,1,1.3556748628616333,0.30000000000000004,7.5
13,0,0.0,1.0,2.0,1.4219063791853994,1.6,6.0,42.969234466552734,1.3279577493667603,2.0,2.931511640548706,1,1.3666433095932007,0.30000000000000004,7.5
13,0,0.0,1.0,2.0,1.4219063791853994,1.6,6.0,43.469234466552734,1.3392109870910645,2.0,2.9479446411132812,1,1.3778965473175049,0.30000000000000004,7.5
13,0,0.0,1.0,2.0,1.4219063791853994,1.6,6.0,43.969234466552734,1.3507577180862427,2.0,2.964651584625244,1,1.389443278312683,0.30000000000000004,7.5
13,0,0.0,1.0,2.0,1.4219063791853994,1.6,6.0,44.469234466552734,1.3626072406768799,2.0,2.981642246246338,1,1.4012928009033203,0.30000000000000004,7.5
13,0,0.0,1.0,2.0,1.4219063791853994,1.6,6.0,44.969234466552734,1.3747692108154297,2.0,2.9989266395568848,1,1.4134547710418701,0.30000000000000004,7.5
13,0,0.0,1.0,2.0,1.4219063791853994,1.6,6.0,45.469234466552734,1.3872536420822144,2.0,3.016515016555786,1,1.4259392023086548,0.30000000000000004,7.5
13,0,0.0,1.0,2.0,1.4219063791853994,1.6,6.0,45.969234466552734,1.400071144104004,2.0,3.0344181060791016,1,1.4387567043304443,0.30000000000000004,7.5
13,0,0.0,1.0,2.0,1.4219063791853994,1.6,6.0,46.469234466552734,1.4132328033447266,2.0,3.052647590637207,1,1.451918363571167,0.30000000000000004,7.5
13,0,0.0,1.0,2.0,1.4219063791853994,1.6,6.0,46.969234466552734,1.4267500638961792,2.0,3.0712149143218994,1,1.4654356241226196,0.30000000000000004,7.5
13,0,0.0,1.0,2.0,1.4219063791853994,1.6,6.0,47.469234466552734,1.4406349658966064,2.0,3.090132713317871,1,1.4793205261230469,0.30000000000000004,7.5
13,0,0.0,1.0,2.0,1.4219063791853994,1.6,6.0,47.969234466552734,1.4549005031585693,2.0,3.1094138622283936,1,1.4935860633850098,0.30000000000000004,7.5
13,0,0.0,1.0,2.0,1.4219063791853994,1.6,6.0,48.469234466552734,1.4695597887039185,2.0,3.1290721893310547,1,1.5082453489303589,0.30000000000000004,7.5
13,0,0.0,1.0,2.0,1.4219063791853994,1.6,6.0,48.969234466552734,1.4846267700195312,2.0,3.1491215229034424,1,1.5233123302459717,0.30000000000000004,7.5
13,0,0.0,1.0,2.0,1.4219063791853994,1.6,6.0,49.469234466552734,0.0,,,0,1.5388017892837524,0.30000000000000004,7.5
13,0,0.0,1.0,2.0,1.4219063791853994,1.6,6.0,49.969234466552734,1.5160435438156128,2.0,3.1904547214508057,1,1.5547291040420532,0.30000000000000004,7.5
13,0,0.0,1.0,2.0,1.4219063791853994,1.6,6.0,50.469234466552734,1.5324249267578125,2.0,3.21177077293396,1,1.571110486984253,0.30000000000000004,7.5
13,0,0.0,1.0,2.0,1.4219063791853994,1.6,6.0,50.969234466552734,1.549277424812317,2.0,3.2335422039031982,1,1.5879629850387573,0.30000000000000004,7.5
13,0,0.0,1.0,2.0,1.4219063791853994,1.6,6.0,51.469234466552734,1.5666189193725586,2.0,3.2557876110076904,1,1.605304479598999,0.30000000000000004,7.5
13,0,0.0,1.0,2.0,1.4219063791853994,1.6,6.0,51.969234466552734,1.5844683647155762,2.0,3.2785260677337646,1,1.6231539249420166,0.30000000000000004,7.5
13,0,0.0,1.0,2.0,1.4219063791853994,1.6,6.0,52.469234466552734,1.602845549583435,2.0,3.3017773628234863,1,1.6415311098098755,0.30000000000000004,7.5
13,0,0.0,1.0,2.0,1.4219063791853994,1.6,6.0,52.969234466552734,1.6217715740203857,2.0,3.3255631923675537,1,1.6604571342468262,0.30000000000000004,7.5
13,0,0.0,1.0,2.0,1.4219063791853994,1.6,6.0,53.469234466552734,1.6412686109542847,2.0,3.3499059677124023,1,1.679954171180725,0.30000000000000004,7.5
13,0,0.0,1.0,2.0,1.4219063791853994,1.6,6.0,53.969234466552734,1.6613599061965942,2.0,3.374828815460205,1,1.7000454664230347,0.30000000000000004,7.5
13,0,0.0,1.0,2.0,1.4219063791853994,1.6,6.0,54.469234466552734,1.6820701360702515,2.0,3.400357246398926,1,1.720755696296692,0.30000000000000004,7.5
13,0,0.0,1.0,2.0,1.4219063791853994,1.6,6.0,54.969234466552734,1.7034255266189575,2.0,3.4265170097351074,1,1.742111086845398,0.30000000000000004,7.5
13,0,0.0,1.0,2.0,1.4219063791853994,1.6,6.0,55.469234466552734,1.7254537343978882,2.0,3.453336715698242,1,1.7641392946243286,0.30000000000000004,7.5
13,0,0.0,1.0,2.0,1.4219063791853994,1.6,6.0,55.969234466552734,1.7481838464736938,2.0,3.4808452129364014,1,1.7868694067001343,0.30000000000000004,7.5
13,0,0.0,1.0,2.0,1.4219063791853994,1.6,6.0,56.469234466552734,0.0,,,0,1.8103326559066772,0.30000000000000004,7.5
13,0,0.0,1.0,2.0,1.4219063791853994,1.6,6.0,56.969234466552734,1.7958762645721436,2.0,3.5380563735961914,1,1.834561824798584,0.30000000000000004,7.5
13,0,0.0,1.0,2.0,1.4219063791853994,1.6,6.0,57.469234466552734,1.8209062814712524,2.0,3.5678272247314453,1,1.8595918416976929,0.30000000000000004,7.5
13,0,0.0,1.0,2.0,1.4219063791853994,1.6,6.0,57.969234466552734,1.8467744588851929,2.0,3.598423957824707,1,1.8854600191116333,0.30000000000000004,7.5
13,0,0.0,1.0,2.0,1.4219063791853994,1.6,6.0,58.469234466552734,1.873520016670227,2.0,3.6298866271972656,1,1.9122055768966675,0.30000000000000004,7.5
13,0,0.0,1.0,2.0,1.4219063791853994,1.6,6.0,58.969234466552734,1.901185154914856,2.0,3.662256956100464,1,1.9398707151412964,0.30000000000000004,7.5
13,0,0.0,1.0,2.0,1.4219063791853994,1.6,6.0,59.469234466552734,1.9298146963119507,2.0,3.69558048248291,1,1.9685002565383911,0.30000000000000004,7.5
13,0,0.0,1.0,2.0,1.4219063791853994,1.6,6.0,59.969234466552734,1.9594563245773315,2.0,3.729904890060425,1,1.998141884803772,0.30000000000000004,7.5
13,0,0.0,1.0,2.0,1.4219063791853994,1.6,6.0,60.469234466552734,1.9901611804962158,2.0,3.7652816772460938,1,2.0288467407226562,0.30000000000000004,7.5
13,0,0.0,1.0,2.0,1.4219063791853994,1.6,6.0,60.969234466552734,2.0219838619232178,2.0,3.8017654418945312,1,2.060669422149658,0.30000000000000004,7.5
13,0,0.0,1.0,2.0,1.4219063791853994,1.6,6.0,61.469234466552734,0.0,,,0,2.093668222427368,0.30000000000000004,7.5
13,0,0.0,1.0,2.0,1.4219063791853994,1.6,6.0,61.969234466552734,2.0892202854156494,2.0,3.8782925605773926,1,2.12790584564209,0.30000000000000004,7.5
13,0,0.0,1.0,2.0,1.4219063791853994,1.6,6.0,62.469234466552734,0.0,,,0,2.163449287414551,0.30000000000000004,7.5
13,0,0.0,1.0,2.0,1.4219063791853994,1.6,6.0,62.969234466552734,0.0,,,0,2.2003707885742188,0.30000000000000004,7.5
13,0,0.0,1.0,2.0,1.4219063791853994,1.6,6.0,63.469234466552734,2.196713924407959,1.998504400253296,4.0,1,2.2353994846343994,0.30000000000000004,7.5
13,0,0.0,1.0,2.0,1.4219063791853994,1.6,6.0,63.969234466552734,2.1871016025543213,1.976794958114624,4.0,1,2.2257871627807617,0.30000000000000004,7.5
13,0,0.0,1.0,2.0,1.4219063791853994,1.6,6.0,64.46923065185547,2.1777396202087402,1.955269694328308,4.0,1,2.2164251804351807,0.30000000000000004,7.5
13,0,0.0,1.0,2.0,1.4219063791853994,1.6,6.0,64.96923065185547,2.168623208999634,1.9339231252670288,4.0,1,2.207308769226074,0.30000000000000004,7.5
13,0,0.0,1.0,2.0,1.4219063791853994,1.6,6.0,65.46923065185547,2.1597485542297363,1.9127497673034668,4.0,1,2.1984341144561768,0.30000000000000004,7.5
13,0,0.0,1.0,2.0,1.4219063791853994,1.6,6.0,65.96923065185547,0.0,,,0,2.1897964477539062,0.30000000000000004,7.5
13,0,0.0,1.0,2.0,1.4219063791853994,1.6,6.0,66.46923065185547,2.1427061557769775,1.8709020614624023,4.0,1,2.181391716003418,0.30000000000000004,7.5
13,0,0.0,1.0,2.0,1.4219063791853994,1.6,6.0,66.96923065185547,2.134530782699585,1.850217342376709,4.0,1,2.1732163429260254,0.30000000000000004,7.5
13,0,0.0,1.0,2.0,1.4219063791853994,1.6,6.0,67.46923065185547,2.1265807151794434,1.8296855688095093,4.0,1,2.165266275405884,0.30000000000000004,7.5
13,0,0.0,1.0,2.0,1.4219063791853994,1.6,6.0,67.96923065185547,2.118852376937866,1.8093019723892212,4.0,1,2.1575379371643066,0.30000000000000004,7.5
13,0,0.0,1.0,2.0,1.4219063791853994,1.6,6.0,68.46923065185547,2.111341953277588,1.7890617847442627,4.0,1,2.1500275135040283,0.30000000000000004,7.5
13,0,0.0,1.0,2.0,1.4219063791853994,1.6,6.0,68.96923065185547,2.10404634475708,1.7689604759216309,4.0,1,2.1427319049835205,0.30000000000000004,7.5
13,0,0.0,1.0,2.0,1.4219063791853994,1.6,6.0,69.46923065185547,2.0969622135162354,1.7489936351776123,4.0,1,2.135647773742676,0.30000000000000004,7.5
13,0,0.0,1.0,2.0,1.4219063791853994,1.6,6.0,69.96923065185547,2.0900862216949463,1.7291568517684937,4.0,1,2.1287717819213867,0.30000000000000004,7.5
13,0,0.0,1.0,2.0,1.4219063791853994,1.6,6.0,70.46923065185547,2.0834157466888428,1.7094459533691406,4.0,1,2.122101306915283,0.30000000000000004,7.5
13,0,0.0,1.0,2.0,1.4219063791853994,1.6,6.0,70.96923065185547,2.0769472122192383,1.6898566484451294,4.0,1,2.1156327724456787,0.30000000000000004,7.5
13,0,0.0,1.0,2.0,1.4219063791853994,1.6,6.0,71.46923065185547,2.070678234100342,1.6703850030899048,4.0,1,2.1093637943267822,0.30000000000000004,7.5
13,0,0.0,1.0,2.0,1.4219063791853994,1.6,6.0,71.96923065185547,2.064606189727783,1.6510268449783325,4.0,1,2.1032917499542236,0.30000000000000004,7.5
13,0,0.0,1.0,2.0,1.4219063791853994,1.6,6.0,72.46923065185547,2.058727979660034,1.6317784786224365,4.0,1,2.0974135398864746,0.30000000000000004,7.5
13,0,0.0,1.0,2.0,1.4219063791853994,1.6,6.0,72.96923065185547,2.053041696548462,1.612635850906372,4.0,1,2.0917272567749023,0.30000000000000004,7.5
13,0,0.0,1.0,2.0,1.4219063791853994,1.6,6.0,73.46923065185547,2.047544479370117,1.5935953855514526,4.0,1,2.0862300395965576,0.30000000000000004,7.5
13,0,0.0,1.0,2.0,1.4219063791853994,1.6,6.0,73.96923065185547,2.042233943939209,1.574653148651123,4.0,1,2.0809195041656494,0.30000000000000004,7.5
13,0,0.0,1.0,2.0,1.4219063791853994,1.6,6.0,74.46923065185547,2.0371081829071045,1.5558058023452759,4.0,1,2.075793743133545,0.30000000000000004,7.5
13,0,0.0,1.0,2.0,1.4219063791853994,1.6,6.0,74.96923065185547,2.032165050506592,1.5370495319366455,4.0,1,2.0708506107330322,0.30000000000000004,7.5
13,0,0.0,1.0,2.0,1.4219063791853994,1.6,6.0,75.46923065185547,2.02740216255188,1.518381118774414,4.0,1,2.0660877227783203,0.30000000000000004,7.5
13,0,0.0,1.0,2.0,1.4219063791853994,1.6,6.0,75.96923065185547,2.022818088531494,1.4997968673706055,4.0,1,2.0615036487579346,0.30000000000000004,7.5
13,0,0.0,1.0,2.0,1.4219063791853994,1.6,6.0,76.46923065185547,2.0184102058410645,1.4812934398651123,4.0,1,2.057095766067505,0.30000000000000004,7.5
13,0,0.0,1.0,2.0,1.4219063791853994,1.6,6.0,76.96923065185547,2.0141773223876953,1.4628677368164062,4.0,1,2.0528628826141357,0.30000000000000004,7.5
13,0,0.0,1.0,2.0,1.4219063791853994,1.6,6.0,77.46923065185547,2.010117769241333,1.4445161819458008,4.0,1,2.0488033294677734,0.30000000000000004,7.5
13,0,0.0,1.0,2.0,1.4219063791853994,1.6,6.0,77.96923065185547,2.0062294006347656,1.4262356758117676,4.0,1,2.044914960861206,0.30000000000000004,7.5
13,0,0.0,1.0,2.0,1.4219063791853994,1.6,6.0,78.46923065185547,2.0025107860565186,1.4080231189727783,4.0,1,2.041196346282959,0.30000000000000004,7.5
13,0,0.0,1.0,2.0,1.4219063791853994,1.6,6.0,78.96923065185547,1.9989607334136963,1.3898752927780151,4.0,1,2.0376462936401367,0.30000000000000004,7.5
13,0,0.0,1.0,2.0,1.4219063791853994,1.6,6.0,79.46923065185547,1.9955778121948242,1.3717889785766602,4.0,1,2.0342633724212646,0.30000000000000004,7.5
13,0,0.0,1.0,2.0,1.4219063791853994,1.6,6.0,79.96923065185547,1.9923603534698486,1.3537614345550537,4.0,1,2.031045913696289,0.30000000000000004,7.5
13,0,0.0,1.0,2.0,1.4219063791853994,1.6,6.0,80.46923065185547,1.989307165145874,1.3357893228530884,4.0,1,2.0279927253723145,0.30000000000000004,7.5
13,0,0.0,1.0,2.0,1.4219063791853994,1.6,6.0,80.96923065185547,1.986417293548584,1.317869782447815,4.0,1,2.0251028537750244,0.30000000000000004,7.5
13,0,0.0,1.0,2.0,1.4219063791853994,1.6,6.0,81.46923065185547,1.983689308166504,1.2999999523162842,4.0,1,2.0223748683929443,0.30000000000000004,7.5
13,0,0.0,1.0,2.0,1.4219063791853994,1.6,6.0,81.96923065185547,1.9811222553253174,1.2821768522262573,4.0,1,2.019807815551758,0.30000000000000004,7.5
13,0,0.0,1.0,2.0,1.4219063791853994,1.6,6.0,82.46923065185547,1.978715181350708,1.2643976211547852,4.0,1,2.0174007415771484,0.30000000000000004,7.5
13,0,0.0,1.0,2.0,1.4219063791853994,1.6,6.0,82.96923065185547,1.9764671325683594,1.246659278869629,4.0,1,2.0151526927948,0.30000000000000004,7.5
13,0,0.0,1.0,2.0,1.4219063791853994,1.6,6.0,83.46923065185547,1.9743773937225342,1.2289592027664185,4.0,1,2.0130629539489746,0.30000000000000004,7.5
13,0,0.0,1.0,2.0,1.4219063791853994,1.6,6.0,83.96923065185547,1.972444772720337,1.2112942934036255,4.0,1,2.0111303329467773,0.30000000000000004,7.5
13,0,0.0,1.0,2.0,1.4219063791853994,1.6,6.0,84.46923065185547,1.9706687927246094,1.1936620473861694,4.0,1,2.00935435295105,0.30000000000000004,7.5
13,0,0.0,1.0,2.0,1.4219063791853994,1.6,6.0,84.96923065185547,1.9690487384796143,1.1760594844818115,4.0,1,2.0077342987060547,0.30000000000000004,7.5
13,0,0.0,1.0,2.0,1.4219063791853994,1.6,6.0,85.46923065185547,1.9675838947296143,1.1584839820861816,4.0,1,2.0062694549560547,0.30000000000000004,7.5
13,0,0.0,1.0,2.0,1.4219063791853994,1.6,6.0,85.96923065185547,0.0,,,0,2.0049593448638916,0.30000000000000004,7.5
13,0,0.0,1.0,2.0,1.4219063791853994,1.6,6.0,86.46923065185547,0.0,,,0,2.0038034915924072,0.30000000000000004,7.5
13,0,0.0,1.0,2.0,1.4219063791853994,1.6,6.0,86.96923065185547,1.964115858078003,1.1058924198150635,4.0,1,2.0028014183044434,0.30000000000000004,7.5
13,0,0.0,1.0,2.0,1.4219063791853994,1.6,6.0,87.46923065185547,1.9632670879364014,1.0883978605270386,4.0,1,2.001952648162842,0.30000000000000004,7.5
13,0,0.0,1.0,2.0,1.4219063791853994,1.6,6.0,87.96923065185547,1.962571382522583,1.070916771888733,4.0,1,2.0012569427490234,0.30000000000000004,7.5
13,0,0.0,1.0,2.0,1.4219063791853994,1.6,6.0,88.46923065185547,1.9620285034179688,1.0534465312957764,4.0,1,2.000714063644409,0.30000000000000004,7.5
13,0,0.0,1.0,2.0,1.4219063791853994,1.6,6.0,88.96923065185547,1.9616382122039795,1.0359843969345093,4.0,1,2.00032377243042,0.30000000000000004,7.5
13,0,0.0,1.0,2.0,1.4219063791853994,1.6,6.0,89.46923065185547,1.9614002704620361,1.0185277462005615,4.0,1,2.0000858306884766,0.30000000000000004,7.5
13,0,0.0,1.0,2.0,1.4219063791853994,1.6,6.0,89.96923065185547,1.9613146781921387,1.001073956489563,4.0,1,2.000000238418579,0.30000000000000004,7.5
13,0,0.0,1.0,2.0,1.4219063791853994,1.6,6.0,90.46923065185547,1.961381435394287,0.983620285987854,4.0,1,2.0000669956207275,0.30000000000000004,7.5
13,0,0.0,1.0,2.0,1.4219063791853994,1.6,6.0,90.96923065185547,1.9616005420684814,0.9661641120910645,4.0,1,2.000286102294922,0.30000000000000004,7.5
13,0,0.0,1.0,2.0,1.4219063791853994,1.6,6.0,91.46923065185547,1.9619722366333008,0.9487028121948242,4.0,1,2.000657796859741,0.30000000000000004,7.5
13,0,0.0,1.0,2.0,1.4219063791853994,1.6,6.0,91.96923065185547,1.962496280670166,0.9312336444854736,4.0,1,2.0011818408966064,0.30000000000000004,7.5
13,0,0.0,1.0,2.0,1.4219063791853994,1.6,6.0,92.46923065185547,1.9631731510162354,0.9137540459632874,4.0,1,2.001858711242676,0.30000000000000004,7.5
13,0,0.0,1.0,2.0,1.4219063791853994,1.6,6.0,92.96923065185547,1.964003086090088,0.8962612748146057,4.0,1,2.0026886463165283,0.30000000000000004,7.5
13,0,0.0,1.0,2.0,1.4219063791853994,1.6,6.0,93.46923065185547,1.9649863243103027,0.8787526488304138,4.0,1,2.003671884536743,0.30000000000000004,7.5
13,0,0.0,1.0,2.0,1.4219063791853994,1.6,6.0,93.96923065185547,1.966123342514038,0.8612254858016968,4.0,1,2.0048089027404785,0.30000000000000004,7.5
13,0,0.0,1.0,2.0,1.4219063791853994,1.6,6.0,94.46923065185547,1.967414379119873,0.8436771035194397,4.0,1,2.0060999393463135,0.30000000000000004,7.5
13,0,0.0,1.0,2.0,1.4219063791853994,1.6,6.0,94.96923065185547,1.968860149383545,0.8261047601699829,4.0,1,2.0075457096099854,0.30000000000000004,7.5
13,0,0.0,1.0,2.0,1.4219063791853994,1.6,6.0,95.46923065185547,1.970461130142212,0.8085057139396667,4.0,1,2.0091466903686523,0.30000000000000004,7.5
13,0,0.0,1.0,2.0,1.4219063791853994,1.6,6.0,95.96923065185547,1.9722177982330322,0.7908772826194763,4.0,1,2.0109033584594727,0.30000000000000004,7.5
13,0,0.0,1.0,2.0,1.4219063791853994,1.6,6.0,96.46923065185547,1.9741311073303223,0.7732166051864624,4.0,1,2.0128166675567627,0.30000000000000004,7.5
13,0,0.0,1.0,2.0,1.4219063791853994,1.6,6.0,96.96923065185547,1.9762015342712402,0.7555209398269653,4.0,1,2.0148870944976807,0.30000000000000004,7.5
13,0,0.0,1.0,2.0,1.4219063791853994,1.6,6.0,97.46923065185547,1.9784300327301025,0.7377874851226807,4.0,1,2.017115592956543,0.30000000000000004,7.5
13,0,0.0,1.0,2.0,1.4219063791853994,1.6,6.0,97.96923065185547,0.0,,,0,2.019503116607666,0.30000000000000004,7.5
13,0,0.0,1.0,2.0,1.4219063791853994,1.6,6.0,98.46923065185547,1.9833648204803467,0.7021958231925964,4.0,1,2.022050380706787,0.30000000000000004,7.5
13,0,0.0,1.0,2.0,1.4219063791853994,1.6,6.0,98.96923065185547,1.9860727787017822,0.6843318939208984,4.0,1,2.0247583389282227,0.30000000000000004,7.5
13,0,0.0,1.0,2.0,1.4219063791853994,1.6,6.0,99.46923065185547,1.9889426231384277,0.6664186716079712,4.0,1,2.027628183364868,0.30000000000000004,7.5
13,0,0.0,1.0,2.0,1.4219063791853994,1.6,6.0,99.96923065185547,0.0,,,0,2.0306613445281982,0.30000000000000004,7.5
13,0,0.0,1.0,2.0,1.4219063791853994,1.6,6.0,100.46923065185547,1.9951727390289307,0.6304326057434082,4.0,1,2.033858299255371,0.30000000000000004,7.5
13,0,0.0,1.0,2.0,1.4219063791853994,1.6,6.0,100.96923065185547,1.998535394668579,0.6123537421226501,4.0,1,2.0372209548950195,0.30000000000000004,7.5
13,0,0.0,1.0,2.0,1.4219063791853994,1.6,6.0,101.46923065185547,2.0020649433135986,0.5942136645317078,4.0,1,2.040750503540039,0.30000000000000004,7.5
13,0,0.0,1.0,2.0,1.4219063791853994,1.6,6.0,101.96923065185547,2.0057625770568848,0.576009213924408,4.0,1,2.044448137283325,0.30000000000000004,7.5
13,0,0.0,1.0,2.0,1.4219063791853994,1.6,6.0,102.46923065185547,2.009629964828491,0.5577372312545776,4.0,1,2.0483155250549316,0.30000000000000004,7.5
13,0,0.0,1.0,2.0,1.4219063791853994,1.6,6.0,102.96923065185547,2.0136685371398926,0.5393946170806885,4.0,1,2.052354097366333,0.30000000000000004,7.5
13,0,0.0,1.0,2.0,1.4219063791853994,1.6,6.0,103.46923065185547,2.0178799629211426,0.5209781527519226,4.0,1,2.056565523147583,0.30000000000000004,7.5
13,0,0.0,1.0,2.0,1.4219063791853994,1.6,6.0,103.96923065185547,2.022266149520874,0.5024845004081726,4.0,1,2.0609517097473145,0.30000000000000004,7.5
13,0,0.0,1.0,2.0,1.4219063791853994,1.6,6.0,104.46923065185547,2.0268285274505615,0.4839104115962982,4.0,1,2.065514087677002,0.30000000000000004,7.5
13,0,0.0,1.0,2.0,1.4219063791853994,1.6,6.0,104.96923065185547,2.031569242477417,0.46525248885154724,4.0,1,2.0702548027038574,0.30000000000000004,7.5
13,0,0.0,1.0,2.0,1.4219063791853994,1.6,6.0,105.46923065185547,2.0364902019500732,0.4465072453022003,4.0,1,2.0751757621765137,0.30000000000000004,7.5
13,0,0.0,1.0,2.0,1.4219063791853994,1.6,6.0,105.96923065185547,2.041593313217163,0.42767128348350525,4.0,1,2.0802788734436035,0.30000000000000004,7.5
13,0,0.0,1.0,2.0,1.4219063791853994,1.6,6.0,106.46923065185547,2.0468809604644775,0.40874096751213074,4.0,1,2.085566520690918,0.30000000000000004,7.5
13,0,0.0,1.0,2.0,1.4219063791853994,1.6,6.0,106.96923065185547,2.0523550510406494,0.38971275091171265,4.0,1,2.09104061126709,0.30000000000000004,7.5
13,0,0.0,1.0,2.0,1.4219063791853994,1.6,6.0,107.46923065185547,2.0580179691314697,0.3705829083919525,4.0,1,2.09670352935791,0.30000000000000004,7.5
13,0,0.0,1.0,2.0,1.4219063791853994,1.6,6.0,107.96923065185547,2.0638723373413086,0.3513477146625519,4.0,1,2.102557897567749,0.30000000000000004,7.5
13,0,0.0,1.0,2.0,1.4219063791853994,1.6,6.0,108.46923065185547,2.069920539855957,0.33200329542160034,4.0,1,2.1086061000823975,0.30000000000000004,7.5
13,0,0.0,1.0,2.0,1.4219063791853994,1.6,6.0,108.96923065185547,2.076165199279785,0.3125458061695099,4.0,1,2.1148507595062256,0.30000000000000004,7.5
13,0,0.0,1.0,2.0,1.4219063791853994,1.6,6.0,109.46923065185547,2.082608699798584,0.2929712235927582,4.0,1,2.1212942600250244,0.30000000000000004,7.5
13,0,0.0,1.0,2.0,1.4219063791853994,1.6,6.0,109.96923065185547,2.089254379272461,0.2732754945755005,4.0,1,2.1279399394989014,0.30000000000000004,7.5
13,0,0.0,1.0,2.0,1.4219063791853994,1.6,6.0,110.46923065185547,2.096104860305786,0.25345444679260254,4.0,1,2.1347904205322266,0.30000000000000004,7.5
13,0,0.0,1.0,2.0,1.4219063791853994,1.6,6.0,110.96923065185547,2.103163242340088,0.23350384831428528,4.0,1,2.1418488025665283,0.30000000000000004,7.5
13,0,0.0,1.0,2.0,1.4219063791853994,1.6,6.0,111.46923065185547,2.1104326248168945,0.2134193480014801,4.0,1,2.149118185043335,0.30000000000000004,7.5
13,0,0.0,1.0,2.0,1.4219063791853994,1.6,6.0,111.96923065185547,2.1179163455963135,0.19319650530815125,4.0,1,2.156601905822754,0.30000000000000004,7.5
13,0,0.0,1.0,2.0,1.4219063791853994,1.6,6.0,112.46923065185547,2.125617742538452,0.17283077538013458,4.0,1,2.1643033027648926,0.30000000000000004,7.5
13,0,0.0,1.0,2.0,1.4219063791853994,1.6,6.0,112.96923065185547,2.133540391921997,0.15231749415397644,4.0,1,2.1722259521484375,0.30000000000000004,7.5
13,0,0.0,1.0,2.0,1.4219063791853994,1.6,6.0,113.46923065185547,2.1416878700256348,0.13165190815925598,4.0,1,2.180373430252075,0.30000000000000004,7.5
13,0,0.0,1.0,2.0,1.4219063791853994,1.6,6.0,113.96923065185547,2.150063991546631,0.11082912981510162,4.0,1,2.1887495517730713,0.30000000000000004,7.5
13,0,0.0,1.0,2.0,1.4219063791853994,1.6,6.0,114.46923065185547,2.15867280960083,0.08984412997961044,4.0,1,2.1973583698272705,0.30000000000000004,7.5
13,0,0.0,1.0,2.0,1.4219063791853994,1.6,6.0,114.96923065185547,2.167518138885498,0.06869179755449295,4.0,1,2.2062036991119385,0.30000000000000004,7.5
13,0,0.0,1.0,2.0,1.4219063791853994,1.6,6.0,115.46923065185547,2.1766045093536377,0.04736684262752533,4.0,1,2.215290069580078,0.30000000000000004,7.5
13,0,0.0,1.0,2.0,1.4219063791853994,1.6,6.0,115.96923065185547,2.1859359741210938,0.02586386539041996,4.0,1,2.224621534347534,0.30000000000000004,7.5
13,0,0.0,1.0,2.0,1.4219063791853994,1.6,6.0,116.46923065185547,2.1955173015594482,0.004177307244390249,4.0,1,2.2342028617858887,0.30000000000000004,7.5
13,0,0.0,1.0,2.0,1.4219063791853994,1.6,6.0,116.96923065185547,2.205353260040283,-0.017698539420962334,4.0,1,2.2440388202667236,0.30000000000000004,7.5
13,0,0.0,1.0,2.0,1.4219063791853994,1.6,6.0,117.46923065185547,2.2154486179351807,-0.03976953774690628,4.0,1,2.254134178161621,0.30000000000000004,7.5
13,0,0.0,1.0,2.0,1.4219063791853994,1.6,6.0,117.96923065185547,0.0,,,0,2.264493942260742,0.30000000000000004,7.5
13,0,0.0,1.0,2.0,1.4219063791853994,1.6,6.0,118.46923065185547,2.2364377975463867,-0.08452128618955612,4.0,1,2.275123357772827,0.30000000000000004,7.5
13,0,0.0,1.0,2.0,1.4219063791853994,1.6,6.0,118.96923065185547,2.247342586517334,-0.10721462965011597,4.0,1,2.2860281467437744,0.30000000000000004,7.5
13,0,0.0,1.0,2.0,1.4219063791853994,1.6,6.0,119.46923065185547,2.258527994155884,-0.13012830913066864,4.0,1,2.297213554382324,0.30000000000000004,7.5
13,0,0.0,1.0,2.0,1.4219063791853994,1.6,6.0,119.96923065185547,2.2700002193450928,-0.15326908230781555,4.0,1,2.308685779571533,0.30000000000000004,7.5
13,0,0.0,1.0,2.0,1.4219063791853994,1.6,6.0,120.46923065185547,2.2817649841308594,-0.17664393782615662,4.0,1,2.3204505443573,0.30000000000000004,7.5
13,0,0.0,1.0,2.0,1.4219063791853994,1.6,6.0,120.96923065185547,2.2938289642333984,-0.20026005804538727,4.0,1,2.332514524459839,0.30000000000000004,7.5
13,0,0.0,1.0,2.0,1.4219063791853994,1.6,6.0,121.46923065185547,2.3061985969543457,-0.22412484884262085,4.0,1,2.344884157180786,0.30000000000000004,7.5
13,0,0.0,1.0,2.0,1.4219063791853994,1.6,6.0,121.96923065185547,2.318880558013916,-0.2482459545135498,4.0,1,2.3575661182403564,0.30000000000000004,7.5
13,0,0.0,1.0,2.0,1.4219063791853994,1.6,6.0,122.46923065185547,2.3318819999694824,-0.2726312577724457,4.0,1,2.370567560195923,0.30000000000000004,7.5
13,0,0.0,1.0,2.0,1.4219063791853994,1.6,6.0,122.96923065185547,2.345210075378418,-0.2972888946533203,4.0,1,2.3838956356048584,0.30000000000000004,7.5
13,0,0.0,1.0,2.0,1.4219063791853994,1.6,6.0,123.46923065185547,2.358872652053833,-0.32222726941108704,4.0,1,2.3975582122802734,0.30000000000000004,7.5
13,0,0.0,1.0,2.0,1.4219063791853994,1.6,6.0,123.96923065185547,2.372877359390259,-0.34745508432388306,4.0,1,2.411562919616699,0.30000000000000004,7.5
13,0,0.0,1.0,2.0,1.4219063791853994,1.6,6.0,124.46923065185547,2.3872323036193848,-0.37298130989074707,4.0,1,2.425917863845825,0.30000000000000004,7.5
13,0,0.0,1.0,2.0,1.4219063791853994,1.6,6.0,124.96923065185547,2.4019463062286377,-0.39881521463394165,4.0,1,2.440631866455078,0.30000000000000004,7.5
13,0,0.0,1.0,2.0,1.4219063791853994,1.6,6.0,125.46923065185547,2.4170279502868652,-0.424966424703598,4.0,1,2.4557135105133057,0.30000000000000004,7.5
13,0,0.0,1.0,2.0,1.4219063791853994,1.6,6.0,125.96923065185547,2.4324867725372314,-0.4514448940753937,4.0,1,2.471172332763672,0.30000000000000004,7.5
13,0,0.0,1.0,2.0,1.4219063791853994,1.6,6.0,126.46923065185547,2.448331832885742,-0.47826087474823,4.0,1,2.4870173931121826,0.30000000000000004,7.5
13,0,0.0,1.0,2.0,1.4219063791853994,1.6,6.0,126.96923065185547,2.4645731449127197,-0.5054250359535217,4.0,1,2.50325870513916,0.30000000000000004,7.5
13,0,0.0,1.0,2.0,1.4219063791853994,1.6,6.0,127.46923065185547,2.4812214374542236,-0.5329484343528748,4.0,1,2.519906997680664,0.30000000000000004,7.5
13,0,0.0,1.0,2.0,1.4219063791853994,1.6,6.0,127.96923065185547,2.4982869625091553,-0.5608425140380859,4.0,1,2.5369725227355957,0.30000000000000004,7.5
13,0,0.0,1.0,2.0,1.4219063791853994,1.6,6.0,128.46923828125,2.5157811641693115,-0.5891191959381104,4.0,1,2.554466724395752,0.30000000000000004,7.5
13,0,0.0,1.0,2.0,1.4219063791853994,1.6,6.0,128.96923828125,2.5337154865264893,-0.617790699005127,4.0,1,2.5724010467529297,0.30000000000000004,7.5
13,0,0.0,1.0,2.0,1.4219063791853994,1.6,6.0,129.46923828125,2.5521020889282227,-0.6468698978424072,4.0,1,2.590787649154663,0.30000000000000004,7.5
13,0,0.0,1.0,2.0,1.4219063791853994,1.6,6.0,129.96923828125,2.570953607559204,-0.6763700246810913,4.0,1,2.6096391677856445,0.30000000000000004,7.5
13,0,0.0,1.0,2.0,1.4219063791853994,1.6,6.0,130.46923828125,0.0,,,0,2.6289687156677246,0.30000000000000004,7.5
13,0,0.0,1.0,2.0,1.4219063791853994,1.6,6.0,130.96923828125,2.6101043224334717,-0.7366889119148254,4.0,1,2.648789882659912,0.30000000000000004,7.5
13,0,0.0,1.0,2.0,1.4219063791853994,1.6,6.0,131.46923828125,0.0,,,0,2.6691172122955322,0.30000000000000004,7.5
13,0,0.0,1.0,2.0,1.4219063791853994,1.6,6.0,131.96923828125,2.6512796878814697,-0.7988644242286682,4.0,1,2.68996524810791,0.30000000000000004,7.5
13,0,0.0,1.0,2.0,1.4219063791853994,1.6,6.0,132.46923828125,2.672664165496826,-0.8306876420974731,4.0,1,2.7113497257232666,0.30000000000000004,7.5
13,0,0.0,1.0,2.0,1.4219063791853994,1.6,6.0,132.96923828125,2.694601058959961,-0.8630234003067017,4.0,1,2.7332866191864014,0.30000000000000004,7.5
13,0,0.0,1.0,2.0,1.4219063791853994,1.6,6.0,133.46923828125,2.7171075344085693,-0.895889163017273,4.0,1,2.7557930946350098,0.30000000000000004,7.5
13,0,0.0,1.0,2.0,1.4219063791853994,1.6,6.0,133.96923828125,2.740200996398926,-0.9293032288551331,4.0,1,2.778886556625366,0.30000000000000004,7.5
13,0,0.0,1.0,2.0,1.4219063791853994,1.6,6.0,134.46923828125,2.7639000415802,-0.9632846117019653,4.0,1,2.8025856018066406,0.30000000000000004,7.5
13,0,0.0,1.0,2.0,1.4219063791853994,1.6,6.0,134.96923828125,2.7882239818573,-0.9978532791137695,4.0,1,2.8269095420837402,0.30000000000000004,7.5
13,0,0.0,1.0,2.0,1.4219063791853994,1.6,6.0,135.46923828125,2.813192844390869,-1.0330300331115723,4.0,1,2.8518784046173096,0.30000000000000004,7.5
13,0,0.0,1.0,2.0,1.4219063791853994,1.6,6.0,135.96923828125,2.8388278484344482,-1.0688363313674927,4.0,1,2.8775134086608887,0.30000000000000004,7.5
13,0,0.0,1.0,2.0,1.4219063791853994,1.6,6.0,136.46923828125,2.8651511669158936,-1.1052950620651245,4.0,1,2.903836727142334,0.30000000000000004,7.5
13,0,0.0,1.0,2.0,1.4219063791853994,1.6,6.0,136.96923828125,2.892185688018799,-1.1424298286437988,4.0,1,2.9308712482452393,0.30000000000000004,7.5
13,0,0.0,1.0,2.0,1.4219063791853994,1.6,6.0,137.46923828125,2.9199554920196533,-1.1802654266357422,4.0,1,2.9586410522460938,0.30000000000000004,7.5
13,0,0.0,1.0,2.0,1.4219063791853994,1.6,6.0,137.96923828125,2.948486566543579,-1.2188278436660767,4.0,1,2.9871721267700195,0.30000000000000004,7.5
13,0,0.0,1.0,2.0,1.4219063791853994,1.6,6.0,138.46923828125,2.9778051376342773,-1.2581443786621094,4.0,1,3.0164906978607178,0.30000000000000004,7.5
13,0,0.0,1.0,2.0,1.4219063791853994,1.6,6.0,138.96923828125,3.007939100265503,-1.2982432842254639,4.0,1,3.0466246604919434,0.30000000000000004,7.5
13,0,0.0,1.0,2.0,1.4219063791853994,1.6,6.0,139.46923828125,3.0389180183410645,-1.339154601097107,4.0,1,3.077603578567505,0.30000000000000004,7.5
13,0,0.0,1.0,2.0,1.4219063791853994,1.6,6.0,139.96923828125,3.070772647857666,-1.3809096813201904,4.0,1,3.1094582080841064,0.30000000000000004,7.5
13,0,0.0,1.0,2.0,1.4219063791853994,1.6,6.0,140.46923828125,3.1035354137420654,-1.4235414266586304,4.0,1,3.142220973968506,0.30000000000000004,7.5
13,0,0.0,1.0,2.0,1.4219063791853994,1.6,6.0,140.96923828125,3.137240409851074,-1.467084527015686,4.0,1,3.1759259700775146,0.30000000000000004,7.5
13,0,0.0,1.0,2.0,1.4219063791853994,1.6,6.0,141.46923828125,3.1719233989715576,-1.5115752220153809,4.0,1,3.210608959197998,0.30000000000000004,7.5
13,0,0.0,1.0,2.0,1.4219063791853994,1.6,6.0,141.96923828125,3.2076222896575928,-1.5570518970489502,4.0,1,3.246307849884033,0.30000000000000004,7.5
13,0,0.0,1.0,2.0,1.4219063791853994,1.6,6.0,142.46923828125,0.0,,,0,3.283062219619751,0.30000000000000004,7.5
13,0,0.0,1.0,2.0,1.4219063791853994,1.6,6.0,142.96923828125,3.282228708267212,-1.6511266231536865,4.0,1,3.3209142684936523,0.30000000000000004,7.5
13,0,0.0,1.0,2.0,1.4219063791853994,1.6,6.0,143.46923828125,3.3212227821350098,-1.6998118162155151,4.0,1,3.35990834236145,0.30000000000000004,7.5
13,0,0.0,1.0,2.0,1.4219063791853994,1.6,6.0,143.96923828125,3.361405372619629,-1.7496577501296997,4.0,1,3.4000909328460693,0.30000000000000004,7.5
13,0,0.0,1.0,2.0,1.4219063791853994,1.6,6.0,144.46923828125,3.4028258323669434,-1.8007142543792725,4.0,1,3.441511392593384,0.30000000000000004,7.5
13,0,0.0,1.0,2.0,1.4219063791853994,1.6,6.0,144.96923828125,3.4455366134643555,-1.853034257888794,4.0,1,3.484222173690796,0.30000000000000004,7.5
13,0,0.0,1.0,2.0,1.4219063791853994,1.6,6.0,145.46923828125,3.435070037841797,-1.8617560863494873,3.9690937995910645,1,3.4737555980682373,0.30000000000000004,7.5
13,0,0.0,1.0,2.0,1.4219063791853994,1.6,6.0,145.96923828125,3.4144670963287354,-1.8617560863494873,3.9325153827667236,1,3.453152656555176,0.30000000000000004,7.5
13,0,0.0,1.0,2.0,1.4219063791853994,1.6,6.0,146.46923828125,3.394367218017578,-1.8617560863494873,3.8963656425476074,1,3.4330527782440186,0.30000000000000004,7.5
13,0,0.0,1.0,2.0,1.4219063791853994,1.6,6.0,146.96923828125,3.374758243560791,-1.8617560863494873,3.8606317043304443,1,3.4134438037872314,0.30000000000000004,7.5
13,0,0.0,1.0,2.0,1.4219063791853994,1.6,6.0,147.46923828125,3.3556289672851562,-1.8617560863494873,3.825300693511963,1,3.3943145275115967,0.30000000000000004,7.5
13,0,0.0,1.0,2.0,1.4219063791853994,1.6,6.0,147.96923828125,3.3369686603546143,-1.8617560863494873,3.790361166000366,1,3.3756542205810547,0.30000000000000004,7.5
13,0,0.0,1.0,2.0,1.4219063791853994,1.6,6.0,148.46923828125,3.3187665939331055,-1.8617560863494873,3.755800724029541,1,3.357452154159546,0.30000000000000004,7.5
13,0,0.0,1.0,2.0,1.4219063791853994,1.6,6.0,148.96923828125,3.3010127544403076,-1.8617560863494873,3.7216086387634277,1,3.339698314666748,0.30000000000000004,7.5
13,0,0.0,1.0,2.0,1.4219063791853994,1.6,6.0,149.46923828125,3.2836973667144775,-1.8617560863494873,3.6877737045288086,1,3.322382926940918,0.30000000000000004,7.5
13,0,0.0,1.0,2.0,1.4219063791853994,1.6,6.0,149.96923828125,3.266810894012451,-1.8617560863494873,3.654285192489624,1,3.3054964542388916,0.30000000000000004,7.5
13,0,0.0,1.0,2.0,1.4219063791853994,1.6,6.0,150.46923828125,3.250344753265381,-1.8617560863494873,3.6211328506469727,1,3.2890303134918213,0.30000000000000004,7.5
13,0,0.0,1.0,2.0,1.4219063791853994,1.6,6.0,150.96923828125,3.2342896461486816,-1.8617560863494873,3.5883066654205322,1,3.272975206375122,0.30000000000000004,7.5
13,0,0.0,1.0,2.0,1.4219063791853994,1.6,6.0,151.46923828125,3.218637228012085,-1.8617560863494873,3.5557971000671387,1,3.2573227882385254,0.30000000000000004,7.5
13,0,0.0,1.0,2.0,1.4219063791853994,1.6,6.0,151.96923828125,3.2033798694610596,-1.8617560863494873,3.523594379425049,1,3.2420654296875,0.30000000000000004,7.5
13,0,0.0,1.0,2.0,1.4219063791853994,1.6,6.0,152.46923828125,3.188509225845337,-1.8617560863494873,3.491689443588257,1,3.2271947860717773,0.30000000000000004,7.5
13,0,0.0,1.0,2.0,1.4219063791853994,1.6,6.0,152.96923828125,3.174017906188965,-1.8617560863494873,3.460073709487915,1,3.2127034664154053,0.30000000000000004,7.5
13,0,0.0,1.0,2.0,1.4219063791853994,1.6,6.0,153.46923828125,0.0,,,0,3.1985840797424316,0.30000000000000004,7.5
13,0,0.0,1.0,2.0,1.4219063791853994,1.6,6.0,153.96923828125,3.146144390106201,-1.8617560863494873,3.397674322128296,1,3.1848299503326416,0.30000000000000004,7.5
13,0,0.0,1.0,2.0,1.4219063791853994,1.6,6.0,154.46923828125,3.1327483654022217,-1.8617560863494873,3.3668744564056396,1,3.171433925628662,0.30000000000000004,7.5
13,0,0.0,1.0,2.0,1.4219063791853994,1.6,6.0,154.96923828125,3.119704246520996,-1.8617560863494873,3.336329936981201,1,3.1583898067474365,0.30000000000000004,7.5
13,0,0.0,1.0,2.0,1.4219063791853994,1.6,6.0,155.46923828125,3.1070053577423096,-1.8617560863494873,3.3060336112976074,1,3.14569091796875,0.30000000000000004,7.5
13,0,0.0,1.0,2.0,1.4219063791853994,1.6,6.0,155.96923828125,3.0946459770202637,-1.8617560863494873,3.275977611541748,1,3.133331537246704,0.30000000000000004,7.5
13,0,0.0,1.0,2.0,1.4219063791853994,1.6,6.0,156.46923828125,3.082620143890381,-1.8617560863494873,3.246154546737671,1,3.1213057041168213,0.30000000000000004,7.5
13,0,0.0,1.0,2.0,1.4219063791853994,1.6,6.0,156.96923828125,3.0709221363067627,-1.8617560863494873,3.216557264328003,1,3.109607696533203,0.30000000000000004,7.5
13,0,0.0,1.0,2.0,1.4219063791853994,1.6,6.0,157.46923828125,3.05954647064209,-1.8617560863494873,3.18717885017395,1,3.0982320308685303,0.30000000000000004,7.5
13,0,0.0,1.0,2.0,1.4219063791853994,1.6,6.0,157.96923828125,3.048488140106201,-1.8617560863494873,3.1580123901367188,1,3.0871737003326416,0.30000000000000004,7.5
13,0,0.0,1.0,2.0,1.4219063791853994,1.6,6.0,158.46923828125,3.0377416610717773,-1.8617560863494873,3.1290512084960938,1,3.0764272212982178,0.30000000000000004,7.5
13,0,0.0,1.0,2.0,1.4219063791853994,1.6,6.0,158.96923828125,3.0273025035858154,-1.8617560863494873,3.1002886295318604,1,3.065988063812256,0.30000000000000004,7.5
13,0,0.0,1.0,2.0,1.4219063791853994,1.6,6.0,159.46923828125,3.0171658992767334,-1.8617560863494873,3.071718692779541,1,3.055851459503174,0.30000000000000004,7.5
13,0,0.0,1.0,2.0,1.4219063791853994,1.6,6.0,159.96923828125,3.0073273181915283,-1.8617560863494873,3.043334484100342,1,3.0460128784179688,0.30000000000000004,7.5
13,0,0.0,1.0,2.0,1.4219063791853994,1.6,6.0,160.46923828125,0.0,,,0,3.036468029022217,0.30000000000000004,7.5
13,0,0.0,1.0,2.0,1.4219063791853994,1.6,6.0,160.96923828125,2.9885270595550537,-1.8617560863494873,2.987100839614868,1,3.027212619781494,0.30000000000000004,7.5
13,0,0.0,1.0,2.0,1.4219063791853994,1.6,6.0,161.46923828125,2.9795570373535156,-1.8617560863494873,2.9592392444610596,1,3.018242597579956,0.30000000000000004,7.5
13,0,0.0,1.0,2.0,1.4219063791853994,1.6,6.0,161.96923828125,2.9708683490753174,-1.8617560863494873,2.931540012359619,1,3.009553909301758,0.30000000000000004,7.5
13,0,0.0,1.0,2.0,1.4219063791853994,1.6,6.0,162.46923828125,2.9624576568603516,-1.8617560863494873,2.9039978981018066,1,3.001143217086792,0.30000000000000004,7.5
13,0,0.0,1.0,2.0,1.4219063791853994,1.6,6.0,162.96923828125,2.9543209075927734,-1.8617560863494873,2.8766071796417236,1,2.993006467819214,0.30000000000000004,7.5
13,0,0.0,1.0,2.0,1.4219063791853994,1.6,6.0,163.46923828125,2.9464550018310547,-1.8617560863494873,2.84936261177063,1,2.985140562057495,0.30000000000000004,7.5
13,0,0.0,1.0,2.0,1.4219063791853994,1.6,6.0,163.96923828125,2.938856601715088,-1.8617560863494873,2.822258710861206,1,2.9775421619415283,0.30000000000000004,7.5
13,0,0.0,1.0,2.0,1.4219063791853994,1.6,6.0,164.46923828125,2.9315223693847656,-1.8617560863494873,2.795290231704712,1,2.970207929611206,0.30000000000000004,7.5
13,0,0.0,1.0,2.0,1.4219063791853994,1.6,6.0,164.96923828125,2.9244492053985596,-1.8617560863494873,2.7684524059295654,1,2.963134765625,0.30000000000000004,7.5
13,0,0.0,1.0,2.0,1.4219063791853994,1.6,6.0,165.46923828125,2.9176342487335205,-1.8617560863494873,2.7417399883270264,1,2.956319808959961,0.30000000000000004,7.5
13,0,0.0,1.0,2.0,1.4219063791853994,1.6,6.0,165.96923828125,2.911074638366699,-1.8617560863494873,2.715148448944092,1,2.9497601985931396,0.30000000000000004,7.5
13,0,0.0,1.0,2.0,1.4219063791853994,1.6,6.0,166.46923828125,2.9047677516937256,-1.8617560863494873,2.6886723041534424,1,2.943453311920166,0.30000000000000004,7.5
13,0,0.0,1.0,2.0,1.4219063791853994,1.6,6.0,166.96923828125,2.8987109661102295,-1.8617560863494873,2.6623072624206543,1,2.93739652633667,0.30000000000000004,7.5
13,0,0.0,1.0,2.0,1.4219063791853994,1.6,6.0,167.46923828125,2.89290189743042,-1.8617560863494873,2.6360483169555664,1,2.9315874576568604,0.30000000000000004,7.5
13,0,0.0,1.0,2.0,1.4219063791853994,1.6,6.0,167.96923828125,2.887338161468506,-1.8617560863494873,2.609891414642334,1,2.9260237216949463,0.30000000000000004,7.5
13,0,0.0,1.0,2.0,1.4219063791853994,1.6,6.0,168.46923828125,2.8820176124572754,-1.8617560863494873,2.583831310272217,1,2.920703172683716,0.30000000000000004,7.5
13,0,0.0,1.0,2.0,1.4219063791853994,1.6,6.0,168.96923828125,2.8769378662109375,-1.8617560863494873,2.55786395072937,1,2.915623426437378,0.30000000000000004,7.5
13,0,0.0,1.0,2.0,1.4219063791853994,1.6,6.0,169.46923828125,2.8720970153808594,-1.8617560863494873,2.531984806060791,1,2.9107825756073,0.30000000000000004,7.5
13,0,0.0,1.0,2.0,1.4219063791853994,1.6,6.0,169.96923828125,2.8674933910369873,-1.8617560863494873,2.5061893463134766,1,2.9061789512634277,0.30000000000000004,7.5
13,0,0.0,1.0,2.0,1.4219063791853994,1.6,6.0,170.46923828125,2.8631246089935303,-1.8617560863494873,2.480473518371582,1,2.9018101692199707,0.30000000000000004,7.5
13,0,0.0,1.0,2.0,1.4219063791853994,1.6,6.0,170.96923828125,2.8589894771575928,-1.8617560863494873,2.4548330307006836,1,2.897675037384033,0.30000000000000004,7.5
13,0,0.0,1.0,2.0,1.4219063791853994,1.6,6.0,171.46923828125,2.855086326599121,-1.8617560863494873,2.4292633533477783,1,2.8937718868255615,0.30000000000000004,7.5
13,0,0.0,1.0,2.0,1.4219063791853994,1.6,6.0,171.96923828125,2.8514132499694824,-1.8617560863494873,2.4037606716156006,1,2.890098810195923,0.30000000000000004,7.5
13,0,0.0,1.0,2.0,1.4219063791853994,1.6,6.0,172.46923828125,2.8479690551757812,-1.8617560863494873,2.3783206939697266,1,2.8866546154022217,0.30000000000000004,7.5
13,0,0.0,1.0,2.0,1.4219063791853994,1.6,6.0,172.96923828125,2.844752311706543,-1.8617560863494873,2.3529393672943115,1,2.8834378719329834,0.30000000000000004,7.5
13,0,0.0,1.0,2.0,1.4219063791853994,1.6,6.0,173.46923828125,2.841762065887451,-1.8617560863494873,2.3276126384735107,1,2.8804476261138916,0.30000000000000004,7.5
13,0,0.0,1.0,2.0,1.4219063791853994,1.6,6.0,173.96923828125,2.838996648788452,-1.8617560863494873,2.3023364543914795,1,2.8776822090148926,0.30000000000000004,7.5
13,0,0.0,1.0,2.0,1.4219063791853994,1.6,6.0,174.46923828125,2.8364555835723877,-1.8617560863494873,2.277106761932373,1,2.875141143798828,0.30000000000000004,7.5
13,0,0.0,1.0,2.0,1.4219063791853994,1.6,6.0,174.96923828125,0.0,,,0,2.8728229999542236,0.30000000000000004,7.5
13,0,0.0,1.0,2.0,1.4219063791853994,1.6,6.0,175.46923828125,2.8320415019989014,-1.8617560863494873,2.226771354675293,1,2.870727062225342,0.30000000000000004,7.5
13,0,0.0,1.0,2.0,1.4219063791853994,1.6,6.0,175.96923828125,2.830166816711426,-1.8617560863494873,2.201657772064209,1,2.868852376937866,0.30000000000000004,7.5
13,0,0.0,1.0,2.0,1.4219063791853994,1.6,6.0,176.46923828125,2.8285129070281982,-1.8617560863494873,2.176574945449829,1,2.8671984672546387,0.30000000000000004,7.5
13,0,0.0,1.0,2.0,1.4219063791853994,1.6,6.0,176.96923828125,2.8270788192749023,-1.8617560863494873,2.151519298553467,1,2.8657643795013428,0.30000000000000004,7.5
13,0,0.0,1.0,2.0,1.4219063791853994,1.6,6.0,177.46923828125,2.825864553451538,-1.8617560863494873,2.1264865398406982,1,2.8645501136779785,0.30000000000000004,7.5
13,0,0.0,1.0,2.0,1.4219063791853994,1.6,6.0,177.96923828125,2.82486891746521,-1.8617560863494873,2.101473331451416,1,2.8635544776916504,0.30000000000000004,7.5
13,0,0.0,1.0,2.0,1.4219063791853994,1.6,6.0,178.46923828125,2.824092149734497,-1.8617560863494873,2.0764753818511963,1,2.8627777099609375,0.30000000000000004,7.5
13,0,0.0,1.0,2.0,1.4219063791853994,1.6,6.0,178.96923828125,2.823533773422241,-1.8617560863494873,2.0514893531799316,1,2.8622193336486816,0.30000000000000004,7.5
13,0,0.0,1.0,2.0,1.4219063791853994,1.6,6.0,179.46923828125,2.823193311691284,-1.8617560863494873,2.0265109539031982,1,2.8618788719177246,0.30000000000000004,7.5
13,0,0.0,1.0,2.0,1.4219063791853994,1.6,6.0,179.96923828125,2.823071002960205,-1.8617560863494873,2.0015366077423096,1,2.8617565631866455,0.30000000000000004,7.5
13,0,0.0,1.0,2.0,1.4219063791853994,1.6,6.0,180.46923828125,2.823166608810425,-1.8617560863494873,1.9765626192092896,1,2.8618521690368652,0.30000000000000004,7.5
13,0,0.0,1.0,2.0,1.4219063791853994,1.6,6.0,180.96923828125,2.8234801292419434,-1.8617560863494873,1.9515849351882935,1,2.862165689468384,0.30000000000000004,7.5
13,0,0.0,1.0,2.0,1.4219063791853994,1.6,6.0,181.46923828125,0.0,,,0,2.8626973628997803,0.30000000000000004,7.5
13,0,0.0,1.0,2.0,1.4219063791853994,1.6,6.0,181.96923828125,2.8247616291046143,-1.8617560863494873,1.9016038179397583,1,2.8634471893310547,0.30000000000000004,7.5
13,0,0.0,1.0,2.0,1.4219063791853994,1.6,6.0,182.46923828125,2.825730085372925,-1.8617560863494873,1.8765925168991089,1,2.8644156455993652,0.30000000000000004,7.5
13,0,0.0,1.0,2.0,1.4219063791853994,1.6,6.0,182.96923828125,2.8269176483154297,-1.8617560863494873,1.8515625,1,2.86560320854187,0.30000000000000004,7.5
13,0,0.0,1.0,2.0,1.4219063791853994,1.6,6.0,183.46923828125,2.828324556350708,-1.8617560863494873,1.8265098333358765,1,2.8670101165771484,0.30000000000000004,7.5
13,0,0.0,1.0,2.0,1.4219063791853994,1.6,6.0,183.96923828125,2.829951286315918,-1.8617560863494873,1.801430583000183,1,2.8686368465423584,0.30000000000000004,7.5
13,0,0.0,1.0,2.0,1.4219063791853994,1.6,6.0,184.46923828125,2.831798791885376,-1.8617560863494873,1.7763210535049438,1,2.8704843521118164,0.30000000000000004,7.5
13,0,0.0,1.0,2.0,1.4219063791853994,1.6,6.0,184.96923828125,2.8338675498962402,-1.8617560863494873,1.7511770725250244,1,2.8725531101226807,0.30000000000000004,7.5
13,0,0.0,1.0,2.0,1.4219063791853994,1.6,6.0,185.46923828125,2.836158275604248,-1.8617560863494873,1.7259950637817383,1,2.8748438358306885,0.30000000000000004,7.5
13,0,0.0,1.0,2.0,1.4219063791853994,1.6,6.0,185.96923828125,2.838671922683716,-1.8617560863494873,1.7007708549499512,1,2.8773574829101562,0.30000000000000004,7.5
13,0,0.0,1.0,2.0,1.4219063791853994,1.6,6.0,186.46923828125,2.84140944480896,-1.8617560863494873,1.6755006313323975,1,2.8800950050354004,0.30000000000000004,7.5
13,0,0.0,1.0,2.0,1.4219063791853994,1.6,6.0,186.96923828125,2.844372272491455,-1.8617560863494873,1.6501802206039429,1,2.8830578327178955,0.30000000000000004,7.5
13,0,0.0,1.0,2.0,1.4219063791853994,1.6,6.0,187.46923828125,2.8475608825683594,-1.8617560863494873,1.6248058080673218,1,2.8862464427948,0.30000000000000004,7.5
13,0,0.0,1.0,2.0,1.4219063791853994,1.6,6.0,187.96923828125,2.8509769439697266,-1.8617560863494873,1.5993733406066895,1,2.889662504196167,0.30000000000000004,7.5
13,0,0.0,1.0,2.0,1.4219063791853994,1.6,6.0,188.46923828125,2.8546218872070312,-1.8617560863494873,1.573878526687622,1,2.8933074474334717,0.30000000000000004,7.5
13,0,0.0,1.0,2.0,1.4219063791853994,1.6,6.0,188.96923828125,2.85849666595459,-1.8617560863494873,1.5483174324035645,1,2.8971822261810303,0.30000000000000004,7.5
13,0,0.0,1.0,2.0,1.4219063791853994,1.6,6.0,189.46923828125,2.862603187561035,-1.8617560863494873,1.5226857662200928,1,2.9012887477874756,0.30000000000000004,7.5
13,0,0.0,1.0,2.0,1.4219063791853994,1.6,6.0,189.96923828125,2.866943120956421,-1.8617560863494873,1.4969794750213623,1,2.9056286811828613,0.30000000000000004,7.5
13,0,0.0,1.0,2.0,1.4219063791853994,1.6,6.0,190.46923828125,0.0,,,0,2.910203456878662,0.30000000000000004,7.5
13,0,0.0,1.0,2.0,1.4219063791853994,1.6,6.0,190.96923828125,2.8763294219970703,-1.8617560863494873,1.445325493812561,1,2.9150149822235107,0.30000000000000004,7.5
13,0,0.0,1.0,2.0,1.4219063791853994,1.6,6.0,191.46923828125,2.8813796043395996,-1.8617560863494873,1.4193692207336426,1,2.92006516456604,0.30000000000000004,7.5
13,0,0.0,1.0,2.0,1.4219063791853994,1.6,6.0,191.96923828125,2.8866703510284424,-1.8617560863494873,1.3933207988739014,1,2.925355911254883,0.30000000000000004,7.5
13,0,0.0,1.0,2.0,1.4219063791853994,1.6,6.0,192.46923828125,2.8922040462493896,-1.8617560863494873,1.3671759366989136,1,2.93088960647583,0.30000000000000004,7.5
13,0,0.0,1.0,2.0,1.4219063791853994,1.6,6.0,192.96923828125,2.8979828357696533,-1.8617560863494873,1.3409298658370972,1,2.9366683959960938,0.30000000000000004,7.5
13,0,0.0,1.0,2.0,1.4219063791853994,1.6,6.0,193.46923828125,2.9040088653564453,-1.8617560863494873,1.3145781755447388,1,2.9426944255828857,0.30000000000000004,7.5
13,0,0.0,1.0,2.0,1.4219063791853994,1.6,6.0,193.96923828125,2.910284996032715,-1.8617560863494873,1.2881159782409668,1,2.9489705562591553,0.30000000000000004,7.5
13,0,0.0,1.0,2.0,1.4219063791853994,1.6,6.0,194.46923828125,2.9168131351470947,-1.8617560863494873,1.2615387439727783,1,2.955498695373535,0.30000000000000004,7.5
13,0,0.0,1.0,2.0,1.4219063791853994,1.6,6.0,194.96923828125,2.9235966205596924,-1.8617560863494873,1.2348414659500122,1,2.962282180786133,0.30000000000000004,7.5
13,0,0.0,1.0,2.0,1.4219063791853994,1.6,6.0,195.46923828125,2.930637836456299,-1.8617560863494873,1.2080193758010864,1,2.9693233966827393,0.30000000000000004,7.5
13,0,0.0,1.0,2.0,1.4219063791853994,1.6,6.0,195.96923828125,0.0,,,0,2.976625442504883,0.30000000000000004,7.5
13,0,0.0,1.0,2.0,1.4219063791853994,1.6,6.0,196.46923828125,2.9455056190490723,-1.8617560863494873,1.1539804935455322,1,2.9841911792755127,0.30000000000000004,7.5
13,0,0.0,1.0,2.0,1.4219063791853994,1.6,6.0,196.96923828125,2.953338384628296,-1.8617560863494873,1.126753330230713,1,2.9920239448547363,0.30000000000000004,7.5
13,0,0.0,1.0,2.0,1.4219063791853994,1.6,6.0,197.46923828125,2.9614415168762207,-1.8617560863494873,1.0993808507919312,1,3.000127077102661,0.30000000000000004,7.5
13,0,0.0,1.0,2.0,1.4219063791853994,1.6,6.0,197.96923828125,2.969818353652954,-1.8617560863494873,1.0718576908111572,1,3.0085039138793945,0.30000000000000004,7.5
13,0,0.0,1.0,2.0,1.4219063791853994,1.6,6.0,198.46923828125,0.0,,,0,3.017158269882202,0.30000000000000004,7.5
13,0,0.0,1.0,2.0,1.4219063791853994,1.6,6.0,198.96923828125,2.987407922744751,-1.8617560863494873,1.0163369178771973,1,3.0260934829711914,0.30000000000000004,7.5
13,0,0.0,1.0,2.0,1.4219063791853994,1.6,6.0,199.46923828125,2.9966280460357666,-1.8617560863494873,0.9883280396461487,1,3.035313606262207,0.30000000000000004,7.5
13,0,0.0,1.0,2.0,1.4219063791853994,1.6,6.0,199.96923828125,0.0,,,0,3.0448226928710938,0.30000000000000004,7.5
13,0,0.0,1.0,2.0,1.4219063791853994,1.6,6.0,200.46923828125,3.015939235687256,-1.8617560863494873,0.9317843317985535,1,3.0546247959136963,0.30000000000000004,7.5
13,0,0.0,1.0,2.0,1.4219063791853994,1.6,6.0,200.96923828125,0.0,,,0,3.0647244453430176,0.30000000000000004,7.5
13,0,0.0,1.0,2.0,1.4219063791853994,1.6,6.0,201.46923828125,3.03644061088562,-1.8617560863494873,0.8744990229606628,1,3.0751261711120605,0.30000000000000004,7.5
13,0,0.0,1.0,2.0,1.4219063791853994,1.6,6.0,201.96923828125,0.0,,,0,3.085834264755249,0.30000000000000004,7.5
13,0,0.0,1.0,2.0,1.4219063791853994,1.6,6.0,202.46923828125,3.058168649673462,-1.8617560863494873,0.8164216876029968,1,3.0968542098999023,0.30000000000000004,7.5
13,0,0.0,1.0,2.0,1.4219063791853994,1.6,6.0,202.96923828125,3.069504976272583,-1.8617560863494873,0.7870697379112244,1,3.1081905364990234,0.30000000000000004,7.5
13,0,0.0,1.0,2.0,1.4219063791853994,1.6,6.0,203.46923828125,3.081162929534912,-1.8617560863494873,0.7574997544288635,1,3.1198484897613525,0.30000000000000004,7.5
13,0,0.0,1.0,2.0,1.4219063791853994,1.6,6.0,203.96923828125,3.0931482315063477,-1.8617560863494873,0.7277048826217651,1,3.131833791732788,0.30000000000000004,7.5
13,0,0.0,1.0,2.0,1.4219063791853994,1.6,6.0,204.46923828125,9.849427223205566,-8.0,-2.0957014560699463,1,9.888113021850586,0.30000000000000004,7.5
13,0,0.0,1.0,2.0,1.4219063791853994,1.6,6.0,204.96923828125,9.889230728149414,-8.0,-2.190886974334717,1,9.927916526794434,0.30000000000000004,7.5
13,0,0.0,1.0,2.0,1.4219063791853994,1.6,6.0,205.46923828125,9.930119514465332,-8.0,-2.2868492603302,1,9.968805313110352,0.30000000000000004,7.5
13,0,0.0,1.0,2.0,1.4219063791853994,1.6,6.0,205.96923828125,9.972111701965332,-8.0,-2.383612632751465,1,10.010797500610352,0.30000000000000004,7.5
13,0,0.0,1.0,2.0,1.4219063791853994,1.6,6.0,206.46923828125,10.015227317810059,-8.0,-2.4812021255493164,1,10.053913116455078,0.30000000000000004,7.5
13,0,0.0,1.0,2.0,1.4219063791853994,1.6,6.0,206.96923828125,10.059489250183105,-8.0,-2.579643487930298,1,10.098175048828125,0.30000000000000004,7.5
13,0,0.0,1.0,2.0,1.4219063791853994,1.6,6.0,207.46923828125,10.104917526245117,-8.0,-2.6789629459381104,1,10.143603324890137,0.30000000000000004,7.5
13,0,0.0,1.0,2.0,1.4219063791853994,1.6,6.0,207.96923828125,10.15153694152832,-8.0,-2.7791876792907715,1,10.19022274017334,0.30000000000000004,7.5
13,0,0.0,1.0,2.0,1.4219063791853994,1.6,6.0,208.46923828125,10.199369430541992,-8.0,-2.8803458213806152,1,10.238055229187012,0.30000000000000004,7.5
13,0,0.0,1.0,2.0,1.4219063791853994,1.6,6.0,208.96923828125,10.248440742492676,-8.0,-2.9824657440185547,1,10.287126541137695,0.30000000000000004,7.5
13,0,0.0,1.0,2.0,1.4219063791853994,1.6,6.0,209.46923828125,10.298774719238281,-8.0,-3.0855772495269775,1,10.3374605178833,0.30000000000000004,7.5
13,0,0.0,1.0,2.0,1.4219063791853994,1.6,6.0,209.96923828125,10.273894309997559,-7.933723449707031,-3.151493549346924,1,10.312580108642578,0.30000000000000004,7.5
13,0,0.0,1.0,2.0,1.4219063791853994,1.6,6.0,210.46923828125,10.120535850524902,-7.756248950958252,-3.151493549346924,1,10.159221649169922,0.30000000000000004,7.5
13,0,0.0,1.0,2.0,1.4219063791853994,1.6,6.0,210.96923828125,9.97242259979248,-7.583962440490723,-3.151493549346924,1,10.0111083984375,0.30000000000000004,7.5
13,0,0.0,1.0,2.0,1.4219063791853994,1.6,6.0,211.46923828125,9.829307556152344,-7.416614532470703,-3.151493549346924,1,9.867993354797363,0.30000000000000004,7.5
13,0,0.0,1.0,2.0,1.4219063791853994,1.6,6.0,211.96923828125,9.690956115722656,-7.253972053527832,-3.151493549346924,1,9.729641914367676,0.30000000000000004,7.5
13,0,0.0,1.0,2.0,1.4219063791853994,1.6,6.0,212.46923828125,9.557151794433594,-7.095815181732178,-3.151493549346924,1,9.595837593078613,0.30000000000000004,7.5
13,0,0.0,1.0,2.0,1.4219063791853994,1.6,6.0,212.96923828125,9.427689552307129,-6.941937446594238,-3.151493549346924,1,9.466375350952148,0.30000000000000004,7.5
13,0,0.0,1.0,2.0,1.4219063791853994,1.6,6.0,213.46923828125,0.0,,,0,3.4306132793426514,0.30000000000000004,7.5
13,0,0.0,1.0,2.0,1.4219063791853994,1.6,6.0,213.96923828125,3.4119668006896973,-1.8617560863494873,0.0719560906291008,1,3.4506523609161377,0.30000000000000004,7.5
13,0,0.0,1.0,2.0,1.4219063791853994,1.6,6.0,214.46923828125,3.432507038116455,-1.8617560863494873,0.035431183874607086,1,3.4711925983428955,0.30000000000000004,7.5
13,0,0.0,1.0,2.0,1.4219063791853994,1.6,6.0,214.96923828125,3.4535610675811768,-1.8617560863494873,-0.001534001436084509,1,3.492246627807617,0.30000000000000004,7.5
13,0,0.0,1.0,2.0,1.4219063791853994,1.6,6.0,215.46923828125,3.4751410484313965,-1.8617560863494873,-0.03895319998264313,1,3.513826608657837,0.30000000000000004,7.5
13,0,0.0,1.0,2.0,1.4219063791853994,1.6,6.0,215.96923828125,3.497260570526123,-1.8617560863494873,-0.07684063911437988,1,3.5359461307525635,0.30000000000000004,7.5
13,0,0.0,1.0,2.0,1.4219063791853994,1.6,6.0,216.46923828125,3.519932985305786,-1.8617560863494873,-0.11521103233098984,1,3.5586185455322266,0.30000000000000004,7.5
13,0,0.0,1.0,2.0,1.4219063791853994,1.6,6.0,216.96923828125,3.543172597885132,-1.8617560863494873,-0.1540796458721161,1,3.5818581581115723,0.30000000000000004,7.5
13,0,0.0,1.0,2.0,1.4219063791853994,1.6,6.0,217.46923828125,3.5669939517974854,-1.8617560863494873,-0.1934622824192047,1,3.605679512023926,0.30000000000000004,7.5
13,0,0.0,1.0,2.0,1.4219063791853994,1.6,6.0,217.96923828125,0.0,,,0,3.630098342895508,0.30000000000000004,7.5
13,0,0.0,1.0,2.0,1.4219063791853994,1.6,6.0,218.46923828125,3.6164445877075195,-1.8617560863494873,-0.2738357484340668,1,3.65513014793396,0.30000000000000004,7.5
13,0,0.0,1.0,2.0,1.4219063791853994,1.6,6.0,218.96923828125,3.642106533050537,-1.8617560863494873,-0.3148612082004547,1,3.6807920932769775,0.30000000000000004,7.5
13,0,0.0,1.0,2.0,1.4219063791853994,1.6,6.0,219.46923828125,3.6684155464172363,-1.8617560863494873,-0.356469988822937,1,3.7071011066436768,0.30000000000000004,7.5
13,0,0.0,1.0,2.0,1.4219063791853994,1.6,6.0,219.96923828125,3.695389747619629,-1.8617560863494873,-0.39868107438087463,1,3.7340753078460693,0.30000000000000004,7.5
13,0,0.0,1.0,2.0,1.4219063791853994,1.6,6.0,220.46923828125,3.723047971725464,-1.8617560863494873,-0.441514253616333,1,3.7617335319519043,0.30000000000000004,7.5
13,0,0.0,1.0,2.0,1.4219063791853994,1.6,6.0,220.96923828125,3.7514100074768066,-1.8617560863494873,-0.48499006032943726,1,3.790095567703247,0.30000000000000004,7.5
13,0,0.0,1.0,2.0,1.4219063791853994,1.6,6.0,221.46923828125,3.7804956436157227,-1.8617560863494873,-0.5291298031806946,1,3.819181203842163,0.30000000000000004,7.5
13,0,0.0,1.0,2.0,1.4219063791853994,1.6,6.0,221.96923828125,3.8103268146514893,-1.8617560863494873,-0.5739556550979614,1,3.8490123748779297,0.30000000000000004,7.5
13,0,0.0,1.0,2.0,1.4219063791853994,1.6,6.0,222.46923828125,3.8409252166748047,-1.8617560863494873,-0.6194908022880554,1,3.879610776901245,0.30000000000000004,7.5
13,0,0.0,1.0,2.0,1.4219063791853994,1.6,6.0,222.96923828125,0.0,,,0,3.9110000133514404,0.30000000000000004,7.5
13,0,0.0,1.0,2.0,1.4219063791853994,1.6,6.0,223.46923828125,3.9045183658599854,-1.8617560863494873,-0.7127861976623535,1,3.943203926086426,0.30000000000000004,7.5
13,0,0.0,1.0,2.0,1.4219063791853994,1.6,6.0,223.96923828125,3.9375622272491455,-1.8617560863494873,-0.7605976462364197,1,3.976247787475586,0.30000000000000004,7.5
13,0,0.0,1.0,2.0,1.4219063791853994,1.6,6.0,224.46923828125,3.971472978591919,-1.8617560863494873,-0.8092209100723267,1,4.010158538818359,0.30000000000000004,7.5
13,0,0.0,1.0,2.0,1.4219063791853994,1.6,6.0,224.96923828125,4.006277084350586,-1.8617560863494873,-0.8586844801902771,1,4.0449628829956055,0.30000000000000004,7.5
13,0,0.0,1.0,2.0,1.4219063791853994,1.6,6.0,225.46923828125,4.042004585266113,-1.8617560863494873,-0.9090179800987244,1,4.080690383911133,0.30000000000000004,7.5
13,0,0.0,1.0,2.0,1.4219063791853994,1.6,6.0,225.96923828125,4.078685760498047,-1.8617560863494873,-0.9602525234222412,1,4.117371082305908,0.30000000000000004,7.5
13,0,0.0,1.0,2.0,1.4219063791853994,1.6,6.0,226.46923828125,4.116350173950195,-1.8617560863494873,-1.0124205350875854,1,4.155035972595215,0.30000000000000004,7.5
13,0,0.0,1.0,2.0,1.4219063791853994,1.6,6.0,226.96923828125,4.155034065246582,-1.8617560863494873,-1.0655558109283447,1,4.193719387054443,0.30000000000000004,7.5
13,0,0.0,1.0,2.0,1.4219063791853994,1.6,6.0,227.46923828125,4.194768905639648,-1.8617560863494873,-1.1196939945220947,1,4.233454704284668,0.30000000000000004,7.5
13,0,0.0,1.0,2.0,1.4219063791853994,1.6,6.0,227.96923828125,4.235593795776367,-1.8617560863494873,-1.1748721599578857,1,4.2742791175842285,0.30000000000000004,7.5
13,0,0.0,1.0,2.0,1.4219063791853994,1.6,6.0,228.46923828125,4.277544975280762,-1.8617560863494873,-1.2311291694641113,1,4.316230297088623,0.30000000000000004,7.5
13,0,0.0,1.0,2.0,1.4219063791853994,1.6,6.0,228.96923828125,4.320662498474121,-1.8617560863494873,-1.2885057926177979,1,4.359348297119141,0.30000000000000004,7.5
13,0,0.0,1.0,2.0,1.4219063791853994,1.6,6.0,229.46923828125,4.364990234375,-1.8617560863494873,-1.3470449447631836,1,4.403675556182861,0.30000000000000004,7.5
13,0,0.0,1.0,2.0,1.4219063791853994,1.6,6.0,229.96923828125,4.41057014465332,-1.8617560863494873,-1.40679132938385,1,4.449255466461182,0.30000000000000004,7.5
13,0,0.0,1.0,2.0,1.4219063791853994,1.6,6.0,230.46923828125,4.457449913024902,-1.8617560863494873,-1.467792272567749,1,4.496135234832764,0.30000000000000004,7.5
13,0,0.0,1.0,2.0,1.4219063791853994,1.6,6.0,230.96923828125,4.505677223205566,-1.8617560863494873,-1.5300970077514648,1,4.544363021850586,0.30000000000000004,7.5
13,0,0.0,1.0,2.0,1.4219063791853994,1.6,6.0,231.46923828125,4.555304527282715,-1.8617560863494873,-1.5937578678131104,1,4.593989849090576,0.30000000000000004,7.5
13,0,0.0,1.0,2.0,1.4219063791853994,1.6,6.0,231.96923828125,4.606385231018066,-1.8617560863494873,-1.6588294506072998,1,4.645070552825928,0.30000000000000004,7.5
13,0,0.0,1.0,2.0,1.4219063791853994,1.6,6.0,232.46923828125,4.6589765548706055,-1.8617560863494873,-1.7253695726394653,1,4.697661876678467,0.30000000000000004,7.5
13,0,0.0,1.0,2.0,1.4219063791853994,1.6,6.0,232.96923828125,0.0,,,0,4.751823425292969,0.30000000000000004,7.5
13,0,0.0,1.0,2.0,1.4219063791853994,1.6,6.0,233.46923828125,4.768933296203613,-1.8617560863494873,-1.8631014823913574,1,4.807619094848633,0.30000000000000004,7.5
13,0,0.0,1.0,2.0,1.4219063791853994,1.6,6.0,233.96923828125,4.82642936706543,-1.8617560863494873,-1.934424877166748,1,4.865115165710449,0.30000000000000004,7.5
13,0,0.0,1.0,2.0,1.4219063791853994,1.6,6.0,234.46923828125,4.885697364807129,-1.8617560863494873,-2.0074806213378906,1,4.924383163452148,0.30000000000000004,7.5
13,0,0.0,1.0,2.0,1.4219063791853994,1.6,6.0,234.96923828125,4.946811676025391,-1.8617560863494873,-2.0823440551757812,1,4.985496997833252,0.30000000000000004,7.5
13,0,0.0,1.0,2.0,1.4219063791853994,1.6,6.0,235.46923828125,5.00985050201416,-1.8617560863494873,-2.15909481048584,1,5.04853630065918,0.30000000000000004,7.5
13,0,0.0,1.0,2.0,1.4219063791853994,1.6,6.0,235.96923828125,5.074898719787598,-1.8617560863494873,-2.2378175258636475,1,5.113584518432617,0.30000000000000004,7.5
13,0,0.0,1.0,2.0,1.4219063791853994,1.6,6.0,236.46923828125,5.142045021057129,-1.8617560863494873,-2.318601608276367,1,5.18073034286499,0.30000000000000004,7.5
13,0,0.0,1.0,2.0,1.4219063791853994,1.6,6.0,236.96923828125,5.211382865905762,-1.8617560863494873,-2.4015419483184814,1,5.250068664550781,0.30000000000000004,7.5
13,0,0.0,1.0,2.0,1.4219063791853994,1.6,6.0,237.46923828125,5.283013343811035,-1.8617560863494873,-2.486738920211792,1,5.3216986656188965,0.30000000000000004,7.5
13,0,0.0,1.0,2.0,1.4219063791853994,1.6,6.0,237.96923828125,5.357041358947754,-1.8617560863494873,-2.5742995738983154,1,5.395726680755615,0.30000000000000004,7.5
13,0,0.0,1.0,2.0,1.4219063791853994,1.6,6.0,238.46923828125,5.43358039855957,-1.8617560863494873,-2.6643378734588623,1,5.47226619720459,0.30000000000000004,7.5
13,0,0.0,1.0,2.0,1.4219063791853994,1.6,6.0,238.96923828125,5.512751579284668,-1.8617560863494873,-2.756974220275879,1,5.551436901092529,0.30000000000000004,7.5
13,0,0.0,1.0,2.0,1.4219063791853994,1.6,6.0,239.46923828125,5.594681739807129,-1.8617560863494873,-2.8523378372192383,1,5.633367538452148,0.30000000000000004,7.5
13,0,0.0,1.0,2.0,1.4219063791853994,1.6,6.0,239.96923828125,5.679509162902832,-1.8617560863494873,-2.950566053390503,1,5.718194961547852,0.30000000000000004,7.5
13,0,0.0,1.0,2.0,1.4219063791853994,1.6,6.0,240.46923828125,5.767378807067871,-1.8617560863494873,-3.0518054962158203,1,5.806064605712891,0.30000000000000004,7.5
13,0,0.0,1.0,2.0,1.4219063791853994,1.6,6.0,240.96923828125,5.853050231933594,-1.859136700630188,-3.151493549346924,1,5.891735553741455,0.30000000000000004,7.5
13,0,0.0,1.0,2.0,1.4219063791853994,1.6,6.0,241.46923828125,5.824873924255371,-1.8006154298782349,-3.151493549346924,1,5.863559722900391,0.30000000000000004,7.5
13,0,0.0,1.0,2.0,1.4219063791853994,1.6,6.0,241.96923828125,5.7974090576171875,-1.7426469326019287,-3.151493549346924,1,5.836094379425049,0.30000000000000004,7.5
13,0,0.0,1.0,2.0,1.4219063791853994,1.6,6.0,242.46923828125,5.7706403732299805,-1.6852145195007324,-3.151493549346924,1,5.809325695037842,0.30000000000000004,7.5
13,0,0.0,1.0,2.0,1.4219063791853994,1.6,6.0,242.96923828125,5.744553565979004,-1.6283023357391357,-3.151493549346924,1,5.783239364624023,0.30000000000000004,7.5
13,0,0.0,1.0,2.0,1.4219063791853994,1.6,6.0,243.46923828125,5.719138145446777,-1.571894645690918,-3.151493549346924,1,5.757823467254639,0.30000000000000004,7.5
13,0,0.0,1.0,2.0,1.4219063791853994,1.6,6.0,243.96923828125,5.694378852844238,-1.5159764289855957,-3.151493549346924,1,5.7330641746521,0.30000000000000004,7.5
13,0,0.0,1.0,2.0,1.4219063791853994,1.6,6.0,244.46923828125,5.67026424407959,-1.460532784461975,-3.151493549346924,1,5.708949565887451,0.30000000000000004,7.5
13,0,0.0,1.0,2.0,1.4219063791853994,1.6,6.0,244.96923828125,5.646782875061035,-1.40554940700531,-3.151493549346924,1,5.685468673706055,0.30000000000000004,7.5
13,0,0.0,1.0,2.0,1.4219063791853994,1.6,6.0,245.46923828125,5.623924255371094,-1.3510123491287231,-3.151493549346924,1,5.662609577178955,0.30000000000000004,7.5
13,0,0.0,1.0,2.0,1.4219063791853994,1.6,6.0,245.96923828125,5.601675033569336,-1.2969080209732056,-3.151493549346924,1,5.6403608322143555,0.30000000000000004,7.5
13,0,0.0,1.0,2.0,1.4219063791853994,1.6,6.0,246.46923828125,5.5800275802612305,-1.2432230710983276,-3.151493549346924,1,5.618712902069092,0.30000000000000004,7.5
13,0,0.0,1.0,2.0,1.4219063791853994,1.6,6.0,246.96923828125,5.558969497680664,-1.1899446249008179,-3.151493549346924,1,5.597655296325684,0.30000000000000004,7.5
13,0,0.0,1.0,2.0,1.4219063791853994,1.6,6.0,247.46923828125,5.538492202758789,-1.1370599269866943,-3.151493549346924,1,5.57717752456665,0.30000000000000004,7.5
13,0,0.0,1.0,2.0,1.4219063791853994,1.6,6.0,247.96923828125,5.518586158752441,-1.0845569372177124,-3.151493549346924,1,5.557271480560303,0.30000000000000004,7.5
13,0,0.0,1.0,2.0,1.4219063791853994,1.6,6.0,248.46923828125,5.499240875244141,-1.0324233770370483,-3.151493549346924,1,5.53792667388916,0.30000000000000004,7.5
13,0,0.0,1.0,2.0,1.4219063791853994,1.6,6.0,248.96923828125,5.480449676513672,-0.9806475043296814,-3.151493549346924,1,5.519134998321533,0.30000000000000004,7.5
13,0,0.0,1.0,2.0,1.4219063791853994,1.6,6.0,249.46923828125,5.462202072143555,-0.9292179942131042,-3.151493549346924,1,5.500887870788574,0.30000000000000004,7.5
13,0,0.0,1.0,2.0,1.4219063791853994,1.6,6.0,249.96923828125,5.444491386413574,-0.8781235218048096,-3.151493549346924,1,5.483177185058594,0.30000000000000004,7.5
13,0,0.0,1.0,2.0,1.4219063791853994,1.6,6.0,250.46923828125,5.427309989929199,-0.8273531794548035,-3.151493549346924,1,5.4659953117370605,0.30000000000000004,7.5
13,0,0.0,1.0,2.0,1.4219063791853994,1.6,6.0,250.96923828125,5.410649299621582,-0.7768961787223816,-3.151493549346924,1,5.449334621429443,0.30000000000000004,7.5
13,0,0.0,1.0,2.0,1.4219063791853994,1.6,6.0,251.46923828125,5.394501686096191,-0.7267420291900635,-3.151493549346924,1,5.433187484741211,0.30000000000000004,7.5
13,0,0.0,1.0,2.0,1.4219063791853994,1.6,6.0,251.96923828125,5.378861427307129,-0.6768804788589478,-3.151493549346924,1,5.41754674911499,0.30000000000000004,7.5
13,0,0.0,1.0,2.0,1.4219063791853994,1.6,6.0,252.46923828125,5.363720893859863,-0.6273013353347778,-3.151493549346924,1,5.402406692504883,0.30000000000000004,7.5
13,0,0.0,1.0,2.0,1.4219063791853994,1.6,6.0,252.96923828125,5.349074363708496,-0.5779948234558105,-3.151493549346924,1,5.387759685516357,0.30000000000000004,7.5
13,0,0.0,1.0,2.0,1.4219063791853994,1.6,6.0,253.46923828125,5.334914207458496,-0.5289512872695923,-3.151493549346924,1,5.373600006103516,0.30000000000000004,7.5
13,0,0.0,1.0,2.0,1.4219063791853994,1.6,6.0,253.96923828125,5.321236610412598,-0.48016107082366943,-3.151493549346924,1,5.359921932220459,0.30000000000000004,7.5
13,0,0.0,1.0,2.0,1.4219063791853994,1.6,6.0,254.46923828125,0.0,,,0,5.346719264984131,0.30000000000000004,7.5
13,0,0.0,1.0,2.0,1.4219063791853994,1.6,6.0,254.96923828125,5.29530143737793,-0.3833037316799164,-3.151493549346924,1,5.333986759185791,0.30000000000000004,7.5
13,0,0.0,1.0,2.0,1.4219063791853994,1.6,6.0,255.46923828125,5.28303337097168,-0.3352183997631073,-3.151493549346924,1,5.321719169616699,0.30000000000000004,7.5
13,0,0.0,1.0,2.0,1.4219063791853994,1.6,6.0,255.96923828125,5.271225929260254,-0.2873501181602478,-3.151493549346924,1,5.309911251068115,0.30000000000000004,7.5
13,0,0.0,1.0,2.0,1.4219063791853994,1.6,6.0,256.46923828125,5.2598724365234375,-0.2396901547908783,-3.151493549346924,1,5.298558235168457,0.30000000000000004,7.5
13,0,0.0,1.0,2.0,1.4219063791853994,1.6,6.0,256.96923828125,5.248970031738281,-0.1922299563884735,-3.151493549346924,1,5.287655353546143,0.30000000000000004,7.5
13,0,0.0,1.0,2.0,1.4219063791853994,1.6,6.0,257.46923828125,5.238512992858887,-0.14496108889579773,-3.151493549346924,1,5.277198314666748,0.30000000000000004,7.5
13,0,0.0,1.0,2.0,1.4219063791853994,1.6,6.0,257.96923828125,5.228497505187988,-0.09787522256374359,-3.151493549346924,1,5.26718282699585,0.30000000000000004,7.5
13,0,0.0,1.0,2.0,1.4219063791853994,1.6,6.0,258.46923828125,5.21891975402832,-0.05096418410539627,-3.151493549346924,1,5.257605075836182,0.30000000000000004,7.5
13,0,0.0,1.0,2.0,1.4219063791853994,1.6,6.0,258.96923828125,5.209775924682617,-0.004219884984195232,-3.151493549346924,1,5.2484612464904785,0.30000000000000004,7.5
13,0,0.0,1.0,2.0,1.4219063791853994,1.6,6.0,259.46923828125,5.201061248779297,0.04236564040184021,-3.151493549346924,1,5.239747047424316,0.30000000000000004,7.5
13,0,0.0,1.0,2.0,1.4219063791853994,1.6,6.0,259.96923828125,8.085497856140137,-0.41504549980163574,-6.0,1,8.124183654785156,0.30000000000000004,7.5
13,0,0.0,1.0,2.0,1.4219063791853994,1.6,6.0,260.46923828125,8.073285102844238,-0.34315726161003113,-6.0,1,8.111970901489258,0.30000000000000004,7.5
13,0,0.0,1.0,2.0,1.4219063791853994,1.6,6.0,260.96923828125,8.061725616455078,-0.2714793384075165,-6.0,1,8.100411415100098,0.30000000000000004,7.5
13,1,0.0,1.6,6.0,1.382574821490126,2.0,8.1,259.2156982421875,4.109007835388184,0.8380952477455139,2.0,1,4.071916103363037,0.30000000000000004,7.5
13,1,0.0,1.6,6.0,1.382574821490126,2.0,8.1,259.7156982421875,4.102405071258545,0.8742091655731201,2.0,1,4.065313339233398,0.30000000000000004,7.5
13,1,0.0,1.6,6.0,1.382574821490126,2.0,8.1,260.2156982421875,4.096132278442383,0.9102088809013367,2.0,1,4.059040546417236,0.30000000000000004,7.5
13,1,0.0,1.6,6.0,1.382574821490126,2.0,8.1,260.7156982421875,4.0901875495910645,0.9461004137992859,2.0,1,4.053095817565918,0.30000000000000004,7.5
13,1,0.0,1.6,6.0,1.382574821490126,2.0,8.1,261.2156982421875,4.084567546844482,0.9818897247314453,2.0,1,4.047475814819336,0.30000000000000004,7.5
13,1,0.0,1.6,6.0,1.382574821490126,2.0,8.1,261.7156982421875,4.079270839691162,1.017582654953003,2.0,1,4.042179107666016,0.30000000000000004,7.5
13,1,0.0,1.6,6.0,1.382574821490126,2.0,8.1,262.2156982421875,4.074294567108154,1.0531848669052124,2.0,1,4.037202835083008,0.30000000000000004,7.5
13,1,0.0,1.6,6.0,1.382574821490126,2.0,8.1,262.7156982421875,4.069637298583984,1.0887023210525513,2.0,1,4.032545566558838,0.30000000000000004,7.5
13,1,0.0,1.6,6.0,1.382574821490126,2.0,8.1,263.2156982421875,4.065297603607178,1.1241406202316284,2.0,1,4.028205871582031,0.30000000000000004,7.5
13,1,0.0,1.6,6.0,1.382574821490126,2.0,8.1,263.7156982421875,4.061273097991943,1.1595054864883423,2.0,1,4.024181365966797,0.30000000000000004,7.5
13,1,0.0,1.6,6.0,1.382574821490126,2.0,8.1,264.2156982421875,4.057562351226807,1.1948022842407227,2.0,1,4.02047061920166,0.30000000000000004,7.5
13,1,0.0,1.6,6.0,1.382574821490126,2.0,8.1,264.7156982421875,4.054164409637451,1.2300368547439575,2.0,1,4.017072677612305,0.30000000000000004,7.5
13,1,0.0,1.6,6.0,1.382574821490126,2.0,8.1,265.2156982421875,4.051077365875244,1.2652145624160767,2.0,1,4.013985633850098,0.30000000000000004,7.5
13,1,0.0,1.6,6.0,1.382574821490126,2.0,8.1,265.7156982421875,4.048300266265869,1.3003408908843994,2.0,1,4.011208534240723,0.30000000000000004,7.5
13,1,0.0,1.6,6.0,1.382574821490126,2.0,8.1,266.2156982421875,4.045832633972168,1.3354213237762451,2.0,1,4.0087409019470215,0.30000000000000004,7.5
13,1,0.0,1.6,6.0,1.382574821490126,2.0,8.1,266.7156982421875,4.04367208480835,1.370461344718933,2.0,1,4.006580352783203,0.30000000000000004,7.5
13,1,0.0,1.6,6.0,1.382574821490126,2.0,8.1,267.2156982421875,4.0418195724487305,1.4054661989212036,2.0,1,4.004727840423584,0.30000000000000004,7.5
13,1,0.0,1.6,6.0,1.382574821490126,2.0,8.1,267.7156982421875,4.0402727127075195,1.440441370010376,2.0,1,4.003180980682373,0.30000000000000004,7.5
13,1,0.0,1.6,6.0,1.382574821490126,2.0,8.1,268.2156982421875,4.039031982421875,1.47539222240448,2.0,1,4.0019402503967285,0.30000000000000004,7.5
13,1,0.0,1.6,6.0,1.382574821490126,2.0,8.1,268.7156982421875,4.038096904754639,1.5103241205215454,2.0,1,4.001005172729492,0.30000000000000004,7.5
13,1,0.0,1.6,6.0,1.382574821490126,2.0,8.1,269.2156982421875,4.037466526031494,1.5452423095703125,2.0,1,4.000374794006348,0.30000000000000004,7.5
13,1,0.0,1.6,6.0,1.382574821490126,2.0,8.1,269.7156982421875,4.037140846252441,1.580152153968811,2.0,1,4.000049114227295,0.30000000000000004,7.5
13,1,0.0,1.6,6.0,1.382574821490126,2.0,8.1,270.2156982421875,4.0371198654174805,1.6150588989257812,2.0,1,4.000028133392334,0.30000000000000004,7.5
13,1,0.0,1.6,6.0,1.382574821490126,2.0,8.1,270.7156982421875,4.037403583526611,1.6499680280685425,2.0,1,4.000311851501465,0.30000000000000004,7.5
13,1,0.0,1.6,6.0,1.382574821490126,2.0,8.1,271.2156982421875,4.037992477416992,1.684884786605835,2.0,1,4.000900745391846,0.30000000000000004,7.5
13,1,0.0,1.6,6.0,1.382574821490126,2.0,8.1,271.7156982421875,4.038885593414307,1.719814419746399,2.0,1,4.00179386138916,0.30000000000000004,7.5
13,1,0.0,1.6,6.0,1.382574821490126,2.0,8.1,272.2156982421875,4.040084362030029,1.7547622919082642,2.0,1,4.002992630004883,0.30000000000000004,7.5
13,1,0.0,1.6,6.0,1.382574821490126,2.0,8.1,272.7156982421875,4.041589260101318,1.78973388671875,2.0,1,4.004497528076172,0.30000000000000004,7.5
13,1,0.0,1.6,6.0,1.382574821490126,2.0,8.1,273.2156982421875,4.043399810791016,1.8247343301773071,2.0,1,4.006308078765869,0.30000000000000004,7.5
13,1,0.0,1.6,6.0,1.382574821490126,2.0,8.1,273.7156982421875,4.045517921447754,1.8597692251205444,2.0,1,4.008426189422607,0.30000000000000004,7.5
13,1,0.0,1.6,6.0,1.382574821490126,2.0,8.1,274.2156982421875,0.0,,,0,4.010851860046387,0.30000000000000004,7.5
13,1,0.0,1.6,6.0,1.382574821490126,2.0,8.1,274.7156982421875,0.0,,,0,4.013586521148682,0.30000000000000004,7.5
13,1,0.0,1.6,6.0,1.382574821490126,2.0,8.1,275.2156982421875,0.0,,,0,4.01663064956665,0.30000000000000004,7.5
13,1,0.0,1.6,6.0,1.382574821490126,2.0,8.1,275.7156982421875,4.057077884674072,2.0003602504730225,2.0,1,4.019986152648926,0.30000000000000004,7.5
13,1,0.0,1.6,6.0,1.382574821490126,2.0,8.1,276.2156982421875,4.0607452392578125,2.0356483459472656,2.0,1,4.023653507232666,0.30000000000000004,7.5
13,1,0.0,1.6,6.0,1.382574821490126,2.0,8.1,276.7156982421875,4.064726829528809,2.0710034370422363,2.0,1,4.027635097503662,0.30000000000000004,7.5
13,1,0.0,1.6,6.0,1.382574821490126,2.0,8.1,277.2156982421875,4.069023132324219,2.106431245803833,2.0,1,4.031931400299072,0.30000000000000004,7.5
13,1,0.0,1.6,6.0,1.382574821490126,2.0,8.1,277.7156982421875,4.073637008666992,2.141937494277954,2.0,1,4.036545276641846,0.30000000000000004,7.5
13,1,0.0,1.6,6.0,1.382574821490126,2.0,8.1,278.2156982421875,4.078568935394287,2.177527904510498,2.0,1,4.041477203369141,0.30000000000000004,7.5
13,1,0.0,1.6,6.0,1.382574821490126,2.0,8.1,278.7156982421875,4.083821773529053,2.213207960128784,2.0,1,4.046730041503906,0.30000000000000004,7.5
13,1,0.0,1.6,6.0,1.382574821490126,2.0,8.1,279.2156982421875,0.0,,,0,4.052305698394775,0.30000000000000004,7.5
13,1,0.0,1.6,6.0,1.382574821490126,2.0,8.1,279.7156982421875,4.095297336578369,2.284860849380493,2.0,1,4.058205604553223,0.30000000000000004,7.5
13,1,0.0,1.6,6.0,1.382574821490126,2.0,8.1,280.2156982421875,4.101524829864502,2.320845365524292,2.0,1,4.0644330978393555,0.30000000000000004,7.5
13,1,0.0,1.6,6.0,1.382574821490126,2.0,8.1,280.7156982421875,4.108082294464111,2.356943368911743,2.0,1,4.070990562438965,0.30000000000000004,7.5
13,1,0.0,1.6,6.0,1.382574821490126,2.0,8.1,281.2156982421875,4.11497163772583,2.393160581588745,2.0,1,4.077879905700684,0.30000000000000004,7.5
13,1,0.0,1.6,6.0,1.382574821490126,2.0,8.1,281.7156982421875,4.122195720672607,2.4295034408569336,2.0,1,4.085103988647461,0.30000000000000004,7.5
13,1,0.0,1.6,6.0,1.382574821490126,2.0,8.1,282.2156982421875,4.129757881164551,2.4659781455993652,2.0,1,4.092666149139404,0.30000000000000004,7.5
13,1,0.0,1.6,6.0,1.382574821490126,2.0,8.1,282.7156982421875,4.137661457061768,2.5025908946990967,2.0,1,4.100569725036621,0.30000000000000004,7.5
13,1,0.0,1.6,6.0,1.382574821490126,2.0,8.1,283.2156982421875,1.219910740852356,1.8704133033752441,4.848506450653076,1,1.1828190088272095,0.30000000000000004,7.5
13,1,0.0,1.6,6.0,1.382574821490126,2.0,8.1,283.7156982421875,1.2223849296569824,1.8810381889343262,4.848506450653076,1,1.185293197631836,0.30000000000000004,7.5
13,1,0.0,1.6,6.0,1.382574821490126,2.0,8.1,284.2156982421875,1.2249600887298584,1.891708493232727,4.848506450653076,1,1.187868356704712,0.30000000000000004,7.5
13,1,0.0,1.6,6.0,1.382574821490126,2.0,8.1,284.7156982421875,1.2276374101638794,1.90242600440979,4.848506450653076,1,1.190545678138733,0.30000000000000004,7.5
13,1,0.0,1.6,6.0,1.382574821490126,2.0,8.1,285.2156982421875,1.2304178476333618,1.9131927490234375,4.848506450653076,1,1.1933261156082153,0.30000000000000004,7.5
13,1,0.0,1.6,6.0,1.382574821490126,2.0,8.1,285.7156982421875,1.2333025932312012,1.9240107536315918,4.848506450653076,1,1.1962108612060547,0.30000000000000004,7.5
13,1,0.0,1.6,6.0,1.382574821490126,2.0,8.1,286.2156982421875,1.2362929582595825,1.9348820447921753,4.848506450653076,1,1.199201226234436,0.30000000000000004,7.5
13,1,0.0,1.6,6.0,1.382574821490126,2.0,8.1,286.7156982421875,1.2393900156021118,1.9458086490631104,4.848506450653076,1,1.2022982835769653,0.30000000000000004,7.5
13,1,0.0,1.6,6.0,1.382574821490126,2.0,8.1,287.2156982421875,1.2425951957702637,1.9567925930023193,4.848506450653076,1,1.2055034637451172,0.30000000000000004,7.5
13,1,0.0,1.6,6.0,1.382574821490126,2.0,8.1,287.7156982421875,1.2459096908569336,1.9678362607955933,4.848506450653076,1,1.208817958831787,0.30000000000000004,7.5
13,1,0.0,1.6,6.0,1.382574821490126,2.0,8.1,288.2156982421875,1.2493351697921753,1.978941559791565,4.848506450653076,1,1.2122434377670288,0.30000000000000004,7.5
13,1,0.0,1.6,6.0,1.382574821490126,2.0,8.1,288.7156982421875,1.2528729438781738,1.9901108741760254,4.848506450653076,1,1.2157812118530273,0.30000000000000004,7.5
13,1,0.0,1.6,6.0,1.382574821490126,2.0,8.1,289.2156982421875,1.2565245628356934,2.0013463497161865,4.848506450653076,1,1.2194328308105469,0.30000000000000004,7.5
13,1,0.0,1.6,6.0,1.382574821490126,2.0,8.1,289.7156982421875,1.260291576385498,2.012650489807129,4.848506450653076,1,1.2231998443603516,0.30000000000000004,7.5
13,1,0.0,1.6,6.0,1.382574821490126,2.0,8.1,290.2156982421875,1.2641757726669312,2.0240254402160645,4.848506450653076,1,1.2270840406417847,0.30000000000000004,7.5
13,1,0.0,1.6,6.0,1.382574821490126,2.0,8.1,290.7156982421875,1.2681785821914673,2.0354738235473633,4.848506450653076,1,1.2310868501663208,0.30000000000000004,7.5
13,1,0.0,1.6,6.0,1.382574821490126,2.0,8.1,291.2156982421875,1.2723021507263184,2.0469980239868164,4.848506450653076,1,1.2352104187011719,0.30000000000000004,7.5
13,1,0.0,1.6,6.0,1.382574821490126,2.0,8.1,291.7156982421875,1.2765480279922485,2.058600425720215,4.848506450653076,1,1.239456295967102,0.30000000000000004,7.5
13,1,0.0,1.6,6.0,1.382574821490126,2.0,8.1,292.2156982421875,1.2809183597564697,2.070283889770508,4.848506450653076,1,1.2438266277313232,0.30000000000000004,7.5
13,1,0.0,1.6,6.0,1.382574821490126,2.0,8.1,292.7156982421875,1.2854149341583252,2.0820510387420654,4.848506450653076,1,1.2483232021331787,0.30000000000000004,7.5
13,1,0.0,1.6,6.0,1.382574821490126,2.0,8.1,293.2156982421875,1.2900398969650269,2.0939042568206787,4.848506450653076,1,1.2529481649398804,0.30000000000000004,7.5
13,1,0.0,1.6,6.0,1.382574821490126,2.0,8.1,293.7156982421875,1.2947953939437866,2.105846881866455,4.848506450653076,1,1.2577036619186401,0.30000000000000004,7.5
13,1,0.0,1.6,6.0,1.382574821490126,2.0,8.1,294.2156982421875,1.299683690071106,2.1178810596466064,4.848506450653076,1,1.2625919580459595,0.30000000000000004,7.5
13,1,0.0,1.6,6.0,1.382574821490126,2.0,8.1,294.7156982421875,1.3047069311141968,2.1300103664398193,4.848506450653076,1,1.2676151990890503,0.30000000000000004,7.5
13,1,0.0,1.6,6.0,1.382574821490126,2.0,8.1,295.2156982421875,1.3098677396774292,2.1422371864318848,4.848506450653076,1,1.2727760076522827,0.30000000000000004,7.5
13,1,0.0,1.6,6.0,1.382574821490126,2.0,8.1,295.7156982421875,0.0,,,0,1.2780766487121582,0.30000000000000004,7.5
13,1,0.0,1.6,6.0,1.382574821490126,2.0,8.1,296.2156982421875,1.320611596107483,2.166997194290161,4.848506450653076,1,1.2835198640823364,0.30000000000000004,7.5
13,1,0.0,1.6,6.0,1.382574821490126,2.0,8.1,296.7156982421875,1.3261998891830444,2.1795363426208496,4.848506450653076,1,1.289108157157898,0.30000000000000004,7.5
13,1,0.0,1.6,6.0,1.382574821490126,2.0,8.1,297.2156982421875,1.3319361209869385,2.1921863555908203,4.848506450653076,1,1.294844388961792,0.30000000000000004,7.5
13,1,0.0,1.6,6.0,1.382574821490126,2.0,8.1,297.7156982421875,1.3378231525421143,2.2049503326416016,4.848506450653076,1,1.3007314205169678,0.30000000000000004,7.5
13,1,0.0,1.6,6.0,1.382574821490126,2.0,8.1,298.2156982421875,1.3438639640808105,2.21783185005188,4.848506450653076,1,1.306772232055664,0.30000000000000004,7.5
13,1,0.0,1.6,6.0,1.382574821490126,2.0,8.1,298.7156982421875,1.3500615358352661,2.230834484100342,4.848506450653076,1,1.3129698038101196,0.30000000000000004,7.5
13,1,0.0,1.6,6.0,1.382574821490126,2.0,8.1,299.2156982421875,1.3564192056655884,2.243962287902832,4.848506450653076,1,1.319327473640442,0.30000000000000004,7.5
13,1,0.0,1.6,6.0,1.382574821490126,2.0,8.1,299.7156982421875,1.3629400730133057,2.257218599319458,4.848506450653076,1,1.3258483409881592,0.30000000000000004,7.5
13,1,0.0,1.6,6.0,1.382574821490126,2.0,8.1,300.2156982421875,1.369627833366394,2.2706077098846436,4.848506450653076,1,1.3325361013412476,0.30000000000000004,7.5
13,1,0.0,1.6,6.0,1.382574821490126,2.0,8.1,300.7156982421875,1.376485824584961,2.2841336727142334,4.848506450653076,1,1.3393940925598145,0.30000000000000004,7.5
13,1,0.0,1.6,6.0,1.382574821490126,2.0,8.1,301.2156982421875,1.383517861366272,2.2978007793426514,4.848506450653076,1,1.3464261293411255,0.30000000000000004,7.5
13,1,0.0,1.6,6.0,1.382574821490126,2.0,8.1,301.7156982421875,1.3907277584075928,2.311612844467163,4.848506450653076,1,1.3536360263824463,0.30000000000000004,7.5
13,1,0.0,1.6,6.0,1.382574821490126,2.0,8.1,302.2156982421875,1.3981194496154785,2.325575113296509,4.848506450653076,1,1.361027717590332,0.30000000000000004,7.5
13,1,0.0,1.6,6.0,1.382574821490126,2.0,8.1,302.7156982421875,1.405697226524353,2.339691400527954,4.848506450653076,1,1.3686054944992065,0.30000000000000004,7.5
13,1,0.0,1.6,6.0,1.382574821490126,2.0,8.1,303.2156982421875,1.413465142250061,2.3539671897888184,4.848506450653076,1,1.3763734102249146,0.30000000000000004,7.5
13,1,0.0,1.6,6.0,1.382574821490126,2.0,8.1,303.7156982421875,1.421427845954895,2.3684067726135254,4.848506450653076,1,1.3843361139297485,0.30000000000000004,7.5
13,1,0.0,1.6,6.0,1.382574821490126,2.0,8.1,304.2156982421875,1.429589867591858,2.3830156326293945,4.848506450653076,1,1.3924981355667114,0.30000000000000004,7.5
13,1,0.0,1.6,6.0,1.382574821490126,2.0,8.1,304.7156982421875,1.4379559755325317,2.397799015045166,4.848506450653076,1,1.4008642435073853,0.30000000000000004,7.5
13,1,0.0,1.6,6.0,1.382574821490126,2.0,8.1,305.2156982421875,1.4465311765670776,2.41276216506958,4.848506450653076,1,1.4094394445419312,0.30000000000000004,7.5
13,1,0.0,1.6,6.0,1.382574821490126,2.0,8.1,305.7156982421875,1.4553208351135254,2.427910804748535,4.848506450653076,1,1.418229103088379,0.30000000000000004,7.5
13,1,0.0,1.6,6.0,1.382574821490126,2.0,8.1,306.2156982421875,1.4643299579620361,2.4432506561279297,4.848506450653076,1,1.4272382259368896,0.30000000000000004,7.5
13,1,0.0,1.6,6.0,1.382574821490126,2.0,8.1,306.7156982421875,1.4735645055770874,2.4587879180908203,4.848506450653076,1,1.436472773551941,0.30000000000000004,7.5
13,1,0.0,1.6,6.0,1.382574821490126,2.0,8.1,307.2156982421875,1.4830302000045776,2.4745287895202637,4.848506450653076,1,1.4459384679794312,0.30000000000000004,7.5
13,1,0.0,1.6,6.0,1.382574821490126,2.0,8.1,307.7156982421875,1.4927330017089844,2.4904794692993164,4.848506450653076,1,1.455641269683838,0.30000000000000004,7.5
13,1,0.0,1.6,6.0,1.382574821490126,2.0,8.1,308.2156982421875,1.5026792287826538,2.5066471099853516,4.848506450653076,1,1.4655874967575073,0.30000000000000004,7.5
13,1,0.0,1.6,6.0,1.382574821490126,2.0,8.1,308.7156982421875,1.5128754377365112,2.523038625717163,4.848506450653076,1,1.4757837057113647,0.30000000000000004,7.5
13,1,0.0,1.6,6.0,1.382574821490126,2.0,8.1,309.2156982421875,1.5233285427093506,2.539660930633545,4.848506450653076,1,1.486236810684204,0.30000000000000004,7.5
13,1,0.0,1.6,6.0,1.382574821490126,2.0,8.1,309.7156982421875,1.534045696258545,2.5565216541290283,4.848506450653076,1,1.4969539642333984,0.30000000000000004,7.5
13,1,0.0,1.6,6.0,1.382574821490126,2.0,8.1,310.2156982421875,1.5450340509414673,2.5736286640167236,4.848506450653076,1,1.5079423189163208,0.30000000000000004,7.5
13,1,0.0,1.6,6.0,1.382574821490126,2.0,8.1,310.7156982421875,1.5563015937805176,2.590989828109741,4.848506450653076,1,1.519209861755371,0.30000000000000004,7.5
13,1,0.0,1.6,6.0,1.382574821490126,2.0,8.1,311.2156982421875,1.5678561925888062,2.608613967895508,4.848506450653076,1,1.5307644605636597,0.30000000000000004,7.5
13,1,0.0,1.6,6.0,1.382574821490126,2.0,8.1,311.7156982421875,1.5797061920166016,2.626509666442871,4.848506450653076,1,1.542614459991455,0.30000000000000004,7.5
13,1,0.0,1.6,6.0,1.382574821490126,2.0,8.1,312.2156982421875,1.5918605327606201,2.644685745239258,4.848506450653076,1,1.5547688007354736,0.30000000000000004,7.5
13,1,0.0,1.6,6.0,1.382574821490126,2.0,8.1,312.7156982421875,1.6043281555175781,2.6631522178649902,4.848506450653076,1,1.5672364234924316,0.30000000000000004,7.5
13,1,0.0,1.6,6.0,1.382574821490126,2.0,8.1,313.2156982421875,1.6171185970306396,2.6819183826446533,4.848506450653076,1,1.5800268650054932,0.30000000000000004,7.5
13,1,0.0,1.6,6.0,1.382574821490126,2.0,8.1,313.7156982421875,1.6302419900894165,2.7009952068328857,4.848506450653076,1,1.59315025806427,0.30000000000000004,7.5
13,1,0.0,1.6,6.0,1.382574821490126,2.0,8.1,314.2156982421875,0.0,,,0,1.606616735458374,0.30000000000000004,7.5
13,1,0.0,1.6,6.0,1.382574821490126,2.0,8.1,314.7156982421875,1.6575291156768799,2.7401225566864014,4.848506450653076,1,1.6204373836517334,0.30000000000000004,7.5
13,1,0.0,1.6,6.0,1.382574821490126,2.0,8.1,315.2156982421875,1.6717150211334229,2.7601964473724365,4.848506450653076,1,1.6346232891082764,0.30000000000000004,7.5
13,1,0.0,1.6,6.0,1.382574821490126,2.0,8.1,315.7156982421875,1.6862783432006836,2.7806265354156494,4.848506450653076,1,1.649186611175537,0.30000000000000004,7.5
13,1,0.0,1.6,6.0,1.382574821490126,2.0,8.1,316.2156982421875,1.7012312412261963,2.8014252185821533,4.848506450653076,1,1.6641395092010498,0.30000000000000004,7.5
13,1,0.0,1.6,6.0,1.382574821490126,2.0,8.1,316.7156982421875,0.0,,,0,1.6794952154159546,0.30000000000000004,7.5
13,1,0.0,1.6,6.0,1.382574821490126,2.0,8.1,317.2156982421875,1.7323589324951172,2.8441836833953857,4.848506450653076,1,1.6952672004699707,0.30000000000000004,7.5
13,1,0.0,1.6,6.0,1.382574821490126,2.0,8.1,317.7156982421875,0.0,,,0,1.7114697694778442,0.30000000000000004,7.5
13,1,0.0,1.6,6.0,1.382574821490126,2.0,8.1,318.2156982421875,1.765209674835205,2.8885860443115234,4.848506450653076,1,1.7281179428100586,0.30000000000000004,7.5
13,1,0.0,1.6,6.0,1.382574821490126,2.0,8.1,318.7156982421875,1.7823190689086914,2.911442279815674,4.848506450653076,1,1.745227336883545,0.30000000000000004,7.5
13,1,0.0,1.6,6.0,1.382574821490126,2.0,8.1,319.2156982421875,1.7999062538146973,2.9347574710845947,4.848506450653076,1,1.7628145217895508,0.30000000000000004,7.5
13,1,0.0,1.6,6.0,1.382574821490126,2.0,8.1,319.7156982421875,1.8179885149002075,2.9585492610931396,4.848506450653076,1,1.780896782875061,0.30000000000000004,7.5
13,1,0.0,1.6,6.0,1.382574821490126,2.0,8.1,320.2156982421875,1.8365840911865234,2.9828360080718994,4.848506450653076,1,1.799492359161377,0.30000000000000004,7.5
13,1,0.0,1.6,6.0,1.382574821490126,2.0,8.1,320.7156982421875,1.8557120561599731,3.0076372623443604,4.848506450653076,1,1.8186203241348267,0.30000000000000004,7.5
13,1,0.0,1.6,6.0,1.382574821490126,2.0,8.1,321.2156982421875,1.8753924369812012,3.032973289489746,4.848506450653076,1,1.8383007049560547,0.30000000000000004,7.5
13,1,0.0,1.6,6.0,1.382574821490126,2.0,8.1,321.7156982421875,1.8956466913223267,3.058865547180176,4.848506450653076,1,1.8585549592971802,0.30000000000000004,7.5
13,1,0.0,1.6,6.0,1.382574821490126,2.0,8.1,322.2156982421875,1.916496753692627,3.085336923599243,4.848506450653076,1,1.8794050216674805,0.30000000000000004,7.5
13,1,0.0,1.6,6.0,1.382574821490126,2.0,8.1,322.7156982421875,1.9379664659500122,3.1124110221862793,4.848506450653076,1,1.9008747339248657,0.30000000000000004,7.5
13,1,0.0,1.6,6.0,1.382574821490126,2.0,8.1,323.2156982421875,1.9600805044174194,3.140113115310669,4.848506450653076,1,1.922988772392273,0.30000000000000004,7.5
13,1,0.0,1.6,6.0,1.382574821490126,2.0,8.1,323.7156982421875,1.9828649759292603,3.1684694290161133,4.848506450653076,1,1.9457732439041138,0.30000000000000004,7.5
13,1,0.0,1.6,6.0,1.382574821490126,2.0,8.1,324.2156982421875,2.00634765625,3.197507858276367,4.848506450653076,1,1.9692559242248535,0.30000000000000004,7.5
13,1,0.0,1.6,6.0,1.382574821490126,2.0,8.1,324.7156982421875,1.9971652030944824,3.200000047683716,4.867794990539551,1,1.960073471069336,0.30000000000000004,7.5
13,1,0.0,1.6,6.0,1.382574821490126,2.0,8.1,325.2156982421875,1.9852094650268555,3.200000047683716,4.8886213302612305,1,1.948117733001709,0.30000000000000004,7.5
13,1,0.0,1.6,6.0,1.382574821490126,2.0,8.1,325.7156982421875,1.9735453128814697,3.200000047683716,4.909196376800537,1,1.9364535808563232,0.30000000000000004,7.5
13,1,0.0,1.6,6.0,1.382574821490126,2.0,8.1,326.2156982421875,1.9621657133102417,3.200000047683716,4.92952823638916,1,1.9250739812850952,0.30000000000000004,7.5
13,1,0.0,1.6,6.0,1.382574821490126,2.0,8.1,326.7156982421875,1.9510639905929565,3.200000047683716,4.949624061584473,1,1.91397225856781,0.30000000000000004,7.5
13,1,0.0,1.6,6.0,1.382574821490126,2.0,8.1,327.2156982421875,1.940233588218689,3.200000047683716,4.969491004943848,1,1.9031418561935425,0.30000000000000004,7.5
13,1,0.0,1.6,6.0,1.382574821490126,2.0,8.1,327.7156982421875,1.9296685457229614,3.200000047683716,4.9891357421875,1,1.892576813697815,0.30000000000000004,7.5
13,1,0.0,1.6,6.0,1.382574821490126,2.0,8.1,328.2156982421875,1.9193625450134277,3.200000047683716,5.0085649490356445,1,1.8822708129882812,0.30000000000000004,7.5
13,1,0.0,1.6,6.0,1.382574821490126,2.0,8.1,328.7156982421875,1.9093101024627686,3.200000047683716,5.027785301208496,1,1.872218370437622,0.30000000000000004,7.5
13,1,0.0,1.6,6.0,1.382574821490126,2.0,8.1,329.2156982421875,1.8995054960250854,3.200000047683716,5.046802997589111,1,1.862413763999939,0.30000000000000004,7.5
13,1,0.0,1.6,6.0,1.382574821490126,2.0,8.1,329.7156982421875,1.8899433612823486,3.200000047683716,5.065623760223389,1,1.8528516292572021,0.30000000000000004,7.5
13,1,0.0,1.6,6.0,1.382574821490126,2.0,8.1,330.2156982421875,1.880618691444397,3.200000047683716,5.084253787994385,1,1.8435269594192505,0.30000000000000004,7.5
13,1,0.0,1.6,6.0,1.382574821490126,2.0,8.1,330.7156982421875,1.8715263605117798,3.200000047683716,5.10269832611084,1,1.8344346284866333,0.30000000000000004,7.5
13,1,0.0,1.6,6.0,1.382574821490126,2.0,8.1,331.2156982421875,1.862661600112915,3.200000047683716,5.1209635734558105,1,1.8255698680877686,0.30000000000000004,7.5
13,1,0.0,1.6,6.0,1.382574821490126,2.0,8.1,331.7156982421875,1.8540197610855103,3.200000047683716,5.139054298400879,1,1.8169280290603638,0.30000000000000004,7.5
13,1,0.0,1.6,6.0,1.382574821490126,2.0,8.1,332.2156982421875,1.8455965518951416,3.200000047683716,5.156976222991943,1,1.8085048198699951,0.30000000000000004,7.5
13,1,0.0,1.6,6.0,1.382574821490126,2.0,8.1,332.7156982421875,0.0,,,0,1.8002957105636597,0.30000000000000004,7.5
13,1,0.0,1.6,6.0,1.382574821490126,2.0,8.1,333.2156982421875,1.8293883800506592,3.200000047683716,5.1923322677612305,1,1.7922966480255127,0.30000000000000004,7.5
13,1,0.0,1.6,6.0,1.382574821490126,2.0,8.1,333.7156982421875,1.8215954303741455,3.200000047683716,5.209776401519775,1,1.784503698348999,0.30000000000000004,7.5
13,1,0.0,1.6,6.0,1.382574821490126,2.0,8.1,334.2156982421875,1.81400465965271,3.200000047683716,5.2270708084106445,1,1.7769129276275635,0.30000000000000004,7.5
13,1,0.0,1.6,6.0,1.382574821490126,2.0,8.1,334.7156982421875,1.806612491607666,3.200000047683716,5.244219779968262,1,1.7695207595825195,0.30000000000000004,7.5
13,1,0.0,1.6,6.0,1.382574821490126,2.0,8.1,335.2156982421875,1.799415111541748,3.200000047683716,5.261228084564209,1,1.7623233795166016,0.30000000000000004,7.5
13,1,0.0,1.6,6.0,1.382574821490126,2.0,8.1,335.7156982421875,1.7924091815948486,3.200000047683716,5.27810001373291,1,1.7553174495697021,0.30000000000000004,7.5
13,1,0.0,1.6,6.0,1.382574821490126,2.0,8.1,336.2156982421875,1.7855913639068604,3.200000047683716,5.294839859008789,1,1.7484996318817139,0.30000000000000004,7.5
13,1,0.0,1.6,6.0,1.382574821490126,2.0,8.1,336.7156982421875,0.0,,,0,1.7418668270111084,0.30000000000000004,7.5
13,1,0.0,1.6,6.0,1.382574821490126,2.0,8.1,337.2156982421875,1.7725074291229248,3.200000047683716,5.327937602996826,1,1.7354156970977783,0.30000000000000004,7.5
13,1,0.0,1.6,6.0,1.382574821490126,2.0,8.1,337.7156982421875,1.766235113143921,3.200000047683716,5.34430456161499,1,1.7291433811187744,0.30000000000000004,7.5
13,1,0.0,1.6,6.0,1.382574821490126,2.0,8.1,338.2156982421875,1.760138750076294,3.200000047683716,5.360554218292236,1,1.7230470180511475,0.30000000000000004,7.5
13,1,0.0,1.6,6.0,1.382574821490126,2.0,8.1,338.7156982421875,1.7542154788970947,3.200000047683716,5.3766913414001465,1,1.7171237468719482,0.30000000000000004,7.5
13,1,0.0,1.6,6.0,1.382574821490126,2.0,8.1,339.2156982421875,1.7484626770019531,3.200000047683716,5.39271879196167,1,1.7113709449768066,0.30000000000000004,7.5
13,1,0.0,1.6,6.0,1.382574821490126,2.0,8.1,339.7156982421875,1.7428778409957886,3.200000047683716,5.408640384674072,1,1.705786108970642,0.30000000000000004,7.5
13,1,0.0,1.6,6.0,1.382574821490126,2.0,8.1,340.2156982421875,1.737458348274231,3.200000047683716,5.424459934234619,1,1.7003666162490845,0.30000000000000004,7.5
13,1,0.0,1.6,6.0,1.382574821490126,2.0,8.1,340.7156982421875,1.7322018146514893,3.200000047683716,5.44018030166626,1,1.6951100826263428,0.30000000000000004,7.5
13,1,0.0,1.6,6.0,1.382574821490126,2.0,8.1,341.2156982421875,1.7271060943603516,3.200000047683716,5.455804824829102,1,1.690014362335205,0.30000000000000004,7.5
13,1,0.0,1.6,6.0,1.382574821490126,2.0,8.1,341.7156982421875,1.7221688032150269,3.200000047683716,5.471336841583252,1,1.6850770711898804,0.30000000000000004,7.5
13,1,0.0,1.6,6.0,1.382574821490126,2.0,8.1,342.2156982421875,1.7173877954483032,3.200000047683716,5.486779689788818,1,1.6802960634231567,0.30000000000000004,7.5
13,1,0.0,1.6,6.0,1.382574821490126,2.0,8.1,342.7156982421875,1.7127611637115479,3.200000047683716,5.502136707305908,1,1.6756694316864014,0.30000000000000004,7.5
13,1,0.0,1.6,6.0,1.382574821490126,2.0,8.1,343.2156982421875,1.7082868814468384,3.200000047683716,5.517409801483154,1,1.671195149421692,0.30000000000000004,7.5
13,1,0.0,1.6,6.0,1.382574821490126,2.0,8.1,343.7156982421875,1.703963041305542,3.200000047683716,5.5326032638549805,1,1.6668713092803955,0.30000000000000004,7.5
13,1,0.0,1.6,6.0,1.382574821490126,2.0,8.1,344.2156982421875,1.6997877359390259,3.200000047683716,5.5477190017700195,1,1.6626960039138794,0.30000000000000004,7.5
13,1,0.0,1.6,6.0,1.382574821490126,2.0,8.1,344.7156982421875,1.6957592964172363,3.200000047683716,5.562760829925537,1,1.6586675643920898,0.30000000000000004,7.5
13,1,0.0,1.6,6.0,1.382574821490126,2.0,8.1,345.2156982421875,1.6918760538101196,3.200000047683716,5.577730655670166,1,1.6547843217849731,0.30000000000000004,7.5
13,1,0.0,1.6,6.0,1.382574821490126,2.0,8.1,345.7156982421875,1.6881364583969116,3.200000047683716,5.592632293701172,1,1.6510447263717651,0.30000000000000004,7.5
13,1,0.0,1.6,6.0,1.382574821490126,2.0,8.1,346.2156982421875,1.6845388412475586,3.200000047683716,5.607467174530029,1,1.647447109222412,0.30000000000000004,7.5
13,1,0.0,1.6,6.0,1.382574821490126,2.0,8.1,346.7156982421875,1.681081771850586,3.200000047683716,5.622239112854004,1,1.6439900398254395,0.30000000000000004,7.5
13,1,0.0,1.6,6.0,1.382574821490126,2.0,8.1,347.2156982421875,1.6777639389038086,3.200000047683716,5.6369500160217285,1,1.640672206878662,0.30000000000000004,7.5
13,1,0.0,1.6,6.0,1.382574821490126,2.0,8.1,347.7156982421875,1.674583911895752,3.200000047683716,5.651602745056152,1,1.6374921798706055,0.30000000000000004,7.5
13,1,0.0,1.6,6.0,1.382574821490126,2.0,8.1,348.2156982421875,1.671540379524231,3.200000047683716,5.666200160980225,1,1.6344486474990845,0.30000000000000004,7.5
13,1,0.0,1.6,6.0,1.382574821490126,2.0,8.1,348.7156982421875,0.0,,,0,1.6315404176712036,0.30000000000000004,7.5
13,1,0.0,1.6,6.0,1.382574821490126,2.0,8.1,349.2156982421875,1.6658580303192139,3.200000047683716,5.69523811340332,1,1.6287662982940674,0.30000000000000004,7.5
13,1,0.0,1.6,6.0,1.382574821490126,2.0,8.1,349.7156982421875,1.6632170677185059,3.200000047683716,5.709683895111084,1,1.6261253356933594,0.30000000000000004,7.5
13,1,0.0,1.6,6.0,1.382574821490126,2.0,8.1,350.2156982421875,1.6607080698013306,3.200000047683716,5.724083423614502,1,1.623616337776184,0.30000000000000004,7.5
13,1,0.0,1.6,6.0,1.382574821490126,2.0,8.1,350.7156982421875,1.658329963684082,3.200000047683716,5.738440036773682,1,1.6212382316589355,0.30000000000000004,7.5
13,1,0.0,1.6,6.0,1.382574821490126,2.0,8.1,351.2156982421875,1.656082034111023,3.200000047683716,5.752756118774414,1,1.6189903020858765,0.30000000000000004,7.5
13,1,0.0,1.6,6.0,1.382574821490126,2.0,8.1,351.7156982421875,1.653963327407837,3.200000047683716,5.767033100128174,1,1.6168715953826904,0.30000000000000004,7.5
13,1,0.0,1.6,6.0,1.382574821490126,2.0,8.1,352.2156982421875,1.6519728899002075,3.200000047683716,5.78127384185791,1,1.614881157875061,0.30000000000000004,7.5
13,1,0.0,1.6,6.0,1.382574821490126,2.0,8.1,352.7156982421875,1.6501100063323975,3.200000047683716,5.795480728149414,1,1.613018274307251,0.30000000000000004,7.5
13,1,0.0,1.6,6.0,1.382574821490126,2.0,8.1,353.2156982421875,1.648374080657959,3.200000047683716,5.809656143188477,1,1.6112823486328125,0.30000000000000004,7.5
13,1,0.0,1.6,6.0,1.382574821490126,2.0,8.1,353.7156982421875,0.0,,,0,1.6096725463867188,0.30000000000000004,7.5
13,1,0.0,1.6,6.0,1.382574821490126,2.0,8.1,354.2156982421875,1.6452800035476685,3.200000047683716,5.837921142578125,1,1.608188271522522,0.30000000000000004,7.5
13,1,0.0,1.6,6.0,1.382574821490126,2.0,8.1,354.7156982421875,1.6439207792282104,3.200000047683716,5.852014541625977,1,1.606829047203064,0.30000000000000004,7.5
13,1,0.0,1.6,6.0,1.382574821490126,2.0,8.1,355.2156982421875,1.6426860094070435,3.200000047683716,5.866086006164551,1,1.605594277381897,0.30000000000000004,7.5
13,1,0.0,1.6,6.0,1.382574821490126,2.0,8.1,355.7156982421875,1.6415752172470093,3.200000047683716,5.880136489868164,1,1.6044834852218628,0.30000000000000004,7.5
13,1,0.0,1.6,6.0,1.382574821490126,2.0,8.1,356.2156982421875,1.6405880451202393,3.200000047683716,5.894168376922607,1,1.6034963130950928,0.30000000000000004,7.5
13,1,0.0,1.6,6.0,1.382574821490126,2.0,8.1,356.7156982421875,1.6397240161895752,3.200000047683716,5.90818452835083,1,1.6026322841644287,0.30000000000000004,7.5
13,1,0.0,1.6,6.0,1.382574821490126,2.0,8.1,357.2156982421875,1.6389827728271484,3.200000047683716,5.922186374664307,1,1.601891040802002,0.30000000000000004,7.5
13,1,0.0,1.6,6.0,1.382574821490126,2.0,8.1,357.7156982421875,1.6383641958236694,3.200000047683716,5.936176776885986,1,1.601272463798523,0.30000000000000004,7.5
13,1,0.0,1.6,6.0,1.382574821490126,2.0,8.1,358.2156982421875,1.6378679275512695,3.200000047683716,5.9501566886901855,1,1.600776195526123,0.30000000000000004,7.5
13,1,0.0,1.6,6.0,1.382574821490126,2.0,8.1,358.7156982421875,1.6374937295913696,3.200000047683716,5.964129447937012,1,1.6004019975662231,0.30000000000000004,7.5
13,1,0.0,1.6,6.0,1.382574821490126,2.0,8.1,359.2156982421875,1.6372416019439697,3.200000047683716,5.978096961975098,1,1.6001498699188232,0.30000000000000004,7.5
13,1,0.0,1.6,6.0,1.382574821490126,2.0,8.1,359.7156982421875,0.0,,,0,1.6000196933746338,0.30000000000000004,7.5
13,1,0.0,1.6,6.0,1.382574821490126,2.0,8.1,0.2157021313905716,1.6371030807495117,3.200000047683716,6.006023406982422,1,1.6000113487243652,0.30000000000000004,7.5
13,1,0.0,1.6,6.0,1.382574821490126,2.0,8.1,0.7157021164894104,1.637216567993164,3.200000047683716,6.019987106323242,1,1.6001248359680176,0.30000000000000004,7.5
13,1,0.0,1.6,6.0,1.382574821490126,2.0,8.1,1.2157021760940552,1.6374520063400269,3.200000047683716,6.033953666687012,1,1.6003602743148804,0.30000000000000004,7.5
13,1,0.0,1.6,6.0,1.382574821490126,2.0,8.1,1.7157021760940552,1.6378093957901,3.200000047683716,6.04792594909668,1,1.6007176637649536,0.30000000000000004,7.5
13,1,0.0,1.6,6.0,1.382574821490126,2.0,8.1,2.2157020568847656,1.6382888555526733,3.200000047683716,6.0619049072265625,1,1.6011971235275269,0.30000000000000004,7.5
13,1,0.0,1.6,6.0,1.382574821490126,2.0,8.1,2.7157020568847656,1.6388906240463257,3.200000047683716,6.075893402099609,1,1.6017988920211792,0.30000000000000004,7.5
13,1,0.0,1.6,6.0,1.382574821490126,2.0,8.1,3.2157020568847656,1.6396150588989258,3.200000047683716,6.089893817901611,1,1.6025233268737793,0.30000000000000004,7.5
13,1,0.0,1.6,6.0,1.382574821490126,2.0,8.1,3.7157020568847656,1.6404621601104736,3.200000047683716,6.103907585144043,1,1.6033704280853271,0.30000000000000004,7.5
13,1,0.0,1.6,6.0,1.382574821490126,2.0,8.1,4.215702056884766,1.641432523727417,3.200000047683716,6.1179375648498535,1,1.6043407917022705,0.30000000000000004,7.5
13,1,0.0,1.6,6.0,1.382574821490126,2.0,8.1,4.715702056884766,1.6425262689590454,3.200000047683716,6.131985187530518,1,1.605434536933899,0.30000000000000004,7.5
13,1,0.0,1.6,6.0,1.382574821490126,2.0,8.1,5.215702056884766,1.6437439918518066,3.200000047683716,6.146053314208984,1,1.6066522598266602,0.30000000000000004,7.5
13,1,0.0,1.6,6.0,1.382574821490126,2.0,8.1,5.715702056884766,1.6450861692428589,3.200000047683716,6.160144329071045,1,1.6079944372177124,0.30000000000000004,7.5
13,1,0.0,1.6,6.0,1.382574821490126,2.0,8.1,6.215702056884766,1.6465532779693604,3.200000047683716,6.174259185791016,1,1.6094615459442139,0.30000000000000004,7.5
13,1,0.0,1.6,6.0,1.382574821490126,2.0,8.1,6.715702056884766,1.6481457948684692,3.200000047683716,6.188401222229004,1,1.6110540628433228,0.30000000000000004,7.5
13,1,0.0,1.6,6.0,1.382574821490126,2.0,8.1,7.215702056884766,1.6498644351959229,3.200000047683716,6.202572345733643,1,1.6127727031707764,0.30000000000000004,7.5
13,1,0.0,1.6,6.0,1.382574821490126,2.0,8.1,7.715702056884766,1.651709794998169,3.200000047683716,6.216774940490723,1,1.6146180629730225,0.30000000000000004,7.5
13,1,0.0,1.6,6.0,1.382574821490126,2.0,8.1,8.215702056884766,1.6536825895309448,3.200000047683716,6.231010913848877,1,1.6165908575057983,0.30000000000000004,7.5
13,1,0.0,1.6,6.0,1.382574821490126,2.0,8.1,8.715702056884766,1.655783772468567,3.200000047683716,6.245283126831055,1,1.6186920404434204,0.30000000000000004,7.5
13,1,0.0,1.6,6.0,1.382574821490126,2.0,8.1,9.215702056884766,1.658013939857483,3.200000047683716,6.259593486785889,1,1.6209222078323364,0.30000000000000004,7.5
13,1,0.0,1.6,6.0,1.382574821490126,2.0,8.1,9.715702056884766,1.6603740453720093,3.200000047683716,6.27394437789917,1,1.6232823133468628,0.30000000000000004,7.5
13,1,0.0,1.6,6.0,1.382574821490126,2.0,8.1,10.215702056884766,1.6628650426864624,3.200000047683716,6.2883381843566895,1,1.625773310661316,0.30000000000000004,7.5
13,1,0.0,1.6,6.0,1.382574821490126,2.0,8.1,10.715702056884766,1.6654878854751587,3.200000047683716,6.302777290344238,1,1.6283961534500122,0.30000000000000004,7.5
13,1,0.0,1.6,6.0,1.382574821490126,2.0,8.1,11.215702056884766,0.0,,,0,1.6311519145965576,0.30000000000000004,7.5
13,1,0.0,1.6,6.0,1.382574821490126,2.0,8.1,11.715702056884766,1.6711333990097046,3.200000047683716,6.331801414489746,1,1.634041666984558,0.30000000000000004,7.5
13,1,0.0,1.6,6.0,1.382574821490126,2.0,8.1,12.215702056884766,1.6741583347320557,3.200000047683716,6.346391201019287,1,1.6370666027069092,0.30000000000000004,7.5
13,1,0.0,1.6,6.0,1.382574821490126,2.0,8.1,12.715702056884766,1.6773195266723633,3.200000047683716,6.36103630065918,1,1.6402277946472168,0.30000000000000004,7.5
13,1,0.0,1.6,6.0,1.382574821490126,2.0,8.1,13.215702056884766,1.680618405342102,3.200000047683716,6.375739097595215,1,1.6435266733169556,0.30000000000000004,7.5
13,1,0.0,1.6,6.0,1.382574821490126,2.0,8.1,13.715702056884766,1.684056282043457,3.200000047683716,6.390502452850342,1,1.6469645500183105,0.30000000000000004,7.5
13,1,0.0,1.6,6.0,1.382574821490126,2.0,8.1,14.215702056884766,1.6876344680786133,3.200000047683716,6.405328750610352,1,1.6505427360534668,0.30000000000000004,7.5
13,1,0.0,1.6,6.0,1.382574821490126,2.0,8.1,14.715702056884766,1.6913546323776245,3.200000047683716,6.420220851898193,1,1.654262900352478,0.30000000000000004,7.5
13,1,0.0,1.6,6.0,1.382574821490126,2.0,8.1,15.215702056884766,1.6952179670333862,3.200000047683716,6.435181140899658,1,1.6581262350082397,0.30000000000000004,7.5
13,1,0.0,1.6,6.0,1.382574821490126,2.0,8.1,15.715702056884766,1.6992263793945312,3.200000047683716,6.4502129554748535,1,1.6621346473693848,0.30000000000000004,7.5
13,1,0.0,1.6,6.0,1.382574821490126,2.0,8.1,16.215702056884766,1.7033814191818237,3.200000047683716,6.46531867980957,1,1.6662896871566772,0.30000000000000004,7.5
13,1,0.0,1.6,6.0,1.382574821490126,2.0,8.1,16.715702056884766,1.7076847553253174,3.200000047683716,6.480501174926758,1,1.670593023300171,0.30000000000000004,7.5
13,1,0.0,1.6,6.0,1.382574821490126,2.0,8.1,17.215702056884766,1.7121384143829346,3.200000047683716,6.495763301849365,1,1.675046682357788,0.30000000000000004,7.5
13,1,0.0,1.6,6.0,1.382574821490126,2.0,8.1,17.715702056884766,1.7167439460754395,3.200000047683716,6.5111083984375,1,1.679652214050293,0.30000000000000004,7.5
13,1,0.0,1.6,6.0,1.382574821490126,2.0,8.1,18.215702056884766,1.7215036153793335,3.200000047683716,6.526539325714111,1,1.684411883354187,0.30000000000000004,7.5
13,1,0.0,1.6,6.0,1.382574821490126,2.0,8.1,18.715702056884766,1.7264193296432495,3.200000047683716,6.542058944702148,1,1.689327597618103,0.30000000000000004,7.5
13,1,0.0,1.6,6.0,1.382574821490126,2.0,8.1,19.215702056884766,1.7314932346343994,3.200000047683716,6.557670593261719,1,1.694401502609253,0.30000000000000004,7.5
13,1,0.0,1.6,6.0,1.382574821490126,2.0,8.1,19.715702056884766,0.0,,,0,1.6996358633041382,0.30000000000000004,7.5
13,1,0.0,1.6,6.0,1.382574821490126,2.0,8.1,20.215702056884766,1.7421245574951172,3.200000047683716,6.589183330535889,1,1.7050328254699707,0.30000000000000004,7.5
13,1,0.0,1.6,6.0,1.382574821490126,2.0,8.1,20.715702056884766,1.7476866245269775,3.200000047683716,6.605090618133545,1,1.710594892501831,0.30000000000000004,7.5
13,1,0.0,1.6,6.0,1.382574821490126,2.0,8.1,21.215702056884766,1.7534161806106567,3.200000047683716,6.621103763580322,1,1.7163244485855103,0.30000000000000004,7.5
13,1,0.0,1.6,6.0,1.382574821490126,2.0,8.1,21.715702056884766,1.759315848350525,3.200000047683716,6.637225151062012,1,1.7222241163253784,0.30000000000000004,7.5
13,1,0.0,1.6,6.0,1.382574821490126,2.0,8.1,22.215702056884766,1.7653883695602417,3.200000047683716,6.653459548950195,1,1.7282966375350952,0.30000000000000004,7.5
13,1,0.0,1.6,6.0,1.382574821490126,2.0,8.1,22.715702056884766,1.7716363668441772,3.200000047683716,6.669809818267822,1,1.7345446348190308,0.30000000000000004,7.5
13,1,0.0,1.6,6.0,1.382574821490126,2.0,8.1,23.215702056884766,1.7780628204345703,3.200000047683716,6.686279773712158,1,1.7409710884094238,0.30000000000000004,7.5
13,1,0.0,1.6,6.0,1.382574821490126,2.0,8.1,23.715702056884766,1.7846705913543701,3.200000047683716,6.702873706817627,1,1.7475788593292236,0.30000000000000004,7.5
13,1,0.0,1.6,6.0,1.382574821490126,2.0,8.1,24.215702056884766,1.791462779045105,3.200000047683716,6.719595432281494,1,1.7543710470199585,0.30000000000000004,7.5
13,1,0.0,1.6,6.0,1.382574821490126,2.0,8.1,24.715702056884766,1.7984427213668823,3.200000047683716,6.736449241638184,1,1.7613509893417358,0.30000000000000004,7.5
13,1,0.0,1.6,6.0,1.382574821490126,2.0,8.1,25.215702056884766,1.80561363697052,3.200000047683716,6.753438472747803,1,1.7685219049453735,0.30000000000000004,7.5
13,1,0.0,1.6,6.0,1.382574821490126,2.0,8.1,25.715702056884766,1.8129788637161255,3.200000047683716,6.770567893981934,1,1.775887131690979,0.30000000000000004,7.5
13,1,0.0,1.6,6.0,1.382574821490126,2.0,8.1,26.215702056884766,1.8205422163009644,3.200000047683716,6.787842273712158,1,1.7834504842758179,0.30000000000000004,7.5
13,1,0.0,1.6,6.0,1.382574821490126,2.0,8.1,26.715702056884766,1.8283071517944336,3.200000047683716,6.805265426635742,1,1.791215419769287,0.30000000000000004,7.5
13,1,0.0,1.6,6.0,1.382574821490126,2.0,8.1,27.215702056884766,1.836277723312378,3.200000047683716,6.822842597961426,1,1.7991859912872314,0.30000000000000004,7.5
13,1,0.0,1.6,6.0,1.382574821490126,2.0,8.1,27.715702056884766,1.844457745552063,3.200000047683716,6.840578079223633,1,1.8073660135269165,0.30000000000000004,7.5
13,1,0.0,1.6,6.0,1.382574821490126,2.0,8.1,28.215702056884766,1.852851390838623,3.200000047683716,6.8584771156311035,1,1.8157596588134766,0.30000000000000004,7.5
13,1,0.0,1.6,6.0,1.382574821490126,2.0,8.1,28.715702056884766,1.8614628314971924,3.200000047683716,6.87654447555542,1,1.824371099472046,0.30000000000000004,7.5
13,1,0.0,1.6,6.0,1.382574821490126,2.0,8.1,29.215702056884766,1.870296835899353,3.200000047683716,6.894785404205322,1,1.8332051038742065,0.30000000000000004,7.5
13,1,0.0,1.6,6.0,1.382574821490126,2.0,8.1,29.715702056884766,1.8793575763702393,3.200000047683716,6.913205146789551,1,1.8422658443450928,0.30000000000000004,7.5
13,1,0.0,1.6,6.0,1.382574821490126,2.0,8.1,30.215702056884766,1.8886501789093018,3.200000047683716,6.931809425354004,1,1.8515584468841553,0.30000000000000004,7.5
13,1,0.0,1.6,6.0,1.382574821490126,2.0,8.1,30.715702056884766,1.8981794118881226,3.200000047683716,6.950603485107422,1,1.861087679862976,0.30000000000000004,7.5
13,1,0.0,1.6,6.0,1.382574821490126,2.0,8.1,31.215702056884766,1.9079504013061523,3.200000047683716,6.9695940017700195,1,1.8708586692810059,0.30000000000000004,7.5
13,1,0.0,1.6,6.0,1.382574821490126,2.0,8.1,31.715702056884766,1.9179686307907104,3.200000047683716,6.988786220550537,1,1.880876898765564,0.30000000000000004,7.5
13,1,0.0,1.6,6.0,1.382574821490126,2.0,8.1,32.215702056884766,1.9282394647598267,3.200000047683716,7.008186340332031,1,1.8911477327346802,0.30000000000000004,7.5
13,1,0.0,1.6,6.0,1.382574821490126,2.0,8.1,32.715702056884766,1.9387686252593994,3.200000047683716,7.027801036834717,1,1.901676893234253,0.30000000000000004,7.5
13,1,0.0,1.6,6.0,1.382574821490126,2.0,8.1,33.215702056884766,1.9495621919631958,3.200000047683716,7.047636985778809,1,1.9124704599380493,0.30000000000000004,7.5
13,1,0.0,1.6,6.0,1.382574821490126,2.0,8.1,33.715702056884766,1.9606263637542725,3.200000047683716,7.0677008628845215,1,1.923534631729126,0.30000000000000004,7.5
13,1,0.0,1.6,6.0,1.382574821490126,2.0,8.1,34.215702056884766,1.9719674587249756,3.200000047683716,7.0879998207092285,1,1.934875726699829,0.30000000000000004,7.5
13,1,0.0,1.6,6.0,1.382574821490126,2.0,8.1,34.715702056884766,1.98359215259552,3.200000047683716,7.108541488647461,1,1.9465004205703735,0.30000000000000004,7.5
13,1,0.0,1.6,6.0,1.382574821490126,2.0,8.1,35.215702056884766,1.9955074787139893,3.200000047683716,7.129332542419434,1,1.9584157466888428,0.30000000000000004,7.5
13,1,0.0,1.6,6.0,1.382574821490126,2.0,8.1,35.715702056884766,2.007720470428467,3.200000047683716,7.150381565093994,1,1.9706288576126099,0.30000000000000004,7.5
13,1,0.0,1.6,6.0,1.382574821490126,2.0,8.1,36.215702056884766,2.0202388763427734,3.200000047683716,7.171696662902832,1,1.983147144317627,0.30000000000000004,7.5
13,1,0.0,1.6,6.0,1.382574821490126,2.0,8.1,36.715702056884766,2.0330700874328613,3.200000047683716,7.1932854652404785,1,1.9959784746170044,0.30000000000000004,7.5
13,1,0.0,1.6,6.0,1.382574821490126,2.0,8.1,37.215702056884766,2.046222686767578,3.200000047683716,7.215157508850098,1,2.0091309547424316,0.30000000000000004,7.5
13,1,0.0,1.6,6.0,1.382574821490126,2.0,8.1,37.715702056884766,2.0597047805786133,3.200000047683716,7.237320899963379,1,2.022613048553467,0.30000000000000004,7.5
13,1,0.0,1.6,6.0,1.382574821490126,2.0,8.1,38.215702056884766,2.0735251903533936,3.200000047683716,7.259786128997803,1,2.036433458328247,0.30000000000000004,7.5
13,1,0.0,1.6,6.0,1.382574821490126,2.0,8.1,38.715702056884766,2.0876927375793457,3.200000047683716,7.282561779022217,1,2.050601005554199,0.30000000000000004,7.5
13,1,0.0,1.6,6.0,1.382574821490126,2.0,8.1,39.215702056884766,2.102217435836792,3.200000047683716,7.305658340454102,1,2.0651257038116455,0.30000000000000004,7.5
13,1,0.0,1.6,6.0,1.382574821490126,2.0,8.1,39.715702056884766,2.1171088218688965,3.200000047683716,7.3290863037109375,1,2.08001708984375,0.30000000000000004,7.5
13,1,0.0,1.6,6.0,1.382574821490126,2.0,8.1,40.215702056884766,0.0,,,0,2.095285415649414,0.30000000000000004,7.5
13,1,0.0,1.6,6.0,1.382574821490126,2.0,8.1,40.715702056884766,2.148033380508423,3.200000047683716,7.376980304718018,1,2.1109416484832764,0.30000000000000004,7.5
13,1,0.0,1.6,6.0,1.382574821490126,2.0,8.1,41.215702056884766,2.164088487625122,3.200000047683716,7.401468753814697,1,2.1269967555999756,0.30000000000000004,7.5
13,1,0.0,1.6,6.0,1.382574821490126,2.0,8.1,41.715702056884766,2.180554151535034,3.200000047683716,7.426334857940674,1,2.1434624195098877,0.30000000000000004,7.5
13,1,0.0,1.6,6.0,1.382574821490126,2.0,8.1,42.215702056884766,2.1974425315856934,3.200000047683716,7.451590538024902,1,2.160350799560547,0.30000000000000004,7.5
13,1,0.0,1.6,6.0,1.382574821490126,2.0,8.1,42.715702056884766,2.214766263961792,3.200000047683716,7.477249622344971,1,2.1776745319366455,0.30000000000000004,7.5
13,1,0.0,1.6,6.0,1.382574821490126,2.0,8.1,43.215702056884766,2.2325387001037598,3.200000047683716,7.503325462341309,1,2.1954469680786133,0.30000000000000004,7.5
13,1,0.0,1.6,6.0,1.382574821490126,2.0,8.1,43.715702056884766,2.2507734298706055,3.200000047683716,7.529832363128662,1,2.213681697845459,0.30000000000000004,7.5
13,1,0.0,1.6,6.0,1.382574821490126,2.0,8.1,44.215702056884766,2.2694852352142334,3.200000047683716,7.556785583496094,1,2.232393503189087,0.30000000000000004,7.5
13,1,0.0,1.6,6.0,1.382574821490126,2.0,8.1,44.715702056884766,2.288688898086548,3.200000047683716,7.584199905395508,1,2.2515971660614014,0.30000000000000004,7.5
13,1,0.0,1.6,6.0,1.382574821490126,2.0,8.1,45.215702056884766,2.3084003925323486,3.200000047683716,7.6120924949646,1,2.271308660507202,0.30000000000000004,7.5
13,1,0.0,1.6,6.0,1.382574821490126,2.0,8.1,45.715702056884766,2.3286359310150146,3.200000047683716,7.640480041503906,1,2.291544198989868,0.30000000000000004,7.5
13,1,0.0,1.6,6.0,1.382574821490126,2.0,8.1,46.215702056884766,2.3494131565093994,3.200000047683716,7.669380187988281,1,2.312321424484253,0.30000000000000004,7.5
13,1,0.0,1.6,6.0,1.382574821490126,2.0,8.1,46.715702056884766,2.3707497119903564,3.200000047683716,7.698811054229736,1,2.33365797996521,0.30000000000000004,7.5
13,1,0.0,1.6,6.0,1.382574821490126,2.0,8.1,47.215702056884766,2.392664909362793,3.200000047683716,7.728793144226074,1,2.3555731773376465,0.30000000000000004,7.5
13,1,0.0,1.6,6.0,1.382574821490126,2.0,8.1,47.715702056884766,0.0,,,0,2.378086566925049,0.30000000000000004,7.5
13,1,0.0,1.6,6.0,1.382574821490126,2.0,8.1,48.215702056884766,2.4383111000061035,3.200000047683716,7.790489673614502,1,2.401219367980957,0.30000000000000004,7.5
13,1,0.0,1.6,6.0,1.382574821490126,2.0,8.1,48.715702056884766,2.4620845317840576,3.200000047683716,7.822248935699463,1,2.424992799758911,0.30000000000000004,7.5
13,1,0.0,1.6,6.0,1.382574821490126,2.0,8.1,49.215702056884766,2.4865219593048096,3.200000047683716,7.854645252227783,1,2.449430227279663,0.30000000000000004,7.5
13,1,0.0,1.6,6.0,1.382574821490126,2.0,8.1,49.715702056884766,2.5116472244262695,3.200000047683716,7.887703895568848,1,2.474555492401123,0.30000000000000004,7.5
13,1,0.0,1.6,6.0,1.382574821490126,2.0,8.1,50.215702056884766,2.5374858379364014,3.200000047683716,7.921450138092041,1,2.500394105911255,0.30000000000000004,7.5
13,1,0.0,1.6,6.0,1.382574821490126,2.0,8.1,50.715702056884766,2.5640640258789062,3.200000047683716,7.955911159515381,1,2.5269722938537598,0.30000000000000004,7.5
13,1,0.0,1.6,6.0,1.382574821490126,2.0,8.1,51.215702056884766,2.5914101600646973,3.200000047683716,7.991116046905518,1,2.554318428039551,0.30000000000000004,7.5
13,1,0.0,1.6,6.0,1.382574821490126,2.0,8.1,51.715702056884766,2.6195530891418457,3.200000047683716,8.027092933654785,1,2.582461357116699,0.30000000000000004,7.5
13,1,0.0,1.6,6.0,1.382574821490126,2.0,8.1,52.215702056884766,2.648524522781372,3.200000047683716,8.063875198364258,1,2.6114327907562256,0.30000000000000004,7.5
13,1,0.0,1.6,6.0,1.382574821490126,2.0,8.1,52.715702056884766,2.678356647491455,3.200000047683716,8.101494789123535,1,2.6412649154663086,0.30000000000000004,7.5
13,1,0.0,1.6,6.0,1.382574821490126,2.0,8.1,53.215702056884766,2.7090840339660645,3.200000047683716,8.139986991882324,1,2.671992301940918,0.30000000000000004,7.5
13,1,0.0,1.6,6.0,1.382574821490126,2.0,8.1,53.715702056884766,2.7407431602478027,3.200000047683716,8.179388046264648,1,2.7036514282226562,0.30000000000000004,7.5
13,1,0.0,1.6,6.0,1.382574821490126,2.0,8.1,54.215702056884766,2.773372173309326,3.200000047683716,8.21973705291748,1,2.7362804412841797,0.30000000000000004,7.5
13,1,0.0,1.6,6.0,1.382574821490126,2.0,8.1,54.715702056884766,2.8070120811462402,3.200000047683716,8.261075019836426,1,2.7699203491210938,0.30000000000000004,7.5
13,1,0.0,1.6,6.0,1.382574821490126,2.0,8.1,55.215702056884766,2.841705560684204,3.200000047683716,8.303444862365723,1,2.8046138286590576,0.30000000000000004,7.5
13,1,0.0,1.6,6.0,1.382574821490126,2.0,8.1,55.715702056884766,2.8774983882904053,3.200000047683716,8.346893310546875,1,2.840406656265259,0.30000000000000004,7.5
13,1,0.0,1.6,6.0,1.382574821490126,2.0,8.1,56.215702056884766,2.914438486099243,3.200000047683716,8.39146900177002,1,2.8773467540740967,0.30000000000000004,7.5
13,1,0.0,1.6,6.0,1.382574821490126,2.0,8.1,56.715702056884766,2.9525768756866455,3.200000047683716,8.437222480773926,1,2.915485143661499,0.30000000000000004,7.5
13,1,0.0,1.6,6.0,1.382574821490126,2.0,8.1,57.215702056884766,2.9919679164886475,3.200000047683716,8.484209060668945,1,2.954876184463501,0.30000000000000004,7.5
13,1,0.0,1.6,6.0,1.382574821490126,2.0,8.1,57.715702056884766,3.0326693058013916,3.200000047683716,8.532485961914062,1,2.995577573776245,0.30000000000000004,7.5
13,1,0.0,1.6,6.0,1.382574821490126,2.0,8.1,58.215702056884766,3.074742317199707,3.200000047683716,8.582115173339844,1,3.0376505851745605,0.30000000000000004,7.5
13,1,0.0,1.6,6.0,1.382574821490126,2.0,8.1,58.715702056884766,3.1182518005371094,3.200000047683716,8.633163452148438,1,3.081160068511963,0.30000000000000004,7.5
13,1,0.0,1.6,6.0,1.382574821490126,2.0,8.1,59.215702056884766,3.1632673740386963,3.200000047683716,8.685698509216309,1,3.12617564201355,0.30000000000000004,7.5
13,1,0.0,1.6,6.0,1.382574821490126,2.0,8.1,59.715702056884766,3.2098631858825684,3.200000047683716,8.739795684814453,1,3.172771453857422,0.30000000000000004,7.5
13,1,0.0,1.6,6.0,1.382574821490126,2.0,8.1,60.215702056884766,3.25811767578125,3.200000047683716,8.795534133911133,1,3.2210259437561035,0.30000000000000004,7.5
13,1,0.0,1.6,6.0,1.382574821490126,2.0,8.1,60.715702056884766,3.3081159591674805,3.200000047683716,8.852997779846191,1,3.271024227142334,0.30000000000000004,7.5
13,1,0.0,1.6,6.0,1.382574821490126,2.0,8.1,61.215702056884766,3.359947681427002,3.200000047683716,8.91227912902832,1,3.3228559494018555,0.30000000000000004,7.5
13,1,0.0,1.6,6.0,1.382574821490126,2.0,8.1,61.715702056884766,3.413709878921509,3.200000047683716,8.973474502563477,1,3.3766181468963623,0.30000000000000004,7.5
13,1,0.0,1.6,6.0,1.382574821490126,2.0,8.1,62.215702056884766,3.469506025314331,3.200000047683716,9.036686897277832,1,3.4324142932891846,0.30000000000000004,7.5
13,1,0.0,1.6,6.0,1.382574821490126,2.0,8.1,62.715702056884766,3.527447462081909,3.200000047683716,9.102028846740723,1,3.4903557300567627,0.30000000000000004,7.5
13,1,0.0,1.6,6.0,1.382574821490126,2.0,8.1,63.215702056884766,3.587653636932373,3.200000047683716,9.1696195602417,1,3.5505619049072266,0.30000000000000004,7.5
13,1,0.0,1.6,6.0,1.382574821490126,2.0,8.1,63.715702056884766,3.6502532958984375,3.200000047683716,9.239588737487793,1,3.613161563873291,0.30000000000000004,7.5
13,1,0.0,1.6,6.0,1.382574821490126,2.0,8.1,64.21570587158203,3.7153849601745605,3.200000047683716,9.312074661254883,1,3.678293228149414,0.30000000000000004,7.5
13,1,0.0,1.6,6.0,1.382574821490126,2.0,8.1,64.71570587158203,3.783198595046997,3.200000047683716,9.387228012084961,1,3.7461068630218506,0.30000000000000004,7.5
13,1,0.0,1.6,6.0,1.382574821490126,2.0,8.1,65.21570587158203,0.0,,,0,3.8167638778686523,0.30000000000000004,7.5
13,1,0.0,1.6,6.0,1.382574821490126,2.0,8.1,65.71570587158203,3.9275314807891846,3.200000047683716,9.546197891235352,1,3.890439748764038,0.30000000000000004,7.5
13,1,0.0,1.6,6.0,1.382574821490126,2.0,8.1,66.21570587158203,4.004415512084961,3.200000047683716,9.630379676818848,1,3.9673237800598145,0.30000000000000004,7.5
13,1,0.0,1.6,6.0,1.382574821490126,2.0,8.1,66.71570587158203,4.084714412689209,3.200000047683716,9.717963218688965,1,4.0476226806640625,0.30000000000000004,7.5
13,1,0.0,1.6,6.0,1.382574821490126,2.0,8.1,67.21570587158203,4.168651580810547,3.200000047683716,9.809171676635742,1,4.1315598487854,0.30000000000000004,7.5
13,1,0.0,1.6,6.0,1.382574821490126,2.0,8.1,67.71570587158203,4.256472110748291,3.200000047683716,9.904250144958496,1,4.2193803787231445,0.30000000000000004,7.5
13,1,0.0,1.6,6.0,1.382574821490126,2.0,8.1,68.21570587158203,4.348442554473877,3.200000047683716,10.003466606140137,1,4.3113508224487305,0.30000000000000004,7.5
13,1,0.0,1.6,6.0,1.382574821490126,2.0,8.1,68.71570587158203,4.444855213165283,3.200000047683716,10.107112884521484,1,4.407763481140137,0.30000000000000004,7.5
13,1,0.0,1.6,6.0,1.382574821490126,2.0,8.1,69.21570587158203,4.546029567718506,3.200000047683716,10.215509414672852,1,4.508937835693359,0.30000000000000004,7.5
13,1,0.0,1.6,6.0,1.382574821490126,2.0,8.1,69.71570587158203,4.652317523956299,3.200000047683716,10.329008102416992,1,4.615225791931152,0.30000000000000004,7.5
13,1,0.0,1.6,6.0,1.382574821490126,2.0,8.1,70.21570587158203,4.764105796813965,3.200000047683716,10.44799518585205,1,4.727014064788818,0.30000000000000004,7.5
13,1,0.0,1.6,6.0,1.382574821490126,2.0,8.1,70.71570587158203,4.881822109222412,3.200000047683716,10.57289981842041,1,4.844730377197266,0.30000000000000004,7.5
13,1,0.0,1.6,6.0,1.382574821490126,2.0,8.1,71.21570587158203,5.005939483642578,3.200000047683716,10.704195022583008,1,4.968847751617432,0.30000000000000004,7.5
13,1,0.0,1.6,6.0,1.382574821490126,2.0,8.1,71.71570587158203,0.0,,,0,5.099890232086182,0.30000000000000004,7.5
13,1,0.0,1.6,6.0,1.382574821490126,2.0,8.1,72.21570587158203,5.275533199310303,3.200000047683716,10.988112449645996,1,5.238441467285156,0.30000000000000004,7.5
13,1,0.0,1.6,6.0,1.382574821490126,2.0,8.1,72.71570587158203,5.422244548797607,3.200000047683716,11.141971588134766,1,5.385152816772461,0.30000000000000004,7.5
13,1,0.0,1.6,6.0,1.382574821490126,2.0,8.1,73.21570587158203,5.577844619750977,3.200000047683716,11.304709434509277,1,5.54075288772583,0.30000000000000004,7.5
13,1,0.0,1.6,6.0,1.382574821490126,2.0,8.1,73.71570587158203,0.0,,,0,5.706059455871582,0.30000000000000004,7.5
13,1,0.0,1.6,6.0,1.382574821490126,2.0,8.1,74.21570587158203,5.919086933135986,3.200000047683716,11.660200119018555,1,5.88199520111084,0.30000000000000004,7.5
13,1,0.0,1.6,6.0,1.382574821490126,2.0,8.1,74.71570587158203,6.106694221496582,3.200000047683716,11.854918479919434,1,6.0696024894714355,0.30000000000000004,7.5
13,1,0.0,1.6,6.0,1.382574821490126,2.0,8.1,75.21570587158203,6.242533206939697,3.183509349822998,12.0,1,6.205441474914551,0.30000000000000004,7.5
13,1,0.0,1.6,6.0,1.382574821490126,2.0,8.1,75.71570587158203,0.0,,,0,6.191417694091797,0.30000000000000004,7.5
13,1,0.0,1.6,6.0,1.382574821490126,2.0,8.1,76.21570587158203,6.215018272399902,3.071997880935669,12.0,1,6.177926540374756,0.30000000000000004,7.5
13,1,0.0,1.6,6.0,1.382574821490126,2.0,8.1,76.71570587158203,6.202054500579834,3.016603708267212,12.0,1,6.1649627685546875,0.30000000000000004,7.5
13,1,0.0,1.6,6.0,1.382574821490126,2.0,8.1,77.21570587158203,6.18961238861084,2.961437463760376,12.0,1,6.152520656585693,0.30000000000000004,7.5
13,1,0.0,1.6,6.0,1.382574821490126,2.0,8.1,77.71570587158203,0.0,,,0,6.140595436096191,0.30000000000000004,7.5
13,1,0.0,1.6,6.0,1.382574821490126,2.0,8.1,78.21570587158203,6.166274070739746,2.8517494201660156,12.0,1,6.1291823387146,0.30000000000000004,7.5
13,1,0.0,1.6,6.0,1.382574821490126,2.0,8.1,78.71570587158203,6.155368328094482,2.797208309173584,12.0,1,6.118276596069336,0.30000000000000004,7.5
13,1,0.0,1.6,6.0,1.382574821490126,2.0,8.1,79.21570587158203,6.144965648651123,2.7428572177886963,12.0,1,6.107873916625977,0.30000000000000004,7.5
13,1,0.0,1.6,6.0,1.382574821490126,2.0,8.1,79.71570587158203,6.135061740875244,2.6886863708496094,12.0,1,6.097970008850098,0.30000000000000004,7.5
13,1,0.0,1.6,6.0,1.382574821490126,2.0,8.1,80.21570587158203,6.12565279006958,2.6346867084503174,12.0,1,6.088561058044434,0.30000000000000004,7.5
13,1,0.0,1.6,6.0,1.382574821490126,2.0,8.1,80.71570587158203,6.116735458374023,2.5808494091033936,12.0,1,6.079643726348877,0.30000000000000004,7.5
13,1,0.0,1.6,6.0,1.382574821490126,2.0,8.1,81.21570587158203,6.10830545425415,2.527165412902832,12.0,1,6.071213722229004,0.30000000000000004,7.5
13,1,0.0,1.6,6.0,1.382574821490126,2.0,8.1,81.71570587158203,6.100359916687012,2.473626136779785,12.0,1,6.063268184661865,0.30000000000000004,7.5
13,1,0.0,1.6,6.0,1.382574821490126,2.0,8.1,82.21570587158203,6.092895984649658,2.420222759246826,12.0,1,6.055804252624512,0.30000000000000004,7.5
13,1,0.0,1.6,6.0,1.382574821490126,2.0,8.1,82.71570587158203,6.085910320281982,2.3669464588165283,12.0,1,6.048818588256836,0.30000000000000004,7.5
13,1,0.0,1.6,6.0,1.382574821490126,2.0,8.1,83.21570587158203,6.079400539398193,2.313789129257202,12.0,1,6.042308807373047,0.30000000000000004,7.5
13,1,0.0,1.6,6.0,1.382574821490126,2.0,8.1,83.71570587158203,6.073363780975342,2.260741949081421,12.0,1,6.036272048950195,0.30000000000000004,7.5
13,1,0.0,1.6,6.0,1.382574821490126,2.0,8.1,84.21570587158203,6.067797660827637,2.207796573638916,12.0,1,6.03070592880249,0.30000000000000004,7.5
13,1,0.0,1.6,6.0,1.382574821490126,2.0,8.1,84.71570587158203,0.0,,,0,6.025609016418457,0.30000000000000004,7.5
13,1,0.0,1.6,6.0,1.382574821490126,2.0,8.1,85.21570587158203,6.058070182800293,2.1021780967712402,12.0,1,6.0209784507751465,0.30000000000000004,7.5
13,1,0.0,1.6,6.0,1.382574821490126,2.0,8.1,85.71570587158203,6.053905010223389,2.0494887828826904,12.0,1,6.016813278198242,0.30000000000000004,7.5
13,1,0.0,1.6,6.0,1.382574821490126,2.0,8.1,86.21570587158203,6.0502028465271,1.9968680143356323,12.0,1,6.013111114501953,0.30000000000000004,7.5
13,1,0.0,1.6,6.0,1.382574821490126,2.0,8.1,86.71570587158203,6.046962738037109,1.9443080425262451,12.0,1,6.009871006011963,0.30000000000000004,7.5
13,1,0.0,1.6,6.0,1.382574821490126,2.0,8.1,87.21570587158203,6.044183254241943,1.8918007612228394,12.0,1,6.007091522216797,0.30000000000000004,7.5
13,1,0.0,1.6,6.0,1.382574821490126,2.0,8.1,87.71570587158203,6.041863441467285,1.839337944984436,12.0,1,6.004771709442139,0.30000000000000004,7.5
13,1,0.0,1.6,6.0,1.382574821490126,2.0,8.1,88.21570587158203,6.040002346038818,1.7869116067886353,12.0,1,6.002910614013672,0.30000000000000004,7.5
13,1,0.0,1.6,6.0,1.382574821490126,2.0,8.1,88.71570587158203,6.038599491119385,1.7345138788223267,12.0,1,6.001507759094238,0.30000000000000004,7.5
13,1,0.0,1.6,6.0,1.382574821490126,2.0,8.1,89.21570587158203,6.037653923034668,1.6821366548538208,12.0,1,6.0005621910095215,0.30000000000000004,7.5
13,1,0.0,1.6,6.0,1.382574821490126,2.0,8.1,89.71570587158203,6.037165641784668,1.6297718286514282,12.0,1,6.0000739097595215,0.30000000000000004,7.5
13,1,0.0,1.6,6.0,1.382574821490126,2.0,8.1,90.21570587158203,6.037134170532227,1.5774116516113281,12.0,1,6.00004243850708,0.30000000000000004,7.5
13,1,0.0,1.6,6.0,1.382574821490126,2.0,8.1,90.71570587158203,6.037559986114502,1.5250478982925415,12.0,1,6.0004682540893555,0.30000000000000004,7.5
13,1,0.0,1.6,6.0,1.382574821490126,2.0,8.1,91.21570587158203,6.038442611694336,1.4726728200912476,12.0,1,6.0013508796691895,0.30000000000000004,7.5
13,1,0.0,1.6,6.0,1.382574821490126,2.0,8.1,91.71570587158203,6.039783000946045,1.4202784299850464,12.0,1,6.002691268920898,0.30000000000000004,7.5
13,1,0.0,1.6,6.0,1.382574821490126,2.0,8.1,92.21570587158203,6.041581153869629,1.367856502532959,12.0,1,6.004489421844482,0.30000000000000004,7.5
13,1,0.0,1.6,6.0,1.382574821490126,2.0,8.1,92.71570587158203,6.043837547302246,1.315399169921875,12.0,1,6.0067458152771,0.30000000000000004,7.5
13,1,0.0,1.6,6.0,1.382574821490126,2.0,8.1,93.21570587158203,6.046554088592529,1.2628984451293945,12.0,1,6.009462356567383,0.30000000000000004,7.5
13,1,0.0,1.6,6.0,1.382574821490126,2.0,8.1,93.71570587158203,6.0497307777404785,1.2103462219238281,12.0,1,6.012639045715332,0.30000000000000004,7.5
13,1,0.0,1.6,6.0,1.382574821490126,2.0,8.1,94.21570587158203,6.053369522094727,1.1577342748641968,12.0,1,6.01627779006958,0.30000000000000004,7.5
13,1,0.0,1.6,6.0,1.382574821490126,2.0,8.1,94.71570587158203,6.05747127532959,1.1050547361373901,12.0,1,6.020379543304443,0.30000000000000004,7.5
13,1,0.0,1.6,6.0,1.382574821490126,2.0,8.1,95.21570587158203,6.062037944793701,1.0522992610931396,12.0,1,6.024946212768555,0.30000000000000004,7.5
13,1,0.0,1.6,6.0,1.382574821490126,2.0,8.1,95.71570587158203,6.067070960998535,0.9994596242904663,12.0,1,6.029979228973389,0.30000000000000004,7.5
13,1,0.0,1.6,6.0,1.382574821490126,2.0,8.1,96.21570587158203,6.072572231292725,0.9465276598930359,12.0,1,6.035480499267578,0.30000000000000004,7.5
13,1,0.0,1.6,6.0,1.382574821490126,2.0,8.1,96.71570587158203,6.0785441398620605,0.8934949040412903,12.0,1,6.041452407836914,0.30000000000000004,7.5
13,1,0.0,1.6,6.0,1.382574821490126,2.0,8.1,97.21570587158203,6.084989070892334,0.8403531312942505,12.0,1,6.0478973388671875,0.30000000000000004,7.5
13,1,0.0,1.6,6.0,1.382574821490126,2.0,8.1,97.71570587158203,6.091909408569336,0.7870936989784241,12.0,1,6.0548176765441895,0.30000000000000004,7.5
13,1,0.0,1.6,6.0,1.382574821490126,2.0,8.1,98.21570587158203,6.099307537078857,0.7337082624435425,12.0,1,6.062215805053711,0.30000000000000004,7.5
13,1,0.0,1.6,6.0,1.382574821490126,2.0,8.1,98.71570587158203,6.107186794281006,0.6801880598068237,12.0,1,6.070095062255859,0.30000000000000004,7.5
13,1,0.0,1.6,6.0,1.382574821490126,2.0,8.1,99.21570587158203,6.1155500411987305,0.6265245079994202,12.0,1,6.078458309173584,0.30000000000000004,7.5
13,1,0.0,1.6,6.0,1.382574821490126,2.0,8.1,99.71570587158203,6.124400615692139,0.572708785533905,12.0,1,6.087308883666992,0.30000000000000004,7.5
13,1,0.0,1.6,6.0,1.382574821490126,2.0,8.1,100.21570587158203,0.0,,,0,6.096650123596191,0.30000000000000004,7.5
13,1,0.0,1.6,6.0,1.382574821490126,2.0,8.1,100.71570587158203,6.143577575683594,0.4645851254463196,12.0,1,6.106485843658447,0.30000000000000004,7.5
13,1,0.0,1.6,6.0,1.382574821490126,2.0,8.1,101.21570587158203,6.153911590576172,0.4102591276168823,12.0,1,6.116819858551025,0.30000000000000004,7.5
13,1,0.0,1.6,6.0,1.382574821490126,2.0,8.1,101.71570587158203,6.164748191833496,0.35574477910995483,12.0,1,6.12765645980835,0.30000000000000004,7.5
13,1,0.0,1.6,6.0,1.382574821490126,2.0,8.1,102.21570587158203,6.176091194152832,0.30103278160095215,12.0,1,6.1389994621276855,0.30000000000000004,7.5
13,1,0.0,1.6,6.0,1.382574821490126,2.0,8.1,102.71570587158203,6.18794584274292,0.24611365795135498,12.0,1,6.150854110717773,0.30000000000000004,7.5
13,1,0.0,1.6,6.0,1.382574821490126,2.0,8.1,103.21570587158203,6.200316905975342,0.1909778118133545,12.0,1,6.163225173950195,0.30000000000000004,7.5
13,1,0.0,1.6,6.0,1.382574821490126,2.0,8.1,103.71570587158203,6.2132086753845215,0.1356155127286911,12.0,1,6.176116943359375,0.30000000000000004,7.5
13,1,0.0,1.6,6.0,1.382574821490126,2.0,8.1,104.21570587158203,0.0,,,0,6.189535617828369,0.30000000000000004,7.5
13,1,0.0,1.6,6.0,1.382574821490126,2.0,8.1,104.71570587158203,6.240577220916748,0.024171845987439156,12.0,1,6.203485488891602,0.30000000000000004,7.5
13,1,0.0,1.6,6.0,1.382574821490126,2.0,8.1,105.21570587158203,6.255065441131592,-0.031929753720760345,12.0,1,6.217973709106445,0.30000000000000004,7.5
13,1,0.0,1.6,6.0,1.382574821490126,2.0,8.1,105.71570587158203,6.270096778869629,-0.08829831331968307,12.0,1,6.233005046844482,0.30000000000000004,7.5
13,1,0.0,1.6,6.0,1.382574821490126,2.0,8.1,106.21570587158203,6.285677909851074,-0.14494439959526062,12.0,1,6.248586177825928,0.30000000000000004,7.5
13,1,0.0,1.6,6.0,1.382574821490126,2.0,8.1,106.71570587158203,6.301815509796143,-0.20187874138355255,12.0,1,6.264723777770996,0.30000000000000004,7.5
13,1,0.0,1.6,6.0,1.382574821490126,2.0,8.1,107.21570587158203,6.318516731262207,-0.25911229848861694,12.0,1,6.2814249992370605,0.30000000000000004,7.5
13,1,0.0,1.6,6.0,1.382574821490126,2.0,8.1,107.71570587158203,6.335787773132324,-0.3166562020778656,12.0,1,6.298696041107178,0.30000000000000004,7.5
13,1,0.0,1.6,6.0,1.382574821490126,2.0,8.1,108.21570587158203,6.353636264801025,-0.3745218515396118,12.0,1,6.316544532775879,0.30000000000000004,7.5
13,1,0.0,1.6,6.0,1.382574821490126,2.0,8.1,108.71570587158203,6.3720703125,-0.4327208399772644,12.0,1,6.3349785804748535,0.30000000000000004,7.5
13,1,0.0,1.6,6.0,1.382574821490126,2.0,8.1,109.21570587158203,6.391097545623779,-0.4912649691104889,12.0,1,6.354005813598633,0.30000000000000004,7.5
13,1,0.0,1.6,6.0,1.382574821490126,2.0,8.1,109.71570587158203,6.410726070404053,-0.5501663088798523,12.0,1,6.373634338378906,0.30000000000000004,7.5
13,1,0.0,1.6,6.0,1.382574821490126,2.0,8.1,110.21570587158203,6.430964946746826,-0.6094372868537903,12.0,1,6.39387321472168,0.30000000000000004,7.5
13,1,0.0,1.6,6.0,1.382574821490126,2.0,8.1,110.71570587158203,6.431088447570801,-0.6617560982704163,11.980606079101562,1,6.393996715545654,0.30000000000000004,7.5
13,1,0.0,1.6,6.0,1.382574821490126,2.0,8.1,111.21570587158203,6.287107467651367,-0.6617560982704163,11.82641887664795,1,6.250015735626221,0.30000000000000004,7.5
13,1,0.0,1.6,6.0,1.382574821490126,2.0,8.1,111.71570587158203,6.149923324584961,-0.6617560982704163,11.679011344909668,1,6.1128315925598145,0.30000000000000004,7.5
13,1,0.0,1.6,6.0,1.382574821490126,2.0,8.1,112.21570587158203,6.019077777862549,-0.6617560982704163,11.537925720214844,1,5.981986045837402,0.30000000000000004,7.5
13,1,0.0,1.6,6.0,1.382574821490126,2.0,8.1,112.71570587158203,5.894153118133545,-0.6617560982704163,11.402742385864258,1,5.857061386108398,0.30000000000000004,7.5
13,1,0.0,1.6,6.0,1.382574821490126,2.0,8.1,113.21570587158203,5.7747673988342285,-0.6617560982704163,11.273080825805664,1,5.737675666809082,0.30000000000000004,7.5
13,1,0.0,1.6,6.0,1.382574821490126,2.0,8.1,113.71570587158203,5.660571098327637,-0.6617560982704163,11.148590087890625,1,5.62347936630249,0.30000000000000004,7.5
13,1,0.0,1.6,6.0,1.382574821490126,2.0,8.1,114.21570587158203,5.551243305206299,-0.6617560982704163,11.028948783874512,1,5.514151573181152,0.30000000000000004,7.5
13,1,0.0,1.6,6.0,1.382574821490126,2.0,8.1,114.71570587158203,5.4464898109436035,-0.6617560982704163,10.913863182067871,1,5.409398078918457,0.30000000000000004,7.5
13,1,0.0,1.6,6.0,1.382574821490126,2.0,8.1,115.21570587158203,5.346038818359375,-0.6617560982704163,10.803059577941895,1,5.3089470863342285,0.30000000000000004,7.5
13,1,0.0,1.6,6.0,1.382574821490126,2.0,8.1,115.71570587158203,5.249639987945557,-0.6617560982704163,10.696288108825684,1,5.21254825592041,0.30000000000000004,7.5
13,1,0.0,1.6,6.0,1.382574821490126,2.0,8.1,116.21570587158203,5.157063007354736,-0.6617560982704163,10.593317031860352,1,5.11997127532959,0.30000000000000004,7.5
13,1,0.0,1.6,6.0,1.382574821490126,2.0,8.1,116.71570587158203,5.0680928230285645,-0.6617560982704163,10.493932723999023,1,5.031001091003418,0.30000000000000004,7.5
13,1,0.0,1.6,6.0,1.382574821490126,2.0,8.1,117.21570587158203,4.982532501220703,-0.6617560982704163,10.397936820983887,1,4.945440769195557,0.30000000000000004,7.5
13,1,0.0,1.6,6.0,1.382574821490126,2.0,8.1,117.71570587158203,4.900197982788086,-0.6617560982704163,10.305143356323242,1,4.8631062507629395,0.30000000000000004,7.5
13,1,0.0,1.6,6.0,1.382574821490126,2.0,8.1,118.21570587158203,4.820918083190918,-0.6617560982704163,10.21538257598877,1,4.7838263511657715,0.30000000000000004,7.5
13,1,0.0,1.6,6.0,1.382574821490126,2.0,8.1,118.71570587158203,4.744534492492676,-0.6617560982704163,10.128495216369629,1,4.707442760467529,0.30000000000000004,7.5
13,1,0.0,1.6,6.0,1.382574821490126,2.0,8.1,119.21570587158203,4.670898914337158,-0.6617560982704163,10.044333457946777,1,4.633807182312012,0.30000000000000004,7.5
13,1,0.0,1.6,6.0,1.382574821490126,2.0,8.1,119.71570587158203,4.599874019622803,-0.6617560982704163,9.962757110595703,1,4.562782287597656,0.30000000000000004,7.5
13,1,0.0,1.6,6.0,1.382574821490126,2.0,8.1,120.21570587158203,4.531330585479736,-0.6617560982704163,9.883637428283691,1,4.49423885345459,0.30000000000000004,7.5
13,1,0.0,1.6,6.0,1.382574821490126,2.0,8.1,120.71570587158203,4.465147972106934,-0.6617560982704163,9.806854248046875,1,4.428056240081787,0.30000000000000004,7.5
13,1,0.0,1.6,6.0,1.382574821490126,2.0,8.1,121.21570587158203,4.401214122772217,-0.6617560982704163,9.732294082641602,1,4.36412239074707,0.30000000000000004,7.5
13,1,0.0,1.6,6.0,1.382574821490126,2.0,8.1,121.71570587158203,4.339422702789307,-0.6617560982704163,9.65985107421875,1,4.30233097076416,0.30000000000000004,7.5
13,1,0.0,1.6,6.0,1.382574821490126,2.0,8.1,122.21570587158203,4.279675483703613,-0.6617560982704163,9.589426040649414,1,4.242583751678467,0.30000000000000004,7.5
13,1,0.0,1.6,6.0,1.382574821490126,2.0,8.1,122.71570587158203,4.221879482269287,-0.6617560982704163,9.52092456817627,1,4.184787750244141,0.30000000000000004,7.5
13,1,0.0,1.6,6.0,1.382574821490126,2.0,8.1,123.21570587158203,4.165946960449219,-0.6617560982704163,9.454258918762207,1,4.128855228424072,0.30000000000000004,7.5
13,1,0.0,1.6,6.0,1.382574821490126,2.0,8.1,123.71570587158203,4.1117963790893555,-0.6617560982704163,9.389348030090332,1,4.074704647064209,0.30000000000000004,7.5
13,1,0.0,1.6,6.0,1.382574821490126,2.0,8.1,124.21570587158203,4.05935001373291,-0.6617560982704163,9.326111793518066,1,4.022258281707764,0.30000000000000004,7.5
13,1,0.0,1.6,6.0,1.382574821490126,2.0,8.1,124.71570587158203,4.008534908294678,-0.6617560982704163,9.26447868347168,1,3.9714434146881104,0.30000000000000004,7.5
13,1,0.0,1.6,6.0,1.382574821490126,2.0,8.1,125.21570587158203,3.9592831134796143,-0.6617560982704163,9.204379081726074,1,3.9221913814544678,0.30000000000000004,7.5
13,1,0.0,1.6,6.0,1.382574821490126,2.0,8.1,125.71570587158203,3.911529064178467,-0.6617560982704163,9.145747184753418,1,3.8744373321533203,0.30000000000000004,7.5
13,1,0.0,1.6,6.0,1.382574821490126,2.0,8.1,126.21570587158203,3.8652122020721436,-0.6617560982704163,9.088521957397461,1,3.828120470046997,0.30000000000000004,7.5
13,1,0.0,1.6,6.0,1.382574821490126,2.0,8.1,126.71570587158203,3.8202741146087646,-0.6617560982704163,9.03264331817627,1,3.783182382583618,0.30000000000000004,7.5
13,1,0.0,1.6,6.0,1.382574821490126,2.0,8.1,127.21570587158203,3.776660442352295,-0.6617560982704163,8.978058815002441,1,3.7395687103271484,0.30000000000000004,7.5
13,1,0.0,1.6,6.0,1.382574821490126,2.0,8.1,127.71570587158203,3.734318971633911,-0.6617560982704163,8.924713134765625,1,3.6972272396087646,0.30000000000000004,7.5
13,1,0.0,1.6,6.0,1.382574821490126,2.0,8.1,128.2156982421875,3.6932013034820557,-0.6617560982704163,8.872559547424316,1,3.656109571456909,0.30000000000000004,7.5
13,1,0.0,1.6,6.0,1.382574821490126,2.0,8.1,128.7156982421875,0.0,,,0,3.61616849899292,0.30000000000000004,7.5
13,1,0.0,1.6,6.0,1.382574821490126,2.0,8.1,129.2156982421875,3.6144518852233887,-0.6617560982704163,8.771636009216309,1,3.577360153198242,0.30000000000000004,7.5
13,1,0.0,1.6,6.0,1.382574821490126,2.0,8.1,129.7156982421875,7.837155818939209,-3.3840742111206055,12.0,1,7.8000640869140625,0.30000000000000004,7.5
13,1,0.0,1.6,6.0,1.382574821490126,2.0,8.1,130.2156982421875,7.894412040710449,-3.473212480545044,12.0,1,7.857320308685303,0.30000000000000004,7.5
13,1,0.0,1.6,6.0,1.382574821490126,2.0,8.1,130.7156982421875,7.953122615814209,-3.56367564201355,12.0,1,7.9160308837890625,0.30000000000000004,7.5
13,1,0.0,1.6,6.0,1.382574821490126,2.0,8.1,131.2156982421875,8.01332950592041,-3.655508041381836,12.0,1,7.976237773895264,0.30000000000000004,7.5
13,1,0.0,1.6,6.0,1.382574821490126,2.0,8.1,131.7156982421875,8.075075149536133,-3.74875545501709,12.0,1,8.037983894348145,0.30000000000000004,7.5
13,1,0.0,1.6,6.0,1.382574821490126,2.0,8.1,132.2156982421875,8.138406753540039,-3.8434648513793945,12.0,1,8.10131549835205,0.30000000000000004,7.5
13,1,0.0,1.6,6.0,1.382574821490126,2.0,8.1,132.7156982421875,8.203371047973633,-3.939685821533203,12.0,1,8.166279792785645,0.30000000000000004,7.5
13,1,0.0,1.6,6.0,1.382574821490126,2.0,8.1,133.2156982421875,8.270017623901367,-4.03747034072876,12.0,1,8.232926368713379,0.30000000000000004,7.5
13,1,0.0,1.6,6.0,1.382574821490126,2.0,8.1,133.7156982421875,8.338397979736328,-4.136871337890625,12.0,1,8.30130672454834,0.30000000000000004,7.5
13,1,0.0,1.6,6.0,1.382574821490126,2.0,8.1,134.2156982421875,8.40856647491455,-4.237945079803467,12.0,1,8.371475219726562,0.30000000000000004,7.5
13,1,0.0,1.6,6.0,1.382574821490126,2.0,8.1,134.7156982421875,8.48058032989502,-4.340750217437744,12.0,1,8.443489074707031,0.30000000000000004,7.5
13,1,0.0,1.6,6.0,1.382574821490126,2.0,8.1,135.2156982421875,8.554498672485352,-4.445347309112549,12.0,1,8.517407417297363,0.30000000000000004,7.5
13,1,0.0,1.6,6.0,1.382574821490126,2.0,8.1,135.7156982421875,8.630382537841797,-4.55180025100708,12.0,1,8.593291282653809,0.30000000000000004,7.5
13,1,0.0,1.6,6.0,1.382574821490126,2.0,8.1,136.2156982421875,8.708296775817871,-4.660175323486328,12.0,1,8.671205520629883,0.30000000000000004,7.5
13,1,0.0,1.6,6.0,1.382574821490126,2.0,8.1,136.7156982421875,8.788309097290039,-4.770542144775391,12.0,1,8.75121784210205,0.30000000000000004,7.5
13,1,0.0,1.6,6.0,1.382574821490126,2.0,8.1,137.2156982421875,3.1188557147979736,-0.6617560982704163,8.093257904052734,1,3.081763982772827,0.30000000000000004,7.5
13,1,0.0,1.6,6.0,1.382574821490126,2.0,8.1,137.7156982421875,3.0942811965942383,-0.6617560982704163,8.056906700134277,1,3.057189464569092,0.30000000000000004,7.5
13,1,0.0,1.6,6.0,1.382574821490126,2.0,8.1,138.2156982421875,3.070324420928955,-0.6617560982704163,8.02112865447998,1,3.0332326889038086,0.30000000000000004,7.5
13,1,0.0,1.6,6.0,1.382574821490126,2.0,8.1,138.7156982421875,3.0469675064086914,-0.6617560982704163,7.985903263092041,1,3.009875774383545,0.30000000000000004,7.5
13,1,0.0,1.6,6.0,1.382574821490126,2.0,8.1,139.2156982421875,3.024193525314331,-0.6617560982704163,7.95121431350708,1,2.9871017932891846,0.30000000000000004,7.5
13,1,0.0,1.6,6.0,1.382574821490126,2.0,8.1,139.7156982421875,3.001985549926758,-0.6617560982704163,7.917043209075928,1,2.9648938179016113,0.30000000000000004,7.5
13,1,0.0,1.6,6.0,1.382574821490126,2.0,8.1,140.2156982421875,2.980327844619751,-0.6617560982704163,7.883374214172363,1,2.9432361125946045,0.30000000000000004,7.5
13,1,0.0,1.6,6.0,1.382574821490126,2.0,8.1,140.7156982421875,2.959205389022827,-0.6617560982704163,7.850191116333008,1,2.9221136569976807,0.30000000000000004,7.5
13,1,0.0,1.6,6.0,1.382574821490126,2.0,8.1,141.2156982421875,2.938603162765503,-0.6617560982704163,7.817478179931641,1,2.9015114307403564,0.30000000000000004,7.5
13,1,0.0,1.6,6.0,1.382574821490126,2.0,8.1,141.7156982421875,2.9185070991516113,-0.6617560982704163,7.785221099853516,1,2.881415367126465,0.30000000000000004,7.5
13,1,0.0,1.6,6.0,1.382574821490126,2.0,8.1,142.2156982421875,2.898904323577881,-0.6617560982704163,7.7534050941467285,1,2.8618125915527344,0.30000000000000004,7.5
13,1,0.0,1.6,6.0,1.382574821490126,2.0,8.1,142.7156982421875,2.8797812461853027,-0.6617560982704163,7.722017288208008,1,2.8426895141601562,0.30000000000000004,7.5
13,1,0.0,1.6,6.0,1.382574821490126,2.0,8.1,143.2156982421875,2.8611257076263428,-0.6617560982704163,7.691043376922607,1,2.8240339756011963,0.30000000000000004,7.5
13,1,0.0,1.6,6.0,1.382574821490126,2.0,8.1,143.7156982421875,2.842925786972046,-0.6617560982704163,7.660470962524414,1,2.8058340549468994,0.30000000000000004,7.5
13,1,0.0,1.6,6.0,1.382574821490126,2.0,8.1,144.2156982421875,2.825169801712036,-0.6617560982704163,7.6302876472473145,1,2.7880780696868896,0.30000000000000004,7.5
13,1,0.0,1.6,6.0,1.382574821490126,2.0,8.1,144.7156982421875,2.807846784591675,-0.6617560982704163,7.600481986999512,1,2.7707550525665283,0.30000000000000004,7.5
13,1,0.0,1.6,6.0,1.382574821490126,2.0,8.1,145.2156982421875,2.7909462451934814,-0.6617560982704163,7.571042537689209,1,2.753854513168335,0.30000000000000004,7.5
13,1,0.0,1.6,6.0,1.382574821490126,2.0,8.1,145.7156982421875,2.7744576930999756,-0.6617560982704163,7.541957378387451,1,2.737365961074829,0.30000000000000004,7.5
13,1,0.0,1.6,6.0,1.382574821490126,2.0,8.1,146.2156982421875,2.758371591567993,-0.6617560982704163,7.513216495513916,1,2.7212798595428467,0.30000000000000004,7.5
13,1,0.0,1.6,6.0,1.382574821490126,2.0,8.1,146.7156982421875,2.742678165435791,-0.6617560982704163,7.484808921813965,1,2.7055864334106445,0.30000000000000004,7.5
13,1,0.0,1.6,6.0,1.382574821490126,2.0,8.1,147.2156982421875,2.7273685932159424,-0.6617560982704163,7.456725120544434,1,2.690276861190796,0.30000000000000004,7.5
13,1,0.0,1.6,6.0,1.382574821490126,2.0,8.1,147.7156982421875,2.7124335765838623,-0.6617560982704163,7.428955554962158,1,2.675341844558716,0.30000000000000004,7.5
13,1,0.0,1.6,6.0,1.382574821490126,2.0,8.1,148.2156982421875,2.6978652477264404,-0.6617560982704163,7.401490211486816,1,2.660773515701294,0.30000000000000004,7.5
13,1,0.0,1.6,6.0,1.382574821490126,2.0,8.1,148.7156982421875,2.683655023574829,-0.6617560982704163,7.3743205070495605,1,2.6465632915496826,0.30000000000000004,7.5
13,1,0.0,1.6,6.0,1.382574821490126,2.0,8.1,149.2156982421875,0.0,,,0,2.6327035427093506,0.30000000000000004,7.5
13,1,0.0,1.6,6.0,1.382574821490126,2.0,8.1,149.7156982421875,2.656278371810913,-0.6617560982704163,7.320832252502441,1,2.6191866397857666,0.30000000000000004,7.5
13,1,0.0,1.6,6.0,1.382574821490126,2.0,8.1,150.2156982421875,2.643096923828125,-0.6617560982704163,7.294497013092041,1,2.6060051918029785,0.30000000000000004,7.5
13,1,0.0,1.6,6.0,1.382574821490126,2.0,8.1,150.7156982421875,0.0,,,0,2.5931522846221924,0.30000000000000004,7.5
13,1,0.0,1.6,6.0,1.382574821490126,2.0,8.1,151.2156982421875,2.6177127361297607,-0.6617560982704163,7.242603778839111,1,2.5806210041046143,0.30000000000000004,7.5
13,1,0.0,1.6,6.0,1.382574821490126,2.0,8.1,151.7156982421875,2.605496883392334,-0.6617560982704163,7.2170305252075195,1,2.5684051513671875,0.30000000000000004,7.5
13,1,0.0,1.6,6.0,1.382574821490126,2.0,8.1,152.2156982421875,2.5935895442962646,-0.6617560982704163,7.191696643829346,1,2.556497812271118,0.30000000000000004,7.5
13,1,0.0,1.6,6.0,1.382574821490126,2.0,8.1,152.7156982421875,2.5819852352142334,-0.6617560982704163,7.166594505310059,1,2.544893503189087,0.30000000000000004,7.5
13,1,0.0,1.6,6.0,1.382574821490126,2.0,8.1,153.2156982421875,2.5706779956817627,-0.6617560982704163,7.141717433929443,1,2.533586263656616,0.30000000000000004,7.5
13,1,0.0,1.6,6.0,1.382574821490126,2.0,8.1,153.7156982421875,2.559661865234375,-0.6617560982704163,7.117058277130127,1,2.5225701332092285,0.30000000000000004,7.5
13,1,0.0,1.6,6.0,1.382574821490126,2.0,8.1,154.2156982421875,2.54893159866333,-0.6617560982704163,7.092610836029053,1,2.5118398666381836,0.30000000000000004,7.5
13,1,0.0,1.6,6.0,1.382574821490126,2.0,8.1,154.7156982421875,2.5384819507598877,-0.6617560982704163,7.068368911743164,1,2.501390218734741,0.30000000000000004,7.5
13,1,0.0,1.6,6.0,1.382574821490126,2.0,8.1,155.2156982421875,2.5283076763153076,-0.6617560982704163,7.044325828552246,1,2.491215944290161,0.30000000000000004,7.5
13,1,0.0,1.6,6.0,1.382574821490126,2.0,8.1,155.7156982421875,2.518404245376587,-0.6617560982704163,7.0204758644104,1,2.4813125133514404,0.30000000000000004,7.5
13,1,0.0,1.6,6.0,1.382574821490126,2.0,8.1,156.2156982421875,2.5087666511535645,-0.6617560982704163,6.99681282043457,1,2.471674919128418,0.30000000000000004,7.5
13,1,0.0,1.6,6.0,1.382574821490126,2.0,8.1,156.7156982421875,2.4993903636932373,-0.6617560982704163,6.973331451416016,1,2.462298631668091,0.30000000000000004,7.5
13,1,0.0,1.6,6.0,1.382574821490126,2.0,8.1,157.2156982421875,2.4902710914611816,-0.6617560982704163,6.95002555847168,1,2.453179359436035,0.30000000000000004,7.5
13,1,0.0,1.6,6.0,1.382574821490126,2.0,8.1,157.7156982421875,2.4814045429229736,-0.6617560982704163,6.926889896392822,1,2.444312810897827,0.30000000000000004,7.5
13,1,0.0,1.6,6.0,1.382574821490126,2.0,8.1,158.2156982421875,2.4727866649627686,-0.6617560982704163,6.903918743133545,1,2.435694932937622,0.30000000000000004,7.5
13,1,0.0,1.6,6.0,1.382574821490126,2.0,8.1,158.7156982421875,2.464413642883301,-0.6617560982704163,6.881107807159424,1,2.4273219108581543,0.30000000000000004,7.5
13,1,0.0,1.6,6.0,1.382574821490126,2.0,8.1,159.2156982421875,2.4562816619873047,-0.6617560982704163,6.8584513664245605,1,2.419189929962158,0.30000000000000004,7.5
13,1,0.0,1.6,6.0,1.382574821490126,2.0,8.1,159.7156982421875,2.4483866691589355,-0.6617560982704163,6.835944175720215,1,2.411294937133789,0.30000000000000004,7.5
13,1,0.0,1.6,6.0,1.382574821490126,2.0,8.1,160.2156982421875,2.440725803375244,-0.6617560982704163,6.813582420349121,1,2.4036340713500977,0.30000000000000004,7.5
13,1,0.0,1.6,6.0,1.382574821490126,2.0,8.1,160.7156982421875,0.0,,,0,2.3962035179138184,0.30000000000000004,7.5
13,1,0.0,1.6,6.0,1.382574821490126,2.0,8.1,161.2156982421875,2.4260919094085693,-0.6617560982704163,6.769272804260254,1,2.389000177383423,0.30000000000000004,7.5
13,1,0.0,1.6,6.0,1.382574821490126,2.0,8.1,161.7156982421875,2.41911244392395,-0.6617560982704163,6.747316837310791,1,2.3820207118988037,0.30000000000000004,7.5
13,1,0.0,1.6,6.0,1.382574821490126,2.0,8.1,162.2156982421875,2.4123542308807373,-0.6617560982704163,6.725486755371094,1,2.375262498855591,0.30000000000000004,7.5
13,1,0.0,1.6,6.0,1.382574821490126,2.0,8.1,162.7156982421875,2.4058139324188232,-0.6617560982704163,6.7037787437438965,1,2.3687222003936768,0.30000000000000004,7.5
13,1,0.0,1.6,6.0,1.382574821490126,2.0,8.1,163.2156982421875,2.399489164352417,-0.6617560982704163,6.682188034057617,1,2.3623974323272705,0.30000000000000004,7.5
13,1,0.0,1.6,6.0,1.382574821490126,2.0,8.1,163.7156982421875,2.3933768272399902,-0.6617560982704163,6.66071081161499,1,2.3562850952148438,0.30000000000000004,7.5
13,1,0.0,1.6,6.0,1.382574821490126,2.0,8.1,164.2156982421875,2.387474775314331,-0.6617560982704163,6.63934326171875,1,2.3503830432891846,0.30000000000000004,7.5
13,1,0.0,1.6,6.0,1.382574821490126,2.0,8.1,164.7156982421875,2.3817801475524902,-0.6617560982704163,6.618080139160156,1,2.3446884155273438,0.30000000000000004,7.5
13,1,0.0,1.6,6.0,1.382574821490126,2.0,8.1,165.2156982421875,2.376290798187256,-0.6617560982704163,6.59691858291626,1,2.3391990661621094,0.30000000000000004,7.5
13,1,0.0,1.6,6.0,1.382574821490126,2.0,8.1,165.7156982421875,2.371004581451416,-0.6617560982704163,6.575854301452637,1,2.3339128494262695,0.30000000000000004,7.5
13,1,0.0,1.6,6.0,1.382574821490126,2.0,8.1,166.2156982421875,2.3659188747406006,-0.6617560982704163,6.5548834800720215,1,2.328827142715454,0.30000000000000004,7.5
13,1,0.0,1.6,6.0,1.382574821490126,2.0,8.1,166.7156982421875,2.361032009124756,-0.6617560982704163,6.53400182723999,1,2.3239402770996094,0.30000000000000004,7.5
13,1,0.0,1.6,6.0,1.382574821490126,2.0,8.1,167.2156982421875,2.356342077255249,-0.6617560982704163,6.513206481933594,1,2.3192503452301025,0.30000000000000004,7.5
13,1,0.0,1.6,6.0,1.382574821490126,2.0,8.1,167.7156982421875,2.351846694946289,-0.6617560982704163,6.492493152618408,1,2.3147549629211426,0.30000000000000004,7.5
13,1,0.0,1.6,6.0,1.382574821490126,2.0,8.1,168.2156982421875,0.0,,,0,2.310452699661255,0.30000000000000004,7.5
13,1,0.0,1.6,6.0,1.382574821490126,2.0,8.1,168.7156982421875,2.343433380126953,-0.6617560982704163,6.451298713684082,1,2.3063416481018066,0.30000000000000004,7.5
13,1,0.0,1.6,6.0,1.382574821490126,2.0,8.1,169.2156982421875,2.3395118713378906,-0.6617560982704163,6.430810451507568,1,2.302420139312744,0.30000000000000004,7.5
13,1,0.0,1.6,6.0,1.382574821490126,2.0,8.1,169.7156982421875,2.3357784748077393,-0.6617560982704163,6.410390377044678,1,2.2986867427825928,0.30000000000000004,7.5
13,1,0.0,1.6,6.0,1.382574821490126,2.0,8.1,170.2156982421875,2.3322317600250244,-0.6617560982704163,6.3900346755981445,1,2.295140027999878,0.30000000000000004,7.5
13,1,0.0,1.6,6.0,1.382574821490126,2.0,8.1,170.7156982421875,2.3288702964782715,-0.6617560982704163,6.3697404861450195,1,2.291778564453125,0.30000000000000004,7.5
13,1,0.0,1.6,6.0,1.382574821490126,2.0,8.1,171.2156982421875,2.3256924152374268,-0.6617560982704163,6.349503517150879,1,2.2886006832122803,0.30000000000000004,7.5
13,1,0.0,1.6,6.0,1.382574821490126,2.0,8.1,171.7156982421875,2.322697401046753,-0.6617560982704163,6.329321384429932,1,2.2856056690216064,0.30000000000000004,7.5
13,1,0.0,1.6,6.0,1.382574821490126,2.0,8.1,172.2156982421875,2.3198838233947754,-0.6617560982704163,6.30919075012207,1,2.282792091369629,0.30000000000000004,7.5
13,1,0.0,1.6,6.0,1.382574821490126,2.0,8.1,172.7156982421875,2.3172504901885986,-0.6617560982704163,6.289107799530029,1,2.280158758163452,0.30000000000000004,7.5
13,1,0.0,1.6,6.0,1.382574821490126,2.0,8.1,173.2156982421875,2.3147964477539062,-0.6617560982704163,6.269069671630859,1,2.2777047157287598,0.30000000000000004,7.5
13,1,0.0,1.6,6.0,1.382574821490126,2.0,8.1,173.7156982421875,2.312520980834961,-0.6617560982704163,6.249073028564453,1,2.2754292488098145,0.30000000000000004,7.5
13,1,0.0,1.6,6.0,1.382574821490126,2.0,8.1,174.2156982421875,2.310422897338867,-0.6617560982704163,6.229114532470703,1,2.2733311653137207,0.30000000000000004,7.5
13,1,0.0,1.6,6.0,1.382574821490126,2.0,8.1,174.7156982421875,2.3085014820098877,-0.6617560982704163,6.209191799163818,1,2.271409749984741,0.30000000000000004,7.5
13,1,0.0,1.6,6.0,1.382574821490126,2.0,8.1,175.2156982421875,2.306756019592285,-0.6617560982704163,6.189300537109375,1,2.2696642875671387,0.30000000000000004,7.5
13,1,0.0,1.6,6.0,1.382574821490126,2.0,8.1,175.7156982421875,2.3051857948303223,-0.6617560982704163,6.16943883895874,1,2.268094062805176,0.30000000000000004,7.5
13,1,0.0,1.6,6.0,1.382574821490126,2.0,8.1,176.2156982421875,2.3037900924682617,-0.6617560982704163,6.149602890014648,1,2.2666983604431152,0.30000000000000004,7.5
13,1,0.0,1.6,6.0,1.382574821490126,2.0,8.1,176.7156982421875,0.0,,,0,2.265476942062378,0.30000000000000004,7.5
13,1,0.0,1.6,6.0,1.382574821490126,2.0,8.1,177.2156982421875,2.301521062850952,-0.6617560982704163,6.109996795654297,1,2.2644293308258057,0.30000000000000004,7.5
13,1,0.0,1.6,6.0,1.382574821490126,2.0,8.1,177.7156982421875,2.3006465435028076,-0.6617560982704163,6.0902204513549805,1,2.263554811477661,0.30000000000000004,7.5
13,1,0.0,1.6,6.0,1.382574821490126,2.0,8.1,178.2156982421875,2.299945116043091,-0.6617560982704163,6.070457935333252,1,2.2628533840179443,0.30000000000000004,7.5
13,1,0.0,1.6,6.0,1.382574821490126,2.0,8.1,178.7156982421875,2.2994160652160645,-0.6617560982704163,6.050706386566162,1,2.262324333190918,0.30000000000000004,7.5
13,1,0.0,1.6,6.0,1.382574821490126,2.0,8.1,179.2156982421875,2.2990598678588867,-0.6617560982704163,6.030961990356445,1,2.2619681358337402,0.30000000000000004,7.5
13,1,0.0,1.6,6.0,1.382574821490126,2.0,8.1,179.7156982421875,2.298875570297241,-0.6617560982704163,6.011222839355469,1,2.2617838382720947,0.30000000000000004,7.5
13,1,0.0,1.6,6.0,1.382574821490126,2.0,8.1,180.2156982421875,2.2988638877868652,-0.6617560982704163,5.991485118865967,1,2.2617721557617188,0.30000000000000004,7.5
13,1,0.0,1.6,6.0,1.382574821490126,2.0,8.1,180.7156982421875,2.2990243434906006,-0.6617560982704163,5.97174596786499,1,2.261932611465454,0.30000000000000004,7.5
13,1,0.0,1.6,6.0,1.382574821490126,2.0,8.1,181.2156982421875,2.2993571758270264,-0.6617560982704163,5.952003002166748,1,2.26226544380188,0.30000000000000004,7.5
13,1,0.0,1.6,6.0,1.382574821490126,2.0,8.1,181.7156982421875,2.2998621463775635,-0.6617560982704163,5.932252407073975,1,2.262770414352417,0.30000000000000004,7.5
13,1,0.0,1.6,6.0,1.382574821490126,2.0,8.1,182.2156982421875,2.300539970397949,-0.6617560982704163,5.912491321563721,1,2.2634482383728027,0.30000000000000004,7.5
13,1,0.0,1.6,6.0,1.382574821490126,2.0,8.1,182.7156982421875,2.3013908863067627,-0.6617560982704163,5.892716884613037,1,2.264299154281616,0.30000000000000004,7.5
13,1,0.0,1.6,6.0,1.382574821490126,2.0,8.1,183.2156982421875,2.302414655685425,-0.6617560982704163,5.872926235198975,1,2.2653229236602783,0.30000000000000004,7.5
13,1,0.0,1.6,6.0,1.382574821490126,2.0,8.1,183.7156982421875,2.303612232208252,-0.6617560982704163,5.853116512298584,1,2.2665205001831055,0.30000000000000004,7.5
13,1,0.0,1.6,6.0,1.382574821490126,2.0,8.1,184.2156982421875,2.3049838542938232,-0.6617560982704163,5.8332839012146,1,2.2678921222686768,0.30000000000000004,7.5
13,1,0.0,1.6,6.0,1.382574821490126,2.0,8.1,184.7156982421875,2.306530237197876,-0.6617560982704163,5.813425540924072,1,2.2694385051727295,0.30000000000000004,7.5
13,1,0.0,1.6,6.0,1.382574821490126,2.0,8.1,185.2156982421875,2.3082516193389893,-0.6617560982704163,5.793539047241211,1,2.2711598873138428,0.30000000000000004,7.5
13,1,0.0,1.6,6.0,1.382574821490126,2.0,8.1,185.7156982421875,2.3101487159729004,-0.6617560982704163,5.77362060546875,1,2.273056983947754,0.30000000000000004,7.5
13,1,0.0,1.6,6.0,1.382574821490126,2.0,8.1,186.2156982421875,2.312222480773926,-0.6617560982704163,5.75366735458374,1,2.2751307487487793,0.30000000000000004,7.5
13,1,0.0,1.6,6.0,1.382574821490126,2.0,8.1,186.7156982421875,2.314473867416382,-0.6617560982704163,5.733676433563232,1,2.2773821353912354,0.30000000000000004,7.5
13,1,0.0,1.6,6.0,1.382574821490126,2.0,8.1,187.2156982421875,2.3169031143188477,-0.6617560982704163,5.713644027709961,1,2.279811382293701,0.30000000000000004,7.5
13,1,0.0,1.6,6.0,1.382574821490126,2.0,8.1,187.7156982421875,2.319511890411377,-0.6617560982704163,5.693567276000977,1,2.2824201583862305,0.30000000000000004,7.5
13,1,0.0,1.6,6.0,1.382574821490126,2.0,8.1,188.2156982421875,2.322300672531128,-0.6617560982704163,5.67344331741333,1,2.2852089405059814,0.30000000000000004,7.5
13,1,0.0,1.6,6.0,1.382574821490126,2.0,8.1,188.7156982421875,2.325270891189575,-0.6617560982704163,5.653268337249756,1,2.2881791591644287,0.30000000000000004,7.5
13,1,0.0,1.6,6.0,1.382574821490126,2.0,8.1,189.2156982421875,2.328423500061035,-0.6617560982704163,5.633039474487305,1,2.2913317680358887,0.30000000000000004,7.5
13,1,0.0,1.6,6.0,1.382574821490126,2.0,8.1,189.7156982421875,2.3317596912384033,-0.6617560982704163,5.612752914428711,1,2.294667959213257,0.30000000000000004,7.5
13,1,0.0,1.6,6.0,1.382574821490126,2.0,8.1,190.2156982421875,2.3352808952331543,-0.6617560982704163,5.592405796051025,1,2.298189163208008,0.30000000000000004,7.5
13,1,0.0,1.6,6.0,1.382574821490126,2.0,8.1,190.7156982421875,2.3389885425567627,-0.6617560982704163,5.571994781494141,1,2.301896810531616,0.30000000000000004,7.5
13,1,0.0,1.6,6.0,1.382574821490126,2.0,8.1,191.2156982421875,2.342884063720703,-0.6617560982704163,5.551516056060791,1,2.3057923316955566,0.30000000000000004,7.5
13,1,0.0,1.6,6.0,1.382574821490126,2.0,8.1,191.7156982421875,2.3469691276550293,-0.6617560982704163,5.530966281890869,1,2.309877395629883,0.30000000000000004,7.5
13,1,0.0,1.6,6.0,1.382574821490126,2.0,8.1,192.2156982421875,2.3512449264526367,-0.6617560982704163,5.510342121124268,1,2.3141531944274902,0.30000000000000004,7.5
13,1,0.0,1.6,6.0,1.382574821490126,2.0,8.1,192.7156982421875,2.3557138442993164,-0.6617560982704163,5.489639759063721,1,2.31862211227417,0.30000000000000004,7.5
13,1,0.0,1.6,6.0,1.382574821490126,2.0,8.1,193.2156982421875,2.360377073287964,-0.6617560982704163,5.468855857849121,1,2.3232853412628174,0.30000000000000004,7.5
13,1,0.0,1.6,6.0,1.382574821490126,2.0,8.1,193.7156982421875,2.365236759185791,-0.6617560982704163,5.447986602783203,1,2.3281450271606445,0.30000000000000004,7.5
13,1,0.0,1.6,6.0,1.382574821490126,2.0,8.1,194.2156982421875,2.3702950477600098,-0.6617560982704163,5.427028179168701,1,2.3332033157348633,0.30000000000000004,7.5
13,1,0.0,1.6,6.0,1.382574821490126,2.0,8.1,194.7156982421875,2.375553607940674,-0.6617560982704163,5.40597677230835,1,2.3384618759155273,0.30000000000000004,7.5
13,1,0.0,1.6,6.0,1.382574821490126,2.0,8.1,195.2156982421875,2.3810150623321533,-0.6617560982704163,5.384829044342041,1,2.343923330307007,0.30000000000000004,7.5
13,1,0.0,1.6,6.0,1.382574821490126,2.0,8.1,195.7156982421875,0.0,,,0,2.3495895862579346,0.30000000000000004,7.5
13,1,0.0,1.6,6.0,1.382574821490126,2.0,8.1,196.2156982421875,2.392554759979248,-0.6617560982704163,5.342226982116699,1,2.3554630279541016,0.30000000000000004,7.5
13,1,0.0,1.6,6.0,1.382574821490126,2.0,8.1,196.7156982421875,0.0,,,0,2.361546277999878,0.30000000000000004,7.5
13,1,0.0,1.6,6.0,1.382574821490126,2.0,8.1,197.2156982421875,2.4049336910247803,-0.6617560982704163,5.299190044403076,1,2.367841958999634,0.30000000000000004,7.5
13,1,0.0,1.6,6.0,1.382574821490126,2.0,8.1,197.7156982421875,2.4114441871643066,-0.6617560982704163,5.277498722076416,1,2.37435245513916,0.30000000000000004,7.5
13,1,0.0,1.6,6.0,1.382574821490126,2.0,8.1,198.2156982421875,2.4181723594665527,-0.6617560982704163,5.255685329437256,1,2.3810806274414062,0.30000000000000004,7.5
13,1,0.0,1.6,6.0,1.382574821490126,2.0,8.1,198.7156982421875,2.4251210689544678,-0.6617560982704163,5.2337470054626465,1,2.3880293369293213,0.30000000000000004,7.5
13,1,0.0,1.6,6.0,1.382574821490126,2.0,8.1,199.2156982421875,2.432293653488159,-0.6617560982704163,5.2116780281066895,1,2.3952019214630127,0.30000000000000004,7.5
13,1,0.0,1.6,6.0,1.382574821490126,2.0,8.1,199.7156982421875,2.439692735671997,-0.6617560982704163,5.189474582672119,1,2.4026010036468506,0.30000000000000004,7.5
13,1,0.0,1.6,6.0,1.382574821490126,2.0,8.1,200.2156982421875,2.447321891784668,-0.6617560982704163,5.1671319007873535,1,2.4102301597595215,0.30000000000000004,7.5
13,1,0.0,1.6,6.0,1.382574821490126,2.0,8.1,200.7156982421875,2.4551844596862793,-0.6617560982704163,5.1446452140808105,1,2.418092727661133,0.30000000000000004,7.5
13,1,0.0,1.6,6.0,1.382574821490126,2.0,8.1,201.2156982421875,2.4632837772369385,-0.6617560982704163,5.12200927734375,1,2.426192045211792,0.30000000000000004,7.5
13,1,0.0,1.6,6.0,1.382574821490126,2.0,8.1,201.7156982421875,2.471623659133911,-0.6617560982704163,5.099219799041748,1,2.4345319271087646,0.30000000000000004,7.5
13,1,0.0,1.6,6.0,1.382574821490126,2.0,8.1,202.2156982421875,2.480207681655884,-0.6617560982704163,5.076271057128906,1,2.4431159496307373,0.30000000000000004,7.5
13,1,0.0,1.6,6.0,1.382574821490126,2.0,8.1,202.7156982421875,2.489039897918701,-0.6617560982704163,5.053158760070801,1,2.4519481658935547,0.30000000000000004,7.5
13,1,0.0,1.6,6.0,1.382574821490126,2.0,8.1,203.2156982421875,2.498124122619629,-0.6617560982704163,5.029876232147217,1,2.4610323905944824,0.30000000000000004,7.5
13,1,0.0,1.6,6.0,1.382574821490126,2.0,8.1,203.7156982421875,2.50746488571167,-0.6617560982704163,5.0064191818237305,1,2.4703731536865234,0.30000000000000004,7.5
13,1,0.0,1.6,6.0,1.382574821490126,2.0,8.1,204.2156982421875,2.517066478729248,-0.6617560982704163,4.982781410217285,1,2.4799747467041016,0.30000000000000004,7.5
13,1,0.0,1.6,6.0,1.382574821490126,2.0,8.1,204.7156982421875,2.526933193206787,-0.6617560982704163,4.958957195281982,1,2.4898414611816406,0.30000000000000004,7.5
13,1,0.0,1.6,6.0,1.382574821490126,2.0,8.1,205.2156982421875,2.5370700359344482,-0.6617560982704163,4.934941291809082,1,2.4999783039093018,0.30000000000000004,7.5
13,1,0.0,1.6,6.0,1.382574821490126,2.0,8.1,205.7156982421875,2.5474815368652344,-0.6617560982704163,4.910726547241211,1,2.510389804840088,0.30000000000000004,7.5
13,1,0.0,1.6,6.0,1.382574821490126,2.0,8.1,206.2156982421875,2.5581729412078857,-0.6617560982704163,4.886308193206787,1,2.5210812091827393,0.30000000000000004,7.5
13,1,0.0,1.6,6.0,1.382574821490126,2.0,8.1,206.7156982421875,2.5691494941711426,-0.6617560982704163,4.861678600311279,1,2.532057762145996,0.30000000000000004,7.5
13,1,0.0,1.6,6.0,1.382574821490126,2.0,8.1,207.2156982421875,2.554888963699341,-0.6390546560287476,4.848506450653076,1,2.5177972316741943,0.30000000000000004,7.5
13,1,0.0,1.6,6.0,1.382574821490126,2.0,8.1,207.7156982421875,2.5129711627960205,-0.5918124318122864,4.848506450653076,1,2.475879430770874,0.30000000000000004,7.5
13,1,0.0,1.6,6.0,1.382574821490126,2.0,8.1,208.2156982421875,2.472608804702759,-0.5461140275001526,4.848506450653076,1,2.4355170726776123,0.30000000000000004,7.5
13,1,0.0,1.6,6.0,1.382574821490126,2.0,8.1,208.7156982421875,2.433720588684082,-0.5018783807754517,4.848506450653076,1,2.3966288566589355,0.30000000000000004,7.5
13,1,0.0,1.6,6.0,1.382574821490126,2.0,8.1,209.2156982421875,2.3962318897247314,-0.4590299427509308,4.848506450653076,1,2.359140157699585,0.30000000000000004,7.5
13,1,0.0,1.6,6.0,1.382574821490126,2.0,8.1,209.7156982421875,2.360071897506714,-0.41749826073646545,4.848506450653076,1,2.3229801654815674,0.30000000000000004,7.5
13,1,0.0,1.6,6.0,1.382574821490126,2.0,8.1,210.2156982421875,2.3251752853393555,-0.37721750140190125,4.848506450653076,1,2.288083553314209,0.30000000000000004,7.5
13,1,0.0,1.6,6.0,1.382574821490126,2.0,8.1,210.7156982421875,2.291480779647827,-0.33812612295150757,4.848506450653076,1,2.2543890476226807,0.30000000000000004,7.5
13,1,0.0,1.6,6.0,1.382574821490126,2.0,8.1,211.2156982421875,2.2589311599731445,-0.3001664876937866,4.848506450653076,1,2.221839427947998,0.30000000000000004,7.5
13,1,0.0,1.6,6.0,1.382574821490126,2.0,8.1,211.7156982421875,2.2274723052978516,-0.2632846534252167,4.848506450653076,1,2.190380573272705,0.30000000000000004,7.5
13,1,0.0,1.6,6.0,1.382574821490126,2.0,8.1,212.2156982421875,2.197054147720337,-0.22742994129657745,4.848506450653076,1,2.1599624156951904,0.30000000000000004,7.5
13,1,0.0,1.6,6.0,1.382574821490126,2.0,8.1,212.7156982421875,2.1676292419433594,-0.19255483150482178,4.848506450653076,1,2.130537509918213,0.30000000000000004,7.5
13,1,0.0,1.6,6.0,1.382574821490126,2.0,8.1,213.2156982421875,2.139153242111206,-0.15861457586288452,4.848506450653076,1,2.1020615100860596,0.30000000000000004,7.5
13,1,0.0,1.6,6.0,1.382574821490126,2.0,8.1,213.7156982421875,2.111584424972534,-0.12556715309619904,4.848506450653076,1,2.0744926929473877,0.30000000000000004,7.5
13,1,0.0,1.6,6.0,1.382574821490126,2.0,8.1,214.2156982421875,2.084882974624634,-0.09337293356657028,4.848506450653076,1,2.0477912425994873,0.30000000000000004,7.5
13,1,0.0,1.6,6.0,1.382574821490126,2.0,8.1,214.7156982421875,2.0590124130249023,-0.061994582414627075,4.848506450653076,1,2.021920680999756,0.30000000000000004,7.5
13,1,0.0,1.6,6.0,1.382574821490126,2.0,8.1,215.2156982421875,2.033937454223633,-0.03139686584472656,4.848506450653076,1,1.9968458414077759,0.30000000000000004,7.5
13,1,0.0,1.6,6.0,1.382574821490126,2.0,8.1,215.7156982421875,2.009625196456909,-0.0015465260948985815,4.848506450653076,1,1.9725335836410522,0.30000000000000004,7.5
13,1,0.0,1.6,6.0,1.382574821490126,2.0,8.1,216.2156982421875,1.9860446453094482,0.027587873861193657,4.848506450653076,1,1.9489529132843018,0.30000000000000004,7.5
13,1,0.0,1.6,6.0,1.382574821490126,2.0,8.1,216.7156982421875,1.9631659984588623,0.05603606998920441,4.848506450653076,1,1.9260742664337158,0.30000000000000004,7.5
13,1,0.0,1.6,6.0,1.382574821490126,2.0,8.1,217.2156982421875,1.9409615993499756,0.08382619917392731,4.848506450653076,1,1.903869867324829,0.30000000000000004,7.5
13,1,0.0,1.6,6.0,1.382574821490126,2.0,8.1,217.7156982421875,1.9194049835205078,0.1109849363565445,4.848506450653076,1,1.8823132514953613,0.30000000000000004,7.5
13,1,0.0,1.6,6.0,1.382574821490126,2.0,8.1,218.2156982421875,1.8984713554382324,0.13753753900527954,4.848506450653076,1,1.861379623413086,0.30000000000000004,7.5
13,1,0.0,1.6,6.0,1.382574821490126,2.0,8.1,218.7156982421875,1.8781367540359497,0.16350801289081573,4.848506450653076,1,1.8410450220108032,0.30000000000000004,7.5
13,1,0.0,1.6,6.0,1.382574821490126,2.0,8.1,219.2156982421875,1.8583788871765137,0.1889190822839737,4.848506450653076,1,1.8212871551513672,0.30000000000000004,7.5
13,1,0.0,1.6,6.0,1.382574821490126,2.0,8.1,219.7156982421875,1.8391762971878052,0.21379241347312927,4.848506450653076,1,1.8020845651626587,0.30000000000000004,7.5
13,1,0.0,1.6,6.0,1.382574821490126,2.0,8.1,220.2156982421875,1.8205089569091797,0.2381485551595688,4.848506450653076,1,1.7834172248840332,0.30000000000000004,7.5
13,1,0.0,1.6,6.0,1.382574821490126,2.0,8.1,220.7156982421875,1.8023573160171509,0.26200705766677856,4.848506450653076,1,1.7652655839920044,0.30000000000000004,7.5
13,1,0.0,1.6,6.0,1.382574821490126,2.0,8.1,221.2156982421875,1.784703254699707,0.2853865623474121,4.848506450653076,1,1.7476115226745605,0.30000000000000004,7.5
13,1,0.0,1.6,6.0,1.382574821490126,2.0,8.1,221.7156982421875,1.7675292491912842,0.3083048164844513,4.848506450653076,1,1.7304375171661377,0.30000000000000004,7.5
13,1,0.0,1.6,6.0,1.382574821490126,2.0,8.1,222.2156982421875,1.7508187294006348,0.33077868819236755,4.848506450653076,1,1.7137269973754883,0.30000000000000004,7.5
13,1,0.0,1.6,6.0,1.382574821490126,2.0,8.1,222.7156982421875,0.0,,,0,1.6974642276763916,0.30000000000000004,7.5
13,1,0.0,1.6,6.0,1.382574821490126,2.0,8.1,223.2156982421875,1.7187256813049316,0.37445709109306335,4.848506450653076,1,1.6816339492797852,0.30000000000000004,7.5
13,1,0.0,1.6,6.0,1.382574821490126,2.0,8.1,223.7156982421875,1.7033138275146484,0.39569172263145447,4.848506450653076,1,1.666222095489502,0.30000000000000004,7.5
13,1,0.0,1.6,6.0,1.382574821490126,2.0,8.1,224.2156982421875,1.6883063316345215,0.4165422320365906,4.848506450653076,1,1.651214599609375,0.30000000000000004,7.5
13,1,0.0,1.6,6.0,1.382574821490126,2.0,8.1,224.7156982421875,1.6736904382705688,0.43702206015586853,4.848506450653076,1,1.6365987062454224,0.30000000000000004,7.5
13,1,0.0,1.6,6.0,1.382574821490126,2.0,8.1,225.2156982421875,1.6594533920288086,0.45714402198791504,4.848506450653076,1,1.622361660003662,0.30000000000000004,7.5
13,1,0.0,1.6,6.0,1.382574821490126,2.0,8.1,225.7156982421875,1.6455833911895752,0.47692039608955383,4.848506450653076,1,1.6084916591644287,0.30000000000000004,7.5
13,1,0.0,1.6,6.0,1.382574821490126,2.0,8.1,226.2156982421875,1.6320688724517822,0.49636295437812805,4.848506450653076,1,1.5949771404266357,0.30000000000000004,7.5
13,1,0.0,1.6,6.0,1.382574821490126,2.0,8.1,226.7156982421875,1.6188991069793701,0.5154829621315002,4.848506450653076,1,1.5818073749542236,0.30000000000000004,7.5
13,1,0.0,1.6,6.0,1.382574821490126,2.0,8.1,227.2156982421875,1.6060636043548584,0.5342912673950195,4.848506450653076,1,1.568971872329712,0.30000000000000004,7.5
13,1,0.0,1.6,6.0,1.382574821490126,2.0,8.1,227.7156982421875,1.5935522317886353,0.5527981519699097,4.848506450653076,1,1.5564604997634888,0.30000000000000004,7.5
13,1,0.0,1.6,6.0,1.382574821490126,2.0,8.1,228.2156982421875,1.5813554525375366,0.5710136294364929,4.848506450653076,1,1.5442637205123901,0.30000000000000004,7.5
13,1,0.0,1.6,6.0,1.382574821490126,2.0,8.1,228.7156982421875,1.5694642066955566,0.5889471769332886,4.848506450653076,1,1.5323724746704102,0.30000000000000004,7.5
13,1,0.0,1.6,6.0,1.382574821490126,2.0,8.1,229.2156982421875,1.557869553565979,0.606607973575592,4.848506450653076,1,1.5207778215408325,0.30000000000000004,7.5
13,1,0.0,1.6,6.0,1.382574821490126,2.0,8.1,229.7156982421875,1.5465631484985352,0.6240048408508301,4.848506450653076,1,1.5094714164733887,0.30000000000000004,7.5
13,1,0.0,1.6,6.0,1.382574821490126,2.0,8.1,230.2156982421875,1.5355370044708252,0.6411462426185608,4.848506450653076,1,1.4984452724456787,0.30000000000000004,7.5
13,1,0.0,1.6,6.0,1.382574821490126,2.0,8.1,230.7156982421875,1.5247831344604492,0.6580402851104736,4.848506450653076,1,1.4876914024353027,0.30000000000000004,7.5
13,1,0.0,1.6,6.0,1.382574821490126,2.0,8.1,231.2156982421875,1.514294147491455,0.674694836139679,4.848506450653076,1,1.4772024154663086,0.30000000000000004,7.5
13,1,0.0,1.6,6.0,1.382574821490126,2.0,8.1,231.7156982421875,1.5040631294250488,0.6911174654960632,4.848506450653076,1,1.4669713973999023,0.30000000000000004,7.5
13,1,0.0,1.6,6.0,1.382574821490126,2.0,8.1,232.2156982421875,0.0,,,0,1.456991195678711,0.30000000000000004,7.5
13,1,0.0,1.6,6.0,1.382574821490126,2.0,8.1,232.7156982421875,0.0,,,0,1.4472553730010986,0.30000000000000004,7.5
13,1,0.0,1.6,6.0,1.382574821490126,2.0,8.1,233.2156982421875,1.4748493432998657,0.7390648126602173,4.848506450653076,1,1.4377576112747192,0.30000000000000004,7.5
13,1,0.0,1.6,6.0,1.382574821490126,2.0,8.1,233.7156982421875,0.0,,,0,1.4284917116165161,0.30000000000000004,7.5
13,1,0.0,1.6,6.0,1.382574821490126,2.0,8.1,234.2156982421875,1.4565436840057373,0.7699962258338928,4.848506450653076,1,1.4194519519805908,0.30000000000000004,7.5
13,1,0.0,1.6,6.0,1.382574821490126,2.0,8.1,234.7156982421875,1.4477242231369019,0.7851707935333252,4.848506450653076,1,1.4106324911117554,0.30000000000000004,7.5
13,1,0.0,1.6,6.0,1.382574821490126,2.0,8.1,235.2156982421875,1.4391199350357056,0.8001590371131897,4.848506450653076,1,1.402028203010559,0.30000000000000004,7.5
13,1,0.0,1.6,6.0,1.382574821490126,2.0,8.1,235.7156982421875,1.4307254552841187,0.8149666786193848,4.848506450653076,1,1.3936337232589722,0.30000000000000004,7.5
13,1,0.0,1.6,6.0,1.382574821490126,2.0,8.1,236.2156982421875,1.4225356578826904,0.829599142074585,4.848506450653076,1,1.385443925857544,0.30000000000000004,7.5
13,1,0.0,1.6,6.0,1.382574821490126,2.0,8.1,236.7156982421875,1.414546012878418,0.8440617322921753,4.848506450653076,1,1.3774542808532715,0.30000000000000004,7.5
13,1,0.0,1.6,6.0,1.382574821490126,2.0,8.1,237.2156982421875,1.4067515134811401,0.8583595752716064,4.848506450653076,1,1.3696597814559937,0.30000000000000004,7.5
13,1,0.0,1.6,6.0,1.382574821490126,2.0,8.1,237.7156982421875,1.3991479873657227,0.87249755859375,4.848506450653076,1,1.3620562553405762,0.30000000000000004,7.5
13,1,0.0,1.6,6.0,1.382574821490126,2.0,8.1,238.2156982421875,1.3917310237884521,0.8864805102348328,4.848506450653076,1,1.3546392917633057,0.30000000000000004,7.5
13,1,0.0,1.6,6.0,1.382574821490126,2.0,8.1,238.7156982421875,1.3844963312149048,0.9003130793571472,4.848506450653076,1,1.3474045991897583,0.30000000000000004,7.5
13,1,0.0,1.6,6.0,1.382574821490126,2.0,8.1,239.2156982421875,1.3774402141571045,0.9139996767044067,4.848506450653076,1,1.340348482131958,0.30000000000000004,7.5
13,1,0.0,1.6,6.0,1.382574821490126,2.0,8.1,239.7156982421875,1.370558500289917,0.9275447130203247,4.848506450653076,1,1.3334667682647705,0.30000000000000004,7.5
13,1,0.0,1.6,6.0,1.382574821490126,2.0,8.1,240.2156982421875,1.3638476133346558,0.9409524202346802,4.848506450653076,1,1.3267558813095093,0.30000000000000004,7.5
13,1,0.0,1.6,6.0,1.382574821490126,2.0,8.1,240.7156982421875,1.3573039770126343,0.9542267918586731,4.848506450653076,1,1.3202122449874878,0.30000000000000004,7.5
13,1,0.0,1.6,6.0,1.382574821490126,2.0,8.1,241.2156982421875,1.3509242534637451,0.967371940612793,4.848506450653076,1,1.3138325214385986,0.30000000000000004,7.5
13,1,0.0,1.6,6.0,1.382574821490126,2.0,8.1,241.7156982421875,0.0,,,0,1.3076131343841553,0.30000000000000004,7.5
13,1,0.0,1.6,6.0,1.382574821490126,2.0,8.1,242.2156982421875,1.3386427164077759,0.9932895302772522,4.848506450653076,1,1.3015509843826294,0.30000000000000004,7.5
13,1,0.0,1.6,6.0,1.382574821490126,2.0,8.1,242.7156982421875,1.3327348232269287,1.0060694217681885,4.848506450653076,1,1.2956430912017822,0.30000000000000004,7.5
13,1,0.0,1.6,6.0,1.382574821490126,2.0,8.1,243.2156982421875,1.326978087425232,1.0187348127365112,4.848506450653076,1,1.2898863554000854,0.30000000000000004,7.5
13,1,0.0,1.6,6.0,1.382574821490126,2.0,8.1,243.7156982421875,1.3213696479797363,1.031288981437683,4.848506450653076,1,1.2842779159545898,0.30000000000000004,7.5
13,1,0.0,1.6,6.0,1.382574821490126,2.0,8.1,244.2156982421875,1.3159066438674927,1.0437355041503906,4.848506450653076,1,1.2788149118423462,0.30000000000000004,7.5
13,1,0.0,1.6,6.0,1.382574821490126,2.0,8.1,244.7156982421875,1.3105865716934204,1.056077480316162,4.848506450653076,1,1.273494839668274,0.30000000000000004,7.5
13,1,0.0,1.6,6.0,1.382574821490126,2.0,8.1,245.2156982421875,1.3054068088531494,1.0683181285858154,4.848506450653076,1,1.268315076828003,0.30000000000000004,7.5
13,1,0.0,1.6,6.0,1.382574821490126,2.0,8.1,245.7156982421875,1.3003647327423096,1.080460548400879,4.848506450653076,1,1.263273000717163,0.30000000000000004,7.5
13,1,0.0,1.6,6.0,1.382574821490126,2.0,8.1,246.2156982421875,1.2954580783843994,1.0925077199935913,4.848506450653076,1,1.258366346359253,0.30000000000000004,7.5
13,1,0.0,1.6,6.0,1.382574821490126,2.0,8.1,246.7156982421875,1.290684461593628,1.1044626235961914,4.848506450653076,1,1.2535927295684814,0.30000000000000004,7.5
13,1,0.0,1.6,6.0,1.382574821490126,2.0,8.1,247.2156982421875,1.2860417366027832,1.1163280010223389,4.848506450653076,1,1.2489500045776367,0.30000000000000004,7.5
13,1,0.0,1.6,6.0,1.382574821490126,2.0,8.1,247.7156982421875,1.2815276384353638,1.128106713294983,4.848506450653076,1,1.2444359064102173,0.30000000000000004,7.5
13,1,0.0,1.6,6.0,1.382574821490126,2.0,8.1,248.2156982421875,1.2771402597427368,1.1398013830184937,4.848506450653076,1,1.2400485277175903,0.30000000000000004,7.5
13,1,0.0,1.6,6.0,1.382574821490126,2.0,8.1,248.7156982421875,1.2728773355484009,1.1514148712158203,4.848506450653076,1,1.2357856035232544,0.30000000000000004,7.5
13,1,0.0,1.6,6.0,1.382574821490126,2.0,8.1,249.2156982421875,1.2687371969223022,1.1629496812820435,4.848506450653076,1,1.2316454648971558,0.30000000000000004,7.5
13,1,0.0,1.6,6.0,1.382574821490126,2.0,8.1,249.7156982421875,1.2647178173065186,1.1744083166122437,4.848506450653076,1,1.227626085281372,0.30000000000000004,7.5
13,1,0.0,1.6,6.0,1.382574821490126,2.0,8.1,250.2156982421875,1.260817527770996,1.1857932806015015,4.848506450653076,1,1.2237257957458496,0.30000000000000004,7.5
13,1,0.0,1.6,6.0,1.382574821490126,2.0,8.1,250.7156982421875,1.2570345401763916,1.197106957435608,4.848506450653076,1,1.2199428081512451,0.30000000000000004,7.5
13,1,0.0,1.6,6.0,1.382574821490126,2.0,8.1,251.2156982421875,1.2533671855926514,1.208351731300354,4.848506450653076,1,1.2162754535675049,0.30000000000000004,7.5
13,1,0.0,1.6,6.0,1.382574821490126,2.0,8.1,251.7156982421875,1.2498139142990112,1.2195299863815308,4.848506450653076,1,1.2127221822738647,0.30000000000000004,7.5
13,1,0.0,1.6,6.0,1.382574821490126,2.0,8.1,252.2156982421875,1.2463730573654175,1.23064386844635,4.848506450653076,1,1.209281325340271,0.30000000000000004,7.5
13,1,0.0,1.6,6.0,1.382574821490126,2.0,8.1,252.7156982421875,1.2430434226989746,1.2416958808898926,4.848506450653076,1,1.2059516906738281,0.30000000000000004,7.5
13,1,0.0,1.6,6.0,1.382574821490126,2.0,8.1,253.2156982421875,1.239823341369629,1.252687931060791,4.848506450653076,1,1.2027316093444824,0.30000000000000004,7.5
13,1,0.0,1.6,6.0,1.382574821490126,2.0,8.1,253.7156982421875,4.204269886016846,0.43150800466537476,2.0,1,4.167178153991699,0.30000000000000004,7.5
13,1,0.0,1.6,6.0,1.382574821490126,2.0,8.1,254.2156982421875,4.193831920623779,0.46929800510406494,2.0,1,4.156740188598633,0.30000000000000004,7.5
13,1,0.0,1.6,6.0,1.382574821490126,2.0,8.1,254.7156982421875,4.183760643005371,0.5069019794464111,2.0,1,4.146668910980225,0.30000000000000004,7.5
13,1,0.0,1.6,6.0,1.382574821490126,2.0,8.1,255.2156982421875,4.174052715301514,0.5443270802497864,2.0,1,4.136960983276367,0.30000000000000004,7.5
13,1,0.0,1.6,6.0,1.382574821490126,2.0,8.1,255.7156982421875,4.164703369140625,0.5815801620483398,2.0,1,4.1276116371154785,0.30000000000000004,7.5
13,1,0.0,1.6,6.0,1.382574821490126,2.0,8.1,256.2156982421875,4.155709743499756,0.6186680197715759,2.0,1,4.118618011474609,0.30000000000000004,7.5
13,1,0.0,1.6,6.0,1.382574821490126,2.0,8.1,256.7156982421875,4.147067070007324,0.655597448348999,2.0,1,4.109975337982178,0.30000000000000004,7.5
13,1,0.0,1.6,6.0,1.382574821490126,2.0,8.1,257.2156982421875,4.138772487640381,0.6923750042915344,2.0,1,4.101680755615234,0.30000000000000004,7.5
13,1,0.0,1.6,6.0,1.382574821490126,2.0,8.1,257.7156982421875,4.13082218170166,0.7290072441101074,2.0,1,4.093730449676514,0.30000000000000004,7.5
13,1,0.0,1.6,6.0,1.382574821490126,2.0,8.1,258.2156982421875,4.123213291168213,0.7655004262924194,2.0,1,4.086121559143066,0.30000000000000004,7.5
13,1,0.0,1.6,6.0,1.382574821490126,2.0,8.1,258.7156982421875,4.11594295501709,0.801861047744751,2.0,1,4.078851222991943,0.30000000000000004,7.5
13,2,0.0,2.0,8.1,-2.8023000391357487,0.30000000000000004,7.5,19.440034866333008,2.06437349319458,4.0,8.805882453918457,1,2.120912551879883,0.30000000000000004,7.5
13,2,0.0,2.0,8.1,-2.8023000391357487,0.30000000000000004,7.5,19.940034866333008,2.071007251739502,4.0,8.825571060180664,1,2.1275463104248047,0.30000000000000004,7.5
13,2,0.0,2.0,8.1,-2.8023000391357487,0.30000000000000004,7.5,20.440034866333008,2.077845573425293,4.0,8.84538459777832,1,2.1343846321105957,0.30000000000000004,7.5
13,2,0.0,2.0,8.1,-2.8023000391357487,0.30000000000000004,7.5,20.940034866333008,2.0848917961120605,4.0,8.865327835083008,1,2.1414308547973633,0.30000000000000004,7.5
13,2,0.0,2.0,8.1,-2.8023000391357487,0.30000000000000004,7.5,21.440034866333008,2.092148780822754,4.0,8.885403633117676,1,2.1486878395080566,0.30000000000000004,7.5
13,2,0.0,2.0,8.1,-2.8023000391357487,0.30000000000000004,7.5,21.940034866333008,2.0996198654174805,4.0,8.905618667602539,1,2.156158924102783,0.30000000000000004,7.5
13,2,0.0,2.0,8.1,-2.8023000391357487,0.30000000000000004,7.5,22.440034866333008,0.0,,,0,2.1638474464416504,0.30000000000000004,7.5
13,2,0.0,2.0,8.1,-2.8023000391357487,0.30000000000000004,7.5,22.940034866333008,2.115218162536621,4.0,8.946480751037598,1,2.171757221221924,0.30000000000000004,7.5
13,2,0.0,2.0,8.1,-2.8023000391357487,0.30000000000000004,7.5,23.440034866333008,2.123352289199829,4.0,8.967137336730957,1,2.179891347885132,0.30000000000000004,7.5
13,2,0.0,2.0,8.1,-2.8023000391357487,0.30000000000000004,7.5,23.940034866333008,2.1317150592803955,4.0,8.987950325012207,1,2.1882541179656982,0.30000000000000004,7.5
13,2,0.0,2.0,8.1,-2.8023000391357487,0.30000000000000004,7.5,24.440034866333008,2.140310049057007,4.0,9.008925437927246,1,2.1968491077423096,0.30000000000000004,7.5
13,2,0.0,2.0,8.1,-2.8023000391357487,0.30000000000000004,7.5,24.940034866333008,2.149141550064087,4.0,9.030068397521973,1,2.2056806087493896,0.30000000000000004,7.5
13,2,0.0,2.0,8.1,-2.8023000391357487,0.30000000000000004,7.5,25.440034866333008,2.151517152786255,3.993952989578247,9.048506736755371,1,2.2080562114715576,0.30000000000000004,7.5
13,2,0.0,2.0,8.1,-2.8023000391357487,0.30000000000000004,7.5,25.940034866333008,2.111821413040161,3.9499032497406006,9.048506736755371,1,2.168360471725464,0.30000000000000004,7.5
13,2,0.0,2.0,8.1,-2.8023000391357487,0.30000000000000004,7.5,26.440034866333008,2.0736868381500244,3.9074060916900635,9.048506736755371,1,2.130225896835327,0.30000000000000004,7.5
13,2,0.0,2.0,8.1,-2.8023000391357487,0.30000000000000004,7.5,26.940034866333008,2.037027359008789,3.866374969482422,9.048506736755371,1,2.093566417694092,0.30000000000000004,7.5
13,2,0.0,2.0,8.1,-2.8023000391357487,0.30000000000000004,7.5,27.440034866333008,2.0017621517181396,3.8267290592193604,9.048506736755371,1,2.0583012104034424,0.30000000000000004,7.5
13,2,0.0,2.0,8.1,-2.8023000391357487,0.30000000000000004,7.5,27.940034866333008,1.9678170680999756,3.788393974304199,9.048506736755371,1,2.0243561267852783,0.30000000000000004,7.5
13,2,0.0,2.0,8.1,-2.8023000391357487,0.30000000000000004,7.5,28.440034866333008,1.9351224899291992,3.7512998580932617,9.048506736755371,1,1.991661548614502,0.30000000000000004,7.5
13,2,0.0,2.0,8.1,-2.8023000391357487,0.30000000000000004,7.5,28.940034866333008,1.9036142826080322,3.7153823375701904,9.048506736755371,1,1.960153341293335,0.30000000000000004,7.5
13,2,0.0,2.0,8.1,-2.8023000391357487,0.30000000000000004,7.5,29.440034866333008,1.8732320070266724,3.6805808544158936,9.048506736755371,1,1.929771065711975,0.30000000000000004,7.5
13,2,0.0,2.0,8.1,-2.8023000391357487,0.30000000000000004,7.5,29.940034866333008,1.8439198732376099,3.6468393802642822,9.048506736755371,1,1.9004589319229126,0.30000000000000004,7.5
13,2,0.0,2.0,8.1,-2.8023000391357487,0.30000000000000004,7.5,30.440034866333008,0.0,,,0,1.872164249420166,0.30000000000000004,7.5
13,2,0.0,2.0,8.1,-2.8023000391357487,0.30000000000000004,7.5,30.940034866333008,1.7882992029190063,3.5823285579681396,9.048506736755371,1,1.844838261604309,0.30000000000000004,7.5
13,2,0.0,2.0,8.1,-2.8023000391357487,0.30000000000000004,7.5,31.440034866333008,1.7618958950042725,3.551464080810547,9.048506736755371,1,1.8184349536895752,0.30000000000000004,7.5
13,2,0.0,2.0,8.1,-2.8023000391357487,0.30000000000000004,7.5,31.940034866333008,1.7363722324371338,3.5214686393737793,9.048506736755371,1,1.7929112911224365,0.30000000000000004,7.5
13,2,0.0,2.0,8.1,-2.8023000391357487,0.30000000000000004,7.5,32.440032958984375,1.7116880416870117,3.4923009872436523,9.048506736755371,1,1.7682271003723145,0.30000000000000004,7.5
13,2,0.0,2.0,8.1,-2.8023000391357487,0.30000000000000004,7.5,32.940032958984375,1.6878052949905396,3.463923692703247,9.048506736755371,1,1.7443443536758423,0.30000000000000004,7.5
13,2,0.0,2.0,8.1,-2.8023000391357487,0.30000000000000004,7.5,33.440032958984375,1.6646884679794312,3.436300754547119,9.048506736755371,1,1.7212275266647339,0.30000000000000004,7.5
13,2,0.0,2.0,8.1,-2.8023000391357487,0.30000000000000004,7.5,33.940032958984375,1.6423039436340332,3.409398078918457,9.048506736755371,1,1.698843002319336,0.30000000000000004,7.5
13,2,0.0,2.0,8.1,-2.8023000391357487,0.30000000000000004,7.5,34.440032958984375,1.6206202507019043,3.3831844329833984,9.048506736755371,1,1.677159309387207,0.30000000000000004,7.5
13,2,0.0,2.0,8.1,-2.8023000391357487,0.30000000000000004,7.5,34.940032958984375,1.5996077060699463,3.3576295375823975,9.048506736755371,1,1.656146764755249,0.30000000000000004,7.5
13,2,0.0,2.0,8.1,-2.8023000391357487,0.30000000000000004,7.5,35.440032958984375,1.5792381763458252,3.332705020904541,9.048506736755371,1,1.635777235031128,0.30000000000000004,7.5
13,2,0.0,2.0,8.1,-2.8023000391357487,0.30000000000000004,7.5,35.940032958984375,1.5594851970672607,3.308384418487549,9.048506736755371,1,1.6160242557525635,0.30000000000000004,7.5
13,2,0.0,2.0,8.1,-2.8023000391357487,0.30000000000000004,7.5,36.440032958984375,1.5403237342834473,3.284642457962036,9.048506736755371,1,1.59686279296875,0.30000000000000004,7.5
13,2,0.0,2.0,8.1,-2.8023000391357487,0.30000000000000004,7.5,36.940032958984375,1.5217301845550537,3.2614552974700928,9.048506736755371,1,1.5782692432403564,0.30000000000000004,7.5
13,2,0.0,2.0,8.1,-2.8023000391357487,0.30000000000000004,7.5,37.440032958984375,1.503682017326355,3.238800048828125,9.048506736755371,1,1.5602210760116577,0.30000000000000004,7.5
13,2,0.0,2.0,8.1,-2.8023000391357487,0.30000000000000004,7.5,37.940032958984375,1.4861581325531006,3.2166552543640137,9.048506736755371,1,1.5426971912384033,0.30000000000000004,7.5
13,2,0.0,2.0,8.1,-2.8023000391357487,0.30000000000000004,7.5,38.440032958984375,1.4691383838653564,3.1950008869171143,9.048506736755371,1,1.5256774425506592,0.30000000000000004,7.5
13,2,0.0,2.0,8.1,-2.8023000391357487,0.30000000000000004,7.5,38.940032958984375,1.452603816986084,3.1738176345825195,9.048506736755371,1,1.5091428756713867,0.30000000000000004,7.5
13,2,0.0,2.0,8.1,-2.8023000391357487,0.30000000000000004,7.5,39.440032958984375,1.4365363121032715,3.1530869007110596,9.048506736755371,1,1.4930753707885742,0.30000000000000004,7.5
13,2,0.0,2.0,8.1,-2.8023000391357487,0.30000000000000004,7.5,39.940032958984375,1.420918583869934,3.132791519165039,9.048506736755371,1,1.4774576425552368,0.30000000000000004,7.5
13,2,0.0,2.0,8.1,-2.8023000391357487,0.30000000000000004,7.5,40.440032958984375,1.4057344198226929,3.112914800643921,9.048506736755371,1,1.4622734785079956,0.30000000000000004,7.5
13,2,0.0,2.0,8.1,-2.8023000391357487,0.30000000000000004,7.5,40.940032958984375,0.0,,,0,1.447507381439209,0.30000000000000004,7.5
13,2,0.0,2.0,8.1,-2.8023000391357487,0.30000000000000004,7.5,41.440032958984375,1.37660551071167,3.074355125427246,9.048506736755371,1,1.4331445693969727,0.30000000000000004,7.5
13,2,0.0,2.0,8.1,-2.8023000391357487,0.30000000000000004,7.5,41.940032958984375,1.362631916999817,3.05564284324646,9.048506736755371,1,1.4191709756851196,0.30000000000000004,7.5
13,2,0.0,2.0,8.1,-2.8023000391357487,0.30000000000000004,7.5,42.440032958984375,1.3490341901779175,3.037290573120117,9.048506736755371,1,1.4055732488632202,0.30000000000000004,7.5
13,2,0.0,2.0,8.1,-2.8023000391357487,0.30000000000000004,7.5,42.940032958984375,1.3357995748519897,3.019285202026367,9.048506736755371,1,1.3923386335372925,0.30000000000000004,7.5
13,2,0.0,2.0,8.1,-2.8023000391357487,0.30000000000000004,7.5,43.440032958984375,1.3229159116744995,3.001614570617676,9.048506736755371,1,1.3794549703598022,0.30000000000000004,7.5
13,2,0.0,2.0,8.1,-2.8023000391357487,0.30000000000000004,7.5,43.940032958984375,1.31037175655365,2.984266519546509,9.048506736755371,1,1.3669108152389526,0.30000000000000004,7.5
13,2,0.0,2.0,8.1,-2.8023000391357487,0.30000000000000004,7.5,44.440032958984375,1.2981557846069336,2.9672298431396484,9.048506736755371,1,1.3546948432922363,0.30000000000000004,7.5
13,2,0.0,2.0,8.1,-2.8023000391357487,0.30000000000000004,7.5,44.940032958984375,1.2862576246261597,2.950493812561035,9.048506736755371,1,1.3427966833114624,0.30000000000000004,7.5
13,2,0.0,2.0,8.1,-2.8023000391357487,0.30000000000000004,7.5,45.440032958984375,1.2746671438217163,2.9340479373931885,9.048506736755371,1,1.331206202507019,0.30000000000000004,7.5
13,2,0.0,2.0,8.1,-2.8023000391357487,0.30000000000000004,7.5,45.940032958984375,1.26337468624115,2.9178824424743652,9.048506736755371,1,1.3199137449264526,0.30000000000000004,7.5
13,2,0.0,2.0,8.1,-2.8023000391357487,0.30000000000000004,7.5,46.440032958984375,0.0,,,0,1.3089101314544678,0.30000000000000004,7.5
13,2,0.0,2.0,8.1,-2.8023000391357487,0.30000000000000004,7.5,46.940032958984375,1.241647481918335,2.8863542079925537,9.048506736755371,1,1.2981865406036377,0.30000000000000004,7.5
13,2,0.0,2.0,8.1,-2.8023000391357487,0.30000000000000004,7.5,47.440032958984375,1.2311954498291016,2.870974063873291,9.048506736755371,1,1.2877345085144043,0.30000000000000004,7.5
13,2,0.0,2.0,8.1,-2.8023000391357487,0.30000000000000004,7.5,47.940032958984375,1.2210067510604858,2.8558382987976074,9.048506736755371,1,1.2775458097457886,0.30000000000000004,7.5
13,2,0.0,2.0,8.1,-2.8023000391357487,0.30000000000000004,7.5,48.440032958984375,1.211073875427246,2.8409390449523926,9.048506736755371,1,1.2676129341125488,0.30000000000000004,7.5
13,2,0.0,2.0,8.1,-2.8023000391357487,0.30000000000000004,7.5,48.940032958984375,1.2013894319534302,2.826268434524536,9.048506736755371,1,1.257928490638733,0.30000000000000004,7.5
13,2,0.0,2.0,8.1,-2.8023000391357487,0.30000000000000004,7.5,49.440032958984375,0.0,,,0,1.2484850883483887,0.30000000000000004,7.5
13,2,0.0,2.0,8.1,-2.8023000391357487,0.30000000000000004,7.5,49.940032958984375,1.182737112045288,2.7975845336914062,9.048506736755371,1,1.2392761707305908,0.30000000000000004,7.5
13,2,0.0,2.0,8.1,-2.8023000391357487,0.30000000000000004,7.5,50.440032958984375,1.1737560033798218,2.7835569381713867,9.048506736755371,1,1.2302950620651245,0.30000000000000004,7.5
13,2,0.0,2.0,8.1,-2.8023000391357487,0.30000000000000004,7.5,50.940032958984375,1.16499662399292,2.76973032951355,9.048506736755371,1,1.2215356826782227,0.30000000000000004,7.5
13,2,0.0,2.0,8.1,-2.8023000391357487,0.30000000000000004,7.5,51.440032958984375,1.1564526557922363,2.7560982704162598,9.048506736755371,1,1.212991714477539,0.30000000000000004,7.5
13,2,0.0,2.0,8.1,-2.8023000391357487,0.30000000000000004,7.5,51.940032958984375,1.148118495941162,2.742654323577881,9.048506736755371,1,1.2046575546264648,0.30000000000000004,7.5
13,2,0.0,2.0,8.1,-2.8023000391357487,0.30000000000000004,7.5,52.440032958984375,1.139988660812378,2.7293930053710938,9.048506736755371,1,1.1965277194976807,0.30000000000000004,7.5
13,2,0.0,2.0,8.1,-2.8023000391357487,0.30000000000000004,7.5,52.940032958984375,1.1320576667785645,2.716308355331421,9.048506736755371,1,1.1885967254638672,0.30000000000000004,7.5
13,2,0.0,2.0,8.1,-2.8023000391357487,0.30000000000000004,7.5,53.440032958984375,0.0,,,0,1.1808595657348633,0.30000000000000004,7.5
13,2,0.0,2.0,8.1,-2.8023000391357487,0.30000000000000004,7.5,53.940032958984375,1.116772174835205,2.690648078918457,9.048506736755371,1,1.1733112335205078,0.30000000000000004,7.5
13,2,0.0,2.0,8.1,-2.8023000391357487,0.30000000000000004,7.5,54.440032958984375,1.109407901763916,2.6780619621276855,9.048506736755371,1,1.1659469604492188,0.30000000000000004,7.5
13,2,0.0,2.0,8.1,-2.8023000391357487,0.30000000000000004,7.5,54.940032958984375,1.10222327709198,2.6656317710876465,9.048506736755371,1,1.1587623357772827,0.30000000000000004,7.5
13,2,0.0,2.0,8.1,-2.8023000391357487,0.30000000000000004,7.5,55.440032958984375,3.4691286087036133,4.0,11.003503799438477,1,3.525667667388916,0.30000000000000004,7.5
13,2,0.0,2.0,8.1,-2.8023000391357487,0.30000000000000004,7.5,55.940032958984375,3.51450514793396,4.0,11.058438301086426,1,3.5710442066192627,0.30000000000000004,7.5
13,2,0.0,2.0,8.1,-2.8023000391357487,0.30000000000000004,7.5,56.440032958984375,3.5613443851470947,4.0,11.1148099899292,1,3.6178834438323975,0.30000000000000004,7.5
13,2,0.0,2.0,8.1,-2.8023000391357487,0.30000000000000004,7.5,56.940032958984375,3.6097114086151123,4.0,11.172684669494629,1,3.666250467300415,0.30000000000000004,7.5
13,2,0.0,2.0,8.1,-2.8023000391357487,0.30000000000000004,7.5,57.440032958984375,3.6596758365631104,4.0,11.232132911682129,1,3.716214895248413,0.30000000000000004,7.5
13,2,0.0,2.0,8.1,-2.8023000391357487,0.30000000000000004,7.5,57.940032958984375,3.7113120555877686,4.0,11.293227195739746,1,3.7678511142730713,0.30000000000000004,7.5
13,2,0.0,2.0,8.1,-2.8023000391357487,0.30000000000000004,7.5,58.440032958984375,3.7646985054016113,4.0,11.356049537658691,1,3.821237564086914,0.30000000000000004,7.5
13,2,0.0,2.0,8.1,-2.8023000391357487,0.30000000000000004,7.5,58.940032958984375,3.8199191093444824,4.0,11.420681953430176,1,3.876458168029785,0.30000000000000004,7.5
13,2,0.0,2.0,8.1,-2.8023000391357487,0.30000000000000004,7.5,59.440032958984375,3.8770627975463867,4.0,11.487215042114258,1,3.9336018562316895,0.30000000000000004,7.5
13,2,0.0,2.0,8.1,-2.8023000391357487,0.30000000000000004,7.5,59.940032958984375,3.936225175857544,4.0,11.555744171142578,1,3.9927642345428467,0.30000000000000004,7.5
13,2,0.0,2.0,8.1,-2.8023000391357487,0.30000000000000004,7.5,60.440032958984375,3.9975080490112305,4.0,11.626371383666992,1,4.054047107696533,0.30000000000000004,7.5
13,2,0.0,2.0,8.1,-2.8023000391357487,0.30000000000000004,7.5,60.940032958984375,4.061019420623779,4.0,11.699206352233887,1,4.117558479309082,0.30000000000000004,7.5
13,2,0.0,2.0,8.1,-2.8023000391357487,0.30000000000000004,7.5,61.440032958984375,4.126876354217529,4.0,11.77436637878418,1,4.183415412902832,0.30000000000000004,7.5
13,2,0.0,2.0,8.1,-2.8023000391357487,0.30000000000000004,7.5,61.940032958984375,4.1952033042907715,4.0,11.851974487304688,1,4.251742362976074,0.30000000000000004,7.5
13,2,0.0,2.0,8.1,-2.8023000391357487,0.30000000000000004,7.5,62.440032958984375,4.266133785247803,4.0,11.932167053222656,1,4.3226728439331055,0.30000000000000004,7.5
13,2,0.0,2.0,8.1,-2.8023000391357487,0.30000000000000004,7.5,62.940032958984375,4.3398118019104,4.0,12.01508617401123,1,4.396350860595703,0.30000000000000004,7.5
13,2,0.0,2.0,8.1,-2.8023000391357487,0.30000000000000004,7.5,63.440032958984375,0.0,,,0,4.472929954528809,0.30000000000000004,7.5
13,2,0.0,2.0,8.1,-2.8023000391357487,0.30000000000000004,7.5,63.940032958984375,4.496038436889648,4.0,12.189738273620605,1,4.552577495574951,0.30000000000000004,7.5
13,2,0.0,2.0,8.1,-2.8023000391357487,0.30000000000000004,7.5,64.44003295898438,4.578933238983154,4.0,12.281818389892578,1,4.635472297668457,0.30000000000000004,7.5
13,2,0.0,2.0,8.1,-2.8023000391357487,0.30000000000000004,7.5,64.94003295898438,4.665268898010254,4.0,12.377320289611816,1,4.721807956695557,0.30000000000000004,7.5
13,2,0.0,2.0,8.1,-2.8023000391357487,0.30000000000000004,7.5,65.44003295898438,4.755255222320557,4.0,12.476455688476562,1,4.811794281005859,0.30000000000000004,7.5
13,2,0.0,2.0,8.1,-2.8023000391357487,0.30000000000000004,7.5,65.94003295898438,4.849118709564209,4.0,12.579450607299805,1,4.905657768249512,0.30000000000000004,7.5
13,2,0.0,2.0,8.1,-2.8023000391357487,0.30000000000000004,7.5,66.44003295898438,4.947105884552002,4.0,12.686552047729492,1,5.003644943237305,0.30000000000000004,7.5
13,2,0.0,2.0,8.1,-2.8023000391357487,0.30000000000000004,7.5,66.94003295898438,5.049483776092529,4.0,12.798027992248535,1,5.106022834777832,0.30000000000000004,7.5
13,2,0.0,2.0,8.1,-2.8023000391357487,0.30000000000000004,7.5,67.44003295898438,0.0,,,0,5.213082790374756,0.30000000000000004,7.5
13,2,0.0,2.0,8.1,-2.8023000391357487,0.30000000000000004,7.5,67.94003295898438,5.268603801727295,4.0,13.035296440124512,1,5.325142860412598,0.30000000000000004,7.5
13,2,0.0,2.0,8.1,-2.8023000391357487,0.30000000000000004,7.5,68.44003295898438,5.386011123657227,4.0,13.16175365447998,1,5.442550182342529,0.30000000000000004,7.5
13,2,0.0,2.0,8.1,-2.8023000391357487,0.30000000000000004,7.5,68.94003295898438,5.509145736694336,4.0,13.293924331665039,1,5.565684795379639,0.30000000000000004,7.5
13,2,0.0,2.0,8.1,-2.8023000391357487,0.30000000000000004,7.5,69.44003295898438,5.638424396514893,4.0,13.432223320007324,1,5.694963455200195,0.30000000000000004,7.5
13,2,0.0,2.0,8.1,-2.8023000391357487,0.30000000000000004,7.5,69.94003295898438,5.774306297302246,4.0,13.577112197875977,1,5.830845355987549,0.30000000000000004,7.5
13,2,0.0,2.0,8.1,-2.8023000391357487,0.30000000000000004,7.5,70.44003295898438,5.91729736328125,4.0,13.729095458984375,1,5.973836421966553,0.30000000000000004,7.5
13,2,0.0,2.0,8.1,-2.8023000391357487,0.30000000000000004,7.5,70.94003295898438,6.06795597076416,4.0,13.888733863830566,1,6.124495029449463,0.30000000000000004,7.5
13,2,0.0,2.0,8.1,-2.8023000391357487,0.30000000000000004,7.5,71.44003295898438,6.226901054382324,4.0,14.056644439697266,1,6.283440113067627,0.30000000000000004,7.5
13,2,0.0,2.0,8.1,-2.8023000391357487,0.30000000000000004,7.5,71.94003295898438,0.0,,,0,6.451359272003174,0.30000000000000004,7.5
13,2,0.0,2.0,8.1,-2.8023000391357487,0.30000000000000004,7.5,72.44003295898438,6.572479724884033,4.0,14.420117378234863,1,6.629018783569336,0.30000000000000004,7.5
13,2,0.0,2.0,8.1,-2.8023000391357487,0.30000000000000004,7.5,72.94003295898438,6.760734558105469,4.0,14.617301940917969,1,6.8172736167907715,0.30000000000000004,7.5
13,2,0.0,2.0,8.1,-2.8023000391357487,0.30000000000000004,7.5,73.44003295898438,6.960545063018799,4.0,14.826028823852539,1,7.017084121704102,0.30000000000000004,7.5
13,2,0.0,2.0,8.1,-2.8023000391357487,0.30000000000000004,7.5,73.94003295898438,7.172988414764404,4.0,15.047378540039062,1,7.229527473449707,0.30000000000000004,7.5
13,2,0.0,2.0,8.1,-2.8023000391357487,0.30000000000000004,7.5,74.44003295898438,7.399282932281494,4.0,15.282567977905273,1,7.455821990966797,0.30000000000000004,7.5
13,2,0.0,2.0,8.1,-2.8023000391357487,0.30000000000000004,7.5,74.94003295898438,7.640806674957275,4.0,15.532976150512695,1,7.697345733642578,0.30000000000000004,7.5
13,2,0.0,2.0,8.1,-2.8023000391357487,0.30000000000000004,7.5,75.44003295898438,7.899127960205078,4.0,15.800171852111816,1,7.955667018890381,0.30000000000000004,7.5
13,2,0.0,2.0,8.1,-2.8023000391357487,0.30000000000000004,7.5,75.94003295898438,8.17603874206543,4.0,16.085947036743164,1,8.23257827758789,0.30000000000000004,7.5
13,2,0.0,2.0,8.1,-2.8023000391357487,0.30000000000000004,7.5,76.44003295898438,8.275721549987793,3.953606128692627,16.200000762939453,1,8.332261085510254,0.30000000000000004,7.5
13,2,0.0,2.0,8.1,-2.8023000391357487,0.30000000000000004,7.5,76.94003295898438,8.258537292480469,3.8789637088775635,16.200000762939453,1,8.31507682800293,0.30000000000000004,7.5
13,2,0.0,2.0,8.1,-2.8023000391357487,0.30000000000000004,7.5,77.44003295898438,8.24205493927002,3.8046228885650635,16.200000762939453,1,8.29859447479248,0.30000000000000004,7.5
13,2,0.0,2.0,8.1,-2.8023000391357487,0.30000000000000004,7.5,77.94003295898438,8.226266860961914,3.7305705547332764,16.200000762939453,1,8.282806396484375,0.30000000000000004,7.5
13,2,0.0,2.0,8.1,-2.8023000391357487,0.30000000000000004,7.5,78.44003295898438,8.211166381835938,3.6567938327789307,16.200000762939453,1,8.267705917358398,0.30000000000000004,7.5
13,2,0.0,2.0,8.1,-2.8023000391357487,0.30000000000000004,7.5,78.94003295898438,8.196749687194824,3.583280086517334,16.200000762939453,1,8.253289222717285,0.30000000000000004,7.5
13,2,0.0,2.0,8.1,-2.8023000391357487,0.30000000000000004,7.5,79.44003295898438,8.183008193969727,3.510016441345215,16.200000762939453,1,8.239547729492188,0.30000000000000004,7.5
13,2,0.0,2.0,8.1,-2.8023000391357487,0.30000000000000004,7.5,79.94003295898438,8.169939041137695,3.4369912147521973,16.200000762939453,1,8.226478576660156,0.30000000000000004,7.5
13,2,0.0,2.0,8.1,-2.8023000391357487,0.30000000000000004,7.5,80.44003295898438,8.1575345993042,3.3641915321350098,16.200000762939453,1,8.21407413482666,0.30000000000000004,7.5
13,2,0.0,2.0,8.1,-2.8023000391357487,0.30000000000000004,7.5,80.94003295898438,8.145792007446289,3.2916054725646973,16.200000762939453,1,8.20233154296875,0.30000000000000004,7.5
13,2,0.0,2.0,8.1,-2.8023000391357487,0.30000000000000004,7.5,81.44003295898438,8.134705543518066,3.2192211151123047,16.200000762939453,1,8.191245079040527,0.30000000000000004,7.5
13,2,0.0,2.0,8.1,-2.8023000391357487,0.30000000000000004,7.5,81.94003295898438,0.0,,,0,8.180810928344727,0.30000000000000004,7.5
13,2,0.0,2.0,8.1,-2.8023000391357487,0.30000000000000004,7.5,82.44003295898438,8.114485740661621,3.0750107765197754,16.200000762939453,1,8.171025276184082,0.30000000000000004,7.5
13,2,0.0,2.0,8.1,-2.8023000391357487,0.30000000000000004,7.5,82.94003295898438,8.10534381866455,3.0031611919403076,16.200000762939453,1,8.161883354187012,0.30000000000000004,7.5
13,2,0.0,2.0,8.1,-2.8023000391357487,0.30000000000000004,7.5,83.44003295898438,8.096841812133789,2.931466817855835,16.200000762939453,1,8.15338134765625,0.30000000000000004,7.5
13,2,0.0,2.0,8.1,-2.8023000391357487,0.30000000000000004,7.5,83.94003295898438,8.088977813720703,2.8599162101745605,16.200000762939453,1,8.145517349243164,0.30000000000000004,7.5
13,2,0.0,2.0,8.1,-2.8023000391357487,0.30000000000000004,7.5,84.44003295898438,8.081748008728027,2.7884981632232666,16.200000762939453,1,8.138287544250488,0.30000000000000004,7.5
13,2,0.0,2.0,8.1,-2.8023000391357487,0.30000000000000004,7.5,84.94003295898438,8.075150489807129,2.7172012329101562,16.200000762939453,1,8.13169002532959,0.30000000000000004,7.5
13,2,0.0,2.0,8.1,-2.8023000391357487,0.30000000000000004,7.5,85.44003295898438,8.069181442260742,2.646014451980591,16.200000762939453,1,8.125720977783203,0.30000000000000004,7.5
13,2,0.0,2.0,8.1,-2.8023000391357487,0.30000000000000004,7.5,85.94003295898438,8.063838958740234,2.5749266147613525,16.200000762939453,1,8.120378494262695,0.30000000000000004,7.5
13,2,0.0,2.0,8.1,-2.8023000391357487,0.30000000000000004,7.5,86.44003295898438,0.8938010931015015,2.059009552001953,9.048506736755371,1,0.950340211391449,0.30000000000000004,7.5
13,2,0.0,2.0,8.1,-2.8023000391357487,0.30000000000000004,7.5,86.94003295898438,0.8933215737342834,2.0507044792175293,9.048506736755371,1,0.949860692024231,0.30000000000000004,7.5
13,2,0.0,2.0,8.1,-2.8023000391357487,0.30000000000000004,7.5,87.44003295898438,0.8929148316383362,2.042407274246216,9.048506736755371,1,0.9494539499282837,0.30000000000000004,7.5
13,2,0.0,2.0,8.1,-2.8023000391357487,0.30000000000000004,7.5,87.94003295898438,0.8925806283950806,2.034116506576538,9.048506736755371,1,0.9491197466850281,0.30000000000000004,7.5
13,2,0.0,2.0,8.1,-2.8023000391357487,0.30000000000000004,7.5,88.44003295898438,0.8923189640045166,2.0258309841156006,9.048506736755371,1,0.9488580822944641,0.30000000000000004,7.5
13,2,0.0,2.0,8.1,-2.8023000391357487,0.30000000000000004,7.5,88.94003295898438,0.8921296000480652,2.0175492763519287,9.048506736755371,1,0.9486687183380127,0.30000000000000004,7.5
13,2,0.0,2.0,8.1,-2.8023000391357487,0.30000000000000004,7.5,89.44003295898438,0.8920125961303711,2.009270191192627,9.048506736755371,1,0.9485517144203186,0.30000000000000004,7.5
13,2,0.0,2.0,8.1,-2.8023000391357487,0.30000000000000004,7.5,89.94003295898438,0.8919678330421448,2.000992774963379,9.048506736755371,1,0.9485069513320923,0.30000000000000004,7.5
13,2,0.0,2.0,8.1,-2.8023000391357487,0.30000000000000004,7.5,90.44003295898438,0.8919952511787415,1.9927152395248413,9.048506736755371,1,0.948534369468689,0.30000000000000004,7.5
13,2,0.0,2.0,8.1,-2.8023000391357487,0.30000000000000004,7.5,90.94003295898438,0.8920949697494507,1.9844367504119873,9.048506736755371,1,0.9486340880393982,0.30000000000000004,7.5
13,2,0.0,2.0,8.1,-2.8023000391357487,0.30000000000000004,7.5,91.44003295898438,0.8922669291496277,1.9761558771133423,9.048506736755371,1,0.9488060474395752,0.30000000000000004,7.5
13,2,0.0,2.0,8.1,-2.8023000391357487,0.30000000000000004,7.5,91.94003295898438,0.892511248588562,1.9678713083267212,9.048506736755371,1,0.9490503668785095,0.30000000000000004,7.5
13,2,0.0,2.0,8.1,-2.8023000391357487,0.30000000000000004,7.5,92.44003295898438,0.8928280472755432,1.9595818519592285,9.048506736755371,1,0.9493671655654907,0.30000000000000004,7.5
13,2,0.0,2.0,8.1,-2.8023000391357487,0.30000000000000004,7.5,92.94003295898438,0.8932173848152161,1.9512861967086792,9.048506736755371,1,0.9497565031051636,0.30000000000000004,7.5
13,2,0.0,2.0,8.1,-2.8023000391357487,0.30000000000000004,7.5,93.44003295898438,0.8936794400215149,1.9429832696914673,9.048506736755371,1,0.9502185583114624,0.30000000000000004,7.5
13,2,0.0,2.0,8.1,-2.8023000391357487,0.30000000000000004,7.5,93.94003295898438,0.894214391708374,1.934671401977539,9.048506736755371,1,0.9507535099983215,0.30000000000000004,7.5
13,2,0.0,2.0,8.1,-2.8023000391357487,0.30000000000000004,7.5,94.44003295898438,0.0,,,0,0.9513615369796753,0.30000000000000004,7.5
13,2,0.0,2.0,8.1,-2.8023000391357487,0.30000000000000004,7.5,94.94003295898438,0.8955037593841553,1.9180166721343994,9.048506736755371,1,0.9520428776741028,0.30000000000000004,7.5
13,2,0.0,2.0,8.1,-2.8023000391357487,0.30000000000000004,7.5,95.44003295898438,0.8962587118148804,1.9096710681915283,9.048506736755371,1,0.9527978301048279,0.30000000000000004,7.5
13,2,0.0,2.0,8.1,-2.8023000391357487,0.30000000000000004,7.5,95.94003295898438,0.897087574005127,1.9013115167617798,9.048506736755371,1,0.9536266922950745,0.30000000000000004,7.5
13,2,0.0,2.0,8.1,-2.8023000391357487,0.30000000000000004,7.5,96.44003295898438,0.8979905843734741,1.8929368257522583,9.048506736755371,1,0.9545297026634216,0.30000000000000004,7.5
13,2,0.0,2.0,8.1,-2.8023000391357487,0.30000000000000004,7.5,96.94003295898438,0.8989681601524353,1.8845455646514893,9.048506736755371,1,0.9555072784423828,0.30000000000000004,7.5
13,2,0.0,2.0,8.1,-2.8023000391357487,0.30000000000000004,7.5,97.44003295898438,0.9000206589698792,1.8761365413665771,9.048506736755371,1,0.9565597772598267,0.30000000000000004,7.5
13,2,0.0,2.0,8.1,-2.8023000391357487,0.30000000000000004,7.5,97.94003295898438,0.9011484384536743,1.8677083253860474,9.048506736755371,1,0.9576875567436218,0.30000000000000004,7.5
13,2,0.0,2.0,8.1,-2.8023000391357487,0.30000000000000004,7.5,98.44003295898438,0.9023520350456238,1.8592594861984253,9.048506736755371,1,0.9588911533355713,0.30000000000000004,7.5
13,2,0.0,2.0,8.1,-2.8023000391357487,0.30000000000000004,7.5,98.94003295898438,0.9036319255828857,1.8507888317108154,9.048506736755371,1,0.9601710438728333,0.30000000000000004,7.5
13,2,0.0,2.0,8.1,-2.8023000391357487,0.30000000000000004,7.5,99.44003295898438,0.9049884676933289,1.8422948122024536,9.048506736755371,1,0.9615275859832764,0.30000000000000004,7.5
13,2,0.0,2.0,8.1,-2.8023000391357487,0.30000000000000004,7.5,99.94003295898438,0.9064223170280457,1.8337761163711548,9.048506736755371,1,0.9629614353179932,0.30000000000000004,7.5
13,2,0.0,2.0,8.1,-2.8023000391357487,0.30000000000000004,7.5,100.44003295898438,0.9079340696334839,1.8252313137054443,9.048506736755371,1,0.9644731879234314,0.30000000000000004,7.5
13,2,0.0,2.0,8.1,-2.8023000391357487,0.30000000000000004,7.5,100.94003295898438,0.9095242023468018,1.8166589736938477,9.048506736755371,1,0.9660633206367493,0.30000000000000004,7.5
13,2,0.0,2.0,8.1,-2.8023000391357487,0.30000000000000004,7.5,101.44003295898438,0.9111933708190918,1.8080577850341797,9.048506736755371,1,0.9677324891090393,0.30000000000000004,7.5
13,2,0.0,2.0,8.1,-2.8023000391357487,0.30000000000000004,7.5,101.94003295898438,0.9129423499107361,1.7994260787963867,9.048506736755371,1,0.9694814682006836,0.30000000000000004,7.5
13,2,0.0,2.0,8.1,-2.8023000391357487,0.30000000000000004,7.5,102.44003295898438,0.9147717356681824,1.7907624244689941,9.048506736755371,1,0.9713108539581299,0.30000000000000004,7.5
13,2,0.0,2.0,8.1,-2.8023000391357487,0.30000000000000004,7.5,102.94003295898438,0.9166823029518127,1.7820653915405273,9.048506736755371,1,0.9732214212417603,0.30000000000000004,7.5
13,2,0.0,2.0,8.1,-2.8023000391357487,0.30000000000000004,7.5,103.44003295898438,0.9186747670173645,1.7733334302902222,9.048506736755371,1,0.975213885307312,0.30000000000000004,7.5
13,2,0.0,2.0,8.1,-2.8023000391357487,0.30000000000000004,7.5,103.94003295898438,0.9207500219345093,1.764564871788025,9.048506736755371,1,0.9772891402244568,0.30000000000000004,7.5
13,2,0.0,2.0,8.1,-2.8023000391357487,0.30000000000000004,7.5,104.44003295898438,0.9229089021682739,1.7557584047317505,9.048506736755371,1,0.9794480204582214,0.30000000000000004,7.5
13,2,0.0,2.0,8.1,-2.8023000391357487,0.30000000000000004,7.5,104.94003295898438,0.9251521825790405,1.7469121217727661,9.048506736755371,1,0.981691300868988,0.30000000000000004,7.5
13,2,0.0,2.0,8.1,-2.8023000391357487,0.30000000000000004,7.5,105.44003295898438,0.0,,,0,0.9840200543403625,0.30000000000000004,7.5
13,2,0.0,2.0,8.1,-2.8023000391357487,0.30000000000000004,7.5,105.94003295898438,0.0,,,0,0.9864351749420166,0.30000000000000004,7.5
13,2,0.0,2.0,8.1,-2.8023000391357487,0.30000000000000004,7.5,106.44003295898438,0.9323985576629639,1.7201191186904907,9.048506736755371,1,0.9889376759529114,0.30000000000000004,7.5
13,2,0.0,2.0,8.1,-2.8023000391357487,0.30000000000000004,7.5,106.94003295898438,0.9349895119667053,1.7110975980758667,9.048506736755371,1,0.9915286302566528,0.30000000000000004,7.5
13,2,0.0,2.0,8.1,-2.8023000391357487,0.30000000000000004,7.5,107.44003295898438,0.9376699328422546,1.7020281553268433,9.048506736755371,1,0.9942090511322021,0.30000000000000004,7.5
13,2,0.0,2.0,8.1,-2.8023000391357487,0.30000000000000004,7.5,107.94003295898438,0.9404410719871521,1.692908763885498,9.048506736755371,1,0.9969801902770996,0.30000000000000004,7.5
13,2,0.0,2.0,8.1,-2.8023000391357487,0.30000000000000004,7.5,108.44003295898438,0.9433040022850037,1.6837376356124878,9.048506736755371,1,0.9998431205749512,0.30000000000000004,7.5
13,2,0.0,2.0,8.1,-2.8023000391357487,0.30000000000000004,7.5,108.94003295898438,0.9462600350379944,1.6745131015777588,9.048506736755371,1,1.002799153327942,0.30000000000000004,7.5
13,2,0.0,2.0,8.1,-2.8023000391357487,0.30000000000000004,7.5,109.44003295898438,0.9493104815483093,1.6652330160140991,9.048506736755371,1,1.0058495998382568,0.30000000000000004,7.5
13,2,0.0,2.0,8.1,-2.8023000391357487,0.30000000000000004,7.5,109.94003295898438,0.952456533908844,1.655895709991455,9.048506736755371,1,1.0089956521987915,0.30000000000000004,7.5
13,2,0.0,2.0,8.1,-2.8023000391357487,0.30000000000000004,7.5,110.44003295898438,0.955699622631073,1.6464990377426147,9.048506736755371,1,1.0122387409210205,0.30000000000000004,7.5
13,2,0.0,2.0,8.1,-2.8023000391357487,0.30000000000000004,7.5,110.94003295898438,0.9590412974357605,1.6370409727096558,9.048506736755371,1,1.015580415725708,0.30000000000000004,7.5
13,2,0.0,2.0,8.1,-2.8023000391357487,0.30000000000000004,7.5,111.44003295898438,0.9624829888343811,1.6275196075439453,9.048506736755371,1,1.0190221071243286,0.30000000000000004,7.5
13,2,0.0,2.0,8.1,-2.8023000391357487,0.30000000000000004,7.5,111.94003295898438,0.9660261273384094,1.6179327964782715,9.048506736755371,1,1.022565245628357,0.30000000000000004,7.5
13,2,0.0,2.0,8.1,-2.8023000391357487,0.30000000000000004,7.5,112.44003295898438,0.9696725010871887,1.6082782745361328,9.048506736755371,1,1.0262116193771362,0.30000000000000004,7.5
13,2,0.0,2.0,8.1,-2.8023000391357487,0.30000000000000004,7.5,112.94003295898438,0.9734236598014832,1.598554015159607,9.048506736755371,1,1.0299627780914307,0.30000000000000004,7.5
13,2,0.0,2.0,8.1,-2.8023000391357487,0.30000000000000004,7.5,113.44003295898438,0.977281391620636,1.5887575149536133,9.048506736755371,1,1.0338205099105835,0.30000000000000004,7.5
13,2,0.0,2.0,8.1,-2.8023000391357487,0.30000000000000004,7.5,113.94003295898438,0.9812473654747009,1.57888662815094,9.048506736755371,1,1.0377864837646484,0.30000000000000004,7.5
13,2,0.0,2.0,8.1,-2.8023000391357487,0.30000000000000004,7.5,114.44003295898438,0.9853236079216003,1.568938970565796,9.048506736755371,1,1.0418627262115479,0.30000000000000004,7.5
13,2,0.0,2.0,8.1,-2.8023000391357487,0.30000000000000004,7.5,114.94003295898438,0.989512026309967,1.5589121580123901,9.048506736755371,1,1.0460511445999146,0.30000000000000004,7.5
13,2,0.0,2.0,8.1,-2.8023000391357487,0.30000000000000004,7.5,115.44003295898438,0.9938144087791443,1.5488035678863525,9.048506736755371,1,1.0503535270690918,0.30000000000000004,7.5
13,2,0.0,2.0,8.1,-2.8023000391357487,0.30000000000000004,7.5,115.94003295898438,0.9982331395149231,1.5386106967926025,9.048506736755371,1,1.0547722578048706,0.30000000000000004,7.5
13,2,0.0,2.0,8.1,-2.8023000391357487,0.30000000000000004,7.5,116.44003295898438,1.002770185470581,1.52833092212677,9.048506736755371,1,1.0593092441558838,0.30000000000000004,7.5
13,2,0.0,2.0,8.1,-2.8023000391357487,0.30000000000000004,7.5,116.94003295898438,0.0,,,0,1.0639668703079224,0.30000000000000004,7.5
13,2,0.0,2.0,8.1,-2.8023000391357487,0.30000000000000004,7.5,117.44003295898438,1.0122082233428955,1.5074998140335083,9.048506736755371,1,1.0687472820281982,0.30000000000000004,7.5
13,2,0.0,2.0,8.1,-2.8023000391357487,0.30000000000000004,7.5,117.94003295898438,1.0171140432357788,1.4969428777694702,9.048506736755371,1,1.0736531019210815,0.30000000000000004,7.5
13,2,0.0,2.0,8.1,-2.8023000391357487,0.30000000000000004,7.5,118.44003295898438,1.022147536277771,1.4862877130508423,9.048506736755371,1,1.0786865949630737,0.30000000000000004,7.5
13,2,0.0,2.0,8.1,-2.8023000391357487,0.30000000000000004,7.5,118.94003295898438,1.0273114442825317,1.4755312204360962,9.048506736755371,1,1.0838505029678345,0.30000000000000004,7.5
13,2,0.0,2.0,8.1,-2.8023000391357487,0.30000000000000004,7.5,119.44003295898438,1.0326082706451416,1.4646705389022827,9.048506736755371,1,1.0891473293304443,0.30000000000000004,7.5
13,2,0.0,2.0,8.1,-2.8023000391357487,0.30000000000000004,7.5,119.94003295898438,1.0380409955978394,1.4537023305892944,9.048506736755371,1,1.094580054283142,0.30000000000000004,7.5
13,2,0.0,2.0,8.1,-2.8023000391357487,0.30000000000000004,7.5,120.44003295898438,1.0436123609542847,1.4426233768463135,9.048506736755371,1,1.1001514196395874,0.30000000000000004,7.5
13,2,0.0,2.0,8.1,-2.8023000391357487,0.30000000000000004,7.5,120.94003295898438,1.0493253469467163,1.4314301013946533,9.048506736755371,1,1.105864405632019,0.30000000000000004,7.5
13,2,0.0,2.0,8.1,-2.8023000391357487,0.30000000000000004,7.5,121.44003295898438,1.0551831722259521,1.4201191663742065,9.048506736755371,1,1.1117222309112549,0.30000000000000004,7.5
13,2,0.0,2.0,8.1,-2.8023000391357487,0.30000000000000004,7.5,121.94003295898438,1.061188817024231,1.408686876296997,9.048506736755371,1,1.1177278757095337,0.30000000000000004,7.5
13,2,0.0,2.0,8.1,-2.8023000391357487,0.30000000000000004,7.5,122.44003295898438,1.0673458576202393,1.3971294164657593,9.048506736755371,1,1.123884916305542,0.30000000000000004,7.5
13,2,0.0,2.0,8.1,-2.8023000391357487,0.30000000000000004,7.5,122.94003295898438,1.0736576318740845,1.385443091392517,9.048506736755371,1,1.1301966905593872,0.30000000000000004,7.5
13,2,0.0,2.0,8.1,-2.8023000391357487,0.30000000000000004,7.5,123.44003295898438,1.0801277160644531,1.3736239671707153,9.048506736755371,1,1.1366667747497559,0.30000000000000004,7.5
13,2,0.0,2.0,8.1,-2.8023000391357487,0.30000000000000004,7.5,123.94003295898438,1.0867599248886108,1.3616676330566406,9.048506736755371,1,1.1432989835739136,0.30000000000000004,7.5
13,2,0.0,2.0,8.1,-2.8023000391357487,0.30000000000000004,7.5,124.44003295898438,1.0935580730438232,1.3495701551437378,9.048506736755371,1,1.150097131729126,0.30000000000000004,7.5
13,2,0.0,2.0,8.1,-2.8023000391357487,0.30000000000000004,7.5,124.94003295898438,1.100526213645935,1.337327003479004,9.048506736755371,1,1.1570652723312378,0.30000000000000004,7.5
13,2,0.0,2.0,8.1,-2.8023000391357487,0.30000000000000004,7.5,125.44003295898438,1.107668399810791,1.324933648109436,9.048506736755371,1,1.1642074584960938,0.30000000000000004,7.5
13,2,0.0,2.0,8.1,-2.8023000391357487,0.30000000000000004,7.5,125.94003295898438,1.114989161491394,1.3123853206634521,9.048506736755371,1,1.1715282201766968,0.30000000000000004,7.5
13,2,0.0,2.0,8.1,-2.8023000391357487,0.30000000000000004,7.5,126.44003295898438,1.1224929094314575,1.2996772527694702,9.048506736755371,1,1.1790319681167603,0.30000000000000004,7.5
13,2,0.0,2.0,8.1,-2.8023000391357487,0.30000000000000004,7.5,126.94003295898438,1.1301844120025635,1.2868043184280396,9.048506736755371,1,1.1867234706878662,0.30000000000000004,7.5
13,2,0.0,2.0,8.1,-2.8023000391357487,0.30000000000000004,7.5,127.44003295898438,1.138068437576294,1.2737613916397095,9.048506736755371,1,1.1946074962615967,0.30000000000000004,7.5
13,2,0.0,2.0,8.1,-2.8023000391357487,0.30000000000000004,7.5,127.94003295898438,1.1461501121520996,1.260542869567871,9.048506736755371,1,1.2026891708374023,0.30000000000000004,7.5
13,2,0.0,2.0,8.1,-2.8023000391357487,0.30000000000000004,7.5,128.44003295898438,1.1544346809387207,1.2471433877944946,9.048506736755371,1,1.2109737396240234,0.30000000000000004,7.5
13,2,0.0,2.0,8.1,-2.8023000391357487,0.30000000000000004,7.5,128.94003295898438,1.1629277467727661,1.233556866645813,9.048506736755371,1,1.2194668054580688,0.30000000000000004,7.5
13,2,0.0,2.0,8.1,-2.8023000391357487,0.30000000000000004,7.5,129.44003295898438,1.1716350317001343,1.2197774648666382,9.048506736755371,1,1.228174090385437,0.30000000000000004,7.5
13,2,0.0,2.0,8.1,-2.8023000391357487,0.30000000000000004,7.5,129.94003295898438,1.1805623769760132,1.2057987451553345,9.048506736755371,1,1.237101435661316,0.30000000000000004,7.5
13,2,0.0,2.0,8.1,-2.8023000391357487,0.30000000000000004,7.5,130.44003295898438,1.189716100692749,1.1916142702102661,9.048506736755371,1,1.2462551593780518,0.30000000000000004,7.5
13,2,0.0,2.0,8.1,-2.8023000391357487,0.30000000000000004,7.5,130.94003295898438,1.199102520942688,1.1772172451019287,9.048506736755371,1,1.2556415796279907,0.30000000000000004,7.5
13,2,0.0,2.0,8.1,-2.8023000391357487,0.30000000000000004,7.5,131.44003295898438,1.2087286710739136,1.1626005172729492,9.048506736755371,1,1.2652677297592163,0.30000000000000004,7.5
13,2,0.0,2.0,8.1,-2.8023000391357487,0.30000000000000004,7.5,131.94003295898438,1.2186012268066406,1.147756814956665,9.048506736755371,1,1.2751402854919434,0.30000000000000004,7.5
13,2,0.0,2.0,8.1,-2.8023000391357487,0.30000000000000004,7.5,132.44003295898438,1.2287278175354004,1.132678508758545,9.048506736755371,1,1.2852668762207031,0.30000000000000004,7.5
13,2,0.0,2.0,8.1,-2.8023000391357487,0.30000000000000004,7.5,132.94003295898438,1.2391159534454346,1.117357611656189,9.048506736755371,1,1.2956550121307373,0.30000000000000004,7.5
13,2,0.0,2.0,8.1,-2.8023000391357487,0.30000000000000004,7.5,133.44003295898438,1.2497737407684326,1.1017857789993286,9.048506736755371,1,1.3063127994537354,0.30000000000000004,7.5
13,2,0.0,2.0,8.1,-2.8023000391357487,0.30000000000000004,7.5,133.94003295898438,1.2607094049453735,1.0859545469284058,9.048506736755371,1,1.3172484636306763,0.30000000000000004,7.5
13,2,0.0,2.0,8.1,-2.8023000391357487,0.30000000000000004,7.5,134.44003295898438,1.271931767463684,1.069854736328125,9.048506736755371,1,1.3284708261489868,0.30000000000000004,7.5
13,2,0.0,2.0,8.1,-2.8023000391357487,0.30000000000000004,7.5,134.94003295898438,1.2834498882293701,1.0534769296646118,9.048506736755371,1,1.3399889469146729,0.30000000000000004,7.5
13,2,0.0,2.0,8.1,-2.8023000391357487,0.30000000000000004,7.5,135.44003295898438,1.2952733039855957,1.036811351776123,9.048506736755371,1,1.3518123626708984,0.30000000000000004,7.5
13,2,0.0,2.0,8.1,-2.8023000391357487,0.30000000000000004,7.5,135.94003295898438,1.307412028312683,1.0198478698730469,9.048506736755371,1,1.3639510869979858,0.30000000000000004,7.5
13,2,0.0,2.0,8.1,-2.8023000391357487,0.30000000000000004,7.5,136.44003295898438,1.3198765516281128,1.0025755167007446,9.048506736755371,1,1.3764156103134155,0.30000000000000004,7.5
13,2,0.0,2.0,8.1,-2.8023000391357487,0.30000000000000004,7.5,136.94003295898438,1.3326777219772339,0.9849832653999329,9.048506736755371,1,1.3892167806625366,0.30000000000000004,7.5
13,2,0.0,2.0,8.1,-2.8023000391357487,0.30000000000000004,7.5,137.44003295898438,1.3458271026611328,0.9670593738555908,9.048506736755371,1,1.4023661613464355,0.30000000000000004,7.5
13,2,0.0,2.0,8.1,-2.8023000391357487,0.30000000000000004,7.5,137.94003295898438,1.359336495399475,0.94879150390625,9.048506736755371,1,1.4158755540847778,0.30000000000000004,7.5
13,2,0.0,2.0,8.1,-2.8023000391357487,0.30000000000000004,7.5,138.44003295898438,1.3732187747955322,0.9301667809486389,9.048506736755371,1,1.429757833480835,0.30000000000000004,7.5
13,2,0.0,2.0,8.1,-2.8023000391357487,0.30000000000000004,7.5,138.94003295898438,1.3874869346618652,0.9111717939376831,9.048506736755371,1,1.444025993347168,0.30000000000000004,7.5
13,2,0.0,2.0,8.1,-2.8023000391357487,0.30000000000000004,7.5,139.44003295898438,1.4021550416946411,0.891792356967926,9.048506736755371,1,1.4586941003799438,0.30000000000000004,7.5
13,2,0.0,2.0,8.1,-2.8023000391357487,0.30000000000000004,7.5,139.94003295898438,1.4172375202178955,0.8720136880874634,9.048506736755371,1,1.4737765789031982,0.30000000000000004,7.5
13,2,0.0,2.0,8.1,-2.8023000391357487,0.30000000000000004,7.5,140.44003295898438,1.43274986743927,0.851820170879364,9.048506736755371,1,1.4892889261245728,0.30000000000000004,7.5
13,2,0.0,2.0,8.1,-2.8023000391357487,0.30000000000000004,7.5,140.94003295898438,1.448707938194275,0.8311954140663147,9.048506736755371,1,1.5052469968795776,0.30000000000000004,7.5
13,2,0.0,2.0,8.1,-2.8023000391357487,0.30000000000000004,7.5,141.44003295898438,1.4651288986206055,0.8101223111152649,9.048506736755371,1,1.5216679573059082,0.30000000000000004,7.5
13,2,0.0,2.0,8.1,-2.8023000391357487,0.30000000000000004,7.5,141.94003295898438,0.0,,,0,1.5385695695877075,0.30000000000000004,7.5
13,2,0.0,2.0,8.1,-2.8023000391357487,0.30000000000000004,7.5,142.44003295898438,1.4994317293167114,0.7665574550628662,9.048506736755371,1,1.5559707880020142,0.30000000000000004,7.5
13,2,0.0,2.0,8.1,-2.8023000391357487,0.30000000000000004,7.5,142.94003295898438,1.5173522233963013,0.7440266013145447,9.048506736755371,1,1.573891282081604,0.30000000000000004,7.5
13,2,0.0,2.0,8.1,-2.8023000391357487,0.30000000000000004,7.5,143.44003295898438,1.5358129739761353,0.7209689021110535,9.048506736755371,1,1.592352032661438,0.30000000000000004,7.5
13,2,0.0,2.0,8.1,-2.8023000391357487,0.30000000000000004,7.5,143.94003295898438,1.5267926454544067,0.7200325131416321,9.031998634338379,1,1.5833317041397095,0.30000000000000004,7.5
13,2,0.0,2.0,8.1,-2.8023000391357487,0.30000000000000004,7.5,144.44003295898438,1.5168548822402954,0.7200325131416321,9.0150146484375,1,1.5733939409255981,0.30000000000000004,7.5
13,2,0.0,2.0,8.1,-2.8023000391357487,0.30000000000000004,7.5,144.94003295898438,1.5071594715118408,0.7200325131416321,8.99824047088623,1,1.5636985301971436,0.30000000000000004,7.5
13,2,0.0,2.0,8.1,-2.8023000391357487,0.30000000000000004,7.5,145.44003295898438,1.497700572013855,0.7200325131416321,8.981671333312988,1,1.5542396306991577,0.30000000000000004,7.5
13,2,0.0,2.0,8.1,-2.8023000391357487,0.30000000000000004,7.5,145.94003295898438,1.4884722232818604,0.7200325131416321,8.965299606323242,1,1.545011281967163,0.30000000000000004,7.5
13,2,0.0,2.0,8.1,-2.8023000391357487,0.30000000000000004,7.5,146.44003295898438,1.4794691801071167,0.7200325131416321,8.949119567871094,1,1.5360082387924194,0.30000000000000004,7.5
13,2,0.0,2.0,8.1,-2.8023000391357487,0.30000000000000004,7.5,146.94003295898438,1.4706860780715942,0.7200325131416321,8.933126449584961,1,1.527225136756897,0.30000000000000004,7.5
13,2,0.0,2.0,8.1,-2.8023000391357487,0.30000000000000004,7.5,147.44003295898438,1.4621177911758423,0.7200325131416321,8.917313575744629,1,1.518656849861145,0.30000000000000004,7.5
13,2,0.0,2.0,8.1,-2.8023000391357487,0.30000000000000004,7.5,147.94003295898438,1.4537595510482788,0.7200325131416321,8.901676177978516,1,1.5102986097335815,0.30000000000000004,7.5
13,2,0.0,2.0,8.1,-2.8023000391357487,0.30000000000000004,7.5,148.44003295898438,1.4456064701080322,0.7200325131416321,8.886208534240723,1,1.502145528793335,0.30000000000000004,7.5
13,2,0.0,2.0,8.1,-2.8023000391357487,0.30000000000000004,7.5,148.94003295898438,1.4376542568206787,0.7200325131416321,8.870906829833984,1,1.4941933155059814,0.30000000000000004,7.5
13,2,0.0,2.0,8.1,-2.8023000391357487,0.30000000000000004,7.5,149.44003295898438,0.0,,,0,1.4864373207092285,0.30000000000000004,7.5
13,2,0.0,2.0,8.1,-2.8023000391357487,0.30000000000000004,7.5,149.94003295898438,1.4223345518112183,0.7200325131416321,8.840776443481445,1,1.478873610496521,0.30000000000000004,7.5
13,2,0.0,2.0,8.1,-2.8023000391357487,0.30000000000000004,7.5,150.44003295898438,1.4149588346481323,0.7200325131416321,8.825940132141113,1,1.471497893333435,0.30000000000000004,7.5
13,2,0.0,2.0,8.1,-2.8023000391357487,0.30000000000000004,7.5,150.94003295898438,1.4077672958374023,0.7200325131416321,8.811249732971191,1,1.464306354522705,0.30000000000000004,7.5
13,2,0.0,2.0,8.1,-2.8023000391357487,0.30000000000000004,7.5,151.44003295898438,1.4007561206817627,0.7200325131416321,8.796701431274414,1,1.4572951793670654,0.30000000000000004,7.5
13,2,0.0,2.0,8.1,-2.8023000391357487,0.30000000000000004,7.5,151.94003295898438,1.3939217329025269,0.7200325131416321,8.7822904586792,1,1.4504607915878296,0.30000000000000004,7.5
13,2,0.0,2.0,8.1,-2.8023000391357487,0.30000000000000004,7.5,152.44003295898438,1.3872605562210083,0.7200325131416321,8.768012046813965,1,1.443799614906311,0.30000000000000004,7.5
13,2,0.0,2.0,8.1,-2.8023000391357487,0.30000000000000004,7.5,152.94003295898438,1.3807692527770996,0.7200325131416321,8.753864288330078,1,1.4373083114624023,0.30000000000000004,7.5
13,2,0.0,2.0,8.1,-2.8023000391357487,0.30000000000000004,7.5,153.44003295898438,1.374444603919983,0.7200325131416321,8.73984146118164,1,1.4309836626052856,0.30000000000000004,7.5
13,2,0.0,2.0,8.1,-2.8023000391357487,0.30000000000000004,7.5,153.94003295898438,0.0,,,0,1.424822449684143,0.30000000000000004,7.5
13,2,0.0,2.0,8.1,-2.8023000391357487,0.30000000000000004,7.5,154.44003295898438,1.3622825145721436,0.7200325131416321,8.712158203125,1,1.4188215732574463,0.30000000000000004,7.5
13,2,0.0,2.0,8.1,-2.8023000391357487,0.30000000000000004,7.5,154.94003295898438,1.3564391136169434,0.7200325131416321,8.698490142822266,1,1.412978172302246,0.30000000000000004,7.5
13,2,0.0,2.0,8.1,-2.8023000391357487,0.30000000000000004,7.5,155.44003295898438,1.35075044631958,0.7200325131416321,8.68493366241455,1,1.4072895050048828,0.30000000000000004,7.5
13,2,0.0,2.0,8.1,-2.8023000391357487,0.30000000000000004,7.5,155.94003295898438,1.345213770866394,0.7200325131416321,8.671483993530273,1,1.4017528295516968,0.30000000000000004,7.5
13,2,0.0,2.0,8.1,-2.8023000391357487,0.30000000000000004,7.5,156.44003295898438,0.0,,,0,1.3963654041290283,0.30000000000000004,7.5
13,2,0.0,2.0,8.1,-2.8023000391357487,0.30000000000000004,7.5,156.94003295898438,1.3345856666564941,0.7200325131416321,8.644895553588867,1,1.3911247253417969,0.30000000000000004,7.5
13,2,0.0,2.0,8.1,-2.8023000391357487,0.30000000000000004,7.5,157.44003295898438,1.3294893503189087,0.7200325131416321,8.631750106811523,1,1.3860284090042114,0.30000000000000004,7.5
13,2,0.0,2.0,8.1,-2.8023000391357487,0.30000000000000004,7.5,157.94003295898438,1.3245351314544678,0.7200325131416321,8.618699073791504,1,1.3810741901397705,0.30000000000000004,7.5
13,2,0.0,2.0,8.1,-2.8023000391357487,0.30000000000000004,7.5,158.44003295898438,1.3197205066680908,0.7200325131416321,8.605740547180176,1,1.3762595653533936,0.30000000000000004,7.5
13,2,0.0,2.0,8.1,-2.8023000391357487,0.30000000000000004,7.5,158.94003295898438,1.3150434494018555,0.7200325131416321,8.592870712280273,1,1.3715825080871582,0.30000000000000004,7.5
13,2,0.0,2.0,8.1,-2.8023000391357487,0.30000000000000004,7.5,159.44003295898438,1.3105019330978394,0.7200325131416321,8.580087661743164,1,1.367040991783142,0.30000000000000004,7.5
13,2,0.0,2.0,8.1,-2.8023000391357487,0.30000000000000004,7.5,159.94003295898438,0.0,,,0,1.3626327514648438,0.30000000000000004,7.5
13,2,0.0,2.0,8.1,-2.8023000391357487,0.30000000000000004,7.5,160.44003295898438,1.3018169403076172,0.7200325131416321,8.554768562316895,1,1.35835599899292,0.30000000000000004,7.5
13,2,0.0,2.0,8.1,-2.8023000391357487,0.30000000000000004,7.5,160.94003295898438,1.297669768333435,0.7200325131416321,8.542226791381836,1,1.3542088270187378,0.30000000000000004,7.5
13,2,0.0,2.0,8.1,-2.8023000391357487,0.30000000000000004,7.5,161.44003295898438,1.2936503887176514,0.7200325131416321,8.52976131439209,1,1.350189447402954,0.30000000000000004,7.5
13,2,0.0,2.0,8.1,-2.8023000391357487,0.30000000000000004,7.5,161.94003295898438,1.2897570133209229,0.7200325131416321,8.51736831665039,1,1.3462960720062256,0.30000000000000004,7.5
13,2,0.0,2.0,8.1,-2.8023000391357487,0.30000000000000004,7.5,162.44003295898438,1.2859878540039062,0.7200325131416321,8.505045890808105,1,1.342526912689209,0.30000000000000004,7.5
13,2,0.0,2.0,8.1,-2.8023000391357487,0.30000000000000004,7.5,162.94003295898438,1.2823415994644165,0.7200325131416321,8.492790222167969,1,1.3388806581497192,0.30000000000000004,7.5
13,2,0.0,2.0,8.1,-2.8023000391357487,0.30000000000000004,7.5,163.44003295898438,1.2788163423538208,0.7200325131416321,8.48060131072998,1,1.3353554010391235,0.30000000000000004,7.5
13,2,0.0,2.0,8.1,-2.8023000391357487,0.30000000000000004,7.5,163.94003295898438,1.2754108905792236,0.7200325131416321,8.468475341796875,1,1.3319499492645264,0.30000000000000004,7.5
13,2,0.0,2.0,8.1,-2.8023000391357487,0.30000000000000004,7.5,164.44003295898438,0.0,,,0,1.328662633895874,0.30000000000000004,7.5
13,2,0.0,2.0,8.1,-2.8023000391357487,0.30000000000000004,7.5,164.94003295898438,1.2689532041549683,0.7200325131416321,8.444402694702148,1,1.325492262840271,0.30000000000000004,7.5
13,2,0.0,2.0,8.1,-2.8023000391357487,0.30000000000000004,7.5,165.44003295898438,1.2658984661102295,0.7200325131416321,8.432451248168945,1,1.3224375247955322,0.30000000000000004,7.5
13,2,0.0,2.0,8.1,-2.8023000391357487,0.30000000000000004,7.5,165.94003295898438,1.2629579305648804,0.7200325131416321,8.420555114746094,1,1.319496989250183,0.30000000000000004,7.5
13,2,0.0,2.0,8.1,-2.8023000391357487,0.30000000000000004,7.5,166.44003295898438,1.260130524635315,0.7200325131416321,8.408710479736328,1,1.3166695833206177,0.30000000000000004,7.5
13,2,0.0,2.0,8.1,-2.8023000391357487,0.30000000000000004,7.5,166.94003295898438,1.2574150562286377,0.7200325131416321,8.396915435791016,1,1.3139541149139404,0.30000000000000004,7.5
13,2,0.0,2.0,8.1,-2.8023000391357487,0.30000000000000004,7.5,167.44003295898438,1.2548104524612427,0.7200325131416321,8.385168075561523,1,1.3113495111465454,0.30000000000000004,7.5
13,2,0.0,2.0,8.1,-2.8023000391357487,0.30000000000000004,7.5,167.94003295898438,1.2523155212402344,0.7200325131416321,8.373465538024902,1,1.308854579925537,0.30000000000000004,7.5
13,2,0.0,2.0,8.1,-2.8023000391357487,0.30000000000000004,7.5,168.44003295898438,1.249929428100586,0.7200325131416321,8.361807823181152,1,1.3064684867858887,0.30000000000000004,7.5
13,2,0.0,2.0,8.1,-2.8023000391357487,0.30000000000000004,7.5,168.94003295898438,1.247651219367981,0.7200325131416321,8.350191116333008,1,1.3041902780532837,0.30000000000000004,7.5
13,2,0.0,2.0,8.1,-2.8023000391357487,0.30000000000000004,7.5,169.44003295898438,1.245479941368103,0.7200325131416321,8.338613510131836,1,1.3020190000534058,0.30000000000000004,7.5
13,2,0.0,2.0,8.1,-2.8023000391357487,0.30000000000000004,7.5,169.94003295898438,1.2434146404266357,0.7200325131416321,8.32707405090332,1,1.2999536991119385,0.30000000000000004,7.5
13,2,0.0,2.0,8.1,-2.8023000391357487,0.30000000000000004,7.5,170.44003295898438,1.2414546012878418,0.7200325131416321,8.315570831298828,1,1.2979936599731445,0.30000000000000004,7.5
13,2,0.0,2.0,8.1,-2.8023000391357487,0.30000000000000004,7.5,170.94003295898438,1.2395989894866943,0.7200325131416321,8.304100036621094,1,1.296138048171997,0.30000000000000004,7.5
13,2,0.0,2.0,8.1,-2.8023000391357487,0.30000000000000004,7.5,171.44003295898438,1.237847089767456,0.7200325131416321,8.292662620544434,1,1.2943861484527588,0.30000000000000004,7.5
13,2,0.0,2.0,8.1,-2.8023000391357487,0.30000000000000004,7.5,171.94003295898438,1.2361983060836792,0.7200325131416321,8.281253814697266,1,1.292737364768982,0.30000000000000004,7.5
13,2,0.0,2.0,8.1,-2.8023000391357487,0.30000000000000004,7.5,172.44003295898438,1.234651803970337,0.7200325131416321,8.26987361907959,1,1.2911908626556396,0.30000000000000004,7.5
13,2,0.0,2.0,8.1,-2.8023000391357487,0.30000000000000004,7.5,172.94003295898438,1.2332072257995605,0.7200325131416321,8.258520126342773,1,1.2897462844848633,0.30000000000000004,7.5
13,2,0.0,2.0,8.1,-2.8023000391357487,0.30000000000000004,7.5,173.44003295898438,1.2318638563156128,0.7200325131416321,8.247191429138184,1,1.2884029150009155,0.30000000000000004,7.5
13,2,0.0,2.0,8.1,-2.8023000391357487,0.30000000000000004,7.5,173.94003295898438,1.230621099472046,0.7200325131416321,8.235884666442871,1,1.2871601581573486,0.30000000000000004,7.5
13,2,0.0,2.0,8.1,-2.8023000391357487,0.30000000000000004,7.5,174.44003295898438,1.2294787168502808,0.7200325131416321,8.22459888458252,1,1.2860177755355835,0.30000000000000004,7.5
13,2,0.0,2.0,8.1,-2.8023000391357487,0.30000000000000004,7.5,174.94003295898438,1.2284361124038696,0.7200325131416321,8.213332176208496,1,1.2849751710891724,0.30000000000000004,7.5
13,2,0.0,2.0,8.1,-2.8023000391357487,0.30000000000000004,7.5,175.44003295898438,1.2274928092956543,0.7200325131416321,8.202083587646484,1,1.284031867980957,0.30000000000000004,7.5
13,2,0.0,2.0,8.1,-2.8023000391357487,0.30000000000000004,7.5,175.94003295898438,1.2266485691070557,0.7200325131416321,8.190850257873535,1,1.2831876277923584,0.30000000000000004,7.5
13,2,0.0,2.0,8.1,-2.8023000391357487,0.30000000000000004,7.5,176.44003295898438,1.225903034210205,0.7200325131416321,8.179631233215332,1,1.2824420928955078,0.30000000000000004,7.5
13,2,0.0,2.0,8.1,-2.8023000391357487,0.30000000000000004,7.5,176.94003295898438,1.2252559661865234,0.7200325131416321,8.168423652648926,1,1.2817950248718262,0.30000000000000004,7.5
13,2,0.0,2.0,8.1,-2.8023000391357487,0.30000000000000004,7.5,177.44003295898438,1.2247071266174316,0.7200325131416321,8.1572265625,1,1.2812461853027344,0.30000000000000004,7.5
13,2,0.0,2.0,8.1,-2.8023000391357487,0.30000000000000004,7.5,177.94003295898438,1.224256157875061,0.7200325131416321,8.146039009094238,1,1.2807952165603638,0.30000000000000004,7.5
13,2,0.0,2.0,8.1,-2.8023000391357487,0.30000000000000004,7.5,178.44003295898438,1.223902940750122,0.7200325131416321,8.134858131408691,1,1.2804419994354248,0.30000000000000004,7.5
13,2,0.0,2.0,8.1,-2.8023000391357487,0.30000000000000004,7.5,178.94003295898438,1.2236474752426147,0.7200325131416321,8.123682022094727,1,1.2801865339279175,0.30000000000000004,7.5
13,2,0.0,2.0,8.1,-2.8023000391357487,0.30000000000000004,7.5,179.44003295898438,1.22348952293396,0.7200325131416321,8.112509727478027,1,1.2800285816192627,0.30000000000000004,7.5
13,2,0.0,2.0,8.1,-2.8023000391357487,0.30000000000000004,7.5,179.94003295898438,0.0,,,0,1.2799681425094604,0.30000000000000004,7.5
13,2,0.0,2.0,8.1,-2.8023000391357487,0.30000000000000004,7.5,180.44003295898438,1.223466157913208,0.7200325131416321,8.090169906616211,1,1.2800052165985107,0.30000000000000004,7.5
13,2,0.0,2.0,8.1,-2.8023000391357487,0.30000000000000004,7.5,180.94003295898438,1.2236007452011108,0.7200325131416321,8.078997611999512,1,1.2801398038864136,0.30000000000000004,7.5
13,2,0.0,2.0,8.1,-2.8023000391357487,0.30000000000000004,7.5,181.44003295898438,1.2238328456878662,0.7200325131416321,8.06782341003418,1,1.280371904373169,0.30000000000000004,7.5
13,2,0.0,2.0,8.1,-2.8023000391357487,0.30000000000000004,7.5,181.94003295898438,1.2241625785827637,0.7200325131416321,8.05664348602295,1,1.2807016372680664,0.30000000000000004,7.5
13,2,0.0,2.0,8.1,-2.8023000391357487,0.30000000000000004,7.5,182.44003295898438,1.2245900630950928,0.7200325131416321,8.04545783996582,1,1.2811291217803955,0.30000000000000004,7.5
13,2,0.0,2.0,8.1,-2.8023000391357487,0.30000000000000004,7.5,182.94003295898438,1.225115418434143,0.7200325131416321,8.034262657165527,1,1.2816544771194458,0.30000000000000004,7.5
13,2,0.0,2.0,8.1,-2.8023000391357487,0.30000000000000004,7.5,183.44003295898438,1.2257388830184937,0.7200325131416321,8.02305793762207,1,1.2822779417037964,0.30000000000000004,7.5
13,2,0.0,2.0,8.1,-2.8023000391357487,0.30000000000000004,7.5,183.94003295898438,1.2264608144760132,0.7200325131416321,8.011841773986816,1,1.282999873161316,0.30000000000000004,7.5
13,2,0.0,2.0,8.1,-2.8023000391357487,0.30000000000000004,7.5,184.44003295898438,0.0,,,0,1.283820390701294,0.30000000000000004,7.5
13,2,0.0,2.0,8.1,-2.8023000391357487,0.30000000000000004,7.5,184.94003295898438,1.2282007932662964,0.7200325131416321,7.9893670082092285,1,1.2847398519515991,0.30000000000000004,7.5
13,2,0.0,2.0,8.1,-2.8023000391357487,0.30000000000000004,7.5,185.44003295898438,1.2292195558547974,0.7200325131416321,7.978105068206787,1,1.2857586145401,0.30000000000000004,7.5
13,2,0.0,2.0,8.1,-2.8023000391357487,0.30000000000000004,7.5,185.94003295898438,1.2303379774093628,0.7200325131416321,7.966824054718018,1,1.2868770360946655,0.30000000000000004,7.5
13,2,0.0,2.0,8.1,-2.8023000391357487,0.30000000000000004,7.5,186.44003295898438,1.2315566539764404,0.7200325131416321,7.9555230140686035,1,1.2880957126617432,0.30000000000000004,7.5
13,2,0.0,2.0,8.1,-2.8023000391357487,0.30000000000000004,7.5,186.94003295898438,1.2328758239746094,0.7200325131416321,7.944199562072754,1,1.289414882659912,0.30000000000000004,7.5
13,2,0.0,2.0,8.1,-2.8023000391357487,0.30000000000000004,7.5,187.44003295898438,1.2342960834503174,0.7200325131416321,7.932851791381836,1,1.2908351421356201,0.30000000000000004,7.5
13,2,0.0,2.0,8.1,-2.8023000391357487,0.30000000000000004,7.5,187.94003295898438,8.020896911621094,-6.0,6.984210014343262,1,8.077436447143555,0.30000000000000004,7.5
13,2,0.0,2.0,8.1,-2.8023000391357487,0.30000000000000004,7.5,188.44003295898438,8.031048774719238,-6.0,6.91295051574707,1,8.0875883102417,0.30000000000000004,7.5
13,2,0.0,2.0,8.1,-2.8023000391357487,0.30000000000000004,7.5,188.94003295898438,8.04184341430664,-6.0,6.841506004333496,1,8.098382949829102,0.30000000000000004,7.5
13,2,0.0,2.0,8.1,-2.8023000391357487,0.30000000000000004,7.5,189.44003295898438,8.053285598754883,-6.0,6.769865036010742,1,8.109825134277344,0.30000000000000004,7.5
13,2,0.0,2.0,8.1,-2.8023000391357487,0.30000000000000004,7.5,189.94003295898438,8.06537914276123,-6.0,6.6980156898498535,1,8.121918678283691,0.30000000000000004,7.5
13,2,0.0,2.0,8.1,-2.8023000391357487,0.30000000000000004,7.5,190.44003295898438,8.078128814697266,-6.0,6.625946521759033,1,8.134668350219727,0.30000000000000004,7.5
13,2,0.0,2.0,8.1,-2.8023000391357487,0.30000000000000004,7.5,190.94003295898438,8.091541290283203,-6.0,6.55364465713501,1,8.148080825805664,0.30000000000000004,7.5
13,2,0.0,2.0,8.1,-2.8023000391357487,0.30000000000000004,7.5,191.44003295898438,8.105619430541992,-6.0,6.4810991287231445,1,8.162158966064453,0.30000000000000004,7.5
13,2,0.0,2.0,8.1,-2.8023000391357487,0.30000000000000004,7.5,191.94003295898438,8.120370864868164,-6.0,6.408296585083008,1,8.176910400390625,0.30000000000000004,7.5
13,2,0.0,2.0,8.1,-2.8023000391357487,0.30000000000000004,7.5,192.44003295898438,8.1358003616333,-6.0,6.3352251052856445,1,8.192339897155762,0.30000000000000004,7.5
13,2,0.0,2.0,8.1,-2.8023000391357487,0.30000000000000004,7.5,192.94003295898438,8.151914596557617,-6.0,6.261871337890625,1,8.208454132080078,0.30000000000000004,7.5
13,2,0.0,2.0,8.1,-2.8023000391357487,0.30000000000000004,7.5,193.44003295898438,8.118050575256348,-5.950717926025391,6.199999809265137,1,8.174590110778809,0.30000000000000004,7.5
13,2,0.0,2.0,8.1,-2.8023000391357487,0.30000000000000004,7.5,193.94003295898438,7.83034610748291,-5.654603481292725,6.199999809265137,1,7.886885166168213,0.30000000000000004,7.5
13,2,0.0,2.0,8.1,-2.8023000391357487,0.30000000000000004,7.5,194.44003295898438,7.562764644622803,-5.378603458404541,6.199999809265137,1,7.6193037033081055,0.30000000000000004,7.5
13,2,0.0,2.0,8.1,-2.8023000391357487,0.30000000000000004,7.5,194.94003295898438,7.313287258148193,-5.120697975158691,6.199999809265137,1,7.369826316833496,0.30000000000000004,7.5
13,2,0.0,2.0,8.1,-2.8023000391357487,0.30000000000000004,7.5,195.44003295898438,7.080155372619629,-4.8791279792785645,6.199999809265137,1,7.136694431304932,0.30000000000000004,7.5
13,2,0.0,2.0,8.1,-2.8023000391357487,0.30000000000000004,7.5,195.94003295898438,6.861831188201904,-4.652356147766113,6.199999809265137,1,6.918370246887207,0.30000000000000004,7.5
13,2,0.0,2.0,8.1,-2.8023000391357487,0.30000000000000004,7.5,196.44003295898438,0.0,,,0,6.713503360748291,0.30000000000000004,7.5
13,2,0.0,2.0,8.1,-2.8023000391357487,0.30000000000000004,7.5,196.94003295898438,6.464364051818848,-4.23796272277832,6.199999809265137,1,6.52090311050415,0.30000000000000004,7.5
13,2,0.0,2.0,8.1,-2.8023000391357487,0.30000000000000004,7.5,197.44003295898438,6.282975673675537,-4.048094272613525,6.199999809265137,1,6.33951473236084,0.30000000000000004,7.5
13,2,0.0,2.0,8.1,-2.8023000391357487,0.30000000000000004,7.5,197.94003295898438,6.1118621826171875,-3.868489980697632,6.199999809265137,1,6.16840124130249,0.30000000000000004,7.5
13,2,0.0,2.0,8.1,-2.8023000391357487,0.30000000000000004,7.5,198.44003295898438,5.950189113616943,-3.6983139514923096,6.199999809265137,1,6.006728172302246,0.30000000000000004,7.5
13,2,0.0,2.0,8.1,-2.8023000391357487,0.30000000000000004,7.5,198.94003295898438,5.797208309173584,-3.536818504333496,6.199999809265137,1,5.853747367858887,0.30000000000000004,7.5
13,2,0.0,2.0,8.1,-2.8023000391357487,0.30000000000000004,7.5,199.44003295898438,5.652250289916992,-3.383333444595337,6.199999809265137,1,5.708789348602295,0.30000000000000004,7.5
13,2,0.0,2.0,8.1,-2.8023000391357487,0.30000000000000004,7.5,199.94003295898438,5.514712333679199,-3.237255334854126,6.199999809265137,1,5.571251392364502,0.30000000000000004,7.5
13,2,0.0,2.0,8.1,-2.8023000391357487,0.30000000000000004,7.5,200.44003295898438,5.384050369262695,-3.0980398654937744,6.199999809265137,1,5.440589427947998,0.30000000000000004,7.5
13,2,0.0,2.0,8.1,-2.8023000391357487,0.30000000000000004,7.5,200.94003295898438,5.259771823883057,-2.9651951789855957,6.199999809265137,1,5.316310882568359,0.30000000000000004,7.5
13,2,0.0,2.0,8.1,-2.8023000391357487,0.30000000000000004,7.5,201.44003295898438,5.14143180847168,-2.8382744789123535,6.199999809265137,1,5.197970867156982,0.30000000000000004,7.5
13,2,0.0,2.0,8.1,-2.8023000391357487,0.30000000000000004,7.5,201.94003295898438,5.028624057769775,-2.716872215270996,6.199999809265137,1,5.085163116455078,0.30000000000000004,7.5
13,2,0.0,2.0,8.1,-2.8023000391357487,0.30000000000000004,7.5,202.44003295898438,4.9209794998168945,-2.600618600845337,6.199999809265137,1,4.977518558502197,0.30000000000000004,7.5
13,2,0.0,2.0,8.1,-2.8023000391357487,0.30000000000000004,7.5,202.94003295898438,4.818161487579346,-2.4891765117645264,6.199999809265137,1,4.874700546264648,0.30000000000000004,7.5
13,2,0.0,2.0,8.1,-2.8023000391357487,0.30000000000000004,7.5,203.44003295898438,4.7198615074157715,-2.382237434387207,6.199999809265137,1,4.776400566101074,0.30000000000000004,7.5
13,2,0.0,2.0,8.1,-2.8023000391357487,0.30000000000000004,7.5,203.94003295898438,4.625797748565674,-2.2795181274414062,6.199999809265137,1,4.682336807250977,0.30000000000000004,7.5
13,2,0.0,2.0,8.1,-2.8023000391357487,0.30000000000000004,7.5,204.44003295898438,4.535709857940674,-2.1807591915130615,6.199999809265137,1,4.592248916625977,0.30000000000000004,7.5
13,2,0.0,2.0,8.1,-2.8023000391357487,0.30000000000000004,7.5,204.94003295898438,4.44935941696167,-2.085721731185913,6.199999809265137,1,4.505898475646973,0.30000000000000004,7.5
13,2,0.0,2.0,8.1,-2.8023000391357487,0.30000000000000004,7.5,205.44003295898438,4.366527557373047,-1.994185447692871,6.199999809265137,1,4.42306661605835,0.30000000000000004,7.5
13,2,0.0,2.0,8.1,-2.8023000391357487,0.30000000000000004,7.5,205.94003295898438,4.287010669708252,-1.9059473276138306,6.199999809265137,1,4.343549728393555,0.30000000000000004,7.5
13,2,0.0,2.0,8.1,-2.8023000391357487,0.30000000000000004,7.5,206.44003295898438,4.2106218338012695,-1.82081937789917,6.199999809265137,1,4.267160892486572,0.30000000000000004,7.5
13,2,0.0,2.0,8.1,-2.8023000391357487,0.30000000000000004,7.5,206.94003295898438,4.1371870040893555,-1.7386277914047241,6.199999809265137,1,4.193726062774658,0.30000000000000004,7.5
13,2,0.0,2.0,8.1,-2.8023000391357487,0.30000000000000004,7.5,207.44003295898438,0.0,,,0,4.123084545135498,0.30000000000000004,7.5
13,2,0.0,2.0,8.1,-2.8023000391357487,0.30000000000000004,7.5,207.94003295898438,3.9985485076904297,-1.5824202299118042,6.199999809265137,1,4.055087566375732,0.30000000000000004,7.5
13,2,0.0,2.0,8.1,-2.8023000391357487,0.30000000000000004,7.5,208.44003295898438,3.933056592941284,-1.5081154108047485,6.199999809265137,1,3.989595651626587,0.30000000000000004,7.5
13,2,0.0,2.0,8.1,-2.8023000391357487,0.30000000000000004,7.5,208.94003295898438,3.869940757751465,-1.4361671209335327,6.199999809265137,1,3.9264798164367676,0.30000000000000004,7.5
13,2,0.0,2.0,8.1,-2.8023000391357487,0.30000000000000004,7.5,209.44003295898438,3.8090808391571045,-1.3664546012878418,6.199999809265137,1,3.8656198978424072,0.30000000000000004,7.5
13,2,0.0,2.0,8.1,-2.8023000391357487,0.30000000000000004,7.5,209.94003295898438,3.750364065170288,-1.2988650798797607,6.199999809265137,1,3.806903123855591,0.30000000000000004,7.5
13,2,0.0,2.0,8.1,-2.8023000391357487,0.30000000000000004,7.5,210.44003295898438,3.693685531616211,-1.2332931756973267,6.199999809265137,1,3.7502245903015137,0.30000000000000004,7.5
13,2,0.0,2.0,8.1,-2.8023000391357487,0.30000000000000004,7.5,210.94003295898438,3.6389474868774414,-1.1696404218673706,6.199999809265137,1,3.695486545562744,0.30000000000000004,7.5
13,2,0.0,2.0,8.1,-2.8023000391357487,0.30000000000000004,7.5,211.44003295898438,1.4436808824539185,0.7200325131416321,7.317476272583008,1,1.5002199411392212,0.30000000000000004,7.5
13,2,0.0,2.0,8.1,-2.8023000391357487,0.30000000000000004,7.5,211.94003295898438,1.4517853260040283,0.7200325131416321,7.302049160003662,1,1.508324384689331,0.30000000000000004,7.5
13,2,0.0,2.0,8.1,-2.8023000391357487,0.30000000000000004,7.5,212.44003295898438,1.4600939750671387,0.7200325131416321,7.286452770233154,1,1.5166330337524414,0.30000000000000004,7.5
13,2,0.0,2.0,8.1,-2.8023000391357487,0.30000000000000004,7.5,212.94003295898438,1.468611478805542,0.7200325131416321,7.2706828117370605,1,1.5251505374908447,0.30000000000000004,7.5
13,2,0.0,2.0,8.1,-2.8023000391357487,0.30000000000000004,7.5,213.44003295898438,1.4773426055908203,0.7200325131416321,7.254733085632324,1,1.533881664276123,0.30000000000000004,7.5
13,2,0.0,2.0,8.1,-2.8023000391357487,0.30000000000000004,7.5,213.94003295898438,1.4862923622131348,0.7200325131416321,7.238598823547363,1,1.5428314208984375,0.30000000000000004,7.5
13,2,0.0,2.0,8.1,-2.8023000391357487,0.30000000000000004,7.5,214.44003295898438,1.4954662322998047,0.7200325131416321,7.222273826599121,1,1.5520052909851074,0.30000000000000004,7.5
13,2,0.0,2.0,8.1,-2.8023000391357487,0.30000000000000004,7.5,214.94003295898438,1.5048693418502808,0.7200325131416321,7.205751895904541,1,1.5614084005355835,0.30000000000000004,7.5
13,2,0.0,2.0,8.1,-2.8023000391357487,0.30000000000000004,7.5,215.44003295898438,1.514507532119751,0.7200325131416321,7.189027786254883,1,1.5710465908050537,0.30000000000000004,7.5
13,2,0.0,2.0,8.1,-2.8023000391357487,0.30000000000000004,7.5,215.94003295898438,1.5243865251541138,0.7200325131416321,7.172094345092773,1,1.5809255838394165,0.30000000000000004,7.5
13,2,0.0,2.0,8.1,-2.8023000391357487,0.30000000000000004,7.5,216.44003295898438,1.5345125198364258,0.7200325131416321,7.154945373535156,1,1.5910515785217285,0.30000000000000004,7.5
13,2,0.0,2.0,8.1,-2.8023000391357487,0.30000000000000004,7.5,216.94003295898438,0.0,,,0,1.601430892944336,0.30000000000000004,7.5
13,2,0.0,2.0,8.1,-2.8023000391357487,0.30000000000000004,7.5,217.44003295898438,0.0,,,0,1.6120699644088745,0.30000000000000004,7.5
13,2,0.0,2.0,8.1,-2.8023000391357487,0.30000000000000004,7.5,217.94003295898438,1.566436767578125,0.7200325131416321,7.102135181427002,1,1.6229758262634277,0.30000000000000004,7.5
13,2,0.0,2.0,8.1,-2.8023000391357487,0.30000000000000004,7.5,218.44003295898438,1.577616572380066,0.7200325131416321,7.084053039550781,1,1.6341556310653687,0.30000000000000004,7.5
13,2,0.0,2.0,8.1,-2.8023000391357487,0.30000000000000004,7.5,218.94003295898438,1.5890775918960571,0.7200325131416321,7.065719127655029,1,1.6456166505813599,0.30000000000000004,7.5
13,2,0.0,2.0,8.1,-2.8023000391357487,0.30000000000000004,7.5,219.44003295898438,1.6008275747299194,0.7200325131416321,7.04712438583374,1,1.6573666334152222,0.30000000000000004,7.5
13,2,0.0,2.0,8.1,-2.8023000391357487,0.30000000000000004,7.5,219.94003295898438,1.6128747463226318,0.7200325131416321,7.028260707855225,1,1.6694138050079346,0.30000000000000004,7.5
13,2,0.0,2.0,8.1,-2.8023000391357487,0.30000000000000004,7.5,220.44003295898438,1.6252272129058838,0.7200325131416321,7.009119033813477,1,1.6817662715911865,0.30000000000000004,7.5
13,2,0.0,2.0,8.1,-2.8023000391357487,0.30000000000000004,7.5,220.94003295898438,1.6378939151763916,0.7200325131416321,6.989690780639648,1,1.6944329738616943,0.30000000000000004,7.5
13,2,0.0,2.0,8.1,-2.8023000391357487,0.30000000000000004,7.5,221.44003295898438,1.6508837938308716,0.7200325131416321,6.969966411590576,1,1.7074228525161743,0.30000000000000004,7.5
13,2,0.0,2.0,8.1,-2.8023000391357487,0.30000000000000004,7.5,221.94003295898438,1.6642065048217773,0.7200325131416321,6.949935436248779,1,1.72074556350708,0.30000000000000004,7.5
13,2,0.0,2.0,8.1,-2.8023000391357487,0.30000000000000004,7.5,222.44003295898438,1.677871823310852,0.7200325131416321,6.9295878410339355,1,1.7344108819961548,0.30000000000000004,7.5
13,2,0.0,2.0,8.1,-2.8023000391357487,0.30000000000000004,7.5,222.94003295898438,1.6918902397155762,0.7200325131416321,6.9089131355285645,1,1.748429298400879,0.30000000000000004,7.5
13,2,0.0,2.0,8.1,-2.8023000391357487,0.30000000000000004,7.5,223.44003295898438,1.7062723636627197,0.7200325131416321,6.887899398803711,1,1.7628114223480225,0.30000000000000004,7.5
13,2,0.0,2.0,8.1,-2.8023000391357487,0.30000000000000004,7.5,223.94003295898438,1.72102952003479,0.7200325131416321,6.8665361404418945,1,1.7775685787200928,0.30000000000000004,7.5
13,2,0.0,2.0,8.1,-2.8023000391357487,0.30000000000000004,7.5,224.44003295898438,1.7361736297607422,0.7200325131416321,6.8448100090026855,1,1.792712688446045,0.30000000000000004,7.5
13,2,0.0,2.0,8.1,-2.8023000391357487,0.30000000000000004,7.5,224.94003295898438,1.7517168521881104,0.7200325131416321,6.822709083557129,1,1.808255910873413,0.30000000000000004,7.5
13,2,0.0,2.0,8.1,-2.8023000391357487,0.30000000000000004,7.5,225.44003295898438,1.767672061920166,0.7200325131416321,6.800219535827637,1,1.8242111206054688,0.30000000000000004,7.5
13,2,0.0,2.0,8.1,-2.8023000391357487,0.30000000000000004,7.5,225.94003295898438,1.7840527296066284,0.7200325131416321,6.777328014373779,1,1.8405917882919312,0.30000000000000004,7.5
13,2,0.0,2.0,8.1,-2.8023000391357487,0.30000000000000004,7.5,226.44003295898438,0.0,,,0,1.8574120998382568,0.30000000000000004,7.5
13,2,0.0,2.0,8.1,-2.8023000391357487,0.30000000000000004,7.5,226.94003295898438,1.8181476593017578,0.7200325131416321,6.730279922485352,1,1.8746867179870605,0.30000000000000004,7.5
13,2,0.0,2.0,8.1,-2.8023000391357487,0.30000000000000004,7.5,227.44003295898438,1.8358920812606812,0.7200325131416321,6.706092357635498,1,1.8924311399459839,0.30000000000000004,7.5
13,2,0.0,2.0,8.1,-2.8023000391357487,0.30000000000000004,7.5,227.94003295898438,1.854122519493103,0.7200325131416321,6.681440353393555,1,1.9106615781784058,0.30000000000000004,7.5
13,2,0.0,2.0,8.1,-2.8023000391357487,0.30000000000000004,7.5,228.44003295898438,1.8728560209274292,0.7200325131416321,6.656307220458984,1,1.929395079612732,0.30000000000000004,7.5
13,2,0.0,2.0,8.1,-2.8023000391357487,0.30000000000000004,7.5,228.94003295898438,1.8921103477478027,0.7200325131416321,6.630674362182617,1,1.9486494064331055,0.30000000000000004,7.5
13,2,0.0,2.0,8.1,-2.8023000391357487,0.30000000000000004,7.5,229.44003295898438,1.911904215812683,0.7200325131416321,6.604522705078125,1,1.9684432744979858,0.30000000000000004,7.5
13,2,0.0,2.0,8.1,-2.8023000391357487,0.30000000000000004,7.5,229.94003295898438,1.9322574138641357,0.7200325131416321,6.577832221984863,1,1.9887964725494385,0.30000000000000004,7.5
13,2,0.0,2.0,8.1,-2.8023000391357487,0.30000000000000004,7.5,230.44003295898438,1.953190565109253,0.7200325131416321,6.550581932067871,1,2.0097296237945557,0.30000000000000004,7.5
13,2,0.0,2.0,8.1,-2.8023000391357487,0.30000000000000004,7.5,230.94003295898438,1.9747252464294434,0.7200325131416321,6.522749900817871,1,2.031264305114746,0.30000000000000004,7.5
13,2,0.0,2.0,8.1,-2.8023000391357487,0.30000000000000004,7.5,231.44003295898438,1.9968845844268799,0.7200325131416321,6.494312763214111,1,2.0534236431121826,0.30000000000000004,7.5
13,2,0.0,2.0,8.1,-2.8023000391357487,0.30000000000000004,7.5,231.94003295898438,2.0196926593780518,0.7200325131416321,6.465245723724365,1,2.0762317180633545,0.30000000000000004,7.5
13,2,0.0,2.0,8.1,-2.8023000391357487,0.30000000000000004,7.5,232.44003295898438,2.0431747436523438,0.7200325131416321,6.435523509979248,1,2.0997138023376465,0.30000000000000004,7.5
13,2,0.0,2.0,8.1,-2.8023000391357487,0.30000000000000004,7.5,232.94003295898438,2.0673577785491943,0.7200325131416321,6.4051194190979,1,2.123896837234497,0.30000000000000004,7.5
13,2,0.0,2.0,8.1,-2.8023000391357487,0.30000000000000004,7.5,233.44003295898438,2.0922696590423584,0.7200325131416321,6.374003887176514,1,2.148808717727661,0.30000000000000004,7.5
13,2,0.0,2.0,8.1,-2.8023000391357487,0.30000000000000004,7.5,233.94003295898438,2.117940664291382,0.7200325131416321,6.3421478271484375,1,2.1744797229766846,0.30000000000000004,7.5
13,2,0.0,2.0,8.1,-2.8023000391357487,0.30000000000000004,7.5,234.44003295898438,2.144401788711548,0.7200325131416321,6.309518337249756,1,2.2009408473968506,0.30000000000000004,7.5
13,2,0.0,2.0,8.1,-2.8023000391357487,0.30000000000000004,7.5,234.94003295898438,2.171686887741089,0.7200325131416321,6.276082515716553,1,2.2282259464263916,0.30000000000000004,7.5
13,2,0.0,2.0,8.1,-2.8023000391357487,0.30000000000000004,7.5,235.44003295898438,2.199831008911133,0.7200325131416321,6.241805076599121,1,2.2563700675964355,0.30000000000000004,7.5
13,2,0.0,2.0,8.1,-2.8023000391357487,0.30000000000000004,7.5,235.94003295898438,2.2288713455200195,0.7200325131416321,6.2066473960876465,1,2.2854104042053223,0.30000000000000004,7.5
13,2,0.0,2.0,8.1,-2.8023000391357487,0.30000000000000004,7.5,236.44003295898438,2.2235310077667236,0.7395557761192322,6.199999809265137,1,2.2800700664520264,0.30000000000000004,7.5
13,2,0.0,2.0,8.1,-2.8023000391357487,0.30000000000000004,7.5,236.94003295898438,2.210493326187134,0.7632964849472046,6.199999809265137,1,2.2670323848724365,0.30000000000000004,7.5
13,2,0.0,2.0,8.1,-2.8023000391357487,0.30000000000000004,7.5,237.44003295898438,2.1977744102478027,0.7867690324783325,6.199999809265137,1,2.2543134689331055,0.30000000000000004,7.5
13,2,0.0,2.0,8.1,-2.8023000391357487,0.30000000000000004,7.5,237.94003295898438,2.1853673458099365,0.8099814653396606,6.199999809265137,1,2.2419064044952393,0.30000000000000004,7.5
13,2,0.0,2.0,8.1,-2.8023000391357487,0.30000000000000004,7.5,238.44003295898438,2.173264980316162,0.832941472530365,6.199999809265137,1,2.229804039001465,0.30000000000000004,7.5
13,2,0.0,2.0,8.1,-2.8023000391357487,0.30000000000000004,7.5,238.94003295898438,2.1614603996276855,0.8556566834449768,6.199999809265137,1,2.2179994583129883,0.30000000000000004,7.5
13,2,0.0,2.0,8.1,-2.8023000391357487,0.30000000000000004,7.5,239.44003295898438,2.14994740486145,0.8781343102455139,6.199999809265137,1,2.206486463546753,0.30000000000000004,7.5
13,2,0.0,2.0,8.1,-2.8023000391357487,0.30000000000000004,7.5,239.94003295898438,2.1387195587158203,0.9003815054893494,6.199999809265137,1,2.195258617401123,0.30000000000000004,7.5
13,2,0.0,2.0,8.1,-2.8023000391357487,0.30000000000000004,7.5,240.44003295898438,2.1277711391448975,0.9224051237106323,6.199999809265137,1,2.1843101978302,0.30000000000000004,7.5
13,2,0.0,2.0,8.1,-2.8023000391357487,0.30000000000000004,7.5,240.94003295898438,2.117095947265625,0.9442117810249329,6.199999809265137,1,2.1736350059509277,0.30000000000000004,7.5
13,2,0.0,2.0,8.1,-2.8023000391357487,0.30000000000000004,7.5,241.44003295898438,2.1066884994506836,0.9658079743385315,6.199999809265137,1,2.1632275581359863,0.30000000000000004,7.5
13,2,0.0,2.0,8.1,-2.8023000391357487,0.30000000000000004,7.5,241.94003295898438,2.096543312072754,0.9871999621391296,6.199999809265137,1,2.1530823707580566,0.30000000000000004,7.5
13,2,0.0,2.0,8.1,-2.8023000391357487,0.30000000000000004,7.5,242.44003295898438,2.086655378341675,1.0083938837051392,6.199999809265137,1,2.1431944370269775,0.30000000000000004,7.5
13,2,0.0,2.0,8.1,-2.8023000391357487,0.30000000000000004,7.5,242.94003295898438,2.077019691467285,1.029395580291748,6.199999809265137,1,2.133558750152588,0.30000000000000004,7.5
13,2,0.0,2.0,8.1,-2.8023000391357487,0.30000000000000004,7.5,243.44003295898438,2.067631244659424,1.0502108335494995,6.199999809265137,1,2.1241703033447266,0.30000000000000004,7.5
13,2,0.0,2.0,8.1,-2.8023000391357487,0.30000000000000004,7.5,243.94003295898438,2.058485507965088,1.0708452463150024,6.199999809265137,1,2.1150245666503906,0.30000000000000004,7.5
13,2,0.0,2.0,8.1,-2.8023000391357487,0.30000000000000004,7.5,244.44003295898438,2.0495777130126953,1.0913043022155762,6.199999809265137,1,2.106116771697998,0.30000000000000004,7.5
13,2,0.0,2.0,8.1,-2.8023000391357487,0.30000000000000004,7.5,244.94003295898438,2.0409038066864014,1.1115933656692505,6.199999809265137,1,2.097442865371704,0.30000000000000004,7.5
13,2,0.0,2.0,8.1,-2.8023000391357487,0.30000000000000004,7.5,245.44003295898438,2.0324594974517822,1.1317174434661865,6.199999809265137,1,2.088998556137085,0.30000000000000004,7.5
13,2,0.0,2.0,8.1,-2.8023000391357487,0.30000000000000004,7.5,245.94003295898438,2.024240493774414,1.151681661605835,6.199999809265137,1,2.080779552459717,0.30000000000000004,7.5
13,2,0.0,2.0,8.1,-2.8023000391357487,0.30000000000000004,7.5,246.44003295898438,2.0162434577941895,1.1714909076690674,6.199999809265137,1,2.072782516479492,0.30000000000000004,7.5
13,2,0.0,2.0,8.1,-2.8023000391357487,0.30000000000000004,7.5,246.94003295898438,0.0,,,0,2.0650031566619873,0.30000000000000004,7.5
13,2,0.0,2.0,8.1,-2.8023000391357487,0.30000000000000004,7.5,247.44003295898438,2.000899076461792,1.2106635570526123,6.199999809265137,1,2.0574381351470947,0.30000000000000004,7.5
13,2,0.0,2.0,8.1,-2.8023000391357487,0.30000000000000004,7.5,247.94003295898438,1.9935450553894043,1.2300360202789307,6.199999809265137,1,2.050084114074707,0.30000000000000004,7.5
13,2,0.0,2.0,8.1,-2.8023000391357487,0.30000000000000004,7.5,248.44003295898438,1.9863982200622559,1.249272108078003,6.199999809265137,1,2.0429372787475586,0.30000000000000004,7.5
13,2,0.0,2.0,8.1,-2.8023000391357487,0.30000000000000004,7.5,248.94003295898438,1.9794554710388184,1.2683758735656738,6.199999809265137,1,2.035994529724121,0.30000000000000004,7.5
13,2,0.0,2.0,8.1,-2.8023000391357487,0.30000000000000004,7.5,249.44003295898438,1.9727139472961426,1.2873517274856567,6.199999809265137,1,2.0292530059814453,0.30000000000000004,7.5
13,2,0.0,2.0,8.1,-2.8023000391357487,0.30000000000000004,7.5,249.94003295898438,1.966170310974121,1.3062037229537964,6.199999809265137,1,2.022709369659424,0.30000000000000004,7.5
13,2,0.0,2.0,8.1,-2.8023000391357487,0.30000000000000004,7.5,250.44003295898438,1.9598219394683838,1.324936032295227,6.199999809265137,1,2.0163609981536865,0.30000000000000004,7.5
13,2,0.0,2.0,8.1,-2.8023000391357487,0.30000000000000004,7.5,250.94003295898438,1.9536657333374023,1.3435524702072144,6.199999809265137,1,2.010204792022705,0.30000000000000004,7.5
13,2,0.0,2.0,8.1,-2.8023000391357487,0.30000000000000004,7.5,251.44003295898438,1.9476993083953857,1.3620569705963135,6.199999809265137,1,2.0042383670806885,0.30000000000000004,7.5
13,2,0.0,2.0,8.1,-2.8023000391357487,0.30000000000000004,7.5,251.94003295898438,1.9419198036193848,1.38045334815979,6.199999809265137,1,1.9984588623046875,0.30000000000000004,7.5
13,2,0.0,2.0,8.1,-2.8023000391357487,0.30000000000000004,7.5,252.44003295898438,1.936324954032898,1.3987454175949097,6.199999809265137,1,1.9928640127182007,0.30000000000000004,7.5
13,2,0.0,2.0,8.1,-2.8023000391357487,0.30000000000000004,7.5,252.94003295898438,0.0,,,0,1.9874513149261475,0.30000000000000004,7.5
13,2,0.0,2.0,8.1,-2.8023000391357487,0.30000000000000004,7.5,253.44003295898438,1.9256794452667236,1.4350306987762451,6.199999809265137,1,1.9822185039520264,0.30000000000000004,7.5
13,2,0.0,2.0,8.1,-2.8023000391357487,0.30000000000000004,7.5,253.94003295898438,1.9206242561340332,1.453031063079834,6.199999809265137,1,1.977163314819336,0.30000000000000004,7.5
13,2,0.0,2.0,8.1,-2.8023000391357487,0.30000000000000004,7.5,254.44003295898438,1.915744662284851,1.4709413051605225,6.199999809265137,1,1.9722837209701538,0.30000000000000004,7.5
13,2,0.0,2.0,8.1,-2.8023000391357487,0.30000000000000004,7.5,254.94003295898438,1.9110385179519653,1.4887646436691284,6.199999809265137,1,1.967577576637268,0.30000000000000004,7.5
13,2,0.0,2.0,8.1,-2.8023000391357487,0.30000000000000004,7.5,255.44003295898438,1.9065039157867432,1.5065045356750488,6.199999809265137,1,1.963042974472046,0.30000000000000004,7.5
13,2,0.0,2.0,8.1,-2.8023000391357487,0.30000000000000004,7.5,255.94003295898438,1.9021390676498413,1.524164080619812,6.199999809265137,1,1.958678126335144,0.30000000000000004,7.5
13,2,0.0,2.0,8.1,-2.8023000391357487,0.30000000000000004,7.5,256.4400329589844,1.8979419469833374,1.541746735572815,6.199999809265137,1,1.9544810056686401,0.30000000000000004,7.5
13,2,0.0,2.0,8.1,-2.8023000391357487,0.30000000000000004,7.5,256.9400329589844,1.8939111232757568,1.5592553615570068,6.199999809265137,1,1.9504501819610596,0.30000000000000004,7.5
13,2,0.0,2.0,8.1,-2.8023000391357487,0.30000000000000004,7.5,257.4400329589844,1.8900446891784668,1.5766934156417847,6.199999809265137,1,1.9465837478637695,0.30000000000000004,7.5
13,2,0.0,2.0,8.1,-2.8023000391357487,0.30000000000000004,7.5,257.9400329589844,1.8863413333892822,1.5940637588500977,6.199999809265137,1,1.942880392074585,0.30000000000000004,7.5
13,2,0.0,2.0,8.1,-2.8023000391357487,0.30000000000000004,7.5,258.4400329589844,1.8827993869781494,1.6113693714141846,6.199999809265137,1,1.9393384456634521,0.30000000000000004,7.5
13,2,0.0,2.0,8.1,-2.8023000391357487,0.30000000000000004,7.5,258.9400329589844,1.8794175386428833,1.6286133527755737,6.199999809265137,1,1.935956597328186,0.30000000000000004,7.5
13,2,0.0,2.0,8.1,-2.8023000391357487,0.30000000000000004,7.5,259.4400329589844,1.8761943578720093,1.6457985639572144,6.199999809265137,1,1.932733416557312,0.30000000000000004,7.5
13,2,0.0,2.0,8.1,-2.8023000391357487,0.30000000000000004,7.5,259.9400329589844,1.8731286525726318,1.6629279851913452,6.199999809265137,1,1.9296677112579346,0.30000000000000004,7.5
13,2,0.0,2.0,8.1,-2.8023000391357487,0.30000000000000004,7.5,260.4400329589844,1.870219111442566,1.6800044775009155,6.199999809265137,1,1.9267581701278687,0.30000000000000004,7.5
13,2,0.0,2.0,8.1,-2.8023000391357487,0.30000000000000004,7.5,260.9400329589844,1.8674646615982056,1.697030782699585,6.199999809265137,1,1.9240037202835083,0.30000000000000004,7.5
13,2,0.0,2.0,8.1,-2.8023000391357487,0.30000000000000004,7.5,261.4400329589844,1.8648642301559448,1.7140098810195923,6.199999809265137,1,1.9214032888412476,0.30000000000000004,7.5
13,2,0.0,2.0,8.1,-2.8023000391357487,0.30000000000000004,7.5,261.9400329589844,1.8624166250228882,1.730944275856018,6.199999809265137,1,1.918955683708191,0.30000000000000004,7.5
13,2,0.0,2.0,8.1,-2.8023000391357487,0.30000000000000004,7.5,262.4400329589844,1.8601211309432983,1.747836947441101,6.199999809265137,1,1.916660189628601,0.30000000000000004,7.5
13,2,0.0,2.0,8.1,-2.8023000391357487,0.30000000000000004,7.5,262.9400329589844,1.8579766750335693,1.7646905183792114,6.199999809265137,1,1.914515733718872,0.30000000000000004,7.5
13,2,0.0,2.0,8.1,-2.8023000391357487,0.30000000000000004,7.5,263.4400329589844,1.8559825420379639,1.7815077304840088,6.199999809265137,1,1.9125216007232666,0.30000000000000004,7.5
13,2,0.0,2.0,8.1,-2.8023000391357487,0.30000000000000004,7.5,263.9400329589844,1.854137897491455,1.7982912063598633,6.199999809265137,1,1.9106769561767578,0.30000000000000004,7.5
13,2,0.0,2.0,8.1,-2.8023000391357487,0.30000000000000004,7.5,264.4400329589844,1.8524420261383057,1.8150436878204346,6.199999809265137,1,1.9089810848236084,0.30000000000000004,7.5
13,2,0.0,2.0,8.1,-2.8023000391357487,0.30000000000000004,7.5,264.9400329589844,1.8508943319320679,1.8317675590515137,6.199999809265137,1,1.9074333906173706,0.30000000000000004,7.5
13,2,0.0,2.0,8.1,-2.8023000391357487,0.30000000000000004,7.5,265.4400329589844,1.8494940996170044,1.8484658002853394,6.199999809265137,1,1.9060331583023071,0.30000000000000004,7.5
13,2,0.0,2.0,8.1,-2.8023000391357487,0.30000000000000004,7.5,265.9400329589844,1.8482409715652466,1.865140676498413,6.199999809265137,1,1.9047800302505493,0.30000000000000004,7.5
13,2,0.0,2.0,8.1,-2.8023000391357487,0.30000000000000004,7.5,266.4400329589844,1.8471343517303467,1.8817949295043945,6.199999809265137,1,1.9036734104156494,0.30000000000000004,7.5
13,2,0.0,2.0,8.1,-2.8023000391357487,0.30000000000000004,7.5,266.9400329589844,1.8461737632751465,1.8984311819076538,6.199999809265137,1,1.9027128219604492,0.30000000000000004,7.5
13,2,0.0,2.0,8.1,-2.8023000391357487,0.30000000000000004,7.5,267.4400329589844,1.845358967781067,1.915051817893982,6.199999809265137,1,1.9018980264663696,0.30000000000000004,7.5
13,2,0.0,2.0,8.1,-2.8023000391357487,0.30000000000000004,7.5,267.9400329589844,1.8446896076202393,1.931659460067749,6.199999809265137,1,1.901228666305542,0.30000000000000004,7.5
13,2,0.0,2.0,8.1,-2.8023000391357487,0.30000000000000004,7.5,268.4400329589844,0.0,,,0,1.9007043838500977,0.30000000000000004,7.5
13,2,0.0,2.0,8.1,-2.8023000391357487,0.30000000000000004,7.5,268.9400329589844,1.8437861204147339,1.9648462533950806,6.199999809265137,1,1.9003251791000366,0.30000000000000004,7.5
13,2,0.0,2.0,8.1,-2.8023000391357487,0.30000000000000004,7.5,269.4400329589844,1.8435516357421875,1.9814302921295166,6.199999809265137,1,1.9000906944274902,0.30000000000000004,7.5
13,2,0.0,2.0,8.1,-2.8023000391357487,0.30000000000000004,7.5,269.9400329589844,1.8434619903564453,1.9980114698410034,6.199999809265137,1,1.900001049041748,0.30000000000000004,7.5
13,2,0.0,2.0,8.1,-2.8023000391357487,0.30000000000000004,7.5,270.4400329589844,1.8435169458389282,2.014592409133911,6.199999809265137,1,1.900056004524231,0.30000000000000004,7.5
13,2,0.0,2.0,8.1,-2.8023000391357487,0.30000000000000004,7.5,270.9400329589844,1.8437167406082153,2.0311756134033203,6.199999809265137,1,1.900255799293518,0.30000000000000004,7.5
13,2,0.0,2.0,8.1,-2.8023000391357487,0.30000000000000004,7.5,271.4400329589844,1.844061255455017,2.0477633476257324,6.199999809265137,1,1.9006003141403198,0.30000000000000004,7.5
13,2,0.0,2.0,8.1,-2.8023000391357487,0.30000000000000004,7.5,271.9400329589844,1.844550609588623,2.0643584728240967,6.199999809265137,1,1.9010896682739258,0.30000000000000004,7.5
13,2,0.0,2.0,8.1,-2.8023000391357487,0.30000000000000004,7.5,272.4400329589844,1.8451851606369019,2.080963611602783,6.199999809265137,1,1.9017242193222046,0.30000000000000004,7.5
13,2,0.0,2.0,8.1,-2.8023000391357487,0.30000000000000004,7.5,272.9400329589844,1.8459651470184326,2.097580909729004,6.199999809265137,1,1.9025042057037354,0.30000000000000004,7.5
13,2,0.0,2.0,8.1,-2.8023000391357487,0.30000000000000004,7.5,273.4400329589844,1.8468906879425049,2.114213228225708,6.199999809265137,1,1.9034297466278076,0.30000000000000004,7.5
13,2,0.0,2.0,8.1,-2.8023000391357487,0.30000000000000004,7.5,273.9400329589844,1.8479622602462769,2.1308629512786865,6.199999809265137,1,1.9045013189315796,0.30000000000000004,7.5
13,2,0.0,2.0,8.1,-2.8023000391357487,0.30000000000000004,7.5,274.4400329589844,1.8491802215576172,2.1475324630737305,6.199999809265137,1,1.90571928024292,0.30000000000000004,7.5
13,2,0.0,2.0,8.1,-2.8023000391357487,0.30000000000000004,7.5,274.9400329589844,1.850545048713684,2.164224863052368,6.199999809265137,1,1.9070841073989868,0.30000000000000004,7.5
13,2,0.0,2.0,8.1,-2.8023000391357487,0.30000000000000004,7.5,275.4400329589844,1.8520573377609253,2.1809425354003906,6.199999809265137,1,1.908596396446228,0.30000000000000004,7.5
13,2,0.0,2.0,8.1,-2.8023000391357487,0.30000000000000004,7.5,275.9400329589844,1.853717565536499,2.197687864303589,6.199999809265137,1,1.9102566242218018,0.30000000000000004,7.5
13,2,0.0,2.0,8.1,-2.8023000391357487,0.30000000000000004,7.5,276.4400329589844,1.8555264472961426,2.214463472366333,6.199999809265137,1,1.9120655059814453,0.30000000000000004,7.5
13,2,0.0,2.0,8.1,-2.8023000391357487,0.30000000000000004,7.5,276.9400329589844,1.8574846982955933,2.2312724590301514,6.199999809265137,1,1.914023756980896,0.30000000000000004,7.5
13,2,0.0,2.0,8.1,-2.8023000391357487,0.30000000000000004,7.5,277.4400329589844,1.8595930337905884,2.248116970062256,6.199999809265137,1,1.9161320924758911,0.30000000000000004,7.5
13,2,0.0,2.0,8.1,-2.8023000391357487,0.30000000000000004,7.5,277.9400329589844,1.8618521690368652,2.265000104904175,6.199999809265137,1,1.918391227722168,0.30000000000000004,7.5
13,2,0.0,2.0,8.1,-2.8023000391357487,0.30000000000000004,7.5,278.4400329589844,1.8642631769180298,2.281924247741699,6.199999809265137,1,1.9208022356033325,0.30000000000000004,7.5
13,2,0.0,2.0,8.1,-2.8023000391357487,0.30000000000000004,7.5,278.9400329589844,0.0,,,0,1.9233659505844116,0.30000000000000004,7.5
13,2,0.0,2.0,8.1,-2.8023000391357487,0.30000000000000004,7.5,279.4400329589844,1.8695443868637085,2.3159070014953613,6.199999809265137,1,1.9260834455490112,0.30000000000000004,7.5
13,2,0.0,2.0,8.1,-2.8023000391357487,0.30000000000000004,7.5,279.9400329589844,0.0,,,0,1.9289556741714478,0.30000000000000004,7.5
13,2,0.0,2.0,8.1,-2.8023000391357487,0.30000000000000004,7.5,280.4400329589844,1.875444769859314,2.3500876426696777,6.199999809265137,1,1.9319838285446167,0.30000000000000004,7.5
13,2,0.0,2.0,8.1,-2.8023000391357487,0.30000000000000004,7.5,280.9400329589844,1.8786300420761108,2.3672592639923096,6.199999809265137,1,1.9351691007614136,0.30000000000000004,7.5
13,2,0.0,2.0,8.1,-2.8023000391357487,0.30000000000000004,7.5,281.4400329589844,1.8819737434387207,2.384489059448242,6.199999809265137,1,1.9385128021240234,0.30000000000000004,7.5
13,2,0.0,2.0,8.1,-2.8023000391357487,0.30000000000000004,7.5,281.9400329589844,1.885477066040039,2.4017796516418457,6.199999809265137,1,1.9420161247253418,0.30000000000000004,7.5
13,2,0.0,2.0,8.1,-2.8023000391357487,0.30000000000000004,7.5,282.4400329589844,1.8891416788101196,2.4191341400146484,6.199999809265137,1,1.9456807374954224,0.30000000000000004,7.5
13,2,0.0,2.0,8.1,-2.8023000391357487,0.30000000000000004,7.5,282.9400329589844,1.892968773841858,2.4365556240081787,6.199999809265137,1,1.9495078325271606,0.30000000000000004,7.5
13,2,0.0,2.0,8.1,-2.8023000391357487,0.30000000000000004,7.5,283.4400329589844,1.8969600200653076,2.4540469646453857,6.199999809265137,1,1.9534990787506104,0.30000000000000004,7.5
13,2,0.0,2.0,8.1,-2.8023000391357487,0.30000000000000004,7.5,283.9400329589844,1.9011170864105225,2.471611738204956,6.199999809265137,1,1.9576561450958252,0.30000000000000004,7.5
13,2,0.0,2.0,8.1,-2.8023000391357487,0.30000000000000004,7.5,284.4400329589844,1.9054415225982666,2.4892525672912598,6.199999809265137,1,1.9619805812835693,0.30000000000000004,7.5
13,2,0.0,2.0,8.1,-2.8023000391357487,0.30000000000000004,7.5,284.9400329589844,1.9099353551864624,2.5069727897644043,6.199999809265137,1,1.9664744138717651,0.30000000000000004,7.5
13,2,0.0,2.0,8.1,-2.8023000391357487,0.30000000000000004,7.5,285.4400329589844,1.914600133895874,2.524775743484497,6.199999809265137,1,1.9711391925811768,0.30000000000000004,7.5
13,2,0.0,2.0,8.1,-2.8023000391357487,0.30000000000000004,7.5,285.9400329589844,1.9194380044937134,2.5426647663116455,6.199999809265137,1,1.9759770631790161,0.30000000000000004,7.5
13,2,0.0,2.0,8.1,-2.8023000391357487,0.30000000000000004,7.5,286.4400329589844,1.9244508743286133,2.560643196105957,6.199999809265137,1,1.980989933013916,0.30000000000000004,7.5
13,2,0.0,2.0,8.1,-2.8023000391357487,0.30000000000000004,7.5,286.9400329589844,1.9296408891677856,2.578714609146118,6.199999809265137,1,1.9861799478530884,0.30000000000000004,7.5
13,2,0.0,2.0,8.1,-2.8023000391357487,0.30000000000000004,7.5,287.4400329589844,0.0,,,0,1.9915492534637451,0.30000000000000004,7.5
13,2,0.0,2.0,8.1,-2.8023000391357487,0.30000000000000004,7.5,287.9400329589844,1.9405611753463745,2.615149736404419,6.199999809265137,1,1.9971002340316772,0.30000000000000004,7.5
13,2,0.0,2.0,8.1,-2.8023000391357487,0.30000000000000004,7.5,288.4400329589844,1.946295976638794,2.6335208415985107,6.199999809265137,1,2.0028350353240967,0.30000000000000004,7.5
13,2,0.0,2.0,8.1,-2.8023000391357487,0.30000000000000004,7.5,288.9400329589844,1.9522173404693604,2.651998996734619,6.199999809265137,1,2.008756399154663,0.30000000000000004,7.5
13,2,0.0,2.0,8.1,-2.8023000391357487,0.30000000000000004,7.5,289.4400329589844,1.9583277702331543,2.670588254928589,6.199999809265137,1,2.014866828918457,0.30000000000000004,7.5
13,2,0.0,2.0,8.1,-2.8023000391357487,0.30000000000000004,7.5,289.9400329589844,1.964629888534546,2.6892924308776855,6.199999809265137,1,2.0211689472198486,0.30000000000000004,7.5
13,2,0.0,2.0,8.1,-2.8023000391357487,0.30000000000000004,7.5,290.4400329589844,1.9711263179779053,2.708115339279175,6.199999809265137,1,2.027665376663208,0.30000000000000004,7.5
13,2,0.0,2.0,8.1,-2.8023000391357487,0.30000000000000004,7.5,290.9400329589844,1.9778201580047607,2.7270610332489014,6.199999809265137,1,2.0343592166900635,0.30000000000000004,7.5
13,2,0.0,2.0,8.1,-2.8023000391357487,0.30000000000000004,7.5,291.4400329589844,1.9847142696380615,2.746133804321289,6.199999809265137,1,2.0412533283233643,0.30000000000000004,7.5
13,2,0.0,2.0,8.1,-2.8023000391357487,0.30000000000000004,7.5,291.9400329589844,1.991811990737915,2.7653377056121826,6.199999809265137,1,2.0483510494232178,0.30000000000000004,7.5
13,2,0.0,2.0,8.1,-2.8023000391357487,0.30000000000000004,7.5,292.4400329589844,0.0,,,0,2.0556552410125732,0.30000000000000004,7.5
13,2,0.0,2.0,8.1,-2.8023000391357487,0.30000000000000004,7.5,292.9400329589844,2.0066301822662354,2.8041563034057617,6.199999809265137,1,2.063169240951538,0.30000000000000004,7.5
13,2,0.0,2.0,8.1,-2.8023000391357487,0.30000000000000004,7.5,293.4400329589844,2.014357805252075,2.823780059814453,6.199999809265137,1,2.070896863937378,0.30000000000000004,7.5
13,2,0.0,2.0,8.1,-2.8023000391357487,0.30000000000000004,7.5,293.9400329589844,2.0223023891448975,2.843552827835083,6.199999809265137,1,2.0788414478302,0.30000000000000004,7.5
13,2,0.0,2.0,8.1,-2.8023000391357487,0.30000000000000004,7.5,294.4400329589844,2.0304675102233887,2.8634796142578125,6.199999809265137,1,2.0870065689086914,0.30000000000000004,7.5
13,2,0.0,2.0,8.1,-2.8023000391357487,0.30000000000000004,7.5,294.9400329589844,2.0388574600219727,2.8835647106170654,6.199999809265137,1,2.0953965187072754,0.30000000000000004,7.5
13,2,0.0,2.0,8.1,-2.8023000391357487,0.30000000000000004,7.5,295.4400329589844,2.047476053237915,2.9038138389587402,6.199999809265137,1,2.1040151119232178,0.30000000000000004,7.5
13,2,0.0,2.0,8.1,-2.8023000391357487,0.30000000000000004,7.5,295.9400329589844,2.0563273429870605,2.92423152923584,6.199999809265137,1,2.1128664016723633,0.30000000000000004,7.5
13,2,0.0,2.0,8.1,-2.8023000391357487,0.30000000000000004,7.5,296.4400329589844,2.065415620803833,2.9448235034942627,6.199999809265137,1,2.1219546794891357,0.30000000000000004,7.5
13,2,0.0,2.0,8.1,-2.8023000391357487,0.30000000000000004,7.5,296.9400329589844,2.0747454166412354,2.965595006942749,6.199999809265137,1,2.131284475326538,0.30000000000000004,7.5
13,2,0.0,2.0,8.1,-2.8023000391357487,0.30000000000000004,7.5,297.4400329589844,2.0843214988708496,2.986551284790039,6.199999809265137,1,2.1408605575561523,0.30000000000000004,7.5
13,2,0.0,2.0,8.1,-2.8023000391357487,0.30000000000000004,7.5,297.9400329589844,2.0941483974456787,3.0076985359191895,6.199999809265137,1,2.1506874561309814,0.30000000000000004,7.5
13,2,0.0,2.0,8.1,-2.8023000391357487,0.30000000000000004,7.5,298.4400329589844,2.104231357574463,3.0290424823760986,6.199999809265137,1,2.1607704162597656,0.30000000000000004,7.5
13,2,0.0,2.0,8.1,-2.8023000391357487,0.30000000000000004,7.5,298.9400329589844,2.1145753860473633,3.050589084625244,6.199999809265137,1,2.171114444732666,0.30000000000000004,7.5
13,2,0.0,2.0,8.1,-2.8023000391357487,0.30000000000000004,7.5,299.4400329589844,0.0,,,0,2.181724786758423,0.30000000000000004,7.5
13,2,0.0,2.0,8.1,-2.8023000391357487,0.30000000000000004,7.5,299.9400329589844,2.136068344116211,3.094315767288208,6.199999809265137,1,2.1926074028015137,0.30000000000000004,7.5
13,2,0.0,2.0,8.1,-2.8023000391357487,0.30000000000000004,7.5,300.4400329589844,2.147228479385376,3.116508722305298,6.199999809265137,1,2.2037675380706787,0.30000000000000004,7.5
13,2,0.0,2.0,8.1,-2.8023000391357487,0.30000000000000004,7.5,300.9400329589844,2.158672571182251,3.138930320739746,6.199999809265137,1,2.2152116298675537,0.30000000000000004,7.5
13,2,0.0,2.0,8.1,-2.8023000391357487,0.30000000000000004,7.5,301.4400329589844,2.1704065799713135,3.161587953567505,6.199999809265137,1,2.226945638656616,0.30000000000000004,7.5
13,2,0.0,2.0,8.1,-2.8023000391357487,0.30000000000000004,7.5,301.9400329589844,2.182436943054199,3.184488534927368,6.199999809265137,1,2.238976001739502,0.30000000000000004,7.5
13,2,0.0,2.0,8.1,-2.8023000391357487,0.30000000000000004,7.5,302.4400329589844,2.194770336151123,3.207639694213867,6.199999809265137,1,2.251309394836426,0.30000000000000004,7.5
13,2,0.0,2.0,8.1,-2.8023000391357487,0.30000000000000004,7.5,302.9400329589844,2.207413673400879,3.2310492992401123,6.199999809265137,1,2.2639527320861816,0.30000000000000004,7.5
13,2,0.0,2.0,8.1,-2.8023000391357487,0.30000000000000004,7.5,303.4400329589844,2.220374345779419,3.2547249794006348,6.199999809265137,1,2.2769134044647217,0.30000000000000004,7.5
13,2,0.0,2.0,8.1,-2.8023000391357487,0.30000000000000004,7.5,303.9400329589844,2.233659505844116,3.278675079345703,6.199999809265137,1,2.290198564529419,0.30000000000000004,7.5
13,2,0.0,2.0,8.1,-2.8023000391357487,0.30000000000000004,7.5,304.4400329589844,2.24727725982666,3.302908182144165,6.199999809265137,1,2.303816318511963,0.30000000000000004,7.5
13,2,0.0,2.0,8.1,-2.8023000391357487,0.30000000000000004,7.5,304.9400329589844,2.261235475540161,3.3274331092834473,6.199999809265137,1,2.317774534225464,0.30000000000000004,7.5
13,2,0.0,2.0,8.1,-2.8023000391357487,0.30000000000000004,7.5,305.4400329589844,2.2755424976348877,3.3522589206695557,6.199999809265137,1,2.3320815563201904,0.30000000000000004,7.5
13,2,0.0,2.0,8.1,-2.8023000391357487,0.30000000000000004,7.5,305.9400329589844,2.2902069091796875,3.377394914627075,6.199999809265137,1,2.3467459678649902,0.30000000000000004,7.5
13,2,0.0,2.0,8.1,-2.8023000391357487,0.30000000000000004,7.5,306.4400329589844,2.3052380084991455,3.402851104736328,6.199999809265137,1,2.3617770671844482,0.30000000000000004,7.5
13,2,0.0,2.0,8.1,-2.8023000391357487,0.30000000000000004,7.5,306.9400329589844,2.3206450939178467,3.4286375045776367,6.199999809265137,1,2.3771841526031494,0.30000000000000004,7.5
13,2,0.0,2.0,8.1,-2.8023000391357487,0.30000000000000004,7.5,307.4400329589844,0.0,,,0,2.392977237701416,0.30000000000000004,7.5
13,2,0.0,2.0,8.1,-2.8023000391357487,0.30000000000000004,7.5,307.9400329589844,2.3526270389556885,3.4812428951263428,6.199999809265137,1,2.409166097640991,0.30000000000000004,7.5
13,2,0.0,2.0,8.1,-2.8023000391357487,0.30000000000000004,7.5,308.4400329589844,2.369222402572632,3.508084297180176,6.199999809265137,1,2.4257614612579346,0.30000000000000004,7.5
13,2,0.0,2.0,8.1,-2.8023000391357487,0.30000000000000004,7.5,308.9400329589844,2.386235237121582,3.5353000164031982,6.199999809265137,1,2.4427742958068848,0.30000000000000004,7.5
13,2,0.0,2.0,8.1,-2.8023000391357487,0.30000000000000004,7.5,309.4400329589844,2.403676986694336,3.5629022121429443,6.199999809265137,1,2.4602160453796387,0.30000000000000004,7.5
13,2,0.0,2.0,8.1,-2.8023000391357487,0.30000000000000004,7.5,309.9400329589844,2.4215598106384277,3.5909037590026855,6.199999809265137,1,2.4780988693237305,0.30000000000000004,7.5
13,2,0.0,2.0,8.1,-2.8023000391357487,0.30000000000000004,7.5,310.4400329589844,2.4398961067199707,3.6193172931671143,6.199999809265137,1,2.4964351654052734,0.30000000000000004,7.5
13,2,0.0,2.0,8.1,-2.8023000391357487,0.30000000000000004,7.5,310.9400329589844,2.4586987495422363,3.6481568813323975,6.199999809265137,1,2.515237808227539,0.30000000000000004,7.5
13,2,0.0,2.0,8.1,-2.8023000391357487,0.30000000000000004,7.5,311.4400329589844,2.4779810905456543,3.677436351776123,6.199999809265137,1,2.534520149230957,0.30000000000000004,7.5
13,2,0.0,2.0,8.1,-2.8023000391357487,0.30000000000000004,7.5,311.9400329589844,2.4977574348449707,3.7071704864501953,6.199999809265137,1,2.5542964935302734,0.30000000000000004,7.5
13,2,0.0,2.0,8.1,-2.8023000391357487,0.30000000000000004,7.5,312.4400329589844,2.51804256439209,3.7373745441436768,6.199999809265137,1,2.5745816230773926,0.30000000000000004,7.5
13,2,0.0,2.0,8.1,-2.8023000391357487,0.30000000000000004,7.5,312.9400329589844,2.538851499557495,3.768064498901367,6.199999809265137,1,2.595390558242798,0.30000000000000004,7.5
13,2,0.0,2.0,8.1,-2.8023000391357487,0.30000000000000004,7.5,313.4400329589844,2.5602006912231445,3.799257278442383,6.199999809265137,1,2.6167397499084473,0.30000000000000004,7.5
13,2,0.0,2.0,8.1,-2.8023000391357487,0.30000000000000004,7.5,313.9400329589844,2.582106351852417,3.8309695720672607,6.199999809265137,1,2.6386454105377197,0.30000000000000004,7.5
13,2,0.0,2.0,8.1,-2.8023000391357487,0.30000000000000004,7.5,314.4400329589844,2.604586362838745,3.863219976425171,6.199999809265137,1,2.661125421524048,0.30000000000000004,7.5
13,2,0.0,2.0,8.1,-2.8023000391357487,0.30000000000000004,7.5,314.9400329589844,2.6276588439941406,3.896027088165283,6.199999809265137,1,2.6841979026794434,0.30000000000000004,7.5
13,2,0.0,2.0,8.1,-2.8023000391357487,0.30000000000000004,7.5,315.4400329589844,2.6513431072235107,3.929410696029663,6.199999809265137,1,2.7078821659088135,0.30000000000000004,7.5
13,2,0.0,2.0,8.1,-2.8023000391357487,0.30000000000000004,7.5,315.9400329589844,2.675658702850342,3.9633913040161133,6.199999809265137,1,2.7321977615356445,0.30000000000000004,7.5
13,2,0.0,2.0,8.1,-2.8023000391357487,0.30000000000000004,7.5,316.4400329589844,2.700627088546753,3.997990131378174,6.199999809265137,1,2.7571661472320557,0.30000000000000004,7.5
13,2,0.0,2.0,8.1,-2.8023000391357487,0.30000000000000004,7.5,316.9400329589844,2.680788993835449,4.0,6.231052398681641,1,2.737328052520752,0.30000000000000004,7.5
13,2,0.0,2.0,8.1,-2.8023000391357487,0.30000000000000004,7.5,317.4400329589844,2.65874981880188,4.0,6.263483047485352,1,2.7152888774871826,0.30000000000000004,7.5
13,2,0.0,2.0,8.1,-2.8023000391357487,0.30000000000000004,7.5,317.9400329589844,2.6372663974761963,4.0,6.295398235321045,1,2.693805456161499,0.30000000000000004,7.5
13,2,0.0,2.0,8.1,-2.8023000391357487,0.30000000000000004,7.5,318.4400329589844,2.6163222789764404,4.0,6.326814651489258,1,2.672861337661743,0.30000000000000004,7.5
13,2,0.0,2.0,8.1,-2.8023000391357487,0.30000000000000004,7.5,318.9400329589844,2.5959014892578125,4.0,6.357748031616211,1,2.6524405479431152,0.30000000000000004,7.5
13,2,0.0,2.0,8.1,-2.8023000391357487,0.30000000000000004,7.5,319.4400329589844,2.5759894847869873,4.0,6.3882155418396,1,2.63252854347229,0.30000000000000004,7.5
13,2,0.0,2.0,8.1,-2.8023000391357487,0.30000000000000004,7.5,319.9400329589844,2.5565717220306396,4.0,6.4182305335998535,1,2.6131107807159424,0.30000000000000004,7.5
13,2,0.0,2.0,8.1,-2.8023000391357487,0.30000000000000004,7.5,320.4400329589844,2.5376343727111816,4.0,6.447808742523193,1,2.5941734313964844,0.30000000000000004,7.5
13,2,0.0,2.0,8.1,-2.8023000391357487,0.30000000000000004,7.5,320.9400329589844,2.5191643238067627,4.0,6.476963043212891,1,2.5757033824920654,0.30000000000000004,7.5
13,2,0.0,2.0,8.1,-2.8023000391357487,0.30000000000000004,7.5,321.4400329589844,2.5011489391326904,4.0,6.505707740783691,1,2.557687997817993,0.30000000000000004,7.5
13,2,0.0,2.0,8.1,-2.8023000391357487,0.30000000000000004,7.5,321.9400329589844,2.4835758209228516,4.0,6.534055233001709,1,2.5401148796081543,0.30000000000000004,7.5
13,2,0.0,2.0,8.1,-2.8023000391357487,0.30000000000000004,7.5,322.4400329589844,2.46643328666687,4.0,6.562017917633057,1,2.522972345352173,0.30000000000000004,7.5
13,2,0.0,2.0,8.1,-2.8023000391357487,0.30000000000000004,7.5,322.9400329589844,0.0,,,0,2.506249189376831,0.30000000000000004,7.5
13,2,0.0,2.0,8.1,-2.8023000391357487,0.30000000000000004,7.5,323.4400329589844,2.4333956241607666,4.0,6.616836071014404,1,2.4899346828460693,0.30000000000000004,7.5
13,2,0.0,2.0,8.1,-2.8023000391357487,0.30000000000000004,7.5,323.9400329589844,2.4174795150756836,4.0,6.643714427947998,1,2.4740185737609863,0.30000000000000004,7.5
13,2,0.0,2.0,8.1,-2.8023000391357487,0.30000000000000004,7.5,324.4400329589844,2.401951551437378,4.0,6.670253276824951,1,2.4584906101226807,0.30000000000000004,7.5
13,2,0.0,2.0,8.1,-2.8023000391357487,0.30000000000000004,7.5,324.9400329589844,2.3868019580841064,4.0,6.696463108062744,1,2.443341016769409,0.30000000000000004,7.5
13,2,0.0,2.0,8.1,-2.8023000391357487,0.30000000000000004,7.5,325.4400329589844,2.3720219135284424,4.0,6.722353935241699,1,2.428560972213745,0.30000000000000004,7.5
13,2,0.0,2.0,8.1,-2.8023000391357487,0.30000000000000004,7.5,325.9400329589844,2.35760235786438,4.0,6.7479352951049805,1,2.4141414165496826,0.30000000000000004,7.5
13,2,0.0,2.0,8.1,-2.8023000391357487,0.30000000000000004,7.5,326.4400329589844,2.3435347080230713,4.0,6.773216724395752,1,2.400073766708374,0.30000000000000004,7.5
13,2,0.0,2.0,8.1,-2.8023000391357487,0.30000000000000004,7.5,326.9400329589844,2.329810857772827,4.0,6.798206806182861,1,2.38634991645813,0.30000000000000004,7.5
13,2,0.0,2.0,8.1,-2.8023000391357487,0.30000000000000004,7.5,327.4400329589844,2.316422462463379,4.0,6.8229146003723145,1,2.3729615211486816,0.30000000000000004,7.5
13,2,0.0,2.0,8.1,-2.8023000391357487,0.30000000000000004,7.5,327.9400329589844,2.3033623695373535,4.0,6.847348690032959,1,2.3599014282226562,0.30000000000000004,7.5
13,2,0.0,2.0,8.1,-2.8023000391357487,0.30000000000000004,7.5,328.4400329589844,2.2906229496002197,4.0,6.871517181396484,1,2.3471620082855225,0.30000000000000004,7.5
13,2,0.0,2.0,8.1,-2.8023000391357487,0.30000000000000004,7.5,328.9400329589844,2.2781972885131836,4.0,6.89542818069458,1,2.3347363471984863,0.30000000000000004,7.5
13,2,0.0,2.0,8.1,-2.8023000391357487,0.30000000000000004,7.5,329.4400329589844,2.266078233718872,4.0,6.919088840484619,1,2.322617292404175,0.30000000000000004,7.5
13,2,0.0,2.0,8.1,-2.8023000391357487,0.30000000000000004,7.5,329.9400329589844,2.2542595863342285,4.0,6.942506790161133,1,2.3107986450195312,0.30000000000000004,7.5
13,2,0.0,2.0,8.1,-2.8023000391357487,0.30000000000000004,7.5,330.4400329589844,2.242734670639038,4.0,6.965689659118652,1,2.299273729324341,0.30000000000000004,7.5
13,2,0.0,2.0,8.1,-2.8023000391357487,0.30000000000000004,7.5,330.9400329589844,2.2314977645874023,4.0,6.988644123077393,1,2.288036823272705,0.30000000000000004,7.5
13,2,0.0,2.0,8.1,-2.8023000391357487,0.30000000000000004,7.5,331.4400329589844,2.2205424308776855,4.0,7.011376857757568,1,2.2770814895629883,0.30000000000000004,7.5
13,2,0.0,2.0,8.1,-2.8023000391357487,0.30000000000000004,7.5,331.9400329589844,0.0,,,0,2.26640248298645,0.30000000000000004,7.5
13,2,0.0,2.0,8.1,-2.8023000391357487,0.30000000000000004,7.5,332.4400329589844,2.1994552612304688,4.0,7.056203842163086,1,2.2559943199157715,0.30000000000000004,7.5
13,2,0.0,2.0,8.1,-2.8023000391357487,0.30000000000000004,7.5,332.9400329589844,2.189312219619751,4.0,7.078310966491699,1,2.2458512783050537,0.30000000000000004,7.5
13,2,0.0,2.0,8.1,-2.8023000391357487,0.30000000000000004,7.5,333.4400329589844,2.179429769515991,4.0,7.100222110748291,1,2.235968828201294,0.30000000000000004,7.5
13,2,0.0,2.0,8.1,-2.8023000391357487,0.30000000000000004,7.5,333.9400329589844,0.0,,,0,2.226341485977173,0.30000000000000004,7.5
13,2,0.0,2.0,8.1,-2.8023000391357487,0.30000000000000004,7.5,334.4400329589844,2.160425901412964,4.0,7.1434783935546875,1,2.2169649600982666,0.30000000000000004,7.5
13,2,0.0,2.0,8.1,-2.8023000391357487,0.30000000000000004,7.5,334.9400329589844,2.1512954235076904,4.0,7.164834976196289,1,2.207834482192993,0.30000000000000004,7.5
13,2,0.0,2.0,8.1,-2.8023000391357487,0.30000000000000004,7.5,335.4400329589844,2.142406702041626,4.0,7.186018466949463,1,2.1989457607269287,0.30000000000000004,7.5
13,2,0.0,2.0,8.1,-2.8023000391357487,0.30000000000000004,7.5,335.9400329589844,2.1337552070617676,4.0,7.207033157348633,1,2.1902942657470703,0.30000000000000004,7.5
13,2,0.0,2.0,8.1,-2.8023000391357487,0.30000000000000004,7.5,336.4400329589844,2.1253373622894287,4.0,7.2278852462768555,1,2.1818764209747314,0.30000000000000004,7.5
13,2,0.0,2.0,8.1,-2.8023000391357487,0.30000000000000004,7.5,336.9400329589844,0.0,,,0,2.173687696456909,0.30000000000000004,7.5
13,2,0.0,2.0,8.1,-2.8023000391357487,0.30000000000000004,7.5,337.4400329589844,2.1091854572296143,4.0,7.2691192626953125,1,2.165724515914917,0.30000000000000004,7.5
13,2,0.0,2.0,8.1,-2.8023000391357487,0.30000000000000004,7.5,337.9400329589844,2.1014440059661865,4.0,7.289511680603027,1,2.1579830646514893,0.30000000000000004,7.5
13,2,0.0,2.0,8.1,-2.8023000391357487,0.30000000000000004,7.5,338.4400329589844,2.093921184539795,4.0,7.309760093688965,1,2.1504602432250977,0.30000000000000004,7.5
13,2,0.0,2.0,8.1,-2.8023000391357487,0.30000000000000004,7.5,338.9400329589844,2.086613178253174,4.0,7.329869270324707,1,2.1431522369384766,0.30000000000000004,7.5
13,2,0.0,2.0,8.1,-2.8023000391357487,0.30000000000000004,7.5,339.4400329589844,2.079516649246216,4.0,7.349843978881836,1,2.1360557079315186,0.30000000000000004,7.5
13,2,0.0,2.0,8.1,-2.8023000391357487,0.30000000000000004,7.5,339.9400329589844,2.0726287364959717,4.0,7.369688034057617,1,2.1291677951812744,0.30000000000000004,7.5
13,2,0.0,2.0,8.1,-2.8023000391357487,0.30000000000000004,7.5,340.4400329589844,2.065946102142334,4.0,7.389406204223633,1,2.1224851608276367,0.30000000000000004,7.5
13,2,0.0,2.0,8.1,-2.8023000391357487,0.30000000000000004,7.5,340.9400329589844,2.0594661235809326,4.0,7.409002780914307,1,2.1160051822662354,0.30000000000000004,7.5
13,2,0.0,2.0,8.1,-2.8023000391357487,0.30000000000000004,7.5,341.4400329589844,2.05318546295166,4.0,7.428481101989746,1,2.109724521636963,0.30000000000000004,7.5
13,2,0.0,2.0,8.1,-2.8023000391357487,0.30000000000000004,7.5,341.9400329589844,2.0471019744873047,4.0,7.447845458984375,1,2.1036410331726074,0.30000000000000004,7.5
13,2,0.0,2.0,8.1,-2.8023000391357487,0.30000000000000004,7.5,342.4400329589844,2.041212558746338,4.0,7.467100620269775,1,2.0977516174316406,0.30000000000000004,7.5
13,2,0.0,2.0,8.1,-2.8023000391357487,0.30000000000000004,7.5,342.9400329589844,2.035515069961548,4.0,7.486248970031738,1,2.0920541286468506,0.30000000000000004,7.5
13,2,0.0,2.0,8.1,-2.8023000391357487,0.30000000000000004,7.5,343.4400329589844,2.0300068855285645,4.0,7.505295276641846,1,2.086545944213867,0.30000000000000004,7.5
13,2,0.0,2.0,8.1,-2.8023000391357487,0.30000000000000004,7.5,343.9400329589844,2.0246856212615967,4.0,7.524243354797363,1,2.0812246799468994,0.30000000000000004,7.5
13,2,0.0,2.0,8.1,-2.8023000391357487,0.30000000000000004,7.5,344.4400329589844,2.0195491313934326,4.0,7.54309606552124,1,2.0760881900787354,0.30000000000000004,7.5
13,2,0.0,2.0,8.1,-2.8023000391357487,0.30000000000000004,7.5,344.9400329589844,0.0,,,0,2.071134328842163,0.30000000000000004,7.5
13,2,0.0,2.0,8.1,-2.8023000391357487,0.30000000000000004,7.5,345.4400329589844,2.009821891784668,4.0,7.580531120300293,1,2.0663609504699707,0.30000000000000004,7.5
13,2,0.0,2.0,8.1,-2.8023000391357487,0.30000000000000004,7.5,345.9400329589844,2.0052273273468018,4.0,7.599120140075684,1,2.0617663860321045,0.30000000000000004,7.5
13,2,0.0,2.0,8.1,-2.8023000391357487,0.30000000000000004,7.5,346.4400329589844,2.00080943107605,4.0,7.61762809753418,1,2.0573484897613525,0.30000000000000004,7.5
13,2,0.0,2.0,8.1,-2.8023000391357487,0.30000000000000004,7.5,346.9400329589844,1.9965662956237793,4.0,7.636058330535889,1,2.053105354309082,0.30000000000000004,7.5
13,2,0.0,2.0,8.1,-2.8023000391357487,0.30000000000000004,7.5,347.4400329589844,1.9924964904785156,4.0,7.654414176940918,1,2.0490355491638184,0.30000000000000004,7.5
13,2,0.0,2.0,8.1,-2.8023000391357487,0.30000000000000004,7.5,347.9400329589844,1.988598108291626,4.0,7.672698497772217,1,2.0451371669769287,0.30000000000000004,7.5
13,2,0.0,2.0,8.1,-2.8023000391357487,0.30000000000000004,7.5,348.4400329589844,1.9848699569702148,4.0,7.690915107727051,1,2.0414090156555176,0.30000000000000004,7.5
13,2,0.0,2.0,8.1,-2.8023000391357487,0.30000000000000004,7.5,348.9400329589844,0.0,,,0,2.037849187850952,0.30000000000000004,7.5
13,2,0.0,2.0,8.1,-2.8023000391357487,0.30000000000000004,7.5,349.4400329589844,1.977917194366455,4.0,7.727156639099121,1,2.034456253051758,0.30000000000000004,7.5
13,2,0.0,2.0,8.1,-2.8023000391357487,0.30000000000000004,7.5,349.9400329589844,1.9746901988983154,4.0,7.745187282562256,1,2.031229257583618,0.30000000000000004,7.5
13,2,0.0,2.0,8.1,-2.8023000391357487,0.30000000000000004,7.5,350.4400329589844,1.9716274738311768,4.0,7.763162612915039,1,2.0281665325164795,0.30000000000000004,7.5
13,2,0.0,2.0,8.1,-2.8023000391357487,0.30000000000000004,7.5,350.9400329589844,1.9687280654907227,4.0,7.781085014343262,1,2.0252671241760254,0.30000000000000004,7.5
13,2,0.0,2.0,8.1,-2.8023000391357487,0.30000000000000004,7.5,351.4400329589844,1.9659905433654785,4.0,7.798957824707031,1,2.0225296020507812,0.30000000000000004,7.5
13,2,0.0,2.0,8.1,-2.8023000391357487,0.30000000000000004,7.5,351.9400329589844,1.963414192199707,4.0,7.816783428192139,1,2.0199532508850098,0.30000000000000004,7.5
13,2,0.0,2.0,8.1,-2.8023000391357487,0.30000000000000004,7.5,352.4400329589844,1.9609980583190918,4.0,7.834565162658691,1,2.0175371170043945,0.30000000000000004,7.5
13,2,0.0,2.0,8.1,-2.8023000391357487,0.30000000000000004,7.5,352.9400329589844,1.9587407112121582,4.0,7.852305889129639,1,2.015279769897461,0.30000000000000004,7.5
13,2,0.0,2.0,8.1,-2.8023000391357487,0.30000000000000004,7.5,353.4400329589844,0.0,,,0,2.013180732727051,0.30000000000000004,7.5
13,2,0.0,2.0,8.1,-2.8023000391357487,0.30000000000000004,7.5,353.9400329589844,1.9546997547149658,4.0,7.887674808502197,1,2.0112388134002686,0.30000000000000004,7.5
13,2,0.0,2.0,8.1,-2.8023000391357487,0.30000000000000004,7.5,354.4400329589844,1.9529147148132324,4.0,7.905309200286865,1,2.009453773498535,0.30000000000000004,7.5
13,2,0.0,2.0,8.1,-2.8023000391357487,0.30000000000000004,7.5,354.9400329589844,1.9512856006622314,4.0,7.922913074493408,1,2.007824659347534,0.30000000000000004,7.5
13,2,0.0,2.0,8.1,-2.8023000391357487,0.30000000000000004,7.5,355.4400329589844,1.9498116970062256,4.0,7.940490245819092,1,2.0063507556915283,0.30000000000000004,7.5
13,2,0.0,2.0,8.1,-2.8023000391357487,0.30000000000000004,7.5,355.9400329589844,1.9484925270080566,4.0,7.958042621612549,1,2.0050315856933594,0.30000000000000004,7.5
13,2,0.0,2.0,8.1,-2.8023000391357487,0.30000000000000004,7.5,356.4400329589844,1.9473276138305664,4.0,7.975573539733887,1,2.003866672515869,0.30000000000000004,7.5
13,2,0.0,2.0,8.1,-2.8023000391357487,0.30000000000000004,7.5,356.9400329589844,1.9463164806365967,4.0,7.9930853843688965,1,2.0028555393218994,0.30000000000000004,7.5
13,2,0.0,2.0,8.1,-2.8023000391357487,0.30000000000000004,7.5,357.4400329589844,1.9454588890075684,4.0,8.010581016540527,1,2.001997947692871,0.30000000000000004,7.5
13,2,0.0,2.0,8.1,-2.8023000391357487,0.30000000000000004,7.5,357.9400329589844,1.9447543621063232,4.0,8.02806282043457,1,2.001293420791626,0.30000000000000004,7.5
13,2,0.0,2.0,8.1,-2.8023000391357487,0.30000000000000004,7.5,358.4400329589844,1.9442024230957031,4.0,8.045533180236816,1,2.000741481781006,0.30000000000000004,7.5
13,2,0.0,2.0,8.1,-2.8023000391357487,0.30000000000000004,7.5,358.9400329589844,1.943803310394287,4.0,8.062995910644531,1,2.00034236907959,0.30000000000000004,7.5
13,2,0.0,2.0,8.1,-2.8023000391357487,0.30000000000000004,7.5,359.4400329589844,1.943556547164917,4.0,8.080452919006348,1,2.0000956058502197,0.30000000000000004,7.5
13,2,0.0,2.0,8.1,-2.8023000391357487,0.30000000000000004,7.5,359.9400329589844,1.9434621334075928,4.0,8.097907066345215,1,2.0000011920928955,0.30000000000000004,7.5
13,2,0.0,2.0,8.1,-2.8023000391357487,0.30000000000000004,7.5,0.4400348365306854,1.9435198307037354,4.0,8.115360260009766,1,2.000058889389038,0.30000000000000004,7.5
13,2,0.0,2.0,8.1,-2.8023000391357487,0.30000000000000004,7.5,0.940034806728363,1.943730115890503,4.0,8.132816314697266,1,2.0002691745758057,0.30000000000000004,7.5
13,2,0.0,2.0,8.1,-2.8023000391357487,0.30000000000000004,7.5,1.4400348663330078,1.9440927505493164,4.0,8.150277137756348,1,2.000631809234619,0.30000000000000004,7.5
13,2,0.0,2.0,8.1,-2.8023000391357487,0.30000000000000004,7.5,1.9400348663330078,1.9446079730987549,4.0,8.167745590209961,1,2.0011470317840576,0.30000000000000004,7.5
13,2,0.0,2.0,8.1,-2.8023000391357487,0.30000000000000004,7.5,2.440034866333008,1.9452760219573975,4.0,8.185224533081055,1,2.0018150806427,0.30000000000000004,7.5
13,2,0.0,2.0,8.1,-2.8023000391357487,0.30000000000000004,7.5,2.940034866333008,1.9460968971252441,4.0,8.202716827392578,1,2.002635955810547,0.30000000000000004,7.5
13,2,0.0,2.0,8.1,-2.8023000391357487,0.30000000000000004,7.5,3.440034866333008,1.9470710754394531,4.0,8.220224380493164,1,2.003610134124756,0.30000000000000004,7.5
13,2,0.0,2.0,8.1,-2.8023000391357487,0.30000000000000004,7.5,3.940034866333008,1.9481990337371826,4.0,8.237750053405762,1,2.0047380924224854,0.30000000000000004,7.5
13,2,0.0,2.0,8.1,-2.8023000391357487,0.30000000000000004,7.5,4.440034866333008,1.9494812488555908,4.0,8.255297660827637,1,2.0060203075408936,0.30000000000000004,7.5
13,2,0.0,2.0,8.1,-2.8023000391357487,0.30000000000000004,7.5,4.940034866333008,1.9509179592132568,4.0,8.272868156433105,1,2.0074570178985596,0.30000000000000004,7.5
13,2,0.0,2.0,8.1,-2.8023000391357487,0.30000000000000004,7.5,5.440034866333008,1.952509880065918,4.0,8.290465354919434,1,2.0090489387512207,0.30000000000000004,7.5
13,2,0.0,2.0,8.1,-2.8023000391357487,0.30000000000000004,7.5,5.940034866333008,1.9542574882507324,4.0,8.30809211730957,1,2.010796546936035,0.30000000000000004,7.5
13,2,0.0,2.0,8.1,-2.8023000391357487,0.30000000000000004,7.5,6.440034866333008,1.9561614990234375,4.0,8.325751304626465,1,2.0127005577087402,0.30000000000000004,7.5
13,2,0.0,2.0,8.1,-2.8023000391357487,0.30000000000000004,7.5,6.940034866333008,1.9582228660583496,4.0,8.34344482421875,1,2.0147619247436523,0.30000000000000004,7.5
13,2,0.0,2.0,8.1,-2.8023000391357487,0.30000000000000004,7.5,7.440034866333008,1.960442066192627,4.0,8.361175537109375,1,2.0169811248779297,0.30000000000000004,7.5
13,2,0.0,2.0,8.1,-2.8023000391357487,0.30000000000000004,7.5,7.940034866333008,1.962820053100586,4.0,8.378947257995605,1,2.0193591117858887,0.30000000000000004,7.5
13,2,0.0,2.0,8.1,-2.8023000391357487,0.30000000000000004,7.5,8.440034866333008,1.965358018875122,4.0,8.39676284790039,1,2.021897077560425,0.30000000000000004,7.5
13,2,0.0,2.0,8.1,-2.8023000391357487,0.30000000000000004,7.5,8.940034866333008,1.9680566787719727,4.0,8.414623260498047,1,2.0245957374572754,0.30000000000000004,7.5
13,2,0.0,2.0,8.1,-2.8023000391357487,0.30000000000000004,7.5,9.440034866333008,1.9709172248840332,4.0,8.432534217834473,1,2.027456283569336,0.30000000000000004,7.5
13,2,0.0,2.0,8.1,-2.8023000391357487,0.30000000000000004,7.5,9.940034866333008,1.9739406108856201,4.0,8.450495719909668,1,2.030479669570923,0.30000000000000004,7.5
13,2,0.0,2.0,8.1,-2.8023000391357487,0.30000000000000004,7.5,10.440034866333008,1.977128028869629,4.0,8.468513488769531,1,2.0336670875549316,0.30000000000000004,7.5
13,2,0.0,2.0,8.1,-2.8023000391357487,0.30000000000000004,7.5,10.940034866333008,1.9804811477661133,4.0,8.486588478088379,1,2.037020206451416,0.30000000000000004,7.5
13,2,0.0,2.0,8.1,-2.8023000391357487,0.30000000000000004,7.5,11.440034866333008,1.9840006828308105,4.0,8.504725456237793,1,2.0405397415161133,0.30000000000000004,7.5
13,2,0.0,2.0,8.1,-2.8023000391357487,0.30000000000000004,7.5,11.940034866333008,1.9876885414123535,4.0,8.522926330566406,1,2.0442276000976562,0.30000000000000004,7.5
13,2,0.0,2.0,8.1,-2.8023000391357487,0.30000000000000004,7.5,12.440034866333008,1.9915459156036377,4.0,8.541193962097168,1,2.0480849742889404,0.30000000000000004,7.5
13,2,0.0,2.0,8.1,-2.8023000391357487,0.30000000000000004,7.5,12.940034866333008,1.9955744743347168,4.0,8.559532165527344,1,2.0521135330200195,0.30000000000000004,7.5
13,2,0.0,2.0,8.1,-2.8023000391357487,0.30000000000000004,7.5,13.440034866333008,1.9997758865356445,4.0,8.577943801879883,1,2.0563149452209473,0.30000000000000004,7.5
13,2,0.0,2.0,8.1,-2.8023000391357487,0.30000000000000004,7.5,13.940034866333008,2.0041515827178955,4.0,8.596433639526367,1,2.0606906414031982,0.30000000000000004,7.5
13,2,0.0,2.0,8.1,-2.8023000391357487,0.30000000000000004,7.5,14.440034866333008,2.0087037086486816,4.0,8.615002632141113,1,2.0652427673339844,0.30000000000000004,7.5
13,2,0.0,2.0,8.1,-2.8023000391357487,0.30000000000000004,7.5,14.940034866333008,2.0134339332580566,4.0,8.633655548095703,1,2.0699729919433594,0.30000000000000004,7.5
13,2,0.0,2.0,8.1,-2.8023000391357487,0.30000000000000004,7.5,15.440034866333008,0.0,,,0,2.074883222579956,0.30000000000000004,7.5
13,2,0.0,2.0,8.1,-2.8023000391357487,0.30000000000000004,7.5,15.940034866333008,2.0234367847442627,4.0,8.671226501464844,1,2.0799758434295654,0.30000000000000004,7.5
13,2,0.0,2.0,8.1,-2.8023000391357487,0.30000000000000004,7.5,16.440034866333008,2.0287134647369385,4.0,8.69015121459961,1,2.085252523422241,0.30000000000000004,7.5
13,2,0.0,2.0,8.1,-2.8023000391357487,0.30000000000000004,7.5,16.940034866333008,2.0341765880584717,4.0,8.709173202514648,1,2.0907156467437744,0.30000000000000004,7.5
13,2,0.0,2.0,8.1,-2.8023000391357487,0.30000000000000004,7.5,17.440034866333008,2.0398285388946533,4.0,8.728297233581543,1,2.096367597579956,0.30000000000000004,7.5
13,2,0.0,2.0,8.1,-2.8023000391357487,0.30000000000000004,7.5,17.940034866333008,2.0456717014312744,4.0,8.747526168823242,1,2.102210760116577,0.30000000000000004,7.5
13,2,0.0,2.0,8.1,-2.8023000391357487,0.30000000000000004,7.5,18.440034866333008,2.051708459854126,4.0,8.766863822937012,1,2.1082475185394287,0.30000000000000004,7.5
13,2,0.0,2.0,8.1,-2.8023000391357487,0.30000000000000004,7.5,18.940034866333008,2.057941436767578,4.0,8.786314964294434,1,2.114480495452881,0.30000000000000004,7.5
