scenario_id,scan_id,t,pose_x,pose_y,pose_yaw,goal_x,goal_y,theta_deg,r_m,hit_x,hit_y,valid,noise_free_r_m,final_goal_x,final_goal_y
5,0,0.0,1.0,11.8,0.10673567264913565,15.0,13.3,186.11550903320312,12.0,,,0,12.0,10.9,29.6
5,0,0.0,1.0,11.8,0.10673567264913565,15.0,13.3,186.61550903320312,12.0,,,0,12.0,10.9,29.6
5,0,0.0,1.0,11.8,0.10673567264913565,15.0,13.3,187.11550903320312,12.0,,,0,12.0,10.9,29.6
5,0,0.0,1.0,11.8,0.10673567264913565,15.0,13.3,187.61550903320312,12.0,,,0,12.0,10.9,29.6
5,0,0.0,1.0,11.8,0.10673567264913565,15.0,13.3,188.11550903320312,12.0,,,0,12.0,10.9,29.6
5,0,0.0,1.0,11.8,0.10673567264913565,15.0,13.3,188.61550903320312,12.0,,,0,12.0,10.9,29.6
5,0,0.0,1.0,11.8,0.10673567264913565,15.0,13.3,189.11550903320312,12.0,,,0,12.0,10.9,29.6
5,0,0.0,1.0,11.8,0.10673567264913565,15.0,13.3,189.61550903320312,12.0,,,0,12.0,10.9,29.6
5,0,0.0,1.0,11.8,0.10673567264913565,15.0,13.3,190.11550903320312,12.0,,,0,12.0,10.9,29.6
5,0,0.0,1.0,11.8,0.10673567264913565,15.0,13.3,190.61550903320312,12.0,,,0,12.0,10.9,29.6
5,0,0.0,1.0,11.8,0.10673567264913565,15.0,13.3,191.11550903320312,12.0,,,0,12.0,10.9,29.6
5,0,0.0,1.0,11.8,0.10673567264913565,15.0,13.3,191.61550903320312,12.0,,,0,12.0,10.9,29.6
5,0,0.0,1.0,11.8,0.10673567264913565,15.0,13.3,192.11550903320312,12.0,,,0,12.0,10.9,29.6
5,0,0.0,1.0,11.8,0.10673567264913565,15.0,13.3,192.61550903320312,12.0,,,0,12.0,10.9,29.6
5,0,0.0,1.0,11.8,0.10673567264913565,15.0,13.3,193.11550903320312,12.0,,,0,12.0,10.9,29.6
5,0,0.0,1.0,11.8,0.10673567264913565,15.0,13.3,193.61550903320312,12.0,,,0,12.0,10.9,29.6
5,0,0.0,1.0,11.8,0.10673567264913565,15.0,13.3,194.11550903320312,0.0,,,0,12.0,10.9,29.6
5,0,0.0,1.0,11.8,0.10673567264913565,15.0,13.3,194.61550903320312,0.0,,,0,12.0,10.9,29.6
5,0,0.0,1.0,11.8,0.10673567264913565,15.0,13.3,195.11550903320312,12.0,,,0,12.0,10.9,29.6
5,0,0.0,1.0,11.8,0.10673567264913565,15.0,13.3,195.61550903320312,12.0,,,0,12.0,10.9,29.6
5,0,0.0,1.0,11.8,0.10673567264913565,15.0,13.3,196.11550903320312,12.0,,,0,12.0,10.9,29.6
5,0,0.0,1.0,11.8,0.10673567264913565,15.0,13.3,196.61550903320312,12.0,,,0,12.0,10.9,29.6
5,0,0.0,1.0,11.8,0.10673567264913565,15.0,13.3,197.11550903320312,12.0,,,0,12.0,10.9,29.6
5,0,0.0,1.0,11.8,0.10673567264913565,15.0,13.3,197.61550903320312,12.0,,,0,12.0,10.9,29.6
5,0,0.0,1.0,11.8,0.10673567264913565,15.0,13.3,198.11550903320312,12.0,,,0,12.0,10.9,29.6
5,0,0.0,1.0,11.8,0.10673567264913565,15.0,13.3,198.61550903320312,12.0,,,0,12.0,10.9,29.6
5,0,0.0,1.0,11.8,0.10673567264913565,15.0,13.3,199.11550903320312,12.0,,,0,12.0,10.9,29.6
5,0,0.0,1.0,11.8,0.10673567264913565,15.0,13.3,199.61550903320312,12.0,,,0,12.0,10.9,29.6
5,0,0.0,1.0,11.8,0.10673567264913565,15.0,13.3,200.11550903320312,12.0,,,0,12.0,10.9,29.6
5,0,0.0,1.0,11.8,0.10673567264913565,15.0,13.3,200.61550903320312,12.0,,,0,12.0,10.9,29.6
5,0,0.0,1.0,11.8,0.10673567264913565,15.0,13.3,201.11550903320312,12.0,,,0,12.0,10.9,29.6
5,0,0.0,1.0,11.8,0.10673567264913565,15.0,13.3,201.61550903320312,12.0,,,0,12.0,10.9,29.6
5,0,0.0,1.0,11.8,0.10673567264913565,15.0,13.3,202.11550903320312,12.0,,,0,12.0,10.9,29.6
5,0,0.0,1.0,11.8,0.10673567264913565,15.0,13.3,202.61550903320312,12.0,,,0,12.0,10.9,29.6
5,0,0.0,1.0,11.8,0.10673567264913565,15.0,13.3,203.11550903320312,12.0,,,0,12.0,10.9,29.6
5,0,0.0,1.0,11.8,0.10673567264913565,15.0,13.3,203.61550903320312,12.0,,,0,12.0,10.9,29.6
5,0,0.0,1.0,11.8,0.10673567264913565,15.0,13.3,204.11550903320312,12.0,,,0,12.0,10.9,29.6
5,0,0.0,1.0,11.8,0.10673567264913565,15.0,13.3,204.61550903320312,0.0,,,0,11.968173027038574,10.9,29.6
5,0,0.0,1.0,11.8,0.10673567264913565,15.0,13.3,205.11550903320312,0.0,,,0,11.744916915893555,10.9,29.6
5,0,0.0,1.0,11.8,0.10673567264913565,15.0,13.3,205.61550903320312,11.535882949829102,-9.397412300109863,6.814935207366943,1,11.53070068359375,10.9,29.6
5,0,0.0,1.0,11.8,0.10673567264913565,15.0,13.3,206.11550903320312,11.33018684387207,-9.168817520141602,6.814935207366943,1,11.325004577636719,10.9,29.6
5,0,0.0,1.0,11.8,0.10673567264913565,15.0,13.3,206.61550903320312,11.13253402709961,-8.948220252990723,6.814935207366943,1,11.127351760864258,10.9,29.6
5,0,0.0,1.0,11.8,0.10673567264913565,15.0,13.3,207.11550903320312,10.942480087280273,-8.735174179077148,6.814935207366943,1,10.937297821044922,10.9,29.6
5,0,0.0,1.0,11.8,0.10673567264913565,15.0,13.3,207.61550903320312,10.759614944458008,-8.529268264770508,6.814935207366943,1,10.754432678222656,10.9,29.6
5,0,0.0,1.0,11.8,0.10673567264913565,15.0,13.3,208.11550903320312,10.58355712890625,-8.330120086669922,6.814935207366943,1,10.578374862670898,10.9,29.6
5,0,0.0,1.0,11.8,0.10673567264913565,15.0,13.3,208.61550903320312,0.0,,,0,10.408767700195312,10.9,29.6
5,0,0.0,1.0,11.8,0.10673567264913565,15.0,13.3,209.11550903320312,10.250463485717773,-7.950693607330322,6.814935207366943,1,10.245281219482422,10.9,29.6
5,0,0.0,1.0,11.8,0.10673567264913565,15.0,13.3,209.61550903320312,10.092789649963379,-7.769774913787842,6.814935207366943,1,10.087607383728027,10.9,29.6
5,0,0.0,1.0,11.8,0.10673567264913565,15.0,13.3,210.11550903320312,9.940640449523926,-7.594327449798584,6.814935207366943,1,9.935458183288574,10.9,29.6
5,0,0.0,1.0,11.8,0.10673567264913565,15.0,13.3,210.61550903320312,9.793747901916504,-7.424081325531006,6.814935207366943,1,9.788565635681152,10.9,29.6
5,0,0.0,1.0,11.8,0.10673567264913565,15.0,13.3,211.11550903320312,9.651859283447266,-7.258782863616943,6.814935207366943,1,9.646677017211914,10.9,29.6
5,0,0.0,1.0,11.8,0.10673567264913565,15.0,13.3,211.61550903320312,9.514738082885742,-7.098196506500244,6.814935207366943,1,9.50955581665039,10.9,29.6
5,0,0.0,1.0,11.8,0.10673567264913565,15.0,13.3,212.11550903320312,9.382165908813477,-6.942099571228027,6.814935207366943,1,9.376983642578125,10.9,29.6
5,0,0.0,1.0,11.8,0.10673567264913565,15.0,13.3,212.61550903320312,9.25393295288086,-6.790283679962158,6.814935207366943,1,9.248750686645508,10.9,29.6
5,0,0.0,1.0,11.8,0.10673567264913565,15.0,13.3,213.11550903320312,9.12984561920166,-6.642552852630615,6.814935207366943,1,9.124663352966309,10.9,29.6
5,0,0.0,1.0,11.8,0.10673567264913565,15.0,13.3,213.61550903320312,9.009720802307129,-6.498723030090332,6.814935207366943,1,9.004538536071777,10.9,29.6
5,0,0.0,1.0,11.8,0.10673567264913565,15.0,13.3,214.11550903320312,0.0,,,0,8.888203620910645,10.9,29.6
5,0,0.0,1.0,11.8,0.10673567264913565,15.0,13.3,214.61550903320312,8.780677795410156,-6.222081184387207,6.814935207366943,1,8.775495529174805,10.9,29.6
5,0,0.0,1.0,11.8,0.10673567264913565,15.0,13.3,215.11550903320312,8.6714448928833,-6.088951587677002,6.814935207366943,1,8.66626262664795,10.9,29.6
5,0,0.0,1.0,11.8,0.10673567264913565,15.0,13.3,215.61550903320312,8.56554126739502,-5.959085941314697,6.814935207366943,1,8.560359001159668,10.9,29.6
5,0,0.0,1.0,11.8,0.10673567264913565,15.0,13.3,216.11550903320312,8.462831497192383,-5.832345962524414,6.814935207366943,1,8.457649230957031,10.9,29.6
5,0,0.0,1.0,11.8,0.10673567264913565,15.0,13.3,216.61550903320312,8.36318588256836,-5.708602428436279,6.814935207366943,1,8.358003616333008,10.9,29.6
5,0,0.0,1.0,11.8,0.10673567264913565,15.0,13.3,217.11550903320312,8.26648235321045,-5.58773136138916,6.814935207366943,1,8.261300086975098,10.9,29.6
5,0,0.0,1.0,11.8,0.10673567264913565,15.0,13.3,217.61550903320312,8.172605514526367,-5.469616413116455,6.814935207366943,1,8.167423248291016,10.9,29.6
5,0,0.0,1.0,11.8,0.10673567264913565,15.0,13.3,218.11550903320312,8.08144760131836,-5.354147434234619,6.814935207366943,1,8.076265335083008,10.9,29.6
5,0,0.0,1.0,11.8,0.10673567264913565,15.0,13.3,218.61550903320312,7.992903232574463,-5.241218566894531,6.814935207366943,1,7.987720489501953,10.9,29.6
5,0,0.0,1.0,11.8,0.10673567264913565,15.0,13.3,219.11550903320312,7.906874656677246,-5.130730628967285,6.814935207366943,1,7.901691913604736,10.9,29.6
5,0,0.0,1.0,11.8,0.10673567264913565,15.0,13.3,219.61550903320312,7.823267936706543,-5.022589683532715,6.814935207366943,1,7.818085193634033,10.9,29.6
5,0,0.0,1.0,11.8,0.10673567264913565,15.0,13.3,220.11550903320312,7.741995334625244,-4.9167046546936035,6.814935207366943,1,7.736812591552734,10.9,29.6
5,0,0.0,1.0,11.8,0.10673567264913565,15.0,13.3,220.61550903320312,12.0,,,0,12.0,10.9,29.6
5,0,0.0,1.0,11.8,0.10673567264913565,15.0,13.3,221.11550903320312,0.0,,,0,12.0,10.9,29.6
5,0,0.0,1.0,11.8,0.10673567264913565,15.0,13.3,221.61550903320312,12.0,,,0,12.0,10.9,29.6
5,0,0.0,1.0,11.8,0.10673567264913565,15.0,13.3,222.11550903320312,12.0,,,0,12.0,10.9,29.6
5,0,0.0,1.0,11.8,0.10673567264913565,15.0,13.3,222.61550903320312,12.0,,,0,12.0,10.9,29.6
5,0,0.0,1.0,11.8,0.10673567264913565,15.0,13.3,223.11550903320312,12.0,,,0,12.0,10.9,29.6
5,0,0.0,1.0,11.8,0.10673567264913565,15.0,13.3,223.61550903320312,7.231847286224365,-4.231998443603516,6.814935207366943,1,7.2266645431518555,10.9,29.6
5,0,0.0,1.0,11.8,0.10673567264913565,15.0,13.3,224.11550903320312,7.166530609130859,-4.1414031982421875,6.814935207366943,1,7.16134786605835,10.9,29.6
5,0,0.0,1.0,11.8,0.10673567264913565,15.0,13.3,224.61550903320312,7.102919578552246,-4.052424907684326,6.814935207366943,1,7.097736835479736,10.9,29.6
5,0,0.0,1.0,11.8,0.10673567264913565,15.0,13.3,225.11550903320312,0.0,,,0,7.0357770919799805,10.9,29.6
5,0,0.0,1.0,11.8,0.10673567264913565,15.0,13.3,225.61550903320312,6.9805989265441895,-3.879094362258911,6.814935207366943,1,6.97541618347168,10.9,29.6
5,0,0.0,1.0,11.8,0.10673567264913565,15.0,13.3,226.11550903320312,6.921787738800049,-3.794637680053711,6.814935207366943,1,6.916604995727539,10.9,29.6
5,0,0.0,1.0,11.8,0.10673567264913565,15.0,13.3,226.61550903320312,6.864477634429932,-3.7115869522094727,6.814935207366943,1,6.859294891357422,10.9,29.6
5,0,0.0,1.0,11.8,0.10673567264913565,15.0,13.3,227.11550903320312,6.80862283706665,-3.629894971847534,6.814935207366943,1,6.803440093994141,10.9,29.6
5,0,0.0,1.0,11.8,0.10673567264913565,15.0,13.3,227.61550903320312,6.754180908203125,-3.5495166778564453,6.814935207366943,1,6.748998165130615,10.9,29.6
5,0,0.0,1.0,11.8,0.10673567264913565,15.0,13.3,228.11550903320312,6.701108932495117,-3.4704086780548096,6.814935207366943,1,6.695926189422607,10.9,29.6
5,0,0.0,1.0,11.8,0.10673567264913565,15.0,13.3,228.61550903320312,6.649366855621338,-3.392529010772705,6.814935207366943,1,6.644184112548828,10.9,29.6
5,0,0.0,1.0,11.8,0.10673567264913565,15.0,13.3,229.11550903320312,6.598917007446289,-3.315838098526001,6.814935207366943,1,6.593734264373779,10.9,29.6
5,0,0.0,1.0,11.8,0.10673567264913565,15.0,13.3,229.61550903320312,6.549721717834473,-3.240297317504883,6.814935207366943,1,6.544538974761963,10.9,29.6
5,0,0.0,1.0,11.8,0.10673567264913565,15.0,13.3,230.11550903320312,6.501746654510498,-3.16586971282959,6.814935207366943,1,6.496563911437988,10.9,29.6
5,0,0.0,1.0,11.8,0.10673567264913565,15.0,13.3,230.61550903320312,6.454957008361816,-3.092519998550415,6.814935207366943,1,6.449774265289307,10.9,29.6
5,0,0.0,1.0,11.8,0.10673567264913565,15.0,13.3,231.11550903320312,6.409321308135986,-3.0202136039733887,6.814935207366943,1,6.404138565063477,10.9,29.6
5,0,0.0,1.0,11.8,0.10673567264913565,15.0,13.3,231.61550903320312,6.36480712890625,-2.948917865753174,6.814935207366943,1,6.35962438583374,10.9,29.6
5,0,0.0,1.0,11.8,0.10673567264913565,15.0,13.3,232.11550903320312,6.321385860443115,-2.878601312637329,6.814935207366943,1,6.3162031173706055,10.9,29.6
5,0,0.0,1.0,11.8,0.10673567264913565,15.0,13.3,232.61550903320312,0.0,,,0,6.2738447189331055,10.9,29.6
5,0,0.0,1.0,11.8,0.10673567264913565,15.0,13.3,233.11550903320312,6.237705230712891,-2.74078369140625,6.814935207366943,1,6.232522487640381,10.9,29.6
5,0,0.0,1.0,11.8,0.10673567264913565,15.0,13.3,233.61550903320312,6.197391986846924,-2.673225164413452,6.814935207366943,1,6.192209243774414,10.9,29.6
5,0,0.0,1.0,11.8,0.10673567264913565,15.0,13.3,234.11550903320312,6.15806245803833,-2.606529712677002,6.814935207366943,1,6.15287971496582,10.9,29.6
5,0,0.0,1.0,11.8,0.10673567264913565,15.0,13.3,234.61550903320312,6.119692325592041,-2.5406713485717773,6.814935207366943,1,6.114509582519531,10.9,29.6
5,0,0.0,1.0,11.8,0.10673567264913565,15.0,13.3,235.11550903320312,6.082257270812988,-2.4756245613098145,6.814935207366943,1,6.0770745277404785,10.9,29.6
5,0,0.0,1.0,11.8,0.10673567264913565,15.0,13.3,235.61550903320312,6.0457353591918945,-2.4113643169403076,6.814935207366943,1,6.040552616119385,10.9,29.6
5,0,0.0,1.0,11.8,0.10673567264913565,15.0,13.3,236.11550903320312,0.0,,,0,6.004921913146973,10.9,29.6
5,0,0.0,1.0,11.8,0.10673567264913565,15.0,13.3,236.61550903320312,5.975343227386475,-2.285109519958496,6.814935207366943,1,5.970160484313965,10.9,29.6
5,0,0.0,1.0,11.8,0.10673567264913565,15.0,13.3,237.11550903320312,5.941431522369385,-2.223069906234741,6.814935207366943,1,5.936248779296875,10.9,29.6
5,0,0.0,1.0,11.8,0.10673567264913565,15.0,13.3,237.61550903320312,5.908350467681885,-2.161726474761963,6.814935207366943,1,5.903167724609375,10.9,29.6
5,0,0.0,1.0,11.8,0.10673567264913565,15.0,13.3,238.11550903320312,5.87608003616333,-2.1010584831237793,6.814935207366943,1,5.87089729309082,10.9,29.6
5,0,0.0,1.0,11.8,0.10673567264913565,15.0,13.3,238.61550903320312,5.844603061676025,-2.0410454273223877,6.814935207366943,1,5.839420318603516,10.9,29.6
5,0,0.0,1.0,11.8,0.10673567264913565,15.0,13.3,239.11550903320312,5.813901901245117,-1.9816679954528809,6.814935207366943,1,5.808719158172607,10.9,29.6
5,0,0.0,1.0,11.8,0.10673567264913565,15.0,13.3,239.61550903320312,5.78395938873291,-1.9229072332382202,6.814935207366943,1,5.7787766456604,10.9,29.6
5,0,0.0,1.0,11.8,0.10673567264913565,15.0,13.3,240.11550903320312,5.754759788513184,-1.864744782447815,6.814935207366943,1,5.749577045440674,10.9,29.6
5,0,0.0,1.0,11.8,0.10673567264913565,15.0,13.3,240.61550903320312,5.726286888122559,-1.8071627616882324,6.814935207366943,1,5.721104145050049,10.9,29.6
5,0,0.0,1.0,11.8,0.10673567264913565,15.0,13.3,241.11550903320312,5.698526382446289,-1.7501440048217773,6.814935207366943,1,5.693343639373779,10.9,29.6
5,0,0.0,1.0,11.8,0.10673567264913565,15.0,13.3,241.61550903320312,5.671463489532471,-1.693671464920044,6.814935207366943,1,5.666280746459961,10.9,29.6
5,0,0.0,1.0,11.8,0.10673567264913565,15.0,13.3,242.11550903320312,5.645083904266357,-1.6377291679382324,6.814935207366943,1,5.639901161193848,10.9,29.6
5,0,0.0,1.0,11.8,0.10673567264913565,15.0,13.3,242.61550903320312,5.619374752044678,-1.582301139831543,6.814935207366943,1,5.614192008972168,10.9,29.6
5,0,0.0,1.0,11.8,0.10673567264913565,15.0,13.3,243.11550903320312,5.594322204589844,-1.527371883392334,6.814935207366943,1,5.589139461517334,10.9,29.6
5,0,0.0,1.0,11.8,0.10673567264913565,15.0,13.3,243.61550903320312,5.5699143409729,-1.4729266166687012,6.814935207366943,1,5.564731597900391,10.9,29.6
5,0,0.0,1.0,11.8,0.10673567264913565,15.0,13.3,244.11550903320312,5.546138763427734,-1.4189506769180298,6.814935207366943,1,5.540956020355225,10.9,29.6
5,0,0.0,1.0,11.8,0.10673567264913565,15.0,13.3,244.61550903320312,5.522984027862549,-1.3654299974441528,6.814935207366943,1,5.517801284790039,10.9,29.6
5,0,0.0,1.0,11.8,0.10673567264913565,15.0,13.3,245.11550903320312,5.500438690185547,-1.3123507499694824,6.814935207366943,1,5.495255947113037,10.9,29.6
5,0,0.0,1.0,11.8,0.10673567264913565,15.0,13.3,245.61550903320312,5.47849178314209,-1.2596994638442993,6.814935207366943,1,5.47330904006958,10.9,29.6
5,0,0.0,1.0,11.8,0.10673567264913565,15.0,13.3,246.11550903320312,5.4571332931518555,-1.207463026046753,6.814935207366943,1,5.451950550079346,10.9,29.6
5,0,0.0,1.0,11.8,0.10673567264913565,15.0,13.3,246.61550903320312,5.436352729797363,-1.1556289196014404,6.814935207366943,1,5.4311699867248535,10.9,29.6
5,0,0.0,1.0,11.8,0.10673567264913565,15.0,13.3,247.11550903320312,5.416140556335449,-1.1041843891143799,6.814935207366943,1,5.4109578132629395,10.9,29.6
5,0,0.0,1.0,11.8,0.10673567264913565,15.0,13.3,247.61550903320312,0.0,,,0,5.3913044929504395,10.9,29.6
5,0,0.0,1.0,11.8,0.10673567264913565,15.0,13.3,248.11550903320312,5.377383708953857,-1.0024164915084839,6.814935207366943,1,5.372200965881348,10.9,29.6
5,0,0.0,1.0,11.8,0.10673567264913565,15.0,13.3,248.61550903320312,0.0,,,0,5.353638648986816,10.9,29.6
5,0,0.0,1.0,11.8,0.10673567264913565,15.0,13.3,249.11550903320312,5.340792179107666,-0.9020657539367676,6.814935207366943,1,5.335609436035156,10.9,29.6
5,0,0.0,1.0,11.8,0.10673567264913565,15.0,13.3,249.61550903320312,5.323287010192871,-0.8523936867713928,6.814935207366943,1,5.318104267120361,10.9,29.6
5,0,0.0,1.0,11.8,0.10673567264913565,15.0,13.3,250.11550903320312,5.306299209594727,-0.8030427694320679,6.814935207366943,1,5.301116466522217,10.9,29.6
5,0,0.0,1.0,11.8,0.10673567264913565,15.0,13.3,250.61550903320312,5.289820671081543,-0.7540024518966675,6.814935207366943,1,5.284637928009033,10.9,29.6
5,0,0.0,1.0,11.8,0.10673567264913565,15.0,13.3,251.11550903320312,5.273843765258789,-0.705262303352356,6.814935207366943,1,5.268661022186279,10.9,29.6
5,0,0.0,1.0,11.8,0.10673567264913565,15.0,13.3,251.61550903320312,5.258362770080566,-0.656812310218811,6.814935207366943,1,5.253180027008057,10.9,29.6
5,0,0.0,1.0,11.8,0.10673567264913565,15.0,13.3,252.11550903320312,5.2433695793151855,-0.608642578125,6.814935207366943,1,5.238186836242676,10.9,29.6
5,0,0.0,1.0,11.8,0.10673567264913565,15.0,13.3,252.61550903320312,5.228858947753906,-0.5607433915138245,6.814935207366943,1,5.2236762046813965,10.9,29.6
5,0,0.0,1.0,11.8,0.10673567264913565,15.0,13.3,253.11550903320312,5.2148237228393555,-0.5131052136421204,6.814935207366943,1,5.209640979766846,10.9,29.6
5,0,0.0,1.0,11.8,0.10673567264913565,15.0,13.3,253.61550903320312,5.201258659362793,-0.46571874618530273,6.814935207366943,1,5.196075916290283,10.9,29.6
5,0,0.0,1.0,11.8,0.10673567264913565,15.0,13.3,254.11550903320312,5.188157558441162,-0.41857483983039856,6.814935207366943,1,5.182974815368652,10.9,29.6
5,0,0.0,1.0,11.8,0.10673567264913565,15.0,13.3,254.61550903320312,5.175515174865723,-0.37166449427604675,6.814935207366943,1,5.170332431793213,10.9,29.6
5,0,0.0,1.0,11.8,0.10673567264913565,15.0,13.3,255.11550903320312,5.163325786590576,-0.32497891783714294,6.814935207366943,1,5.158143043518066,10.9,29.6
5,0,0.0,1.0,11.8,0.10673567264913565,15.0,13.3,255.61550903320312,5.151585102081299,-0.27850937843322754,6.814935207366943,1,5.146402359008789,10.9,29.6
5,0,0.0,1.0,11.8,0.10673567264913565,15.0,13.3,256.1155090332031,5.14028787612915,-0.23224741220474243,6.814935207366943,1,5.135105133056641,10.9,29.6
5,0,0.0,1.0,11.8,0.10673567264913565,15.0,13.3,256.6155090332031,5.129429817199707,-0.1861845999956131,6.814935207366943,1,5.124247074127197,10.9,29.6
5,0,0.0,1.0,11.8,0.10673567264913565,15.0,13.3,257.1155090332031,5.1190056800842285,-0.14031270146369934,6.814935207366943,1,5.113822937011719,10.9,29.6
5,0,0.0,1.0,11.8,0.10673567264913565,15.0,13.3,257.6155090332031,5.109012126922607,-0.09462357312440872,6.814935207366943,1,5.103829383850098,10.9,29.6
5,0,0.0,1.0,11.8,0.10673567264913565,15.0,13.3,258.1155090332031,0.0,,,0,5.094261646270752,10.9,29.6
5,0,0.0,1.0,11.8,0.10673567264913565,15.0,13.3,258.6155090332031,5.090299129486084,-0.0037617303896695375,6.814935207366943,1,5.085116386413574,10.9,29.6
5,0,0.0,1.0,11.8,0.10673567264913565,15.0,13.3,259.1155090332031,5.081572532653809,0.04142666608095169,6.814935207366943,1,5.076389789581299,10.9,29.6
5,0,0.0,1.0,11.8,0.10673567264913565,15.0,13.3,259.6155090332031,5.073261260986328,0.08646365255117416,6.814935207366943,1,5.068078517913818,10.9,29.6
5,0,0.0,1.0,11.8,0.10673567264913565,15.0,13.3,260.1155090332031,5.065361976623535,0.13135682046413422,6.814935207366943,1,5.060179233551025,10.9,29.6
5,0,0.0,1.0,11.8,0.10673567264913565,15.0,13.3,260.6155090332031,5.057871341705322,0.17611366510391235,6.814935207366943,1,5.0526885986328125,10.9,29.6
5,0,0.0,1.0,11.8,0.10673567264913565,15.0,13.3,261.1155090332031,5.05078649520874,0.22074159979820251,6.814935207366943,1,5.0456037521362305,10.9,29.6
5,0,0.0,1.0,11.8,0.10673567264913565,15.0,13.3,261.6155090332031,5.04410457611084,0.2652479112148285,6.814935207366943,1,5.03892183303833,10.9,29.6
5,0,0.0,1.0,11.8,0.10673567264913565,15.0,13.3,262.1155090332031,5.03782320022583,0.30963990092277527,6.814935207366943,1,5.03264045715332,10.9,29.6
5,0,0.0,1.0,11.8,0.10673567264913565,15.0,13.3,262.6155090332031,5.031939506530762,0.3539247214794159,6.814935207366943,1,5.026756763458252,10.9,29.6
5,0,0.0,1.0,11.8,0.10673567264913565,15.0,13.3,263.1155090332031,5.02645206451416,0.39810946583747864,6.814935207366943,1,5.02126932144165,10.9,29.6
5,0,0.0,1.0,11.8,0.10673567264913565,15.0,13.3,263.6155090332031,5.021357536315918,0.4422012269496918,6.814935207366943,1,5.016174793243408,10.9,29.6
5,0,0.0,1.0,11.8,0.10673567264913565,15.0,13.3,264.1155090332031,5.016654968261719,0.48620691895484924,6.814935207366943,1,5.011472225189209,10.9,29.6
5,0,0.0,1.0,11.8,0.10673567264913565,15.0,13.3,264.6155090332031,5.01234245300293,0.5301335453987122,6.814935207366943,1,5.00715970993042,10.9,29.6
5,0,0.0,1.0,11.8,0.10673567264913565,15.0,13.3,265.1155090332031,5.00841760635376,0.5739879608154297,6.814935207366943,1,5.00323486328125,10.9,29.6
5,0,0.0,1.0,11.8,0.10673567264913565,15.0,13.3,265.6155090332031,5.004879474639893,0.6177770495414734,6.814935207366943,1,4.999696731567383,10.9,29.6
5,0,0.0,1.0,11.8,0.10673567264913565,15.0,13.3,266.1155090332031,5.0017266273498535,0.6615074872970581,6.814935207366943,1,4.996543884277344,10.9,29.6
5,0,0.0,1.0,11.8,0.10673567264913565,15.0,13.3,266.6155090332031,4.998957633972168,0.7051861882209778,6.814935207366943,1,4.993774890899658,10.9,29.6
5,0,0.0,1.0,11.8,0.10673567264913565,15.0,13.3,267.1155090332031,4.9965715408325195,0.7488198280334473,6.814935207366943,1,4.99138879776001,10.9,29.6
5,0,0.0,1.0,11.8,0.10673567264913565,15.0,13.3,267.6155090332031,4.99456787109375,0.7924151420593262,6.814935207366943,1,4.98938512802124,10.9,29.6
5,0,0.0,1.0,11.8,0.10673567264913565,15.0,13.3,268.1155090332031,4.992945194244385,0.8359787464141846,6.814935207366943,1,4.987762451171875,10.9,29.6
5,0,0.0,1.0,11.8,0.10673567264913565,15.0,13.3,268.6155090332031,4.991703510284424,0.8795173168182373,6.814935207366943,1,4.986520767211914,10.9,29.6
5,0,0.0,1.0,11.8,0.10673567264913565,15.0,13.3,269.1155090332031,4.990841865539551,0.923037588596344,6.814935207366943,1,4.985659122467041,10.9,29.6
5,0,0.0,1.0,11.8,0.10673567264913565,15.0,13.3,269.6155090332031,4.990359783172607,0.9665460586547852,6.814935207366943,1,4.985177040100098,10.9,29.6
5,0,0.0,1.0,11.8,0.10673567264913565,15.0,13.3,270.1155090332031,4.990257740020752,1.0100494623184204,6.814935207366943,1,4.985074996948242,10.9,29.6
5,0,0.0,1.0,11.8,0.10673567264913565,15.0,13.3,270.6155090332031,4.990535259246826,1.0535544157028198,6.814935207366943,1,4.985352516174316,10.9,29.6
5,0,0.0,1.0,11.8,0.10673567264913565,15.0,13.3,271.1155090332031,0.0,,,0,4.98600959777832,10.9,29.6
5,0,0.0,1.0,11.8,0.10673567264913565,15.0,13.3,271.6155090332031,4.99222993850708,1.1405954360961914,6.814935207366943,1,4.98704719543457,10.9,29.6
5,0,0.0,1.0,11.8,0.10673567264913565,15.0,13.3,272.1155090332031,4.993647575378418,1.1841447353363037,6.814935207366943,1,4.988464832305908,10.9,29.6
5,0,0.0,1.0,11.8,0.10673567264913565,15.0,13.3,272.6155090332031,4.99544620513916,1.22772216796875,6.814935207366943,1,4.99026346206665,10.9,29.6
5,0,0.0,1.0,11.8,0.10673567264913565,15.0,13.3,273.1155090332031,4.997626304626465,1.2713342905044556,6.814935207366943,1,4.992443561553955,10.9,29.6
5,0,0.0,1.0,11.8,0.10673567264913565,15.0,13.3,273.6155090332031,5.000189304351807,1.3149880170822144,6.814935207366943,1,4.995006561279297,10.9,29.6
5,0,0.0,1.0,11.8,0.10673567264913565,15.0,13.3,274.1155090332031,5.0031352043151855,1.358689785003662,6.814935207366943,1,4.997952461242676,10.9,29.6
5,0,0.0,1.0,11.8,0.10673567264913565,15.0,13.3,274.6155090332031,5.006465911865234,1.4024465084075928,6.814935207366943,1,5.001283168792725,10.9,29.6
5,0,0.0,1.0,11.8,0.10673567264913565,15.0,13.3,275.1155090332031,5.010182857513428,1.4462648630142212,6.814935207366943,1,5.005000114440918,10.9,29.6
5,0,0.0,1.0,11.8,0.10673567264913565,15.0,13.3,275.6155090332031,5.014286518096924,1.4901517629623413,6.814935207366943,1,5.009103775024414,10.9,29.6
5,0,0.0,1.0,11.8,0.10673567264913565,15.0,13.3,276.1155090332031,5.018779277801514,1.534114122390747,6.814935207366943,1,5.013596534729004,10.9,29.6
5,0,0.0,1.0,11.8,0.10673567264913565,15.0,13.3,276.6155090332031,5.023662567138672,1.5781587362289429,6.814935207366943,1,5.018479824066162,10.9,29.6
5,0,0.0,1.0,11.8,0.10673567264913565,15.0,13.3,277.1155090332031,5.028938293457031,1.6222925186157227,6.814935207366943,1,5.0237555503845215,10.9,29.6
5,0,0.0,1.0,11.8,0.10673567264913565,15.0,13.3,277.6155090332031,5.034608364105225,1.6665226221084595,6.814935207366943,1,5.029425621032715,10.9,29.6
5,0,0.0,1.0,11.8,0.10673567264913565,15.0,13.3,278.1155090332031,5.040675640106201,1.7108560800552368,6.814935207366943,1,5.035492897033691,10.9,29.6
5,0,0.0,1.0,11.8,0.10673567264913565,15.0,13.3,278.6155090332031,5.0471415519714355,1.7553000450134277,6.814935207366943,1,5.041958808898926,10.9,29.6
5,0,0.0,1.0,11.8,0.10673567264913565,15.0,13.3,279.1155090332031,5.054009437561035,1.7998615503311157,6.814935207366943,1,5.048826694488525,10.9,29.6
5,0,0.0,1.0,11.8,0.10673567264913565,15.0,13.3,279.6155090332031,5.061281204223633,1.8445481061935425,6.814935207366943,1,5.056098461151123,10.9,29.6
5,0,0.0,1.0,11.8,0.10673567264913565,15.0,13.3,280.1155090332031,0.0,,,0,5.063777923583984,10.9,29.6
5,0,0.0,1.0,11.8,0.10673567264913565,15.0,13.3,280.6155090332031,5.077049732208252,1.9343256950378418,6.814935207366943,1,5.071866989135742,10.9,29.6
5,0,0.0,1.0,11.8,0.10673567264913565,15.0,13.3,281.1155090332031,5.08555269241333,1.9794317483901978,6.814935207366943,1,5.08036994934082,10.9,29.6
5,0,0.0,1.0,11.8,0.10673567264913565,15.0,13.3,281.6155090332031,4.971832275390625,2.0,6.935063362121582,1,4.966649532318115,10.9,29.6
5,0,0.0,1.0,11.8,0.10673567264913565,15.0,13.3,282.1155090332031,4.769739151000977,2.0,7.141567230224609,1,4.764556407928467,10.9,29.6
5,0,0.0,1.0,11.8,0.10673567264913565,15.0,13.3,282.6155090332031,4.583784103393555,2.0,7.331936359405518,1,4.578601360321045,10.9,29.6
5,0,0.0,1.0,11.8,0.10673567264913565,15.0,13.3,283.1155090332031,4.4121222496032715,2.0,7.508017063140869,1,4.406939506530762,10.9,29.6
5,0,0.0,1.0,11.8,0.10673567264913565,15.0,13.3,283.6155090332031,4.25317907333374,2.0,7.671383857727051,1,4.2479963302612305,10.9,29.6
5,0,0.0,1.0,11.8,0.10673567264913565,15.0,13.3,284.1155090332031,4.105603218078613,2.0,7.823387622833252,1,4.1004204750061035,10.9,29.6
5,0,0.0,1.0,11.8,0.10673567264913565,15.0,13.3,284.6155090332031,3.9682281017303467,2.0,7.965195178985596,1,3.963045358657837,10.9,29.6
5,0,0.0,1.0,11.8,0.10673567264913565,15.0,13.3,285.1155090332031,3.8400423526763916,2.0,8.097818374633789,1,3.834859609603882,10.9,29.6
5,0,0.0,1.0,11.8,0.10673567264913565,15.0,13.3,285.6155090332031,3.720163106918335,2.0,8.222140312194824,1,3.714980363845825,10.9,29.6
5,0,0.0,1.0,11.8,0.10673567264913565,15.0,13.3,286.1155090332031,3.6078176498413086,2.0,8.338933944702148,1,3.602634906768799,10.9,29.6
5,0,0.0,1.0,11.8,0.10673567264913565,15.0,13.3,286.6155090332031,3.502326250076294,2.0,8.44887924194336,1,3.497143507003784,10.9,29.6
5,0,0.0,1.0,11.8,0.10673567264913565,15.0,13.3,287.1155090332031,3.403088331222534,2.0,8.552576065063477,1,3.3979055881500244,10.9,29.6
5,0,0.0,1.0,11.8,0.10673567264913565,15.0,13.3,287.6155090332031,3.3095717430114746,2.0,8.650557518005371,1,3.304388999938965,10.9,29.6
5,0,0.0,1.0,11.8,0.10673567264913565,15.0,13.3,288.1155090332031,3.2213032245635986,2.0,8.743297576904297,1,3.216120481491089,10.9,29.6
5,0,0.0,1.0,11.8,0.10673567264913565,15.0,13.3,288.6155090332031,3.1378602981567383,2.0,8.831217765808105,1,3.1326775550842285,10.9,29.6
5,0,0.0,1.0,11.8,0.10673567264913565,15.0,13.3,289.1155090332031,3.058864116668701,2.0,8.914697647094727,1,3.0536813735961914,10.9,29.6
5,0,0.0,1.0,11.8,0.10673567264913565,15.0,13.3,289.6155090332031,2.983975410461426,2.0,8.9940767288208,1,2.978792667388916,10.9,29.6
5,0,0.0,1.0,11.8,0.10673567264913565,15.0,13.3,290.1155090332031,2.912888288497925,2.0,9.069661140441895,1,2.907705545425415,10.9,29.6
5,0,0.0,1.0,11.8,0.10673567264913565,15.0,13.3,290.6155090332031,2.8453259468078613,2.0,9.141727447509766,1,2.8401432037353516,10.9,29.6
5,0,0.0,1.0,11.8,0.10673567264913565,15.0,13.3,291.1155090332031,0.0,,,0,2.7758560180664062,10.9,29.6
5,0,0.0,1.0,11.8,0.10673567264913565,15.0,13.3,291.6155090332031,2.719799518585205,2.0,9.276283264160156,1,2.7146167755126953,10.9,29.6
5,0,0.0,1.0,11.8,0.10673567264913565,15.0,13.3,292.1155090332031,2.6614019870758057,2.0,9.339207649230957,1,2.656219244003296,10.9,29.6
5,0,0.0,1.0,11.8,0.10673567264913565,15.0,13.3,292.6155090332031,2.6056578159332275,2.0,9.39948558807373,1,2.6004750728607178,10.9,29.6
5,0,0.0,1.0,11.8,0.10673567264913565,15.0,13.3,293.1155090332031,2.5523953437805176,2.0,9.457289695739746,1,2.547212600708008,10.9,29.6
5,0,0.0,1.0,11.8,0.10673567264913565,15.0,13.3,293.6155090332031,2.5014572143554688,2.0,9.512777328491211,1,2.496274471282959,10.9,29.6
5,0,0.0,1.0,11.8,0.10673567264913565,15.0,13.3,294.1155090332031,2.4526991844177246,2.0,9.566093444824219,1,2.447516441345215,10.9,29.6
5,0,0.0,1.0,11.8,0.10673567264913565,15.0,13.3,294.6155090332031,2.4059886932373047,2.0,9.617371559143066,1,2.400805950164795,10.9,29.6
5,0,0.0,1.0,11.8,0.10673567264913565,15.0,13.3,295.1155090332031,2.361203670501709,2.0,9.666731834411621,1,2.356020927429199,10.9,29.6
5,0,0.0,1.0,11.8,0.10673567264913565,15.0,13.3,295.6155090332031,0.0,,,0,2.313049077987671,10.9,29.6
5,0,0.0,1.0,11.8,0.10673567264913565,15.0,13.3,296.1155090332031,2.2769694328308105,2.0,9.760143280029297,1,2.271786689758301,10.9,29.6
5,0,0.0,1.0,11.8,0.10673567264913565,15.0,13.3,296.6155090332031,2.2373204231262207,2.0,9.804394721984863,1,2.232137680053711,10.9,29.6
5,0,0.0,1.0,11.8,0.10673567264913565,15.0,13.3,297.1155090332031,2.1991958618164062,2.0,9.847131729125977,1,2.1940131187438965,10.9,29.6
5,0,0.0,1.0,11.8,0.10673567264913565,15.0,13.3,297.6155090332031,2.162513256072998,2.0,9.888436317443848,1,2.1573305130004883,10.9,29.6
5,0,0.0,1.0,11.8,0.10673567264913565,15.0,13.3,298.1155090332031,2.1271960735321045,2.0,9.928385734558105,1,2.1220133304595947,10.9,29.6
5,0,0.0,1.0,11.8,0.10673567264913565,15.0,13.3,298.6155090332031,2.093173027038574,2.0,9.967050552368164,1,2.0879902839660645,10.9,29.6
5,0,0.0,1.0,11.8,0.10673567264913565,15.0,13.3,299.1155090332031,2.060377836227417,2.0,10.004498481750488,1,2.0551950931549072,10.9,29.6
5,0,0.0,1.0,11.8,0.10673567264913565,15.0,13.3,299.6155090332031,2.0287487506866455,2.0,10.040790557861328,1,2.0235660076141357,10.9,29.6
5,0,0.0,1.0,11.8,0.10673567264913565,15.0,13.3,300.1155090332031,1.9982277154922485,2.0,10.075984954833984,1,1.9930449724197388,10.9,29.6
5,0,0.0,1.0,11.8,0.10673567264913565,15.0,13.3,300.6155090332031,1.9687610864639282,2.0,10.110136032104492,1,1.9635783433914185,10.9,29.6
5,0,0.0,1.0,11.8,0.10673567264913565,15.0,13.3,301.1155090332031,1.940298318862915,2.0,10.143294334411621,1,1.9351155757904053,10.9,29.6
5,0,0.0,1.0,11.8,0.10673567264913565,15.0,13.3,301.6155090332031,1.9127920866012573,2.0,10.175508499145508,1,1.9076093435287476,10.9,29.6
5,0,0.0,1.0,11.8,0.10673567264913565,15.0,13.3,302.1155090332031,1.8861980438232422,2.0,10.20682144165039,1,1.8810153007507324,10.9,29.6
5,0,0.0,1.0,11.8,0.10673567264913565,15.0,13.3,302.6155090332031,1.860474705696106,2.0,10.237275123596191,1,1.8552919626235962,10.9,29.6
5,0,0.0,1.0,11.8,0.10673567264913565,15.0,13.3,303.1155090332031,1.835582971572876,2.0,10.2669095993042,1,1.8304002285003662,10.9,29.6
5,0,0.0,1.0,11.8,0.10673567264913565,15.0,13.3,303.6155090332031,1.811486005783081,2.0,10.295762062072754,1,1.8063032627105713,10.9,29.6
5,0,0.0,1.0,11.8,0.10673567264913565,15.0,13.3,304.1155090332031,1.7881492376327515,2.0,10.323866844177246,1,1.7829664945602417,10.9,29.6
5,0,0.0,1.0,11.8,0.10673567264913565,15.0,13.3,304.6155090332031,1.7655401229858398,2.0,10.351256370544434,1,1.76035737991333,10.9,29.6
5,0,0.0,1.0,11.8,0.10673567264913565,15.0,13.3,305.1155090332031,1.7436280250549316,2.0,10.377962112426758,1,1.7384452819824219,10.9,29.6
5,0,0.0,1.0,11.8,0.10673567264913565,15.0,13.3,305.6155090332031,1.7223838567733765,2.0,10.404012680053711,1,1.7172011137008667,10.9,29.6
5,0,0.0,1.0,11.8,0.10673567264913565,15.0,13.3,306.1155090332031,1.7017803192138672,2.0,10.429436683654785,1,1.6965975761413574,10.9,29.6
5,0,0.0,1.0,11.8,0.10673567264913565,15.0,13.3,306.6155090332031,1.6817914247512817,2.0,10.454259872436523,1,1.676608681678772,10.9,29.6
5,0,0.0,1.0,11.8,0.10673567264913565,15.0,13.3,307.1155090332031,1.6623928546905518,2.0,10.478506088256836,1,1.657210111618042,10.9,29.6
5,0,0.0,1.0,11.8,0.10673567264913565,15.0,13.3,307.6155090332031,0.0,,,0,1.638378620147705,10.9,29.6
5,0,0.0,1.0,11.8,0.10673567264913565,15.0,13.3,308.1155090332031,1.6252750158309937,2.0,10.525362968444824,1,1.6200922727584839,10.9,29.6
5,0,0.0,1.0,11.8,0.10673567264913565,15.0,13.3,308.6155090332031,1.6075130701065063,2.0,10.548016548156738,1,1.6023303270339966,10.9,29.6
5,0,0.0,1.0,11.8,0.10673567264913565,15.0,13.3,309.1155090332031,1.5902557373046875,2.0,10.57017993927002,1,1.5850729942321777,10.9,29.6
5,0,0.0,1.0,11.8,0.10673567264913565,15.0,13.3,309.6155090332031,1.5734843015670776,2.0,10.591873168945312,1,1.5683015584945679,10.9,29.6
5,0,0.0,1.0,11.8,0.10673567264913565,15.0,13.3,310.1155090332031,1.5571811199188232,2.0,10.613113403320312,1,1.5519983768463135,10.9,29.6
5,0,0.0,1.0,11.8,0.10673567264913565,15.0,13.3,310.6155090332031,0.0,,,0,1.5361464023590088,10.9,29.6
5,0,0.0,1.0,11.8,0.10673567264913565,15.0,13.3,311.1155090332031,1.5259122848510742,2.0,10.654304504394531,1,1.5207295417785645,10.9,29.6
5,0,0.0,1.0,11.8,0.10673567264913565,15.0,13.3,311.6155090332031,1.5109153985977173,2.0,10.674286842346191,1,1.5057326555252075,10.9,29.6
5,0,0.0,1.0,11.8,0.10673567264913565,15.0,13.3,312.1155090332031,1.496323823928833,2.0,10.693880081176758,1,1.4911410808563232,10.9,29.6
5,0,0.0,1.0,11.8,0.10673567264913565,15.0,13.3,312.6155090332031,1.4821237325668335,2.0,10.713098526000977,1,1.4769409894943237,10.9,29.6
5,0,0.0,1.0,11.8,0.10673567264913565,15.0,13.3,313.1155090332031,0.0,,,0,1.4631191492080688,10.9,29.6
5,0,0.0,1.0,11.8,0.10673567264913565,15.0,13.3,313.6155090332031,1.4548457860946655,2.0,10.750465393066406,1,1.4496630430221558,10.9,29.6
5,0,0.0,1.0,11.8,0.10673567264913565,15.0,13.3,314.1155090332031,0.0,,,0,1.4365606307983398,10.9,29.6
5,0,0.0,1.0,11.8,0.10673567264913565,15.0,13.3,314.6155090332031,0.0,,,0,1.4238002300262451,10.9,29.6
5,0,0.0,1.0,11.8,0.10673567264913565,15.0,13.3,315.1155090332031,1.4165539741516113,2.0,10.804023742675781,1,1.4113712310791016,10.9,29.6
5,0,0.0,1.0,11.8,0.10673567264913565,15.0,13.3,315.6155090332031,1.4044456481933594,2.0,10.821257591247559,1,1.3992629051208496,10.9,29.6
5,0,0.0,1.0,11.8,0.10673567264913565,15.0,13.3,316.1155090332031,1.3926481008529663,2.0,10.838199615478516,1,1.3874653577804565,10.9,29.6
5,0,0.0,1.0,11.8,0.10673567264913565,15.0,13.3,316.6155090332031,1.381151795387268,2.0,10.854859352111816,1,1.3759690523147583,10.9,29.6
5,0,0.0,1.0,11.8,0.10673567264913565,15.0,13.3,317.1155090332031,1.3699474334716797,2.0,10.871246337890625,1,1.36476469039917,10.9,29.6
5,0,0.0,1.0,11.8,0.10673567264913565,15.0,13.3,317.6155090332031,1.359026312828064,2.0,10.887371063232422,1,1.3538435697555542,10.9,29.6
5,0,0.0,1.0,11.8,0.10673567264913565,15.0,13.3,318.1155090332031,1.3483800888061523,2.0,10.903239250183105,1,1.3431973457336426,10.9,29.6
5,0,0.0,1.0,11.8,0.10673567264913565,15.0,13.3,318.6155090332031,1.338000774383545,2.0,10.918862342834473,1,1.3328180313110352,10.9,29.6
5,0,0.0,1.0,11.8,0.10673567264913565,15.0,13.3,319.1155090332031,1.3278805017471313,2.0,10.934246063232422,1,1.3226977586746216,10.9,29.6
5,0,0.0,1.0,11.8,0.10673567264913565,15.0,13.3,319.6155090332031,1.318011999130249,2.0,10.949399948120117,1,1.3128292560577393,10.9,29.6
5,0,0.0,1.0,11.8,0.10673567264913565,15.0,13.3,320.1155090332031,1.3083882331848145,2.0,10.964329719543457,1,1.3032054901123047,10.9,29.6
5,0,0.0,1.0,11.8,0.10673567264913565,15.0,13.3,320.6155090332031,1.2990022897720337,2.0,10.979043960571289,1,1.293819546699524,10.9,29.6
5,0,0.0,1.0,11.8,0.10673567264913565,15.0,13.3,321.1155090332031,1.289847731590271,2.0,10.993548393249512,1,1.2846649885177612,10.9,29.6
5,0,0.0,1.0,11.8,0.10673567264913565,15.0,13.3,321.6155090332031,1.2809183597564697,2.0,11.007850646972656,1,1.27573561668396,10.9,29.6
5,0,0.0,1.0,11.8,0.10673567264913565,15.0,13.3,322.1155090332031,1.2722079753875732,2.0,11.021955490112305,1,1.2670252323150635,10.9,29.6
5,0,0.0,1.0,11.8,0.10673567264913565,15.0,13.3,322.6155090332031,1.2637109756469727,2.0,11.035870552062988,1,1.258528232574463,10.9,29.6
5,0,0.0,1.0,11.8,0.10673567264913565,15.0,13.3,323.1155090332031,1.255421757698059,2.0,11.049601554870605,1,1.2502390146255493,10.9,29.6
5,0,0.0,1.0,11.8,0.10673567264913565,15.0,13.3,323.6155090332031,1.2473349571228027,2.0,11.063154220581055,1,1.242152214050293,10.9,29.6
5,0,0.0,1.0,11.8,0.10673567264913565,15.0,13.3,324.1155090332031,1.239445447921753,2.0,11.076533317565918,1,1.2342627048492432,10.9,29.6
5,0,0.0,1.0,11.8,0.10673567264913565,15.0,13.3,324.6155090332031,0.0,,,0,1.2265657186508179,10.9,29.6
5,0,0.0,1.0,11.8,0.10673567264913565,15.0,13.3,325.1155090332031,1.2242389917373657,2.0,11.102792739868164,1,1.219056248664856,10.9,29.6
5,0,0.0,1.0,11.8,0.10673567264913565,15.0,13.3,325.6155090332031,1.2169127464294434,2.0,11.115683555603027,1,1.2117300033569336,10.9,29.6
5,0,0.0,1.0,11.8,0.10673567264913565,15.0,13.3,326.1155090332031,1.2097651958465576,2.0,11.12842082977295,1,1.2045824527740479,10.9,29.6
5,0,0.0,1.0,11.8,0.10673567264913565,15.0,13.3,326.6155090332031,1.2027921676635742,2.0,11.141009330749512,1,1.1976094245910645,10.9,29.6
5,0,0.0,1.0,11.8,0.10673567264913565,15.0,13.3,327.1155090332031,1.1959894895553589,2.0,11.153454780578613,1,1.1908067464828491,10.9,29.6
5,0,0.0,1.0,11.8,0.10673567264913565,15.0,13.3,327.6155090332031,1.189353346824646,2.0,11.165760040283203,1,1.1841706037521362,10.9,29.6
5,0,0.0,1.0,11.8,0.10673567264913565,15.0,13.3,328.1155090332031,1.1828800439834595,2.0,11.177929878234863,1,1.1776973009109497,10.9,29.6
5,0,0.0,1.0,11.8,0.10673567264913565,15.0,13.3,328.6155090332031,1.1765657663345337,2.0,11.189969062805176,1,1.171383023262024,10.9,29.6
5,0,0.0,1.0,11.8,0.10673567264913565,15.0,13.3,329.1155090332031,1.1704070568084717,2.0,11.201879501342773,1,1.165224313735962,10.9,29.6
5,0,0.0,1.0,11.8,0.10673567264913565,15.0,13.3,329.6155090332031,1.1644006967544556,2.0,11.213666915893555,1,1.1592179536819458,10.9,29.6
5,0,0.0,1.0,11.8,0.10673567264913565,15.0,13.3,330.1155090332031,1.1585432291030884,2.0,11.225334167480469,1,1.1533604860305786,10.9,29.6
5,0,0.0,1.0,11.8,0.10673567264913565,15.0,13.3,330.6155090332031,1.1528316736221313,2.0,11.236885070800781,1,1.1476489305496216,10.9,29.6
5,0,0.0,1.0,11.8,0.10673567264913565,15.0,13.3,331.1155090332031,1.1472629308700562,2.0,11.248323440551758,1,1.1420801877975464,10.9,29.6
5,0,0.0,1.0,11.8,0.10673567264913565,15.0,13.3,331.6155090332031,1.1418341398239136,2.0,11.259652137756348,1,1.1366513967514038,10.9,29.6
5,0,0.0,1.0,11.8,0.10673567264913565,15.0,13.3,332.1155090332031,1.1365424394607544,2.0,11.2708740234375,1,1.1313596963882446,10.9,29.6
5,0,0.0,1.0,11.8,0.10673567264913565,15.0,13.3,332.6155090332031,1.131385087966919,2.0,11.28199291229248,1,1.1262023448944092,10.9,29.6
5,0,0.0,1.0,11.8,0.10673567264913565,15.0,13.3,333.1155090332031,1.1263595819473267,2.0,11.293011665344238,1,1.121176838874817,10.9,29.6
5,0,0.0,1.0,11.8,0.10673567264913565,15.0,13.3,333.6155090332031,1.121463418006897,2.0,11.303933143615723,1,1.1162806749343872,10.9,29.6
5,0,0.0,1.0,11.8,0.10673567264913565,15.0,13.3,334.1155090332031,1.1166940927505493,2.0,11.314760208129883,1,1.1115113496780396,10.9,29.6
5,0,0.0,1.0,11.8,0.10673567264913565,15.0,13.3,334.6155090332031,1.1120492219924927,2.0,11.325496673583984,1,1.106866478919983,10.9,29.6
5,0,0.0,1.0,11.8,0.10673567264913565,15.0,13.3,335.1155090332031,1.1075266599655151,2.0,11.33614444732666,1,1.1023439168930054,10.9,29.6
5,0,0.0,1.0,11.8,0.10673567264913565,15.0,13.3,335.6155090332031,1.1031241416931152,2.0,11.34670639038086,1,1.0979413986206055,10.9,29.6
5,0,0.0,1.0,11.8,0.10673567264913565,15.0,13.3,336.1155090332031,1.0988396406173706,2.0,11.357184410095215,1,1.0936568975448608,10.9,29.6
5,0,0.0,1.0,11.8,0.10673567264913565,15.0,13.3,336.6155090332031,1.0946711301803589,2.0,11.367582321166992,1,1.0894883871078491,10.9,29.6
5,0,0.0,1.0,11.8,0.10673567264913565,15.0,13.3,337.1155090332031,1.0906164646148682,2.0,11.377902030944824,1,1.0854337215423584,10.9,29.6
5,0,0.0,1.0,11.8,0.10673567264913565,15.0,13.3,337.6155090332031,0.0,,,0,1.0814913511276245,10.9,29.6
5,0,0.0,1.0,11.8,0.10673567264913565,15.0,13.3,338.1155090332031,1.0828419923782349,2.0,11.398316383361816,1,1.077659249305725,10.9,29.6
5,0,0.0,1.0,11.8,0.10673567264913565,15.0,13.3,338.6155090332031,1.0791183710098267,2.0,11.408416748046875,1,1.073935627937317,10.9,29.6
5,0,0.0,1.0,11.8,0.10673567264913565,15.0,13.3,339.1155090332031,1.0755016803741455,2.0,11.418447494506836,1,1.0703189373016357,10.9,29.6
5,0,0.0,1.0,11.8,0.10673567264913565,15.0,13.3,339.6155090332031,1.0719902515411377,2.0,11.428411483764648,1,1.066807508468628,10.9,29.6
5,0,0.0,1.0,11.8,0.10673567264913565,15.0,13.3,340.1155090332031,1.0685824155807495,2.0,11.438310623168945,1,1.0633996725082397,10.9,29.6
5,0,0.0,1.0,11.8,0.10673567264913565,15.0,13.3,340.6155090332031,1.065276861190796,2.0,11.448148727416992,1,1.0600941181182861,10.9,29.6
5,0,0.0,1.0,11.8,0.10673567264913565,15.0,13.3,341.1155090332031,1.0620719194412231,2.0,11.457925796508789,1,1.0568891763687134,10.9,29.6
5,0,0.0,1.0,11.8,0.10673567264913565,15.0,13.3,341.6155090332031,1.0589663982391357,2.0,11.467644691467285,1,1.053783655166626,10.9,29.6
5,0,0.0,1.0,11.8,0.10673567264913565,15.0,13.3,342.1155090332031,1.055958867073059,2.0,11.477307319641113,1,1.0507761240005493,10.9,29.6
5,0,0.0,1.0,11.8,0.10673567264913565,15.0,13.3,342.6155090332031,1.053048014640808,2.0,11.486916542053223,1,1.0478652715682983,10.9,29.6
5,0,0.0,1.0,11.8,0.10673567264913565,15.0,13.3,343.1155090332031,0.0,,,0,1.045049786567688,10.9,29.6
5,0,0.0,1.0,11.8,0.10673567264913565,15.0,13.3,343.6155090332031,1.047511339187622,2.0,11.505977630615234,1,1.0423285961151123,10.9,29.6
5,0,0.0,1.0,11.8,0.10673567264913565,15.0,13.3,344.1155090332031,1.0448832511901855,2.0,11.515435218811035,1,1.0397005081176758,10.9,29.6
5,0,0.0,1.0,11.8,0.10673567264913565,15.0,13.3,344.6155090332031,1.0423471927642822,2.0,11.524845123291016,1,1.0371644496917725,10.9,29.6
5,0,0.0,1.0,11.8,0.10673567264913565,15.0,13.3,345.1155090332031,1.0399020910263062,2.0,11.534210205078125,1,1.0347193479537964,10.9,29.6
5,0,0.0,1.0,11.8,0.10673567264913565,15.0,13.3,345.6155090332031,1.0375468730926514,2.0,11.543532371520996,1,1.0323641300201416,10.9,29.6
5,0,0.0,1.0,11.8,0.10673567264913565,15.0,13.3,346.1155090332031,1.035280704498291,2.0,11.552812576293945,1,1.0300979614257812,10.9,29.6
5,0,0.0,1.0,11.8,0.10673567264913565,15.0,13.3,346.6155090332031,1.0331025123596191,2.0,11.562052726745605,1,1.0279197692871094,10.9,29.6
5,0,0.0,1.0,11.8,0.10673567264913565,15.0,13.3,347.1155090332031,1.0310114622116089,2.0,11.571253776550293,1,1.0258287191390991,10.9,29.6
5,0,0.0,1.0,11.8,0.10673567264913565,15.0,13.3,347.6155090332031,1.0290067195892334,2.0,11.580419540405273,1,1.0238239765167236,10.9,29.6
5,0,0.0,1.0,11.8,0.10673567264913565,15.0,13.3,348.1155090332031,0.0,,,0,1.0219048261642456,10.9,29.6
5,0,0.0,1.0,11.8,0.10673567264913565,15.0,13.3,348.6155090332031,1.0252530574798584,2.0,11.59864616394043,1,1.0200703144073486,10.9,29.6
5,0,0.0,1.0,11.8,0.10673567264913565,15.0,13.3,349.1155090332031,1.0235024690628052,2.0,11.607710838317871,1,1.0183197259902954,10.9,29.6
5,0,0.0,1.0,11.8,0.10673567264913565,15.0,13.3,349.6155090332031,1.021835207939148,2.0,11.616744995117188,1,1.0166524648666382,10.9,29.6
5,0,0.0,1.0,11.8,0.10673567264913565,15.0,13.3,350.1155090332031,1.0202505588531494,2.0,11.625750541687012,1,1.0150678157806396,10.9,29.6
5,0,0.0,1.0,11.8,0.10673567264913565,15.0,13.3,350.6155090332031,1.0187479257583618,2.0,11.634729385375977,1,1.013565182685852,10.9,29.6
5,0,0.0,1.0,11.8,0.10673567264913565,15.0,13.3,351.1155090332031,1.0173267126083374,2.0,11.643681526184082,1,1.0121439695358276,10.9,29.6
5,0,0.0,1.0,11.8,0.10673567264913565,15.0,13.3,351.6155090332031,1.015986442565918,2.0,11.652608871459961,1,1.0108036994934082,10.9,29.6
5,0,0.0,1.0,11.8,0.10673567264913565,15.0,13.3,352.1155090332031,1.0147264003753662,2.0,11.661514282226562,1,1.0095436573028564,10.9,29.6
5,0,0.0,1.0,11.8,0.10673567264913565,15.0,13.3,352.6155090332031,1.013546109199524,2.0,11.670397758483887,1,1.0083633661270142,10.9,29.6
5,0,0.0,1.0,11.8,0.10673567264913565,15.0,13.3,353.1155090332031,1.012445330619812,2.0,11.679261207580566,1,1.0072625875473022,10.9,29.6
5,0,0.0,1.0,11.8,0.10673567264913565,15.0,13.3,353.6155090332031,1.0114233493804932,2.0,11.688105583190918,1,1.0062406063079834,10.9,29.6
5,0,0.0,1.0,11.8,0.10673567264913565,15.0,13.3,354.1155090332031,1.0104800462722778,2.0,11.69693374633789,1,1.005297303199768,10.9,29.6
5,0,0.0,1.0,11.8,0.10673567264913565,15.0,13.3,354.6155090332031,1.0096149444580078,2.0,11.705744743347168,1,1.004432201385498,10.9,29.6
5,0,0.0,1.0,11.8,0.10673567264913565,15.0,13.3,355.1155090332031,0.0,,,0,1.0036448240280151,10.9,29.6
5,0,0.0,1.0,11.8,0.10673567264913565,15.0,13.3,355.6155090332031,1.008117914199829,2.0,11.723326683044434,1,1.0029351711273193,10.9,29.6
5,0,0.0,1.0,11.8,0.10673567264913565,15.0,13.3,356.1155090332031,1.0074853897094727,2.0,11.732098579406738,1,1.002302646636963,10.9,29.6
5,0,0.0,1.0,11.8,0.10673567264913565,15.0,13.3,356.6155090332031,1.0069299936294556,2.0,11.740860939025879,1,1.0017472505569458,10.9,29.6
5,0,0.0,1.0,11.8,0.10673567264913565,15.0,13.3,357.1155090332031,1.0064513683319092,2.0,11.749613761901855,1,1.0012686252593994,10.9,29.6
5,0,0.0,1.0,11.8,0.10673567264913565,15.0,13.3,357.6155090332031,1.006049394607544,2.0,11.7583589553833,1,1.0008666515350342,10.9,29.6
5,0,0.0,1.0,11.8,0.10673567264913565,15.0,13.3,358.1155090332031,1.0057238340377808,2.0,11.767097473144531,1,1.000541090965271,10.9,29.6
5,0,0.0,1.0,11.8,0.10673567264913565,15.0,13.3,358.6155090332031,1.0054748058319092,2.0,11.77583122253418,1,1.0002920627593994,10.9,29.6
5,0,0.0,1.0,11.8,0.10673567264913565,15.0,13.3,359.1155090332031,1.0053019523620605,2.0,11.784561157226562,1,1.0001192092895508,10.9,29.6
5,0,0.0,1.0,11.8,0.10673567264913565,15.0,13.3,359.6155090332031,1.0052052736282349,2.0,11.793289184570312,1,1.000022530555725,10.9,29.6
5,0,0.0,1.0,11.8,0.10673567264913565,15.0,13.3,0.11550356447696686,1.0051847696304321,2.0,11.802016258239746,1,1.0000020265579224,10.9,29.6
5,0,0.0,1.0,11.8,0.10673567264913565,15.0,13.3,0.6155035495758057,1.0052404403686523,2.0,11.81074333190918,1,1.0000576972961426,10.9,29.6
5,0,0.0,1.0,11.8,0.10673567264913565,15.0,13.3,1.1155035495758057,1.0053722858428955,2.0,11.81947135925293,1,1.0001895427703857,10.9,29.6
5,0,0.0,1.0,11.8,0.10673567264913565,15.0,13.3,1.6155035495758057,1.0055804252624512,2.0,11.828203201293945,1,1.0003976821899414,10.9,29.6
5,0,0.0,1.0,11.8,0.10673567264913565,15.0,13.3,2.1155035495758057,1.0058647394180298,2.0,11.836938858032227,1,1.00068199634552,10.9,29.6
5,0,0.0,1.0,11.8,0.10673567264913565,15.0,13.3,2.6155035495758057,1.0062255859375,2.0,11.845681190490723,1,1.0010428428649902,10.9,29.6
5,0,0.0,1.0,11.8,0.10673567264913565,15.0,13.3,3.1155035495758057,1.0066629648208618,2.0,11.854429244995117,1,1.001480221748352,10.9,29.6
5,0,0.0,1.0,11.8,0.10673567264913565,15.0,13.3,3.6155035495758057,1.0071769952774048,2.0,11.86318588256836,1,1.001994252204895,10.9,29.6
5,0,0.0,1.0,11.8,0.10673567264913565,15.0,13.3,4.115503787994385,1.0077680349349976,2.0,11.871953010559082,1,1.0025852918624878,10.9,29.6
5,0,0.0,1.0,11.8,0.10673567264913565,15.0,13.3,4.615503787994385,1.0084362030029297,2.0,11.880730628967285,1,1.00325345993042,10.9,29.6
5,0,0.0,1.0,11.8,0.10673567264913565,15.0,13.3,5.115503787994385,1.0091817378997803,2.0,11.889520645141602,1,1.0039989948272705,10.9,29.6
5,0,0.0,1.0,11.8,0.10673567264913565,15.0,13.3,5.615503787994385,1.0100048780441284,2.0,11.898324012756348,1,1.0048221349716187,10.9,29.6
5,0,0.0,1.0,11.8,0.10673567264913565,15.0,13.3,6.115503787994385,1.0109062194824219,2.0,11.907142639160156,1,1.005723476409912,10.9,29.6
5,0,0.0,1.0,11.8,0.10673567264913565,15.0,13.3,6.615503787994385,1.0118857622146606,2.0,11.91597843170166,1,1.0067030191421509,10.9,29.6
5,0,0.0,1.0,11.8,0.10673567264913565,15.0,13.3,7.115503787994385,1.0129441022872925,2.0,11.92483139038086,1,1.0077613592147827,10.9,29.6
5,0,0.0,1.0,11.8,0.10673567264913565,15.0,13.3,7.615503787994385,1.0140814781188965,2.0,11.933704376220703,1,1.0088987350463867,10.9,29.6
5,0,0.0,1.0,11.8,0.10673567264913565,15.0,13.3,8.115503311157227,1.01529860496521,2.0,11.942597389221191,1,1.0101158618927002,10.9,29.6
5,0,0.0,1.0,11.8,0.10673567264913565,15.0,13.3,8.615503311157227,1.0165956020355225,2.0,11.951512336730957,1,1.0114128589630127,10.9,29.6
5,0,0.0,1.0,11.8,0.10673567264913565,15.0,13.3,9.115503311157227,1.0179733037948608,2.0,11.960451126098633,1,1.012790560722351,10.9,29.6
5,0,0.0,1.0,11.8,0.10673567264913565,15.0,13.3,9.615503311157227,1.0194320678710938,2.0,11.969415664672852,1,1.014249324798584,10.9,29.6
5,0,0.0,1.0,11.8,0.10673567264913565,15.0,13.3,10.115503311157227,1.020972490310669,2.0,11.978405952453613,1,1.0157897472381592,10.9,29.6
5,0,0.0,1.0,11.8,0.10673567264913565,15.0,13.3,10.615503311157227,1.0225951671600342,2.0,11.987424850463867,1,1.0174124240875244,10.9,29.6
5,0,0.0,1.0,11.8,0.10673567264913565,15.0,13.3,11.115503311157227,1.0243008136749268,2.0,11.99647331237793,1,1.019118070602417,10.9,29.6
5,0,0.0,1.0,11.8,0.10673567264913565,15.0,13.3,11.615503311157227,1.026090145111084,2.0,12.005552291870117,1,1.0209074020385742,10.9,29.6
5,0,0.0,1.0,11.8,0.10673567264913565,15.0,13.3,12.115503311157227,1.027963638305664,2.0,12.014664649963379,1,1.0227808952331543,10.9,29.6
5,0,0.0,1.0,11.8,0.10673567264913565,15.0,13.3,12.615503311157227,1.029922366142273,2.0,12.023810386657715,1,1.0247396230697632,10.9,29.6
5,0,0.0,1.0,11.8,0.10673567264913565,15.0,13.3,13.115503311157227,0.0,,,0,1.026784062385559,10.9,29.6
5,0,0.0,1.0,11.8,0.10673567264913565,15.0,13.3,13.615503311157227,0.0,,,0,1.028915286064148,10.9,29.6
5,0,0.0,1.0,11.8,0.10673567264913565,15.0,13.3,14.115503311157227,0.0,,,0,1.031134009361267,10.9,29.6
5,0,0.0,1.0,11.8,0.10673567264913565,15.0,13.3,14.615503311157227,1.0386239290237427,2.0,12.060769081115723,1,1.033441185951233,10.9,29.6
5,0,0.0,1.0,11.8,0.10673567264913565,15.0,13.3,15.115503311157227,1.0410205125808716,2.0,12.070111274719238,1,1.0358377695083618,10.9,29.6
5,0,0.0,1.0,11.8,0.10673567264913565,15.0,13.3,15.615503311157227,1.0435075759887695,2.0,12.079496383666992,1,1.0383248329162598,10.9,29.6
5,0,0.0,1.0,11.8,0.10673567264913565,15.0,13.3,16.115503311157227,1.0460859537124634,2.0,12.08892822265625,1,1.0409032106399536,10.9,29.6
5,0,0.0,1.0,11.8,0.10673567264913565,15.0,13.3,16.615503311157227,0.0,,,0,1.0435742139816284,10.9,29.6
5,0,0.0,1.0,11.8,0.10673567264913565,15.0,13.3,17.115503311157227,1.0515215396881104,2.0,12.10793685913086,1,1.0463387966156006,10.9,29.6
5,0,0.0,1.0,11.8,0.10673567264913565,15.0,13.3,17.615503311157227,1.0543808937072754,2.0,12.11751651763916,1,1.0491981506347656,10.9,29.6
5,0,0.0,1.0,11.8,0.10673567264913565,15.0,13.3,18.115503311157227,1.0573363304138184,2.0,12.12714958190918,1,1.0521535873413086,10.9,29.6
5,0,0.0,1.0,11.8,0.10673567264913565,15.0,13.3,18.615503311157227,1.0603889226913452,2.0,12.136838912963867,1,1.0552061796188354,10.9,29.6
5,0,0.0,1.0,11.8,0.10673567264913565,15.0,13.3,19.115503311157227,1.0635402202606201,2.0,12.146584510803223,1,1.0583574771881104,10.9,29.6
5,0,0.0,1.0,11.8,0.10673567264913565,15.0,13.3,19.615503311157227,0.0,,,0,1.0616086721420288,10.9,29.6
5,0,0.0,1.0,11.8,0.10673567264913565,15.0,13.3,20.115503311157227,0.0,,,0,1.064961314201355,10.9,29.6
5,0,0.0,1.0,11.8,0.10673567264913565,15.0,13.3,20.615503311157227,1.0735995769500732,2.0,12.176183700561523,1,1.0684168338775635,10.9,29.6
5,0,0.0,1.0,11.8,0.10673567264913565,15.0,13.3,21.115503311157227,1.0771594047546387,2.0,12.186179161071777,1,1.071976661682129,10.9,29.6
5,0,0.0,1.0,11.8,0.10673567264913565,15.0,13.3,21.615503311157227,1.0808253288269043,2.0,12.19624137878418,1,1.0756425857543945,10.9,29.6
5,0,0.0,1.0,11.8,0.10673567264913565,15.0,13.3,22.115503311157227,1.0845988988876343,2.0,12.20637321472168,1,1.0794161558151245,10.9,29.6
5,0,0.0,1.0,11.8,0.10673567264913565,15.0,13.3,22.615503311157227,0.0,,,0,1.083298921585083,10.9,29.6
5,0,0.0,1.0,11.8,0.10673567264913565,15.0,13.3,23.115503311157227,1.0924757719039917,2.0,12.226856231689453,1,1.087293028831482,10.9,29.6
5,0,0.0,1.0,11.8,0.10673567264913565,15.0,13.3,23.615503311157227,1.0965827703475952,2.0,12.237211227416992,1,1.0914000272750854,10.9,29.6
5,0,0.0,1.0,11.8,0.10673567264913565,15.0,13.3,24.115503311157227,1.1008045673370361,2.0,12.24764633178711,1,1.0956218242645264,10.9,29.6
5,0,0.0,1.0,11.8,0.10673567264913565,15.0,13.3,24.615503311157227,0.0,,,0,1.0999606847763062,10.9,29.6
5,0,0.0,1.0,11.8,0.10673567264913565,15.0,13.3,25.115503311157227,1.1096011400222778,2.0,12.26876449584961,1,1.104418396949768,10.9,29.6
5,0,0.0,1.0,11.8,0.10673567264913565,15.0,13.3,25.615503311157227,0.0,,,0,1.108997106552124,10.9,29.6
5,0,0.0,1.0,11.8,0.10673567264913565,15.0,13.3,26.115503311157227,1.1188819408416748,2.0,12.290230751037598,1,1.113699197769165,10.9,29.6
5,0,0.0,1.0,11.8,0.10673567264913565,15.0,13.3,26.615503311157227,1.1237096786499023,2.0,12.301100730895996,1,1.1185269355773926,10.9,29.6
5,0,0.0,1.0,11.8,0.10673567264913565,15.0,13.3,27.115503311157227,1.1286652088165283,2.0,12.312067031860352,1,1.1234824657440186,10.9,29.6
5,0,0.0,1.0,11.8,0.10673567264913565,15.0,13.3,27.615503311157227,1.1337512731552124,2.0,12.323131561279297,1,1.1285685300827026,10.9,29.6
5,0,0.0,1.0,11.8,0.10673567264913565,15.0,13.3,28.115503311157227,1.1389703750610352,2.0,12.334298133850098,1,1.1337876319885254,10.9,29.6
5,0,0.0,1.0,11.8,0.10673567264913565,15.0,13.3,28.615503311157227,1.1443251371383667,2.0,12.345568656921387,1,1.139142394065857,10.9,29.6
5,0,0.0,1.0,11.8,0.10673567264913565,15.0,13.3,29.115503311157227,1.1498181819915771,2.0,12.35694694519043,1,1.1446354389190674,10.9,29.6
5,0,0.0,1.0,11.8,0.10673567264913565,15.0,13.3,29.615503311157227,1.1554526090621948,2.0,12.368436813354492,1,1.150269865989685,10.9,29.6
5,0,0.0,1.0,11.8,0.10673567264913565,15.0,13.3,30.115503311157227,1.1612311601638794,2.0,12.380041122436523,1,1.1560484170913696,10.9,29.6
5,0,0.0,1.0,11.8,0.10673567264913565,15.0,13.3,30.615503311157227,1.1671570539474487,2.0,12.391763687133789,1,1.161974310874939,10.9,29.6
5,0,0.0,1.0,11.8,0.10673567264913565,15.0,13.3,31.115503311157227,0.0,,,0,1.1680506467819214,10.9,29.6
5,0,0.0,1.0,11.8,0.10673567264913565,15.0,13.3,31.615503311157227,1.179463505744934,2.0,12.415576934814453,1,1.1742807626724243,10.9,29.6
5,0,0.0,1.0,11.8,0.10673567264913565,15.0,13.3,32.11550521850586,1.1858508586883545,2.0,12.4276762008667,1,1.1806681156158447,10.9,29.6
5,0,0.0,1.0,11.8,0.10673567264913565,15.0,13.3,32.61550521850586,1.1923989057540894,2.0,12.439908027648926,1,1.1872161626815796,10.9,29.6
5,0,0.0,1.0,11.8,0.10673567264913565,15.0,13.3,33.11550521850586,1.1991114616394043,2.0,12.452277183532715,1,1.1939287185668945,10.9,29.6
5,0,0.0,1.0,11.8,0.10673567264913565,15.0,13.3,33.61550521850586,1.205992341041565,2.0,12.464788436889648,1,1.2008095979690552,10.9,29.6
5,0,0.0,1.0,11.8,0.10673567264913565,15.0,13.3,34.11550521850586,1.213045597076416,2.0,12.477445602416992,1,1.2078628540039062,10.9,29.6
5,0,0.0,1.0,11.8,0.10673567264913565,15.0,13.3,34.61550521850586,1.2202751636505127,2.0,12.490253448486328,1,1.215092420578003,10.9,29.6
5,0,0.0,1.0,11.8,0.10673567264913565,15.0,13.3,35.11550521850586,1.2276854515075684,2.0,12.503215789794922,1,1.2225027084350586,10.9,29.6
5,0,0.0,1.0,11.8,0.10673567264913565,15.0,13.3,35.61550521850586,1.235280990600586,2.0,12.516339302062988,1,1.2300982475280762,10.9,29.6
5,0,0.0,1.0,11.8,0.10673567264913565,15.0,13.3,36.11550521850586,1.2430663108825684,2.0,12.529626846313477,1,1.2378835678100586,10.9,29.6
5,0,0.0,1.0,11.8,0.10673567264913565,15.0,13.3,36.61550521850586,1.2510462999343872,2.0,12.543085098266602,1,1.2458635568618774,10.9,29.6
5,0,0.0,1.0,11.8,0.10673567264913565,15.0,13.3,37.11550521850586,1.2592259645462036,2.0,12.556719779968262,1,1.2540432214736938,10.9,29.6
5,0,0.0,1.0,11.8,0.10673567264913565,15.0,13.3,37.61550521850586,1.2676105499267578,2.0,12.570534706115723,1,1.262427806854248,10.9,29.6
5,0,0.0,1.0,11.8,0.10673567264913565,15.0,13.3,38.11550521850586,1.2762054204940796,2.0,12.584537506103516,1,1.2710226774215698,10.9,29.6
5,0,0.0,1.0,11.8,0.10673567264913565,15.0,13.3,38.61550521850586,1.2850162982940674,2.0,12.598732948303223,1,1.2798335552215576,10.9,29.6
5,0,0.0,1.0,11.8,0.10673567264913565,15.0,13.3,39.11550521850586,1.2940489053726196,2.0,12.613127708435059,1,1.2888661623001099,10.9,29.6
5,0,0.0,1.0,11.8,0.10673567264913565,15.0,13.3,39.61550521850586,1.3033095598220825,2.0,12.627727508544922,1,1.2981268167495728,10.9,29.6
5,0,0.0,1.0,11.8,0.10673567264913565,15.0,13.3,40.11550521850586,1.3128045797348022,2.0,12.64254093170166,1,1.3076218366622925,10.9,29.6
5,0,0.0,1.0,11.8,0.10673567264913565,15.0,13.3,40.61550521850586,0.0,,,0,1.3173578977584839,10.9,29.6
5,0,0.0,1.0,11.8,0.10673567264913565,15.0,13.3,41.11550521850586,1.3325245380401611,2.0,12.672832489013672,1,1.3273417949676514,10.9,29.6
5,0,0.0,1.0,11.8,0.10673567264913565,15.0,13.3,41.61550521850586,1.3427635431289673,2.0,12.688325881958008,1,1.3375808000564575,10.9,29.6
5,0,0.0,1.0,11.8,0.10673567264913565,15.0,13.3,42.11550521850586,1.3532651662826538,2.0,12.704060554504395,1,1.348082423210144,10.9,29.6
5,0,0.0,1.0,11.8,0.10673567264913565,15.0,13.3,42.61550521850586,1.3640373945236206,2.0,12.720046997070312,1,1.3588546514511108,10.9,29.6
5,0,0.0,1.0,11.8,0.10673567264913565,15.0,13.3,43.11550521850586,1.3750882148742676,2.0,12.73629093170166,1,1.3699054718017578,10.9,29.6
5,0,0.0,1.0,11.8,0.10673567264913565,15.0,13.3,43.61550521850586,1.386426329612732,2.0,12.752802848815918,1,1.3812435865402222,10.9,29.6
5,0,0.0,1.0,11.8,0.10673567264913565,15.0,13.3,44.11550521850586,1.3980607986450195,2.0,12.76959228515625,1,1.3928780555725098,10.9,29.6
5,0,0.0,1.0,11.8,0.10673567264913565,15.0,13.3,44.61550521850586,1.4100006818771362,2.0,12.786667823791504,1,1.4048179388046265,10.9,29.6
5,0,0.0,1.0,11.8,0.10673567264913565,15.0,13.3,45.11550521850586,1.4222558736801147,2.0,12.80403995513916,1,1.417073130607605,10.9,29.6
5,0,0.0,1.0,11.8,0.10673567264913565,15.0,13.3,45.61550521850586,1.4348366260528564,2.0,12.8217191696167,1,1.4296538829803467,10.9,29.6
5,0,0.0,1.0,11.8,0.10673567264913565,15.0,13.3,46.11550521850586,1.447753667831421,2.0,12.839716911315918,1,1.4425709247589111,10.9,29.6
5,0,0.0,1.0,11.8,0.10673567264913565,15.0,13.3,46.61550521850586,1.4610180854797363,2.0,12.858043670654297,1,1.4558353424072266,10.9,29.6
5,0,0.0,1.0,11.8,0.10673567264913565,15.0,13.3,47.11550521850586,1.4746415615081787,2.0,12.87671184539795,1,1.469458818435669,10.9,29.6
5,0,0.0,1.0,11.8,0.10673567264913565,15.0,13.3,47.61550521850586,1.4886366128921509,2.0,12.895734786987305,1,1.4834538698196411,10.9,29.6
5,0,0.0,1.0,11.8,0.10673567264913565,15.0,13.3,48.11550521850586,0.0,,,0,1.4978331327438354,10.9,29.6
5,0,0.0,1.0,11.8,0.10673567264913565,15.0,13.3,48.61550521850586,1.5177929401397705,2.0,12.934896469116211,1,1.5126101970672607,10.9,29.6
5,0,0.0,1.0,11.8,0.10673567264913565,15.0,13.3,49.11550521850586,1.5329819917678833,2.0,12.955062866210938,1,1.5277992486953735,10.9,29.6
5,0,0.0,1.0,11.8,0.10673567264913565,15.0,13.3,49.61550521850586,0.0,,,0,1.5434151887893677,10.9,29.6
5,0,0.0,1.0,11.8,0.10673567264913565,15.0,13.3,50.11550521850586,1.564656376838684,2.0,12.996644020080566,1,1.5594736337661743,10.9,29.6
5,0,0.0,1.0,11.8,0.10673567264913565,15.0,13.3,50.61550521850586,1.5811737775802612,2.0,13.018092155456543,1,1.5759910345077515,10.9,29.6
5,0,0.0,1.0,11.8,0.10673567264913565,15.0,13.3,51.11550521850586,1.5981674194335938,2.0,13.039999961853027,1,1.592984676361084,10.9,29.6
5,0,0.0,1.0,11.8,0.10673567264913565,15.0,13.3,51.61550521850586,1.6156554222106934,2.0,13.062387466430664,1,1.6104726791381836,10.9,29.6
5,0,0.0,1.0,11.8,0.10673567264913565,15.0,13.3,52.11550521850586,1.6336572170257568,2.0,13.085273742675781,1,1.628474473953247,10.9,29.6
5,0,0.0,1.0,11.8,0.10673567264913565,15.0,13.3,52.61550521850586,1.6521927118301392,2.0,13.10867977142334,1,1.6470099687576294,10.9,29.6
5,0,0.0,1.0,11.8,0.10673567264913565,15.0,13.3,53.11550521850586,1.671283483505249,2.0,13.132625579833984,1,1.6661007404327393,10.9,29.6
5,0,0.0,1.0,11.8,0.10673567264913565,15.0,13.3,53.61550521850586,1.6909518241882324,2.0,13.157135963439941,1,1.6857690811157227,10.9,29.6
5,0,0.0,1.0,11.8,0.10673567264913565,15.0,13.3,54.11550521850586,1.7112215757369995,2.0,13.182232856750488,1,1.7060388326644897,10.9,29.6
5,0,0.0,1.0,11.8,0.10673567264913565,15.0,13.3,54.61550521850586,1.732117772102356,2.0,13.207942962646484,1,1.7269350290298462,10.9,29.6
5,0,0.0,1.0,11.8,0.10673567264913565,15.0,13.3,55.11550521850586,1.7536669969558716,2.0,13.234292984008789,1,1.7484842538833618,10.9,29.6
5,0,0.0,1.0,11.8,0.10673567264913565,15.0,13.3,55.61550521850586,1.7758973836898804,2.0,13.261311531066895,1,1.7707146406173706,10.9,29.6
5,0,0.0,1.0,11.8,0.10673567264913565,15.0,13.3,56.11550521850586,1.79883873462677,2.0,13.289027214050293,1,1.7936559915542603,10.9,29.6
5,0,0.0,1.0,11.8,0.10673567264913565,15.0,13.3,56.61550521850586,1.822522521018982,2.0,13.317472457885742,1,1.8173397779464722,10.9,29.6
5,0,0.0,1.0,11.8,0.10673567264913565,15.0,13.3,57.11550521850586,0.0,,,0,1.8417996168136597,10.9,29.6
5,0,0.0,1.0,11.8,0.10673567264913565,15.0,13.3,57.61550521850586,1.872253656387329,2.0,13.376690864562988,1,1.8670709133148193,10.9,29.6
5,0,0.0,1.0,11.8,0.10673567264913565,15.0,13.3,58.11550521850586,1.8983741998672485,2.0,13.407536506652832,1,1.8931914567947388,10.9,29.6
5,0,0.0,1.0,11.8,0.10673567264913565,15.0,13.3,58.61550521850586,1.925384283065796,2.0,13.439260482788086,1,1.9202015399932861,10.9,29.6
5,0,0.0,1.0,11.8,0.10673567264913565,15.0,13.3,59.11550521850586,1.9533268213272095,2.0,13.471904754638672,1,1.9481440782546997,10.9,29.6
5,0,0.0,1.0,11.8,0.10673567264913565,15.0,13.3,59.61550521850586,1.9822473526000977,2.0,13.505516052246094,1,1.977064609527588,10.9,29.6
5,0,0.0,1.0,11.8,0.10673567264913565,15.0,13.3,60.11550521850586,2.0121946334838867,2.0,13.540143013000488,1,2.007011890411377,10.9,29.6
5,0,0.0,1.0,11.8,0.10673567264913565,15.0,13.3,60.61550521850586,2.0432207584381104,2.0,13.575837135314941,1,2.0380380153656006,10.9,29.6
5,0,0.0,1.0,11.8,0.10673567264913565,15.0,13.3,61.11550521850586,2.075381278991699,2.0,13.612655639648438,1,2.0701985359191895,10.9,29.6
5,0,0.0,1.0,11.8,0.10673567264913565,15.0,13.3,61.61550521850586,2.1087357997894287,2.0,13.650657653808594,1,2.103553056716919,10.9,29.6
5,0,0.0,1.0,11.8,0.10673567264913565,15.0,13.3,62.11550521850586,2.143348217010498,2.0,13.689908027648926,1,2.1381654739379883,10.9,29.6
5,0,0.0,1.0,11.8,0.10673567264913565,15.0,13.3,62.61550521850586,2.1792869567871094,2.0,13.730473518371582,1,2.1741042137145996,10.9,29.6
5,0,0.0,1.0,11.8,0.10673567264913565,15.0,13.3,63.11550521850586,2.216625928878784,2.0,13.772430419921875,1,2.2114431858062744,10.9,29.6
5,0,0.0,1.0,11.8,0.10673567264913565,15.0,13.3,63.61550521850586,2.255444288253784,2.0,13.815855979919434,1,2.2502615451812744,10.9,29.6
5,0,0.0,1.0,11.8,0.10673567264913565,15.0,13.3,64.1155014038086,0.0,,,0,2.290644407272339,10.9,29.6
5,0,0.0,1.0,11.8,0.10673567264913565,15.0,13.3,64.6155014038086,0.0,,,0,2.332684278488159,10.9,29.6
5,0,0.0,1.0,11.8,0.10673567264913565,15.0,13.3,65.1155014038086,2.3816630840301514,2.0,13.955842971801758,1,2.3764803409576416,10.9,29.6
5,0,0.0,1.0,11.8,0.10673567264913565,15.0,13.3,65.6155014038086,2.42732310295105,2.0,14.006073951721191,1,2.42214035987854,10.9,29.6
5,0,0.0,1.0,11.8,0.10673567264913565,15.0,13.3,66.1155014038086,0.0,,,0,2.4697811603546143,10.9,29.6
5,0,0.0,1.0,11.8,0.10673567264913565,15.0,13.3,66.6155014038086,2.524712085723877,2.0,14.112580299377441,1,2.519529342651367,10.9,29.6
5,0,0.0,1.0,11.8,0.10673567264913565,15.0,13.3,67.1155014038086,2.57670521736145,2.0,14.169119834899902,1,2.5715224742889404,10.9,29.6
5,0,0.0,1.0,11.8,0.10673567264913565,15.0,13.3,67.6155014038086,2.631093978881836,2.0,14.228046417236328,1,2.625911235809326,10.9,29.6
5,0,0.0,1.0,11.8,0.10673567264913565,15.0,13.3,68.1155014038086,2.6880416870117188,2.0,14.28952407836914,1,2.682858943939209,10.9,29.6
5,0,0.0,1.0,11.8,0.10673567264913565,15.0,13.3,68.6155014038086,2.747727632522583,2.0,14.35373306274414,1,2.7425448894500732,10.9,29.6
5,0,0.0,1.0,11.8,0.10673567264913565,15.0,13.3,69.1155014038086,2.8103482723236084,2.0,14.420868873596191,1,2.8051655292510986,10.9,29.6
5,0,0.0,1.0,11.8,0.10673567264913565,15.0,13.3,69.6155014038086,0.0,,,0,2.870936393737793,10.9,29.6
5,0,0.0,1.0,11.8,0.10673567264913565,15.0,13.3,70.1155014038086,0.0,,,0,2.9400947093963623,10.9,29.6
5,0,0.0,1.0,11.8,0.10673567264913565,15.0,13.3,70.6155014038086,3.01808500289917,2.0,14.642107963562012,1,3.01290225982666,10.9,29.6
5,0,0.0,1.0,11.8,0.10673567264913565,15.0,13.3,71.1155014038086,3.0948312282562256,2.0,14.723341941833496,1,3.089648485183716,10.9,29.6
5,0,0.0,1.0,11.8,0.10673567264913565,15.0,13.3,71.6155014038086,3.175837516784668,2.0,14.808829307556152,1,3.170654773712158,10.9,29.6
5,0,0.0,1.0,11.8,0.10673567264913565,15.0,13.3,72.1155014038086,3.261460542678833,2.0,14.898926734924316,1,3.2562777996063232,10.9,29.6
5,0,0.0,1.0,11.8,0.10673567264913565,15.0,13.3,72.6155014038086,3.352098226547241,2.0,14.99403190612793,1,3.3469154834747314,10.9,29.6
5,0,0.0,1.0,11.8,0.10673567264913565,15.0,13.3,73.1155014038086,3.448195695877075,2.0,15.094592094421387,1,3.4430129528045654,10.9,29.6
5,0,0.0,1.0,11.8,0.10673567264913565,15.0,13.3,73.6155014038086,3.550252914428711,2.0,15.201106071472168,1,3.545070171356201,10.9,29.6
5,0,0.0,1.0,11.8,0.10673567264913565,15.0,13.3,74.1155014038086,3.658831834793091,2.0,15.314135551452637,1,3.653649091720581,10.9,29.6
5,0,0.0,1.0,11.8,0.10673567264913565,15.0,13.3,74.6155014038086,3.7745680809020996,2.0,15.434317588806152,1,3.76938533782959,10.9,29.6
5,0,0.0,1.0,11.8,0.10673567264913565,15.0,13.3,75.1155014038086,3.8981828689575195,2.0,15.562373161315918,1,3.8930001258850098,10.9,29.6
5,0,0.0,1.0,11.8,0.10673567264913565,15.0,13.3,75.6155014038086,0.0,,,0,4.0253143310546875,10.9,29.6
5,0,0.0,1.0,11.8,0.10673567264913565,15.0,13.3,76.1155014038086,4.172450542449951,2.0,15.84550666809082,1,4.167267799377441,10.9,29.6
5,0,0.0,1.0,11.8,0.10673567264913565,15.0,13.3,76.6155014038086,4.325123310089111,2.0,16.002605438232422,1,4.319940567016602,10.9,29.6
5,0,0.0,1.0,11.8,0.10673567264913565,15.0,13.3,77.1155014038086,4.489762306213379,2.0,16.17166519165039,1,4.484579563140869,10.9,29.6
5,0,0.0,1.0,11.8,0.10673567264913565,15.0,13.3,77.6155014038086,0.0,,,0,4.662633895874023,10.9,29.6
5,0,0.0,1.0,11.8,0.10673567264913565,15.0,13.3,78.1155014038086,4.860980033874512,2.0,16.551712036132812,1,4.855797290802002,10.9,29.6
5,0,0.0,1.0,11.8,0.10673567264913565,15.0,13.3,78.6155014038086,5.071241855621338,2.0,16.766382217407227,1,5.066059112548828,10.9,29.6
5,0,0.0,1.0,11.8,0.10673567264913565,15.0,13.3,79.1155014038086,5.30095911026001,2.0,17.000503540039062,1,5.2957763671875,10.9,29.6
5,0,0.0,1.0,11.8,0.10673567264913565,15.0,13.3,79.6155014038086,5.552940845489502,2.0,17.256887435913086,1,5.547758102416992,10.9,29.6
5,0,0.0,1.0,11.8,0.10673567264913565,15.0,13.3,80.1155014038086,5.830565452575684,2.0,17.538909912109375,1,5.825382709503174,10.9,29.6
5,0,0.0,1.0,11.8,0.10673567264913565,15.0,13.3,80.6155014038086,6.137932300567627,2.0,17.850669860839844,1,6.132749557495117,10.9,29.6
5,0,0.0,1.0,11.8,0.10673567264913565,15.0,13.3,81.1155014038086,6.4800615310668945,2.0,18.19719123840332,1,6.474878787994385,10.9,29.6
5,0,0.0,1.0,11.8,0.10673567264913565,15.0,13.3,81.6155014038086,6.8631720542907715,2.0,18.58469009399414,1,6.857989311218262,10.9,29.6
5,0,0.0,1.0,11.8,0.10673567264913565,15.0,13.3,82.1155014038086,7.295060157775879,2.0,19.020963668823242,1,7.289877414703369,10.9,29.6
5,0,0.0,1.0,11.8,0.10673567264913565,15.0,13.3,82.6155014038086,7.785633563995361,2.0,19.515918731689453,1,7.780450820922852,10.9,29.6
5,0,0.0,1.0,11.8,0.10673567264913565,15.0,13.3,83.1155014038086,8.347678184509277,2.0,20.08234405517578,1,8.342495918273926,10.9,29.6
5,0,0.0,1.0,11.8,0.10673567264913565,15.0,13.3,83.6155014038086,8.99798583984375,2.0,20.737030029296875,1,8.992803573608398,10.9,29.6
5,0,0.0,1.0,11.8,0.10673567264913565,15.0,13.3,84.1155014038086,9.759055137634277,2.0,21.50247573852539,1,9.753872871398926,10.9,29.6
5,0,0.0,1.0,11.8,0.10673567264913565,15.0,13.3,84.6155014038086,10.661741256713867,2.0,22.409536361694336,1,10.656558990478516,10.9,29.6
5,0,0.0,1.0,11.8,0.10673567264913565,15.0,13.3,85.1155014038086,0.0,,,0,11.74435043334961,10.9,29.6
5,0,0.0,1.0,11.8,0.10673567264913565,15.0,13.3,85.6155014038086,11.83981704711914,1.9047486782073975,23.600000381469727,1,11.834634780883789,10.9,29.6
5,0,0.0,1.0,11.8,0.10673567264913565,15.0,13.3,86.1155014038086,11.832353591918945,1.801235556602478,23.600000381469727,1,11.827171325683594,10.9,29.6
5,0,0.0,1.0,11.8,0.10673567264913565,15.0,13.3,86.6155014038086,11.825798988342285,1.6978449821472168,23.600000381469727,1,11.820616722106934,10.9,29.6
5,0,0.0,1.0,11.8,0.10673567264913565,15.0,13.3,87.1155014038086,11.820151329040527,1.5945611000061035,23.600000381469727,1,11.814969062805176,10.9,29.6
5,0,0.0,1.0,11.8,0.10673567264913565,15.0,13.3,87.6155014038086,11.815408706665039,1.491368055343628,23.600000381469727,1,11.810226440429688,10.9,29.6
5,0,0.0,1.0,11.8,0.10673567264913565,15.0,13.3,88.1155014038086,11.811567306518555,1.3882498741149902,23.600000381469727,1,11.806385040283203,10.9,29.6
5,0,0.0,1.0,11.8,0.10673567264913565,15.0,13.3,88.6155014038086,11.80862808227539,1.2851909399032593,23.600000381469727,1,11.803445816040039,10.9,29.6
5,0,0.0,1.0,11.8,0.10673567264913565,15.0,13.3,89.1155014038086,11.806588172912598,1.1821755170822144,23.600000381469727,1,11.801405906677246,10.9,29.6
5,0,0.0,1.0,11.8,0.10673567264913565,15.0,13.3,89.6155014038086,11.805447578430176,1.0791877508163452,23.600000381469727,1,11.800265312194824,10.9,29.6
5,0,0.0,1.0,11.8,0.10673567264913565,15.0,13.3,90.1155014038086,11.805206298828125,0.9762121438980103,23.600000381469727,1,11.800024032592773,10.9,29.6
5,0,0.0,1.0,11.8,0.10673567264913565,15.0,13.3,90.6155014038086,11.805863380432129,0.8732328414916992,23.600000381469727,1,11.800681114196777,10.9,29.6
5,0,0.0,1.0,11.8,0.10673567264913565,15.0,13.3,91.1155014038086,11.807418823242188,0.7702342867851257,23.600000381469727,1,11.802236557006836,10.9,29.6
5,0,0.0,1.0,11.8,0.10673567264913565,15.0,13.3,91.6155014038086,11.809874534606934,0.6672006845474243,23.600000381469727,1,11.804692268371582,10.9,29.6
5,0,0.0,1.0,11.8,0.10673567264913565,15.0,13.3,92.1155014038086,11.813230514526367,0.564116358757019,23.600000381469727,1,11.808048248291016,10.9,29.6
5,0,0.0,1.0,11.8,0.10673567264913565,15.0,13.3,92.6155014038086,11.817487716674805,0.4609655737876892,23.600000381469727,1,11.812305450439453,10.9,29.6
5,0,0.0,1.0,11.8,0.10673567264913565,15.0,13.3,93.1155014038086,11.822648048400879,0.35773250460624695,23.600000381469727,1,11.817465782165527,10.9,29.6
5,0,0.0,1.0,11.8,0.10673567264913565,15.0,13.3,93.6155014038086,11.828714370727539,0.254401296377182,23.600000381469727,1,11.823532104492188,10.9,29.6
5,0,0.0,1.0,11.8,0.10673567264913565,15.0,13.3,94.1155014038086,11.835688591003418,0.15095607936382294,23.600000381469727,1,11.830506324768066,10.9,29.6
5,0,0.0,1.0,11.8,0.10673567264913565,15.0,13.3,94.6155014038086,11.843572616577148,0.04738086089491844,23.600000381469727,1,11.838390350341797,10.9,29.6
5,0,0.0,1.0,11.8,0.10673567264913565,15.0,13.3,95.1155014038086,11.852370262145996,-0.05634039640426636,23.600000381469727,1,11.847187995910645,10.9,29.6
5,0,0.0,1.0,11.8,0.10673567264913565,15.0,13.3,95.6155014038086,11.86208438873291,-0.1602238416671753,23.600000381469727,1,11.856902122497559,10.9,29.6
5,0,0.0,1.0,11.8,0.10673567264913565,15.0,13.3,96.1155014038086,11.872718811035156,-0.26428571343421936,23.600000381469727,1,11.867536544799805,10.9,29.6
5,0,0.0,1.0,11.8,0.10673567264913565,15.0,13.3,96.6155014038086,11.88427734375,-0.3685423731803894,23.600000381469727,1,11.879095077514648,10.9,29.6
5,0,0.0,1.0,11.8,0.10673567264913565,15.0,13.3,97.1155014038086,0.0,,,0,11.891583442687988,10.9,29.6
5,0,0.0,1.0,11.8,0.10673567264913565,15.0,13.3,97.6155014038086,11.910187721252441,-0.5777060389518738,23.600000381469727,1,11.90500545501709,10.9,29.6
5,0,0.0,1.0,11.8,0.10673567264913565,15.0,13.3,98.1155014038086,11.924549102783203,-0.6826464533805847,23.600000381469727,1,11.919366836547852,10.9,29.6
5,0,0.0,1.0,11.8,0.10673567264913565,15.0,13.3,98.6155014038086,11.939854621887207,-0.7878482937812805,23.600000381469727,1,11.934672355651855,10.9,29.6
5,0,0.0,1.0,11.8,0.10673567264913565,15.0,13.3,99.1155014038086,11.956110954284668,-0.8933287858963013,23.600000381469727,1,11.950928688049316,10.9,29.6
5,0,0.0,1.0,11.8,0.10673567264913565,15.0,13.3,99.6155014038086,0.0,,,0,11.968141555786133,10.9,29.6
5,0,0.0,1.0,11.8,0.10673567264913565,15.0,13.3,100.1155014038086,11.991500854492188,-1.1051945686340332,23.600000381469727,1,11.986318588256836,10.9,29.6
5,0,0.0,1.0,11.8,0.10673567264913565,15.0,13.3,100.6155014038086,12.0,,,0,12.0,10.9,29.6
5,0,0.0,1.0,11.8,0.10673567264913565,15.0,13.3,101.1155014038086,12.0,,,0,12.0,10.9,29.6
5,0,0.0,1.0,11.8,0.10673567264913565,15.0,13.3,101.6155014038086,12.0,,,0,12.0,10.9,29.6
5,0,0.0,1.0,11.8,0.10673567264913565,15.0,13.3,102.1155014038086,12.0,,,0,12.0,10.9,29.6
5,0,0.0,1.0,11.8,0.10673567264913565,15.0,13.3,102.6155014038086,12.0,,,0,12.0,10.9,29.6
5,0,0.0,1.0,11.8,0.10673567264913565,15.0,13.3,103.1155014038086,12.0,,,0,12.0,10.9,29.6
5,0,0.0,1.0,11.8,0.10673567264913565,15.0,13.3,103.6155014038086,12.0,,,0,12.0,10.9,29.6
5,0,0.0,1.0,11.8,0.10673567264913565,15.0,13.3,104.1155014038086,12.0,,,0,12.0,10.9,29.6
5,0,0.0,1.0,11.8,0.10673567264913565,15.0,13.3,104.6155014038086,12.0,,,0,12.0,10.9,29.6
5,0,0.0,1.0,11.8,0.10673567264913565,15.0,13.3,105.1155014038086,0.0,,,0,12.0,10.9,29.6
5,0,0.0,1.0,11.8,0.10673567264913565,15.0,13.3,105.6155014038086,12.0,,,0,12.0,10.9,29.6
5,0,0.0,1.0,11.8,0.10673567264913565,15.0,13.3,106.1155014038086,12.0,,,0,12.0,10.9,29.6
5,0,0.0,1.0,11.8,0.10673567264913565,15.0,13.3,106.6155014038086,12.0,,,0,12.0,10.9,29.6
5,0,0.0,1.0,11.8,0.10673567264913565,15.0,13.3,107.1155014038086,12.0,,,0,12.0,10.9,29.6
5,0,0.0,1.0,11.8,0.10673567264913565,15.0,13.3,107.6155014038086,12.0,,,0,12.0,10.9,29.6
5,0,0.0,1.0,11.8,0.10673567264913565,15.0,13.3,108.1155014038086,12.0,,,0,12.0,10.9,29.6
5,0,0.0,1.0,11.8,0.10673567264913565,15.0,13.3,108.6155014038086,12.0,,,0,12.0,10.9,29.6
5,0,0.0,1.0,11.8,0.10673567264913565,15.0,13.3,109.1155014038086,12.0,,,0,12.0,10.9,29.6
5,0,0.0,1.0,11.8,0.10673567264913565,15.0,13.3,109.6155014038086,12.0,,,0,12.0,10.9,29.6
5,0,0.0,1.0,11.8,0.10673567264913565,15.0,13.3,110.1155014038086,12.0,,,0,12.0,10.9,29.6
5,0,0.0,1.0,11.8,0.10673567264913565,15.0,13.3,110.6155014038086,12.0,,,0,12.0,10.9,29.6
5,0,0.0,1.0,11.8,0.10673567264913565,15.0,13.3,111.1155014038086,12.0,,,0,12.0,10.9,29.6
5,0,0.0,1.0,11.8,0.10673567264913565,15.0,13.3,111.6155014038086,12.0,,,0,12.0,10.9,29.6
5,0,0.0,1.0,11.8,0.10673567264913565,15.0,13.3,112.1155014038086,12.0,,,0,12.0,10.9,29.6
5,0,0.0,1.0,11.8,0.10673567264913565,15.0,13.3,112.6155014038086,12.0,,,0,12.0,10.9,29.6
5,0,0.0,1.0,11.8,0.10673567264913565,15.0,13.3,113.1155014038086,12.0,,,0,12.0,10.9,29.6
5,0,0.0,1.0,11.8,0.10673567264913565,15.0,13.3,113.6155014038086,12.0,,,0,12.0,10.9,29.6
5,0,0.0,1.0,11.8,0.10673567264913565,15.0,13.3,114.1155014038086,12.0,,,0,12.0,10.9,29.6
5,0,0.0,1.0,11.8,0.10673567264913565,15.0,13.3,114.6155014038086,12.0,,,0,12.0,10.9,29.6
5,0,0.0,1.0,11.8,0.10673567264913565,15.0,13.3,115.1155014038086,12.0,,,0,12.0,10.9,29.6
5,0,0.0,1.0,11.8,0.10673567264913565,15.0,13.3,115.6155014038086,12.0,,,0,12.0,10.9,29.6
5,0,0.0,1.0,11.8,0.10673567264913565,15.0,13.3,116.1155014038086,12.0,,,0,12.0,10.9,29.6
5,0,0.0,1.0,11.8,0.10673567264913565,15.0,13.3,116.6155014038086,0.0,,,0,12.0,10.9,29.6
5,0,0.0,1.0,11.8,0.10673567264913565,15.0,13.3,117.1155014038086,12.0,,,0,12.0,10.9,29.6
5,0,0.0,1.0,11.8,0.10673567264913565,15.0,13.3,117.6155014038086,12.0,,,0,12.0,10.9,29.6
5,0,0.0,1.0,11.8,0.10673567264913565,15.0,13.3,118.1155014038086,12.0,,,0,12.0,10.9,29.6
5,0,0.0,1.0,11.8,0.10673567264913565,15.0,13.3,118.6155014038086,12.0,,,0,12.0,10.9,29.6
5,0,0.0,1.0,11.8,0.10673567264913565,15.0,13.3,119.1155014038086,12.0,,,0,12.0,10.9,29.6
5,0,0.0,1.0,11.8,0.10673567264913565,15.0,13.3,119.6155014038086,12.0,,,0,12.0,10.9,29.6
5,0,0.0,1.0,11.8,0.10673567264913565,15.0,13.3,120.1155014038086,12.0,,,0,12.0,10.9,29.6
5,0,0.0,1.0,11.8,0.10673567264913565,15.0,13.3,120.6155014038086,12.0,,,0,12.0,10.9,29.6
5,0,0.0,1.0,11.8,0.10673567264913565,15.0,13.3,121.1155014038086,12.0,,,0,12.0,10.9,29.6
5,0,0.0,1.0,11.8,0.10673567264913565,15.0,13.3,121.6155014038086,12.0,,,0,12.0,10.9,29.6
5,0,0.0,1.0,11.8,0.10673567264913565,15.0,13.3,122.1155014038086,12.0,,,0,12.0,10.9,29.6
5,0,0.0,1.0,11.8,0.10673567264913565,15.0,13.3,122.6155014038086,12.0,,,0,12.0,10.9,29.6
5,0,0.0,1.0,11.8,0.10673567264913565,15.0,13.3,123.1155014038086,12.0,,,0,12.0,10.9,29.6
5,0,0.0,1.0,11.8,0.10673567264913565,15.0,13.3,123.6155014038086,12.0,,,0,12.0,10.9,29.6
5,0,0.0,1.0,11.8,0.10673567264913565,15.0,13.3,124.1155014038086,12.0,,,0,12.0,10.9,29.6
5,0,0.0,1.0,11.8,0.10673567264913565,15.0,13.3,124.6155014038086,12.0,,,0,12.0,10.9,29.6
5,0,0.0,1.0,11.8,0.10673567264913565,15.0,13.3,125.1155014038086,12.0,,,0,12.0,10.9,29.6
5,0,0.0,1.0,11.8,0.10673567264913565,15.0,13.3,125.6155014038086,12.0,,,0,12.0,10.9,29.6
5,0,0.0,1.0,11.8,0.10673567264913565,15.0,13.3,126.1155014038086,12.0,,,0,12.0,10.9,29.6
5,0,0.0,1.0,11.8,0.10673567264913565,15.0,13.3,126.6155014038086,12.0,,,0,12.0,10.9,29.6
5,0,0.0,1.0,11.8,0.10673567264913565,15.0,13.3,127.1155014038086,12.0,,,0,12.0,10.9,29.6
5,0,0.0,1.0,11.8,0.10673567264913565,15.0,13.3,127.6155014038086,12.0,,,0,12.0,10.9,29.6
5,0,0.0,1.0,11.8,0.10673567264913565,15.0,13.3,128.11550903320312,12.0,,,0,12.0,10.9,29.6
5,0,0.0,1.0,11.8,0.10673567264913565,15.0,13.3,128.61550903320312,12.0,,,0,12.0,10.9,29.6
5,0,0.0,1.0,11.8,0.10673567264913565,15.0,13.3,129.11550903320312,12.0,,,0,12.0,10.9,29.6
5,0,0.0,1.0,11.8,0.10673567264913565,15.0,13.3,129.61550903320312,12.0,,,0,12.0,10.9,29.6
5,0,0.0,1.0,11.8,0.10673567264913565,15.0,13.3,130.11550903320312,12.0,,,0,12.0,10.9,29.6
5,0,0.0,1.0,11.8,0.10673567264913565,15.0,13.3,130.61550903320312,0.0,,,0,12.0,10.9,29.6
5,0,0.0,1.0,11.8,0.10673567264913565,15.0,13.3,131.11550903320312,12.0,,,0,12.0,10.9,29.6
5,0,0.0,1.0,11.8,0.10673567264913565,15.0,13.3,131.61550903320312,12.0,,,0,12.0,10.9,29.6
5,0,0.0,1.0,11.8,0.10673567264913565,15.0,13.3,132.11550903320312,12.0,,,0,12.0,10.9,29.6
5,0,0.0,1.0,11.8,0.10673567264913565,15.0,13.3,132.61550903320312,12.0,,,0,12.0,10.9,29.6
5,0,0.0,1.0,11.8,0.10673567264913565,15.0,13.3,133.11550903320312,12.0,,,0,12.0,10.9,29.6
5,0,0.0,1.0,11.8,0.10673567264913565,15.0,13.3,133.61550903320312,12.0,,,0,12.0,10.9,29.6
5,0,0.0,1.0,11.8,0.10673567264913565,15.0,13.3,134.11550903320312,0.0,,,0,12.0,10.9,29.6
5,0,0.0,1.0,11.8,0.10673567264913565,15.0,13.3,134.61550903320312,12.0,,,0,12.0,10.9,29.6
5,0,0.0,1.0,11.8,0.10673567264913565,15.0,13.3,135.11550903320312,12.0,,,0,12.0,10.9,29.6
5,0,0.0,1.0,11.8,0.10673567264913565,15.0,13.3,135.61550903320312,12.0,,,0,12.0,10.9,29.6
5,0,0.0,1.0,11.8,0.10673567264913565,15.0,13.3,136.11550903320312,12.0,,,0,12.0,10.9,29.6
5,0,0.0,1.0,11.8,0.10673567264913565,15.0,13.3,136.61550903320312,12.0,,,0,12.0,10.9,29.6
5,0,0.0,1.0,11.8,0.10673567264913565,15.0,13.3,137.11550903320312,12.0,,,0,12.0,10.9,29.6
5,0,0.0,1.0,11.8,0.10673567264913565,15.0,13.3,137.61550903320312,0.0,,,0,12.0,10.9,29.6
5,0,0.0,1.0,11.8,0.10673567264913565,15.0,13.3,138.11550903320312,12.0,,,0,12.0,10.9,29.6
5,0,0.0,1.0,11.8,0.10673567264913565,15.0,13.3,138.61550903320312,12.0,,,0,12.0,10.9,29.6
5,0,0.0,1.0,11.8,0.10673567264913565,15.0,13.3,139.11550903320312,12.0,,,0,12.0,10.9,29.6
5,0,0.0,1.0,11.8,0.10673567264913565,15.0,13.3,139.61550903320312,12.0,,,0,12.0,10.9,29.6
5,0,0.0,1.0,11.8,0.10673567264913565,15.0,13.3,140.11550903320312,12.0,,,0,12.0,10.9,29.6
5,0,0.0,1.0,11.8,0.10673567264913565,15.0,13.3,140.61550903320312,12.0,,,0,12.0,10.9,29.6
5,0,0.0,1.0,11.8,0.10673567264913565,15.0,13.3,141.11550903320312,12.0,,,0,12.0,10.9,29.6
5,0,0.0,1.0,11.8,0.10673567264913565,15.0,13.3,141.61550903320312,12.0,,,0,12.0,10.9,29.6
5,0,0.0,1.0,11.8,0.10673567264913565,15.0,13.3,142.11550903320312,12.0,,,0,12.0,10.9,29.6
5,0,0.0,1.0,11.8,0.10673567264913565,15.0,13.3,142.61550903320312,12.0,,,0,12.0,10.9,29.6
5,0,0.0,1.0,11.8,0.10673567264913565,15.0,13.3,143.11550903320312,12.0,,,0,12.0,10.9,29.6
5,0,0.0,1.0,11.8,0.10673567264913565,15.0,13.3,143.61550903320312,12.0,,,0,12.0,10.9,29.6
5,0,0.0,1.0,11.8,0.10673567264913565,15.0,13.3,144.11550903320312,12.0,,,0,12.0,10.9,29.6
5,0,0.0,1.0,11.8,0.10673567264913565,15.0,13.3,144.61550903320312,12.0,,,0,12.0,10.9,29.6
5,0,0.0,1.0,11.8,0.10673567264913565,15.0,13.3,145.11550903320312,12.0,,,0,12.0,10.9,29.6
5,0,0.0,1.0,11.8,0.10673567264913565,15.0,13.3,145.61550903320312,12.0,,,0,12.0,10.9,29.6
5,0,0.0,1.0,11.8,0.10673567264913565,15.0,13.3,146.11550903320312,12.0,,,0,12.0,10.9,29.6
5,0,0.0,1.0,11.8,0.10673567264913565,15.0,13.3,146.61550903320312,0.0,,,0,12.0,10.9,29.6
5,0,0.0,1.0,11.8,0.10673567264913565,15.0,13.3,147.11550903320312,12.0,,,0,12.0,10.9,29.6
5,0,0.0,1.0,11.8,0.10673567264913565,15.0,13.3,147.61550903320312,12.0,,,0,12.0,10.9,29.6
5,0,0.0,1.0,11.8,0.10673567264913565,15.0,13.3,148.11550903320312,12.0,,,0,12.0,10.9,29.6
5,0,0.0,1.0,11.8,0.10673567264913565,15.0,13.3,148.61550903320312,12.0,,,0,12.0,10.9,29.6
5,0,0.0,1.0,11.8,0.10673567264913565,15.0,13.3,149.11550903320312,12.0,,,0,12.0,10.9,29.6
5,0,0.0,1.0,11.8,0.10673567264913565,15.0,13.3,149.61550903320312,12.0,,,0,12.0,10.9,29.6
5,0,0.0,1.0,11.8,0.10673567264913565,15.0,13.3,150.11550903320312,12.0,,,0,12.0,10.9,29.6
5,0,0.0,1.0,11.8,0.10673567264913565,15.0,13.3,150.61550903320312,12.0,,,0,12.0,10.9,29.6
5,0,0.0,1.0,11.8,0.10673567264913565,15.0,13.3,151.11550903320312,12.0,,,0,12.0,10.9,29.6
5,0,0.0,1.0,11.8,0.10673567264913565,15.0,13.3,151.61550903320312,12.0,,,0,12.0,10.9,29.6
5,0,0.0,1.0,11.8,0.10673567264913565,15.0,13.3,152.11550903320312,12.0,,,0,12.0,10.9,29.6
5,0,0.0,1.0,11.8,0.10673567264913565,15.0,13.3,152.61550903320312,12.0,,,0,12.0,10.9,29.6
5,0,0.0,1.0,11.8,0.10673567264913565,15.0,13.3,153.11550903320312,12.0,,,0,12.0,10.9,29.6
5,0,0.0,1.0,11.8,0.10673567264913565,15.0,13.3,153.61550903320312,12.0,,,0,12.0,10.9,29.6
5,0,0.0,1.0,11.8,0.10673567264913565,15.0,13.3,154.11550903320312,12.0,,,0,12.0,10.9,29.6
5,0,0.0,1.0,11.8,0.10673567264913565,15.0,13.3,154.61550903320312,12.0,,,0,12.0,10.9,29.6
5,0,0.0,1.0,11.8,0.10673567264913565,15.0,13.3,155.11550903320312,12.0,,,0,12.0,10.9,29.6
5,0,0.0,1.0,11.8,0.10673567264913565,15.0,13.3,155.61550903320312,12.0,,,0,12.0,10.9,29.6
5,0,0.0,1.0,11.8,0.10673567264913565,15.0,13.3,156.11550903320312,12.0,,,0,12.0,10.9,29.6
5,0,0.0,1.0,11.8,0.10673567264913565,15.0,13.3,156.61550903320312,12.0,,,0,12.0,10.9,29.6
5,0,0.0,1.0,11.8,0.10673567264913565,15.0,13.3,157.11550903320312,0.0,,,0,12.0,10.9,29.6
5,0,0.0,1.0,11.8,0.10673567264913565,15.0,13.3,157.61550903320312,12.0,,,0,12.0,10.9,29.6
5,0,0.0,1.0,11.8,0.10673567264913565,15.0,13.3,158.11550903320312,12.0,,,0,12.0,10.9,29.6
5,0,0.0,1.0,11.8,0.10673567264913565,15.0,13.3,158.61550903320312,12.0,,,0,12.0,10.9,29.6
5,0,0.0,1.0,11.8,0.10673567264913565,15.0,13.3,159.11550903320312,12.0,,,0,12.0,10.9,29.6
5,0,0.0,1.0,11.8,0.10673567264913565,15.0,13.3,159.61550903320312,0.0,,,0,12.0,10.9,29.6
5,0,0.0,1.0,11.8,0.10673567264913565,15.0,13.3,160.11550903320312,12.0,,,0,12.0,10.9,29.6
5,0,0.0,1.0,11.8,0.10673567264913565,15.0,13.3,160.61550903320312,12.0,,,0,12.0,10.9,29.6
5,0,0.0,1.0,11.8,0.10673567264913565,15.0,13.3,161.11550903320312,12.0,,,0,12.0,10.9,29.6
5,0,0.0,1.0,11.8,0.10673567264913565,15.0,13.3,161.61550903320312,12.0,,,0,12.0,10.9,29.6
5,0,0.0,1.0,11.8,0.10673567264913565,15.0,13.3,162.11550903320312,12.0,,,0,12.0,10.9,29.6
5,0,0.0,1.0,11.8,0.10673567264913565,15.0,13.3,162.61550903320312,12.0,,,0,12.0,10.9,29.6
5,0,0.0,1.0,11.8,0.10673567264913565,15.0,13.3,163.11550903320312,12.0,,,0,12.0,10.9,29.6
5,0,0.0,1.0,11.8,0.10673567264913565,15.0,13.3,163.61550903320312,12.0,,,0,12.0,10.9,29.6
5,0,0.0,1.0,11.8,0.10673567264913565,15.0,13.3,164.11550903320312,12.0,,,0,12.0,10.9,29.6
5,0,0.0,1.0,11.8,0.10673567264913565,15.0,13.3,164.61550903320312,12.0,,,0,12.0,10.9,29.6
5,0,0.0,1.0,11.8,0.10673567264913565,15.0,13.3,165.11550903320312,0.0,,,0,12.0,10.9,29.6
5,0,0.0,1.0,11.8,0.10673567264913565,15.0,13.3,165.61550903320312,12.0,,,0,12.0,10.9,29.6
5,0,0.0,1.0,11.8,0.10673567264913565,15.0,13.3,166.11550903320312,12.0,,,0,12.0,10.9,29.6
5,0,0.0,1.0,11.8,0.10673567264913565,15.0,13.3,166.61550903320312,12.0,,,0,12.0,10.9,29.6
5,0,0.0,1.0,11.8,0.10673567264913565,15.0,13.3,167.11550903320312,12.0,,,0,12.0,10.9,29.6
5,0,0.0,1.0,11.8,0.10673567264913565,15.0,13.3,167.61550903320312,12.0,,,0,12.0,10.9,29.6
5,0,0.0,1.0,11.8,0.10673567264913565,15.0,13.3,168.11550903320312,12.0,,,0,12.0,10.9,29.6
5,0,0.0,1.0,11.8,0.10673567264913565,15.0,13.3,168.61550903320312,12.0,,,0,12.0,10.9,29.6
5,0,0.0,1.0,11.8,0.10673567264913565,15.0,13.3,169.11550903320312,12.0,,,0,12.0,10.9,29.6
5,0,0.0,1.0,11.8,0.10673567264913565,15.0,13.3,169.61550903320312,0.0,,,0,12.0,10.9,29.6
5,0,0.0,1.0,11.8,0.10673567264913565,15.0,13.3,170.11550903320312,12.0,,,0,12.0,10.9,29.6
5,0,0.0,1.0,11.8,0.10673567264913565,15.0,13.3,170.61550903320312,12.0,,,0,12.0,10.9,29.6
5,0,0.0,1.0,11.8,0.10673567264913565,15.0,13.3,171.11550903320312,12.0,,,0,12.0,10.9,29.6
5,0,0.0,1.0,11.8,0.10673567264913565,15.0,13.3,171.61550903320312,12.0,,,0,12.0,10.9,29.6
5,0,0.0,1.0,11.8,0.10673567264913565,15.0,13.3,172.11550903320312,12.0,,,0,12.0,10.9,29.6
5,0,0.0,1.0,11.8,0.10673567264913565,15.0,13.3,172.61550903320312,0.0,,,0,12.0,10.9,29.6
5,0,0.0,1.0,11.8,0.10673567264913565,15.0,13.3,173.11550903320312,12.0,,,0,12.0,10.9,29.6
5,0,0.0,1.0,11.8,0.10673567264913565,15.0,13.3,173.61550903320312,12.0,,,0,12.0,10.9,29.6
5,0,0.0,1.0,11.8,0.10673567264913565,15.0,13.3,174.11550903320312,12.0,,,0,12.0,10.9,29.6
5,0,0.0,1.0,11.8,0.10673567264913565,15.0,13.3,174.61550903320312,12.0,,,0,12.0,10.9,29.6
5,0,0.0,1.0,11.8,0.10673567264913565,15.0,13.3,175.11550903320312,0.0,,,0,12.0,10.9,29.6
5,0,0.0,1.0,11.8,0.10673567264913565,15.0,13.3,175.61550903320312,0.0,,,0,12.0,10.9,29.6
5,0,0.0,1.0,11.8,0.10673567264913565,15.0,13.3,176.11550903320312,12.0,,,0,12.0,10.9,29.6
5,0,0.0,1.0,11.8,0.10673567264913565,15.0,13.3,176.61550903320312,12.0,,,0,12.0,10.9,29.6
5,0,0.0,1.0,11.8,0.10673567264913565,15.0,13.3,177.11550903320312,12.0,,,0,12.0,10.9,29.6
5,0,0.0,1.0,11.8,0.10673567264913565,15.0,13.3,177.61550903320312,12.0,,,0,12.0,10.9,29.6
5,0,0.0,1.0,11.8,0.10673567264913565,15.0,13.3,178.11550903320312,12.0,,,0,12.0,10.9,29.6
5,0,0.0,1.0,11.8,0.10673567264913565,15.0,13.3,178.61550903320312,0.0,,,0,12.0,10.9,29.6
5,0,0.0,1.0,11.8,0.10673567264913565,15.0,13.3,179.11550903320312,12.0,,,0,12.0,10.9,29.6
5,0,0.0,1.0,11.8,0.10673567264913565,15.0,13.3,179.61550903320312,12.0,,,0,12.0,10.9,29.6
5,0,0.0,1.0,11.8,0.10673567264913565,15.0,13.3,180.11550903320312,12.0,,,0,12.0,10.9,29.6
5,0,0.0,1.0,11.8,0.10673567264913565,15.0,13.3,180.61550903320312,12.0,,,0,12.0,10.9,29.6
5,0,0.0,1.0,11.8,0.10673567264913565,15.0,13.3,181.11550903320312,12.0,,,0,12.0,10.9,29.6
5,0,0.0,1.0,11.8,0.10673567264913565,15.0,13.3,181.61550903320312,12.0,,,0,12.0,10.9,29.6
5,0,0.0,1.0,11.8,0.10673567264913565,15.0,13.3,182.11550903320312,0.0,,,0,12.0,10.9,29.6
5,0,0.0,1.0,11.8,0.10673567264913565,15.0,13.3,182.61550903320312,12.0,,,0,12.0,10.9,29.6
5,0,0.0,1.0,11.8,0.10673567264913565,15.0,13.3,183.11550903320312,12.0,,,0,12.0,10.9,29.6
5,0,0.0,1.0,11.8,0.10673567264913565,15.0,13.3,183.61550903320312,12.0,,,0,12.0,10.9,29.6
5,0,0.0,1.0,11.8,0.10673567264913565,15.0,13.3,184.11550903320312,12.0,,,0,12.0,10.9,29.6
5,0,0.0,1.0,11.8,0.10673567264913565,15.0,13.3,184.61550903320312,12.0,,,0,12.0,10.9,29.6
5,0,0.0,1.0,11.8,0.10673567264913565,15.0,13.3,185.11550903320312,12.0,,,0,12.0,10.9,29.6
5,0,0.0,1.0,11.8,0.10673567264913565,15.0,13.3,185.61550903320312,12.0,,,0,12.0,10.9,29.6
5,1,0.0,15.0,13.3,2.28025385392645,6.5,23.200000000000003,310.64892578125,2.738693952560425,16.777772903442383,11.229416847229004,1,2.729064702987671,10.9,29.6
5,1,0.0,15.0,13.3,2.28025385392645,6.5,23.200000000000003,311.14892578125,2.711337089538574,16.777772903442383,11.265608787536621,1,2.7017078399658203,10.9,29.6
5,1,0.0,15.0,13.3,2.28025385392645,6.5,23.200000000000003,311.64892578125,2.684725046157837,16.777772903442383,11.301085472106934,1,2.675095796585083,10.9,29.6
5,1,0.0,15.0,13.3,2.28025385392645,6.5,23.200000000000003,312.14892578125,2.658831834793091,16.777772903442383,11.335872650146484,1,2.649202585220337,10.9,29.6
5,1,0.0,15.0,13.3,2.28025385392645,6.5,23.200000000000003,312.64892578125,2.6336328983306885,16.777772903442383,11.369996070861816,1,2.6240036487579346,10.9,29.6
5,1,0.0,15.0,13.3,2.28025385392645,6.5,23.200000000000003,313.14892578125,2.609105110168457,16.777772903442383,11.403477668762207,1,2.599475860595703,10.9,29.6
5,1,0.0,15.0,13.3,2.28025385392645,6.5,23.200000000000003,313.64892578125,2.585225820541382,16.777772903442383,11.4363431930542,1,2.575596570968628,10.9,29.6
5,1,0.0,15.0,13.3,2.28025385392645,6.5,23.200000000000003,314.14892578125,2.561973810195923,16.777772903442383,11.468611717224121,1,2.552344560623169,10.9,29.6
5,1,0.0,15.0,13.3,2.28025385392645,6.5,23.200000000000003,314.64892578125,2.5393288135528564,16.777772903442383,11.50030517578125,1,2.5296995639801025,10.9,29.6
5,1,0.0,15.0,13.3,2.28025385392645,6.5,23.200000000000003,315.14892578125,2.5172715187072754,16.777772903442383,11.53144359588623,1,2.5076422691345215,10.9,29.6
5,1,0.0,15.0,13.3,2.28025385392645,6.5,23.200000000000003,315.64892578125,0.0,,,0,2.4861538410186768,10.9,29.6
5,1,0.0,15.0,13.3,2.28025385392645,6.5,23.200000000000003,316.14892578125,2.474846124649048,16.777772903442383,11.592131614685059,1,2.465216875076294,10.9,29.6
5,1,0.0,15.0,13.3,2.28025385392645,6.5,23.200000000000003,316.64892578125,2.4544432163238525,16.777772903442383,11.621716499328613,1,2.4448139667510986,10.9,29.6
5,1,0.0,15.0,13.3,2.28025385392645,6.5,23.200000000000003,317.14892578125,2.434558629989624,16.777772903442383,11.650816917419434,1,2.42492938041687,10.9,29.6
5,1,0.0,15.0,13.3,2.28025385392645,6.5,23.200000000000003,317.64892578125,2.4151766300201416,16.777772903442383,11.679450988769531,1,2.4055473804473877,10.9,29.6
5,1,0.0,15.0,13.3,2.28025385392645,6.5,23.200000000000003,318.14892578125,2.396282196044922,16.777772903442383,11.707633018493652,1,2.386652946472168,10.9,29.6
5,1,0.0,15.0,13.3,2.28025385392645,6.5,23.200000000000003,318.64892578125,2.377861261367798,16.777772903442383,11.735377311706543,1,2.368232011795044,10.9,29.6
5,1,0.0,15.0,13.3,2.28025385392645,6.5,23.200000000000003,319.14892578125,2.3598999977111816,16.777772903442383,11.762699127197266,1,2.3502707481384277,10.9,29.6
5,1,0.0,15.0,13.3,2.28025385392645,6.5,23.200000000000003,319.64892578125,0.0,,,0,2.332756280899048,10.9,29.6
5,1,0.0,15.0,13.3,2.28025385392645,6.5,23.200000000000003,320.14892578125,2.325305223464966,16.777772903442383,11.81612777709961,1,2.315675973892212,10.9,29.6
5,1,0.0,15.0,13.3,2.28025385392645,6.5,23.200000000000003,320.64892578125,2.3086471557617188,16.777772903442383,11.842260360717773,1,2.299017906188965,10.9,29.6
5,1,0.0,15.0,13.3,2.28025385392645,6.5,23.200000000000003,321.14892578125,2.2923994064331055,16.777772903442383,11.868021965026855,1,2.2827701568603516,10.9,29.6
5,1,0.0,15.0,13.3,2.28025385392645,6.5,23.200000000000003,321.64892578125,2.2765512466430664,16.777772903442383,11.893424034118652,1,2.2669219970703125,10.9,29.6
5,1,0.0,15.0,13.3,2.28025385392645,6.5,23.200000000000003,322.14892578125,2.261091947555542,16.777772903442383,11.918477058410645,1,2.251462697982788,10.9,29.6
5,1,0.0,15.0,13.3,2.28025385392645,6.5,23.200000000000003,322.64892578125,0.0,,,0,2.236382007598877,10.9,29.6
5,1,0.0,15.0,13.3,2.28025385392645,6.5,23.200000000000003,323.14892578125,2.2312991619110107,16.777772903442383,11.967581748962402,1,2.221669912338257,10.9,29.6
5,1,0.0,15.0,13.3,2.28025385392645,6.5,23.200000000000003,323.64892578125,2.2169463634490967,16.777772903442383,11.991653442382812,1,2.2073171138763428,10.9,29.6
5,1,0.0,15.0,13.3,2.28025385392645,6.5,23.200000000000003,324.14892578125,2.202943801879883,16.777772903442383,12.01541805267334,1,2.193314552307129,10.9,29.6
5,1,0.0,15.0,13.3,2.28025385392645,6.5,23.200000000000003,324.64892578125,2.1892828941345215,16.777772903442383,12.038885116577148,1,2.1796536445617676,10.9,29.6
5,1,0.0,15.0,13.3,2.28025385392645,6.5,23.200000000000003,325.14892578125,2.175954818725586,16.777772903442383,12.062063217163086,1,2.166325569152832,10.9,29.6
5,1,0.0,15.0,13.3,2.28025385392645,6.5,23.200000000000003,325.64892578125,2.162951707839966,16.777772903442383,12.0849609375,1,2.153322458267212,10.9,29.6
5,1,0.0,15.0,13.3,2.28025385392645,6.5,23.200000000000003,326.14892578125,2.15026593208313,16.777772903442383,12.107587814331055,1,2.140636682510376,10.9,29.6
5,1,0.0,15.0,13.3,2.28025385392645,6.5,23.200000000000003,326.64892578125,2.137890100479126,16.777772903442383,12.129950523376465,1,2.128260850906372,10.9,29.6
5,1,0.0,15.0,13.3,2.28025385392645,6.5,23.200000000000003,327.14892578125,2.1258163452148438,16.777772903442383,12.152058601379395,1,2.11618709564209,10.9,29.6
5,1,0.0,15.0,13.3,2.28025385392645,6.5,23.200000000000003,327.64892578125,2.1140384674072266,16.777772903442383,12.173918724060059,1,2.1044092178344727,10.9,29.6
5,1,0.0,15.0,13.3,2.28025385392645,6.5,23.200000000000003,328.14892578125,0.0,,,0,2.0929200649261475,10.9,29.6
5,1,0.0,15.0,13.3,2.28025385392645,6.5,23.200000000000003,328.64892578125,2.0913426876068115,16.777772903442383,12.216924667358398,1,2.0817134380340576,10.9,29.6
5,1,0.0,15.0,13.3,2.28025385392645,6.5,23.200000000000003,329.14892578125,2.0804123878479004,16.777772903442383,12.23808479309082,1,2.0707831382751465,10.9,29.6
5,1,0.0,15.0,13.3,2.28025385392645,6.5,23.200000000000003,329.64892578125,2.0697522163391113,16.777772903442383,12.259025573730469,1,2.0601229667663574,10.9,29.6
5,1,0.0,15.0,13.3,2.28025385392645,6.5,23.200000000000003,330.14892578125,2.059356451034546,16.777772903442383,12.279753684997559,1,2.049727201461792,10.9,29.6
5,1,0.0,15.0,13.3,2.28025385392645,6.5,23.200000000000003,330.64892578125,2.0492196083068848,16.777772903442383,12.300274848937988,1,2.039590358734131,10.9,29.6
5,1,0.0,15.0,13.3,2.28025385392645,6.5,23.200000000000003,331.14892578125,2.0393364429473877,16.777772903442383,12.320595741271973,1,2.029707193374634,10.9,29.6
5,1,0.0,15.0,13.3,2.28025385392645,6.5,23.200000000000003,331.64892578125,2.0297017097473145,16.777772903442383,12.34072208404541,1,2.0200724601745605,10.9,29.6
5,1,0.0,15.0,13.3,2.28025385392645,6.5,23.200000000000003,332.14892578125,2.020310401916504,16.777772903442383,12.3606595993042,1,2.01068115234375,10.9,29.6
5,1,0.0,15.0,13.3,2.28025385392645,6.5,23.200000000000003,332.64892578125,2.011157751083374,16.777772903442383,12.380414962768555,1,2.00152850151062,10.9,29.6
5,1,0.0,15.0,13.3,2.28025385392645,6.5,23.200000000000003,333.14892578125,2.0022389888763428,16.777772903442383,12.399991989135742,1,1.9926098585128784,10.9,29.6
5,1,0.0,15.0,13.3,2.28025385392645,6.5,23.200000000000003,333.64892578125,1.9935499429702759,16.777772903442383,12.41939640045166,1,1.983920693397522,10.9,29.6
5,1,0.0,15.0,13.3,2.28025385392645,6.5,23.200000000000003,334.14892578125,1.9850859642028809,16.777772903442383,12.438634872436523,1,1.975456714630127,10.9,29.6
5,1,0.0,15.0,13.3,2.28025385392645,6.5,23.200000000000003,334.64892578125,1.976843237876892,16.777772903442383,12.457710266113281,1,1.9672139883041382,10.9,29.6
5,1,0.0,15.0,13.3,2.28025385392645,6.5,23.200000000000003,335.14892578125,1.9688174724578857,16.777772903442383,12.476629257202148,1,1.9591882228851318,10.9,29.6
5,1,0.0,15.0,13.3,2.28025385392645,6.5,23.200000000000003,335.64892578125,1.9610049724578857,16.777772903442383,12.49539566040039,1,1.9513757228851318,10.9,29.6
5,1,0.0,15.0,13.3,2.28025385392645,6.5,23.200000000000003,336.14892578125,1.9534019231796265,16.777772903442383,12.51401424407959,1,1.9437726736068726,10.9,29.6
5,1,0.0,15.0,13.3,2.28025385392645,6.5,23.200000000000003,336.64892578125,1.946004867553711,16.777772903442383,12.532489776611328,1,1.936375617980957,10.9,29.6
5,1,0.0,15.0,13.3,2.28025385392645,6.5,23.200000000000003,337.14892578125,1.938810110092163,16.777772903442383,12.550827026367188,1,1.9291808605194092,10.9,29.6
5,1,0.0,15.0,13.3,2.28025385392645,6.5,23.200000000000003,337.64892578125,0.0,,,0,1.9221853017807007,10.9,29.6
5,1,0.0,15.0,13.3,2.28025385392645,6.5,23.200000000000003,338.14892578125,1.9250149726867676,16.777772903442383,12.587101936340332,1,1.9153857231140137,10.9,29.6
5,1,0.0,15.0,13.3,2.28025385392645,6.5,23.200000000000003,338.64892578125,0.0,,,0,1.9087787866592407,10.9,29.6
5,1,0.0,15.0,13.3,2.28025385392645,6.5,23.200000000000003,339.14892578125,1.911991000175476,16.777772903442383,12.622873306274414,1,1.9023617506027222,10.9,29.6
5,1,0.0,15.0,13.3,2.28025385392645,6.5,23.200000000000003,339.64892578125,1.9057607650756836,16.777772903442383,12.640579223632812,1,1.8961315155029297,10.9,29.6
5,1,0.0,15.0,13.3,2.28025385392645,6.5,23.200000000000003,340.14892578125,1.899714708328247,16.777772903442383,12.658171653747559,1,1.8900854587554932,10.9,29.6
5,1,0.0,15.0,13.3,2.28025385392645,6.5,23.200000000000003,340.64892578125,1.8938502073287964,16.777772903442383,12.675652503967285,1,1.8842209577560425,10.9,29.6
5,1,0.0,15.0,13.3,2.28025385392645,6.5,23.200000000000003,341.14892578125,1.8881645202636719,16.777772903442383,12.69302749633789,1,1.878535270690918,10.9,29.6
5,1,0.0,15.0,13.3,2.28025385392645,6.5,23.200000000000003,341.64892578125,1.8826552629470825,16.777772903442383,12.710298538208008,1,1.8730260133743286,10.9,29.6
5,1,0.0,15.0,13.3,2.28025385392645,6.5,23.200000000000003,342.14892578125,1.8773200511932373,16.777772903442383,12.727470397949219,1,1.8676908016204834,10.9,29.6
5,1,0.0,15.0,13.3,2.28025385392645,6.5,23.200000000000003,342.64892578125,1.8721566200256348,16.777772903442383,12.744545936584473,1,1.8625273704528809,10.9,29.6
5,1,0.0,15.0,13.3,2.28025385392645,6.5,23.200000000000003,343.14892578125,1.8671627044677734,16.777772903442383,12.761528968811035,1,1.8575334548950195,10.9,29.6
5,1,0.0,15.0,13.3,2.28025385392645,6.5,23.200000000000003,343.64892578125,1.8623361587524414,16.777772903442383,12.778421401977539,1,1.8527069091796875,10.9,29.6
5,1,0.0,15.0,13.3,2.28025385392645,6.5,23.200000000000003,344.14892578125,1.8576750755310059,16.777772903442383,12.795228958129883,1,1.848045825958252,10.9,29.6
5,1,0.0,15.0,13.3,2.28025385392645,6.5,23.200000000000003,344.64892578125,1.8531773090362549,16.777772903442383,12.811952590942383,1,1.843548059463501,10.9,29.6
5,1,0.0,15.0,13.3,2.28025385392645,6.5,23.200000000000003,345.14892578125,1.8488411903381348,16.777772903442383,12.828596115112305,1,1.8392119407653809,10.9,29.6
5,1,0.0,15.0,13.3,2.28025385392645,6.5,23.200000000000003,345.64892578125,1.8446649312973022,16.777772903442383,12.845163345336914,1,1.8350356817245483,10.9,29.6
5,1,0.0,15.0,13.3,2.28025385392645,6.5,23.200000000000003,346.14892578125,0.0,,,0,1.8310173749923706,10.9,29.6
5,1,0.0,15.0,13.3,2.28025385392645,6.5,23.200000000000003,346.64892578125,0.0,,,0,1.8271554708480835,10.9,29.6
5,1,0.0,15.0,13.3,2.28025385392645,6.5,23.200000000000003,347.14892578125,1.8330775499343872,16.777772903442383,12.89443302154541,1,1.8234483003616333,10.9,29.6
5,1,0.0,15.0,13.3,2.28025385392645,6.5,23.200000000000003,347.64892578125,1.8295238018035889,16.777772903442383,12.910721778869629,1,1.819894552230835,10.9,29.6
5,1,0.0,15.0,13.3,2.28025385392645,6.5,23.200000000000003,348.14892578125,1.8261219263076782,16.777772903442383,12.926949501037598,1,1.8164926767349243,10.9,29.6
5,1,0.0,15.0,13.3,2.28025385392645,6.5,23.200000000000003,348.64892578125,1.8228706121444702,16.777772903442383,12.943117141723633,1,1.8132413625717163,10.9,29.6
5,1,0.0,15.0,13.3,2.28025385392645,6.5,23.200000000000003,349.14892578125,1.8197685480117798,16.777772903442383,12.959228515625,1,1.8101392984390259,10.9,29.6
5,1,0.0,15.0,13.3,2.28025385392645,6.5,23.200000000000003,349.64892578125,1.8168144226074219,16.777772903442383,12.975286483764648,1,1.807185173034668,10.9,29.6
5,1,0.0,15.0,13.3,2.28025385392645,6.5,23.200000000000003,350.14892578125,1.814007043838501,16.777772903442383,12.991292953491211,1,1.804377794265747,10.9,29.6
5,1,0.0,15.0,13.3,2.28025385392645,6.5,23.200000000000003,350.64892578125,1.8113454580307007,16.777772903442383,13.007250785827637,1,1.8017162084579468,10.9,29.6
5,1,0.0,15.0,13.3,2.28025385392645,6.5,23.200000000000003,351.14892578125,1.8088284730911255,16.777772903442383,13.023162841796875,1,1.7991992235183716,10.9,29.6
5,1,0.0,15.0,13.3,2.28025385392645,6.5,23.200000000000003,351.64892578125,1.806455135345459,16.777772903442383,13.039031982421875,1,1.796825885772705,10.9,29.6
5,1,0.0,15.0,13.3,2.28025385392645,6.5,23.200000000000003,352.14892578125,1.8042246103286743,16.777772903442383,13.05486011505127,1,1.7945953607559204,10.9,29.6
5,1,0.0,15.0,13.3,2.28025385392645,6.5,23.200000000000003,352.64892578125,1.802135944366455,16.777772903442383,13.070651054382324,1,1.7925066947937012,10.9,29.6
5,1,0.0,15.0,13.3,2.28025385392645,6.5,23.200000000000003,353.14892578125,1.8001883029937744,16.777772903442383,13.086405754089355,1,1.7905590534210205,10.9,29.6
5,1,0.0,15.0,13.3,2.28025385392645,6.5,23.200000000000003,353.64892578125,1.798380970954895,16.777772903442383,13.102128028869629,1,1.7887517213821411,10.9,29.6
5,1,0.0,15.0,13.3,2.28025385392645,6.5,23.200000000000003,354.14892578125,1.7967132329940796,16.777772903442383,13.117818832397461,1,1.7870839834213257,10.9,29.6
5,1,0.0,15.0,13.3,2.28025385392645,6.5,23.200000000000003,354.64892578125,1.7951843738555908,16.777772903442383,13.133481979370117,1,1.785555124282837,10.9,29.6
5,1,0.0,15.0,13.3,2.28025385392645,6.5,23.200000000000003,355.14892578125,1.79379403591156,16.777772903442383,13.149120330810547,1,1.7841647863388062,10.9,29.6
5,1,0.0,15.0,13.3,2.28025385392645,6.5,23.200000000000003,355.64892578125,1.7925413846969604,16.777772903442383,13.164734840393066,1,1.7829121351242065,10.9,29.6
5,1,0.0,15.0,13.3,2.28025385392645,6.5,23.200000000000003,356.14892578125,1.791426181793213,16.777772903442383,13.180328369140625,1,1.781796932220459,10.9,29.6
5,1,0.0,15.0,13.3,2.28025385392645,6.5,23.200000000000003,356.64892578125,0.0,,,0,1.7808187007904053,10.9,29.6
5,1,0.0,15.0,13.3,2.28025385392645,6.5,23.200000000000003,357.14892578125,1.7896060943603516,16.777772903442383,13.211463928222656,1,1.7799768447875977,10.9,29.6
5,1,0.0,15.0,13.3,2.28025385392645,6.5,23.200000000000003,357.64892578125,1.78890061378479,16.777772903442383,13.227009773254395,1,1.7792713642120361,10.9,29.6
5,1,0.0,15.0,13.3,2.28025385392645,6.5,23.200000000000003,358.14892578125,1.7883310317993164,16.777772903442383,13.242545127868652,1,1.7787017822265625,10.9,29.6
5,1,0.0,15.0,13.3,2.28025385392645,6.5,23.200000000000003,358.64892578125,1.7878972291946411,16.777772903442383,13.258070945739746,1,1.7782679796218872,10.9,29.6
5,1,0.0,15.0,13.3,2.28025385392645,6.5,23.200000000000003,359.14892578125,1.7875990867614746,16.777772903442383,13.273591041564941,1,1.7779698371887207,10.9,29.6
5,1,0.0,15.0,13.3,2.28025385392645,6.5,23.200000000000003,359.64892578125,1.7874362468719482,16.777772903442383,13.289106369018555,1,1.7778069972991943,10.9,29.6
5,1,0.0,15.0,13.3,2.28025385392645,6.5,23.200000000000003,0.14892204105854034,0.0,,,0,1.7777795791625977,10.9,29.6
5,1,0.0,15.0,13.3,2.28025385392645,6.5,23.200000000000003,0.6489220261573792,1.7875169515609741,16.777772903442383,13.320136070251465,1,1.7778877019882202,10.9,29.6
5,1,0.0,15.0,13.3,2.28025385392645,6.5,23.200000000000003,1.148922085762024,0.0,,,0,1.778131127357483,10.9,29.6
5,1,0.0,15.0,13.3,2.28025385392645,6.5,23.200000000000003,1.648922085762024,1.7881393432617188,16.777772903442383,13.351177215576172,1,1.7785100936889648,10.9,29.6
5,1,0.0,15.0,13.3,2.28025385392645,6.5,23.200000000000003,2.1489219665527344,1.7886539697647095,16.777772903442383,13.366707801818848,1,1.7790247201919556,10.9,29.6
5,1,0.0,15.0,13.3,2.28025385392645,6.5,23.200000000000003,2.6489219665527344,1.789304494857788,16.777772903442383,13.38224983215332,1,1.7796752452850342,10.9,29.6
5,1,0.0,15.0,13.3,2.28025385392645,6.5,23.200000000000003,3.1489219665527344,1.7900911569595337,16.777772903442383,13.39780330657959,1,1.7804619073867798,10.9,29.6
5,1,0.0,15.0,13.3,2.28025385392645,6.5,23.200000000000003,3.6489219665527344,1.7910141944885254,16.777772903442383,13.413372039794922,1,1.7813849449157715,10.9,29.6
5,1,0.0,15.0,13.3,2.28025385392645,6.5,23.200000000000003,4.148921966552734,1.7920739650726318,16.777772903442383,13.42895793914795,1,1.782444715499878,10.9,29.6
5,1,0.0,15.0,13.3,2.28025385392645,6.5,23.200000000000003,4.648921966552734,1.7932709455490112,16.777772903442383,13.444563865661621,1,1.7836416959762573,10.9,29.6
5,1,0.0,15.0,13.3,2.28025385392645,6.5,23.200000000000003,5.148921966552734,1.7946056127548218,16.777772903442383,13.460192680358887,1,1.7849763631820679,10.9,29.6
5,1,0.0,15.0,13.3,2.28025385392645,6.5,23.200000000000003,5.648921966552734,0.0,,,0,1.7864491939544678,10.9,29.6
5,1,0.0,15.0,13.3,2.28025385392645,6.5,23.200000000000003,6.148921966552734,1.7976899147033691,16.777772903442383,13.491524696350098,1,1.7880606651306152,10.9,29.6
5,1,0.0,15.0,13.3,2.28025385392645,6.5,23.200000000000003,6.648921966552734,1.799440622329712,16.777772903442383,13.507233619689941,1,1.789811372756958,10.9,29.6
5,1,0.0,15.0,13.3,2.28025385392645,6.5,23.200000000000003,7.148921966552734,1.8013315200805664,16.777772903442383,13.522974967956543,1,1.7917022705078125,10.9,29.6
5,1,0.0,15.0,13.3,2.28025385392645,6.5,23.200000000000003,7.648921966552734,1.8033630847930908,16.777772903442383,13.538750648498535,1,1.793733835220337,10.9,29.6
5,1,0.0,15.0,13.3,2.28025385392645,6.5,23.200000000000003,8.148921966552734,1.805536150932312,16.777772903442383,13.554563522338867,1,1.795906901359558,10.9,29.6
5,1,0.0,15.0,13.3,2.28025385392645,6.5,23.200000000000003,8.648921966552734,1.8078516721725464,16.777772903442383,13.570415496826172,1,1.7982224225997925,10.9,29.6
5,1,0.0,15.0,13.3,2.28025385392645,6.5,23.200000000000003,9.148921966552734,1.8103103637695312,16.777772903442383,13.586310386657715,1,1.8006811141967773,10.9,29.6
5,1,0.0,15.0,13.3,2.28025385392645,6.5,23.200000000000003,9.648921966552734,1.812913417816162,16.777772903442383,13.602249145507812,1,1.8032841682434082,10.9,29.6
5,1,0.0,15.0,13.3,2.28025385392645,6.5,23.200000000000003,10.148921966552734,1.8156616687774658,16.777772903442383,13.618236541748047,1,1.806032419204712,10.9,29.6
5,1,0.0,15.0,13.3,2.28025385392645,6.5,23.200000000000003,10.648921966552734,1.818556308746338,16.777772903442383,13.634272575378418,1,1.808927059173584,10.9,29.6
5,1,0.0,15.0,13.3,2.28025385392645,6.5,23.200000000000003,11.148921966552734,1.8215985298156738,16.777772903442383,13.650362014770508,1,1.81196928024292,10.9,29.6
5,1,0.0,15.0,13.3,2.28025385392645,6.5,23.200000000000003,11.648921966552734,1.8247894048690796,16.777772903442383,13.66650676727295,1,1.8151601552963257,10.9,29.6
5,1,0.0,15.0,13.3,2.28025385392645,6.5,23.200000000000003,12.148921966552734,1.8281302452087402,16.777772903442383,13.682709693908691,1,1.8185009956359863,10.9,29.6
5,1,0.0,15.0,13.3,2.28025385392645,6.5,23.200000000000003,12.648921966552734,1.8316223621368408,16.777772903442383,13.698973655700684,1,1.821993112564087,10.9,29.6
5,1,0.0,15.0,13.3,2.28025385392645,6.5,23.200000000000003,13.148921966552734,1.8352673053741455,16.777772903442383,13.715301513671875,1,1.8256380558013916,10.9,29.6
5,1,0.0,15.0,13.3,2.28025385392645,6.5,23.200000000000003,13.648921966552734,1.8390663862228394,16.777772903442383,13.731696128845215,1,1.8294371366500854,10.9,29.6
5,1,0.0,15.0,13.3,2.28025385392645,6.5,23.200000000000003,14.148921966552734,1.843021273612976,16.777772903442383,13.748160362243652,1,1.8333920240402222,10.9,29.6
5,1,0.0,15.0,13.3,2.28025385392645,6.5,23.200000000000003,14.648921966552734,1.8471335172653198,16.777772903442383,13.764697074890137,1,1.837504267692566,10.9,29.6
5,1,0.0,15.0,13.3,2.28025385392645,6.5,23.200000000000003,15.148921966552734,1.8514049053192139,16.777772903442383,13.781309127807617,1,1.84177565574646,10.9,29.6
5,1,0.0,15.0,13.3,2.28025385392645,6.5,23.200000000000003,15.648921966552734,1.8558369874954224,16.777772903442383,13.79800033569336,1,1.8462077379226685,10.9,29.6
5,1,0.0,15.0,13.3,2.28025385392645,6.5,23.200000000000003,16.148921966552734,1.8604317903518677,16.777772903442383,13.814772605895996,1,1.8508025407791138,10.9,29.6
5,1,0.0,15.0,13.3,2.28025385392645,6.5,23.200000000000003,16.648921966552734,1.8651912212371826,16.777772903442383,13.83163070678711,1,1.8555619716644287,10.9,29.6
5,1,0.0,15.0,13.3,2.28025385392645,6.5,23.200000000000003,17.148921966552734,1.8701171875,16.777772903442383,13.848576545715332,1,1.860487937927246,10.9,29.6
5,1,0.0,15.0,13.3,2.28025385392645,6.5,23.200000000000003,17.648921966552734,1.8752118349075317,16.777772903442383,13.86561393737793,1,1.8655825853347778,10.9,29.6
5,1,0.0,15.0,13.3,2.28025385392645,6.5,23.200000000000003,18.148921966552734,1.8804773092269897,16.777772903442383,13.882746696472168,1,1.8708480596542358,10.9,29.6
5,1,0.0,15.0,13.3,2.28025385392645,6.5,23.200000000000003,18.648921966552734,1.885915994644165,16.777772903442383,13.899977684020996,1,1.8762867450714111,10.9,29.6
5,1,0.0,15.0,13.3,2.28025385392645,6.5,23.200000000000003,19.148921966552734,1.8915300369262695,16.777772903442383,13.917309761047363,1,1.8819007873535156,10.9,29.6
5,1,0.0,15.0,13.3,2.28025385392645,6.5,23.200000000000003,19.648921966552734,1.8973219394683838,16.777772903442383,13.934747695922852,1,1.8876926898956299,10.9,29.6
5,1,0.0,15.0,13.3,2.28025385392645,6.5,23.200000000000003,20.148921966552734,1.903294324874878,16.777772903442383,13.95229434967041,1,1.893665075302124,10.9,29.6
5,1,0.0,15.0,13.3,2.28025385392645,6.5,23.200000000000003,20.648921966552734,1.9094496965408325,16.777772903442383,13.969954490661621,1,1.8998204469680786,10.9,29.6
5,1,0.0,15.0,13.3,2.28025385392645,6.5,23.200000000000003,21.148921966552734,1.9157907962799072,16.777772903442383,13.987730026245117,1,1.9061615467071533,10.9,29.6
5,1,0.0,15.0,13.3,2.28025385392645,6.5,23.200000000000003,21.648921966552734,1.9223206043243408,16.777772903442383,14.005626678466797,1,1.912691354751587,10.9,29.6
5,1,0.0,15.0,13.3,2.28025385392645,6.5,23.200000000000003,22.148921966552734,1.9290419816970825,16.777772903442383,14.023648262023926,1,1.9194127321243286,10.9,29.6
5,1,0.0,15.0,13.3,2.28025385392645,6.5,23.200000000000003,22.648921966552734,1.9359580278396606,16.777772903442383,14.041797637939453,1,1.9263287782669067,10.9,29.6
5,1,0.0,15.0,13.3,2.28025385392645,6.5,23.200000000000003,23.148921966552734,1.943071722984314,16.777772903442383,14.060079574584961,1,1.93344247341156,10.9,29.6
5,1,0.0,15.0,13.3,2.28025385392645,6.5,23.200000000000003,23.648921966552734,1.950386643409729,16.777772903442383,14.078498840332031,1,1.940757393836975,10.9,29.6
5,1,0.0,15.0,13.3,2.28025385392645,6.5,23.200000000000003,24.148921966552734,0.0,,,0,1.9482766389846802,10.9,29.6
5,1,0.0,15.0,13.3,2.28025385392645,6.5,23.200000000000003,24.648921966552734,1.9656332731246948,16.777772903442383,14.115765571594238,1,1.956004023551941,10.9,29.6
5,1,0.0,15.0,13.3,2.28025385392645,6.5,23.200000000000003,25.148921966552734,1.9735723733901978,16.777772903442383,14.134621620178223,1,1.9639431238174438,10.9,29.6
5,1,0.0,15.0,13.3,2.28025385392645,6.5,23.200000000000003,25.648921966552734,1.9817270040512085,16.777772903442383,14.153633117675781,1,1.9720977544784546,10.9,29.6
5,1,0.0,15.0,13.3,2.28025385392645,6.5,23.200000000000003,26.148921966552734,0.0,,,0,1.9804717302322388,10.9,29.6
5,1,0.0,15.0,13.3,2.28025385392645,6.5,23.200000000000003,26.648921966552734,1.9986985921859741,16.777772903442383,14.192142486572266,1,1.9890693426132202,10.9,29.6
5,1,0.0,15.0,13.3,2.28025385392645,6.5,23.200000000000003,27.148921966552734,2.007523775100708,16.777772903442383,14.211648941040039,1,1.9978946447372437,10.9,29.6
5,1,0.0,15.0,13.3,2.28025385392645,6.5,23.200000000000003,27.648921966552734,2.0165815353393555,16.777772903442383,14.231330871582031,1,2.0069522857666016,10.9,29.6
5,1,0.0,15.0,13.3,2.28025385392645,6.5,23.200000000000003,28.148921966552734,2.0258758068084717,16.777772903442383,14.25119400024414,1,2.0162465572357178,10.9,29.6
5,1,0.0,15.0,13.3,2.28025385392645,6.5,23.200000000000003,28.648921966552734,2.0354113578796387,16.777772903442383,14.271244049072266,1,2.0257821083068848,10.9,29.6
5,1,0.0,15.0,13.3,2.28025385392645,6.5,23.200000000000003,29.148921966552734,2.045193672180176,16.777772903442383,14.291484832763672,1,2.035564422607422,10.9,29.6
5,1,0.0,15.0,13.3,2.28025385392645,6.5,23.200000000000003,29.648921966552734,2.055227279663086,16.777772903442383,14.311924934387207,1,2.045598030090332,10.9,29.6
5,1,0.0,15.0,13.3,2.28025385392645,6.5,23.200000000000003,30.148921966552734,2.0655174255371094,16.777772903442383,14.332568168640137,1,2.0558881759643555,10.9,29.6
5,1,0.0,15.0,13.3,2.28025385392645,6.5,23.200000000000003,30.648921966552734,2.0760700702667236,16.777772903442383,14.353422164916992,1,2.0664408206939697,10.9,29.6
5,1,0.0,15.0,13.3,2.28025385392645,6.5,23.200000000000003,31.148921966552734,2.086890459060669,16.777772903442383,14.374492645263672,1,2.077261209487915,10.9,29.6
5,1,0.0,15.0,13.3,2.28025385392645,6.5,23.200000000000003,31.648921966552734,0.0,,,0,2.088355541229248,10.9,29.6
5,1,0.0,15.0,13.3,2.28025385392645,6.5,23.200000000000003,32.148921966552734,2.109358787536621,16.777772903442383,14.417311668395996,1,2.099729537963867,10.9,29.6
5,1,0.0,15.0,13.3,2.28025385392645,6.5,23.200000000000003,32.648921966552734,2.1210193634033203,16.777772903442383,14.43907356262207,1,2.1113901138305664,10.9,29.6
5,1,0.0,15.0,13.3,2.28025385392645,6.5,23.200000000000003,33.148921966552734,2.132972478866577,16.777772903442383,14.461080551147461,1,2.1233432292938232,10.9,29.6
5,1,0.0,15.0,13.3,2.28025385392645,6.5,23.200000000000003,33.648921966552734,2.1452252864837646,16.777772903442383,14.483339309692383,1,2.1355960369110107,10.9,29.6
5,1,0.0,15.0,13.3,2.28025385392645,6.5,23.200000000000003,34.148921966552734,2.157784938812256,16.777772903442383,14.505858421325684,1,2.148155689239502,10.9,29.6
5,1,0.0,15.0,13.3,2.28025385392645,6.5,23.200000000000003,34.648921966552734,2.170658826828003,16.777772903442383,14.528645515441895,1,2.161029577255249,10.9,29.6
5,1,0.0,15.0,13.3,2.28025385392645,6.5,23.200000000000003,35.148921966552734,0.0,,,0,2.174225330352783,10.9,29.6
5,1,0.0,15.0,13.3,2.28025385392645,6.5,23.200000000000003,35.648921966552734,2.1973798274993896,16.777772903442383,14.575057983398438,1,2.1877505779266357,10.9,29.6
5,1,0.0,15.0,13.3,2.28025385392645,6.5,23.200000000000003,36.148921966552734,2.2112433910369873,16.777772903442383,14.598701477050781,1,2.2016141414642334,10.9,29.6
5,1,0.0,15.0,13.3,2.28025385392645,6.5,23.200000000000003,36.648921966552734,2.2254533767700195,16.777772903442383,14.622648239135742,1,2.2158241271972656,10.9,29.6
5,1,0.0,15.0,13.3,2.28025385392645,6.5,23.200000000000003,37.148921966552734,2.2400190830230713,16.777772903442383,14.646907806396484,1,2.2303898334503174,10.9,29.6
5,1,0.0,15.0,13.3,2.28025385392645,6.5,23.200000000000003,37.648921966552734,2.2549495697021484,16.777772903442383,14.671489715576172,1,2.2453203201293945,10.9,29.6
5,1,0.0,15.0,13.3,2.28025385392645,6.5,23.200000000000003,38.148921966552734,2.270254611968994,16.777772903442383,14.696405410766602,1,2.2606253623962402,10.9,29.6
5,1,0.0,15.0,13.3,2.28025385392645,6.5,23.200000000000003,38.648921966552734,2.2859444618225098,16.777772903442383,14.721665382385254,1,2.276315212249756,10.9,29.6
5,1,0.0,15.0,13.3,2.28025385392645,6.5,23.200000000000003,39.148921966552734,2.3020291328430176,16.777772903442383,14.74728012084961,1,2.2923998832702637,10.9,29.6
5,1,0.0,15.0,13.3,2.28025385392645,6.5,23.200000000000003,39.648921966552734,0.0,,,0,2.3088908195495605,10.9,29.6
5,1,0.0,15.0,13.3,2.28025385392645,6.5,23.200000000000003,40.148921966552734,2.335428237915039,16.777772903442383,14.799620628356934,1,2.325798988342285,10.9,29.6
5,1,0.0,15.0,13.3,2.28025385392645,6.5,23.200000000000003,40.648921966552734,2.3527657985687256,16.777772903442383,14.826371192932129,1,2.3431365489959717,10.9,29.6
5,1,0.0,15.0,13.3,2.28025385392645,6.5,23.200000000000003,41.148921966552734,2.370544672012329,16.777772903442383,14.85352611541748,1,2.360915422439575,10.9,29.6
5,1,0.0,15.0,13.3,2.28025385392645,6.5,23.200000000000003,41.648921966552734,2.3887782096862793,16.777772903442383,14.881097793579102,1,2.3791489601135254,10.9,29.6
5,1,0.0,15.0,13.3,2.28025385392645,6.5,23.200000000000003,42.148921966552734,2.4074795246124268,16.777772903442383,14.909101486206055,1,2.397850275039673,10.9,29.6
5,1,0.0,15.0,13.3,2.28025385392645,6.5,23.200000000000003,42.648921966552734,2.4266626834869385,16.777772903442383,14.93755054473877,1,2.4170334339141846,10.9,29.6
5,1,0.0,15.0,13.3,2.28025385392645,6.5,23.200000000000003,43.148921966552734,2.4463422298431396,16.777772903442383,14.966460227966309,1,2.4367129802703857,10.9,29.6
5,1,0.0,15.0,13.3,2.28025385392645,6.5,23.200000000000003,43.648921966552734,2.466533660888672,16.777772903442383,14.995847702026367,1,2.456904411315918,10.9,29.6
5,1,0.0,15.0,13.3,2.28025385392645,6.5,23.200000000000003,44.148921966552734,2.487252712249756,16.777772903442383,15.025728225708008,1,2.477623462677002,10.9,29.6
5,1,0.0,15.0,13.3,2.28025385392645,6.5,23.200000000000003,44.648921966552734,2.5085160732269287,16.777772903442383,15.056119918823242,1,2.498886823654175,10.9,29.6
5,1,0.0,15.0,13.3,2.28025385392645,6.5,23.200000000000003,45.148921966552734,0.0,,,0,2.520711898803711,10.9,29.6
5,1,0.0,15.0,13.3,2.28025385392645,6.5,23.200000000000003,45.648921966552734,0.0,,,0,2.543117046356201,10.9,29.6
5,1,0.0,15.0,13.3,2.28025385392645,6.5,23.200000000000003,46.148921966552734,2.5757503509521484,16.777772903442383,15.150540351867676,1,2.5661211013793945,10.9,29.6
5,1,0.0,15.0,13.3,2.28025385392645,6.5,23.200000000000003,46.648921966552734,2.5993735790252686,16.777772903442383,15.183160781860352,1,2.5897443294525146,10.9,29.6
5,1,0.0,15.0,13.3,2.28025385392645,6.5,23.200000000000003,47.148921966552734,2.623636484146118,16.777772903442383,15.216391563415527,1,2.6140072345733643,10.9,29.6
5,1,0.0,15.0,13.3,2.28025385392645,6.5,23.200000000000003,47.648921966552734,2.6485612392425537,16.777772903442383,15.250251770019531,1,2.6389319896698,10.9,29.6
5,1,0.0,15.0,13.3,2.28025385392645,6.5,23.200000000000003,48.148921966552734,2.674170970916748,16.777772903442383,15.284768104553223,1,2.664541721343994,10.9,29.6
5,1,0.0,15.0,13.3,2.28025385392645,6.5,23.200000000000003,48.648921966552734,2.7004892826080322,16.777772903442383,15.319962501525879,1,2.6908600330352783,10.9,29.6
5,1,0.0,15.0,13.3,2.28025385392645,6.5,23.200000000000003,49.148921966552734,2.727541923522949,16.777772903442383,15.355862617492676,1,2.7179126739501953,10.9,29.6
5,1,0.0,15.0,13.3,2.28025385392645,6.5,23.200000000000003,49.648921966552734,2.7553553581237793,16.777772903442383,15.392494201660156,1,2.7457261085510254,10.9,29.6
5,1,0.0,15.0,13.3,2.28025385392645,6.5,23.200000000000003,50.148921966552734,2.783957004547119,16.777772903442383,15.429886817932129,1,2.7743277549743652,10.9,29.6
5,1,0.0,15.0,13.3,2.28025385392645,6.5,23.200000000000003,50.648921966552734,2.8133769035339355,16.777772903442383,15.468069076538086,1,2.8037476539611816,10.9,29.6
5,1,0.0,15.0,13.3,2.28025385392645,6.5,23.200000000000003,51.148921966552734,2.8436455726623535,16.777772903442383,15.507072448730469,1,2.8340163230895996,10.9,29.6
5,1,0.0,15.0,13.3,2.28025385392645,6.5,23.200000000000003,51.648921966552734,0.0,,,0,2.865165948867798,10.9,29.6
5,1,0.0,15.0,13.3,2.28025385392645,6.5,23.200000000000003,52.148921966552734,2.906860589981079,16.777772903442383,15.587677955627441,1,2.897231340408325,10.9,29.6
5,1,0.0,15.0,13.3,2.28025385392645,6.5,23.200000000000003,52.648921966552734,2.9398772716522217,16.777772903442383,15.629350662231445,1,2.9302480220794678,10.9,29.6
5,1,0.0,15.0,13.3,2.28025385392645,6.5,23.200000000000003,53.148921966552734,2.973883628845215,16.777772903442383,15.671987533569336,1,2.964254379272461,10.9,29.6
5,1,0.0,15.0,13.3,2.28025385392645,6.5,23.200000000000003,53.648921966552734,3.0089197158813477,16.777772903442383,15.715628623962402,1,2.9992904663085938,10.9,29.6
5,1,0.0,15.0,13.3,2.28025385392645,6.5,23.200000000000003,54.148921966552734,3.045027732849121,16.777772903442383,15.7603178024292,1,3.035398483276367,10.9,29.6
5,1,0.0,15.0,13.3,2.28025385392645,6.5,23.200000000000003,54.648921966552734,3.0822525024414062,16.777772903442383,15.806099891662598,1,3.0726232528686523,10.9,29.6
5,1,0.0,15.0,13.3,2.28025385392645,6.5,23.200000000000003,55.148921966552734,3.1206417083740234,16.777772903442383,15.853021621704102,1,3.1110124588012695,10.9,29.6
5,1,0.0,15.0,13.3,2.28025385392645,6.5,23.200000000000003,55.648921966552734,3.160244941711426,16.777772903442383,15.901134490966797,1,3.150615692138672,10.9,29.6
5,1,0.0,15.0,13.3,2.28025385392645,6.5,23.200000000000003,56.148921966552734,3.2011160850524902,16.777772903442383,15.950491905212402,1,3.1914868354797363,10.9,29.6
5,1,0.0,15.0,13.3,2.28025385392645,6.5,23.200000000000003,56.648921966552734,3.2433106899261475,16.777772903442383,16.001150131225586,1,3.2336814403533936,10.9,29.6
5,1,0.0,15.0,13.3,2.28025385392645,6.5,23.200000000000003,57.148921966552734,3.28688907623291,16.777772903442383,16.053171157836914,1,3.2772598266601562,10.9,29.6
5,1,0.0,15.0,13.3,2.28025385392645,6.5,23.200000000000003,57.648921966552734,3.3319144248962402,16.777772903442383,16.106616973876953,1,3.3222851753234863,10.9,29.6
5,1,0.0,15.0,13.3,2.28025385392645,6.5,23.200000000000003,58.148921966552734,3.3784544467926025,16.777772903442383,16.161556243896484,1,3.3688251972198486,10.9,29.6
5,1,0.0,15.0,13.3,2.28025385392645,6.5,23.200000000000003,58.648921966552734,3.4265806674957275,16.777772903442383,16.218061447143555,1,3.4169514179229736,10.9,29.6
5,1,0.0,15.0,13.3,2.28025385392645,6.5,23.200000000000003,59.148921966552734,3.476369619369507,16.777772903442383,16.276206970214844,1,3.466740369796753,10.9,29.6
5,1,0.0,15.0,13.3,2.28025385392645,6.5,23.200000000000003,59.648921966552734,3.5279030799865723,16.777772903442383,16.336078643798828,1,3.5182738304138184,10.9,29.6
5,1,0.0,15.0,13.3,2.28025385392645,6.5,23.200000000000003,60.148921966552734,0.0,,,0,3.571638584136963,10.9,29.6
5,1,0.0,15.0,13.3,2.28025385392645,6.5,23.200000000000003,60.648921966552734,3.636556625366211,16.777772903442383,16.461347579956055,1,3.626927375793457,10.9,29.6
5,1,0.0,15.0,13.3,2.28025385392645,6.5,23.200000000000003,61.148921966552734,3.6938693523406982,16.777772903442383,16.526941299438477,1,3.6842401027679443,10.9,29.6
5,1,0.0,15.0,13.3,2.28025385392645,6.5,23.200000000000003,61.648921966552734,3.7533118724823,16.777772903442383,16.59464454650879,1,3.743682622909546,10.9,29.6
5,1,0.0,15.0,13.3,2.28025385392645,6.5,23.200000000000003,62.148921966552734,3.8149986267089844,16.777772903442383,16.664573669433594,1,3.8053693771362305,10.9,29.6
5,1,0.0,15.0,13.3,2.28025385392645,6.5,23.200000000000003,62.648921966552734,3.87905216217041,16.777772903442383,16.736852645874023,1,3.8694229125976562,10.9,29.6
5,1,0.0,15.0,13.3,2.28025385392645,6.5,23.200000000000003,63.148921966552734,3.945603609085083,16.777772903442383,16.81161117553711,1,3.935974359512329,10.9,29.6
5,1,0.0,15.0,13.3,2.28025385392645,6.5,23.200000000000003,63.648921966552734,4.014794826507568,16.777772903442383,16.888992309570312,1,4.0051655769348145,10.9,29.6
5,1,0.0,15.0,13.3,2.28025385392645,6.5,23.200000000000003,64.14892578125,4.086778163909912,16.777772903442383,16.96915054321289,1,4.077148914337158,10.9,29.6
5,1,0.0,15.0,13.3,2.28025385392645,6.5,23.200000000000003,64.64892578125,4.161718368530273,16.777772903442383,17.052248001098633,1,4.1520891189575195,10.9,29.6
5,1,0.0,15.0,13.3,2.28025385392645,6.5,23.200000000000003,65.14892578125,0.0,,,0,4.23016357421875,10.9,29.6
5,1,0.0,15.0,13.3,2.28025385392645,6.5,23.200000000000003,65.64892578125,4.321195125579834,16.777772903442383,17.227991104125977,1,4.31156587600708,10.9,29.6
5,1,0.0,15.0,13.3,2.28025385392645,6.5,23.200000000000003,66.14892578125,4.406132698059082,16.777772903442383,17.3210391998291,1,4.396503448486328,10.9,29.6
5,1,0.0,15.0,13.3,2.28025385392645,6.5,23.200000000000003,66.64892578125,4.494832515716553,16.777772903442383,17.417835235595703,1,4.485203266143799,10.9,29.6
5,1,0.0,15.0,13.3,2.28025385392645,6.5,23.200000000000003,67.14892578125,0.0,,,0,4.577911853790283,10.9,29.6
5,1,0.0,15.0,13.3,2.28025385392645,6.5,23.200000000000003,67.64892578125,4.684526443481445,16.777772903442383,17.623676300048828,1,4.674897193908691,10.9,29.6
5,1,0.0,15.0,13.3,2.28025385392645,6.5,23.200000000000003,68.14892578125,4.786081314086914,16.777772903442383,17.733285903930664,1,4.77645206451416,10.9,29.6
5,1,0.0,15.0,13.3,2.28025385392645,6.5,23.200000000000003,68.64892578125,4.892527103424072,16.777772903442383,17.84777069091797,1,4.882897853851318,10.9,29.6
5,1,0.0,15.0,13.3,2.28025385392645,6.5,23.200000000000003,69.14892578125,12.0,,,0,12.0,10.9,29.6
5,1,0.0,15.0,13.3,2.28025385392645,6.5,23.200000000000003,69.64892578125,12.0,,,0,12.0,10.9,29.6
5,1,0.0,15.0,13.3,2.28025385392645,6.5,23.200000000000003,70.14892578125,0.0,,,0,12.0,10.9,29.6
5,1,0.0,15.0,13.3,2.28025385392645,6.5,23.200000000000003,70.64892578125,12.0,,,0,12.0,10.9,29.6
5,1,0.0,15.0,13.3,2.28025385392645,6.5,23.200000000000003,71.14892578125,12.0,,,0,12.0,10.9,29.6
5,1,0.0,15.0,13.3,2.28025385392645,6.5,23.200000000000003,71.64892578125,5.656246185302734,16.777772903442383,18.659460067749023,1,5.6466169357299805,10.9,29.6
5,1,0.0,15.0,13.3,2.28025385392645,6.5,23.200000000000003,72.14892578125,5.809037208557129,16.777772903442383,18.82020378112793,1,5.799407958984375,10.9,29.6
5,1,0.0,15.0,13.3,2.28025385392645,6.5,23.200000000000003,72.64892578125,5.970793724060059,16.777772903442383,18.989904403686523,1,5.961164474487305,10.9,29.6
5,1,0.0,15.0,13.3,2.28025385392645,6.5,23.200000000000003,73.14892578125,6.142312526702881,16.777772903442383,19.169355392456055,1,6.132683277130127,10.9,29.6
5,1,0.0,15.0,13.3,2.28025385392645,6.5,23.200000000000003,73.64892578125,6.324489593505859,16.777772903442383,19.359453201293945,1,6.3148603439331055,10.9,29.6
5,1,0.0,15.0,13.3,2.28025385392645,6.5,23.200000000000003,74.14892578125,6.518332004547119,16.777772903442383,19.561208724975586,1,6.508702754974365,10.9,29.6
5,1,0.0,15.0,13.3,2.28025385392645,6.5,23.200000000000003,74.64892578125,6.724979400634766,16.777772903442383,19.775758743286133,1,6.715350151062012,10.9,29.6
5,1,0.0,15.0,13.3,2.28025385392645,6.5,23.200000000000003,75.14892578125,6.9457244873046875,16.777772903442383,20.004396438598633,1,6.936095237731934,10.9,29.6
5,1,0.0,15.0,13.3,2.28025385392645,6.5,23.200000000000003,75.64892578125,7.182040214538574,16.777772903442383,20.24859619140625,1,7.17241096496582,10.9,29.6
5,1,0.0,15.0,13.3,2.28025385392645,6.5,23.200000000000003,76.14892578125,7.435611724853516,16.777772903442383,20.51004409790039,1,7.425982475280762,10.9,29.6
5,1,0.0,15.0,13.3,2.28025385392645,6.5,23.200000000000003,76.64892578125,7.708378314971924,16.777772903442383,20.790678024291992,1,7.69874906539917,10.9,29.6
5,1,0.0,15.0,13.3,2.28025385392645,6.5,23.200000000000003,77.14892578125,8.002577781677246,16.777772903442383,21.092737197875977,1,7.99294900894165,10.9,29.6
5,1,0.0,15.0,13.3,2.28025385392645,6.5,23.200000000000003,77.64892578125,8.320815086364746,16.777772903442383,21.418825149536133,1,8.311185836791992,10.9,29.6
5,1,0.0,15.0,13.3,2.28025385392645,6.5,23.200000000000003,78.14892578125,8.666130065917969,16.777772903442383,21.77198600769043,1,8.656500816345215,10.9,29.6
5,1,0.0,15.0,13.3,2.28025385392645,6.5,23.200000000000003,78.64892578125,9.042101860046387,16.777772903442383,22.155794143676758,1,9.032472610473633,10.9,29.6
5,1,0.0,15.0,13.3,2.28025385392645,6.5,23.200000000000003,79.14892578125,9.452966690063477,16.777772903442383,22.574487686157227,1,9.443337440490723,10.9,29.6
5,1,0.0,15.0,13.3,2.28025385392645,6.5,23.200000000000003,79.64892578125,9.903779983520508,16.777772903442383,23.033124923706055,1,9.894150733947754,10.9,29.6
5,1,0.0,15.0,13.3,2.28025385392645,6.5,23.200000000000003,80.14892578125,10.400625228881836,16.777772903442383,23.53778839111328,1,10.390995979309082,10.9,29.6
5,1,0.0,15.0,13.3,2.28025385392645,6.5,23.200000000000003,80.64892578125,10.950884819030762,16.777772903442383,24.09585952758789,1,10.941255569458008,10.9,29.6
5,1,0.0,15.0,13.3,2.28025385392645,6.5,23.200000000000003,81.14892578125,11.563610076904297,16.777772903442383,24.716392517089844,1,11.553980827331543,10.9,29.6
5,1,0.0,15.0,13.3,2.28025385392645,6.5,23.200000000000003,81.64892578125,12.0,,,0,12.0,10.9,29.6
5,1,0.0,15.0,13.3,2.28025385392645,6.5,23.200000000000003,82.14892578125,12.0,,,0,12.0,10.9,29.6
5,1,0.0,15.0,13.3,2.28025385392645,6.5,23.200000000000003,82.64892578125,12.0,,,0,12.0,10.9,29.6
5,1,0.0,15.0,13.3,2.28025385392645,6.5,23.200000000000003,83.14892578125,12.0,,,0,12.0,10.9,29.6
5,1,0.0,15.0,13.3,2.28025385392645,6.5,23.200000000000003,83.64892578125,12.0,,,0,12.0,10.9,29.6
5,1,0.0,15.0,13.3,2.28025385392645,6.5,23.200000000000003,84.14892578125,12.0,,,0,12.0,10.9,29.6
5,1,0.0,15.0,13.3,2.28025385392645,6.5,23.200000000000003,84.64892578125,12.0,,,0,12.0,10.9,29.6
5,1,0.0,15.0,13.3,2.28025385392645,6.5,23.200000000000003,85.14892578125,12.0,,,0,12.0,10.9,29.6
5,1,0.0,15.0,13.3,2.28025385392645,6.5,23.200000000000003,85.64892578125,12.0,,,0,12.0,10.9,29.6
5,1,0.0,15.0,13.3,2.28025385392645,6.5,23.200000000000003,86.14892578125,0.0,,,0,12.0,10.9,29.6
5,1,0.0,15.0,13.3,2.28025385392645,6.5,23.200000000000003,86.64892578125,0.0,,,0,12.0,10.9,29.6
5,1,0.0,15.0,13.3,2.28025385392645,6.5,23.200000000000003,87.14892578125,12.0,,,0,12.0,10.9,29.6
5,1,0.0,15.0,13.3,2.28025385392645,6.5,23.200000000000003,87.64892578125,12.0,,,0,12.0,10.9,29.6
5,1,0.0,15.0,13.3,2.28025385392645,6.5,23.200000000000003,88.14892578125,12.0,,,0,12.0,10.9,29.6
5,1,0.0,15.0,13.3,2.28025385392645,6.5,23.200000000000003,88.64892578125,12.0,,,0,12.0,10.9,29.6
5,1,0.0,15.0,13.3,2.28025385392645,6.5,23.200000000000003,89.14892578125,12.0,,,0,12.0,10.9,29.6
5,1,0.0,15.0,13.3,2.28025385392645,6.5,23.200000000000003,89.64892578125,12.0,,,0,12.0,10.9,29.6
5,1,0.0,15.0,13.3,2.28025385392645,6.5,23.200000000000003,90.14892578125,12.0,,,0,12.0,10.9,29.6
5,1,0.0,15.0,13.3,2.28025385392645,6.5,23.200000000000003,90.64892578125,12.0,,,0,12.0,10.9,29.6
5,1,0.0,15.0,13.3,2.28025385392645,6.5,23.200000000000003,91.14892578125,12.0,,,0,12.0,10.9,29.6
5,1,0.0,15.0,13.3,2.28025385392645,6.5,23.200000000000003,91.64892578125,12.0,,,0,12.0,10.9,29.6
5,1,0.0,15.0,13.3,2.28025385392645,6.5,23.200000000000003,92.14892578125,12.0,,,0,12.0,10.9,29.6
5,1,0.0,15.0,13.3,2.28025385392645,6.5,23.200000000000003,92.64892578125,12.0,,,0,12.0,10.9,29.6
5,1,0.0,15.0,13.3,2.28025385392645,6.5,23.200000000000003,93.14892578125,12.0,,,0,12.0,10.9,29.6
5,1,0.0,15.0,13.3,2.28025385392645,6.5,23.200000000000003,93.64892578125,12.0,,,0,12.0,10.9,29.6
5,1,0.0,15.0,13.3,2.28025385392645,6.5,23.200000000000003,94.14892578125,12.0,,,0,12.0,10.9,29.6
5,1,0.0,15.0,13.3,2.28025385392645,6.5,23.200000000000003,94.64892578125,12.0,,,0,12.0,10.9,29.6
5,1,0.0,15.0,13.3,2.28025385392645,6.5,23.200000000000003,95.14892578125,12.0,,,0,12.0,10.9,29.6
5,1,0.0,15.0,13.3,2.28025385392645,6.5,23.200000000000003,95.64892578125,12.0,,,0,12.0,10.9,29.6
5,1,0.0,15.0,13.3,2.28025385392645,6.5,23.200000000000003,96.14892578125,12.0,,,0,12.0,10.9,29.6
5,1,0.0,15.0,13.3,2.28025385392645,6.5,23.200000000000003,96.64892578125,12.0,,,0,12.0,10.9,29.6
5,1,0.0,15.0,13.3,2.28025385392645,6.5,23.200000000000003,97.14892578125,12.0,,,0,12.0,10.9,29.6
5,1,0.0,15.0,13.3,2.28025385392645,6.5,23.200000000000003,97.64892578125,12.0,,,0,12.0,10.9,29.6
5,1,0.0,15.0,13.3,2.28025385392645,6.5,23.200000000000003,98.14892578125,12.0,,,0,12.0,10.9,29.6
5,1,0.0,15.0,13.3,2.28025385392645,6.5,23.200000000000003,98.64892578125,12.0,,,0,12.0,10.9,29.6
5,1,0.0,15.0,13.3,2.28025385392645,6.5,23.200000000000003,99.14892578125,12.0,,,0,12.0,10.9,29.6
5,1,0.0,15.0,13.3,2.28025385392645,6.5,23.200000000000003,99.64892578125,12.0,,,0,12.0,10.9,29.6
5,1,0.0,15.0,13.3,2.28025385392645,6.5,23.200000000000003,100.14892578125,12.0,,,0,12.0,10.9,29.6
5,1,0.0,15.0,13.3,2.28025385392645,6.5,23.200000000000003,100.64892578125,0.0,,,0,12.0,10.9,29.6
5,1,0.0,15.0,13.3,2.28025385392645,6.5,23.200000000000003,101.14892578125,12.0,,,0,12.0,10.9,29.6
5,1,0.0,15.0,13.3,2.28025385392645,6.5,23.200000000000003,101.64892578125,12.0,,,0,12.0,10.9,29.6
5,1,0.0,15.0,13.3,2.28025385392645,6.5,23.200000000000003,102.14892578125,12.0,,,0,12.0,10.9,29.6
5,1,0.0,15.0,13.3,2.28025385392645,6.5,23.200000000000003,102.64892578125,12.0,,,0,12.0,10.9,29.6
5,1,0.0,15.0,13.3,2.28025385392645,6.5,23.200000000000003,103.14892578125,12.0,,,0,12.0,10.9,29.6
5,1,0.0,15.0,13.3,2.28025385392645,6.5,23.200000000000003,103.64892578125,12.0,,,0,12.0,10.9,29.6
5,1,0.0,15.0,13.3,2.28025385392645,6.5,23.200000000000003,104.14892578125,12.0,,,0,12.0,10.9,29.6
5,1,0.0,15.0,13.3,2.28025385392645,6.5,23.200000000000003,104.64892578125,12.0,,,0,12.0,10.9,29.6
5,1,0.0,15.0,13.3,2.28025385392645,6.5,23.200000000000003,105.14892578125,12.0,,,0,12.0,10.9,29.6
5,1,0.0,15.0,13.3,2.28025385392645,6.5,23.200000000000003,105.64892578125,12.0,,,0,12.0,10.9,29.6
5,1,0.0,15.0,13.3,2.28025385392645,6.5,23.200000000000003,106.14892578125,12.0,,,0,12.0,10.9,29.6
5,1,0.0,15.0,13.3,2.28025385392645,6.5,23.200000000000003,106.64892578125,12.0,,,0,12.0,10.9,29.6
5,1,0.0,15.0,13.3,2.28025385392645,6.5,23.200000000000003,107.14892578125,12.0,,,0,12.0,10.9,29.6
5,1,0.0,15.0,13.3,2.28025385392645,6.5,23.200000000000003,107.64892578125,12.0,,,0,12.0,10.9,29.6
5,1,0.0,15.0,13.3,2.28025385392645,6.5,23.200000000000003,108.14892578125,12.0,,,0,12.0,10.9,29.6
5,1,0.0,15.0,13.3,2.28025385392645,6.5,23.200000000000003,108.64892578125,12.0,,,0,12.0,10.9,29.6
5,1,0.0,15.0,13.3,2.28025385392645,6.5,23.200000000000003,109.14892578125,12.0,,,0,12.0,10.9,29.6
5,1,0.0,15.0,13.3,2.28025385392645,6.5,23.200000000000003,109.64892578125,0.0,,,0,12.0,10.9,29.6
5,1,0.0,15.0,13.3,2.28025385392645,6.5,23.200000000000003,110.14892578125,12.0,,,0,12.0,10.9,29.6
5,1,0.0,15.0,13.3,2.28025385392645,6.5,23.200000000000003,110.64892578125,12.0,,,0,12.0,10.9,29.6
5,1,0.0,15.0,13.3,2.28025385392645,6.5,23.200000000000003,111.14892578125,12.0,,,0,12.0,10.9,29.6
5,1,0.0,15.0,13.3,2.28025385392645,6.5,23.200000000000003,111.64892578125,12.0,,,0,12.0,10.9,29.6
5,1,0.0,15.0,13.3,2.28025385392645,6.5,23.200000000000003,112.14892578125,12.0,,,0,12.0,10.9,29.6
5,1,0.0,15.0,13.3,2.28025385392645,6.5,23.200000000000003,112.64892578125,12.0,,,0,12.0,10.9,29.6
5,1,0.0,15.0,13.3,2.28025385392645,6.5,23.200000000000003,113.14892578125,12.0,,,0,12.0,10.9,29.6
5,1,0.0,15.0,13.3,2.28025385392645,6.5,23.200000000000003,113.64892578125,12.0,,,0,12.0,10.9,29.6
5,1,0.0,15.0,13.3,2.28025385392645,6.5,23.200000000000003,114.14892578125,12.0,,,0,12.0,10.9,29.6
5,1,0.0,15.0,13.3,2.28025385392645,6.5,23.200000000000003,114.64892578125,12.0,,,0,12.0,10.9,29.6
5,1,0.0,15.0,13.3,2.28025385392645,6.5,23.200000000000003,115.14892578125,0.0,,,0,12.0,10.9,29.6
5,1,0.0,15.0,13.3,2.28025385392645,6.5,23.200000000000003,115.64892578125,12.0,,,0,12.0,10.9,29.6
5,1,0.0,15.0,13.3,2.28025385392645,6.5,23.200000000000003,116.14892578125,12.0,,,0,12.0,10.9,29.6
5,1,0.0,15.0,13.3,2.28025385392645,6.5,23.200000000000003,116.64892578125,12.0,,,0,12.0,10.9,29.6
5,1,0.0,15.0,13.3,2.28025385392645,6.5,23.200000000000003,117.14892578125,12.0,,,0,12.0,10.9,29.6
5,1,0.0,15.0,13.3,2.28025385392645,6.5,23.200000000000003,117.64892578125,12.0,,,0,12.0,10.9,29.6
5,1,0.0,15.0,13.3,2.28025385392645,6.5,23.200000000000003,118.14892578125,0.0,,,0,12.0,10.9,29.6
5,1,0.0,15.0,13.3,2.28025385392645,6.5,23.200000000000003,118.64892578125,12.0,,,0,12.0,10.9,29.6
5,1,0.0,15.0,13.3,2.28025385392645,6.5,23.200000000000003,119.14892578125,12.0,,,0,12.0,10.9,29.6
5,1,0.0,15.0,13.3,2.28025385392645,6.5,23.200000000000003,119.64892578125,12.0,,,0,12.0,10.9,29.6
5,1,0.0,15.0,13.3,2.28025385392645,6.5,23.200000000000003,120.14892578125,0.0,,,0,12.0,10.9,29.6
5,1,0.0,15.0,13.3,2.28025385392645,6.5,23.200000000000003,120.64892578125,12.0,,,0,12.0,10.9,29.6
5,1,0.0,15.0,13.3,2.28025385392645,6.5,23.200000000000003,121.14892578125,12.0,,,0,12.0,10.9,29.6
5,1,0.0,15.0,13.3,2.28025385392645,6.5,23.200000000000003,121.64892578125,12.0,,,0,12.0,10.9,29.6
5,1,0.0,15.0,13.3,2.28025385392645,6.5,23.200000000000003,122.14892578125,12.0,,,0,12.0,10.9,29.6
5,1,0.0,15.0,13.3,2.28025385392645,6.5,23.200000000000003,122.64892578125,12.0,,,0,12.0,10.9,29.6
5,1,0.0,15.0,13.3,2.28025385392645,6.5,23.200000000000003,123.14892578125,12.0,,,0,12.0,10.9,29.6
5,1,0.0,15.0,13.3,2.28025385392645,6.5,23.200000000000003,123.64892578125,12.0,,,0,12.0,10.9,29.6
5,1,0.0,15.0,13.3,2.28025385392645,6.5,23.200000000000003,124.14892578125,12.0,,,0,12.0,10.9,29.6
5,1,0.0,15.0,13.3,2.28025385392645,6.5,23.200000000000003,124.64892578125,12.0,,,0,12.0,10.9,29.6
5,1,0.0,15.0,13.3,2.28025385392645,6.5,23.200000000000003,125.14892578125,12.0,,,0,12.0,10.9,29.6
5,1,0.0,15.0,13.3,2.28025385392645,6.5,23.200000000000003,125.64892578125,12.0,,,0,12.0,10.9,29.6
5,1,0.0,15.0,13.3,2.28025385392645,6.5,23.200000000000003,126.14892578125,12.0,,,0,12.0,10.9,29.6
5,1,0.0,15.0,13.3,2.28025385392645,6.5,23.200000000000003,126.64892578125,12.0,,,0,12.0,10.9,29.6
5,1,0.0,15.0,13.3,2.28025385392645,6.5,23.200000000000003,127.14892578125,12.0,,,0,12.0,10.9,29.6
5,1,0.0,15.0,13.3,2.28025385392645,6.5,23.200000000000003,127.64892578125,12.0,,,0,12.0,10.9,29.6
5,1,0.0,15.0,13.3,2.28025385392645,6.5,23.200000000000003,128.14892578125,12.0,,,0,12.0,10.9,29.6
5,1,0.0,15.0,13.3,2.28025385392645,6.5,23.200000000000003,128.64892578125,12.0,,,0,12.0,10.9,29.6
5,1,0.0,15.0,13.3,2.28025385392645,6.5,23.200000000000003,129.14892578125,12.0,,,0,12.0,10.9,29.6
5,1,0.0,15.0,13.3,2.28025385392645,6.5,23.200000000000003,129.64892578125,12.0,,,0,12.0,10.9,29.6
5,1,0.0,15.0,13.3,2.28025385392645,6.5,23.200000000000003,130.14892578125,12.0,,,0,12.0,10.9,29.6
5,1,0.0,15.0,13.3,2.28025385392645,6.5,23.200000000000003,130.64892578125,12.0,,,0,12.0,10.9,29.6
5,1,0.0,15.0,13.3,2.28025385392645,6.5,23.200000000000003,131.14892578125,12.0,,,0,12.0,10.9,29.6
5,1,0.0,15.0,13.3,2.28025385392645,6.5,23.200000000000003,131.64892578125,0.0,,,0,12.0,10.9,29.6
5,1,0.0,15.0,13.3,2.28025385392645,6.5,23.200000000000003,132.14892578125,0.0,,,0,12.0,10.9,29.6
5,1,0.0,15.0,13.3,2.28025385392645,6.5,23.200000000000003,132.64892578125,12.0,,,0,12.0,10.9,29.6
5,1,0.0,15.0,13.3,2.28025385392645,6.5,23.200000000000003,133.14892578125,12.0,,,0,12.0,10.9,29.6
5,1,0.0,15.0,13.3,2.28025385392645,6.5,23.200000000000003,133.64892578125,12.0,,,0,12.0,10.9,29.6
5,1,0.0,15.0,13.3,2.28025385392645,6.5,23.200000000000003,134.14892578125,12.0,,,0,12.0,10.9,29.6
5,1,0.0,15.0,13.3,2.28025385392645,6.5,23.200000000000003,134.64892578125,12.0,,,0,12.0,10.9,29.6
5,1,0.0,15.0,13.3,2.28025385392645,6.5,23.200000000000003,135.14892578125,12.0,,,0,12.0,10.9,29.6
5,1,0.0,15.0,13.3,2.28025385392645,6.5,23.200000000000003,135.64892578125,12.0,,,0,12.0,10.9,29.6
5,1,0.0,15.0,13.3,2.28025385392645,6.5,23.200000000000003,136.14892578125,12.0,,,0,12.0,10.9,29.6
5,1,0.0,15.0,13.3,2.28025385392645,6.5,23.200000000000003,136.64892578125,12.0,,,0,12.0,10.9,29.6
5,1,0.0,15.0,13.3,2.28025385392645,6.5,23.200000000000003,137.14892578125,12.0,,,0,12.0,10.9,29.6
5,1,0.0,15.0,13.3,2.28025385392645,6.5,23.200000000000003,137.64892578125,12.0,,,0,12.0,10.9,29.6
5,1,0.0,15.0,13.3,2.28025385392645,6.5,23.200000000000003,138.14892578125,12.0,,,0,12.0,10.9,29.6
5,1,0.0,15.0,13.3,2.28025385392645,6.5,23.200000000000003,138.64892578125,0.0,,,0,12.0,10.9,29.6
5,1,0.0,15.0,13.3,2.28025385392645,6.5,23.200000000000003,139.14892578125,12.0,,,0,12.0,10.9,29.6
5,1,0.0,15.0,13.3,2.28025385392645,6.5,23.200000000000003,139.64892578125,12.0,,,0,12.0,10.9,29.6
5,1,0.0,15.0,13.3,2.28025385392645,6.5,23.200000000000003,140.14892578125,12.0,,,0,12.0,10.9,29.6
5,1,0.0,15.0,13.3,2.28025385392645,6.5,23.200000000000003,140.64892578125,12.0,,,0,12.0,10.9,29.6
5,1,0.0,15.0,13.3,2.28025385392645,6.5,23.200000000000003,141.14892578125,12.0,,,0,12.0,10.9,29.6
5,1,0.0,15.0,13.3,2.28025385392645,6.5,23.200000000000003,141.64892578125,12.0,,,0,12.0,10.9,29.6
5,1,0.0,15.0,13.3,2.28025385392645,6.5,23.200000000000003,142.14892578125,12.0,,,0,12.0,10.9,29.6
5,1,0.0,15.0,13.3,2.28025385392645,6.5,23.200000000000003,142.64892578125,12.0,,,0,12.0,10.9,29.6
5,1,0.0,15.0,13.3,2.28025385392645,6.5,23.200000000000003,143.14892578125,12.0,,,0,12.0,10.9,29.6
5,1,0.0,15.0,13.3,2.28025385392645,6.5,23.200000000000003,143.64892578125,12.0,,,0,12.0,10.9,29.6
5,1,0.0,15.0,13.3,2.28025385392645,6.5,23.200000000000003,144.14892578125,12.0,,,0,12.0,10.9,29.6
5,1,0.0,15.0,13.3,2.28025385392645,6.5,23.200000000000003,144.64892578125,12.0,,,0,12.0,10.9,29.6
5,1,0.0,15.0,13.3,2.28025385392645,6.5,23.200000000000003,145.14892578125,12.0,,,0,12.0,10.9,29.6
5,1,0.0,15.0,13.3,2.28025385392645,6.5,23.200000000000003,145.64892578125,12.0,,,0,12.0,10.9,29.6
5,1,0.0,15.0,13.3,2.28025385392645,6.5,23.200000000000003,146.14892578125,12.0,,,0,12.0,10.9,29.6
5,1,0.0,15.0,13.3,2.28025385392645,6.5,23.200000000000003,146.64892578125,12.0,,,0,12.0,10.9,29.6
5,1,0.0,15.0,13.3,2.28025385392645,6.5,23.200000000000003,147.14892578125,12.0,,,0,12.0,10.9,29.6
5,1,0.0,15.0,13.3,2.28025385392645,6.5,23.200000000000003,147.64892578125,12.0,,,0,12.0,10.9,29.6
5,1,0.0,15.0,13.3,2.28025385392645,6.5,23.200000000000003,148.14892578125,12.0,,,0,12.0,10.9,29.6
5,1,0.0,15.0,13.3,2.28025385392645,6.5,23.200000000000003,148.64892578125,12.0,,,0,12.0,10.9,29.6
5,1,0.0,15.0,13.3,2.28025385392645,6.5,23.200000000000003,149.14892578125,12.0,,,0,12.0,10.9,29.6
5,1,0.0,15.0,13.3,2.28025385392645,6.5,23.200000000000003,149.64892578125,12.0,,,0,12.0,10.9,29.6
5,1,0.0,15.0,13.3,2.28025385392645,6.5,23.200000000000003,150.14892578125,12.0,,,0,12.0,10.9,29.6
5,1,0.0,15.0,13.3,2.28025385392645,6.5,23.200000000000003,150.64892578125,12.0,,,0,12.0,10.9,29.6
5,1,0.0,15.0,13.3,2.28025385392645,6.5,23.200000000000003,151.14892578125,12.0,,,0,12.0,10.9,29.6
5,1,0.0,15.0,13.3,2.28025385392645,6.5,23.200000000000003,151.64892578125,12.0,,,0,12.0,10.9,29.6
5,1,0.0,15.0,13.3,2.28025385392645,6.5,23.200000000000003,152.14892578125,12.0,,,0,12.0,10.9,29.6
5,1,0.0,15.0,13.3,2.28025385392645,6.5,23.200000000000003,152.64892578125,12.0,,,0,12.0,10.9,29.6
5,1,0.0,15.0,13.3,2.28025385392645,6.5,23.200000000000003,153.14892578125,12.0,,,0,12.0,10.9,29.6
5,1,0.0,15.0,13.3,2.28025385392645,6.5,23.200000000000003,153.64892578125,12.0,,,0,12.0,10.9,29.6
5,1,0.0,15.0,13.3,2.28025385392645,6.5,23.200000000000003,154.14892578125,12.0,,,0,12.0,10.9,29.6
5,1,0.0,15.0,13.3,2.28025385392645,6.5,23.200000000000003,154.64892578125,12.0,,,0,12.0,10.9,29.6
5,1,0.0,15.0,13.3,2.28025385392645,6.5,23.200000000000003,155.14892578125,12.0,,,0,12.0,10.9,29.6
5,1,0.0,15.0,13.3,2.28025385392645,6.5,23.200000000000003,155.64892578125,12.0,,,0,12.0,10.9,29.6
5,1,0.0,15.0,13.3,2.28025385392645,6.5,23.200000000000003,156.14892578125,12.0,,,0,12.0,10.9,29.6
5,1,0.0,15.0,13.3,2.28025385392645,6.5,23.200000000000003,156.64892578125,12.0,,,0,12.0,10.9,29.6
5,1,0.0,15.0,13.3,2.28025385392645,6.5,23.200000000000003,157.14892578125,12.0,,,0,12.0,10.9,29.6
5,1,0.0,15.0,13.3,2.28025385392645,6.5,23.200000000000003,157.64892578125,12.0,,,0,12.0,10.9,29.6
5,1,0.0,15.0,13.3,2.28025385392645,6.5,23.200000000000003,158.14892578125,12.0,,,0,12.0,10.9,29.6
5,1,0.0,15.0,13.3,2.28025385392645,6.5,23.200000000000003,158.64892578125,12.0,,,0,12.0,10.9,29.6
5,1,0.0,15.0,13.3,2.28025385392645,6.5,23.200000000000003,159.14892578125,12.0,,,0,12.0,10.9,29.6
5,1,0.0,15.0,13.3,2.28025385392645,6.5,23.200000000000003,159.64892578125,0.0,,,0,12.0,10.9,29.6
5,1,0.0,15.0,13.3,2.28025385392645,6.5,23.200000000000003,160.14892578125,12.0,,,0,12.0,10.9,29.6
5,1,0.0,15.0,13.3,2.28025385392645,6.5,23.200000000000003,160.64892578125,12.0,,,0,12.0,10.9,29.6
5,1,0.0,15.0,13.3,2.28025385392645,6.5,23.200000000000003,161.14892578125,12.0,,,0,12.0,10.9,29.6
5,1,0.0,15.0,13.3,2.28025385392645,6.5,23.200000000000003,161.64892578125,12.0,,,0,12.0,10.9,29.6
5,1,0.0,15.0,13.3,2.28025385392645,6.5,23.200000000000003,162.14892578125,12.0,,,0,12.0,10.9,29.6
5,1,0.0,15.0,13.3,2.28025385392645,6.5,23.200000000000003,162.64892578125,12.0,,,0,12.0,10.9,29.6
5,1,0.0,15.0,13.3,2.28025385392645,6.5,23.200000000000003,163.14892578125,12.0,,,0,12.0,10.9,29.6
5,1,0.0,15.0,13.3,2.28025385392645,6.5,23.200000000000003,163.64892578125,0.0,,,0,12.0,10.9,29.6
5,1,0.0,15.0,13.3,2.28025385392645,6.5,23.200000000000003,164.14892578125,12.0,,,0,12.0,10.9,29.6
5,1,0.0,15.0,13.3,2.28025385392645,6.5,23.200000000000003,164.64892578125,12.0,,,0,12.0,10.9,29.6
5,1,0.0,15.0,13.3,2.28025385392645,6.5,23.200000000000003,165.14892578125,12.0,,,0,12.0,10.9,29.6
5,1,0.0,15.0,13.3,2.28025385392645,6.5,23.200000000000003,165.64892578125,12.0,,,0,12.0,10.9,29.6
5,1,0.0,15.0,13.3,2.28025385392645,6.5,23.200000000000003,166.14892578125,0.0,,,0,12.0,10.9,29.6
5,1,0.0,15.0,13.3,2.28025385392645,6.5,23.200000000000003,166.64892578125,12.0,,,0,12.0,10.9,29.6
5,1,0.0,15.0,13.3,2.28025385392645,6.5,23.200000000000003,167.14892578125,12.0,,,0,12.0,10.9,29.6
5,1,0.0,15.0,13.3,2.28025385392645,6.5,23.200000000000003,167.64892578125,12.0,,,0,12.0,10.9,29.6
5,1,0.0,15.0,13.3,2.28025385392645,6.5,23.200000000000003,168.14892578125,12.0,,,0,12.0,10.9,29.6
5,1,0.0,15.0,13.3,2.28025385392645,6.5,23.200000000000003,168.64892578125,12.0,,,0,12.0,10.9,29.6
5,1,0.0,15.0,13.3,2.28025385392645,6.5,23.200000000000003,169.14892578125,12.0,,,0,12.0,10.9,29.6
5,1,0.0,15.0,13.3,2.28025385392645,6.5,23.200000000000003,169.64892578125,12.0,,,0,12.0,10.9,29.6
5,1,0.0,15.0,13.3,2.28025385392645,6.5,23.200000000000003,170.14892578125,12.0,,,0,12.0,10.9,29.6
5,1,0.0,15.0,13.3,2.28025385392645,6.5,23.200000000000003,170.64892578125,12.0,,,0,12.0,10.9,29.6
5,1,0.0,15.0,13.3,2.28025385392645,6.5,23.200000000000003,171.14892578125,12.0,,,0,12.0,10.9,29.6
5,1,0.0,15.0,13.3,2.28025385392645,6.5,23.200000000000003,171.64892578125,12.0,,,0,12.0,10.9,29.6
5,1,0.0,15.0,13.3,2.28025385392645,6.5,23.200000000000003,172.14892578125,12.0,,,0,12.0,10.9,29.6
5,1,0.0,15.0,13.3,2.28025385392645,6.5,23.200000000000003,172.64892578125,12.0,,,0,12.0,10.9,29.6
5,1,0.0,15.0,13.3,2.28025385392645,6.5,23.200000000000003,173.14892578125,12.0,,,0,12.0,10.9,29.6
5,1,0.0,15.0,13.3,2.28025385392645,6.5,23.200000000000003,173.64892578125,12.0,,,0,12.0,10.9,29.6
5,1,0.0,15.0,13.3,2.28025385392645,6.5,23.200000000000003,174.14892578125,12.0,,,0,12.0,10.9,29.6
5,1,0.0,15.0,13.3,2.28025385392645,6.5,23.200000000000003,174.64892578125,12.0,,,0,12.0,10.9,29.6
5,1,0.0,15.0,13.3,2.28025385392645,6.5,23.200000000000003,175.14892578125,12.0,,,0,12.0,10.9,29.6
5,1,0.0,15.0,13.3,2.28025385392645,6.5,23.200000000000003,175.64892578125,12.0,,,0,12.0,10.9,29.6
5,1,0.0,15.0,13.3,2.28025385392645,6.5,23.200000000000003,176.14892578125,12.0,,,0,12.0,10.9,29.6
5,1,0.0,15.0,13.3,2.28025385392645,6.5,23.200000000000003,176.64892578125,12.0,,,0,12.0,10.9,29.6
5,1,0.0,15.0,13.3,2.28025385392645,6.5,23.200000000000003,177.14892578125,12.0,,,0,12.0,10.9,29.6
5,1,0.0,15.0,13.3,2.28025385392645,6.5,23.200000000000003,177.64892578125,12.0,,,0,12.0,10.9,29.6
5,1,0.0,15.0,13.3,2.28025385392645,6.5,23.200000000000003,178.14892578125,12.0,,,0,12.0,10.9,29.6
5,1,0.0,15.0,13.3,2.28025385392645,6.5,23.200000000000003,178.64892578125,12.0,,,0,12.0,10.9,29.6
5,1,0.0,15.0,13.3,2.28025385392645,6.5,23.200000000000003,179.14892578125,12.0,,,0,12.0,10.9,29.6
5,1,0.0,15.0,13.3,2.28025385392645,6.5,23.200000000000003,179.64892578125,12.0,,,0,12.0,10.9,29.6
5,1,0.0,15.0,13.3,2.28025385392645,6.5,23.200000000000003,180.14892578125,12.0,,,0,12.0,10.9,29.6
5,1,0.0,15.0,13.3,2.28025385392645,6.5,23.200000000000003,180.64892578125,12.0,,,0,12.0,10.9,29.6
5,1,0.0,15.0,13.3,2.28025385392645,6.5,23.200000000000003,181.14892578125,12.0,,,0,12.0,10.9,29.6
5,1,0.0,15.0,13.3,2.28025385392645,6.5,23.200000000000003,181.64892578125,12.0,,,0,12.0,10.9,29.6
5,1,0.0,15.0,13.3,2.28025385392645,6.5,23.200000000000003,182.14892578125,12.0,,,0,12.0,10.9,29.6
5,1,0.0,15.0,13.3,2.28025385392645,6.5,23.200000000000003,182.64892578125,12.0,,,0,12.0,10.9,29.6
5,1,0.0,15.0,13.3,2.28025385392645,6.5,23.200000000000003,183.14892578125,12.0,,,0,12.0,10.9,29.6
5,1,0.0,15.0,13.3,2.28025385392645,6.5,23.200000000000003,183.64892578125,0.0,,,0,12.0,10.9,29.6
5,1,0.0,15.0,13.3,2.28025385392645,6.5,23.200000000000003,184.14892578125,12.0,,,0,12.0,10.9,29.6
5,1,0.0,15.0,13.3,2.28025385392645,6.5,23.200000000000003,184.64892578125,12.0,,,0,12.0,10.9,29.6
5,1,0.0,15.0,13.3,2.28025385392645,6.5,23.200000000000003,185.14892578125,0.0,,,0,12.0,10.9,29.6
5,1,0.0,15.0,13.3,2.28025385392645,6.5,23.200000000000003,185.64892578125,12.0,,,0,12.0,10.9,29.6
5,1,0.0,15.0,13.3,2.28025385392645,6.5,23.200000000000003,186.14892578125,12.0,,,0,12.0,10.9,29.6
5,1,0.0,15.0,13.3,2.28025385392645,6.5,23.200000000000003,186.64892578125,12.0,,,0,12.0,10.9,29.6
5,1,0.0,15.0,13.3,2.28025385392645,6.5,23.200000000000003,187.14892578125,12.0,,,0,12.0,10.9,29.6
5,1,0.0,15.0,13.3,2.28025385392645,6.5,23.200000000000003,187.64892578125,12.0,,,0,12.0,10.9,29.6
5,1,0.0,15.0,13.3,2.28025385392645,6.5,23.200000000000003,188.14892578125,12.0,,,0,12.0,10.9,29.6
5,1,0.0,15.0,13.3,2.28025385392645,6.5,23.200000000000003,188.64892578125,12.0,,,0,12.0,10.9,29.6
5,1,0.0,15.0,13.3,2.28025385392645,6.5,23.200000000000003,189.14892578125,12.0,,,0,12.0,10.9,29.6
5,1,0.0,15.0,13.3,2.28025385392645,6.5,23.200000000000003,189.64892578125,12.0,,,0,12.0,10.9,29.6
5,1,0.0,15.0,13.3,2.28025385392645,6.5,23.200000000000003,190.14892578125,12.0,,,0,12.0,10.9,29.6
5,1,0.0,15.0,13.3,2.28025385392645,6.5,23.200000000000003,190.64892578125,12.0,,,0,12.0,10.9,29.6
5,1,0.0,15.0,13.3,2.28025385392645,6.5,23.200000000000003,191.14892578125,12.0,,,0,12.0,10.9,29.6
5,1,0.0,15.0,13.3,2.28025385392645,6.5,23.200000000000003,191.64892578125,12.0,,,0,12.0,10.9,29.6
5,1,0.0,15.0,13.3,2.28025385392645,6.5,23.200000000000003,192.14892578125,12.0,,,0,12.0,10.9,29.6
5,1,0.0,15.0,13.3,2.28025385392645,6.5,23.200000000000003,192.64892578125,12.0,,,0,12.0,10.9,29.6
5,1,0.0,15.0,13.3,2.28025385392645,6.5,23.200000000000003,193.14892578125,0.0,,,0,12.0,10.9,29.6
5,1,0.0,15.0,13.3,2.28025385392645,6.5,23.200000000000003,193.64892578125,12.0,,,0,12.0,10.9,29.6
5,1,0.0,15.0,13.3,2.28025385392645,6.5,23.200000000000003,194.14892578125,12.0,,,0,12.0,10.9,29.6
5,1,0.0,15.0,13.3,2.28025385392645,6.5,23.200000000000003,194.64892578125,12.0,,,0,12.0,10.9,29.6
5,1,0.0,15.0,13.3,2.28025385392645,6.5,23.200000000000003,195.14892578125,12.0,,,0,12.0,10.9,29.6
5,1,0.0,15.0,13.3,2.28025385392645,6.5,23.200000000000003,195.64892578125,0.0,,,0,12.0,10.9,29.6
5,1,0.0,15.0,13.3,2.28025385392645,6.5,23.200000000000003,196.14892578125,12.0,,,0,12.0,10.9,29.6
5,1,0.0,15.0,13.3,2.28025385392645,6.5,23.200000000000003,196.64892578125,12.0,,,0,12.0,10.9,29.6
5,1,0.0,15.0,13.3,2.28025385392645,6.5,23.200000000000003,197.14892578125,0.0,,,0,11.819536209106445,10.9,29.6
5,1,0.0,15.0,13.3,2.28025385392645,6.5,23.200000000000003,197.64892578125,11.504526138305664,4.046143531799316,9.814934730529785,1,11.49489688873291,10.9,29.6
5,1,0.0,15.0,13.3,2.28025385392645,6.5,23.200000000000003,198.14892578125,11.19807243347168,4.368180274963379,9.814934730529785,1,11.188443183898926,10.9,29.6
5,1,0.0,15.0,13.3,2.28025385392645,6.5,23.200000000000003,198.64892578125,10.908343315124512,4.6735148429870605,9.814934730529785,1,10.898714065551758,10.9,29.6
5,1,0.0,15.0,13.3,2.28025385392645,6.5,23.200000000000003,199.14892578125,10.634029388427734,4.963456630706787,9.814934730529785,1,10.62440013885498,10.9,29.6
5,1,0.0,15.0,13.3,2.28025385392645,6.5,23.200000000000003,199.64892578125,10.373954772949219,5.239181995391846,9.814934730529785,1,10.364325523376465,10.9,29.6
5,1,0.0,15.0,13.3,2.28025385392645,6.5,23.200000000000003,200.14892578125,10.127060890197754,5.501750469207764,9.814934730529785,1,10.117431640625,10.9,29.6
5,1,0.0,15.0,13.3,2.28025385392645,6.5,23.200000000000003,200.64892578125,9.892391204833984,5.7521185874938965,9.814934730529785,1,9.88276195526123,10.9,29.6
5,1,0.0,15.0,13.3,2.28025385392645,6.5,23.200000000000003,201.14892578125,9.669079780578613,5.991153717041016,9.814934730529785,1,9.65945053100586,10.9,29.6
5,1,0.0,15.0,13.3,2.28025385392645,6.5,23.200000000000003,201.64892578125,9.456340789794922,6.219642162322998,9.814934730529785,1,9.446711540222168,10.9,29.6
5,1,0.0,15.0,13.3,2.28025385392645,6.5,23.200000000000003,202.14892578125,12.0,,,0,12.0,10.9,29.6
5,1,0.0,15.0,13.3,2.28025385392645,6.5,23.200000000000003,202.64892578125,0.0,,,0,12.0,10.9,29.6
5,1,0.0,15.0,13.3,2.28025385392645,6.5,23.200000000000003,203.14892578125,8.87471866607666,6.848672866821289,9.814934730529785,1,8.865089416503906,10.9,29.6
5,1,0.0,15.0,13.3,2.28025385392645,6.5,23.200000000000003,203.64892578125,8.697718620300293,7.041531562805176,9.814934730529785,1,8.688089370727539,10.9,29.6
5,1,0.0,15.0,13.3,2.28025385392645,6.5,23.200000000000003,204.14892578125,8.528285026550293,7.226852893829346,9.814934730529785,1,8.518655776977539,10.9,29.6
5,1,0.0,15.0,13.3,2.28025385392645,6.5,23.200000000000003,204.64892578125,0.0,,,0,8.356328010559082,10.9,29.6
5,1,0.0,15.0,13.3,2.28025385392645,6.5,23.200000000000003,205.14892578125,8.210312843322754,7.576689720153809,9.814934730529785,1,8.20068359375,10.9,29.6
5,1,0.0,15.0,13.3,2.28025385392645,6.5,23.200000000000003,205.64892578125,8.060962677001953,7.742018699645996,9.814934730529785,1,8.0513334274292,10.9,29.6
5,1,0.0,15.0,13.3,2.28025385392645,6.5,23.200000000000003,206.14892578125,7.917546272277832,7.901445388793945,9.814934730529785,1,7.907917022705078,10.9,29.6
5,1,0.0,15.0,13.3,2.28025385392645,6.5,23.200000000000003,206.64892578125,7.779731273651123,8.055303573608398,9.814934730529785,1,7.770102024078369,10.9,29.6
5,1,0.0,15.0,13.3,2.28025385392645,6.5,23.200000000000003,207.14892578125,7.647209167480469,8.203901290893555,9.814934730529785,1,7.637579917907715,10.9,29.6
5,1,0.0,15.0,13.3,2.28025385392645,6.5,23.200000000000003,207.64892578125,0.0,,,0,7.510065078735352,10.9,29.6
5,1,0.0,15.0,13.3,2.28025385392645,6.5,23.200000000000003,208.14892578125,7.396920680999756,8.486445426940918,9.814934730529785,1,7.387291431427002,10.9,29.6
5,1,0.0,15.0,13.3,2.28025385392645,6.5,23.200000000000003,208.64892578125,7.278641223907471,8.620904922485352,9.814934730529785,1,7.269011974334717,10.9,29.6
5,1,0.0,15.0,13.3,2.28025385392645,6.5,23.200000000000003,209.14892578125,7.164625644683838,8.75113582611084,9.814934730529785,1,7.154996395111084,10.9,29.6
5,1,0.0,15.0,13.3,2.28025385392645,6.5,23.200000000000003,209.64892578125,0.0,,,0,7.0450310707092285,10.9,29.6
5,1,0.0,15.0,13.3,2.28025385392645,6.5,23.200000000000003,210.14892578125,6.948544025421143,8.999761581420898,9.814934730529785,1,6.938914775848389,10.9,29.6
5,1,0.0,15.0,13.3,2.28025385392645,6.5,23.200000000000003,210.64892578125,6.846090316772461,9.118544578552246,9.814934730529785,1,6.836461067199707,10.9,29.6
5,1,0.0,15.0,13.3,2.28025385392645,6.5,23.200000000000003,211.14892578125,6.7471232414245605,9.233879089355469,9.814934730529785,1,6.737493991851807,10.9,29.6
5,1,0.0,15.0,13.3,2.28025385392645,6.5,23.200000000000003,211.64892578125,6.651479244232178,9.345931053161621,9.814934730529785,1,6.641849994659424,10.9,29.6
5,1,0.0,15.0,13.3,2.28025385392645,6.5,23.200000000000003,212.14892578125,6.559004783630371,9.454854011535645,9.814934730529785,1,6.549375534057617,10.9,29.6
5,1,0.0,15.0,13.3,2.28025385392645,6.5,23.200000000000003,212.64892578125,0.0,,,0,6.459925651550293,10.9,29.6
5,1,0.0,15.0,13.3,2.28025385392645,6.5,23.200000000000003,213.14892578125,6.382994651794434,9.663886070251465,9.814934730529785,1,6.37336540222168,10.9,29.6
5,1,0.0,15.0,13.3,2.28025385392645,6.5,23.200000000000003,213.64892578125,6.299195766448975,9.764260292053223,9.814934730529785,1,6.289566516876221,10.9,29.6
5,1,0.0,15.0,13.3,2.28025385392645,6.5,23.200000000000003,214.14892578125,6.218039035797119,9.862035751342773,9.814934730529785,1,6.208409786224365,10.9,29.6
5,1,0.0,15.0,13.3,2.28025385392645,6.5,23.200000000000003,214.64892578125,6.139410495758057,9.957327842712402,9.814934730529785,1,6.129781246185303,10.9,29.6
5,1,0.0,15.0,13.3,2.28025385392645,6.5,23.200000000000003,215.14892578125,6.063203811645508,10.050243377685547,9.814934730529785,1,6.053574562072754,10.9,29.6
5,1,0.0,15.0,13.3,2.28025385392645,6.5,23.200000000000003,215.64892578125,5.98931884765625,10.140883445739746,9.814934730529785,1,5.979689598083496,10.9,29.6
5,1,0.0,15.0,13.3,2.28025385392645,6.5,23.200000000000003,216.14892578125,5.917659759521484,10.229345321655273,9.814934730529785,1,5.9080305099487305,10.9,29.6
5,1,0.0,15.0,13.3,2.28025385392645,6.5,23.200000000000003,216.64892578125,5.848137378692627,10.315717697143555,9.814934730529785,1,5.838508129119873,10.9,29.6
5,1,0.0,15.0,13.3,2.28025385392645,6.5,23.200000000000003,217.14892578125,5.780666828155518,10.400087356567383,9.814934730529785,1,5.771037578582764,10.9,29.6
5,1,0.0,15.0,13.3,2.28025385392645,6.5,23.200000000000003,217.64892578125,5.715167045593262,10.482535362243652,9.814934730529785,1,5.705537796020508,10.9,29.6
5,1,0.0,15.0,13.3,2.28025385392645,6.5,23.200000000000003,218.14892578125,5.651562213897705,10.563138961791992,9.814934730529785,1,5.641932964324951,10.9,29.6
5,1,0.0,15.0,13.3,2.28025385392645,6.5,23.200000000000003,218.64892578125,5.589780330657959,10.641971588134766,9.814934730529785,1,5.580151081085205,10.9,29.6
5,1,0.0,15.0,13.3,2.28025385392645,6.5,23.200000000000003,219.14892578125,5.529752731323242,10.719101905822754,9.814934730529785,1,5.520123481750488,10.9,29.6
5,1,0.0,15.0,13.3,2.28025385392645,6.5,23.200000000000003,219.64892578125,5.471414089202881,10.794596672058105,9.814934730529785,1,5.461784839630127,10.9,29.6
5,1,0.0,15.0,13.3,2.28025385392645,6.5,23.200000000000003,220.14892578125,5.414703369140625,10.86851692199707,9.814934730529785,1,5.405074119567871,10.9,29.6
5,1,0.0,15.0,13.3,2.28025385392645,6.5,23.200000000000003,220.64892578125,5.359560966491699,10.940924644470215,9.814934730529785,1,5.349931716918945,10.9,29.6
5,1,0.0,15.0,13.3,2.28025385392645,6.5,23.200000000000003,221.14892578125,5.30593204498291,11.011874198913574,9.814934730529785,1,5.296302795410156,10.9,29.6
5,1,0.0,15.0,13.3,2.28025385392645,6.5,23.200000000000003,221.64892578125,0.0,,,0,5.244133472442627,10.9,29.6
5,1,0.0,15.0,13.3,2.28025385392645,6.5,23.200000000000003,222.14892578125,5.2030029296875,11.149616241455078,9.814934730529785,1,5.193373680114746,10.9,29.6
5,1,0.0,15.0,13.3,2.28025385392645,6.5,23.200000000000003,222.64892578125,5.153604030609131,11.216508865356445,9.814934730529785,1,5.143974781036377,10.9,29.6
5,1,0.0,15.0,13.3,2.28025385392645,6.5,23.200000000000003,223.14892578125,5.105520725250244,11.282146453857422,9.814934730529785,1,5.09589147567749,10.9,29.6
5,1,0.0,15.0,13.3,2.28025385392645,6.5,23.200000000000003,223.64892578125,5.058709144592285,11.346572875976562,9.814934730529785,1,5.049079895019531,10.9,29.6
5,1,0.0,15.0,13.3,2.28025385392645,6.5,23.200000000000003,224.14892578125,5.013126850128174,11.409831047058105,9.814934730529785,1,5.00349760055542,10.9,29.6
5,1,0.0,15.0,13.3,2.28025385392645,6.5,23.200000000000003,224.64892578125,4.9687347412109375,11.471961975097656,9.814934730529785,1,4.959105491638184,10.9,29.6
5,1,0.0,15.0,13.3,2.28025385392645,6.5,23.200000000000003,225.14892578125,4.92549467086792,11.533004760742188,9.814934730529785,1,4.915865421295166,10.9,29.6
5,1,0.0,15.0,13.3,2.28025385392645,6.5,23.200000000000003,225.64892578125,4.8833699226379395,11.592996597290039,9.814934730529785,1,4.8737406730651855,10.9,29.6
5,1,0.0,15.0,13.3,2.28025385392645,6.5,23.200000000000003,226.14892578125,4.842325687408447,11.651973724365234,9.814934730529785,1,4.832696437835693,10.9,29.6
5,1,0.0,15.0,13.3,2.28025385392645,6.5,23.200000000000003,226.64892578125,4.802329063415527,11.709970474243164,9.814934730529785,1,4.792699813842773,10.9,29.6
5,1,0.0,15.0,13.3,2.28025385392645,6.5,23.200000000000003,227.14892578125,4.76334810256958,11.767019271850586,9.814934730529785,1,4.753718852996826,10.9,29.6
5,1,0.0,15.0,13.3,2.28025385392645,6.5,23.200000000000003,227.64892578125,4.725352764129639,11.823150634765625,9.814934730529785,1,4.715723514556885,10.9,29.6
5,1,0.0,15.0,13.3,2.28025385392645,6.5,23.200000000000003,228.14892578125,4.688313007354736,11.878396987915039,9.814934730529785,1,4.678683757781982,10.9,29.6
5,1,0.0,15.0,13.3,2.28025385392645,6.5,23.200000000000003,228.64892578125,4.652201175689697,11.93278694152832,9.814934730529785,1,4.642571926116943,10.9,29.6
5,1,0.0,15.0,13.3,2.28025385392645,6.5,23.200000000000003,229.14892578125,4.61699104309082,11.986347198486328,9.814934730529785,1,4.607361793518066,10.9,29.6
5,1,0.0,15.0,13.3,2.28025385392645,6.5,23.200000000000003,229.64892578125,4.582656383514404,12.039104461669922,9.814934730529785,1,4.57302713394165,10.9,29.6
5,1,0.0,15.0,13.3,2.28025385392645,6.5,23.200000000000003,230.14892578125,4.549172878265381,12.091086387634277,9.814934730529785,1,4.539543628692627,10.9,29.6
5,1,0.0,15.0,13.3,2.28025385392645,6.5,23.200000000000003,230.64892578125,4.516517162322998,12.142315864562988,9.814934730529785,1,4.506887912750244,10.9,29.6
5,1,0.0,15.0,13.3,2.28025385392645,6.5,23.200000000000003,231.14892578125,4.484665870666504,12.192816734313965,9.814934730529785,1,4.47503662109375,10.9,29.6
5,1,0.0,15.0,13.3,2.28025385392645,6.5,23.200000000000003,231.64892578125,4.4535980224609375,12.242613792419434,9.814934730529785,1,4.443968772888184,10.9,29.6
5,1,0.0,15.0,13.3,2.28025385392645,6.5,23.200000000000003,232.14892578125,4.42329216003418,12.291727066040039,9.814934730529785,1,4.413662910461426,10.9,29.6
5,1,0.0,15.0,13.3,2.28025385392645,6.5,23.200000000000003,232.64892578125,4.393728256225586,12.340178489685059,9.814934730529785,1,4.384099006652832,10.9,29.6
5,1,0.0,15.0,13.3,2.28025385392645,6.5,23.200000000000003,233.14892578125,4.364887714385986,12.38798999786377,9.814934730529785,1,4.355258464813232,10.9,29.6
5,1,0.0,15.0,13.3,2.28025385392645,6.5,23.200000000000003,233.64892578125,4.3367509841918945,12.435178756713867,9.814934730529785,1,4.327121734619141,10.9,29.6
5,1,0.0,15.0,13.3,2.28025385392645,6.5,23.200000000000003,234.14892578125,4.309301376342773,12.481765747070312,9.814934730529785,1,4.2996721267700195,10.9,29.6
5,1,0.0,15.0,13.3,2.28025385392645,6.5,23.200000000000003,234.64892578125,0.0,,,0,4.272891521453857,10.9,29.6
5,1,0.0,15.0,13.3,2.28025385392645,6.5,23.200000000000003,235.14892578125,4.2563934326171875,12.573205947875977,9.814934730529785,1,4.246764183044434,10.9,29.6
5,1,0.0,15.0,13.3,2.28025385392645,6.5,23.200000000000003,235.64892578125,4.230902671813965,12.618094444274902,9.814934730529785,1,4.221273422241211,10.9,29.6
5,1,0.0,15.0,13.3,2.28025385392645,6.5,23.200000000000003,236.14892578125,4.206034183502197,12.662450790405273,9.814934730529785,1,4.196404933929443,10.9,29.6
5,1,0.0,15.0,13.3,2.28025385392645,6.5,23.200000000000003,236.64892578125,4.181772708892822,12.706290245056152,9.814934730529785,1,4.172143459320068,10.9,29.6
5,1,0.0,15.0,13.3,2.28025385392645,6.5,23.200000000000003,237.14892578125,4.158104419708252,12.749629020690918,9.814934730529785,1,4.148475170135498,10.9,29.6
5,1,0.0,15.0,13.3,2.28025385392645,6.5,23.200000000000003,237.64892578125,4.135015487670898,12.792482376098633,9.814934730529785,1,4.1253862380981445,10.9,29.6
5,1,0.0,15.0,13.3,2.28025385392645,6.5,23.200000000000003,238.14892578125,0.0,,,0,4.102863311767578,10.9,29.6
5,1,0.0,15.0,13.3,2.28025385392645,6.5,23.200000000000003,238.64892578125,4.090523719787598,12.876790046691895,9.814934730529785,1,4.080894470214844,10.9,29.6
5,1,0.0,15.0,13.3,2.28025385392645,6.5,23.200000000000003,239.14892578125,4.069096088409424,12.9182710647583,9.814934730529785,1,4.05946683883667,10.9,29.6
5,1,0.0,15.0,13.3,2.28025385392645,6.5,23.200000000000003,239.64892578125,4.048198699951172,12.959322929382324,9.814934730529785,1,4.038569450378418,10.9,29.6
5,1,0.0,15.0,13.3,2.28025385392645,6.5,23.200000000000003,240.14892578125,4.0278191566467285,12.999956130981445,9.814934730529785,1,4.018189907073975,10.9,29.6
5,1,0.0,15.0,13.3,2.28025385392645,6.5,23.200000000000003,240.64892578125,4.0079474449157715,13.040185928344727,9.814934730529785,1,3.9983184337615967,10.9,29.6
5,1,0.0,15.0,13.3,2.28025385392645,6.5,23.200000000000003,241.14892578125,3.9885730743408203,13.080021858215332,9.814934730529785,1,3.9789438247680664,10.9,29.6
5,1,0.0,15.0,13.3,2.28025385392645,6.5,23.200000000000003,241.64892578125,3.9696855545043945,13.119476318359375,9.814934730529785,1,3.9600563049316406,10.9,29.6
5,1,0.0,15.0,13.3,2.28025385392645,6.5,23.200000000000003,242.14892578125,3.95127534866333,13.158561706542969,9.814934730529785,1,3.941646099090576,10.9,29.6
5,1,0.0,15.0,13.3,2.28025385392645,6.5,23.200000000000003,242.64892578125,3.933332681655884,13.197287559509277,9.814934730529785,1,3.92370343208313,10.9,29.6
5,1,0.0,15.0,13.3,2.28025385392645,6.5,23.200000000000003,243.14892578125,3.915848970413208,13.235665321350098,9.814934730529785,1,3.906219720840454,10.9,29.6
5,1,0.0,15.0,13.3,2.28025385392645,6.5,23.200000000000003,243.64892578125,3.898815155029297,13.273706436157227,9.814934730529785,1,3.889185905456543,10.9,29.6
5,1,0.0,15.0,13.3,2.28025385392645,6.5,23.200000000000003,244.14892578125,3.882222890853882,13.311419486999512,9.814934730529785,1,3.872593641281128,10.9,29.6
5,1,0.0,15.0,13.3,2.28025385392645,6.5,23.200000000000003,244.64892578125,3.8660640716552734,13.348814964294434,9.814934730529785,1,3.8564348220825195,10.9,29.6
5,1,0.0,15.0,13.3,2.28025385392645,6.5,23.200000000000003,245.14892578125,3.8503308296203613,13.385902404785156,9.814934730529785,1,3.8407015800476074,10.9,29.6
5,1,0.0,15.0,13.3,2.28025385392645,6.5,23.200000000000003,245.64892578125,3.8350155353546143,13.422691345214844,9.814934730529785,1,3.8253862857818604,10.9,29.6
5,1,0.0,15.0,13.3,2.28025385392645,6.5,23.200000000000003,246.14892578125,3.820111036300659,13.459190368652344,9.814934730529785,1,3.8104817867279053,10.9,29.6
5,1,0.0,15.0,13.3,2.28025385392645,6.5,23.200000000000003,246.64892578125,3.805609941482544,13.49540901184082,9.814934730529785,1,3.79598069190979,10.9,29.6
5,1,0.0,15.0,13.3,2.28025385392645,6.5,23.200000000000003,247.14892578125,3.791505813598633,13.531356811523438,9.814934730529785,1,3.781876564025879,10.9,29.6
5,1,0.0,15.0,13.3,2.28025385392645,6.5,23.200000000000003,247.64892578125,3.77779221534729,13.567039489746094,9.814934730529785,1,3.768162965774536,10.9,29.6
5,1,0.0,15.0,13.3,2.28025385392645,6.5,23.200000000000003,248.14892578125,3.764462471008301,13.602468490600586,9.814934730529785,1,3.754833221435547,10.9,29.6
5,1,0.0,15.0,13.3,2.28025385392645,6.5,23.200000000000003,248.64892578125,3.7515106201171875,13.637649536132812,9.814934730529785,1,3.7418813705444336,10.9,29.6
5,1,0.0,15.0,13.3,2.28025385392645,6.5,23.200000000000003,249.14892578125,0.0,,,0,3.7293014526367188,10.9,29.6
5,1,0.0,15.0,13.3,2.28025385392645,6.5,23.200000000000003,249.64892578125,3.726717472076416,13.70730209350586,9.814934730529785,1,3.717088222503662,10.9,29.6
5,1,0.0,15.0,13.3,2.28025385392645,6.5,23.200000000000003,250.14892578125,3.714865207672119,13.741788864135742,9.814934730529785,1,3.7052359580993652,10.9,29.6
5,1,0.0,15.0,13.3,2.28025385392645,6.5,23.200000000000003,250.64892578125,3.7033684253692627,13.7760591506958,9.814934730529785,1,3.693739175796509,10.9,29.6
5,1,0.0,15.0,13.3,2.28025385392645,6.5,23.200000000000003,251.14892578125,3.6922225952148438,13.81011962890625,9.814934730529785,1,3.68259334564209,10.9,29.6
5,1,0.0,15.0,13.3,2.28025385392645,6.5,23.200000000000003,251.64892578125,0.0,,,0,3.671793222427368,10.9,29.6
5,1,0.0,15.0,13.3,2.28025385392645,6.5,23.200000000000003,252.14892578125,3.6709635257720947,13.877639770507812,9.814934730529785,1,3.661334276199341,10.9,29.6
5,1,0.0,15.0,13.3,2.28025385392645,6.5,23.200000000000003,252.64892578125,3.660841464996338,13.911113739013672,9.814934730529785,1,3.651212215423584,10.9,29.6
5,1,0.0,15.0,13.3,2.28025385392645,6.5,23.200000000000003,253.14892578125,3.6510515213012695,13.944405555725098,9.814934730529785,1,3.6414222717285156,10.9,29.6
5,1,0.0,15.0,13.3,2.28025385392645,6.5,23.200000000000003,253.64892578125,3.641589879989624,13.977521896362305,9.814934730529785,1,3.63196063041687,10.9,29.6
5,1,0.0,15.0,13.3,2.28025385392645,6.5,23.200000000000003,254.14892578125,3.6324524879455566,14.010469436645508,9.814934730529785,1,3.6228232383728027,10.9,29.6
5,1,0.0,15.0,13.3,2.28025385392645,6.5,23.200000000000003,254.64892578125,3.6236352920532227,14.043253898620605,9.814934730529785,1,3.6140060424804688,10.9,29.6
5,1,0.0,15.0,13.3,2.28025385392645,6.5,23.200000000000003,255.14892578125,3.6151349544525146,14.075881958007812,9.814934730529785,1,3.6055057048797607,10.9,29.6
5,1,0.0,15.0,13.3,2.28025385392645,6.5,23.200000000000003,255.64892578125,3.606947898864746,14.108358383178711,9.814934730529785,1,3.597318649291992,10.9,29.6
5,1,0.0,15.0,13.3,2.28025385392645,6.5,23.200000000000003,256.14892578125,3.5990705490112305,14.140690803527832,9.814934730529785,1,3.5894412994384766,10.9,29.6
5,1,0.0,15.0,13.3,2.28025385392645,6.5,23.200000000000003,256.64892578125,3.5914998054504395,14.172883987426758,9.814934730529785,1,3.5818705558776855,10.9,29.6
5,1,0.0,15.0,13.3,2.28025385392645,6.5,23.200000000000003,257.14892578125,3.584232807159424,14.204944610595703,9.814934730529785,1,3.57460355758667,10.9,29.6
5,1,0.0,15.0,13.3,2.28025385392645,6.5,23.200000000000003,257.64892578125,3.577265977859497,14.23687744140625,9.814934730529785,1,3.567636728286743,10.9,29.6
5,1,0.0,15.0,13.3,2.28025385392645,6.5,23.200000000000003,258.14892578125,3.5705971717834473,14.268689155578613,9.814934730529785,1,3.5609679222106934,10.9,29.6
5,1,0.0,15.0,13.3,2.28025385392645,6.5,23.200000000000003,258.64892578125,3.564223527908325,14.300383567810059,9.814934730529785,1,3.5545942783355713,10.9,29.6
5,1,0.0,15.0,13.3,2.28025385392645,6.5,23.200000000000003,259.14892578125,3.5581421852111816,14.331968307495117,9.814934730529785,1,3.5485129356384277,10.9,29.6
5,1,0.0,15.0,13.3,2.28025385392645,6.5,23.200000000000003,259.64892578125,3.5523509979248047,14.363446235656738,9.814934730529785,1,3.542721748352051,10.9,29.6
5,1,0.0,15.0,13.3,2.28025385392645,6.5,23.200000000000003,260.14892578125,3.5468475818634033,14.394824981689453,9.814934730529785,1,3.5372183322906494,10.9,29.6
5,1,0.0,15.0,13.3,2.28025385392645,6.5,23.200000000000003,260.64892578125,3.5416300296783447,14.426108360290527,9.814934730529785,1,3.532000780105591,10.9,29.6
5,1,0.0,15.0,13.3,2.28025385392645,6.5,23.200000000000003,261.14892578125,3.536695718765259,14.45730209350586,9.814934730529785,1,3.527066469192505,10.9,29.6
5,1,0.0,15.0,13.3,2.28025385392645,6.5,23.200000000000003,261.64892578125,0.0,,,0,3.522413969039917,10.9,29.6
5,1,0.0,15.0,13.3,2.28025385392645,6.5,23.200000000000003,262.14892578125,3.5276706218719482,14.519439697265625,9.814934730529785,1,3.5180413722991943,10.9,29.6
5,1,0.0,15.0,13.3,2.28025385392645,6.5,23.200000000000003,262.64892578125,3.523576021194458,14.550395011901855,9.814934730529785,1,3.513946771621704,10.9,29.6
5,1,0.0,15.0,13.3,2.28025385392645,6.5,23.200000000000003,263.14892578125,3.5197579860687256,14.581279754638672,9.814934730529785,1,3.5101287364959717,10.9,29.6
5,1,0.0,15.0,13.3,2.28025385392645,6.5,23.200000000000003,263.64892578125,3.5162148475646973,14.612100601196289,9.814934730529785,1,3.5065855979919434,10.9,29.6
5,1,0.0,15.0,13.3,2.28025385392645,6.5,23.200000000000003,264.14892578125,12.0,,,0,12.0,10.9,29.6
5,1,0.0,15.0,13.3,2.28025385392645,6.5,23.200000000000003,264.64892578125,12.0,,,0,12.0,10.9,29.6
5,1,0.0,15.0,13.3,2.28025385392645,6.5,23.200000000000003,265.14892578125,0.0,,,0,12.0,10.9,29.6
5,1,0.0,15.0,13.3,2.28025385392645,6.5,23.200000000000003,265.64892578125,12.0,,,0,12.0,10.9,29.6
5,1,0.0,15.0,13.3,2.28025385392645,6.5,23.200000000000003,266.14892578125,12.0,,,0,12.0,10.9,29.6
5,1,0.0,15.0,13.3,2.28025385392645,6.5,23.200000000000003,266.64892578125,12.0,,,0,12.0,10.9,29.6
5,1,0.0,15.0,13.3,2.28025385392645,6.5,23.200000000000003,267.14892578125,12.0,,,0,12.0,10.9,29.6
5,1,0.0,15.0,13.3,2.28025385392645,6.5,23.200000000000003,267.64892578125,12.0,,,0,12.0,10.9,29.6
5,1,0.0,15.0,13.3,2.28025385392645,6.5,23.200000000000003,268.14892578125,12.0,,,0,12.0,10.9,29.6
5,1,0.0,15.0,13.3,2.28025385392645,6.5,23.200000000000003,268.64892578125,12.0,,,0,12.0,10.9,29.6
5,1,0.0,15.0,13.3,2.28025385392645,6.5,23.200000000000003,269.14892578125,12.0,,,0,12.0,10.9,29.6
5,1,0.0,15.0,13.3,2.28025385392645,6.5,23.200000000000003,269.64892578125,12.0,,,0,12.0,10.9,29.6
5,1,0.0,15.0,13.3,2.28025385392645,6.5,23.200000000000003,270.14892578125,12.0,,,0,12.0,10.9,29.6
5,1,0.0,15.0,13.3,2.28025385392645,6.5,23.200000000000003,270.64892578125,12.0,,,0,12.0,10.9,29.6
5,1,0.0,15.0,13.3,2.28025385392645,6.5,23.200000000000003,271.14892578125,12.0,,,0,12.0,10.9,29.6
5,1,0.0,15.0,13.3,2.28025385392645,6.5,23.200000000000003,271.64892578125,12.0,,,0,12.0,10.9,29.6
5,1,0.0,15.0,13.3,2.28025385392645,6.5,23.200000000000003,272.14892578125,12.0,,,0,12.0,10.9,29.6
5,1,0.0,15.0,13.3,2.28025385392645,6.5,23.200000000000003,272.64892578125,12.0,,,0,12.0,10.9,29.6
5,1,0.0,15.0,13.3,2.28025385392645,6.5,23.200000000000003,273.14892578125,12.0,,,0,12.0,10.9,29.6
5,1,0.0,15.0,13.3,2.28025385392645,6.5,23.200000000000003,273.64892578125,3.5017735958099365,15.222249031066895,9.814934730529785,1,3.4921443462371826,10.9,29.6
5,1,0.0,15.0,13.3,2.28025385392645,6.5,23.200000000000003,274.14892578125,3.5038511753082275,15.252803802490234,9.814934730529785,1,3.4942219257354736,10.9,29.6
5,1,0.0,15.0,13.3,2.28025385392645,6.5,23.200000000000003,274.64892578125,3.506197690963745,15.28339672088623,9.814934730529785,1,3.496568441390991,10.9,29.6
5,1,0.0,15.0,13.3,2.28025385392645,6.5,23.200000000000003,275.14892578125,3.5088140964508057,15.314033508300781,9.814934730529785,1,3.4991848468780518,10.9,29.6
5,1,0.0,15.0,13.3,2.28025385392645,6.5,23.200000000000003,275.64892578125,3.5117011070251465,15.344717979431152,9.814934730529785,1,3.5020718574523926,10.9,29.6
5,1,0.0,15.0,13.3,2.28025385392645,6.5,23.200000000000003,276.14892578125,3.514860153198242,15.375455856323242,9.814934730529785,1,3.5052309036254883,10.9,29.6
5,1,0.0,15.0,13.3,2.28025385392645,6.5,23.200000000000003,276.64892578125,3.5182924270629883,15.406251907348633,9.814934730529785,1,3.5086631774902344,10.9,29.6
5,1,0.0,15.0,13.3,2.28025385392645,6.5,23.200000000000003,277.14892578125,0.0,,,0,3.5123698711395264,10.9,29.6
5,1,0.0,15.0,13.3,2.28025385392645,6.5,23.200000000000003,277.64892578125,3.5259816646575928,15.468035697937012,9.814934730529785,1,3.516352415084839,10.9,29.6
5,1,0.0,15.0,13.3,2.28025385392645,6.5,23.200000000000003,278.14892578125,3.5302417278289795,15.499034881591797,9.814934730529785,1,3.5206124782562256,10.9,29.6
5,1,0.0,15.0,13.3,2.28025385392645,6.5,23.200000000000003,278.64892578125,3.534780979156494,15.530110359191895,9.814934730529785,1,3.5251517295837402,10.9,29.6
5,1,0.0,15.0,13.3,2.28025385392645,6.5,23.200000000000003,279.14892578125,3.5396010875701904,15.561269760131836,9.814934730529785,1,3.5299718379974365,10.9,29.6
5,1,0.0,15.0,13.3,2.28025385392645,6.5,23.200000000000003,279.64892578125,3.544703722000122,15.59251594543457,9.814934730529785,1,3.535074472427368,10.9,29.6
5,1,0.0,15.0,13.3,2.28025385392645,6.5,23.200000000000003,280.14892578125,3.550091505050659,15.623855590820312,9.814934730529785,1,3.5404622554779053,10.9,29.6
5,1,0.0,15.0,13.3,2.28025385392645,6.5,23.200000000000003,280.64892578125,0.0,,,0,3.5461366176605225,10.9,29.6
5,1,0.0,15.0,13.3,2.28025385392645,6.5,23.200000000000003,281.14892578125,0.0,,,0,3.552100419998169,10.9,29.6
5,1,0.0,15.0,13.3,2.28025385392645,6.5,23.200000000000003,281.64892578125,3.5679848194122314,15.718482971191406,9.814934730529785,1,3.5583555698394775,10.9,29.6
5,1,0.0,15.0,13.3,2.28025385392645,6.5,23.200000000000003,282.14892578125,3.5745341777801514,15.750246047973633,9.814934730529785,1,3.5649049282073975,10.9,29.6
5,1,0.0,15.0,13.3,2.28025385392645,6.5,23.200000000000003,282.64892578125,3.5813798904418945,15.782129287719727,9.814934730529785,1,3.5717506408691406,10.9,29.6
5,1,0.0,15.0,13.3,2.28025385392645,6.5,23.200000000000003,283.14892578125,3.5885252952575684,15.81413745880127,9.814934730529785,1,3.5788960456848145,10.9,29.6
5,1,0.0,15.0,13.3,2.28025385392645,6.5,23.200000000000003,283.64892578125,0.0,,,0,3.586343765258789,10.9,29.6
5,1,0.0,15.0,13.3,2.28025385392645,6.5,23.200000000000003,284.14892578125,3.6037259101867676,15.878551483154297,9.814934730529785,1,3.5940966606140137,10.9,29.6
5,1,0.0,15.0,13.3,2.28025385392645,6.5,23.200000000000003,284.64892578125,3.6117873191833496,15.910969734191895,9.814934730529785,1,3.6021580696105957,10.9,29.6
5,1,0.0,15.0,13.3,2.28025385392645,6.5,23.200000000000003,285.14892578125,3.6201605796813965,15.943535804748535,9.814934730529785,1,3.6105313301086426,10.9,29.6
5,1,0.0,15.0,13.3,2.28025385392645,6.5,23.200000000000003,285.64892578125,3.6288492679595947,15.976256370544434,9.814934730529785,1,3.619220018386841,10.9,29.6
5,1,0.0,15.0,13.3,2.28025385392645,6.5,23.200000000000003,286.14892578125,3.6378567218780518,16.009136199951172,9.814934730529785,1,3.628227472305298,10.9,29.6
5,1,0.0,15.0,13.3,2.28025385392645,6.5,23.200000000000003,286.64892578125,3.647186756134033,16.042184829711914,9.814934730529785,1,3.6375575065612793,10.9,29.6
5,1,0.0,15.0,13.3,2.28025385392645,6.5,23.200000000000003,287.14892578125,3.656843423843384,16.075403213500977,9.814934730529785,1,3.64721417427063,10.9,29.6
5,1,0.0,15.0,13.3,2.28025385392645,6.5,23.200000000000003,287.64892578125,3.6668307781219482,16.10880470275879,9.814934730529785,1,3.6572015285491943,10.9,29.6
5,1,0.0,15.0,13.3,2.28025385392645,6.5,23.200000000000003,288.14892578125,3.6771531105041504,16.14238929748535,9.814934730529785,1,3.6675238609313965,10.9,29.6
5,1,0.0,15.0,13.3,2.28025385392645,6.5,23.200000000000003,288.64892578125,3.687814474105835,16.17616844177246,9.814934730529785,1,3.678185224533081,10.9,29.6
5,1,0.0,15.0,13.3,2.28025385392645,6.5,23.200000000000003,289.14892578125,3.698820114135742,16.210145950317383,9.814934730529785,1,3.6891908645629883,10.9,29.6
5,1,0.0,15.0,13.3,2.28025385392645,6.5,23.200000000000003,289.64892578125,3.710174322128296,16.24432945251465,9.814934730529785,1,3.700545072555542,10.9,29.6
5,1,0.0,15.0,13.3,2.28025385392645,6.5,23.200000000000003,290.14892578125,3.7218823432922363,16.278728485107422,9.814934730529785,1,3.7122530937194824,10.9,29.6
5,1,0.0,15.0,13.3,2.28025385392645,6.5,23.200000000000003,290.64892578125,3.7339489459991455,16.31334686279297,9.814934730529785,1,3.7243196964263916,10.9,29.6
5,1,0.0,15.0,13.3,2.28025385392645,6.5,23.200000000000003,291.14892578125,3.746379852294922,16.348194122314453,9.814934730529785,1,3.736750602722168,10.9,29.6
5,1,0.0,15.0,13.3,2.28025385392645,6.5,23.200000000000003,291.64892578125,3.7591805458068848,16.383277893066406,9.814934730529785,1,3.749551296234131,10.9,29.6
5,1,0.0,15.0,13.3,2.28025385392645,6.5,23.200000000000003,292.14892578125,3.7723569869995117,16.41860580444336,9.814934730529785,1,3.762727737426758,10.9,29.6
5,1,0.0,15.0,13.3,2.28025385392645,6.5,23.200000000000003,292.64892578125,3.785914659500122,16.454185485839844,9.814934730529785,1,3.776285409927368,10.9,29.6
5,1,0.0,15.0,13.3,2.28025385392645,6.5,23.200000000000003,293.14892578125,3.7998602390289307,16.49002456665039,9.814934730529785,1,3.7902309894561768,10.9,29.6
5,1,0.0,15.0,13.3,2.28025385392645,6.5,23.200000000000003,293.64892578125,3.814199924468994,16.526132583618164,9.814934730529785,1,3.8045706748962402,10.9,29.6
5,1,0.0,15.0,13.3,2.28025385392645,6.5,23.200000000000003,294.14892578125,3.8289403915405273,16.562517166137695,9.814934730529785,1,3.8193111419677734,10.9,29.6
5,1,0.0,15.0,13.3,2.28025385392645,6.5,23.200000000000003,294.64892578125,3.8440887928009033,16.59918785095215,9.814934730529785,1,3.8344595432281494,10.9,29.6
5,1,0.0,15.0,13.3,2.28025385392645,6.5,23.200000000000003,295.14892578125,3.859652280807495,16.636154174804688,9.814934730529785,1,3.850023031234741,10.9,29.6
5,1,0.0,15.0,13.3,2.28025385392645,6.5,23.200000000000003,295.64892578125,3.875638008117676,16.673423767089844,9.814934730529785,1,3.866008758544922,10.9,29.6
5,1,0.0,15.0,13.3,2.28025385392645,6.5,23.200000000000003,296.14892578125,3.8920540809631348,16.71100616455078,9.814934730529785,1,3.882424831390381,10.9,29.6
5,1,0.0,15.0,13.3,2.28025385392645,6.5,23.200000000000003,296.64892578125,3.9089083671569824,16.74891471862793,9.814934730529785,1,3.8992791175842285,10.9,29.6
5,1,0.0,15.0,13.3,2.28025385392645,6.5,23.200000000000003,297.14892578125,3.905651092529297,16.777772903442383,9.83322811126709,1,3.896021842956543,10.9,29.6
5,1,0.0,15.0,13.3,2.28025385392645,6.5,23.200000000000003,297.64892578125,3.840604066848755,16.777772903442383,9.906493186950684,1,3.830974817276001,10.9,29.6
5,1,0.0,15.0,13.3,2.28025385392645,6.5,23.200000000000003,298.14892578125,3.7779757976531982,16.777772903442383,9.977356910705566,1,3.7683465480804443,10.9,29.6
5,1,0.0,15.0,13.3,2.28025385392645,6.5,23.200000000000003,298.64892578125,3.717639923095703,16.777772903442383,10.04594612121582,1,3.708010673522949,10.9,29.6
5,1,0.0,15.0,13.3,2.28025385392645,6.5,23.200000000000003,299.14892578125,3.6594793796539307,16.777772903442383,10.11237907409668,1,3.6498501300811768,10.9,29.6
5,1,0.0,15.0,13.3,2.28025385392645,6.5,23.200000000000003,299.64892578125,0.0,,,0,3.5937552452087402,10.9,29.6
5,1,0.0,15.0,13.3,2.28025385392645,6.5,23.200000000000003,300.14892578125,3.549253463745117,16.777772903442383,10.239206314086914,1,3.5396242141723633,10.9,29.6
5,1,0.0,15.0,13.3,2.28025385392645,6.5,23.200000000000003,300.64892578125,3.496990442276001,16.777772903442383,10.299798965454102,1,3.487361192703247,10.9,29.6
5,1,0.0,15.0,13.3,2.28025385392645,6.5,23.200000000000003,301.14892578125,3.4465062618255615,16.777772903442383,10.35863208770752,1,3.4368770122528076,10.9,29.6
5,1,0.0,15.0,13.3,2.28025385392645,6.5,23.200000000000003,301.64892578125,3.397717237472534,16.777772903442383,10.415791511535645,1,3.3880879878997803,10.9,29.6
5,1,0.0,15.0,13.3,2.28025385392645,6.5,23.200000000000003,302.14892578125,3.3505446910858154,16.777772903442383,10.471354484558105,1,3.3409154415130615,10.9,29.6
5,1,0.0,15.0,13.3,2.28025385392645,6.5,23.200000000000003,302.64892578125,3.304915428161621,16.777772903442383,10.525395393371582,1,3.295286178588867,10.9,29.6
5,1,0.0,15.0,13.3,2.28025385392645,6.5,23.200000000000003,303.14892578125,3.2607598304748535,16.777772903442383,10.577983856201172,1,3.2511305809020996,10.9,29.6
5,1,0.0,15.0,13.3,2.28025385392645,6.5,23.200000000000003,303.64892578125,3.218013048171997,16.777772903442383,10.629185676574707,1,3.208383798599243,10.9,29.6
5,1,0.0,15.0,13.3,2.28025385392645,6.5,23.200000000000003,304.14892578125,3.1766138076782227,16.777772903442383,10.679062843322754,1,3.1669845581054688,10.9,29.6
5,1,0.0,15.0,13.3,2.28025385392645,6.5,23.200000000000003,304.64892578125,0.0,,,0,3.126875400543213,10.9,29.6
5,1,0.0,15.0,13.3,2.28025385392645,6.5,23.200000000000003,305.14892578125,3.097630739212036,16.777772903442383,10.775069236755371,1,3.0880014896392822,10.9,29.6
5,1,0.0,15.0,13.3,2.28025385392645,6.5,23.200000000000003,305.64892578125,3.059941053390503,16.777772903442383,10.821306228637695,1,3.050311803817749,10.9,29.6
5,1,0.0,15.0,13.3,2.28025385392645,6.5,23.200000000000003,306.14892578125,3.0233869552612305,16.777772903442383,10.86643123626709,1,3.0137577056884766,10.9,29.6
5,1,0.0,15.0,13.3,2.28025385392645,6.5,23.200000000000003,306.64892578125,2.9879229068756104,16.777772903442383,10.910490989685059,1,2.9782936573028564,10.9,29.6
5,1,0.0,15.0,13.3,2.28025385392645,6.5,23.200000000000003,307.14892578125,2.953505039215088,16.777772903442383,10.953529357910156,1,2.943875789642334,10.9,29.6
5,1,0.0,15.0,13.3,2.28025385392645,6.5,23.200000000000003,307.64892578125,2.920093059539795,16.777772903442383,10.995586395263672,1,2.910463809967041,10.9,29.6
5,1,0.0,15.0,13.3,2.28025385392645,6.5,23.200000000000003,308.14892578125,2.8876473903656006,16.777772903442383,11.036704063415527,1,2.8780181407928467,10.9,29.6
5,1,0.0,15.0,13.3,2.28025385392645,6.5,23.200000000000003,308.64892578125,2.8561317920684814,16.777772903442383,11.07691764831543,1,2.8465025424957275,10.9,29.6
5,1,0.0,15.0,13.3,2.28025385392645,6.5,23.200000000000003,309.14892578125,2.8255107402801514,16.777772903442383,11.116262435913086,1,2.8158814907073975,10.9,29.6
5,1,0.0,15.0,13.3,2.28025385392645,6.5,23.200000000000003,309.64892578125,2.7957515716552734,16.777772903442383,11.154772758483887,1,2.7861223220825195,10.9,29.6
5,1,0.0,15.0,13.3,2.28025385392645,6.5,23.200000000000003,310.14892578125,2.7668228149414062,16.777772903442383,11.19248104095459,1,2.7571935653686523,10.9,29.6
5,2,0.0,6.5,23.200000000000003,0.9685089806599323,10.9,29.6,235.49147033691406,8.25362777709961,1.8250000476837158,16.399999618530273,1,8.252007484436035,10.9,29.6
5,2,0.0,6.5,23.200000000000003,0.9685089806599323,10.9,29.6,235.99147033691406,8.20472526550293,1.9118702411651611,16.399999618530273,1,8.203104972839355,10.9,29.6
5,2,0.0,6.5,23.200000000000003,0.9685089806599323,10.9,29.6,236.49147033691406,8.15701675415039,1.9977233409881592,16.399999618530273,1,8.155396461486816,10.9,29.6
5,2,0.0,6.5,23.200000000000003,0.9685089806599323,10.9,29.6,236.99147033691406,8.1104736328125,2.082590103149414,16.399999618530273,1,8.108853340148926,10.9,29.6
5,2,0.0,6.5,23.200000000000003,0.9685089806599323,10.9,29.6,237.49147033691406,8.065070152282715,2.1665000915527344,16.399999618530273,1,8.06344985961914,10.9,29.6
5,2,0.0,6.5,23.200000000000003,0.9685089806599323,10.9,29.6,237.99147033691406,8.02077865600586,2.249481678009033,16.399999618530273,1,8.019158363342285,10.9,29.6
5,2,0.0,6.5,23.200000000000003,0.9685089806599323,10.9,29.6,238.49147033691406,7.977575778961182,2.3315632343292236,16.399999618530273,1,7.975955486297607,10.9,29.6
5,2,0.0,6.5,23.200000000000003,0.9685089806599323,10.9,29.6,238.99147033691406,7.935436725616455,2.412770986557007,16.399999618530273,1,7.933816432952881,10.9,29.6
5,2,0.0,6.5,23.200000000000003,0.9685089806599323,10.9,29.6,239.49147033691406,7.894338130950928,2.493131160736084,16.399999618530273,1,7.8927178382873535,10.9,29.6
5,2,0.0,6.5,23.200000000000003,0.9685089806599323,10.9,29.6,239.99147033691406,7.8542585372924805,2.572669267654419,16.399999618530273,1,7.852638244628906,10.9,29.6
5,2,0.0,6.5,23.200000000000003,0.9685089806599323,10.9,29.6,240.49147033691406,7.815175533294678,2.65140962600708,16.399999618530273,1,7.8135552406311035,10.9,29.6
5,2,0.0,6.5,23.200000000000003,0.9685089806599323,10.9,29.6,240.99147033691406,7.777069091796875,2.7293760776519775,16.399999618530273,1,7.775448799133301,10.9,29.6
5,2,0.0,6.5,23.200000000000003,0.9685089806599323,10.9,29.6,241.49147033691406,0.0,,,0,7.7382988929748535,10.9,29.6
5,2,0.0,6.5,23.200000000000003,0.9685089806599323,10.9,29.6,241.99147033691406,7.703705787658691,2.8830783367156982,16.399999618530273,1,7.702085494995117,10.9,29.6
5,2,0.0,6.5,23.200000000000003,0.9685089806599323,10.9,29.6,242.49147033691406,7.6684112548828125,2.9588582515716553,16.399999618530273,1,7.666790962219238,10.9,29.6
5,2,0.0,6.5,23.200000000000003,0.9685089806599323,10.9,29.6,242.99147033691406,7.634017467498779,3.0339527130126953,16.399999618530273,1,7.632397174835205,10.9,29.6
5,2,0.0,6.5,23.200000000000003,0.9685089806599323,10.9,29.6,243.49147033691406,7.600506782531738,3.108381986618042,16.399999618530273,1,7.598886489868164,10.9,29.6
5,2,0.0,6.5,23.200000000000003,0.9685089806599323,10.9,29.6,243.99147033691406,7.567862510681152,3.18216609954834,16.399999618530273,1,7.566242218017578,10.9,29.6
5,2,0.0,6.5,23.200000000000003,0.9685089806599323,10.9,29.6,244.49147033691406,7.536068916320801,3.255324602127075,16.399999618530273,1,7.534448623657227,10.9,29.6
5,2,0.0,6.5,23.200000000000003,0.9685089806599323,10.9,29.6,244.99147033691406,7.505110740661621,3.327876329421997,16.399999618530273,1,7.503490447998047,10.9,29.6
5,2,0.0,6.5,23.200000000000003,0.9685089806599323,10.9,29.6,245.49147033691406,7.474972724914551,3.3998398780822754,16.399999618530273,1,7.473352432250977,10.9,29.6
5,2,0.0,6.5,23.200000000000003,0.9685089806599323,10.9,29.6,245.99147033691406,7.4456400871276855,3.4712328910827637,16.399999618530273,1,7.444019794464111,10.9,29.6
5,2,0.0,6.5,23.200000000000003,0.9685089806599323,10.9,29.6,246.49147033691406,7.417099475860596,3.5420730113983154,16.399999618530273,1,7.4154791831970215,10.9,29.6
5,2,0.0,6.5,23.200000000000003,0.9685089806599323,10.9,29.6,246.99147033691406,7.389337539672852,3.612377405166626,16.399999618530273,1,7.387717247009277,10.9,29.6
5,2,0.0,6.5,23.200000000000003,0.9685089806599323,10.9,29.6,247.49147033691406,7.362340927124023,3.6821625232696533,16.399999618530273,1,7.360720634460449,10.9,29.6
5,2,0.0,6.5,23.200000000000003,0.9685089806599323,10.9,29.6,247.99147033691406,7.336097240447998,3.7514450550079346,16.399999618530273,1,7.334476947784424,10.9,29.6
5,2,0.0,6.5,23.200000000000003,0.9685089806599323,10.9,29.6,248.49147033691406,7.3105950355529785,3.8202402591705322,16.399999618530273,1,7.308974742889404,10.9,29.6
5,2,0.0,6.5,23.200000000000003,0.9685089806599323,10.9,29.6,248.99147033691406,7.28582239151001,3.888563871383667,16.399999618530273,1,7.2842020988464355,10.9,29.6
5,2,0.0,6.5,23.200000000000003,0.9685089806599323,10.9,29.6,249.49147033691406,0.0,,,0,7.260147571563721,10.9,29.6
5,2,0.0,6.5,23.200000000000003,0.9685089806599323,10.9,29.6,249.99147033691406,0.0,,,0,7.236800670623779,10.9,29.6
5,2,0.0,6.5,23.200000000000003,0.9685089806599323,10.9,29.6,250.49147033691406,7.215771675109863,4.090855121612549,16.399999618530273,1,7.214151382446289,10.9,29.6
5,2,0.0,6.5,23.200000000000003,0.9685089806599323,10.9,29.6,250.99147033691406,0.0,,,0,7.1921892166137695,10.9,29.6
5,2,0.0,6.5,23.200000000000003,0.9685089806599323,10.9,29.6,251.49147033691406,7.172524929046631,4.223627090454102,16.399999618530273,1,7.170904636383057,10.9,29.6
5,2,0.0,6.5,23.200000000000003,0.9685089806599323,10.9,29.6,251.99147033691406,0.0,,,0,7.1502885818481445,10.9,29.6
5,2,0.0,6.5,23.200000000000003,0.9685089806599323,10.9,29.6,252.49147033691406,7.13195276260376,4.354856014251709,16.399999618530273,1,7.1303324699401855,10.9,29.6
5,2,0.0,6.5,23.200000000000003,0.9685089806599323,10.9,29.6,252.99147033691406,7.112647533416748,4.419925212860107,16.399999618530273,1,7.111027240753174,10.9,29.6
5,2,0.0,6.5,23.200000000000003,0.9685089806599323,10.9,29.6,253.49147033691406,7.093985557556152,4.484647750854492,16.399999618530273,1,7.092365264892578,10.9,29.6
5,2,0.0,6.5,23.200000000000003,0.9685089806599323,10.9,29.6,253.99147033691406,7.075958251953125,4.549036502838135,16.399999618530273,1,7.074337959289551,10.9,29.6
5,2,0.0,6.5,23.200000000000003,0.9685089806599323,10.9,29.6,254.49147033691406,7.058558464050293,4.613103866577148,16.399999618530273,1,7.056938171386719,10.9,29.6
5,2,0.0,6.5,23.200000000000003,0.9685089806599323,10.9,29.6,254.99147033691406,7.041779041290283,4.67686128616333,16.399999618530273,1,7.040158748626709,10.9,29.6
5,2,0.0,6.5,23.200000000000003,0.9685089806599323,10.9,29.6,255.49147033691406,7.025612831115723,4.740321159362793,16.399999618530273,1,7.023992538452148,10.9,29.6
5,2,0.0,6.5,23.200000000000003,0.9685089806599323,10.9,29.6,255.99147033691406,0.0,,,0,7.008432865142822,10.9,29.6
5,2,0.0,6.5,23.200000000000003,0.9685089806599323,10.9,29.6,256.4914855957031,6.99509334564209,4.866394519805908,16.399999618530273,1,6.993473052978516,10.9,29.6
5,2,0.0,6.5,23.200000000000003,0.9685089806599323,10.9,29.6,256.9914855957031,0.0,,,0,6.979107856750488,10.9,29.6
5,2,0.0,6.5,23.200000000000003,0.9685089806599323,10.9,29.6,257.4914855957031,6.9669508934021,4.991415023803711,16.399999618530273,1,6.965330600738525,10.9,29.6
5,2,0.0,6.5,23.200000000000003,0.9685089806599323,10.9,29.6,257.9914855957031,6.953756332397461,5.053558349609375,16.399999618530273,1,6.952136039733887,10.9,29.6
5,2,0.0,6.5,23.200000000000003,0.9685089806599323,10.9,29.6,258.4914855957031,6.941139221191406,5.115470886230469,16.399999618530273,1,6.939518928527832,10.9,29.6
5,2,0.0,6.5,23.200000000000003,0.9685089806599323,10.9,29.6,258.9914855957031,6.929094314575195,5.177164077758789,16.399999618530273,1,6.927474021911621,10.9,29.6
5,2,0.0,6.5,23.200000000000003,0.9685089806599323,10.9,29.6,259.4914855957031,0.0,,,0,6.915996551513672,10.9,29.6
5,2,0.0,6.5,23.200000000000003,0.9685089806599323,10.9,29.6,259.9914855957031,6.906702518463135,5.299933433532715,16.399999618530273,1,6.9050822257995605,10.9,29.6
5,2,0.0,6.5,23.200000000000003,0.9685089806599323,10.9,29.6,260.4914855957031,6.896346569061279,5.361030578613281,16.399999618530273,1,6.894726276397705,10.9,29.6
5,2,0.0,6.5,23.200000000000003,0.9685089806599323,10.9,29.6,260.9914855957031,6.886545658111572,5.4219489097595215,16.399999618530273,1,6.884925365447998,10.9,29.6
5,2,0.0,6.5,23.200000000000003,0.9685089806599323,10.9,29.6,261.4914855957031,6.877295017242432,5.482698917388916,16.399999618530273,1,6.875674724578857,10.9,29.6
5,2,0.0,6.5,23.200000000000003,0.9685089806599323,10.9,29.6,261.9914855957031,6.86859130859375,5.543290615081787,16.399999618530273,1,6.866971015930176,10.9,29.6
5,2,0.0,6.5,23.200000000000003,0.9685089806599323,10.9,29.6,262.4914855957031,6.860431671142578,5.603734016418457,16.399999618530273,1,6.858811378479004,10.9,29.6
5,2,0.0,6.5,23.200000000000003,0.9685089806599323,10.9,29.6,262.9914855957031,6.85281229019165,5.664038181304932,16.399999618530273,1,6.851191997528076,10.9,29.6
5,2,0.0,6.5,23.200000000000003,0.9685089806599323,10.9,29.6,263.4914855957031,6.845730781555176,5.724213123321533,16.399999618530273,1,6.844110488891602,10.9,29.6
5,2,0.0,6.5,23.200000000000003,0.9685089806599323,10.9,29.6,263.9914855957031,6.839183807373047,5.784268379211426,16.399999618530273,1,6.837563514709473,10.9,29.6
5,2,0.0,6.5,23.200000000000003,0.9685089806599323,10.9,29.6,264.4914855957031,6.833168983459473,5.844213485717773,16.399999618530273,1,6.831548690795898,10.9,29.6
5,2,0.0,6.5,23.200000000000003,0.9685089806599323,10.9,29.6,264.9914855957031,6.827683925628662,5.90405797958374,16.399999618530273,1,6.826063632965088,10.9,29.6
5,2,0.0,6.5,23.200000000000003,0.9685089806599323,10.9,29.6,265.4914855957031,6.822727203369141,5.963810443878174,16.399999618530273,1,6.821106910705566,10.9,29.6
5,2,0.0,6.5,23.200000000000003,0.9685089806599323,10.9,29.6,265.9914855957031,6.818295955657959,6.023481369018555,16.399999618530273,1,6.816675662994385,10.9,29.6
5,2,0.0,6.5,23.200000000000003,0.9685089806599323,10.9,29.6,266.4914855957031,6.814389228820801,6.083078861236572,16.399999618530273,1,6.812768936157227,10.9,29.6
5,2,0.0,6.5,23.200000000000003,0.9685089806599323,10.9,29.6,266.9914855957031,6.811005592346191,6.142612934112549,16.399999618530273,1,6.809385299682617,10.9,29.6
5,2,0.0,6.5,23.200000000000003,0.9685089806599323,10.9,29.6,267.4914855957031,0.0,,,0,6.806522369384766,10.9,29.6
5,2,0.0,6.5,23.200000000000003,0.9685089806599323,10.9,29.6,267.9914855957031,6.805800437927246,6.261526107788086,16.399999618530273,1,6.804180145263672,10.9,29.6
5,2,0.0,6.5,23.200000000000003,0.9685089806599323,10.9,29.6,268.4914855957031,6.803977966308594,6.320923328399658,16.399999618530273,1,6.8023576736450195,10.9,29.6
5,2,0.0,6.5,23.200000000000003,0.9685089806599323,10.9,29.6,268.9914855957031,6.802673816680908,6.380293846130371,16.399999618530273,1,6.801053524017334,10.9,29.6
5,2,0.0,6.5,23.200000000000003,0.9685089806599323,10.9,29.6,269.4914855957031,6.8018879890441895,6.439645767211914,16.399999618530273,1,6.800267696380615,10.9,29.6
5,2,0.0,6.5,23.200000000000003,0.9685089806599323,10.9,29.6,269.9914855957031,6.8016204833984375,6.498988628387451,16.399999618530273,1,6.800000190734863,10.9,29.6
5,2,0.0,6.5,23.200000000000003,0.9685089806599323,10.9,29.6,270.4914855957031,6.801870346069336,6.55833101272583,16.399999618530273,1,6.800250053405762,10.9,29.6
5,2,0.0,6.5,23.200000000000003,0.9685089806599323,10.9,29.6,270.9914855957031,6.802638530731201,6.617682456970215,16.399999618530273,1,6.801018238067627,10.9,29.6
5,2,0.0,6.5,23.200000000000003,0.9685089806599323,10.9,29.6,271.4914855957031,6.803925037384033,6.677052021026611,16.399999618530273,1,6.802304744720459,10.9,29.6
5,2,0.0,6.5,23.200000000000003,0.9685089806599323,10.9,29.6,271.9914855957031,6.805729866027832,6.736448287963867,16.399999618530273,1,6.804109573364258,10.9,29.6
5,2,0.0,6.5,23.200000000000003,0.9685089806599323,10.9,29.6,272.4914855957031,6.808054447174072,6.7958807945251465,16.399999618530273,1,6.806434154510498,10.9,29.6
5,2,0.0,6.5,23.200000000000003,0.9685089806599323,10.9,29.6,272.9914855957031,6.810899257659912,6.855358600616455,16.399999618530273,1,6.809278964996338,10.9,29.6
5,2,0.0,6.5,23.200000000000003,0.9685089806599323,10.9,29.6,273.4914855957031,6.814265251159668,6.914890289306641,16.399999618530273,1,6.812644958496094,10.9,29.6
5,2,0.0,6.5,23.200000000000003,0.9685089806599323,10.9,29.6,273.9914855957031,6.818154335021973,6.974485874176025,16.399999618530273,1,6.816534042358398,10.9,29.6
5,2,0.0,6.5,23.200000000000003,0.9685089806599323,10.9,29.6,274.4914855957031,6.822567462921143,7.034153938293457,16.399999618530273,1,6.820947170257568,10.9,29.6
5,2,0.0,6.5,23.200000000000003,0.9685089806599323,10.9,29.6,274.9914855957031,6.8275065422058105,7.093903541564941,16.399999618530273,1,6.825886249542236,10.9,29.6
5,2,0.0,6.5,23.200000000000003,0.9685089806599323,10.9,29.6,275.4914855957031,6.832973003387451,7.153744697570801,16.399999618530273,1,6.831352710723877,10.9,29.6
5,2,0.0,6.5,23.200000000000003,0.9685089806599323,10.9,29.6,275.9914855957031,6.838969707489014,7.213685989379883,16.399999618530273,1,6.8373494148254395,10.9,29.6
5,2,0.0,6.5,23.200000000000003,0.9685089806599323,10.9,29.6,276.4914855957031,6.845498561859131,7.27373743057251,16.399999618530273,1,6.843878269195557,10.9,29.6
5,2,0.0,6.5,23.200000000000003,0.9685089806599323,10.9,29.6,276.9914855957031,6.852561950683594,7.3339080810546875,16.399999618530273,1,6.8509416580200195,10.9,29.6
5,2,0.0,6.5,23.200000000000003,0.9685089806599323,10.9,29.6,277.4914855957031,6.86016321182251,7.394207954406738,16.399999618530273,1,6.8585429191589355,10.9,29.6
5,2,0.0,6.5,23.200000000000003,0.9685089806599323,10.9,29.6,277.9914855957031,6.868304252624512,7.454646110534668,16.399999618530273,1,6.8666839599609375,10.9,29.6
5,2,0.0,6.5,23.200000000000003,0.9685089806599323,10.9,29.6,278.4914855957031,6.876989364624023,7.515232563018799,16.399999618530273,1,6.875369071960449,10.9,29.6
5,2,0.0,6.5,23.200000000000003,0.9685089806599323,10.9,29.6,278.9914855957031,6.886220932006836,7.575977325439453,16.399999618530273,1,6.884600639343262,10.9,29.6
5,2,0.0,6.5,23.200000000000003,0.9685089806599323,10.9,29.6,279.4914855957031,6.896003246307373,7.636889934539795,16.399999618530273,1,6.894382953643799,10.9,29.6
5,2,0.0,6.5,23.200000000000003,0.9685089806599323,10.9,29.6,279.9914855957031,6.9063401222229,7.6979804039001465,16.399999618530273,1,6.904719829559326,10.9,29.6
5,2,0.0,6.5,23.200000000000003,0.9685089806599323,10.9,29.6,280.4914855957031,0.0,,,0,6.915615081787109,10.9,29.6
5,2,0.0,6.5,23.200000000000003,0.9685089806599323,10.9,29.6,280.9914855957031,0.0,,,0,6.9270734786987305,10.9,29.6
5,2,0.0,6.5,23.200000000000003,0.9685089806599323,10.9,29.6,281.4914855957031,6.940719127655029,7.88242244720459,16.399999618530273,1,6.939098834991455,10.9,29.6
5,2,0.0,6.5,23.200000000000003,0.9685089806599323,10.9,29.6,281.9914855957031,6.953316688537598,7.944327354431152,16.399999618530273,1,6.951696395874023,10.9,29.6
5,2,0.0,6.5,23.200000000000003,0.9685089806599323,10.9,29.6,282.4914855957031,0.0,,,0,6.964870929718018,10.9,29.6
5,2,0.0,6.5,23.200000000000003,0.9685089806599323,10.9,29.6,282.9914855957031,6.98024845123291,8.068838119506836,16.399999618530273,1,6.978628158569336,10.9,29.6
5,2,0.0,6.5,23.200000000000003,0.9685089806599323,10.9,29.6,283.4914855957031,6.994594097137451,8.131465911865234,16.399999618530273,1,6.992973804473877,10.9,29.6
5,2,0.0,6.5,23.200000000000003,0.9685089806599323,10.9,29.6,283.9914855957031,7.009532928466797,8.194355964660645,16.399999618530273,1,7.007912635803223,10.9,29.6
5,2,0.0,6.5,23.200000000000003,0.9685089806599323,10.9,29.6,284.4914855957031,7.02507209777832,8.25752067565918,16.399999618530273,1,7.023451805114746,10.9,29.6
5,2,0.0,6.5,23.200000000000003,0.9685089806599323,10.9,29.6,284.9914855957031,7.041217803955078,8.32097053527832,16.399999618530273,1,7.039597511291504,10.9,29.6
5,2,0.0,6.5,23.200000000000003,0.9685089806599323,10.9,29.6,285.4914855957031,7.057976245880127,8.38471794128418,16.399999618530273,1,7.056355953216553,10.9,29.6
5,2,0.0,6.5,23.200000000000003,0.9685089806599323,10.9,29.6,285.9914855957031,7.07535457611084,8.448774337768555,16.399999618530273,1,7.073734283447266,10.9,29.6
5,2,0.0,6.5,23.200000000000003,0.9685089806599323,10.9,29.6,286.4914855957031,7.093360424041748,8.513151168823242,16.399999618530273,1,7.091740131378174,10.9,29.6
5,2,0.0,6.5,23.200000000000003,0.9685089806599323,10.9,29.6,286.9914855957031,7.112000942230225,8.577862739562988,16.399999618530273,1,7.11038064956665,10.9,29.6
5,2,0.0,6.5,23.200000000000003,0.9685089806599323,10.9,29.6,287.4914855957031,7.131284236907959,8.642919540405273,16.399999618530273,1,7.129663944244385,10.9,29.6
5,2,0.0,6.5,23.200000000000003,0.9685089806599323,10.9,29.6,287.9914855957031,7.151217937469482,8.708335876464844,16.399999618530273,1,7.149597644805908,10.9,29.6
5,2,0.0,6.5,23.200000000000003,0.9685089806599323,10.9,29.6,288.4914855957031,7.171811103820801,8.774123191833496,16.399999618530273,1,7.170190811157227,10.9,29.6
5,2,0.0,6.5,23.200000000000003,0.9685089806599323,10.9,29.6,288.9914855957031,7.19307279586792,8.840296745300293,16.399999618530273,1,7.191452503204346,10.9,29.6
5,2,0.0,6.5,23.200000000000003,0.9685089806599323,10.9,29.6,289.4914855957031,7.2150115966796875,8.906867980957031,16.399999618530273,1,7.213391304016113,10.9,29.6
5,2,0.0,6.5,23.200000000000003,0.9685089806599323,10.9,29.6,289.9914855957031,7.237637519836426,8.973852157592773,16.399999618530273,1,7.236017227172852,10.9,29.6
5,2,0.0,6.5,23.200000000000003,0.9685089806599323,10.9,29.6,290.4914855957031,7.260960102081299,9.04126262664795,16.399999618530273,1,7.259339809417725,10.9,29.6
5,2,0.0,6.5,23.200000000000003,0.9685089806599323,10.9,29.6,290.9914855957031,7.284990310668945,9.109114646911621,16.399999618530273,1,7.283370018005371,10.9,29.6
5,2,0.0,6.5,23.200000000000003,0.9685089806599323,10.9,29.6,291.4914855957031,7.309738636016846,9.177422523498535,16.399999618530273,1,7.3081183433532715,10.9,29.6
5,2,0.0,6.5,23.200000000000003,0.9685089806599323,10.9,29.6,291.9914855957031,7.335216045379639,9.246201515197754,16.399999618530273,1,7.3335957527160645,10.9,29.6
5,2,0.0,6.5,23.200000000000003,0.9685089806599323,10.9,29.6,292.4914855957031,7.361433982849121,9.31546688079834,16.399999618530273,1,7.359813690185547,10.9,29.6
5,2,0.0,6.5,23.200000000000003,0.9685089806599323,10.9,29.6,292.9914855957031,0.0,,,0,7.386784076690674,10.9,29.6
5,2,0.0,6.5,23.200000000000003,0.9685089806599323,10.9,29.6,293.4914855957031,7.416140079498291,9.455521583557129,16.399999618530273,1,7.414519786834717,10.9,29.6
5,2,0.0,6.5,23.200000000000003,0.9685089806599323,10.9,29.6,293.9914855957031,7.4446539878845215,9.52634334564209,16.399999618530273,1,7.443033695220947,10.9,29.6
5,2,0.0,6.5,23.200000000000003,0.9685089806599323,10.9,29.6,294.4914855957031,7.473959445953369,9.59771728515625,16.399999618530273,1,7.472339153289795,10.9,29.6
5,2,0.0,6.5,23.200000000000003,0.9685089806599323,10.9,29.6,294.9914855957031,7.504069805145264,9.669660568237305,16.399999618530273,1,7.5024495124816895,10.9,29.6
5,2,0.0,6.5,23.200000000000003,0.9685089806599323,10.9,29.6,295.4914855957031,7.534999847412109,9.742192268371582,16.399999618530273,1,7.533379554748535,10.9,29.6
5,2,0.0,6.5,23.200000000000003,0.9685089806599323,10.9,29.6,295.9914855957031,7.566764831542969,9.815329551696777,16.399999618530273,1,7.5651445388793945,10.9,29.6
5,2,0.0,6.5,23.200000000000003,0.9685089806599323,10.9,29.6,296.4914855957031,7.599379539489746,9.889092445373535,16.399999618530273,1,7.597759246826172,10.9,29.6
5,2,0.0,6.5,23.200000000000003,0.9685089806599323,10.9,29.6,296.9914855957031,7.63286018371582,9.963499069213867,16.399999618530273,1,7.631239891052246,10.9,29.6
5,2,0.0,6.5,23.200000000000003,0.9685089806599323,10.9,29.6,297.4914855957031,7.667223930358887,10.038570404052734,16.399999618530273,1,7.6656036376953125,10.9,29.6
5,2,0.0,6.5,23.200000000000003,0.9685089806599323,10.9,29.6,297.9914855957031,7.702487468719482,10.114326477050781,16.399999618530273,1,7.700867176055908,10.9,29.6
5,2,0.0,6.5,23.200000000000003,0.9685089806599323,10.9,29.6,298.4914855957031,7.738668918609619,10.190789222717285,16.399999618530273,1,7.737048625946045,10.9,29.6
5,2,0.0,6.5,23.200000000000003,0.9685089806599323,10.9,29.6,298.9914855957031,0.0,,,0,7.774166584014893,10.9,29.6
5,2,0.0,6.5,23.200000000000003,0.9685089806599323,10.9,29.6,299.4914855957031,7.8138604164123535,10.345919609069824,16.399999618530273,1,7.812240123748779,10.9,29.6
5,2,0.0,6.5,23.200000000000003,0.9685089806599323,10.9,29.6,299.9914855957031,7.852909564971924,10.424633026123047,16.399999618530273,1,7.85128927230835,10.9,29.6
5,2,0.0,6.5,23.200000000000003,0.9685089806599323,10.9,29.6,300.4914855957031,7.892955303192139,10.504143714904785,16.399999618530273,1,7.8913350105285645,10.9,29.6
5,2,0.0,6.5,23.200000000000003,0.9685089806599323,10.9,29.6,300.9914855957031,7.934018611907959,10.58447551727295,16.399999618530273,1,7.932398319244385,10.9,29.6
5,2,0.0,6.5,23.200000000000003,0.9685089806599323,10.9,29.6,301.4914855957031,0.0,,,0,7.974501609802246,10.9,29.6
5,2,0.0,6.5,23.200000000000003,0.9685089806599323,10.9,29.6,301.9914855957031,8.019288063049316,10.747705459594727,16.399999618530273,1,8.017667770385742,10.9,29.6
5,2,0.0,6.5,23.200000000000003,0.9685089806599323,10.9,29.6,302.4914855957031,8.063542366027832,10.830656051635742,16.399999618530273,1,8.061922073364258,10.9,29.6
5,2,0.0,6.5,23.200000000000003,0.9685089806599323,10.9,29.6,302.9914855957031,8.108907699584961,10.914533615112305,16.399999618530273,1,8.107287406921387,10.9,29.6
5,2,0.0,6.5,23.200000000000003,0.9685089806599323,10.9,29.6,303.4914855957031,8.155410766601562,10.999367713928223,16.399999618530273,1,8.153790473937988,10.9,29.6
5,2,0.0,6.5,23.200000000000003,0.9685089806599323,10.9,29.6,303.9914855957031,8.203079223632812,11.085186004638672,16.399999618530273,1,8.201458930969238,10.9,29.6
5,2,0.0,6.5,23.200000000000003,0.9685089806599323,10.9,29.6,304.4914855957031,8.251940727233887,11.17202091217041,16.399999618530273,1,8.250320434570312,10.9,29.6
5,2,0.0,6.5,23.200000000000003,0.9685089806599323,10.9,29.6,304.9914855957031,8.302022933959961,11.259903907775879,16.399999618530273,1,8.300402641296387,10.9,29.6
5,2,0.0,6.5,23.200000000000003,0.9685089806599323,10.9,29.6,305.4914855957031,8.353357315063477,11.34886646270752,16.399999618530273,1,8.351737022399902,10.9,29.6
5,2,0.0,6.5,23.200000000000003,0.9685089806599323,10.9,29.6,305.9914855957031,8.405974388122559,11.438943862915039,16.399999618530273,1,8.404354095458984,10.9,29.6
5,2,0.0,6.5,23.200000000000003,0.9685089806599323,10.9,29.6,306.4914855957031,8.459906578063965,11.530170440673828,16.399999618530273,1,8.45828628540039,10.9,29.6
5,2,0.0,6.5,23.200000000000003,0.9685089806599323,10.9,29.6,306.9914855957031,8.515188217163086,11.622581481933594,16.399999618530273,1,8.513567924499512,10.9,29.6
5,2,0.0,6.5,23.200000000000003,0.9685089806599323,10.9,29.6,307.4914855957031,8.571854591369629,11.716217041015625,16.399999618530273,1,8.570234298706055,10.9,29.6
5,2,0.0,6.5,23.200000000000003,0.9685089806599323,10.9,29.6,307.9914855957031,8.629941940307617,11.811113357543945,16.399999618530273,1,8.628321647644043,10.9,29.6
5,2,0.0,6.5,23.200000000000003,0.9685089806599323,10.9,29.6,308.4914855957031,8.68948745727539,11.907313346862793,16.399999618530273,1,8.687867164611816,10.9,29.6
5,2,0.0,6.5,23.200000000000003,0.9685089806599323,10.9,29.6,308.9914855957031,8.750531196594238,12.004857063293457,16.399999618530273,1,8.748910903930664,10.9,29.6
5,2,0.0,6.5,23.200000000000003,0.9685089806599323,10.9,29.6,309.4914855957031,8.813115119934082,12.103788375854492,16.399999618530273,1,8.811494827270508,10.9,29.6
5,2,0.0,6.5,23.200000000000003,0.9685089806599323,10.9,29.6,309.9914855957031,8.87728214263916,12.204154014587402,16.399999618530273,1,8.875661849975586,10.9,29.6
5,2,0.0,6.5,23.200000000000003,0.9685089806599323,10.9,29.6,310.4914855957031,8.943076133728027,12.305999755859375,16.399999618530273,1,8.941455841064453,10.9,29.6
5,2,0.0,6.5,23.200000000000003,0.9685089806599323,10.9,29.6,310.9914855957031,9.010543823242188,12.409374237060547,16.399999618530273,1,9.008923530578613,10.9,29.6
5,2,0.0,6.5,23.200000000000003,0.9685089806599323,10.9,29.6,311.4914855957031,9.079733848571777,12.514328956604004,16.399999618530273,1,9.078113555908203,10.9,29.6
5,2,0.0,6.5,23.200000000000003,0.9685089806599323,10.9,29.6,311.9914855957031,9.150697708129883,12.620916366577148,16.399999618530273,1,9.149077415466309,10.9,29.6
5,2,0.0,6.5,23.200000000000003,0.9685089806599323,10.9,29.6,312.4914855957031,9.22348690032959,12.729191780090332,16.399999618530273,1,9.221866607666016,10.9,29.6
5,2,0.0,6.5,23.200000000000003,0.9685089806599323,10.9,29.6,312.9914855957031,9.298157691955566,12.839211463928223,16.399999618530273,1,9.296537399291992,10.9,29.6
5,2,0.0,6.5,23.200000000000003,0.9685089806599323,10.9,29.6,313.4914855957031,9.374767303466797,12.95103645324707,16.399999618530273,1,9.373147010803223,10.9,29.6
5,2,0.0,6.5,23.200000000000003,0.9685089806599323,10.9,29.6,313.9914855957031,9.360179901123047,13.0,16.46704864501953,1,9.358559608459473,10.9,29.6
5,2,0.0,6.5,23.200000000000003,0.9685089806599323,10.9,29.6,314.4914855957031,9.276692390441895,13.0,16.58358383178711,1,9.27507209777832,10.9,29.6
5,2,0.0,6.5,23.200000000000003,0.9685089806599323,10.9,29.6,314.9914855957031,9.1953763961792,13.0,16.69806671142578,1,9.193756103515625,10.9,29.6
5,2,0.0,6.5,23.200000000000003,0.9685089806599323,10.9,29.6,315.4914855957031,0.0,,,0,9.114541053771973,10.9,29.6
5,2,0.0,6.5,23.200000000000003,0.9685089806599323,10.9,29.6,315.9914855957031,9.038982391357422,13.0,16.921154022216797,1,9.037362098693848,10.9,29.6
5,2,0.0,6.5,23.200000000000003,0.9685089806599323,10.9,29.6,316.4914855957031,8.963775634765625,13.0,17.029891967773438,1,8.96215534210205,10.9,29.6
5,2,0.0,6.5,23.200000000000003,0.9685089806599323,10.9,29.6,316.9914855957031,8.890481948852539,13.0,17.136844635009766,1,8.888861656188965,10.9,29.6
5,2,0.0,6.5,23.200000000000003,0.9685089806599323,10.9,29.6,317.4914855957031,8.819043159484863,13.0,17.242069244384766,1,8.817422866821289,10.9,29.6
5,2,0.0,6.5,23.200000000000003,0.9685089806599323,10.9,29.6,317.9914855957031,8.749404907226562,13.0,17.345623016357422,1,8.747784614562988,10.9,29.6
5,2,0.0,6.5,23.200000000000003,0.9685089806599323,10.9,29.6,318.4914855957031,8.681513786315918,13.0,17.447561264038086,1,8.679893493652344,10.9,29.6
5,2,0.0,6.5,23.200000000000003,0.9685089806599323,10.9,29.6,318.9914855957031,8.615318298339844,13.0,17.54793930053711,1,8.61369800567627,10.9,29.6
5,2,0.0,6.5,23.200000000000003,0.9685089806599323,10.9,29.6,319.4914855957031,8.550771713256836,13.0,17.64680290222168,1,8.549151420593262,10.9,29.6
5,2,0.0,6.5,23.200000000000003,0.9685089806599323,10.9,29.6,319.9914855957031,8.48782730102539,13.0,17.744203567504883,1,8.486207008361816,10.9,29.6
5,2,0.0,6.5,23.200000000000003,0.9685089806599323,10.9,29.6,320.4914855957031,8.42643928527832,13.0,17.84018898010254,1,8.424818992614746,10.9,29.6
5,2,0.0,6.5,23.200000000000003,0.9685089806599323,10.9,29.6,320.9914855957031,8.366564750671387,13.0,17.934803009033203,1,8.364944458007812,10.9,29.6
5,2,0.0,6.5,23.200000000000003,0.9685089806599323,10.9,29.6,321.4914855957031,8.308164596557617,13.0,18.028087615966797,1,8.306544303894043,10.9,29.6
5,2,0.0,6.5,23.200000000000003,0.9685089806599323,10.9,29.6,321.9914855957031,8.251197814941406,13.0,18.120086669921875,1,8.249577522277832,10.9,29.6
5,2,0.0,6.5,23.200000000000003,0.9685089806599323,10.9,29.6,322.4914855957031,8.195626258850098,13.0,18.210838317871094,1,8.194005966186523,10.9,29.6
5,2,0.0,6.5,23.200000000000003,0.9685089806599323,10.9,29.6,322.9914855957031,8.141414642333984,13.0,18.300382614135742,1,8.13979434967041,10.9,29.6
5,2,0.0,6.5,23.200000000000003,0.9685089806599323,10.9,29.6,323.4914855957031,8.08852767944336,13.0,18.388755798339844,1,8.086907386779785,10.9,29.6
5,2,0.0,6.5,23.200000000000003,0.9685089806599323,10.9,29.6,323.9914855957031,8.036931037902832,13.0,18.475996017456055,1,8.035310745239258,10.9,29.6
5,2,0.0,6.5,23.200000000000003,0.9685089806599323,10.9,29.6,324.4914855957031,7.986592769622803,13.0,18.562135696411133,1,7.9849724769592285,10.9,29.6
5,2,0.0,6.5,23.200000000000003,0.9685089806599323,10.9,29.6,324.9914855957031,0.0,,,0,7.935861587524414,10.9,29.6
5,2,0.0,6.5,23.200000000000003,0.9685089806599323,10.9,29.6,325.4914855957031,7.889568328857422,13.0,18.731250762939453,1,7.887948036193848,10.9,29.6
5,2,0.0,6.5,23.200000000000003,0.9685089806599323,10.9,29.6,325.9914855957031,7.8428239822387695,13.0,18.814287185668945,1,7.841203689575195,10.9,29.6
5,2,0.0,6.5,23.200000000000003,0.9685089806599323,10.9,29.6,326.4914855957031,7.797220230102539,13.0,18.896352767944336,1,7.795599937438965,10.9,29.6
5,2,0.0,6.5,23.200000000000003,0.9685089806599323,10.9,29.6,326.9914855957031,7.752730369567871,13.0,18.977476119995117,1,7.751110076904297,10.9,29.6
5,2,0.0,6.5,23.200000000000003,0.9685089806599323,10.9,29.6,327.4914855957031,7.709329605102539,13.0,19.05768394470215,1,7.707709312438965,10.9,29.6
5,2,0.0,6.5,23.200000000000003,0.9685089806599323,10.9,29.6,327.9914855957031,7.666992664337158,13.0,19.137004852294922,1,7.665372371673584,10.9,29.6
5,2,0.0,6.5,23.200000000000003,0.9685089806599323,10.9,29.6,328.4914855957031,7.62569522857666,13.0,19.215465545654297,1,7.624074935913086,10.9,29.6
5,2,0.0,6.5,23.200000000000003,0.9685089806599323,10.9,29.6,328.9914855957031,7.585415363311768,13.0,19.2930908203125,1,7.583795070648193,10.9,29.6
5,2,0.0,6.5,23.200000000000003,0.9685089806599323,10.9,29.6,329.4914855957031,7.546130180358887,13.0,19.369905471801758,1,7.5445098876953125,10.9,29.6
5,2,0.0,6.5,23.200000000000003,0.9685089806599323,10.9,29.6,329.9914855957031,7.507818698883057,13.0,19.445934295654297,1,7.506198406219482,10.9,29.6
5,2,0.0,6.5,23.200000000000003,0.9685089806599323,10.9,29.6,330.4914855957031,7.470459938049316,13.0,19.52120018005371,1,7.468839645385742,10.9,29.6
5,2,0.0,6.5,23.200000000000003,0.9685089806599323,10.9,29.6,330.9914855957031,7.434034824371338,13.0,19.595727920532227,1,7.432414531707764,10.9,29.6
5,2,0.0,6.5,23.200000000000003,0.9685089806599323,10.9,29.6,331.4914855957031,7.398523330688477,13.0,19.669536590576172,1,7.396903038024902,10.9,29.6
5,2,0.0,6.5,23.200000000000003,0.9685089806599323,10.9,29.6,331.9914855957031,7.363907814025879,13.0,19.74264907836914,1,7.362287521362305,10.9,29.6
5,2,0.0,6.5,23.200000000000003,0.9685089806599323,10.9,29.6,332.4914855957031,0.0,,,0,7.328550338745117,10.9,29.6
5,2,0.0,6.5,23.200000000000003,0.9685089806599323,10.9,29.6,332.9914855957031,7.297293663024902,13.0,19.886865615844727,1,7.295673370361328,10.9,29.6
5,2,0.0,6.5,23.200000000000003,0.9685089806599323,10.9,29.6,333.4914855957031,7.265261650085449,13.0,19.958011627197266,1,7.263641357421875,10.9,29.6
5,2,0.0,6.5,23.200000000000003,0.9685089806599323,10.9,29.6,333.9914855957031,7.234057903289795,13.0,20.028541564941406,1,7.232437610626221,10.9,29.6
5,2,0.0,6.5,23.200000000000003,0.9685089806599323,10.9,29.6,334.4914855957031,7.203666687011719,13.0,20.098472595214844,1,7.2020463943481445,10.9,29.6
5,2,0.0,6.5,23.200000000000003,0.9685089806599323,10.9,29.6,334.9914855957031,7.174074172973633,13.0,20.167823791503906,1,7.172453880310059,10.9,29.6
5,2,0.0,6.5,23.200000000000003,0.9685089806599323,10.9,29.6,335.4914855957031,7.145265579223633,13.0,20.23661231994629,1,7.143645286560059,10.9,29.6
5,2,0.0,6.5,23.200000000000003,0.9685089806599323,10.9,29.6,335.9914855957031,7.117227554321289,13.0,20.304855346679688,1,7.115607261657715,10.9,29.6
5,2,0.0,6.5,23.200000000000003,0.9685089806599323,10.9,29.6,336.4914855957031,7.0899457931518555,13.0,20.372570037841797,1,7.088325500488281,10.9,29.6
5,2,0.0,6.5,23.200000000000003,0.9685089806599323,10.9,29.6,336.9914855957031,7.063408851623535,13.0,20.43977165222168,1,7.061788558959961,10.9,29.6
5,2,0.0,6.5,23.200000000000003,0.9685089806599323,10.9,29.6,337.4914855957031,7.037603378295898,13.0,20.506479263305664,1,7.035983085632324,10.9,29.6
5,2,0.0,6.5,23.200000000000003,0.9685089806599323,10.9,29.6,337.9914855957031,7.01251745223999,13.0,20.572704315185547,1,7.010897159576416,10.9,29.6
5,2,0.0,6.5,23.200000000000003,0.9685089806599323,10.9,29.6,338.4914855957031,6.988140106201172,13.0,20.638463973999023,1,6.986519813537598,10.9,29.6
5,2,0.0,6.5,23.200000000000003,0.9685089806599323,10.9,29.6,338.9914855957031,6.964460372924805,13.0,20.703773498535156,1,6.9628400802612305,10.9,29.6
5,2,0.0,6.5,23.200000000000003,0.9685089806599323,10.9,29.6,339.4914855957031,6.94146728515625,13.0,20.768648147583008,1,6.939846992492676,10.9,29.6
5,2,0.0,6.5,23.200000000000003,0.9685089806599323,10.9,29.6,339.9914855957031,6.919150352478027,13.0,20.833099365234375,1,6.917530059814453,10.9,29.6
5,2,0.0,6.5,23.200000000000003,0.9685089806599323,10.9,29.6,340.4914855957031,6.897500038146973,13.0,20.897140502929688,1,6.895879745483398,10.9,29.6
5,2,0.0,6.5,23.200000000000003,0.9685089806599323,10.9,29.6,340.9914855957031,6.876506805419922,13.0,20.96078872680664,1,6.874886512756348,10.9,29.6
5,2,0.0,6.5,23.200000000000003,0.9685089806599323,10.9,29.6,341.4914855957031,6.856161594390869,13.0,21.02405548095703,1,6.854541301727295,10.9,29.6
5,2,0.0,6.5,23.200000000000003,0.9685089806599323,10.9,29.6,341.9914855957031,6.836455345153809,13.0,21.086952209472656,1,6.834835052490234,10.9,29.6
5,2,0.0,6.5,23.200000000000003,0.9685089806599323,10.9,29.6,342.4914855957031,6.817379474639893,13.0,21.149494171142578,1,6.815759181976318,10.9,29.6
5,2,0.0,6.5,23.200000000000003,0.9685089806599323,10.9,29.6,342.9914855957031,6.798925876617432,13.0,21.211692810058594,1,6.797305583953857,10.9,29.6
5,2,0.0,6.5,23.200000000000003,0.9685089806599323,10.9,29.6,343.4914855957031,6.7810869216918945,13.0,21.2735595703125,1,6.77946662902832,10.9,29.6
5,2,0.0,6.5,23.200000000000003,0.9685089806599323,10.9,29.6,343.9914855957031,6.76385498046875,13.0,21.335107803344727,1,6.762234687805176,10.9,29.6
5,2,0.0,6.5,23.200000000000003,0.9685089806599323,10.9,29.6,344.4914855957031,0.0,,,0,6.745602607727051,10.9,29.6
5,2,0.0,6.5,23.200000000000003,0.9685089806599323,10.9,29.6,344.9914855957031,6.731184005737305,13.0,21.457294464111328,1,6.7295637130737305,10.9,29.6
5,2,0.0,6.5,23.200000000000003,0.9685089806599323,10.9,29.6,345.4914855957031,6.715730667114258,13.0,21.517953872680664,1,6.714110374450684,10.9,29.6
5,2,0.0,6.5,23.200000000000003,0.9685089806599323,10.9,29.6,345.9914855957031,6.700857639312744,13.0,21.578340530395508,1,6.69923734664917,10.9,29.6
5,2,0.0,6.5,23.200000000000003,0.9685089806599323,10.9,29.6,346.4914855957031,6.686557769775391,13.0,21.638465881347656,1,6.684937477111816,10.9,29.6
5,2,0.0,6.5,23.200000000000003,0.9685089806599323,10.9,29.6,346.9914855957031,6.672826290130615,13.0,21.69833755493164,1,6.671205997467041,10.9,29.6
5,2,0.0,6.5,23.200000000000003,0.9685089806599323,10.9,29.6,347.4914855957031,0.0,,,0,6.658036708831787,10.9,29.6
5,2,0.0,6.5,23.200000000000003,0.9685089806599323,10.9,29.6,347.9914855957031,6.6470441818237305,13.0,21.817371368408203,1,6.645423889160156,10.9,29.6
5,2,0.0,6.5,23.200000000000003,0.9685089806599323,10.9,29.6,348.4914855957031,6.634984016418457,13.0,21.87655258178711,1,6.633363723754883,10.9,29.6
5,2,0.0,6.5,23.200000000000003,0.9685089806599323,10.9,29.6,348.9914855957031,6.623470306396484,13.0,21.935523986816406,1,6.62185001373291,10.9,29.6
5,2,0.0,6.5,23.200000000000003,0.9685089806599323,10.9,29.6,349.4914855957031,6.612499237060547,13.0,21.994295120239258,1,6.610878944396973,10.9,29.6
5,2,0.0,6.5,23.200000000000003,0.9685089806599323,10.9,29.6,349.9914855957031,6.602066516876221,13.0,22.05287742614746,1,6.6004462242126465,10.9,29.6
5,2,0.0,6.5,23.200000000000003,0.9685089806599323,10.9,29.6,350.4914855957031,6.592167377471924,13.0,22.111278533935547,1,6.59054708480835,10.9,29.6
5,2,0.0,6.5,23.200000000000003,0.9685089806599323,10.9,29.6,350.9914855957031,6.582798957824707,13.0,22.169509887695312,1,6.581178665161133,10.9,29.6
5,2,0.0,6.5,23.200000000000003,0.9685089806599323,10.9,29.6,351.4914855957031,0.0,,,0,6.572336196899414,10.9,29.6
5,2,0.0,6.5,23.200000000000003,0.9685089806599323,10.9,29.6,351.9914855957031,6.56563663482666,13.0,22.285497665405273,1,6.564016342163086,10.9,29.6
5,2,0.0,6.5,23.200000000000003,0.9685089806599323,10.9,29.6,352.4914855957031,6.557837009429932,13.0,22.34327507019043,1,6.556216716766357,10.9,29.6
5,2,0.0,6.5,23.200000000000003,0.9685089806599323,10.9,29.6,352.9914855957031,6.550553798675537,13.0,22.40091896057129,1,6.548933506011963,10.9,29.6
5,2,0.0,6.5,23.200000000000003,0.9685089806599323,10.9,29.6,353.4914855957031,6.5437846183776855,13.0,22.458438873291016,1,6.542164325714111,10.9,29.6
5,2,0.0,6.5,23.200000000000003,0.9685089806599323,10.9,29.6,353.9914855957031,6.5375261306762695,13.0,22.515844345092773,1,6.535905838012695,10.9,29.6
5,2,0.0,6.5,23.200000000000003,0.9685089806599323,10.9,29.6,354.4914855957031,6.5317769050598145,13.0,22.573144912719727,1,6.53015661239624,10.9,29.6
5,2,0.0,6.5,23.200000000000003,0.9685089806599323,10.9,29.6,354.9914855957031,6.526534080505371,13.0,22.63035011291504,1,6.524913787841797,10.9,29.6
5,2,0.0,6.5,23.200000000000003,0.9685089806599323,10.9,29.6,355.4914855957031,6.521795749664307,13.0,22.68746566772461,1,6.520175457000732,10.9,29.6
5,2,0.0,6.5,23.200000000000003,0.9685089806599323,10.9,29.6,355.9914855957031,6.5175604820251465,13.0,22.744504928588867,1,6.515940189361572,10.9,29.6
5,2,0.0,6.5,23.200000000000003,0.9685089806599323,10.9,29.6,356.4914855957031,6.5138258934021,13.0,22.801471710205078,1,6.512205600738525,10.9,29.6
5,2,0.0,6.5,23.200000000000003,0.9685089806599323,10.9,29.6,356.9914855957031,6.510591506958008,13.0,22.858379364013672,1,6.508971214294434,10.9,29.6
5,2,0.0,6.5,23.200000000000003,0.9685089806599323,10.9,29.6,357.4914855957031,6.50785493850708,13.0,22.91523551940918,1,6.506234645843506,10.9,29.6
5,2,0.0,6.5,23.200000000000003,0.9685089806599323,10.9,29.6,357.9914855957031,6.505616188049316,13.0,22.972047805786133,1,6.503995895385742,10.9,29.6
5,2,0.0,6.5,23.200000000000003,0.9685089806599323,10.9,29.6,358.4914855957031,6.503873825073242,13.0,23.028823852539062,1,6.502253532409668,10.9,29.6
5,2,0.0,6.5,23.200000000000003,0.9685089806599323,10.9,29.6,358.9914855957031,6.502627372741699,13.0,23.085575103759766,1,6.501007080078125,10.9,29.6
5,2,0.0,6.5,23.200000000000003,0.9685089806599323,10.9,29.6,359.4914855957031,6.501876354217529,13.0,23.142309188842773,1,6.500256061553955,10.9,29.6
5,2,0.0,6.5,23.200000000000003,0.9685089806599323,10.9,29.6,359.9914855957031,6.501620292663574,13.0,23.199033737182617,1,6.5,10.9,29.6
5,2,0.0,6.5,23.200000000000003,0.9685089806599323,10.9,29.6,0.49147701263427734,6.501859664916992,13.0,23.25575828552246,1,6.500239372253418,10.9,29.6
5,2,0.0,6.5,23.200000000000003,0.9685089806599323,10.9,29.6,0.9914770126342773,6.502593517303467,13.0,23.312490463256836,1,6.500973224639893,10.9,29.6
5,2,0.0,6.5,23.200000000000003,0.9685089806599323,10.9,29.6,1.4914770126342773,6.503823280334473,13.0,23.36924171447754,1,6.502202987670898,10.9,29.6
5,2,0.0,6.5,23.200000000000003,0.9685089806599323,10.9,29.6,1.9914770126342773,0.0,,,0,6.503928184509277,10.9,29.6
5,2,0.0,6.5,23.200000000000003,0.9685089806599323,10.9,29.6,2.4914770126342773,6.507770538330078,13.0,23.48282814025879,1,6.506150245666504,10.9,29.6
5,2,0.0,6.5,23.200000000000003,0.9685089806599323,10.9,29.6,2.9914770126342773,6.5104899406433105,13.0,23.53968048095703,1,6.508869647979736,10.9,29.6
5,2,0.0,6.5,23.200000000000003,0.9685089806599323,10.9,29.6,3.4914770126342773,6.513707637786865,13.0,23.596586227416992,1,6.512087345123291,10.9,29.6
5,2,0.0,6.5,23.200000000000003,0.9685089806599323,10.9,29.6,3.9914770126342773,6.517425060272217,13.0,23.653553009033203,1,6.515804767608643,10.9,29.6
5,2,0.0,6.5,23.200000000000003,0.9685089806599323,10.9,29.6,4.491477012634277,6.521643161773682,13.0,23.710588455200195,1,6.520022869110107,10.9,29.6
5,2,0.0,6.5,23.200000000000003,0.9685089806599323,10.9,29.6,4.991477012634277,6.526364326477051,13.0,23.767702102661133,1,6.524744033813477,10.9,29.6
5,2,0.0,6.5,23.200000000000003,0.9685089806599323,10.9,29.6,5.491477012634277,6.531589984893799,13.0,23.82490348815918,1,6.529969692230225,10.9,29.6
5,2,0.0,6.5,23.200000000000003,0.9685089806599323,10.9,29.6,5.991477012634277,6.537322044372559,13.0,23.882200241088867,1,6.535701751708984,10.9,29.6
5,2,0.0,6.5,23.200000000000003,0.9685089806599323,10.9,29.6,6.491477012634277,6.543562889099121,13.0,23.93960189819336,1,6.541942596435547,10.9,29.6
5,2,0.0,6.5,23.200000000000003,0.9685089806599323,10.9,29.6,6.991477012634277,6.550314426422119,13.0,23.99711799621582,1,6.548694133758545,10.9,29.6
5,2,0.0,6.5,23.200000000000003,0.9685089806599323,10.9,29.6,7.491477012634277,6.55757999420166,13.0,24.054758071899414,1,6.555959701538086,10.9,29.6
5,2,0.0,6.5,23.200000000000003,0.9685089806599323,10.9,29.6,7.991477012634277,6.565362453460693,13.0,24.112529754638672,1,6.563742160797119,10.9,29.6
5,2,0.0,6.5,23.200000000000003,0.9685089806599323,10.9,29.6,8.491477012634277,6.57366418838501,13.0,24.170442581176758,1,6.5720438957214355,10.9,29.6
5,2,0.0,6.5,23.200000000000003,0.9685089806599323,10.9,29.6,8.991477012634277,6.582488536834717,13.0,24.22850799560547,1,6.580868244171143,10.9,29.6
5,2,0.0,6.5,23.200000000000003,0.9685089806599323,10.9,29.6,9.491477012634277,0.0,,,0,6.590219020843506,10.9,29.6
5,2,0.0,6.5,23.200000000000003,0.9685089806599323,10.9,29.6,9.991477012634277,6.601720333099365,13.0,24.345129013061523,1,6.600100040435791,10.9,29.6
5,2,0.0,6.5,23.200000000000003,0.9685089806599323,10.9,29.6,10.491477012634277,0.0,,,0,6.6105146408081055,10.9,29.6
5,2,0.0,6.5,23.200000000000003,0.9685089806599323,10.9,29.6,10.991477012634277,6.623087406158447,13.0,24.46246910095215,1,6.621467113494873,10.9,29.6
5,2,0.0,6.5,23.200000000000003,0.9685089806599323,10.9,29.6,11.491477012634277,6.63458251953125,13.0,24.521432876586914,1,6.632962226867676,10.9,29.6
5,2,0.0,6.5,23.200000000000003,0.9685089806599323,10.9,29.6,11.991477012634277,6.6466240882873535,13.0,24.58060646057129,1,6.645003795623779,10.9,29.6
5,2,0.0,6.5,23.200000000000003,0.9685089806599323,10.9,29.6,12.491477012634277,0.0,,,0,6.657597541809082,10.9,29.6
5,2,0.0,6.5,23.200000000000003,0.9685089806599323,10.9,29.6,12.991477012634277,0.0,,,0,6.670747756958008,10.9,29.6
5,2,0.0,6.5,23.200000000000003,0.9685089806599323,10.9,29.6,13.491477012634277,6.686080455780029,13.0,24.759489059448242,1,6.684460163116455,10.9,29.6
5,2,0.0,6.5,23.200000000000003,0.9685089806599323,10.9,29.6,13.991477012634277,6.700360298156738,13.0,24.819604873657227,1,6.698740005493164,10.9,29.6
5,2,0.0,6.5,23.200000000000003,0.9685089806599323,10.9,29.6,14.491477012634277,6.715214252471924,13.0,24.879981994628906,1,6.71359395980835,10.9,29.6
5,2,0.0,6.5,23.200000000000003,0.9685089806599323,10.9,29.6,14.991477012634277,6.730647563934326,13.0,24.94063377380371,1,6.729027271270752,10.9,29.6
5,2,0.0,6.5,23.200000000000003,0.9685089806599323,10.9,29.6,15.491477012634277,6.746666431427002,13.0,25.001567840576172,1,6.745046138763428,10.9,29.6
5,2,0.0,6.5,23.200000000000003,0.9685089806599323,10.9,29.6,15.991477012634277,6.763278484344482,13.0,25.06279945373535,1,6.761658191680908,10.9,29.6
5,2,0.0,6.5,23.200000000000003,0.9685089806599323,10.9,29.6,16.49147605895996,6.780489444732666,13.0,25.12433624267578,1,6.778869152069092,10.9,29.6
5,2,0.0,6.5,23.200000000000003,0.9685089806599323,10.9,29.6,16.99147605895996,6.7983078956604,13.0,25.18619155883789,1,6.796687602996826,10.9,29.6
5,2,0.0,6.5,23.200000000000003,0.9685089806599323,10.9,29.6,17.49147605895996,6.816740036010742,13.0,25.24837875366211,1,6.815119743347168,10.9,29.6
5,2,0.0,6.5,23.200000000000003,0.9685089806599323,10.9,29.6,17.99147605895996,6.835794448852539,13.0,25.310909271240234,1,6.834174156188965,10.9,29.6
5,2,0.0,6.5,23.200000000000003,0.9685089806599323,10.9,29.6,18.49147605895996,6.8554792404174805,13.0,25.373794555664062,1,6.853858947753906,10.9,29.6
5,2,0.0,6.5,23.200000000000003,0.9685089806599323,10.9,29.6,18.99147605895996,6.875802516937256,13.0,25.437047958374023,1,6.874182224273682,10.9,29.6
5,2,0.0,6.5,23.200000000000003,0.9685089806599323,10.9,29.6,19.49147605895996,6.896773815155029,13.0,25.500682830810547,1,6.895153522491455,10.9,29.6
5,2,0.0,6.5,23.200000000000003,0.9685089806599323,10.9,29.6,19.99147605895996,0.0,,,0,6.916780948638916,10.9,29.6
5,2,0.0,6.5,23.200000000000003,0.9685089806599323,10.9,29.6,20.49147605895996,6.940695285797119,13.0,25.629148483276367,1,6.939074993133545,10.9,29.6
5,2,0.0,6.5,23.200000000000003,0.9685089806599323,10.9,29.6,20.99147605895996,6.96366548538208,13.0,25.694005966186523,1,6.962045192718506,10.9,29.6
5,2,0.0,6.5,23.200000000000003,0.9685089806599323,10.9,29.6,21.49147605895996,6.987321376800537,13.0,25.759302139282227,1,6.985701084136963,10.9,29.6
5,2,0.0,6.5,23.200000000000003,0.9685089806599323,10.9,29.6,21.99147605895996,7.011674880981445,13.0,25.82504653930664,1,7.010054588317871,10.9,29.6
5,2,0.0,6.5,23.200000000000003,0.9685089806599323,10.9,29.6,22.49147605895996,7.036736011505127,13.0,25.89125633239746,1,7.035115718841553,10.9,29.6
5,2,0.0,6.5,23.200000000000003,0.9685089806599323,10.9,29.6,22.99147605895996,7.062517166137695,13.0,25.957944869995117,1,7.060896873474121,10.9,29.6
5,2,0.0,6.5,23.200000000000003,0.9685089806599323,10.9,29.6,23.49147605895996,7.089029312133789,13.0,26.025131225585938,1,7.087409019470215,10.9,29.6
5,2,0.0,6.5,23.200000000000003,0.9685089806599323,10.9,29.6,23.99147605895996,7.1162848472595215,13.0,26.09282875061035,1,7.114664554595947,10.9,29.6
5,2,0.0,6.5,23.200000000000003,0.9685089806599323,10.9,29.6,24.49147605895996,7.144297122955322,13.0,26.161052703857422,1,7.142676830291748,10.9,29.6
5,2,0.0,6.5,23.200000000000003,0.9685089806599323,10.9,29.6,24.99147605895996,7.173079490661621,13.0,26.229822158813477,1,7.171459197998047,10.9,29.6
5,2,0.0,6.5,23.200000000000003,0.9685089806599323,10.9,29.6,25.49147605895996,0.0,,,0,7.201024532318115,10.9,29.6
5,2,0.0,6.5,23.200000000000003,0.9685089806599323,10.9,29.6,25.99147605895996,0.0,,,0,7.231388092041016,10.9,29.6
5,2,0.0,6.5,23.200000000000003,0.9685089806599323,10.9,29.6,26.49147605895996,7.264184474945068,13.0,26.439573287963867,1,7.262564182281494,10.9,29.6
5,2,0.0,6.5,23.200000000000003,0.9685089806599323,10.9,29.6,26.99147605895996,7.296187877655029,13.0,26.510698318481445,1,7.294567584991455,10.9,29.6
5,2,0.0,6.5,23.200000000000003,0.9685089806599323,10.9,29.6,27.49147605895996,7.329035758972168,13.0,26.582456588745117,1,7.327415466308594,10.9,29.6
5,2,0.0,6.5,23.200000000000003,0.9685089806599323,10.9,29.6,27.99147605895996,7.362743377685547,13.0,26.654870986938477,1,7.361123085021973,10.9,29.6
5,2,0.0,6.5,23.200000000000003,0.9685089806599323,10.9,29.6,28.49147605895996,7.397328853607178,13.0,26.72796058654785,1,7.3957085609436035,10.9,29.6
5,2,0.0,6.5,23.200000000000003,0.9685089806599323,10.9,29.6,28.99147605895996,7.432808876037598,13.0,26.80174446105957,1,7.431188583374023,10.9,29.6
5,2,0.0,6.5,23.200000000000003,0.9685089806599323,10.9,29.6,29.49147605895996,7.469202995300293,13.0,26.87624740600586,1,7.467582702636719,10.9,29.6
5,2,0.0,6.5,23.200000000000003,0.9685089806599323,10.9,29.6,29.99147605895996,7.506529331207275,13.0,26.951488494873047,1,7.504909038543701,10.9,29.6
5,2,0.0,6.5,23.200000000000003,0.9685089806599323,10.9,29.6,30.49147605895996,7.5448079109191895,13.0,27.027490615844727,1,7.543187618255615,10.9,29.6
5,2,0.0,6.5,23.200000000000003,0.9685089806599323,10.9,29.6,30.99147605895996,7.584059715270996,13.0,27.104278564453125,1,7.582439422607422,10.9,29.6
5,2,0.0,6.5,23.200000000000003,0.9685089806599323,10.9,29.6,31.49147605895996,7.624305725097656,13.0,27.181875228881836,1,7.622685432434082,10.9,29.6
5,2,0.0,6.5,23.200000000000003,0.9685089806599323,10.9,29.6,31.99147605895996,7.665567398071289,13.0,27.26030731201172,1,7.663947105407715,10.9,29.6
5,2,0.0,6.5,23.200000000000003,0.9685089806599323,10.9,29.6,32.491477966308594,7.707869052886963,13.0,27.339597702026367,1,7.706248760223389,10.9,29.6
5,2,0.0,6.5,23.200000000000003,0.9685089806599323,10.9,29.6,32.991477966308594,7.751233100891113,13.0,27.419775009155273,1,7.749612808227539,10.9,29.6
5,2,0.0,6.5,23.200000000000003,0.9685089806599323,10.9,29.6,33.491477966308594,7.795685291290283,13.0,27.500865936279297,1,7.794064998626709,10.9,29.6
5,2,0.0,6.5,23.200000000000003,0.9685089806599323,10.9,29.6,33.991477966308594,7.841250419616699,13.0,27.58289909362793,1,7.839630126953125,10.9,29.6
5,2,0.0,6.5,23.200000000000003,0.9685089806599323,10.9,29.6,34.491477966308594,7.887955665588379,13.0,27.665903091430664,1,7.886335372924805,10.9,29.6
5,2,0.0,6.5,23.200000000000003,0.9685089806599323,10.9,29.6,34.991477966308594,7.935828685760498,13.0,27.749908447265625,1,7.934208393096924,10.9,29.6
5,2,0.0,6.5,23.200000000000003,0.9685089806599323,10.9,29.6,35.491477966308594,0.0,,,0,7.983277797698975,10.9,29.6
5,2,0.0,6.5,23.200000000000003,0.9685089806599323,10.9,29.6,35.991477966308594,8.035194396972656,13.0,27.921049118041992,1,8.033574104309082,10.9,29.6
5,2,0.0,6.5,23.200000000000003,0.9685089806599323,10.9,29.6,36.491477966308594,8.086747169494629,13.0,28.008251190185547,1,8.085126876831055,10.9,29.6
5,2,0.0,6.5,23.200000000000003,0.9685089806599323,10.9,29.6,36.991477966308594,8.1395902633667,13.0,28.096586227416992,1,8.137969970703125,10.9,29.6
5,2,0.0,6.5,23.200000000000003,0.9685089806599323,10.9,29.6,37.491477966308594,8.193756103515625,13.0,28.18608856201172,1,8.19213581085205,10.9,29.6
5,2,0.0,6.5,23.200000000000003,0.9685089806599323,10.9,29.6,37.991477966308594,8.249279975891113,13.0,28.27680015563965,1,8.247659683227539,10.9,29.6
5,2,0.0,6.5,23.200000000000003,0.9685089806599323,10.9,29.6,38.491477966308594,8.306199073791504,13.0,28.368755340576172,1,8.30457878112793,10.9,29.6
5,2,0.0,6.5,23.200000000000003,0.9685089806599323,10.9,29.6,38.991477966308594,8.364550590515137,13.0,28.46199607849121,1,8.362930297851562,10.9,29.6
5,2,0.0,6.5,23.200000000000003,0.9685089806599323,10.9,29.6,39.491477966308594,8.424372673034668,13.0,28.556562423706055,1,8.422752380371094,10.9,29.6
5,2,0.0,6.5,23.200000000000003,0.9685089806599323,10.9,29.6,39.991477966308594,8.485709190368652,13.0,28.65250015258789,1,8.484088897705078,10.9,29.6
5,2,0.0,6.5,23.200000000000003,0.9685089806599323,10.9,29.6,40.491477966308594,8.548600196838379,13.0,28.749853134155273,1,8.546979904174805,10.9,29.6
5,2,0.0,6.5,23.200000000000003,0.9685089806599323,10.9,29.6,40.991477966308594,8.613091468811035,13.0,28.84866714477539,1,8.611471176147461,10.9,29.6
5,2,0.0,6.5,23.200000000000003,0.9685089806599323,10.9,29.6,41.491477966308594,8.679228782653809,13.0,28.948989868164062,1,8.677608489990234,10.9,29.6
5,2,0.0,6.5,23.200000000000003,0.9685089806599323,10.9,29.6,41.991477966308594,8.747061729431152,13.0,29.05087661743164,1,8.745441436767578,10.9,29.6
5,2,0.0,6.5,23.200000000000003,0.9685089806599323,10.9,29.6,42.491477966308594,8.81663990020752,13.0,29.154373168945312,1,8.815019607543945,10.9,29.6
5,2,0.0,6.5,23.200000000000003,0.9685089806599323,10.9,29.6,42.991477966308594,8.888015747070312,13.0,29.259540557861328,1,8.886395454406738,10.9,29.6
5,2,0.0,6.5,23.200000000000003,0.9685089806599323,10.9,29.6,43.491477966308594,8.9612455368042,13.0,29.366432189941406,1,8.959625244140625,10.9,29.6
5,2,0.0,6.5,23.200000000000003,0.9685089806599323,10.9,29.6,43.991477966308594,9.036385536193848,13.0,29.475109100341797,1,9.034765243530273,10.9,29.6
5,2,0.0,6.5,23.200000000000003,0.9685089806599323,10.9,29.6,44.491477966308594,9.113496780395508,13.0,29.58563232421875,1,9.111876487731934,10.9,29.6
5,2,0.0,6.5,23.200000000000003,0.9685089806599323,10.9,29.6,44.991477966308594,9.075057983398438,12.916844367980957,29.61493492126465,1,9.073437690734863,10.9,29.6
5,2,0.0,6.5,23.200000000000003,0.9685089806599323,10.9,29.6,45.491477966308594,8.996880531311035,12.805815696716309,29.61493492126465,1,8.995260238647461,10.9,29.6
5,2,0.0,6.5,23.200000000000003,0.9685089806599323,10.9,29.6,45.991477966308594,0.0,,,0,8.919090270996094,10.9,29.6
5,2,0.0,6.5,23.200000000000003,0.9685089806599323,10.9,29.6,46.491477966308594,8.846488952636719,12.589360237121582,29.61493492126465,1,8.844868659973145,10.9,29.6
5,2,0.0,6.5,23.200000000000003,0.9685089806599323,10.9,29.6,46.991477966308594,8.774154663085938,12.483808517456055,29.61493492126465,1,8.772534370422363,10.9,29.6
5,2,0.0,6.5,23.200000000000003,0.9685089806599323,10.9,29.6,47.491477966308594,8.70365047454834,12.379961013793945,29.61493492126465,1,8.702030181884766,10.9,29.6
5,2,0.0,6.5,23.200000000000003,0.9685089806599323,10.9,29.6,47.991477966308594,8.634922981262207,12.277761459350586,29.61493492126465,1,8.633302688598633,10.9,29.6
5,2,0.0,6.5,23.200000000000003,0.9685089806599323,10.9,29.6,48.491477966308594,8.567920684814453,12.177156448364258,29.61493492126465,1,8.566300392150879,10.9,29.6
5,2,0.0,6.5,23.200000000000003,0.9685089806599323,10.9,29.6,48.991477966308594,8.502592086791992,12.078093528747559,29.61493492126465,1,8.500971794128418,10.9,29.6
5,2,0.0,6.5,23.200000000000003,0.9685089806599323,10.9,29.6,49.491477966308594,8.43889045715332,11.980523109436035,29.61493492126465,1,8.437270164489746,10.9,29.6
5,2,0.0,6.5,23.200000000000003,0.9685089806599323,10.9,29.6,49.991477966308594,8.376769065856934,11.884395599365234,29.61493492126465,1,8.37514877319336,10.9,29.6
5,2,0.0,6.5,23.200000000000003,0.9685089806599323,10.9,29.6,50.491477966308594,8.316184043884277,11.789667129516602,29.61493492126465,1,8.314563751220703,10.9,29.6
5,2,0.0,6.5,23.200000000000003,0.9685089806599323,10.9,29.6,50.991477966308594,8.257094383239746,11.69629192352295,29.61493492126465,1,8.255474090576172,10.9,29.6
5,2,0.0,6.5,23.200000000000003,0.9685089806599323,10.9,29.6,51.491477966308594,8.199457168579102,11.604228019714355,29.61493492126465,1,8.197836875915527,10.9,29.6
5,2,0.0,6.5,23.200000000000003,0.9685089806599323,10.9,29.6,51.991477966308594,0.0,,,0,8.141615867614746,10.9,29.6
5,2,0.0,6.5,23.200000000000003,0.9685089806599323,10.9,29.6,52.491477966308594,8.08839225769043,11.423869132995605,29.61493492126465,1,8.086771965026855,10.9,29.6
5,2,0.0,6.5,23.200000000000003,0.9685089806599323,10.9,29.6,52.991477966308594,8.034890174865723,11.33549690246582,29.61493492126465,1,8.033269882202148,10.9,29.6
5,2,0.0,6.5,23.200000000000003,0.9685089806599323,10.9,29.6,53.491477966308594,0.0,,,0,7.981074333190918,10.9,29.6
5,2,0.0,6.5,23.200000000000003,0.9685089806599323,10.9,29.6,53.991477966308594,7.9317731857299805,11.16218090057373,29.61493492126465,1,7.930152893066406,10.9,29.6
5,2,0.0,6.5,23.200000000000003,0.9685089806599323,10.9,29.6,54.491477966308594,7.882093906402588,11.077168464660645,29.61493492126465,1,7.880473613739014,10.9,29.6
5,2,0.0,6.5,23.200000000000003,0.9685089806599323,10.9,29.6,54.991477966308594,7.833625793457031,10.993207931518555,29.61493492126465,1,7.832005500793457,10.9,29.6
5,2,0.0,6.5,23.200000000000003,0.9685089806599323,10.9,29.6,55.491477966308594,7.78633975982666,10.91026782989502,29.61493492126465,1,7.784719467163086,10.9,29.6
5,2,0.0,6.5,23.200000000000003,0.9685089806599323,10.9,29.6,55.991477966308594,7.740206718444824,10.828316688537598,29.61493492126465,1,7.73858642578125,10.9,29.6
5,2,0.0,6.5,23.200000000000003,0.9685089806599323,10.9,29.6,56.491477966308594,7.695199966430664,10.74732494354248,29.61493492126465,1,7.69357967376709,10.9,29.6
5,2,0.0,6.5,23.200000000000003,0.9685089806599323,10.9,29.6,56.991477966308594,7.651292324066162,10.667263984680176,29.61493492126465,1,7.649672031402588,10.9,29.6
5,2,0.0,6.5,23.200000000000003,0.9685089806599323,10.9,29.6,57.491477966308594,7.60845947265625,10.588106155395508,29.61493492126465,1,7.606839179992676,10.9,29.6
5,2,0.0,6.5,23.200000000000003,0.9685089806599323,10.9,29.6,57.991477966308594,7.566676616668701,10.5098237991333,29.61493492126465,1,7.565056324005127,10.9,29.6
5,2,0.0,6.5,23.200000000000003,0.9685089806599323,10.9,29.6,58.491477966308594,7.5259199142456055,10.432390213012695,29.61493492126465,1,7.524299621582031,10.9,29.6
5,2,0.0,6.5,23.200000000000003,0.9685089806599323,10.9,29.6,58.991477966308594,0.0,,,0,7.484546661376953,10.9,29.6
5,2,0.0,6.5,23.200000000000003,0.9685089806599323,10.9,29.6,59.491477966308594,7.4473958015441895,10.2799711227417,29.61493492126465,1,7.445775508880615,10.9,29.6
5,2,0.0,6.5,23.200000000000003,0.9685089806599323,10.9,29.6,59.991477966308594,7.409585475921631,10.204936981201172,29.61493492126465,1,7.407965183258057,10.9,29.6
5,2,0.0,6.5,23.200000000000003,0.9685089806599323,10.9,29.6,60.491477966308594,7.372715950012207,10.130655288696289,29.61493492126465,1,7.371095657348633,10.9,29.6
5,2,0.0,6.5,23.200000000000003,0.9685089806599323,10.9,29.6,60.991477966308594,7.336767196655273,10.057104110717773,29.61493492126465,1,7.335146903991699,10.9,29.6
5,2,0.0,6.5,23.200000000000003,0.9685089806599323,10.9,29.6,61.491477966308594,7.301721096038818,9.984261512756348,29.61493492126465,1,7.300100803375244,10.9,29.6
5,2,0.0,6.5,23.200000000000003,0.9685089806599323,10.9,29.6,61.991477966308594,7.267558574676514,9.912105560302734,29.61493492126465,1,7.2659382820129395,10.9,29.6
5,2,0.0,6.5,23.200000000000003,0.9685089806599323,10.9,29.6,62.491477966308594,7.234262466430664,9.840617179870605,29.61493492126465,1,7.23264217376709,10.9,29.6
5,2,0.0,6.5,23.200000000000003,0.9685089806599323,10.9,29.6,62.991477966308594,7.201816082000732,9.769774436950684,29.61493492126465,1,7.200195789337158,10.9,29.6
5,2,0.0,6.5,23.200000000000003,0.9685089806599323,10.9,29.6,63.491477966308594,7.17020320892334,9.699560165405273,29.61493492126465,1,7.168582916259766,10.9,29.6
5,2,0.0,6.5,23.200000000000003,0.9685089806599323,10.9,29.6,63.991477966308594,7.139407634735107,9.62995433807373,29.61493492126465,1,7.137787342071533,10.9,29.6
5,2,0.0,6.5,23.200000000000003,0.9685089806599323,10.9,29.6,64.4914779663086,7.109414577484131,9.560938835144043,29.61493492126465,1,7.107794284820557,10.9,29.6
5,2,0.0,6.5,23.200000000000003,0.9685089806599323,10.9,29.6,64.9914779663086,7.080209255218506,9.4924955368042,29.61493492126465,1,7.078588962554932,10.9,29.6
5,2,0.0,6.5,23.200000000000003,0.9685089806599323,10.9,29.6,65.4914779663086,7.0517778396606445,9.424607276916504,29.61493492126465,1,7.05015754699707,10.9,29.6
5,2,0.0,6.5,23.200000000000003,0.9685089806599323,10.9,29.6,65.9914779663086,7.024106025695801,9.357256889343262,29.61493492126465,1,7.022485733032227,10.9,29.6
5,2,0.0,6.5,23.200000000000003,0.9685089806599323,10.9,29.6,66.4914779663086,6.9971818923950195,9.290428161621094,29.61493492126465,1,6.995561599731445,10.9,29.6
5,2,0.0,6.5,23.200000000000003,0.9685089806599323,10.9,29.6,66.9914779663086,6.970991611480713,9.224104881286621,29.61493492126465,1,6.969371318817139,10.9,29.6
5,2,0.0,6.5,23.200000000000003,0.9685089806599323,10.9,29.6,67.4914779663086,6.945524215698242,9.158270835876465,29.61493492126465,1,6.943903923034668,10.9,29.6
5,2,0.0,6.5,23.200000000000003,0.9685089806599323,10.9,29.6,67.9914779663086,6.920766830444336,9.092911720275879,29.61493492126465,1,6.919146537780762,10.9,29.6
5,2,0.0,6.5,23.200000000000003,0.9685089806599323,10.9,29.6,68.4914779663086,6.8967084884643555,9.0280122756958,29.61493492126465,1,6.895088195800781,10.9,29.6
5,2,0.0,6.5,23.200000000000003,0.9685089806599323,10.9,29.6,68.9914779663086,6.873338222503662,8.963558197021484,29.61493492126465,1,6.871717929840088,10.9,29.6
5,2,0.0,6.5,23.200000000000003,0.9685089806599323,10.9,29.6,69.4914779663086,6.850646018981934,8.89953327178955,29.61493492126465,1,6.849025726318359,10.9,29.6
5,2,0.0,6.5,23.200000000000003,0.9685089806599323,10.9,29.6,69.9914779663086,6.8286213874816895,8.835926055908203,29.61493492126465,1,6.827001094818115,10.9,29.6
5,2,0.0,6.5,23.200000000000003,0.9685089806599323,10.9,29.6,70.4914779663086,6.807254314422607,8.772721290588379,29.61493492126465,1,6.805634021759033,10.9,29.6
5,2,0.0,6.5,23.200000000000003,0.9685089806599323,10.9,29.6,70.9914779663086,6.786535739898682,8.709906578063965,29.61493492126465,1,6.784915447235107,10.9,29.6
5,2,0.0,6.5,23.200000000000003,0.9685089806599323,10.9,29.6,71.4914779663086,6.766456604003906,8.647468566894531,29.61493492126465,1,6.764836311340332,10.9,29.6
5,2,0.0,6.5,23.200000000000003,0.9685089806599323,10.9,29.6,71.9914779663086,6.747008323669434,8.585393905639648,29.61493492126465,1,6.745388031005859,10.9,29.6
5,2,0.0,6.5,23.200000000000003,0.9685089806599323,10.9,29.6,72.4914779663086,6.728182315826416,8.523670196533203,29.61493492126465,1,6.726562023162842,10.9,29.6
5,2,0.0,6.5,23.200000000000003,0.9685089806599323,10.9,29.6,72.9914779663086,0.0,,,0,6.70835018157959,10.9,29.6
5,2,0.0,6.5,23.200000000000003,0.9685089806599323,10.9,29.6,73.4914779663086,6.692364692687988,8.401227951049805,29.61493492126465,1,6.690744400024414,10.9,29.6
5,2,0.0,6.5,23.200000000000003,0.9685089806599323,10.9,29.6,73.9914779663086,6.675358295440674,8.340485572814941,29.61493492126465,1,6.6737380027771,10.9,29.6
5,2,0.0,6.5,23.200000000000003,0.9685089806599323,10.9,29.6,74.4914779663086,6.658944129943848,8.280046463012695,29.61493492126465,1,6.657323837280273,10.9,29.6
5,2,0.0,6.5,23.200000000000003,0.9685089806599323,10.9,29.6,74.9914779663086,6.6431145668029785,8.21989917755127,29.61493492126465,1,6.641494274139404,10.9,29.6
5,2,0.0,6.5,23.200000000000003,0.9685089806599323,10.9,29.6,75.4914779663086,6.627863883972168,8.160033226013184,29.61493492126465,1,6.626243591308594,10.9,29.6
5,2,0.0,6.5,23.200000000000003,0.9685089806599323,10.9,29.6,75.9914779663086,0.0,,,0,6.611564636230469,10.9,29.6
5,2,0.0,6.5,23.200000000000003,0.9685089806599323,10.9,29.6,76.4914779663086,6.5990729331970215,8.041098594665527,29.61493492126465,1,6.597452640533447,10.9,29.6
5,2,0.0,6.5,23.200000000000003,0.9685089806599323,10.9,29.6,76.9914779663086,6.5855207443237305,7.982009410858154,29.61493492126465,1,6.583900451660156,10.9,29.6
5,2,0.0,6.5,23.200000000000003,0.9685089806599323,10.9,29.6,77.4914779663086,6.572523593902588,7.923158168792725,29.61493492126465,1,6.570903301239014,10.9,29.6
5,2,0.0,6.5,23.200000000000003,0.9685089806599323,10.9,29.6,77.9914779663086,6.5600762367248535,7.8645339012146,29.61493492126465,1,6.558455944061279,10.9,29.6
5,2,0.0,6.5,23.200000000000003,0.9685089806599323,10.9,29.6,78.4914779663086,6.548173427581787,7.806127071380615,29.61493492126465,1,6.546553134918213,10.9,29.6
5,2,0.0,6.5,23.200000000000003,0.9685089806599323,10.9,29.6,78.9914779663086,6.536810874938965,7.747927188873291,29.61493492126465,1,6.535190582275391,10.9,29.6
5,2,0.0,6.5,23.200000000000003,0.9685089806599323,10.9,29.6,79.4914779663086,6.5259833335876465,7.689925193786621,29.61493492126465,1,6.524363040924072,10.9,29.6
5,2,0.0,6.5,23.200000000000003,0.9685089806599323,10.9,29.6,79.9914779663086,6.515686988830566,7.632110118865967,29.61493492126465,1,6.514066696166992,10.9,29.6
5,2,0.0,6.5,23.200000000000003,0.9685089806599323,10.9,29.6,80.4914779663086,6.505917549133301,7.574472904205322,29.61493492126465,1,6.504297256469727,10.9,29.6
5,2,0.0,6.5,23.200000000000003,0.9685089806599323,10.9,29.6,80.9914779663086,6.496671676635742,7.517004013061523,29.61493492126465,1,6.495051383972168,10.9,29.6
5,2,0.0,6.5,23.200000000000003,0.9685089806599323,10.9,29.6,81.4914779663086,6.487944602966309,7.459693908691406,29.61493492126465,1,6.486324310302734,10.9,29.6
5,2,0.0,6.5,23.200000000000003,0.9685089806599323,10.9,29.6,81.9914779663086,6.479733943939209,7.402533531188965,29.61493492126465,1,6.478113651275635,10.9,29.6
5,2,0.0,6.5,23.200000000000003,0.9685089806599323,10.9,29.6,82.4914779663086,6.472036361694336,7.345512866973877,29.61493492126465,1,6.470416069030762,10.9,29.6
5,2,0.0,6.5,23.200000000000003,0.9685089806599323,10.9,29.6,82.9914779663086,6.464848518371582,7.288623809814453,29.61493492126465,1,6.463228225708008,10.9,29.6
5,2,0.0,6.5,23.200000000000003,0.9685089806599323,10.9,29.6,83.4914779663086,6.458168029785156,7.231856346130371,29.61493492126465,1,6.456547737121582,10.9,29.6
5,2,0.0,6.5,23.200000000000003,0.9685089806599323,10.9,29.6,83.9914779663086,6.451991558074951,7.175201892852783,29.61493492126465,1,6.450371265411377,10.9,29.6
5,2,0.0,6.5,23.200000000000003,0.9685089806599323,10.9,29.6,84.4914779663086,6.446317672729492,7.118650913238525,29.61493492126465,1,6.444697380065918,10.9,29.6
5,2,0.0,6.5,23.200000000000003,0.9685089806599323,10.9,29.6,84.9914779663086,6.44114351272583,7.062195777893066,29.61493492126465,1,6.439523220062256,10.9,29.6
5,2,0.0,6.5,23.200000000000003,0.9685089806599323,10.9,29.6,85.4914779663086,6.436467170715332,7.005826473236084,29.61493492126465,1,6.434846878051758,10.9,29.6
5,2,0.0,6.5,23.200000000000003,0.9685089806599323,10.9,29.6,85.9914779663086,6.432287216186523,6.949534893035889,29.61493492126465,1,6.430666923522949,10.9,29.6
5,2,0.0,6.5,23.200000000000003,0.9685089806599323,10.9,29.6,86.4914779663086,6.428601264953613,6.893311977386475,29.61493492126465,1,6.426980972290039,10.9,29.6
5,2,0.0,6.5,23.200000000000003,0.9685089806599323,10.9,29.6,86.9914779663086,6.425409317016602,6.837149143218994,29.61493492126465,1,6.423789024353027,10.9,29.6
5,2,0.0,6.5,23.200000000000003,0.9685089806599323,10.9,29.6,87.4914779663086,6.422708511352539,6.781038284301758,29.61493492126465,1,6.421088218688965,10.9,29.6
5,2,0.0,6.5,23.200000000000003,0.9685089806599323,10.9,29.6,87.9914779663086,6.420498847961426,6.724969863891602,29.61493492126465,1,6.418878555297852,10.9,29.6
5,2,0.0,6.5,23.200000000000003,0.9685089806599323,10.9,29.6,88.4914779663086,12.0,,,0,12.0,10.9,29.6
5,2,0.0,6.5,23.200000000000003,0.9685089806599323,10.9,29.6,88.9914779663086,12.0,,,0,12.0,10.9,29.6
5,2,0.0,6.5,23.200000000000003,0.9685089806599323,10.9,29.6,89.4914779663086,12.0,,,0,12.0,10.9,29.6
5,2,0.0,6.5,23.200000000000003,0.9685089806599323,10.9,29.6,89.9914779663086,12.0,,,0,12.0,10.9,29.6
5,2,0.0,6.5,23.200000000000003,0.9685089806599323,10.9,29.6,90.4914779663086,12.0,,,0,12.0,10.9,29.6
5,2,0.0,6.5,23.200000000000003,0.9685089806599323,10.9,29.6,90.9914779663086,12.0,,,0,12.0,10.9,29.6
5,2,0.0,6.5,23.200000000000003,0.9685089806599323,10.9,29.6,91.4914779663086,0.0,,,0,12.0,10.9,29.6
5,2,0.0,6.5,23.200000000000003,0.9685089806599323,10.9,29.6,91.9914779663086,0.0,,,0,12.0,10.9,29.6
5,2,0.0,6.5,23.200000000000003,0.9685089806599323,10.9,29.6,92.4914779663086,12.0,,,0,12.0,10.9,29.6
5,2,0.0,6.5,23.200000000000003,0.9685089806599323,10.9,29.6,92.9914779663086,12.0,,,0,12.0,10.9,29.6
5,2,0.0,6.5,23.200000000000003,0.9685089806599323,10.9,29.6,93.4914779663086,12.0,,,0,12.0,10.9,29.6
5,2,0.0,6.5,23.200000000000003,0.9685089806599323,10.9,29.6,93.9914779663086,6.432153224945068,6.052382946014404,29.61493492126465,1,6.430532932281494,10.9,29.6
5,2,0.0,6.5,23.200000000000003,0.9685089806599323,10.9,29.6,94.4914779663086,6.43631649017334,5.99609375,29.61493492126465,1,6.434696197509766,10.9,29.6
5,2,0.0,6.5,23.200000000000003,0.9685089806599323,10.9,29.6,94.9914779663086,6.440975666046143,5.939727306365967,29.61493492126465,1,6.439355373382568,10.9,29.6
5,2,0.0,6.5,23.200000000000003,0.9685089806599323,10.9,29.6,95.4914779663086,6.446132659912109,5.883275032043457,29.61493492126465,1,6.444512367248535,10.9,29.6
5,2,0.0,6.5,23.200000000000003,0.9685089806599323,10.9,29.6,95.9914779663086,6.451789855957031,5.826727867126465,29.61493492126465,1,6.450169563293457,10.9,29.6
5,2,0.0,6.5,23.200000000000003,0.9685089806599323,10.9,29.6,96.4914779663086,6.457949161529541,5.770077228546143,29.61493492126465,1,6.456328868865967,10.9,29.6
5,2,0.0,6.5,23.200000000000003,0.9685089806599323,10.9,29.6,96.9914779663086,6.4646124839782715,5.713313579559326,29.61493492126465,1,6.462992191314697,10.9,29.6
5,2,0.0,6.5,23.200000000000003,0.9685089806599323,10.9,29.6,97.4914779663086,6.47178316116333,5.656428337097168,29.61493492126465,1,6.470162868499756,10.9,29.6
5,2,0.0,6.5,23.200000000000003,0.9685089806599323,10.9,29.6,97.9914779663086,6.47946310043335,5.59941291809082,29.61493492126465,1,6.477842807769775,10.9,29.6
5,2,0.0,6.5,23.200000000000003,0.9685089806599323,10.9,29.6,98.4914779663086,6.487656593322754,5.542256832122803,29.61493492126465,1,6.48603630065918,10.9,29.6
5,2,0.0,6.5,23.200000000000003,0.9685089806599323,10.9,29.6,98.9914779663086,6.496365547180176,5.484952449798584,29.61493492126465,1,6.494745254516602,10.9,29.6
5,2,0.0,6.5,23.200000000000003,0.9685089806599323,10.9,29.6,99.4914779663086,6.505593776702881,5.427488803863525,29.61493492126465,1,6.503973484039307,10.9,29.6
5,2,0.0,6.5,23.200000000000003,0.9685089806599323,10.9,29.6,99.9914779663086,6.515345573425293,5.3698577880859375,29.61493492126465,1,6.513725280761719,10.9,29.6
5,2,0.0,6.5,23.200000000000003,0.9685089806599323,10.9,29.6,100.4914779663086,6.525623798370361,5.31204891204834,29.61493492126465,1,6.524003505706787,10.9,29.6
5,2,0.0,6.5,23.200000000000003,0.9685089806599323,10.9,29.6,100.9914779663086,6.53643274307251,5.254053115844727,29.61493492126465,1,6.5348124504089355,10.9,29.6
5,2,0.0,6.5,23.200000000000003,0.9685089806599323,10.9,29.6,101.4914779663086,6.54777717590332,5.195860385894775,29.61493492126465,1,6.546156883239746,10.9,29.6
5,2,0.0,6.5,23.200000000000003,0.9685089806599323,10.9,29.6,101.9914779663086,6.559661388397217,5.137460708618164,29.61493492126465,1,6.558041095733643,10.9,29.6
5,2,0.0,6.5,23.200000000000003,0.9685089806599323,10.9,29.6,102.4914779663086,0.0,,,0,6.570469856262207,10.9,29.6
5,2,0.0,6.5,23.200000000000003,0.9685089806599323,10.9,29.6,102.9914779663086,0.0,,,0,6.58344841003418,10.9,29.6
5,2,0.0,6.5,23.200000000000003,0.9685089806599323,10.9,29.6,103.4914779663086,6.598601341247559,4.960919380187988,29.61493492126465,1,6.596981048583984,10.9,29.6
5,2,0.0,6.5,23.200000000000003,0.9685089806599323,10.9,29.6,103.9914779663086,6.61269474029541,4.901590347290039,29.61493492126465,1,6.611074447631836,10.9,29.6
5,2,0.0,6.5,23.200000000000003,0.9685089806599323,10.9,29.6,104.4914779663086,6.627354145050049,4.842002868652344,29.61493492126465,1,6.625733852386475,10.9,29.6
5,2,0.0,6.5,23.200000000000003,0.9685089806599323,10.9,29.6,104.9914779663086,0.0,,,0,6.640964984893799,10.9,29.6
5,2,0.0,6.5,23.200000000000003,0.9685089806599323,10.9,29.6,105.4914779663086,6.658394813537598,4.72200870513916,29.61493492126465,1,6.656774520874023,10.9,29.6
5,2,0.0,6.5,23.200000000000003,0.9685089806599323,10.9,29.6,105.9914779663086,6.674788951873779,4.661579608917236,29.61493492126465,1,6.673168659210205,10.9,29.6
5,2,0.0,6.5,23.200000000000003,0.9685089806599323,10.9,29.6,106.4914779663086,6.691775321960449,4.6008477210998535,29.61493492126465,1,6.690155029296875,10.9,29.6
5,2,0.0,6.5,23.200000000000003,0.9685089806599323,10.9,29.6,106.9914779663086,6.709360122680664,4.539801120758057,29.61493492126465,1,6.70773983001709,10.9,29.6
5,2,0.0,6.5,23.200000000000003,0.9685089806599323,10.9,29.6,107.4914779663086,6.727551460266113,4.478427886962891,29.61493492126465,1,6.725931167602539,10.9,29.6
5,2,0.0,6.5,23.200000000000003,0.9685089806599323,10.9,29.6,107.9914779663086,6.74635648727417,4.4167160987854,29.61493492126465,1,6.744736194610596,10.9,29.6
5,2,0.0,6.5,23.200000000000003,0.9685089806599323,10.9,29.6,108.4914779663086,0.0,,,0,6.764163017272949,10.9,29.6
5,2,0.0,6.5,23.200000000000003,0.9685089806599323,10.9,29.6,108.9914779663086,6.78584098815918,4.2922282218933105,29.61493492126465,1,6.7842206954956055,10.9,29.6
5,2,0.0,6.5,23.200000000000003,0.9685089806599323,10.9,29.6,109.4914779663086,6.806537628173828,4.229426383972168,29.61493492126465,1,6.804917335510254,10.9,29.6
5,2,0.0,6.5,23.200000000000003,0.9685089806599323,10.9,29.6,109.9914779663086,6.827882289886475,4.166234970092773,29.61493492126465,1,6.8262619972229,10.9,29.6
5,2,0.0,6.5,23.200000000000003,0.9685089806599323,10.9,29.6,110.4914779663086,6.849884510040283,4.102641582489014,29.61493492126465,1,6.848264217376709,10.9,29.6
5,2,0.0,6.5,23.200000000000003,0.9685089806599323,10.9,29.6,110.9914779663086,6.872553825378418,4.038631916046143,29.61493492126465,1,6.870933532714844,10.9,29.6
5,2,0.0,6.5,23.200000000000003,0.9685089806599323,10.9,29.6,111.4914779663086,6.895900249481201,3.9741921424865723,29.61493492126465,1,6.894279956817627,10.9,29.6
5,2,0.0,6.5,23.200000000000003,0.9685089806599323,10.9,29.6,111.9914779663086,6.9199347496032715,3.9093079566955566,29.61493492126465,1,6.918314456939697,10.9,29.6
5,2,0.0,6.5,23.200000000000003,0.9685089806599323,10.9,29.6,112.4914779663086,6.944668292999268,3.8439648151397705,29.61493492126465,1,6.943048000335693,10.9,29.6
5,2,0.0,6.5,23.200000000000003,0.9685089806599323,10.9,29.6,112.9914779663086,6.970111846923828,3.7781476974487305,29.61493492126465,1,6.968491554260254,10.9,29.6
5,2,0.0,6.5,23.200000000000003,0.9685089806599323,10.9,29.6,113.4914779663086,6.99627685546875,3.711841344833374,29.61493492126465,1,6.994656562805176,10.9,29.6
5,2,0.0,6.5,23.200000000000003,0.9685089806599323,10.9,29.6,113.9914779663086,7.023176193237305,3.6450302600860596,29.61493492126465,1,7.0215559005737305,10.9,29.6
5,2,0.0,6.5,23.200000000000003,0.9685089806599323,10.9,29.6,114.4914779663086,7.050821781158447,3.577697992324829,29.61493492126465,1,7.049201488494873,10.9,29.6
5,2,0.0,6.5,23.200000000000003,0.9685089806599323,10.9,29.6,114.9914779663086,7.079226970672607,3.5098283290863037,29.61493492126465,1,7.077606678009033,10.9,29.6
5,2,0.0,6.5,23.200000000000003,0.9685089806599323,10.9,29.6,115.4914779663086,7.108406066894531,3.441404104232788,29.61493492126465,1,7.106785774230957,10.9,29.6
5,2,0.0,6.5,23.200000000000003,0.9685089806599323,10.9,29.6,115.9914779663086,7.13837194442749,3.372408151626587,29.61493492126465,1,7.136751651763916,10.9,29.6
5,2,0.0,6.5,23.200000000000003,0.9685089806599323,10.9,29.6,116.4914779663086,7.169139862060547,3.3028225898742676,29.61493492126465,1,7.167519569396973,10.9,29.6
5,2,0.0,6.5,23.200000000000003,0.9685089806599323,10.9,29.6,116.9914779663086,7.2007246017456055,3.2326292991638184,29.61493492126465,1,7.199104309082031,10.9,29.6
5,2,0.0,6.5,23.200000000000003,0.9685089806599323,10.9,29.6,117.4914779663086,7.233142375946045,3.161808967590332,29.61493492126465,1,7.231522083282471,10.9,29.6
5,2,0.0,6.5,23.200000000000003,0.9685089806599323,10.9,29.6,117.9914779663086,0.0,,,0,7.26478910446167,10.9,29.6
5,2,0.0,6.5,23.200000000000003,0.9685089806599323,10.9,29.6,118.4914779663086,7.300541877746582,3.018209934234619,29.61493492126465,1,7.298921585083008,10.9,29.6
5,2,0.0,6.5,23.200000000000003,0.9685089806599323,10.9,29.6,118.9914779663086,7.33555793762207,2.9453907012939453,29.61493492126465,1,7.333937644958496,10.9,29.6
5,2,0.0,6.5,23.200000000000003,0.9685089806599323,10.9,29.6,119.4914779663086,7.3714752197265625,2.871863842010498,29.61493492126465,1,7.369854927062988,10.9,29.6
5,2,0.0,6.5,23.200000000000003,0.9685089806599323,10.9,29.6,119.9914779663086,0.0,,,0,7.406692981719971,10.9,29.6
5,2,0.0,6.5,23.200000000000003,0.9685089806599323,10.9,29.6,120.4914779663086,7.446091175079346,2.722599744796753,29.61493492126465,1,7.4444708824157715,10.9,29.6
5,2,0.0,6.5,23.200000000000003,0.9685089806599323,10.9,29.6,120.9914779663086,7.484828948974609,2.6468167304992676,29.61493492126465,1,7.483208656311035,10.9,29.6
5,2,0.0,6.5,23.200000000000003,0.9685089806599323,10.9,29.6,121.4914779663086,7.524548053741455,2.570235252380371,29.61493492126465,1,7.522927761077881,10.9,29.6
5,2,0.0,6.5,23.200000000000003,0.9685089806599323,10.9,29.6,121.9914779663086,0.0,,,0,7.563650131225586,10.9,29.6
5,2,0.0,6.5,23.200000000000003,0.9685089806599323,10.9,29.6,122.4914779663086,7.607017993927002,2.414577007293701,29.61493492126465,1,7.605397701263428,10.9,29.6
5,2,0.0,6.5,23.200000000000003,0.9685089806599323,10.9,29.6,122.9914779663086,7.649814605712891,2.335448980331421,29.61493492126465,1,7.648194313049316,10.9,29.6
5,2,0.0,6.5,23.200000000000003,0.9685089806599323,10.9,29.6,123.4914779663086,0.0,,,0,7.6920647621154785,10.9,29.6
5,2,0.0,6.5,23.200000000000003,0.9685089806599323,10.9,29.6,123.9914779663086,7.738654136657715,2.174459934234619,29.61493492126465,1,7.737033843994141,10.9,29.6
5,2,0.0,6.5,23.200000000000003,0.9685089806599323,10.9,29.6,124.4914779663086,7.784748077392578,2.0925421714782715,29.61493492126465,1,7.783127784729004,10.9,29.6
5,2,0.0,6.5,23.200000000000003,0.9685089806599323,10.9,29.6,124.9914779663086,7.831994533538818,2.0096359252929688,29.61493492126465,1,7.830374240875244,10.9,29.6
5,2,0.0,6.5,23.200000000000003,0.9685089806599323,10.9,29.6,125.4914779663086,7.8804216384887695,1.9257107973098755,29.61493492126465,1,7.878801345825195,10.9,29.6
5,2,0.0,6.5,23.200000000000003,0.9685089806599323,10.9,29.6,125.9914779663086,7.930059432983398,1.840734601020813,29.61493492126465,1,7.928439140319824,10.9,29.6
5,2,0.0,6.5,23.200000000000003,0.9685089806599323,10.9,29.6,126.4914779663086,7.980937957763672,1.7546743154525757,29.61493492126465,1,7.979317665100098,10.9,29.6
5,2,0.0,6.5,23.200000000000003,0.9685089806599323,10.9,29.6,126.9914779663086,8.033088684082031,1.667495608329773,29.61493492126465,1,8.031468391418457,10.9,29.6
5,2,0.0,6.5,23.200000000000003,0.9685089806599323,10.9,29.6,127.4914779663086,8.086545944213867,1.5791630744934082,29.61493492126465,1,8.084925651550293,10.9,29.6
5,2,0.0,6.5,23.200000000000003,0.9685089806599323,10.9,29.6,127.9914779663086,8.14134407043457,1.4896398782730103,29.61493492126465,1,8.139723777770996,10.9,29.6
5,2,0.0,6.5,23.200000000000003,0.9685089806599323,10.9,29.6,128.49147033691406,0.0,,,0,8.195897102355957,10.9,29.6
5,2,0.0,6.5,23.200000000000003,0.9685089806599323,10.9,29.6,128.99147033691406,8.255105018615723,1.3068677186965942,29.61493492126465,1,8.253484725952148,10.9,29.6
5,2,0.0,6.5,23.200000000000003,0.9685089806599323,10.9,29.6,129.49147033691406,8.3141450881958,1.2135380506515503,29.61493492126465,1,8.312524795532227,10.9,29.6
5,2,0.0,6.5,23.200000000000003,0.9685089806599323,10.9,29.6,129.99147033691406,8.374678611755371,1.1188561916351318,29.61493492126465,1,8.373058319091797,10.9,29.6
5,2,0.0,6.5,23.200000000000003,0.9685089806599323,10.9,29.6,130.49147033691406,8.436746597290039,1.0227779150009155,29.61493492126465,1,8.435126304626465,10.9,29.6
5,2,0.0,6.5,23.200000000000003,0.9685089806599323,10.9,29.6,130.99147033691406,8.500393867492676,0.9252570867538452,29.61493492126465,1,8.498773574829102,10.9,29.6
5,2,0.0,6.5,23.200000000000003,0.9685089806599323,10.9,29.6,131.49147033691406,0.0,,,0,8.564045906066895,10.9,29.6
5,2,0.0,6.5,23.200000000000003,0.9685089806599323,10.9,29.6,131.99147033691406,8.632611274719238,0.7256941199302673,29.61493492126465,1,8.630990982055664,10.9,29.6
5,2,0.0,6.5,23.200000000000003,0.9685089806599323,10.9,29.6,132.49147033691406,8.701278686523438,0.6235502362251282,29.61493492126465,1,8.699658393859863,10.9,29.6
5,2,0.0,6.5,23.200000000000003,0.9685089806599323,10.9,29.6,132.99147033691406,8.771720886230469,0.519760012626648,29.61493492126465,1,8.770100593566895,10.9,29.6
5,2,0.0,6.5,23.200000000000003,0.9685089806599323,10.9,29.6,133.49147033691406,8.843992233276367,0.4142671823501587,29.61493492126465,1,8.842371940612793,10.9,29.6
5,2,0.0,6.5,23.200000000000003,0.9685089806599323,10.9,29.6,133.99147033691406,8.9181489944458,0.30701303482055664,29.61493492126465,1,8.916528701782227,10.9,29.6
5,2,0.0,6.5,23.200000000000003,0.9685089806599323,10.9,29.6,134.49147033691406,8.994250297546387,0.1979362815618515,29.61493492126465,1,8.992630004882812,10.9,29.6
5,2,0.0,6.5,23.200000000000003,0.9685089806599323,10.9,29.6,134.99147033691406,9.072359085083008,0.08697307854890823,29.61493492126465,1,9.070738792419434,10.9,29.6
5,2,0.0,6.5,23.200000000000003,0.9685089806599323,10.9,29.6,135.49147033691406,9.15254020690918,-0.025943314656615257,29.61493492126465,1,9.150919914245605,10.9,29.6
5,2,0.0,6.5,23.200000000000003,0.9685089806599323,10.9,29.6,135.99147033691406,9.234859466552734,-0.14088258147239685,29.61493492126465,1,9.23323917388916,10.9,29.6
5,2,0.0,6.5,23.200000000000003,0.9685089806599323,10.9,29.6,136.49147033691406,0.0,,,0,9.317770004272461,10.9,29.6
5,2,0.0,6.5,23.200000000000003,0.9685089806599323,10.9,29.6,136.99147033691406,9.406206130981445,-0.3771244287490845,29.61493492126465,1,9.404585838317871,10.9,29.6
5,2,0.0,6.5,23.200000000000003,0.9685089806599323,10.9,29.6,137.49147033691406,9.495384216308594,-0.4985828697681427,29.61493492126465,1,9.49376392364502,10.9,29.6
5,2,0.0,6.5,23.200000000000003,0.9685089806599323,10.9,29.6,137.99147033691406,9.587006568908691,-0.6223763227462769,29.61493492126465,1,9.585386276245117,10.9,29.6
5,2,0.0,6.5,23.200000000000003,0.9685089806599323,10.9,29.6,138.49147033691406,9.681159973144531,-0.74859219789505,29.61493492126465,1,9.679539680480957,10.9,29.6
5,2,0.0,6.5,23.200000000000003,0.9685089806599323,10.9,29.6,138.99147033691406,9.777932167053223,-0.8773220181465149,29.61493492126465,1,9.776311874389648,10.9,29.6
5,2,0.0,6.5,23.200000000000003,0.9685089806599323,10.9,29.6,139.49147033691406,9.877418518066406,-1.0086619853973389,29.61493492126465,1,9.875798225402832,10.9,29.6
5,2,0.0,6.5,23.200000000000003,0.9685089806599323,10.9,29.6,139.99147033691406,9.979719161987305,-1.1427128314971924,29.61493492126465,1,9.97809886932373,10.9,29.6
5,2,0.0,6.5,23.200000000000003,0.9685089806599323,10.9,29.6,140.49147033691406,10.084936141967773,-1.2795804738998413,29.61493492126465,1,10.0833158493042,10.9,29.6
5,2,0.0,6.5,23.200000000000003,0.9685089806599323,10.9,29.6,140.99147033691406,10.193181037902832,-1.4193761348724365,29.61493492126465,1,10.191560745239258,10.9,29.6
5,2,0.0,6.5,23.200000000000003,0.9685089806599323,10.9,29.6,141.49147033691406,10.30456829071045,-1.5622167587280273,29.61493492126465,1,10.302947998046875,10.9,29.6
5,2,0.0,6.5,23.200000000000003,0.9685089806599323,10.9,29.6,141.99147033691406,10.419219017028809,-1.7082254886627197,29.61493492126465,1,10.417598724365234,10.9,29.6
5,2,0.0,6.5,23.200000000000003,0.9685089806599323,10.9,29.6,142.49147033691406,0.0,,,0,12.0,10.9,29.6
5,2,0.0,6.5,23.200000000000003,0.9685089806599323,10.9,29.6,142.99147033691406,12.0,,,0,12.0,10.9,29.6
5,2,0.0,6.5,23.200000000000003,0.9685089806599323,10.9,29.6,143.49147033691406,12.0,,,0,12.0,10.9,29.6
5,2,0.0,6.5,23.200000000000003,0.9685089806599323,10.9,29.6,143.99147033691406,12.0,,,0,12.0,10.9,29.6
5,2,0.0,6.5,23.200000000000003,0.9685089806599323,10.9,29.6,144.49147033691406,11.046161651611328,-2.4905781745910645,29.61493492126465,1,11.044541358947754,10.9,29.6
5,2,0.0,6.5,23.200000000000003,0.9685089806599323,10.9,29.6,144.99147033691406,11.183342933654785,-2.6585769653320312,29.61493492126465,1,11.181722640991211,10.9,29.6
5,2,0.0,6.5,23.200000000000003,0.9685089806599323,10.9,29.6,145.49147033691406,11.324848175048828,-2.830814838409424,29.61493492126465,1,11.323227882385254,10.9,29.6
5,2,0.0,6.5,23.200000000000003,0.9685089806599323,10.9,29.6,145.99147033691406,11.470866203308105,-3.007481336593628,29.61493492126465,1,11.469245910644531,10.9,29.6
5,2,0.0,6.5,23.200000000000003,0.9685089806599323,10.9,29.6,146.49147033691406,11.62159538269043,-3.1887779235839844,29.61493492126465,1,11.619975090026855,10.9,29.6
5,2,0.0,6.5,23.200000000000003,0.9685089806599323,10.9,29.6,146.99147033691406,11.777247428894043,-3.37491774559021,29.61493492126465,1,11.775627136230469,10.9,29.6
5,2,0.0,6.5,23.200000000000003,0.9685089806599323,10.9,29.6,147.49147033691406,11.938047409057617,-3.566126585006714,29.61493492126465,1,11.936427116394043,10.9,29.6
5,2,0.0,6.5,23.200000000000003,0.9685089806599323,10.9,29.6,147.99147033691406,12.0,,,0,12.0,10.9,29.6
5,2,0.0,6.5,23.200000000000003,0.9685089806599323,10.9,29.6,148.49147033691406,0.0,,,0,12.0,10.9,29.6
5,2,0.0,6.5,23.200000000000003,0.9685089806599323,10.9,29.6,148.99147033691406,12.0,,,0,12.0,10.9,29.6
5,2,0.0,6.5,23.200000000000003,0.9685089806599323,10.9,29.6,149.49147033691406,12.0,,,0,12.0,10.9,29.6
5,2,0.0,6.5,23.200000000000003,0.9685089806599323,10.9,29.6,149.99147033691406,12.0,,,0,12.0,10.9,29.6
5,2,0.0,6.5,23.200000000000003,0.9685089806599323,10.9,29.6,150.49147033691406,12.0,,,0,12.0,10.9,29.6
5,2,0.0,6.5,23.200000000000003,0.9685089806599323,10.9,29.6,150.99147033691406,11.953265190124512,-3.952282428741455,28.995826721191406,1,11.951644897460938,10.9,29.6
5,2,0.0,6.5,23.200000000000003,0.9685089806599323,10.9,29.6,151.49147033691406,11.896162033081055,-3.952282428741455,28.877140045166016,1,11.89454174041748,10.9,29.6
5,2,0.0,6.5,23.200000000000003,0.9685089806599323,10.9,29.6,151.99147033691406,11.840498924255371,-3.952282428741455,28.759571075439453,1,11.838878631591797,10.9,29.6
5,2,0.0,6.5,23.200000000000003,0.9685089806599323,10.9,29.6,152.49147033691406,11.786247253417969,-3.952282428741455,28.643089294433594,1,11.784626960754395,10.9,29.6
5,2,0.0,6.5,23.200000000000003,0.9685089806599323,10.9,29.6,152.99147033691406,11.733380317687988,-3.952282428741455,28.52766227722168,1,11.731760025024414,10.9,29.6
5,2,0.0,6.5,23.200000000000003,0.9685089806599323,10.9,29.6,153.49147033691406,11.68187141418457,-3.952282428741455,28.413257598876953,1,11.680251121520996,10.9,29.6
5,2,0.0,6.5,23.200000000000003,0.9685089806599323,10.9,29.6,153.99147033691406,11.631693840026855,-3.952282428741455,28.299842834472656,1,11.630073547363281,10.9,29.6
5,2,0.0,6.5,23.200000000000003,0.9685089806599323,10.9,29.6,154.49147033691406,11.58282470703125,-3.952282428741455,28.18739128112793,1,11.581204414367676,10.9,29.6
5,2,0.0,6.5,23.200000000000003,0.9685089806599323,10.9,29.6,154.99147033691406,11.535238265991211,-3.952282428741455,28.07587242126465,1,11.533617973327637,10.9,29.6
5,2,0.0,6.5,23.200000000000003,0.9685089806599323,10.9,29.6,155.49147033691406,11.488912582397461,-3.952282428741455,27.96525764465332,1,11.487292289733887,10.9,29.6
5,2,0.0,6.5,23.200000000000003,0.9685089806599323,10.9,29.6,155.99147033691406,11.443825721740723,-3.952282428741455,27.855518341064453,1,11.442205429077148,10.9,29.6
5,2,0.0,6.5,23.200000000000003,0.9685089806599323,10.9,29.6,156.49147033691406,11.399955749511719,-3.952282428741455,27.746631622314453,1,11.398335456848145,10.9,29.6
5,2,0.0,6.5,23.200000000000003,0.9685089806599323,10.9,29.6,156.99147033691406,11.357282638549805,-3.952282428741455,27.638565063476562,1,11.35566234588623,10.9,29.6
5,2,0.0,6.5,23.200000000000003,0.9685089806599323,10.9,29.6,157.49147033691406,11.315786361694336,-3.952282428741455,27.531299591064453,1,11.314166069030762,10.9,29.6
5,2,0.0,6.5,23.200000000000003,0.9685089806599323,10.9,29.6,157.99147033691406,11.275447845458984,-3.952282428741455,27.4248046875,1,11.27382755279541,10.9,29.6
5,2,0.0,6.5,23.200000000000003,0.9685089806599323,10.9,29.6,158.49147033691406,11.236248016357422,-3.952282428741455,27.319059371948242,1,11.234627723693848,10.9,29.6
5,2,0.0,6.5,23.200000000000003,0.9685089806599323,10.9,29.6,158.99147033691406,11.198169708251953,-3.952282428741455,27.214038848876953,1,11.196549415588379,10.9,29.6
5,2,0.0,6.5,23.200000000000003,0.9685089806599323,10.9,29.6,159.49147033691406,11.161195755004883,-3.952282428741455,27.10972023010254,1,11.159575462341309,10.9,29.6
5,2,0.0,6.5,23.200000000000003,0.9685089806599323,10.9,29.6,159.99147033691406,11.125308990478516,-3.952282428741455,27.006080627441406,1,11.123688697814941,10.9,29.6
5,2,0.0,6.5,23.200000000000003,0.9685089806599323,10.9,29.6,160.49147033691406,11.090495109558105,-3.952282428741455,26.90309715270996,1,11.088874816894531,10.9,29.6
5,2,0.0,6.5,23.200000000000003,0.9685089806599323,10.9,29.6,160.99147033691406,11.056736946105957,-3.952282428741455,26.800748825073242,1,11.055116653442383,10.9,29.6
5,2,0.0,6.5,23.200000000000003,0.9685089806599323,10.9,29.6,161.49147033691406,11.024020195007324,-3.952282428741455,26.69901466369629,1,11.02239990234375,10.9,29.6
5,2,0.0,6.5,23.200000000000003,0.9685089806599323,10.9,29.6,161.99147033691406,10.992331504821777,-3.952282428741455,26.597871780395508,1,10.990711212158203,10.9,29.6
5,2,0.0,6.5,23.200000000000003,0.9685089806599323,10.9,29.6,162.49147033691406,10.961657524108887,-3.952282428741455,26.49730110168457,1,10.960037231445312,10.9,29.6
5,2,0.0,6.5,23.200000000000003,0.9685089806599323,10.9,29.6,162.99147033691406,10.93198299407959,-3.952282428741455,26.39728355407715,1,10.930362701416016,10.9,29.6
5,2,0.0,6.5,23.200000000000003,0.9685089806599323,10.9,29.6,163.49147033691406,10.903297424316406,-3.952282428741455,26.29779815673828,1,10.901677131652832,10.9,29.6
5,2,0.0,6.5,23.200000000000003,0.9685089806599323,10.9,29.6,163.99147033691406,10.875587463378906,-3.952282428741455,26.19882583618164,1,10.873967170715332,10.9,29.6
5,2,0.0,6.5,23.200000000000003,0.9685089806599323,10.9,29.6,164.49147033691406,10.84884262084961,-3.952282428741455,26.10034942626953,1,10.847222328186035,10.9,29.6
5,2,0.0,6.5,23.200000000000003,0.9685089806599323,10.9,29.6,164.99147033691406,10.823050498962402,-3.952282428741455,26.002347946166992,1,10.821430206298828,10.9,29.6
5,2,0.0,6.5,23.200000000000003,0.9685089806599323,10.9,29.6,165.49147033691406,0.0,,,0,10.796581268310547,10.9,29.6
5,2,0.0,6.5,23.200000000000003,0.9685089806599323,10.9,29.6,165.99147033691406,10.774284362792969,-3.952282428741455,25.80769920349121,1,10.772664070129395,10.9,29.6
5,2,0.0,6.5,23.200000000000003,0.9685089806599323,10.9,29.6,166.49147033691406,10.751290321350098,-3.952282428741455,25.711015701293945,1,10.749670028686523,10.9,29.6
5,2,0.0,6.5,23.200000000000003,0.9685089806599323,10.9,29.6,166.99147033691406,10.729208946228027,-3.952282428741455,25.614736557006836,1,10.727588653564453,10.9,29.6
5,2,0.0,6.5,23.200000000000003,0.9685089806599323,10.9,29.6,167.49147033691406,10.708032608032227,-3.952282428741455,25.51884651184082,1,10.706412315368652,10.9,29.6
5,2,0.0,6.5,23.200000000000003,0.9685089806599323,10.9,29.6,167.99147033691406,10.687750816345215,-3.952282428741455,25.42332649230957,1,10.68613052368164,10.9,29.6
5,2,0.0,6.5,23.200000000000003,0.9685089806599323,10.9,29.6,168.49147033691406,10.668356895446777,-3.952282428741455,25.32815933227539,1,10.666736602783203,10.9,29.6
5,2,0.0,6.5,23.200000000000003,0.9685089806599323,10.9,29.6,168.99147033691406,10.649843215942383,-3.952282428741455,25.23333168029785,1,10.648222923278809,10.9,29.6
5,2,0.0,6.5,23.200000000000003,0.9685089806599323,10.9,29.6,169.49147033691406,10.632201194763184,-3.952282428741455,25.138824462890625,1,10.63058090209961,10.9,29.6
5,2,0.0,6.5,23.200000000000003,0.9685089806599323,10.9,29.6,169.99147033691406,10.615425109863281,-3.952282428741455,25.04462242126465,1,10.613804817199707,10.9,29.6
5,2,0.0,6.5,23.200000000000003,0.9685089806599323,10.9,29.6,170.49147033691406,10.599506378173828,-3.952282428741455,24.95071029663086,1,10.597886085510254,10.9,29.6
5,2,0.0,6.5,23.200000000000003,0.9685089806599323,10.9,29.6,170.99147033691406,10.584441184997559,-3.952282428741455,24.857072830200195,1,10.582820892333984,10.9,29.6
5,2,0.0,6.5,23.200000000000003,0.9685089806599323,10.9,29.6,171.49147033691406,10.570221900939941,-3.952282428741455,24.76369285583496,1,10.568601608276367,10.9,29.6
5,2,0.0,6.5,23.200000000000003,0.9685089806599323,10.9,29.6,171.99147033691406,10.556843757629395,-3.952282428741455,24.67055892944336,1,10.55522346496582,10.9,29.6
5,2,0.0,6.5,23.200000000000003,0.9685089806599323,10.9,29.6,172.49147033691406,10.544301986694336,-3.952282428741455,24.57765007019043,1,10.542681694030762,10.9,29.6
5,2,0.0,6.5,23.200000000000003,0.9685089806599323,10.9,29.6,172.99147033691406,10.53258991241455,-3.952282428741455,24.484956741333008,1,10.530969619750977,10.9,29.6
5,2,0.0,6.5,23.200000000000003,0.9685089806599323,10.9,29.6,173.49147033691406,10.52170467376709,-3.952282428741455,24.3924617767334,1,10.520084381103516,10.9,29.6
5,2,0.0,6.5,23.200000000000003,0.9685089806599323,10.9,29.6,173.99147033691406,10.511641502380371,-3.952282428741455,24.300151824951172,1,10.510021209716797,10.9,29.6
5,2,0.0,6.5,23.200000000000003,0.9685089806599323,10.9,29.6,174.49147033691406,10.502396583557129,-3.952282428741455,24.208009719848633,1,10.500776290893555,10.9,29.6
5,2,0.0,6.5,23.200000000000003,0.9685089806599323,10.9,29.6,174.99147033691406,10.493965148925781,-3.952282428741455,24.11602210998535,1,10.492344856262207,10.9,29.6
5,2,0.0,6.5,23.200000000000003,0.9685089806599323,10.9,29.6,175.49147033691406,10.486346244812012,-3.952282428741455,24.02417755126953,1,10.484725952148438,10.9,29.6
5,2,0.0,6.5,23.200000000000003,0.9685089806599323,10.9,29.6,175.99147033691406,10.479535102844238,-3.952282428741455,23.932456970214844,1,10.477914810180664,10.9,29.6
5,2,0.0,6.5,23.200000000000003,0.9685089806599323,10.9,29.6,176.49147033691406,10.473529815673828,-3.952282428741455,23.840848922729492,1,10.471909523010254,10.9,29.6
5,2,0.0,6.5,23.200000000000003,0.9685089806599323,10.9,29.6,176.99147033691406,10.468328475952148,-3.952282428741455,23.749340057373047,1,10.466708183288574,10.9,29.6
5,2,0.0,6.5,23.200000000000003,0.9685089806599323,10.9,29.6,177.49147033691406,0.0,,,0,10.462307929992676,10.9,29.6
5,2,0.0,6.5,23.200000000000003,0.9685089806599323,10.9,29.6,177.99147033691406,10.460328102111816,-3.952282428741455,23.566558837890625,1,10.458707809448242,10.9,29.6
5,2,0.0,6.5,23.200000000000003,0.9685089806599323,10.9,29.6,178.49147033691406,10.457526206970215,-3.952282428741455,23.475257873535156,1,10.45590591430664,10.9,29.6
5,2,0.0,6.5,23.200000000000003,0.9685089806599323,10.9,29.6,178.99147033691406,10.455522537231445,-3.952282428741455,23.384000778198242,1,10.453902244567871,10.9,29.6
5,2,0.0,6.5,23.200000000000003,0.9685089806599323,10.9,29.6,179.49147033691406,12.0,,,0,12.0,10.9,29.6
5,2,0.0,6.5,23.200000000000003,0.9685089806599323,10.9,29.6,179.99147033691406,12.0,,,0,12.0,10.9,29.6
5,2,0.0,6.5,23.200000000000003,0.9685089806599323,10.9,29.6,180.49147033691406,12.0,,,0,12.0,10.9,29.6
5,2,0.0,6.5,23.200000000000003,0.9685089806599323,10.9,29.6,180.99147033691406,12.0,,,0,12.0,10.9,29.6
5,2,0.0,6.5,23.200000000000003,0.9685089806599323,10.9,29.6,181.49147033691406,12.0,,,0,12.0,10.9,29.6
5,2,0.0,6.5,23.200000000000003,0.9685089806599323,10.9,29.6,181.99147033691406,12.0,,,0,12.0,10.9,29.6
5,2,0.0,6.5,23.200000000000003,0.9685089806599323,10.9,29.6,182.49147033691406,12.0,,,0,12.0,10.9,29.6
5,2,0.0,6.5,23.200000000000003,0.9685089806599323,10.9,29.6,182.99147033691406,10.468165397644043,-3.952282428741455,22.653778076171875,1,10.466545104980469,10.9,29.6
5,2,0.0,6.5,23.200000000000003,0.9685089806599323,10.9,29.6,183.49147033691406,10.473340034484863,-3.952282428741455,22.562271118164062,1,10.471719741821289,10.9,29.6
5,2,0.0,6.5,23.200000000000003,0.9685089806599323,10.9,29.6,183.99147033691406,10.479317665100098,-3.952282428741455,22.470666885375977,1,10.477697372436523,10.9,29.6
5,2,0.0,6.5,23.200000000000003,0.9685089806599323,10.9,29.6,184.49147033691406,0.0,,,0,10.484480857849121,10.9,29.6
5,2,0.0,6.5,23.200000000000003,0.9685089806599323,10.9,29.6,184.99147033691406,10.493692398071289,-3.952282428741455,22.287111282348633,1,10.492072105407715,10.9,29.6
5,2,0.0,6.5,23.200000000000003,0.9685089806599323,10.9,29.6,185.49147033691406,10.502095222473145,-3.952282428741455,22.19512939453125,1,10.50047492980957,10.9,29.6
5,2,0.0,6.5,23.200000000000003,0.9685089806599323,10.9,29.6,185.99147033691406,10.511312484741211,-3.952282428741455,22.10299301147461,1,10.509692192077637,10.9,29.6
5,2,0.0,6.5,23.200000000000003,0.9685089806599323,10.9,29.6,186.49147033691406,10.521347999572754,-3.952282428741455,22.01068687438965,1,10.51972770690918,10.9,29.6
5,2,0.0,6.5,23.200000000000003,0.9685089806599323,10.9,29.6,186.99147033691406,10.532205581665039,-3.952282428741455,21.91819953918457,1,10.530585289001465,10.9,29.6
5,2,0.0,6.5,23.200000000000003,0.9685089806599323,10.9,29.6,187.49147033691406,10.543889045715332,-3.952282428741455,21.825511932373047,1,10.542268753051758,10.9,29.6
5,2,0.0,6.5,23.200000000000003,0.9685089806599323,10.9,29.6,187.99147033691406,10.556403160095215,-3.952282428741455,21.73261260986328,1,10.55478286743164,10.9,29.6
5,2,0.0,6.5,23.200000000000003,0.9685089806599323,10.9,29.6,188.49147033691406,10.56975269317627,-3.952282428741455,21.63948631286621,1,10.568132400512695,10.9,29.6
5,2,0.0,6.5,23.200000000000003,0.9685089806599323,10.9,29.6,188.99147033691406,10.583942413330078,-3.952282428741455,21.546113967895508,1,10.582322120666504,10.9,29.6
5,2,0.0,6.5,23.200000000000003,0.9685089806599323,10.9,29.6,189.49147033691406,10.598978996276855,-3.952282428741455,21.452486038208008,1,10.597358703613281,10.9,29.6
5,2,0.0,6.5,23.200000000000003,0.9685089806599323,10.9,29.6,189.99147033691406,10.6148681640625,-3.952282428741455,21.358583450317383,1,10.613247871398926,10.9,29.6
5,2,0.0,6.5,23.200000000000003,0.9685089806599323,10.9,29.6,190.49147033691406,10.631614685058594,-3.952282428741455,21.264392852783203,1,10.62999439239502,10.9,29.6
5,2,0.0,6.5,23.200000000000003,0.9685089806599323,10.9,29.6,190.99147033691406,10.649227142333984,-3.952282428741455,21.16989517211914,1,10.64760684967041,10.9,29.6
5,2,0.0,6.5,23.200000000000003,0.9685089806599323,10.9,29.6,191.49147033691406,10.66771125793457,-3.952282428741455,21.0750789642334,1,10.666090965270996,10.9,29.6
5,2,0.0,6.5,23.200000000000003,0.9685089806599323,10.9,29.6,191.99147033691406,10.6870756149292,-3.952282428741455,20.979923248291016,1,10.685455322265625,10.9,29.6
5,2,0.0,6.5,23.200000000000003,0.9685089806599323,10.9,29.6,192.49147033691406,10.70732593536377,-3.952282428741455,20.884416580200195,1,10.705705642700195,10.9,29.6
5,2,0.0,6.5,23.200000000000003,0.9685089806599323,10.9,29.6,192.99147033691406,10.728472709655762,-3.952282428741455,20.788537979125977,1,10.726852416992188,10.9,29.6
5,2,0.0,6.5,23.200000000000003,0.9685089806599323,10.9,29.6,193.49147033691406,10.75052261352539,-3.952282428741455,20.69227409362793,1,10.748902320861816,10.9,29.6
5,2,0.0,6.5,23.200000000000003,0.9685089806599323,10.9,29.6,193.99147033691406,10.773486137390137,-3.952282428741455,20.595603942871094,1,10.771865844726562,10.9,29.6
5,2,0.0,6.5,23.200000000000003,0.9685089806599323,10.9,29.6,194.49147033691406,10.797370910644531,-3.952282428741455,20.49851417541504,1,10.795750617980957,10.9,29.6
5,2,0.0,6.5,23.200000000000003,0.9685089806599323,10.9,29.6,194.99147033691406,10.822188377380371,-3.952282428741455,20.400985717773438,1,10.820568084716797,10.9,29.6
5,2,0.0,6.5,23.200000000000003,0.9685089806599323,10.9,29.6,195.49147033691406,10.84794807434082,-3.952282428741455,20.30299949645996,1,10.846327781677246,10.9,29.6
5,2,0.0,6.5,23.200000000000003,0.9685089806599323,10.9,29.6,195.99147033691406,10.87466049194336,-3.952282428741455,20.204538345336914,1,10.873040199279785,10.9,29.6
5,2,0.0,6.5,23.200000000000003,0.9685089806599323,10.9,29.6,196.49147033691406,10.902337074279785,-3.952282428741455,20.10558319091797,1,10.900716781616211,10.9,29.6
5,2,0.0,6.5,23.200000000000003,0.9685089806599323,10.9,29.6,196.99147033691406,10.930989265441895,-3.952282428741455,20.00611686706543,1,10.92936897277832,10.9,29.6
5,2,0.0,6.5,23.200000000000003,0.9685089806599323,10.9,29.6,197.49147033691406,10.9606294631958,-3.952282428741455,19.906116485595703,1,10.959009170532227,10.9,29.6
5,2,0.0,6.5,23.200000000000003,0.9685089806599323,10.9,29.6,197.99147033691406,10.9912691116333,-3.952282428741455,19.805566787719727,1,10.989648818969727,10.9,29.6
5,2,0.0,6.5,23.200000000000003,0.9685089806599323,10.9,29.6,198.49147033691406,11.022923469543457,-3.952282428741455,19.704444885253906,1,11.021303176879883,10.9,29.6
5,2,0.0,6.5,23.200000000000003,0.9685089806599323,10.9,29.6,198.99147033691406,11.055603981018066,-3.952282428741455,19.60272979736328,1,11.053983688354492,10.9,29.6
5,2,0.0,6.5,23.200000000000003,0.9685089806599323,10.9,29.6,199.49147033691406,11.089326858520508,-3.952282428741455,19.500402450561523,1,11.087706565856934,10.9,29.6
5,2,0.0,6.5,23.200000000000003,0.9685089806599323,10.9,29.6,199.99147033691406,0.0,,,0,11.12248420715332,10.9,29.6
5,2,0.0,6.5,23.200000000000003,0.9685089806599323,10.9,29.6,200.49147033691406,11.159954071044922,-3.952282428741455,19.2938232421875,1,11.158333778381348,10.9,29.6
5,2,0.0,6.5,23.200000000000003,0.9685089806599323,10.9,29.6,200.99147033691406,11.196890830993652,-3.952282428741455,19.189529418945312,1,11.195270538330078,10.9,29.6
5,2,0.0,6.5,23.200000000000003,0.9685089806599323,10.9,29.6,201.49147033691406,11.234931945800781,-3.952282428741455,19.084531784057617,1,11.233311653137207,10.9,29.6
5,2,0.0,6.5,23.200000000000003,0.9685089806599323,10.9,29.6,201.99147033691406,11.274092674255371,-3.952282428741455,18.97881317138672,1,11.272472381591797,10.9,29.6
5,2,0.0,6.5,23.200000000000003,0.9685089806599323,10.9,29.6,202.49147033691406,11.31439208984375,-3.952282428741455,18.872344970703125,1,11.312771797180176,10.9,29.6
5,2,0.0,6.5,23.200000000000003,0.9685089806599323,10.9,29.6,202.99147033691406,11.355849266052246,-3.952282428741455,18.765104293823242,1,11.354228973388672,10.9,29.6
5,2,0.0,6.5,23.200000000000003,0.9685089806599323,10.9,29.6,203.49147033691406,11.398481369018555,-3.952282428741455,18.657066345214844,1,11.39686107635498,10.9,29.6
5,2,0.0,6.5,23.200000000000003,0.9685089806599323,10.9,29.6,203.99147033691406,11.442310333251953,-3.952282428741455,18.548206329345703,1,11.440690040588379,10.9,29.6
5,2,0.0,6.5,23.200000000000003,0.9685089806599323,10.9,29.6,204.49147033691406,11.48735523223877,-3.952282428741455,18.43849754333496,1,11.485734939575195,10.9,29.6
5,2,0.0,6.5,23.200000000000003,0.9685089806599323,10.9,29.6,204.99147033691406,11.533638000488281,-3.952282428741455,18.327913284301758,1,11.532017707824707,10.9,29.6
5,2,0.0,6.5,23.200000000000003,0.9685089806599323,10.9,29.6,205.49147033691406,11.581180572509766,-3.952282428741455,18.2164249420166,1,11.579560279846191,10.9,29.6
5,2,0.0,6.5,23.200000000000003,0.9685089806599323,10.9,29.6,205.99147033691406,11.630006790161133,-3.952282428741455,18.104005813598633,1,11.628386497497559,10.9,29.6
5,2,0.0,6.5,23.200000000000003,0.9685089806599323,10.9,29.6,206.49147033691406,11.68013858795166,-3.952282428741455,17.990625381469727,1,11.678518295288086,10.9,29.6
5,2,0.0,6.5,23.200000000000003,0.9685089806599323,10.9,29.6,206.99147033691406,0.0,,,0,11.729982376098633,10.9,29.6
5,2,0.0,6.5,23.200000000000003,0.9685089806599323,10.9,29.6,207.49147033691406,11.784422874450684,-3.952282428741455,17.760862350463867,1,11.78280258178711,10.9,29.6
5,2,0.0,6.5,23.200000000000003,0.9685089806599323,10.9,29.6,207.99147033691406,11.83862590789795,-3.952282428741455,17.64441680908203,1,11.837005615234375,10.9,29.6
5,2,0.0,6.5,23.200000000000003,0.9685089806599323,10.9,29.6,208.49147033691406,11.894241333007812,-3.952282428741455,17.526885986328125,1,11.892621040344238,10.9,29.6
5,2,0.0,6.5,23.200000000000003,0.9685089806599323,10.9,29.6,208.99147033691406,11.951294898986816,-3.952282428741455,17.40823745727539,1,11.949674606323242,10.9,29.6
5,2,0.0,6.5,23.200000000000003,0.9685089806599323,10.9,29.6,209.49147033691406,12.0,,,0,12.0,10.9,29.6
5,2,0.0,6.5,23.200000000000003,0.9685089806599323,10.9,29.6,209.99147033691406,12.0,,,0,12.0,10.9,29.6
5,2,0.0,6.5,23.200000000000003,0.9685089806599323,10.9,29.6,210.49147033691406,0.0,,,0,12.0,10.9,29.6
5,2,0.0,6.5,23.200000000000003,0.9685089806599323,10.9,29.6,210.99147033691406,12.0,,,0,12.0,10.9,29.6
5,2,0.0,6.5,23.200000000000003,0.9685089806599323,10.9,29.6,211.49147033691406,12.0,,,0,12.0,10.9,29.6
5,2,0.0,6.5,23.200000000000003,0.9685089806599323,10.9,29.6,211.99147033691406,12.0,,,0,12.0,10.9,29.6
5,2,0.0,6.5,23.200000000000003,0.9685089806599323,10.9,29.6,212.49147033691406,12.0,,,0,12.0,10.9,29.6
5,2,0.0,6.5,23.200000000000003,0.9685089806599323,10.9,29.6,212.99147033691406,12.0,,,0,12.0,10.9,29.6
5,2,0.0,6.5,23.200000000000003,0.9685089806599323,10.9,29.6,213.49147033691406,12.0,,,0,12.0,10.9,29.6
5,2,0.0,6.5,23.200000000000003,0.9685089806599323,10.9,29.6,213.99147033691406,12.0,,,0,12.0,10.9,29.6
5,2,0.0,6.5,23.200000000000003,0.9685089806599323,10.9,29.6,214.49147033691406,12.0,,,0,12.0,10.9,29.6
5,2,0.0,6.5,23.200000000000003,0.9685089806599323,10.9,29.6,214.99147033691406,11.859578132629395,-3.214481830596924,16.399999618530273,1,11.85795783996582,10.9,29.6
5,2,0.0,6.5,23.200000000000003,0.9685089806599323,10.9,29.6,215.49147033691406,0.0,,,0,11.712388038635254,10.9,29.6
5,2,0.0,6.5,23.200000000000003,0.9685089806599323,10.9,29.6,215.99147033691406,11.572840690612793,-2.862325429916382,16.399999618530273,1,11.571220397949219,10.9,29.6
5,2,0.0,6.5,23.200000000000003,0.9685089806599323,10.9,29.6,216.49147033691406,11.435894966125488,-2.6925320625305176,16.399999618530273,1,11.434274673461914,10.9,29.6
5,2,0.0,6.5,23.200000000000003,0.9685089806599323,10.9,29.6,216.99147033691406,11.303004264831543,-2.526698112487793,16.399999618530273,1,11.301383972167969,10.9,29.6
5,2,0.0,6.5,23.200000000000003,0.9685089806599323,10.9,29.6,217.49147033691406,0.0,,,0,11.17238712310791,10.9,29.6
5,2,0.0,6.5,23.200000000000003,0.9685089806599323,10.9,29.6,217.99147033691406,11.048754692077637,-2.2062723636627197,16.399999618530273,1,11.047134399414062,10.9,29.6
5,2,0.0,6.5,23.200000000000003,0.9685089806599323,10.9,29.6,218.49147033691406,10.927101135253906,-2.051382303237915,16.399999618530273,1,10.925480842590332,10.9,29.6
5,2,0.0,6.5,23.200000000000003,0.9685089806599323,10.9,29.6,218.99147033691406,10.80891227722168,-1.8998552560806274,16.399999618530273,1,10.807291984558105,10.9,29.6
5,2,0.0,6.5,23.200000000000003,0.9685089806599323,10.9,29.6,219.49147033691406,10.694059371948242,-1.7515602111816406,16.399999618530273,1,10.692439079284668,10.9,29.6
5,2,0.0,6.5,23.200000000000003,0.9685089806599323,10.9,29.6,219.99147033691406,10.582418441772461,-1.6063730716705322,16.399999618530273,1,10.580798149108887,10.9,29.6
5,2,0.0,6.5,23.200000000000003,0.9685089806599323,10.9,29.6,220.49147033691406,10.47387409210205,-1.4641757011413574,16.399999618530273,1,10.472253799438477,10.9,29.6
5,2,0.0,6.5,23.200000000000003,0.9685089806599323,10.9,29.6,220.99147033691406,10.368315696716309,-1.3248556852340698,16.399999618530273,1,10.366695404052734,10.9,29.6
5,2,0.0,6.5,23.200000000000003,0.9685089806599323,10.9,29.6,221.49147033691406,10.265637397766113,-1.1883060932159424,16.399999618530273,1,10.264017105102539,10.9,29.6
5,2,0.0,6.5,23.200000000000003,0.9685089806599323,10.9,29.6,221.99147033691406,10.165740013122559,-1.0544246435165405,16.399999618530273,1,10.164119720458984,10.9,29.6
5,2,0.0,6.5,23.200000000000003,0.9685089806599323,10.9,29.6,222.49147033691406,10.068528175354004,-0.9231143593788147,16.399999618530273,1,10.06690788269043,10.9,29.6
5,2,0.0,6.5,23.200000000000003,0.9685089806599323,10.9,29.6,222.99147033691406,9.973909378051758,-0.7942823171615601,16.399999618530273,1,9.972289085388184,10.9,29.6
5,2,0.0,6.5,23.200000000000003,0.9685089806599323,10.9,29.6,223.49147033691406,9.88179874420166,-0.6678399443626404,16.399999618530273,1,9.880178451538086,10.9,29.6
5,2,0.0,6.5,23.200000000000003,0.9685089806599323,10.9,29.6,223.99147033691406,9.792113304138184,-0.5437026619911194,16.399999618530273,1,9.79049301147461,10.9,29.6
5,2,0.0,6.5,23.200000000000003,0.9685089806599323,10.9,29.6,224.49147033691406,9.70477294921875,-0.42178958654403687,16.399999618530273,1,9.703152656555176,10.9,29.6
5,2,0.0,6.5,23.200000000000003,0.9685089806599323,10.9,29.6,224.99147033691406,9.61970329284668,-0.30202335119247437,16.399999618530273,1,9.618083000183105,10.9,29.6
5,2,0.0,6.5,23.200000000000003,0.9685089806599323,10.9,29.6,225.49147033691406,9.536831855773926,-0.1843300312757492,16.399999618530273,1,9.535211563110352,10.9,29.6
5,2,0.0,6.5,23.200000000000003,0.9685089806599323,10.9,29.6,225.99147033691406,9.456090927124023,-0.06863878667354584,16.399999618530273,1,9.45447063446045,10.9,29.6
5,2,0.0,6.5,23.200000000000003,0.9685089806599323,10.9,29.6,226.49147033691406,9.377413749694824,0.04511823132634163,16.399999618530273,1,9.37579345703125,10.9,29.6
5,2,0.0,6.5,23.200000000000003,0.9685089806599323,10.9,29.6,226.99147033691406,0.0,,,0,9.299117088317871,10.9,29.6
5,2,0.0,6.5,23.200000000000003,0.9685089806599323,10.9,29.6,227.49147033691406,9.226001739501953,0.2670868933200836,16.399999618530273,1,9.224381446838379,10.9,29.6
5,2,0.0,6.5,23.200000000000003,0.9685089806599323,10.9,29.6,227.99147033691406,9.153148651123047,0.3754206597805023,16.399999618530273,1,9.151528358459473,10.9,29.6
5,2,0.0,6.5,23.200000000000003,0.9685089806599323,10.9,29.6,228.49147033691406,9.082123756408691,0.4820646643638611,16.399999618530273,1,9.080503463745117,10.9,29.6
5,2,0.0,6.5,23.200000000000003,0.9685089806599323,10.9,29.6,228.99147033691406,9.012873649597168,0.5870740413665771,16.399999618530273,1,9.011253356933594,10.9,29.6
5,2,0.0,6.5,23.200000000000003,0.9685089806599323,10.9,29.6,229.49147033691406,8.945348739624023,0.6905017495155334,16.399999618530273,1,8.94372844696045,10.9,29.6
5,2,0.0,6.5,23.200000000000003,0.9685089806599323,10.9,29.6,229.99147033691406,8.879498481750488,0.7923985719680786,16.399999618530273,1,8.877878189086914,10.9,29.6
5,2,0.0,6.5,23.200000000000003,0.9685089806599323,10.9,29.6,230.49147033691406,8.815277099609375,0.892813503742218,16.399999618530273,1,8.8136568069458,10.9,29.6
5,2,0.0,6.5,23.200000000000003,0.9685089806599323,10.9,29.6,230.99147033691406,8.752639770507812,0.9917935132980347,16.399999618530273,1,8.751019477844238,10.9,29.6
5,2,0.0,6.5,23.200000000000003,0.9685089806599323,10.9,29.6,231.49147033691406,8.691543579101562,1.0893840789794922,16.399999618530273,1,8.689923286437988,10.9,29.6
5,2,0.0,6.5,23.200000000000003,0.9685089806599323,10.9,29.6,231.99147033691406,0.0,,,0,8.630327224731445,10.9,29.6
5,2,0.0,6.5,23.200000000000003,0.9685089806599323,10.9,29.6,232.49147033691406,8.573811531066895,1.2805691957473755,16.399999618530273,1,8.57219123840332,10.9,29.6
5,2,0.0,6.5,23.200000000000003,0.9685089806599323,10.9,29.6,232.99147033691406,8.517097473144531,1.37424635887146,16.399999618530273,1,8.515477180480957,10.9,29.6
5,2,0.0,6.5,23.200000000000003,0.9685089806599323,10.9,29.6,233.49147033691406,8.461769104003906,1.4666991233825684,16.399999618530273,1,8.460148811340332,10.9,29.6
5,2,0.0,6.5,23.200000000000003,0.9685089806599323,10.9,29.6,233.99147033691406,8.407791137695312,1.5579651594161987,16.399999618530273,1,8.406170845031738,10.9,29.6
5,2,0.0,6.5,23.200000000000003,0.9685089806599323,10.9,29.6,234.49147033691406,8.355130195617676,1.648080825805664,16.399999618530273,1,8.353509902954102,10.9,29.6
5,2,0.0,6.5,23.200000000000003,0.9685089806599323,10.9,29.6,234.99147033691406,8.303751945495605,1.7370811700820923,16.399999618530273,1,8.302131652832031,10.9,29.6
