scenario_id,scan_id,t,pose_x,pose_y,pose_yaw,goal_x,goal_y,theta_deg,r_m,hit_x,hit_y,valid,noise_free_r_m,final_goal_x,final_goal_y
4,0,0.0,18.8,0.7000000000000001,1.7326337580333198,17.2,10.5,279.2726135253906,0.0,,,0,5.269444465637207,0.30000000000000004,12.700000000000001
4,0,0.0,18.8,0.7000000000000001,1.7326337580333198,17.2,10.5,279.7726135253906,5.244150638580322,19.695735931396484,-4.5005879402160645,1,5.277163982391357,0.30000000000000004,12.700000000000001
4,0,0.0,18.8,0.7000000000000001,1.7326337580333198,17.2,10.5,280.2726135253906,5.252295970916748,19.742538452148438,-4.5005879402160645,1,5.285309314727783,0.30000000000000004,12.700000000000001
4,0,0.0,18.8,0.7000000000000001,1.7326337580333198,17.2,10.5,280.7726135253906,5.260869979858398,19.789487838745117,-4.5005879402160645,1,5.293883323669434,0.30000000000000004,12.700000000000001
4,0,0.0,18.8,0.7000000000000001,1.7326337580333198,17.2,10.5,281.2726135253906,5.269876480102539,19.836593627929688,-4.5005879402160645,1,5.302889823913574,0.30000000000000004,12.700000000000001
4,0,0.0,18.8,0.7000000000000001,1.7326337580333198,17.2,10.5,281.7726135253906,0.0,,,0,5.312332630157471,0.30000000000000004,12.700000000000001
4,0,0.0,18.8,0.7000000000000001,1.7326337580333198,17.2,10.5,282.2726135253906,5.289201259613037,19.931306838989258,-4.5005879402160645,1,5.322214603424072,0.30000000000000004,12.700000000000001
4,0,0.0,18.8,0.7000000000000001,1.7326337580333198,17.2,10.5,282.7726135253906,5.299527168273926,19.97892951965332,-4.5005879402160645,1,5.332540512084961,0.30000000000000004,12.700000000000001
4,0,0.0,18.8,0.7000000000000001,1.7326337580333198,17.2,10.5,283.2726135253906,0.0,,,0,5.343314170837402,0.30000000000000004,12.700000000000001
4,0,0.0,18.8,0.7000000000000001,1.7326337580333198,17.2,10.5,283.7726135253906,0.0,,,0,5.3545403480529785,0.30000000000000004,12.700000000000001
4,0,0.0,18.8,0.7000000000000001,1.7326337580333198,17.2,10.5,284.2726135253906,5.333209991455078,20.12296485900879,-4.5005879402160645,1,5.366223335266113,0.30000000000000004,12.700000000000001
4,0,0.0,18.8,0.7000000000000001,1.7326337580333198,17.2,10.5,284.7726135253906,5.345354080200195,20.17139434814453,-4.5005879402160645,1,5.3783674240112305,0.30000000000000004,12.700000000000001
4,0,0.0,18.8,0.7000000000000001,1.7326337580333198,17.2,10.5,285.2726135253906,5.357964992523193,20.220046997070312,-4.5005879402160645,1,5.3909783363342285,0.30000000000000004,12.700000000000001
4,0,0.0,18.8,0.7000000000000001,1.7326337580333198,17.2,10.5,285.7726135253906,5.3710479736328125,20.268932342529297,-4.5005879402160645,1,5.404061317443848,0.30000000000000004,12.700000000000001
4,0,0.0,18.8,0.7000000000000001,1.7326337580333198,17.2,10.5,286.2726135253906,5.384607791900635,20.31805992126465,-4.5005879402160645,1,5.41762113571167,0.30000000000000004,12.700000000000001
4,0,0.0,18.8,0.7000000000000001,1.7326337580333198,17.2,10.5,286.7726135253906,5.398650646209717,20.3674373626709,-4.5005879402160645,1,5.431663990020752,0.30000000000000004,12.700000000000001
4,0,0.0,18.8,0.7000000000000001,1.7326337580333198,17.2,10.5,287.2726135253906,5.413182258605957,20.41707420349121,-4.5005879402160645,1,5.446195602416992,0.30000000000000004,12.700000000000001
4,0,0.0,18.8,0.7000000000000001,1.7326337580333198,17.2,10.5,287.7726135253906,5.428208827972412,20.466983795166016,-4.5005879402160645,1,5.461222171783447,0.30000000000000004,12.700000000000001
4,0,0.0,18.8,0.7000000000000001,1.7326337580333198,17.2,10.5,288.2726135253906,5.443737030029297,20.51717185974121,-4.5005879402160645,1,5.476750373840332,0.30000000000000004,12.700000000000001
4,0,0.0,18.8,0.7000000000000001,1.7326337580333198,17.2,10.5,288.7726135253906,5.459773063659668,20.567649841308594,-4.5005879402160645,1,5.492786407470703,0.30000000000000004,12.700000000000001
4,0,0.0,18.8,0.7000000000000001,1.7326337580333198,17.2,10.5,289.2726135253906,5.476324081420898,20.61842918395996,-4.5005879402160645,1,5.509337425231934,0.30000000000000004,12.700000000000001
4,0,0.0,18.8,0.7000000000000001,1.7326337580333198,17.2,10.5,289.7726135253906,5.481739521026611,20.66557502746582,-4.489617347717285,1,5.5147528648376465,0.30000000000000004,12.700000000000001
4,0,0.0,18.8,0.7000000000000001,1.7326337580333198,17.2,10.5,290.2726135253906,5.351240158081055,20.66557502746582,-4.350724220275879,1,5.38425350189209,0.30000000000000004,12.700000000000001
4,0,0.0,18.8,0.7000000000000001,1.7326337580333198,17.2,10.5,290.7726135253906,5.227165222167969,20.66557502746582,-4.218242645263672,1,5.260178565979004,0.30000000000000004,12.700000000000001
4,0,0.0,18.8,0.7000000000000001,1.7326337580333198,17.2,10.5,291.2726135253906,0.0,,,0,5.14207649230957,0.30000000000000004,12.700000000000001
4,0,0.0,18.8,0.7000000000000001,1.7326337580333198,17.2,10.5,291.7726135253906,4.996522426605225,20.66557502746582,-3.970745086669922,1,5.02953577041626,0.30000000000000004,12.700000000000001
4,0,0.0,18.8,0.7000000000000001,1.7326337580333198,17.2,10.5,292.2726135253906,4.889168739318848,20.66557502746582,-3.8549435138702393,1,4.922182083129883,0.30000000000000004,12.700000000000001
4,0,0.0,18.8,0.7000000000000001,1.7326337580333198,17.2,10.5,292.7726135253906,4.7866621017456055,20.66557502746582,-3.743973731994629,1,4.819675445556641,0.30000000000000004,12.700000000000001
4,0,0.0,18.8,0.7000000000000001,1.7326337580333198,17.2,10.5,293.2726135253906,0.0,,,0,4.721703052520752,0.30000000000000004,12.700000000000001
4,0,0.0,18.8,0.7000000000000001,1.7326337580333198,17.2,10.5,293.7726135253906,4.594966411590576,20.66557502746582,-3.5353076457977295,1,4.627979755401611,0.30000000000000004,12.700000000000001
4,0,0.0,18.8,0.7000000000000001,1.7326337580333198,17.2,10.5,294.2726135253906,4.50523042678833,20.66557502746582,-3.437062978744507,1,4.538243770599365,0.30000000000000004,12.700000000000001
4,0,0.0,18.8,0.7000000000000001,1.7326337580333198,17.2,10.5,294.7726135253906,4.419240951538086,20.66557502746582,-3.3425488471984863,1,4.452254295349121,0.30000000000000004,12.700000000000001
4,0,0.0,18.8,0.7000000000000001,1.7326337580333198,17.2,10.5,295.2726135253906,4.336775779724121,20.66557502746582,-3.251542806625366,1,4.369789123535156,0.30000000000000004,12.700000000000001
4,0,0.0,18.8,0.7000000000000001,1.7326337580333198,17.2,10.5,295.7726135253906,0.0,,,0,4.290644645690918,0.30000000000000004,12.700000000000001
4,0,0.0,18.8,0.7000000000000001,1.7326337580333198,17.2,10.5,296.2726135253906,0.0,,,0,4.214630603790283,0.30000000000000004,12.700000000000001
4,0,0.0,18.8,0.7000000000000001,1.7326337580333198,17.2,10.5,296.7726135253906,4.108560085296631,20.66557502746582,-2.9976022243499756,1,4.141573429107666,0.30000000000000004,12.700000000000001
4,0,0.0,18.8,0.7000000000000001,1.7326337580333198,17.2,10.5,297.2726135253906,4.038297176361084,20.66557502746582,-2.918729066848755,1,4.071310520172119,0.30000000000000004,12.700000000000001
4,0,0.0,18.8,0.7000000000000001,1.7326337580333198,17.2,10.5,297.7726135253906,3.9706785678863525,20.66557502746582,-2.842481851577759,1,4.003691673278809,0.30000000000000004,12.700000000000001
4,0,0.0,18.8,0.7000000000000001,1.7326337580333198,17.2,10.5,298.2726135253906,3.905564069747925,20.66557502746582,-2.7687203884124756,1,3.938577175140381,0.30000000000000004,12.700000000000001
4,0,0.0,18.8,0.7000000000000001,1.7326337580333198,17.2,10.5,298.7726135253906,3.8428239822387695,20.66557502746582,-2.697314500808716,1,3.8758370876312256,0.30000000000000004,12.700000000000001
4,0,0.0,18.8,0.7000000000000001,1.7326337580333198,17.2,10.5,299.2726135253906,3.7823376655578613,20.66557502746582,-2.6281425952911377,1,3.8153507709503174,0.30000000000000004,12.700000000000001
4,0,0.0,18.8,0.7000000000000001,1.7326337580333198,17.2,10.5,299.7726135253906,3.723991870880127,20.66557502746582,-2.561091661453247,1,3.757004976272583,0.30000000000000004,12.700000000000001
4,0,0.0,18.8,0.7000000000000001,1.7326337580333198,17.2,10.5,300.2726135253906,3.6676812171936035,20.66557502746582,-2.4960556030273438,1,3.7006943225860596,0.30000000000000004,12.700000000000001
4,0,0.0,18.8,0.7000000000000001,1.7326337580333198,17.2,10.5,300.7726135253906,0.0,,,0,3.6463205814361572,0.30000000000000004,12.700000000000001
4,0,0.0,18.8,0.7000000000000001,1.7326337580333198,17.2,10.5,301.2726135253906,3.5607779026031494,20.66557502746582,-2.371638774871826,1,3.5937910079956055,0.30000000000000004,12.700000000000001
4,0,0.0,18.8,0.7000000000000001,1.7326337580333198,17.2,10.5,301.7726135253906,3.5100061893463135,20.66557502746582,-2.3120787143707275,1,3.5430192947387695,0.30000000000000004,12.700000000000001
4,0,0.0,18.8,0.7000000000000001,1.7326337580333198,17.2,10.5,302.2726135253906,0.0,,,0,3.493924856185913,0.30000000000000004,12.700000000000001
4,0,0.0,18.8,0.7000000000000001,1.7326337580333198,17.2,10.5,302.7726135253906,3.4134178161621094,20.66557502746582,-2.1978471279144287,1,3.4464309215545654,0.30000000000000004,12.700000000000001
4,0,0.0,18.8,0.7000000000000001,1.7326337580333198,17.2,10.5,303.2726135253906,3.3674535751342773,20.66557502746582,-2.1430275440216064,1,3.4004666805267334,0.30000000000000004,12.700000000000001
4,0,0.0,18.8,0.7000000000000001,1.7326337580333198,17.2,10.5,303.7726135253906,3.322951316833496,20.66557502746582,-2.089646577835083,1,3.355964422225952,0.30000000000000004,12.700000000000001
4,0,0.0,18.8,0.7000000000000001,1.7326337580333198,17.2,10.5,304.2726135253906,3.2798476219177246,20.66557502746582,-2.0376410484313965,1,3.3128607273101807,0.30000000000000004,12.700000000000001
4,0,0.0,18.8,0.7000000000000001,1.7326337580333198,17.2,10.5,304.7726135253906,3.2380833625793457,20.66557502746582,-1.9869506359100342,1,3.2710964679718018,0.30000000000000004,12.700000000000001
4,0,0.0,18.8,0.7000000000000001,1.7326337580333198,17.2,10.5,305.2726135253906,3.197601795196533,20.66557502746582,-1.9375187158584595,1,3.2306149005889893,0.30000000000000004,12.700000000000001
4,0,0.0,18.8,0.7000000000000001,1.7326337580333198,17.2,10.5,305.7726135253906,0.0,,,0,3.1913633346557617,0.30000000000000004,12.700000000000001
4,0,0.0,18.8,0.7000000000000001,1.7326337580333198,17.2,10.5,306.2726135253906,6.417637825012207,22.616384506225586,-4.5005879402160645,1,6.450651168823242,0.30000000000000004,12.700000000000001
4,0,0.0,18.8,0.7000000000000001,1.7326337580333198,17.2,10.5,306.7726135253906,6.4594621658325195,22.68665885925293,-4.5005879402160645,1,6.492475509643555,0.30000000000000004,12.700000000000001
4,0,0.0,18.8,0.7000000000000001,1.7326337580333198,17.2,10.5,307.2726135253906,0.0,,,0,6.535346508026123,0.30000000000000004,12.700000000000001
4,0,0.0,18.8,0.7000000000000001,1.7326337580333198,17.2,10.5,307.7726135253906,6.54627799987793,22.830007553100586,-4.5005879402160645,1,6.579291343688965,0.30000000000000004,12.700000000000001
4,0,0.0,18.8,0.7000000000000001,1.7326337580333198,17.2,10.5,308.2726135253906,6.5913262367248535,22.903141021728516,-4.5005879402160645,1,6.624339580535889,0.30000000000000004,12.700000000000001
4,0,0.0,18.8,0.7000000000000001,1.7326337580333198,17.2,10.5,308.7726135253906,6.63750696182251,22.97728729248047,-4.5005879402160645,1,6.670520305633545,0.30000000000000004,12.700000000000001
4,0,0.0,18.8,0.7000000000000001,1.7326337580333198,17.2,10.5,309.2726135253906,6.684851169586182,23.052480697631836,-4.5005879402160645,1,6.717864513397217,0.30000000000000004,12.700000000000001
4,0,0.0,18.8,0.7000000000000001,1.7326337580333198,17.2,10.5,309.7726135253906,6.733391284942627,23.128755569458008,-4.5005879402160645,1,6.766404628753662,0.30000000000000004,12.700000000000001
4,0,0.0,18.8,0.7000000000000001,1.7326337580333198,17.2,10.5,310.2726135253906,6.783161163330078,23.206146240234375,-4.5005879402160645,1,6.816174507141113,0.30000000000000004,12.700000000000001
4,0,0.0,18.8,0.7000000000000001,1.7326337580333198,17.2,10.5,310.7726135253906,6.834195137023926,23.28468894958496,-4.5005879402160645,1,6.867208480834961,0.30000000000000004,12.700000000000001
4,0,0.0,18.8,0.7000000000000001,1.7326337580333198,17.2,10.5,311.2726135253906,6.886529922485352,23.364423751831055,-4.5005879402160645,1,6.919543266296387,0.30000000000000004,12.700000000000001
4,0,0.0,18.8,0.7000000000000001,1.7326337580333198,17.2,10.5,311.7726135253906,0.0,,,0,6.973217010498047,0.30000000000000004,12.700000000000001
4,0,0.0,18.8,0.7000000000000001,1.7326337580333198,17.2,10.5,312.2726135253906,6.995255947113037,23.527626037597656,-4.5005879402160645,1,7.028269290924072,0.30000000000000004,12.700000000000001
4,0,0.0,18.8,0.7000000000000001,1.7326337580333198,17.2,10.5,312.7726135253906,7.051728248596191,23.61117935180664,-4.5005879402160645,1,7.084741592407227,0.30000000000000004,12.700000000000001
4,0,0.0,18.8,0.7000000000000001,1.7326337580333198,17.2,10.5,313.2726135253906,0.0,,,0,7.142677307128906,0.30000000000000004,12.700000000000001
4,0,0.0,18.8,0.7000000000000001,1.7326337580333198,17.2,10.5,313.7726135253906,0.0,,,0,2.696704149246216,0.30000000000000004,12.700000000000001
4,0,0.0,18.8,0.7000000000000001,1.7326337580333198,17.2,10.5,314.2726135253906,2.6394503116607666,20.66557502746582,-1.2135549783706665,1,2.6724634170532227,0.30000000000000004,12.700000000000001
4,0,0.0,18.8,0.7000000000000001,1.7326337580333198,17.2,10.5,314.7726135253906,0.0,,,0,2.6488544940948486,0.30000000000000004,12.700000000000001
4,0,0.0,18.8,0.7000000000000001,1.7326337580333198,17.2,10.5,315.2726135253906,2.592844009399414,20.66557502746582,-1.1479063034057617,1,2.62585711479187,0.30000000000000004,12.700000000000001
4,0,0.0,18.8,0.7000000000000001,1.7326337580333198,17.2,10.5,315.7726135253906,2.570439338684082,20.66557502746582,-1.1159284114837646,1,2.603452444076538,0.30000000000000004,12.700000000000001
4,0,0.0,18.8,0.7000000000000001,1.7326337580333198,17.2,10.5,316.2726135253906,2.5486085414886475,20.66557502746582,-1.0844892263412476,1,2.5816216468811035,0.30000000000000004,12.700000000000001
4,0,0.0,18.8,0.7000000000000001,1.7326337580333198,17.2,10.5,316.7726135253906,2.527334213256836,20.66557502746582,-1.0535705089569092,1,2.560347318649292,0.30000000000000004,12.700000000000001
4,0,0.0,18.8,0.7000000000000001,1.7326337580333198,17.2,10.5,317.2726135253906,2.5065994262695312,20.66557502746582,-1.0231549739837646,1,2.5396125316619873,0.30000000000000004,12.700000000000001
4,0,0.0,18.8,0.7000000000000001,1.7326337580333198,17.2,10.5,317.7726135253906,2.4863879680633545,20.66557502746582,-0.9932258725166321,1,2.5194010734558105,0.30000000000000004,12.700000000000001
4,0,0.0,18.8,0.7000000000000001,1.7326337580333198,17.2,10.5,318.2726135253906,2.4666848182678223,20.66557502746582,-0.9637671709060669,1,2.4996979236602783,0.30000000000000004,12.700000000000001
4,0,0.0,18.8,0.7000000000000001,1.7326337580333198,17.2,10.5,318.7726135253906,2.447474718093872,20.66557502746582,-0.9347634315490723,1,2.480487823486328,0.30000000000000004,12.700000000000001
4,0,0.0,18.8,0.7000000000000001,1.7326337580333198,17.2,10.5,319.2726135253906,2.428743600845337,20.66557502746582,-0.9061999320983887,1,2.461756706237793,0.30000000000000004,12.700000000000001
4,0,0.0,18.8,0.7000000000000001,1.7326337580333198,17.2,10.5,319.7726135253906,2.410478115081787,20.66557502746582,-0.8780624270439148,1,2.443491220474243,0.30000000000000004,12.700000000000001
4,0,0.0,18.8,0.7000000000000001,1.7326337580333198,17.2,10.5,320.2726135253906,0.0,,,0,2.425678014755249,0.30000000000000004,12.700000000000001
4,0,0.0,18.8,0.7000000000000001,1.7326337580333198,17.2,10.5,320.7726135253906,2.375291585922241,20.66557502746582,-0.8230114579200745,1,2.4083046913146973,0.30000000000000004,12.700000000000001
4,0,0.0,18.8,0.7000000000000001,1.7326337580333198,17.2,10.5,321.2726135253906,2.358346462249756,20.66557502746582,-0.796072244644165,1,2.391359567642212,0.30000000000000004,12.700000000000001
4,0,0.0,18.8,0.7000000000000001,1.7326337580333198,17.2,10.5,321.7726135253906,2.3418173789978027,20.66557502746582,-0.7695074081420898,1,2.374830484390259,0.30000000000000004,12.700000000000001
4,0,0.0,18.8,0.7000000000000001,1.7326337580333198,17.2,10.5,322.2726135253906,2.3256938457489014,20.66557502746582,-0.7433053255081177,1,2.3587069511413574,0.30000000000000004,12.700000000000001
4,0,0.0,18.8,0.7000000000000001,1.7326337580333198,17.2,10.5,322.7726135253906,2.309964895248413,20.66557502746582,-0.7174546718597412,1,2.342978000640869,0.30000000000000004,12.700000000000001
4,0,0.0,18.8,0.7000000000000001,1.7326337580333198,17.2,10.5,323.2726135253906,0.0,,,0,2.3276336193084717,0.30000000000000004,12.700000000000001
4,0,0.0,18.8,0.7000000000000001,1.7326337580333198,17.2,10.5,323.7726135253906,2.2796506881713867,20.66557502746582,-0.6667645573616028,1,2.3126637935638428,0.30000000000000004,12.700000000000001
4,0,0.0,18.8,0.7000000000000001,1.7326337580333198,17.2,10.5,324.2726135253906,2.2650458812713623,20.66557502746582,-0.6419044137001038,1,2.2980589866638184,0.30000000000000004,12.700000000000001
4,0,0.0,18.8,0.7000000000000001,1.7326337580333198,17.2,10.5,324.7726135253906,2.2507975101470947,20.66557502746582,-0.6173545122146606,1,2.283810615539551,0.30000000000000004,12.700000000000001
4,0,0.0,18.8,0.7000000000000001,1.7326337580333198,17.2,10.5,325.2726135253906,2.236896514892578,20.66557502746582,-0.5931052565574646,1,2.269909620285034,0.30000000000000004,12.700000000000001
4,0,0.0,18.8,0.7000000000000001,1.7326337580333198,17.2,10.5,325.7726135253906,2.223334312438965,20.66557502746582,-0.5691476464271545,1,2.256347417831421,0.30000000000000004,12.700000000000001
4,0,0.0,18.8,0.7000000000000001,1.7326337580333198,17.2,10.5,326.2726135253906,0.0,,,0,2.2431163787841797,0.30000000000000004,12.700000000000001
4,0,0.0,18.8,0.7000000000000001,1.7326337580333198,17.2,10.5,326.7726135253906,2.197195053100586,20.66557502746582,-0.5220722556114197,1,2.230208158493042,0.30000000000000004,12.700000000000001
4,0,0.0,18.8,0.7000000000000001,1.7326337580333198,17.2,10.5,327.2726135253906,0.0,,,0,2.217615842819214,0.30000000000000004,12.700000000000001
4,0,0.0,18.8,0.7000000000000001,1.7326337580333198,17.2,10.5,327.7726135253906,2.172318696975708,20.66557502746582,-0.4760611951351166,1,2.205331802368164,0.30000000000000004,12.700000000000001
4,0,0.0,18.8,0.7000000000000001,1.7326337580333198,17.2,10.5,328.2726135253906,2.1603360176086426,20.66557502746582,-0.4534350335597992,1,2.1933491230010986,0.30000000000000004,12.700000000000001
4,0,0.0,18.8,0.7000000000000001,1.7326337580333198,17.2,10.5,328.7726135253906,2.148648262023926,20.66557502746582,-0.43105170130729675,1,2.181661367416382,0.30000000000000004,12.700000000000001
4,0,0.0,18.8,0.7000000000000001,1.7326337580333198,17.2,10.5,329.2726135253906,2.1372487545013428,20.66557502746582,-0.4089040160179138,1,2.170261859893799,0.30000000000000004,12.700000000000001
4,0,0.0,18.8,0.7000000000000001,1.7326337580333198,17.2,10.5,329.7726135253906,2.126131296157837,20.66557502746582,-0.3869848847389221,1,2.159144401550293,0.30000000000000004,12.700000000000001
4,0,0.0,18.8,0.7000000000000001,1.7326337580333198,17.2,10.5,330.2726135253906,0.0,,,0,2.1483030319213867,0.30000000000000004,12.700000000000001
4,0,0.0,18.8,0.7000000000000001,1.7326337580333198,17.2,10.5,330.7726135253906,2.1047189235687256,20.66557502746582,-0.34380537271499634,1,2.1377320289611816,0.30000000000000004,12.700000000000001
4,0,0.0,18.8,0.7000000000000001,1.7326337580333198,17.2,10.5,331.2726135253906,2.0944125652313232,20.66557502746582,-0.32253196835517883,1,2.1274256706237793,0.30000000000000004,12.700000000000001
4,0,0.0,18.8,0.7000000000000001,1.7326337580333198,17.2,10.5,331.7726135253906,2.0843656063079834,20.66557502746582,-0.3014611303806305,1,2.1173787117004395,0.30000000000000004,12.700000000000001
4,0,0.0,18.8,0.7000000000000001,1.7326337580333198,17.2,10.5,332.2726135253906,0.0,,,0,2.107585906982422,0.30000000000000004,12.700000000000001
4,0,0.0,18.8,0.7000000000000001,1.7326337580333198,17.2,10.5,332.7726135253906,0.0,,,0,2.0980424880981445,0.30000000000000004,12.700000000000001
4,0,0.0,18.8,0.7000000000000001,1.7326337580333198,17.2,10.5,333.2726135253906,2.055730104446411,20.66557502746582,-0.23940423130989075,1,2.088743209838867,0.30000000000000004,12.700000000000001
4,0,0.0,18.8,0.7000000000000001,1.7326337580333198,17.2,10.5,333.7726135253906,2.04667067527771,20.66557502746582,-0.21908479928970337,1,2.079683780670166,0.30000000000000004,12.700000000000001
4,0,0.0,18.8,0.7000000000000001,1.7326337580333198,17.2,10.5,334.2726135253906,2.037846565246582,20.66557502746582,-0.19893933832645416,1,2.070859670639038,0.30000000000000004,12.700000000000001
4,0,0.0,18.8,0.7000000000000001,1.7326337580333198,17.2,10.5,334.7726135253906,2.0292534828186035,20.66557502746582,-0.1789625883102417,1,2.0622665882110596,0.30000000000000004,12.700000000000001
4,0,0.0,18.8,0.7000000000000001,1.7326337580333198,17.2,10.5,335.2726135253906,0.0,,,0,2.0539002418518066,0.30000000000000004,12.700000000000001
4,0,0.0,18.8,0.7000000000000001,1.7326337580333198,17.2,10.5,335.7726135253906,2.0127434730529785,20.66557502746582,-0.1394949108362198,1,2.0457565784454346,0.30000000000000004,12.700000000000001
4,0,0.0,18.8,0.7000000000000001,1.7326337580333198,17.2,10.5,336.2726135253906,2.0048186779022217,20.66557502746582,-0.119994156062603,1,2.0378317832946777,0.30000000000000004,12.700000000000001
4,0,0.0,18.8,0.7000000000000001,1.7326337580333198,17.2,10.5,336.7726135253906,1.997109055519104,20.66557502746582,-0.10064242780208588,1,2.0301222801208496,0.30000000000000004,12.700000000000001
4,0,0.0,18.8,0.7000000000000001,1.7326337580333198,17.2,10.5,337.2726135253906,1.989611029624939,20.66557502746582,-0.08143511414527893,1,2.0226242542266846,0.30000000000000004,12.700000000000001
4,0,0.0,18.8,0.7000000000000001,1.7326337580333198,17.2,10.5,337.7726135253906,1.9823211431503296,20.66557502746582,-0.06236770749092102,1,2.015334367752075,0.30000000000000004,12.700000000000001
4,0,0.0,18.8,0.7000000000000001,1.7326337580333198,17.2,10.5,338.2726135253906,1.9752360582351685,20.66557502746582,-0.04343581572175026,1,2.008249282836914,0.30000000000000004,12.700000000000001
4,0,0.0,18.8,0.7000000000000001,1.7326337580333198,17.2,10.5,338.7726135253906,1.9683524370193481,20.66557502746582,-0.02463514730334282,1,2.0013656616210938,0.30000000000000004,12.700000000000001
4,0,0.0,18.8,0.7000000000000001,1.7326337580333198,17.2,10.5,339.2726135253906,1.9616671800613403,20.66557502746582,-0.005961505230516195,1,1.994680404663086,0.30000000000000004,12.700000000000001
4,0,0.0,18.8,0.7000000000000001,1.7326337580333198,17.2,10.5,339.7726135253906,1.9551773071289062,20.66557502746582,0.012589206919074059,1,1.9881905317306519,0.30000000000000004,12.700000000000001
4,0,0.0,18.8,0.7000000000000001,1.7326337580333198,17.2,10.5,340.2726135253906,1.9488800764083862,20.66557502746582,0.0310209970921278,1,1.9818933010101318,0.30000000000000004,12.700000000000001
4,0,0.0,18.8,0.7000000000000001,1.7326337580333198,17.2,10.5,340.7726135253906,1.9427725076675415,20.66557502746582,0.04933778941631317,1,1.975785732269287,0.30000000000000004,12.700000000000001
4,0,0.0,18.8,0.7000000000000001,1.7326337580333198,17.2,10.5,341.2726135253906,1.9368520975112915,20.66557502746582,0.06754341721534729,1,1.969865322113037,0.30000000000000004,12.700000000000001
4,0,0.0,18.8,0.7000000000000001,1.7326337580333198,17.2,10.5,341.7726135253906,1.9311162233352661,20.66557502746582,0.08564163744449615,1,1.9641294479370117,0.30000000000000004,12.700000000000001
4,0,0.0,18.8,0.7000000000000001,1.7326337580333198,17.2,10.5,342.2726135253906,1.9255622625350952,20.66557502746582,0.10363613069057465,1,1.9585754871368408,0.30000000000000004,12.700000000000001
4,0,0.0,18.8,0.7000000000000001,1.7326337580333198,17.2,10.5,342.7726135253906,1.9201879501342773,20.66557502746582,0.12153051048517227,1,1.953201174736023,0.30000000000000004,12.700000000000001
4,0,0.0,18.8,0.7000000000000001,1.7326337580333198,17.2,10.5,343.2726135253906,1.9149911403656006,20.66557502746582,0.13932830095291138,1,1.9480043649673462,0.30000000000000004,12.700000000000001
4,0,0.0,18.8,0.7000000000000001,1.7326337580333198,17.2,10.5,343.7726135253906,1.9099693298339844,20.66557502746582,0.15703298151493073,1,1.94298255443573,0.30000000000000004,12.700000000000001
4,0,0.0,18.8,0.7000000000000001,1.7326337580333198,17.2,10.5,344.2726135253906,1.905120611190796,20.66557502746582,0.1746479570865631,1,1.9381338357925415,0.30000000000000004,12.700000000000001
4,0,0.0,18.8,0.7000000000000001,1.7326337580333198,17.2,10.5,344.7726135253906,1.9004429578781128,20.66557502746582,0.19217656552791595,1,1.9334561824798584,0.30000000000000004,12.700000000000001
4,0,0.0,18.8,0.7000000000000001,1.7326337580333198,17.2,10.5,345.2726135253906,1.8959343433380127,20.66557502746582,0.2096220850944519,1,1.9289475679397583,0.30000000000000004,12.700000000000001
4,0,0.0,18.8,0.7000000000000001,1.7326337580333198,17.2,10.5,345.7726135253906,0.0,,,0,1.9246060848236084,0.30000000000000004,12.700000000000001
4,0,0.0,18.8,0.7000000000000001,1.7326337580333198,17.2,10.5,346.2726135253906,1.8874168395996094,20.66557502746582,0.2442767471075058,1,1.920430064201355,0.30000000000000004,12.700000000000001
4,0,0.0,18.8,0.7000000000000001,1.7326337580333198,17.2,10.5,346.7726135253906,1.8834046125411987,20.66557502746582,0.26149219274520874,1,1.9164178371429443,0.30000000000000004,12.700000000000001
4,0,0.0,18.8,0.7000000000000001,1.7326337580333198,17.2,10.5,347.2726135253906,1.8795543909072876,20.66557502746582,0.2786371409893036,1,1.9125676155090332,0.30000000000000004,12.700000000000001
4,0,0.0,18.8,0.7000000000000001,1.7326337580333198,17.2,10.5,347.7726135253906,1.8758646249771118,20.66557502746582,0.2957146167755127,1,1.9088778495788574,0.30000000000000004,12.700000000000001
4,0,0.0,18.8,0.7000000000000001,1.7326337580333198,17.2,10.5,348.2726135253906,1.8723340034484863,20.66557502746582,0.3127276599407196,1,1.905347228050232,0.30000000000000004,12.700000000000001
4,0,0.0,18.8,0.7000000000000001,1.7326337580333198,17.2,10.5,348.7726135253906,1.8689608573913574,20.66557502746582,0.3296791613101959,1,1.901974081993103,0.30000000000000004,12.700000000000001
4,0,0.0,18.8,0.7000000000000001,1.7326337580333198,17.2,10.5,349.2726135253906,1.8657441139221191,20.66557502746582,0.34657201170921326,1,1.8987573385238647,0.30000000000000004,12.700000000000001
4,0,0.0,18.8,0.7000000000000001,1.7326337580333198,17.2,10.5,349.7726135253906,1.8626823425292969,20.66557502746582,0.3634091019630432,1,1.8956955671310425,0.30000000000000004,12.700000000000001
4,0,0.0,18.8,0.7000000000000001,1.7326337580333198,17.2,10.5,350.2726135253906,1.8597742319107056,20.66557502746582,0.380193293094635,1,1.8927874565124512,0.30000000000000004,12.700000000000001
4,0,0.0,18.8,0.7000000000000001,1.7326337580333198,17.2,10.5,350.7726135253906,1.8570188283920288,20.66557502746582,0.3969272971153259,1,1.8900320529937744,0.30000000000000004,12.700000000000001
4,0,0.0,18.8,0.7000000000000001,1.7326337580333198,17.2,10.5,351.2726135253906,1.854414939880371,20.66557502746582,0.4136139452457428,1,1.8874281644821167,0.30000000000000004,12.700000000000001
4,0,0.0,18.8,0.7000000000000001,1.7326337580333198,17.2,10.5,351.7726135253906,1.851961612701416,20.66557502746582,0.4302559196949005,1,1.8849748373031616,0.30000000000000004,12.700000000000001
4,0,0.0,18.8,0.7000000000000001,1.7326337580333198,17.2,10.5,352.2726135253906,1.8496577739715576,20.66557502746582,0.44685596227645874,1,1.8826709985733032,0.30000000000000004,12.700000000000001
4,0,0.0,18.8,0.7000000000000001,1.7326337580333198,17.2,10.5,352.7726135253906,1.847502589225769,20.66557502746582,0.4634167551994324,1,1.8805158138275146,0.30000000000000004,12.700000000000001
4,0,0.0,18.8,0.7000000000000001,1.7326337580333198,17.2,10.5,353.2726135253906,1.8454952239990234,20.66557502746582,0.47994092106819153,1,1.878508448600769,0.30000000000000004,12.700000000000001
4,0,0.0,18.8,0.7000000000000001,1.7326337580333198,17.2,10.5,353.7726135253906,1.8436349630355835,20.66557502746582,0.4964310824871063,1,1.876648187637329,0.30000000000000004,12.700000000000001
4,0,0.0,18.8,0.7000000000000001,1.7326337580333198,17.2,10.5,354.2726135253906,1.8419209718704224,20.66557502746582,0.5128898620605469,1,1.874934196472168,0.30000000000000004,12.700000000000001
4,0,0.0,18.8,0.7000000000000001,1.7326337580333198,17.2,10.5,354.7726135253906,1.8403526544570923,20.66557502746582,0.5293198823928833,1,1.873365879058838,0.30000000000000004,12.700000000000001
4,0,0.0,18.8,0.7000000000000001,1.7326337580333198,17.2,10.5,355.2726135253906,1.8389294147491455,20.66557502746582,0.5457236766815186,1,1.8719426393508911,0.30000000000000004,12.700000000000001
4,0,0.0,18.8,0.7000000000000001,1.7326337580333198,17.2,10.5,355.7726135253906,1.8376506567001343,20.66557502746582,0.562103807926178,1,1.8706638813018799,0.30000000000000004,12.700000000000001
4,0,0.0,18.8,0.7000000000000001,1.7326337580333198,17.2,10.5,356.2726135253906,1.8365159034729004,20.66557502746582,0.5784628391265869,1,1.869529128074646,0.30000000000000004,12.700000000000001
4,0,0.0,18.8,0.7000000000000001,1.7326337580333198,17.2,10.5,356.7726135253906,0.0,,,0,1.8685380220413208,0.30000000000000004,12.700000000000001
4,0,0.0,18.8,0.7000000000000001,1.7326337580333198,17.2,10.5,357.2726135253906,0.0,,,0,1.867690086364746,0.30000000000000004,12.700000000000001
4,0,0.0,18.8,0.7000000000000001,1.7326337580333198,17.2,10.5,357.7726135253906,0.0,,,0,1.8669850826263428,0.30000000000000004,12.700000000000001
4,0,0.0,18.8,0.7000000000000001,1.7326337580333198,17.2,10.5,358.2726135253906,1.8334094285964966,20.66557502746582,0.6437381505966187,1,1.8664226531982422,0.30000000000000004,12.700000000000001
4,0,0.0,18.8,0.7000000000000001,1.7326337580333198,17.2,10.5,358.7726135253906,1.8329893350601196,20.66557502746582,0.6600292921066284,1,1.8660025596618652,0.30000000000000004,12.700000000000001
4,0,0.0,18.8,0.7000000000000001,1.7326337580333198,17.2,10.5,359.2726135253906,1.8327115774154663,20.66557502746582,0.6763143539428711,1,1.865724802017212,0.30000000000000004,12.700000000000001
4,0,0.0,18.8,0.7000000000000001,1.7326337580333198,17.2,10.5,359.7726135253906,1.8325759172439575,20.66557502746582,0.6925957798957825,1,1.8655891418457031,0.30000000000000004,12.700000000000001
4,0,0.0,18.8,0.7000000000000001,1.7326337580333198,17.2,10.5,0.27260178327560425,1.8325823545455933,20.66557502746582,0.7088760733604431,1,1.8655955791473389,0.30000000000000004,12.700000000000001
4,0,0.0,18.8,0.7000000000000001,1.7326337580333198,17.2,10.5,0.7726017832756042,1.8327308893203735,20.66557502746582,0.7251577377319336,1,1.8657441139221191,0.30000000000000004,12.700000000000001
4,0,0.0,18.8,0.7000000000000001,1.7326337580333198,17.2,10.5,1.2726017236709595,1.8330215215682983,20.66557502746582,0.7414432764053345,1,1.866034746170044,0.30000000000000004,12.700000000000001
4,0,0.0,18.8,0.7000000000000001,1.7326337580333198,17.2,10.5,1.7726017236709595,1.8334543704986572,20.66557502746582,0.7577350735664368,1,1.8664675951004028,0.30000000000000004,12.700000000000001
4,0,0.0,18.8,0.7000000000000001,1.7326337580333198,17.2,10.5,2.272601842880249,1.8340296745300293,20.66557502746582,0.7740356922149658,1,1.867042899131775,0.30000000000000004,12.700000000000001
4,0,0.0,18.8,0.7000000000000001,1.7326337580333198,17.2,10.5,2.772601842880249,1.8347476720809937,20.66557502746582,0.7903475761413574,1,1.8677608966827393,0.30000000000000004,12.700000000000001
4,0,0.0,18.8,0.7000000000000001,1.7326337580333198,17.2,10.5,3.272601842880249,1.8356084823608398,20.66557502746582,0.8066732883453369,1,1.8686217069625854,0.30000000000000004,12.700000000000001
4,0,0.0,18.8,0.7000000000000001,1.7326337580333198,17.2,10.5,3.772601842880249,1.836612582206726,20.66557502746582,0.8230153322219849,1,1.8696258068084717,0.30000000000000004,12.700000000000001
4,0,0.0,18.8,0.7000000000000001,1.7326337580333198,17.2,10.5,4.27260160446167,1.837760329246521,20.66557502746582,0.8393761515617371,1,1.8707735538482666,0.30000000000000004,12.700000000000001
4,0,0.0,18.8,0.7000000000000001,1.7326337580333198,17.2,10.5,4.77260160446167,0.0,,,0,1.8720653057098389,0.30000000000000004,12.700000000000001
4,0,0.0,18.8,0.7000000000000001,1.7326337580333198,17.2,10.5,5.27260160446167,0.0,,,0,1.8735016584396362,0.30000000000000004,12.700000000000001
4,0,0.0,18.8,0.7000000000000001,1.7326337580333198,17.2,10.5,5.77260160446167,1.8420699834823608,20.66557502746582,0.8885968923568726,1,1.8750832080841064,0.30000000000000004,12.700000000000001
4,0,0.0,18.8,0.7000000000000001,1.7326337580333198,17.2,10.5,6.27260160446167,1.8437970876693726,20.66557502746582,0.9050584435462952,1,1.8768103122711182,0.30000000000000004,12.700000000000001
4,0,0.0,18.8,0.7000000000000001,1.7326337580333198,17.2,10.5,6.77260160446167,1.8456707000732422,20.66557502746582,0.9215515851974487,1,1.8786839246749878,0.30000000000000004,12.700000000000001
4,0,0.0,18.8,0.7000000000000001,1.7326337580333198,17.2,10.5,7.27260160446167,0.0,,,0,1.8807045221328735,0.30000000000000004,12.700000000000001
4,0,0.0,18.8,0.7000000000000001,1.7326337580333198,17.2,10.5,7.77260160446167,0.0,,,0,1.8828731775283813,0.30000000000000004,12.700000000000001
4,0,0.0,18.8,0.7000000000000001,1.7326337580333198,17.2,10.5,8.272602081298828,0.0,,,0,1.8851903676986694,0.30000000000000004,12.700000000000001
4,0,0.0,18.8,0.7000000000000001,1.7326337580333198,17.2,10.5,8.772602081298828,1.8546441793441772,20.66557502746582,0.987892746925354,1,1.8876574039459229,0.30000000000000004,12.700000000000001
4,0,0.0,18.8,0.7000000000000001,1.7326337580333198,17.2,10.5,9.272602081298828,1.8572616577148438,20.66557502746582,1.0045835971832275,1,1.8902748823165894,0.30000000000000004,12.700000000000001
4,0,0.0,18.8,0.7000000000000001,1.7326337580333198,17.2,10.5,9.772602081298828,1.8600308895111084,20.66557502746582,1.0213220119476318,1,1.893044114112854,0.30000000000000004,12.700000000000001
4,0,0.0,18.8,0.7000000000000001,1.7326337580333198,17.2,10.5,10.272602081298828,0.0,,,0,1.8959659337997437,0.30000000000000004,12.700000000000001
4,0,0.0,18.8,0.7000000000000001,1.7326337580333198,17.2,10.5,10.772602081298828,1.8660285472869873,20.66557502746582,1.05495285987854,1,1.899041771888733,0.30000000000000004,12.700000000000001
4,0,0.0,18.8,0.7000000000000001,1.7326337580333198,17.2,10.5,11.272602081298828,1.8692593574523926,20.66557502746582,1.0718508958816528,1,1.9022725820541382,0.30000000000000004,12.700000000000001
4,0,0.0,18.8,0.7000000000000001,1.7326337580333198,17.2,10.5,11.772602081298828,1.872646689414978,20.66557502746582,1.0888078212738037,1,1.9056599140167236,0.30000000000000004,12.700000000000001
4,0,0.0,18.8,0.7000000000000001,1.7326337580333198,17.2,10.5,12.272602081298828,0.0,,,0,1.9092048406600952,0.30000000000000004,12.700000000000001
4,0,0.0,18.8,0.7000000000000001,1.7326337580333198,17.2,10.5,12.772602081298828,1.879895806312561,20.66557502746582,1.1229100227355957,1,1.9129090309143066,0.30000000000000004,12.700000000000001
4,0,0.0,18.8,0.7000000000000001,1.7326337580333198,17.2,10.5,13.272602081298828,1.8837605714797974,20.66557502746582,1.1400612592697144,1,1.916773796081543,0.30000000000000004,12.700000000000001
4,0,0.0,18.8,0.7000000000000001,1.7326337580333198,17.2,10.5,13.772602081298828,1.8877876996994019,20.66557502746582,1.1572831869125366,1,1.9208009243011475,0.30000000000000004,12.700000000000001
4,0,0.0,18.8,0.7000000000000001,1.7326337580333198,17.2,10.5,14.272602081298828,1.8919785022735596,20.66557502746582,1.1745790243148804,1,1.9249917268753052,0.30000000000000004,12.700000000000001
4,0,0.0,18.8,0.7000000000000001,1.7326337580333198,17.2,10.5,14.772602081298828,1.8963350057601929,20.66557502746582,1.1919517517089844,1,1.9293482303619385,0.30000000000000004,12.700000000000001
4,0,0.0,18.8,0.7000000000000001,1.7326337580333198,17.2,10.5,15.272602081298828,1.9008588790893555,20.66557502746582,1.209404706954956,1,1.933872103691101,0.30000000000000004,12.700000000000001
4,0,0.0,18.8,0.7000000000000001,1.7326337580333198,17.2,10.5,15.772602081298828,1.9055519104003906,20.66557502746582,1.2269409894943237,1,1.9385651350021362,0.30000000000000004,12.700000000000001
4,0,0.0,18.8,0.7000000000000001,1.7326337580333198,17.2,10.5,16.272602081298828,1.9104162454605103,20.66557502746582,1.2445639371871948,1,1.9434294700622559,0.30000000000000004,12.700000000000001
4,0,0.0,18.8,0.7000000000000001,1.7326337580333198,17.2,10.5,16.772602081298828,1.9154536724090576,20.66557502746582,1.2622768878936768,1,1.9484668970108032,0.30000000000000004,12.700000000000001
4,0,0.0,18.8,0.7000000000000001,1.7326337580333198,17.2,10.5,17.272602081298828,1.9206665754318237,20.66557502746582,1.2800832986831665,1,1.9536798000335693,0.30000000000000004,12.700000000000001
4,0,0.0,18.8,0.7000000000000001,1.7326337580333198,17.2,10.5,17.772602081298828,1.926056981086731,20.66557502746582,1.2979865074157715,1,1.9590702056884766,0.30000000000000004,12.700000000000001
4,0,0.0,18.8,0.7000000000000001,1.7326337580333198,17.2,10.5,18.272602081298828,1.9316272735595703,20.66557502746582,1.3159902095794678,1,1.964640498161316,0.30000000000000004,12.700000000000001
4,0,0.0,18.8,0.7000000000000001,1.7326337580333198,17.2,10.5,18.772602081298828,1.9373797178268433,20.66557502746582,1.334097981452942,1,1.9703929424285889,0.30000000000000004,12.700000000000001
4,0,0.0,18.8,0.7000000000000001,1.7326337580333198,17.2,10.5,19.272602081298828,1.94331693649292,20.66557502746582,1.35231351852417,1,1.9763301610946655,0.30000000000000004,12.700000000000001
4,0,0.0,18.8,0.7000000000000001,1.7326337580333198,17.2,10.5,19.772602081298828,1.9494415521621704,20.66557502746582,1.3706406354904175,1,1.982454776763916,0.30000000000000004,12.700000000000001
4,0,0.0,18.8,0.7000000000000001,1.7326337580333198,17.2,10.5,20.272602081298828,1.9557560682296753,20.66557502746582,1.389082908630371,1,1.988769292831421,0.30000000000000004,12.700000000000001
4,0,0.0,18.8,0.7000000000000001,1.7326337580333198,17.2,10.5,20.772602081298828,1.9407086372375488,20.64542007446289,1.399999976158142,1,1.9737218618392944,0.30000000000000004,12.700000000000001
4,0,0.0,18.8,0.7000000000000001,1.7326337580333198,17.2,10.5,21.272602081298828,1.8963943719863892,20.597946166992188,1.399999976158142,1,1.9294075965881348,0.30000000000000004,12.700000000000001
4,0,0.0,18.8,0.7000000000000001,1.7326337580333198,17.2,10.5,21.772602081298828,1.854166865348816,20.552555084228516,1.399999976158142,1,1.8871800899505615,0.30000000000000004,12.700000000000001
4,0,0.0,18.8,0.7000000000000001,1.7326337580333198,17.2,10.5,22.272602081298828,1.8138858079910278,20.509103775024414,1.399999976158142,1,1.8468990325927734,0.30000000000000004,12.700000000000001
4,0,0.0,18.8,0.7000000000000001,1.7326337580333198,17.2,10.5,22.772602081298828,1.7754231691360474,20.467466354370117,1.399999976158142,1,1.808436393737793,0.30000000000000004,12.700000000000001
4,0,0.0,18.8,0.7000000000000001,1.7326337580333198,17.2,10.5,23.272602081298828,1.7386620044708252,20.42752456665039,1.399999976158142,1,1.7716752290725708,0.30000000000000004,12.700000000000001
4,0,0.0,18.8,0.7000000000000001,1.7326337580333198,17.2,10.5,23.772602081298828,1.7034952640533447,20.389169692993164,1.399999976158142,1,1.7365084886550903,0.30000000000000004,12.700000000000001
4,0,0.0,18.8,0.7000000000000001,1.7326337580333198,17.2,10.5,24.272602081298828,1.6698246002197266,20.352306365966797,1.399999976158142,1,1.7028378248214722,0.30000000000000004,12.700000000000001
4,0,0.0,18.8,0.7000000000000001,1.7326337580333198,17.2,10.5,24.772602081298828,0.0,,,0,1.6705728769302368,0.30000000000000004,12.700000000000001
4,0,0.0,18.8,0.7000000000000001,1.7326337580333198,17.2,10.5,25.272602081298828,1.6066170930862427,20.282695770263672,1.399999976158142,1,1.6396303176879883,0.30000000000000004,12.700000000000001
4,0,0.0,18.8,0.7000000000000001,1.7326337580333198,17.2,10.5,25.772602081298828,1.5769203901290894,20.249788284301758,1.399999976158142,1,1.609933614730835,0.30000000000000004,12.700000000000001
4,0,0.0,18.8,0.7000000000000001,1.7326337580333198,17.2,10.5,26.272602081298828,1.5483986139297485,20.218050003051758,1.399999976158142,1,1.5814118385314941,0.30000000000000004,12.700000000000001
4,0,0.0,18.8,0.7000000000000001,1.7326337580333198,17.2,10.5,26.772602081298828,1.5209860801696777,20.18741226196289,1.399999976158142,1,1.5539993047714233,0.30000000000000004,12.700000000000001
4,0,0.0,18.8,0.7000000000000001,1.7326337580333198,17.2,10.5,27.272602081298828,1.494621992111206,20.157817840576172,1.399999976158142,1,1.5276352167129517,0.30000000000000004,12.700000000000001
4,0,0.0,18.8,0.7000000000000001,1.7326337580333198,17.2,10.5,27.772602081298828,1.4692500829696655,20.129207611083984,1.399999976158142,1,1.5022633075714111,0.30000000000000004,12.700000000000001
4,0,0.0,18.8,0.7000000000000001,1.7326337580333198,17.2,10.5,28.272602081298828,1.4448179006576538,20.101531982421875,1.399999976158142,1,1.4778311252593994,0.30000000000000004,12.700000000000001
4,0,0.0,18.8,0.7000000000000001,1.7326337580333198,17.2,10.5,28.772602081298828,1.4212766885757446,20.074739456176758,1.399999976158142,1,1.4542899131774902,0.30000000000000004,12.700000000000001
4,0,0.0,18.8,0.7000000000000001,1.7326337580333198,17.2,10.5,29.272602081298828,0.0,,,0,1.4315941333770752,0.30000000000000004,12.700000000000001
4,0,0.0,18.8,0.7000000000000001,1.7326337580333198,17.2,10.5,29.772602081298828,0.0,,,0,1.4097017049789429,0.30000000000000004,12.700000000000001
4,0,0.0,18.8,0.7000000000000001,1.7326337580333198,17.2,10.5,30.272602081298828,1.3555597066879272,19.999221801757812,1.399999976158142,1,1.3885729312896729,0.30000000000000004,12.700000000000001
4,0,0.0,18.8,0.7000000000000001,1.7326337580333198,17.2,10.5,30.772602081298828,1.3351575136184692,19.97553825378418,1.399999976158142,1,1.3681707382202148,0.30000000000000004,12.700000000000001
4,0,0.0,18.8,0.7000000000000001,1.7326337580333198,17.2,10.5,31.272602081298828,0.0,,,0,1.3484605550765991,0.30000000000000004,12.700000000000001
4,0,0.0,18.8,0.7000000000000001,1.7326337580333198,17.2,10.5,31.772602081298828,0.0,,,0,1.3294100761413574,0.30000000000000004,12.700000000000001
4,0,0.0,18.8,0.7000000000000001,1.7326337580333198,17.2,10.5,32.27260208129883,0.0,,,0,1.3109889030456543,0.30000000000000004,12.700000000000001
4,0,0.0,18.8,0.7000000000000001,1.7326337580333198,17.2,10.5,32.77260208129883,1.2601550817489624,19.8873291015625,1.399999976158142,1,1.293168306350708,0.30000000000000004,12.700000000000001
4,0,0.0,18.8,0.7000000000000001,1.7326337580333198,17.2,10.5,33.27260208129883,1.2429083585739136,19.86676025390625,1.399999976158142,1,1.2759215831756592,0.30000000000000004,12.700000000000001
4,0,0.0,18.8,0.7000000000000001,1.7326337580333198,17.2,10.5,33.77260208129883,1.226210117340088,19.846729278564453,1.399999976158142,1,1.2592233419418335,0.30000000000000004,12.700000000000001
4,0,0.0,18.8,0.7000000000000001,1.7326337580333198,17.2,10.5,34.27260208129883,1.2100368738174438,19.82721710205078,1.399999976158142,1,1.2430500984191895,0.30000000000000004,12.700000000000001
4,0,0.0,18.8,0.7000000000000001,1.7326337580333198,17.2,10.5,34.77260208129883,1.1943660974502563,19.808197021484375,1.399999976158142,1,1.227379322052002,0.30000000000000004,12.700000000000001
4,0,0.0,18.8,0.7000000000000001,1.7326337580333198,17.2,10.5,35.27260208129883,1.179176688194275,19.789648056030273,1.399999976158142,1,1.2121899127960205,0.30000000000000004,12.700000000000001
4,0,0.0,18.8,0.7000000000000001,1.7326337580333198,17.2,10.5,35.77260208129883,1.164448618888855,19.77155303955078,1.399999976158142,1,1.1974618434906006,0.30000000000000004,12.700000000000001
4,0,0.0,18.8,0.7000000000000001,1.7326337580333198,17.2,10.5,36.27260208129883,1.1501632928848267,19.753890991210938,1.399999976158142,1,1.1831765174865723,0.30000000000000004,12.700000000000001
4,0,0.0,18.8,0.7000000000000001,1.7326337580333198,17.2,10.5,36.77260208129883,1.1363027095794678,19.736642837524414,1.399999976158142,1,1.1693159341812134,0.30000000000000004,12.700000000000001
4,0,0.0,18.8,0.7000000000000001,1.7326337580333198,17.2,10.5,37.27260208129883,1.1228500604629517,19.71979331970215,1.399999976158142,1,1.1558632850646973,0.30000000000000004,12.700000000000001
4,0,0.0,18.8,0.7000000000000001,1.7326337580333198,17.2,10.5,37.77260208129883,1.109789490699768,19.703325271606445,1.399999976158142,1,1.1428027153015137,0.30000000000000004,12.700000000000001
4,0,0.0,18.8,0.7000000000000001,1.7326337580333198,17.2,10.5,38.27260208129883,1.0971059799194336,19.687225341796875,1.399999976158142,1,1.1301192045211792,0.30000000000000004,12.700000000000001
4,0,0.0,18.8,0.7000000000000001,1.7326337580333198,17.2,10.5,38.77260208129883,1.084784984588623,19.671478271484375,1.399999976158142,1,1.1177982091903687,0.30000000000000004,12.700000000000001
4,0,0.0,18.8,0.7000000000000001,1.7326337580333198,17.2,10.5,39.27260208129883,1.0728131532669067,19.65606689453125,1.399999976158142,1,1.1058263778686523,0.30000000000000004,12.700000000000001
4,0,0.0,18.8,0.7000000000000001,1.7326337580333198,17.2,10.5,39.77260208129883,1.0611774921417236,19.64098358154297,1.399999976158142,1,1.0941907167434692,0.30000000000000004,12.700000000000001
4,0,0.0,18.8,0.7000000000000001,1.7326337580333198,17.2,10.5,40.27260208129883,0.0,,,0,1.0828789472579956,0.30000000000000004,12.700000000000001
4,0,0.0,18.8,0.7000000000000001,1.7326337580333198,17.2,10.5,40.77260208129883,0.0,,,0,1.0718793869018555,0.30000000000000004,12.700000000000001
4,0,0.0,18.8,0.7000000000000001,1.7326337580333198,17.2,10.5,41.27260208129883,1.0281678438186646,19.597562789916992,1.399999976158142,1,1.0611810684204102,0.30000000000000004,12.700000000000001
4,0,0.0,18.8,0.7000000000000001,1.7326337580333198,17.2,10.5,41.77260208129883,1.0177602767944336,19.583662033081055,1.399999976158142,1,1.0507735013961792,0.30000000000000004,12.700000000000001
4,0,0.0,18.8,0.7000000000000001,1.7326337580333198,17.2,10.5,42.27260208129883,0.0,,,0,1.0406465530395508,0.30000000000000004,12.700000000000001
4,0,0.0,18.8,0.7000000000000001,1.7326337580333198,17.2,10.5,42.77260208129883,0.99777752161026,19.556655883789062,1.399999976158142,1,1.0307906866073608,0.30000000000000004,12.700000000000001
4,0,0.0,18.8,0.7000000000000001,1.7326337580333198,17.2,10.5,43.27260208129883,0.9881835579872131,19.543533325195312,1.399999976158142,1,1.021196722984314,0.30000000000000004,12.700000000000001
4,0,0.0,18.8,0.7000000000000001,1.7326337580333198,17.2,10.5,43.77260208129883,0.9788429141044617,19.53065299987793,1.399999976158142,1,1.0118560791015625,0.30000000000000004,12.700000000000001
4,0,0.0,18.8,0.7000000000000001,1.7326337580333198,17.2,10.5,44.27260208129883,0.9697473645210266,19.518003463745117,1.399999976158142,1,1.0027605295181274,0.30000000000000004,12.700000000000001
4,0,0.0,18.8,0.7000000000000001,1.7326337580333198,17.2,10.5,44.77260208129883,0.9608888030052185,19.505578994750977,1.399999976158142,1,0.9939019680023193,0.30000000000000004,12.700000000000001
4,0,0.0,18.8,0.7000000000000001,1.7326337580333198,17.2,10.5,45.27260208129883,0.9522597789764404,19.493370056152344,1.399999976158142,1,0.9852729439735413,0.30000000000000004,12.700000000000001
4,0,0.0,18.8,0.7000000000000001,1.7326337580333198,17.2,10.5,45.77260208129883,0.9438530206680298,19.48137092590332,1.399999976158142,1,0.9768661856651306,0.30000000000000004,12.700000000000001
4,0,0.0,18.8,0.7000000000000001,1.7326337580333198,17.2,10.5,46.27260208129883,0.9356616735458374,19.469575881958008,1.399999976158142,1,0.9686748385429382,0.30000000000000004,12.700000000000001
4,0,0.0,18.8,0.7000000000000001,1.7326337580333198,17.2,10.5,46.77260208129883,0.9276791214942932,19.45797348022461,1.399999976158142,1,0.960692286491394,0.30000000000000004,12.700000000000001
4,0,0.0,18.8,0.7000000000000001,1.7326337580333198,17.2,10.5,47.27260208129883,0.919899046421051,19.446561813354492,1.399999976158142,1,0.9529122114181519,0.30000000000000004,12.700000000000001
4,0,0.0,18.8,0.7000000000000001,1.7326337580333198,17.2,10.5,47.77260208129883,0.0,,,0,0.9453285336494446,0.30000000000000004,12.700000000000001
4,0,0.0,18.8,0.7000000000000001,1.7326337580333198,17.2,10.5,48.27260208129883,0.9049223065376282,19.424278259277344,1.399999976158142,1,0.937935471534729,0.30000000000000004,12.700000000000001
4,0,0.0,18.8,0.7000000000000001,1.7326337580333198,17.2,10.5,48.77260208129883,0.8977143168449402,19.413394927978516,1.399999976158142,1,0.930727481842041,0.30000000000000004,12.700000000000001
4,0,0.0,18.8,0.7000000000000001,1.7326337580333198,17.2,10.5,49.27260208129883,0.8906860947608948,19.402677536010742,1.399999976158142,1,0.9236992597579956,0.30000000000000004,12.700000000000001
4,0,0.0,18.8,0.7000000000000001,1.7326337580333198,17.2,10.5,49.77260208129883,12.0,,,0,12.0,0.30000000000000004,12.700000000000001
4,0,0.0,18.8,0.7000000000000001,1.7326337580333198,17.2,10.5,50.27260208129883,12.0,,,0,12.0,0.30000000000000004,12.700000000000001
4,0,0.0,18.8,0.7000000000000001,1.7326337580333198,17.2,10.5,50.77260208129883,12.0,,,0,12.0,0.30000000000000004,12.700000000000001
4,0,0.0,18.8,0.7000000000000001,1.7326337580333198,17.2,10.5,51.27260208129883,12.0,,,0,12.0,0.30000000000000004,12.700000000000001
4,0,0.0,18.8,0.7000000000000001,1.7326337580333198,17.2,10.5,51.77260208129883,12.0,,,0,12.0,0.30000000000000004,12.700000000000001
4,0,0.0,18.8,0.7000000000000001,1.7326337580333198,17.2,10.5,52.27260208129883,12.0,,,0,12.0,0.30000000000000004,12.700000000000001
4,0,0.0,18.8,0.7000000000000001,1.7326337580333198,17.2,10.5,52.77260208129883,12.0,,,0,12.0,0.30000000000000004,12.700000000000001
4,0,0.0,18.8,0.7000000000000001,1.7326337580333198,17.2,10.5,53.27260208129883,12.0,,,0,12.0,0.30000000000000004,12.700000000000001
4,0,0.0,18.8,0.7000000000000001,1.7326337580333198,17.2,10.5,53.77260208129883,12.0,,,0,12.0,0.30000000000000004,12.700000000000001
4,0,0.0,18.8,0.7000000000000001,1.7326337580333198,17.2,10.5,54.27260208129883,12.0,,,0,12.0,0.30000000000000004,12.700000000000001
4,0,0.0,18.8,0.7000000000000001,1.7326337580333198,17.2,10.5,54.77260208129883,12.0,,,0,12.0,0.30000000000000004,12.700000000000001
4,0,0.0,18.8,0.7000000000000001,1.7326337580333198,17.2,10.5,55.27260208129883,12.0,,,0,12.0,0.30000000000000004,12.700000000000001
4,0,0.0,18.8,0.7000000000000001,1.7326337580333198,17.2,10.5,55.77260208129883,12.0,,,0,12.0,0.30000000000000004,12.700000000000001
4,0,0.0,18.8,0.7000000000000001,1.7326337580333198,17.2,10.5,56.27260208129883,0.0,,,0,12.0,0.30000000000000004,12.700000000000001
4,0,0.0,18.8,0.7000000000000001,1.7326337580333198,17.2,10.5,56.77260208129883,12.0,,,0,12.0,0.30000000000000004,12.700000000000001
4,0,0.0,18.8,0.7000000000000001,1.7326337580333198,17.2,10.5,57.27260208129883,12.0,,,0,12.0,0.30000000000000004,12.700000000000001
4,0,0.0,18.8,0.7000000000000001,1.7326337580333198,17.2,10.5,57.77260208129883,12.0,,,0,12.0,0.30000000000000004,12.700000000000001
4,0,0.0,18.8,0.7000000000000001,1.7326337580333198,17.2,10.5,58.27260208129883,12.0,,,0,12.0,0.30000000000000004,12.700000000000001
4,0,0.0,18.8,0.7000000000000001,1.7326337580333198,17.2,10.5,58.77260208129883,0.0,,,0,12.0,0.30000000000000004,12.700000000000001
4,0,0.0,18.8,0.7000000000000001,1.7326337580333198,17.2,10.5,59.27260208129883,12.0,,,0,12.0,0.30000000000000004,12.700000000000001
4,0,0.0,18.8,0.7000000000000001,1.7326337580333198,17.2,10.5,59.77260208129883,12.0,,,0,12.0,0.30000000000000004,12.700000000000001
4,0,0.0,18.8,0.7000000000000001,1.7326337580333198,17.2,10.5,60.27260208129883,12.0,,,0,12.0,0.30000000000000004,12.700000000000001
4,0,0.0,18.8,0.7000000000000001,1.7326337580333198,17.2,10.5,60.77260208129883,12.0,,,0,12.0,0.30000000000000004,12.700000000000001
4,0,0.0,18.8,0.7000000000000001,1.7326337580333198,17.2,10.5,61.27260208129883,12.0,,,0,12.0,0.30000000000000004,12.700000000000001
4,0,0.0,18.8,0.7000000000000001,1.7326337580333198,17.2,10.5,61.77260208129883,12.0,,,0,12.0,0.30000000000000004,12.700000000000001
4,0,0.0,18.8,0.7000000000000001,1.7326337580333198,17.2,10.5,62.27260208129883,12.0,,,0,12.0,0.30000000000000004,12.700000000000001
4,0,0.0,18.8,0.7000000000000001,1.7326337580333198,17.2,10.5,62.77260208129883,12.0,,,0,12.0,0.30000000000000004,12.700000000000001
4,0,0.0,18.8,0.7000000000000001,1.7326337580333198,17.2,10.5,63.27260208129883,0.0,,,0,12.0,0.30000000000000004,12.700000000000001
4,0,0.0,18.8,0.7000000000000001,1.7326337580333198,17.2,10.5,63.77260208129883,12.0,,,0,12.0,0.30000000000000004,12.700000000000001
4,0,0.0,18.8,0.7000000000000001,1.7326337580333198,17.2,10.5,64.27259826660156,12.0,,,0,12.0,0.30000000000000004,12.700000000000001
4,0,0.0,18.8,0.7000000000000001,1.7326337580333198,17.2,10.5,64.77259826660156,12.0,,,0,12.0,0.30000000000000004,12.700000000000001
4,0,0.0,18.8,0.7000000000000001,1.7326337580333198,17.2,10.5,65.27259826660156,0.0,,,0,12.0,0.30000000000000004,12.700000000000001
4,0,0.0,18.8,0.7000000000000001,1.7326337580333198,17.2,10.5,65.77259826660156,12.0,,,0,12.0,0.30000000000000004,12.700000000000001
4,0,0.0,18.8,0.7000000000000001,1.7326337580333198,17.2,10.5,66.27259826660156,12.0,,,0,12.0,0.30000000000000004,12.700000000000001
4,0,0.0,18.8,0.7000000000000001,1.7326337580333198,17.2,10.5,66.77259826660156,12.0,,,0,12.0,0.30000000000000004,12.700000000000001
4,0,0.0,18.8,0.7000000000000001,1.7326337580333198,17.2,10.5,67.27259826660156,12.0,,,0,12.0,0.30000000000000004,12.700000000000001
4,0,0.0,18.8,0.7000000000000001,1.7326337580333198,17.2,10.5,67.77259826660156,12.0,,,0,12.0,0.30000000000000004,12.700000000000001
4,0,0.0,18.8,0.7000000000000001,1.7326337580333198,17.2,10.5,68.27259826660156,12.0,,,0,12.0,0.30000000000000004,12.700000000000001
4,0,0.0,18.8,0.7000000000000001,1.7326337580333198,17.2,10.5,68.77259826660156,0.0,,,0,12.0,0.30000000000000004,12.700000000000001
4,0,0.0,18.8,0.7000000000000001,1.7326337580333198,17.2,10.5,69.27259826660156,12.0,,,0,12.0,0.30000000000000004,12.700000000000001
4,0,0.0,18.8,0.7000000000000001,1.7326337580333198,17.2,10.5,69.77259826660156,12.0,,,0,12.0,0.30000000000000004,12.700000000000001
4,0,0.0,18.8,0.7000000000000001,1.7326337580333198,17.2,10.5,70.27259826660156,0.0,,,0,12.0,0.30000000000000004,12.700000000000001
4,0,0.0,18.8,0.7000000000000001,1.7326337580333198,17.2,10.5,70.77259826660156,12.0,,,0,12.0,0.30000000000000004,12.700000000000001
4,0,0.0,18.8,0.7000000000000001,1.7326337580333198,17.2,10.5,71.27259826660156,0.0,,,0,12.0,0.30000000000000004,12.700000000000001
4,0,0.0,18.8,0.7000000000000001,1.7326337580333198,17.2,10.5,71.77259826660156,12.0,,,0,12.0,0.30000000000000004,12.700000000000001
4,0,0.0,18.8,0.7000000000000001,1.7326337580333198,17.2,10.5,72.27259826660156,12.0,,,0,12.0,0.30000000000000004,12.700000000000001
4,0,0.0,18.8,0.7000000000000001,1.7326337580333198,17.2,10.5,72.77259826660156,12.0,,,0,12.0,0.30000000000000004,12.700000000000001
4,0,0.0,18.8,0.7000000000000001,1.7326337580333198,17.2,10.5,73.27259826660156,12.0,,,0,12.0,0.30000000000000004,12.700000000000001
4,0,0.0,18.8,0.7000000000000001,1.7326337580333198,17.2,10.5,73.77259826660156,12.0,,,0,12.0,0.30000000000000004,12.700000000000001
4,0,0.0,18.8,0.7000000000000001,1.7326337580333198,17.2,10.5,74.27259826660156,12.0,,,0,12.0,0.30000000000000004,12.700000000000001
4,0,0.0,18.8,0.7000000000000001,1.7326337580333198,17.2,10.5,74.77259826660156,0.0,,,0,12.0,0.30000000000000004,12.700000000000001
4,0,0.0,18.8,0.7000000000000001,1.7326337580333198,17.2,10.5,75.27259826660156,12.0,,,0,12.0,0.30000000000000004,12.700000000000001
4,0,0.0,18.8,0.7000000000000001,1.7326337580333198,17.2,10.5,75.77259826660156,12.0,,,0,12.0,0.30000000000000004,12.700000000000001
4,0,0.0,18.8,0.7000000000000001,1.7326337580333198,17.2,10.5,76.27259826660156,12.0,,,0,12.0,0.30000000000000004,12.700000000000001
4,0,0.0,18.8,0.7000000000000001,1.7326337580333198,17.2,10.5,76.77259826660156,12.0,,,0,12.0,0.30000000000000004,12.700000000000001
4,0,0.0,18.8,0.7000000000000001,1.7326337580333198,17.2,10.5,77.27259826660156,12.0,,,0,12.0,0.30000000000000004,12.700000000000001
4,0,0.0,18.8,0.7000000000000001,1.7326337580333198,17.2,10.5,77.77259826660156,12.0,,,0,12.0,0.30000000000000004,12.700000000000001
4,0,0.0,18.8,0.7000000000000001,1.7326337580333198,17.2,10.5,78.27259826660156,12.0,,,0,12.0,0.30000000000000004,12.700000000000001
4,0,0.0,18.8,0.7000000000000001,1.7326337580333198,17.2,10.5,78.77259826660156,12.0,,,0,12.0,0.30000000000000004,12.700000000000001
4,0,0.0,18.8,0.7000000000000001,1.7326337580333198,17.2,10.5,79.27259826660156,0.0,,,0,12.0,0.30000000000000004,12.700000000000001
4,0,0.0,18.8,0.7000000000000001,1.7326337580333198,17.2,10.5,79.77259826660156,12.0,,,0,12.0,0.30000000000000004,12.700000000000001
4,0,0.0,18.8,0.7000000000000001,1.7326337580333198,17.2,10.5,80.27259826660156,12.0,,,0,12.0,0.30000000000000004,12.700000000000001
4,0,0.0,18.8,0.7000000000000001,1.7326337580333198,17.2,10.5,80.77259826660156,0.0,,,0,12.0,0.30000000000000004,12.700000000000001
4,0,0.0,18.8,0.7000000000000001,1.7326337580333198,17.2,10.5,81.27259826660156,12.0,,,0,12.0,0.30000000000000004,12.700000000000001
4,0,0.0,18.8,0.7000000000000001,1.7326337580333198,17.2,10.5,81.77259826660156,12.0,,,0,12.0,0.30000000000000004,12.700000000000001
4,0,0.0,18.8,0.7000000000000001,1.7326337580333198,17.2,10.5,82.27259826660156,0.0,,,0,12.0,0.30000000000000004,12.700000000000001
4,0,0.0,18.8,0.7000000000000001,1.7326337580333198,17.2,10.5,82.77259826660156,12.0,,,0,12.0,0.30000000000000004,12.700000000000001
4,0,0.0,18.8,0.7000000000000001,1.7326337580333198,17.2,10.5,83.27259826660156,12.0,,,0,12.0,0.30000000000000004,12.700000000000001
4,0,0.0,18.8,0.7000000000000001,1.7326337580333198,17.2,10.5,83.77259826660156,12.0,,,0,12.0,0.30000000000000004,12.700000000000001
4,0,0.0,18.8,0.7000000000000001,1.7326337580333198,17.2,10.5,84.27259826660156,12.0,,,0,12.0,0.30000000000000004,12.700000000000001
4,0,0.0,18.8,0.7000000000000001,1.7326337580333198,17.2,10.5,84.77259826660156,12.0,,,0,12.0,0.30000000000000004,12.700000000000001
4,0,0.0,18.8,0.7000000000000001,1.7326337580333198,17.2,10.5,85.27259826660156,0.0,,,0,12.0,0.30000000000000004,12.700000000000001
4,0,0.0,18.8,0.7000000000000001,1.7326337580333198,17.2,10.5,85.77259826660156,12.0,,,0,12.0,0.30000000000000004,12.700000000000001
4,0,0.0,18.8,0.7000000000000001,1.7326337580333198,17.2,10.5,86.27259826660156,0.0,,,0,12.0,0.30000000000000004,12.700000000000001
4,0,0.0,18.8,0.7000000000000001,1.7326337580333198,17.2,10.5,86.77259826660156,12.0,,,0,12.0,0.30000000000000004,12.700000000000001
4,0,0.0,18.8,0.7000000000000001,1.7326337580333198,17.2,10.5,87.27259826660156,12.0,,,0,12.0,0.30000000000000004,12.700000000000001
4,0,0.0,18.8,0.7000000000000001,1.7326337580333198,17.2,10.5,87.77259826660156,12.0,,,0,12.0,0.30000000000000004,12.700000000000001
4,0,0.0,18.8,0.7000000000000001,1.7326337580333198,17.2,10.5,88.27259826660156,0.0,,,0,12.0,0.30000000000000004,12.700000000000001
4,0,0.0,18.8,0.7000000000000001,1.7326337580333198,17.2,10.5,88.77259826660156,0.0,,,0,12.0,0.30000000000000004,12.700000000000001
4,0,0.0,18.8,0.7000000000000001,1.7326337580333198,17.2,10.5,89.27259826660156,0.0,,,0,12.0,0.30000000000000004,12.700000000000001
4,0,0.0,18.8,0.7000000000000001,1.7326337580333198,17.2,10.5,89.77259826660156,12.0,,,0,12.0,0.30000000000000004,12.700000000000001
4,0,0.0,18.8,0.7000000000000001,1.7326337580333198,17.2,10.5,90.27259826660156,0.6669947504997253,18.796669006347656,1.399999976158142,1,0.7000079154968262,0.30000000000000004,12.700000000000001
4,0,0.0,18.8,0.7000000000000001,1.7326337580333198,17.2,10.5,90.77259826660156,0.6670504808425903,18.790559768676758,1.399999976158142,1,0.7000636458396912,0.30000000000000004,12.700000000000001
4,0,0.0,18.8,0.7000000000000001,1.7326337580333198,17.2,10.5,91.27259826660156,0.6671595573425293,18.78445053100586,1.399999976158142,1,0.7001727223396301,0.30000000000000004,12.700000000000001
4,0,0.0,18.8,0.7000000000000001,1.7326337580333198,17.2,10.5,91.77259826660156,0.6673219799995422,18.778337478637695,1.399999976158142,1,0.7003351449966431,0.30000000000000004,12.700000000000001
4,0,0.0,18.8,0.7000000000000001,1.7326337580333198,17.2,10.5,92.27259826660156,0.6675378680229187,18.772220611572266,1.399999976158142,1,0.7005510330200195,0.30000000000000004,12.700000000000001
4,0,0.0,18.8,0.7000000000000001,1.7326337580333198,17.2,10.5,92.77259826660156,0.6678072214126587,18.76609992980957,1.399999976158142,1,0.7008203864097595,0.30000000000000004,12.700000000000001
4,0,0.0,18.8,0.7000000000000001,1.7326337580333198,17.2,10.5,93.27259826660156,0.6681302189826965,18.759973526000977,1.399999976158142,1,0.7011433839797974,0.30000000000000004,12.700000000000001
4,0,0.0,18.8,0.7000000000000001,1.7326337580333198,17.2,10.5,93.77259826660156,0.6685069799423218,18.753841400146484,1.399999976158142,1,0.7015201449394226,0.30000000000000004,12.700000000000001
4,0,0.0,18.8,0.7000000000000001,1.7326337580333198,17.2,10.5,94.27259826660156,0.668937623500824,18.747703552246094,1.399999976158142,1,0.7019507884979248,0.30000000000000004,12.700000000000001
4,0,0.0,18.8,0.7000000000000001,1.7326337580333198,17.2,10.5,94.77259826660156,0.6694223284721375,18.74155616760254,1.399999976158142,1,0.7024354934692383,0.30000000000000004,12.700000000000001
4,0,0.0,18.8,0.7000000000000001,1.7326337580333198,17.2,10.5,95.27259826660156,0.0,,,0,0.7029744386672974,0.30000000000000004,12.700000000000001
4,0,0.0,18.8,0.7000000000000001,1.7326337580333198,17.2,10.5,95.77259826660156,0.6705546975135803,18.72923469543457,1.399999976158142,1,0.7035678625106812,0.30000000000000004,12.700000000000001
4,0,0.0,18.8,0.7000000000000001,1.7326337580333198,17.2,10.5,96.27259826660156,0.6712027788162231,18.723058700561523,1.399999976158142,1,0.704215943813324,0.30000000000000004,12.700000000000001
4,0,0.0,18.8,0.7000000000000001,1.7326337580333198,17.2,10.5,96.77259826660156,0.6719057559967041,18.716869354248047,1.399999976158142,1,0.7049189209938049,0.30000000000000004,12.700000000000001
4,0,0.0,18.8,0.7000000000000001,1.7326337580333198,17.2,10.5,97.27259826660156,0.0,,,0,0.7056770920753479,0.30000000000000004,12.700000000000001
4,0,0.0,18.8,0.7000000000000001,1.7326337580333198,17.2,10.5,97.77259826660156,0.0,,,0,0.7064908146858215,0.30000000000000004,12.700000000000001
4,0,0.0,18.8,0.7000000000000001,1.7326337580333198,17.2,10.5,98.27259826660156,0.6743471026420593,18.698223114013672,1.399999976158142,1,0.7073602676391602,0.30000000000000004,12.700000000000001
4,0,0.0,18.8,0.7000000000000001,1.7326337580333198,17.2,10.5,98.77259826660156,0.0,,,0,0.708285927772522,0.30000000000000004,12.700000000000001
4,0,0.0,18.8,0.7000000000000001,1.7326337580333198,17.2,10.5,99.27259826660156,0.67625492811203,18.685714721679688,1.399999976158142,1,0.7092680931091309,0.30000000000000004,12.700000000000001
4,0,0.0,18.8,0.7000000000000001,1.7326337580333198,17.2,10.5,99.77259826660156,0.6772939562797546,18.679433822631836,1.399999976158142,1,0.7103071212768555,0.30000000000000004,12.700000000000001
4,0,0.0,18.8,0.7000000000000001,1.7326337580333198,17.2,10.5,100.27259826660156,0.0,,,0,0.711403489112854,0.30000000000000004,12.700000000000001
4,0,0.0,18.8,0.7000000000000001,1.7326337580333198,17.2,10.5,100.77259826660156,0.6795444488525391,18.66681480407715,1.399999976158142,1,0.7125576138496399,0.30000000000000004,12.700000000000001
4,0,0.0,18.8,0.7000000000000001,1.7326337580333198,17.2,10.5,101.27259826660156,0.680756688117981,18.66047477722168,1.399999976158142,1,0.7137698531150818,0.30000000000000004,12.700000000000001
4,0,0.0,18.8,0.7000000000000001,1.7326337580333198,17.2,10.5,101.77259826660156,0.6820276975631714,18.654111862182617,1.399999976158142,1,0.7150408625602722,0.30000000000000004,12.700000000000001
4,0,0.0,18.8,0.7000000000000001,1.7326337580333198,17.2,10.5,102.27259826660156,0.683357834815979,18.64772605895996,1.399999976158142,1,0.7163709998130798,0.30000000000000004,12.700000000000001
4,0,0.0,18.8,0.7000000000000001,1.7326337580333198,17.2,10.5,102.77259826660156,0.6847476959228516,18.641315460205078,1.399999976158142,1,0.7177608609199524,0.30000000000000004,12.700000000000001
4,0,0.0,18.8,0.7000000000000001,1.7326337580333198,17.2,10.5,103.27259826660156,0.686197817325592,18.63488006591797,1.399999976158142,1,0.7192109823226929,0.30000000000000004,12.700000000000001
4,0,0.0,18.8,0.7000000000000001,1.7326337580333198,17.2,10.5,103.77259826660156,0.687708854675293,18.62841796875,1.399999976158142,1,0.7207220196723938,0.30000000000000004,12.700000000000001
4,0,0.0,18.8,0.7000000000000001,1.7326337580333198,17.2,10.5,104.27259826660156,0.0,,,0,0.7222945094108582,0.30000000000000004,12.700000000000001
4,0,0.0,18.8,0.7000000000000001,1.7326337580333198,17.2,10.5,104.77259826660156,0.6909160017967224,18.61540985107422,1.399999976158142,1,0.7239291667938232,0.30000000000000004,12.700000000000001
4,0,0.0,18.8,0.7000000000000001,1.7326337580333198,17.2,10.5,105.27259826660156,0.692613422870636,18.608861923217773,1.399999976158142,1,0.7256265878677368,0.30000000000000004,12.700000000000001
4,0,0.0,18.8,0.7000000000000001,1.7326337580333198,17.2,10.5,105.77259826660156,0.6943743824958801,18.60228157043457,1.399999976158142,1,0.727387547492981,0.30000000000000004,12.700000000000001
4,0,0.0,18.8,0.7000000000000001,1.7326337580333198,17.2,10.5,106.27259826660156,0.6961995363235474,18.59566879272461,1.399999976158142,1,0.7292127013206482,0.30000000000000004,12.700000000000001
4,0,0.0,18.8,0.7000000000000001,1.7326337580333198,17.2,10.5,106.77259826660156,0.6980897188186646,18.58902359008789,1.399999976158142,1,0.7311028838157654,0.30000000000000004,12.700000000000001
4,0,0.0,18.8,0.7000000000000001,1.7326337580333198,17.2,10.5,107.27259826660156,0.0,,,0,0.7330588102340698,0.30000000000000004,12.700000000000001
4,0,0.0,18.8,0.7000000000000001,1.7326337580333198,17.2,10.5,107.77259826660156,0.7020682692527771,18.575624465942383,1.399999976158142,1,0.7350814342498779,0.30000000000000004,12.700000000000001
4,0,0.0,18.8,0.7000000000000001,1.7326337580333198,17.2,10.5,108.27259826660156,0.7041583061218262,18.56886863708496,1.399999976158142,1,0.737171471118927,0.30000000000000004,12.700000000000001
4,0,0.0,18.8,0.7000000000000001,1.7326337580333198,17.2,10.5,108.77259826660156,0.7063167691230774,18.562074661254883,1.399999976158142,1,0.7393299341201782,0.30000000000000004,12.700000000000001
4,0,0.0,18.8,0.7000000000000001,1.7326337580333198,17.2,10.5,109.27259826660156,0.7085445523262024,18.555238723754883,1.399999976158142,1,0.7415577173233032,0.30000000000000004,12.700000000000001
4,0,0.0,18.8,0.7000000000000001,1.7326337580333198,17.2,10.5,109.77259826660156,0.7108426094055176,18.548362731933594,1.399999976158142,1,0.7438557744026184,0.30000000000000004,12.700000000000001
4,0,0.0,18.8,0.7000000000000001,1.7326337580333198,17.2,10.5,110.27259826660156,0.0,,,0,0.746225118637085,0.30000000000000004,12.700000000000001
4,0,0.0,18.8,0.7000000000000001,1.7326337580333198,17.2,10.5,110.77259826660156,0.715653657913208,18.53447723388672,1.399999976158142,1,0.7486668229103088,0.30000000000000004,12.700000000000001
4,0,0.0,18.8,0.7000000000000001,1.7326337580333198,17.2,10.5,111.27259826660156,0.7181687355041504,18.527467727661133,1.399999976158142,1,0.7511819005012512,0.30000000000000004,12.700000000000001
4,0,0.0,18.8,0.7000000000000001,1.7326337580333198,17.2,10.5,111.77259826660156,0.0,,,0,0.7537715435028076,0.30000000000000004,12.700000000000001
4,0,0.0,18.8,0.7000000000000001,1.7326337580333198,17.2,10.5,112.27259826660156,0.7234237790107727,18.5132999420166,1.399999976158142,1,0.7564369440078735,0.30000000000000004,12.700000000000001
4,0,0.0,18.8,0.7000000000000001,1.7326337580333198,17.2,10.5,112.77259826660156,0.7261661291122437,18.506141662597656,1.399999976158142,1,0.7591792941093445,0.30000000000000004,12.700000000000001
4,0,0.0,18.8,0.7000000000000001,1.7326337580333198,17.2,10.5,113.27259826660156,0.7289866209030151,18.498929977416992,1.399999976158142,1,0.761999785900116,0.30000000000000004,12.700000000000001
4,0,0.0,18.8,0.7000000000000001,1.7326337580333198,17.2,10.5,113.77259826660156,0.0,,,0,0.7648997902870178,0.30000000000000004,12.700000000000001
4,0,0.0,18.8,0.7000000000000001,1.7326337580333198,17.2,10.5,114.27259826660156,0.734867513179779,18.48434066772461,1.399999976158142,1,0.7678806781768799,0.30000000000000004,12.700000000000001
4,0,0.0,18.8,0.7000000000000001,1.7326337580333198,17.2,10.5,114.77259826660156,0.0,,,0,0.770943820476532,0.30000000000000004,12.700000000000001
4,0,0.0,18.8,0.7000000000000001,1.7326337580333198,17.2,10.5,115.27259826660156,0.7410775423049927,18.469520568847656,1.399999976158142,1,0.7740907073020935,0.30000000000000004,12.700000000000001
4,0,0.0,18.8,0.7000000000000001,1.7326337580333198,17.2,10.5,115.77259826660156,0.7443096041679382,18.462018966674805,1.399999976158142,1,0.7773227691650391,0.30000000000000004,12.700000000000001
4,0,0.0,18.8,0.7000000000000001,1.7326337580333198,17.2,10.5,116.27259826660156,0.7476285099983215,18.45445442199707,1.399999976158142,1,0.7806416749954224,0.30000000000000004,12.700000000000001
4,0,0.0,18.8,0.7000000000000001,1.7326337580333198,17.2,10.5,116.77259826660156,0.7510358691215515,18.44682502746582,1.399999976158142,1,0.7840490341186523,0.30000000000000004,12.700000000000001
4,0,0.0,18.8,0.7000000000000001,1.7326337580333198,17.2,10.5,117.27259826660156,0.0,,,0,0.7875464558601379,0.30000000000000004,12.700000000000001
4,0,0.0,18.8,0.7000000000000001,1.7326337580333198,17.2,10.5,117.77259826660156,0.7581225633621216,18.431360244750977,1.399999976158142,1,0.7911357283592224,0.30000000000000004,12.700000000000001
4,0,0.0,18.8,0.7000000000000001,1.7326337580333198,17.2,10.5,118.27259826660156,0.7618055939674377,18.423521041870117,1.399999976158142,1,0.7948187589645386,0.30000000000000004,12.700000000000001
4,0,0.0,18.8,0.7000000000000001,1.7326337580333198,17.2,10.5,118.77259826660156,0.0,,,0,0.7985972762107849,0.30000000000000004,12.700000000000001
4,0,0.0,18.8,0.7000000000000001,1.7326337580333198,17.2,10.5,119.27259826660156,0.769460141658783,18.407617568969727,1.399999976158142,1,0.8024733066558838,0.30000000000000004,12.700000000000001
4,0,0.0,18.8,0.7000000000000001,1.7326337580333198,17.2,10.5,119.77259826660156,0.773435652256012,18.399551391601562,1.399999976158142,1,0.8064488172531128,0.30000000000000004,12.700000000000001
4,0,0.0,18.8,0.7000000000000001,1.7326337580333198,17.2,10.5,120.27259826660156,0.7775128483772278,18.391401290893555,1.399999976158142,1,0.8105260133743286,0.30000000000000004,12.700000000000001
4,0,0.0,18.8,0.7000000000000001,1.7326337580333198,17.2,10.5,120.77259826660156,0.7816937565803528,18.383169174194336,1.399999976158142,1,0.8147069215774536,0.30000000000000004,12.700000000000001
4,0,0.0,18.8,0.7000000000000001,1.7326337580333198,17.2,10.5,121.27259826660156,0.7859808206558228,18.37485122680664,1.399999976158142,1,0.8189939856529236,0.30000000000000004,12.700000000000001
4,0,0.0,18.8,0.7000000000000001,1.7326337580333198,17.2,10.5,121.77259826660156,0.7903761863708496,18.366445541381836,1.399999976158142,1,0.8233893513679504,0.30000000000000004,12.700000000000001
4,0,0.0,18.8,0.7000000000000001,1.7326337580333198,17.2,10.5,122.27259826660156,0.7948824167251587,18.357946395874023,1.399999976158142,1,0.8278955817222595,0.30000000000000004,12.700000000000001
4,0,0.0,18.8,0.7000000000000001,1.7326337580333198,17.2,10.5,122.77259826660156,0.7995019555091858,18.349353790283203,1.399999976158142,1,0.8325151205062866,0.30000000000000004,12.700000000000001
4,0,0.0,18.8,0.7000000000000001,1.7326337580333198,17.2,10.5,123.27259826660156,0.8042374849319458,18.340665817260742,1.399999976158142,1,0.8372506499290466,0.30000000000000004,12.700000000000001
4,0,0.0,18.8,0.7000000000000001,1.7326337580333198,17.2,10.5,123.77259826660156,0.8090916872024536,18.33187484741211,1.399999976158142,1,0.8421048521995544,0.30000000000000004,12.700000000000001
4,0,0.0,18.8,0.7000000000000001,1.7326337580333198,17.2,10.5,124.27259826660156,0.8140674233436584,18.322982788085938,1.399999976158142,1,0.8470805883407593,0.30000000000000004,12.700000000000001
4,0,0.0,18.8,0.7000000000000001,1.7326337580333198,17.2,10.5,124.77259826660156,0.8191675543785095,18.313983917236328,1.399999976158142,1,0.8521807193756104,0.30000000000000004,12.700000000000001
4,0,0.0,18.8,0.7000000000000001,1.7326337580333198,17.2,10.5,125.27259826660156,0.8243951797485352,18.304874420166016,1.399999976158142,1,0.857408344745636,0.30000000000000004,12.700000000000001
4,0,0.0,18.8,0.7000000000000001,1.7326337580333198,17.2,10.5,125.77259826660156,0.0,,,0,0.8627665638923645,0.30000000000000004,12.700000000000001
4,0,0.0,18.8,0.7000000000000001,1.7326337580333198,17.2,10.5,126.27259826660156,0.8352456092834473,18.286314010620117,1.399999976158142,1,0.8682587742805481,0.30000000000000004,12.700000000000001
4,0,0.0,18.8,0.7000000000000001,1.7326337580333198,17.2,10.5,126.77259826660156,0.8408750891685486,18.27685546875,1.399999976158142,1,0.8738882541656494,0.30000000000000004,12.700000000000001
4,0,0.0,18.8,0.7000000000000001,1.7326337580333198,17.2,10.5,127.27259826660156,0.8466455340385437,18.267271041870117,1.399999976158142,1,0.8796586990356445,0.30000000000000004,12.700000000000001
4,0,0.0,18.8,0.7000000000000001,1.7326337580333198,17.2,10.5,127.77259826660156,0.8525605797767639,18.25756072998047,1.399999976158142,1,0.8855737447738647,0.30000000000000004,12.700000000000001
4,0,0.0,18.8,0.7000000000000001,1.7326337580333198,17.2,10.5,128.27259826660156,0.8586240410804749,18.247716903686523,1.399999976158142,1,0.8916372060775757,0.30000000000000004,12.700000000000001
4,0,0.0,18.8,0.7000000000000001,1.7326337580333198,17.2,10.5,128.77259826660156,0.8648399710655212,18.237735748291016,1.399999976158142,1,0.8978531360626221,0.30000000000000004,12.700000000000001
4,0,0.0,18.8,0.7000000000000001,1.7326337580333198,17.2,10.5,129.27259826660156,0.8712125420570374,18.227615356445312,1.399999976158142,1,0.9042257070541382,0.30000000000000004,12.700000000000001
4,0,0.0,18.8,0.7000000000000001,1.7326337580333198,17.2,10.5,129.77259826660156,0.877746045589447,18.217348098754883,1.399999976158142,1,0.9107592105865479,0.30000000000000004,12.700000000000001
4,0,0.0,18.8,0.7000000000000001,1.7326337580333198,17.2,10.5,130.27259826660156,0.884445071220398,18.206932067871094,1.399999976158142,1,0.9174582362174988,0.30000000000000004,12.700000000000001
4,0,0.0,18.8,0.7000000000000001,1.7326337580333198,17.2,10.5,130.77259826660156,0.8913142085075378,18.196359634399414,1.399999976158142,1,0.9243273735046387,0.30000000000000004,12.700000000000001
4,0,0.0,18.8,0.7000000000000001,1.7326337580333198,17.2,10.5,131.27259826660156,0.8983585238456726,18.185626983642578,1.399999976158142,1,0.9313716888427734,0.30000000000000004,12.700000000000001
4,0,0.0,18.8,0.7000000000000001,1.7326337580333198,17.2,10.5,131.77259826660156,0.9055830240249634,18.17473030090332,1.399999976158142,1,0.9385961890220642,0.30000000000000004,12.700000000000001
4,0,0.0,18.8,0.7000000000000001,1.7326337580333198,17.2,10.5,132.27259826660156,0.9129930734634399,18.163660049438477,1.399999976158142,1,0.9460062384605408,0.30000000000000004,12.700000000000001
4,0,0.0,18.8,0.7000000000000001,1.7326337580333198,17.2,10.5,132.77259826660156,0.9205942749977112,18.152414321899414,1.399999976158142,1,0.953607439994812,0.30000000000000004,12.700000000000001
4,0,0.0,18.8,0.7000000000000001,1.7326337580333198,17.2,10.5,133.27259826660156,0.0,,,0,0.9614055752754211,0.30000000000000004,12.700000000000001
4,0,0.0,18.8,0.7000000000000001,1.7326337580333198,17.2,10.5,133.77259826660156,0.9363935589790344,18.129365921020508,1.399999976158142,1,0.9694067239761353,0.30000000000000004,12.700000000000001
4,0,0.0,18.8,0.7000000000000001,1.7326337580333198,17.2,10.5,134.27259826660156,0.9446040987968445,18.117551803588867,1.399999976158142,1,0.9776172637939453,0.30000000000000004,12.700000000000001
4,0,0.0,18.8,0.7000000000000001,1.7326337580333198,17.2,10.5,134.77259826660156,0.9530306458473206,18.105533599853516,1.399999976158142,1,0.9860438108444214,0.30000000000000004,12.700000000000001
4,0,0.0,18.8,0.7000000000000001,1.7326337580333198,17.2,10.5,135.27259826660156,0.9616801142692566,18.093307495117188,1.399999976158142,1,0.9946932792663574,0.30000000000000004,12.700000000000001
4,0,0.0,18.8,0.7000000000000001,1.7326337580333198,17.2,10.5,135.77259826660156,0.9705597758293152,18.080862045288086,1.399999976158142,1,1.003572940826416,0.30000000000000004,12.700000000000001
4,0,0.0,18.8,0.7000000000000001,1.7326337580333198,17.2,10.5,136.27259826660156,0.9796772599220276,18.068193435668945,1.399999976158142,1,1.0126904249191284,0.30000000000000004,12.700000000000001
4,0,0.0,18.8,0.7000000000000001,1.7326337580333198,17.2,10.5,136.77259826660156,0.9890404343605042,18.05529022216797,1.399999976158142,1,1.022053599357605,0.30000000000000004,12.700000000000001
4,0,0.0,18.8,0.7000000000000001,1.7326337580333198,17.2,10.5,137.27259826660156,0.9986576437950134,18.042144775390625,1.399999976158142,1,1.0316708087921143,0.30000000000000004,12.700000000000001
4,0,0.0,18.8,0.7000000000000001,1.7326337580333198,17.2,10.5,137.77259826660156,1.0085375308990479,18.028749465942383,1.399999976158142,1,1.0415507555007935,0.30000000000000004,12.700000000000001
4,0,0.0,18.8,0.7000000000000001,1.7326337580333198,17.2,10.5,138.27259826660156,1.018689513206482,18.015092849731445,1.399999976158142,1,1.0517027378082275,0.30000000000000004,12.700000000000001
4,0,0.0,18.8,0.7000000000000001,1.7326337580333198,17.2,10.5,138.77259826660156,1.0291229486465454,18.00116729736328,1.399999976158142,1,1.062136173248291,0.30000000000000004,12.700000000000001
4,0,0.0,18.8,0.7000000000000001,1.7326337580333198,17.2,10.5,139.27259826660156,0.0,,,0,1.0728613138198853,0.30000000000000004,12.700000000000001
4,0,0.0,18.8,0.7000000000000001,1.7326337580333198,17.2,10.5,139.77259826660156,1.0508753061294556,17.97246551513672,1.399999976158142,1,1.0838885307312012,0.30000000000000004,12.700000000000001
4,0,0.0,18.8,0.7000000000000001,1.7326337580333198,17.2,10.5,140.27259826660156,1.0622159242630005,17.957666397094727,1.399999976158142,1,1.095229148864746,0.30000000000000004,12.700000000000001
4,0,0.0,18.8,0.7000000000000001,1.7326337580333198,17.2,10.5,140.77259826660156,0.0,,,0,1.1068947315216064,0.30000000000000004,12.700000000000001
4,0,0.0,18.8,0.7000000000000001,1.7326337580333198,17.2,10.5,141.27259826660156,1.0858843326568604,17.927112579345703,1.399999976158142,1,1.118897557258606,0.30000000000000004,12.700000000000001
4,0,0.0,18.8,0.7000000000000001,1.7326337580333198,17.2,10.5,141.77259826660156,1.0982375144958496,17.911333084106445,1.399999976158142,1,1.1312507390975952,0.30000000000000004,12.700000000000001
4,0,0.0,18.8,0.7000000000000001,1.7326337580333198,17.2,10.5,142.27259826660156,1.1109546422958374,17.895200729370117,1.399999976158142,1,1.143967866897583,0.30000000000000004,12.700000000000001
4,0,0.0,18.8,0.7000000000000001,1.7326337580333198,17.2,10.5,142.77259826660156,1.1240499019622803,17.878698348999023,1.399999976158142,1,1.1570631265640259,0.30000000000000004,12.700000000000001
4,0,0.0,18.8,0.7000000000000001,1.7326337580333198,17.2,10.5,143.27259826660156,1.1375387907028198,17.861814498901367,1.399999976158142,1,1.1705520153045654,0.30000000000000004,12.700000000000001
4,0,0.0,18.8,0.7000000000000001,1.7326337580333198,17.2,10.5,143.77259826660156,1.1514370441436768,17.84453010559082,1.399999976158142,1,1.1844502687454224,0.30000000000000004,12.700000000000001
4,0,0.0,18.8,0.7000000000000001,1.7326337580333198,17.2,10.5,144.27259826660156,1.1657617092132568,17.82682991027832,1.399999976158142,1,1.1987749338150024,0.30000000000000004,12.700000000000001
4,0,0.0,18.8,0.7000000000000001,1.7326337580333198,17.2,10.5,144.77259826660156,0.0,,,0,1.2135438919067383,0.30000000000000004,12.700000000000001
4,0,0.0,18.8,0.7000000000000001,1.7326337580333198,17.2,10.5,145.27259826660156,1.1957627534866333,17.790103912353516,1.399999976158142,1,1.228775978088379,0.30000000000000004,12.700000000000001
4,0,0.0,18.8,0.7000000000000001,1.7326337580333198,17.2,10.5,145.77259826660156,1.2114781141281128,17.771039962768555,1.399999976158142,1,1.2444913387298584,0.30000000000000004,12.700000000000001
4,0,0.0,18.8,0.7000000000000001,1.7326337580333198,17.2,10.5,146.27259826660156,1.2276978492736816,17.751480102539062,1.399999976158142,1,1.2607110738754272,0.30000000000000004,12.700000000000001
4,0,0.0,18.8,0.7000000000000001,1.7326337580333198,17.2,10.5,146.77259826660156,1.2444446086883545,17.731403350830078,1.399999976158142,1,1.2774578332901,0.30000000000000004,12.700000000000001
4,0,0.0,18.8,0.7000000000000001,1.7326337580333198,17.2,10.5,147.27259826660156,0.0,,,0,1.2947553396224976,0.30000000000000004,12.700000000000001
4,0,0.0,18.8,0.7000000000000001,1.7326337580333198,17.2,10.5,147.77259826660156,1.279615879058838,17.68959617614746,1.399999976158142,1,1.3126291036605835,0.30000000000000004,12.700000000000001
4,0,0.0,18.8,0.7000000000000001,1.7326337580333198,17.2,10.5,148.27259826660156,1.2980928421020508,17.667814254760742,1.399999976158142,1,1.3311060667037964,0.30000000000000004,12.700000000000001
4,0,0.0,18.8,0.7000000000000001,1.7326337580333198,17.2,10.5,148.77259826660156,1.3172017335891724,17.645408630371094,1.399999976158142,1,1.350214958190918,0.30000000000000004,12.700000000000001
4,0,0.0,18.8,0.7000000000000001,1.7326337580333198,17.2,10.5,149.27259826660156,1.3369730710983276,17.62234878540039,1.399999976158142,1,1.3699862957000732,0.30000000000000004,12.700000000000001
4,0,0.0,18.8,0.7000000000000001,1.7326337580333198,17.2,10.5,149.77259826660156,1.3558207750320435,17.600000381469727,1.399185061454773,1,1.388833999633789,0.30000000000000004,12.700000000000001
4,0,0.0,18.8,0.7000000000000001,1.7326337580333198,17.2,10.5,150.27259826660156,1.3488472700119019,17.600000381469727,1.3852286338806152,1,1.3818604946136475,0.30000000000000004,12.700000000000001
4,0,0.0,18.8,0.7000000000000001,1.7326337580333198,17.2,10.5,150.77259826660156,1.3420475721359253,17.600000381469727,1.371410608291626,1,1.375060796737671,0.30000000000000004,12.700000000000001
4,0,0.0,18.8,0.7000000000000001,1.7326337580333198,17.2,10.5,151.27259826660156,1.3354182243347168,17.600000381469727,1.357726812362671,1,1.3684314489364624,0.30000000000000004,12.700000000000001
4,0,0.0,18.8,0.7000000000000001,1.7326337580333198,17.2,10.5,151.77259826660156,1.3289556503295898,17.600000381469727,1.3441733121871948,1,1.3619688749313354,0.30000000000000004,12.700000000000001
4,0,0.0,18.8,0.7000000000000001,1.7326337580333198,17.2,10.5,152.27259826660156,0.0,,,0,1.3556698560714722,0.30000000000000004,12.700000000000001
4,0,0.0,18.8,0.7000000000000001,1.7326337580333198,17.2,10.5,152.77259826660156,1.316517949104309,17.600000381469727,1.3174418210983276,1,1.3495311737060547,0.30000000000000004,12.700000000000001
4,0,0.0,18.8,0.7000000000000001,1.7326337580333198,17.2,10.5,153.27259826660156,1.3105363845825195,17.600000381469727,1.3042563199996948,1,1.3435496091842651,0.30000000000000004,12.700000000000001
4,0,0.0,18.8,0.7000000000000001,1.7326337580333198,17.2,10.5,153.77259826660156,1.3047090768814087,17.600000381469727,1.2911860942840576,1,1.3377223014831543,0.30000000000000004,12.700000000000001
4,0,0.0,18.8,0.7000000000000001,1.7326337580333198,17.2,10.5,154.27259826660156,1.2990331649780273,17.600000381469727,1.2782279253005981,1,1.332046389579773,0.30000000000000004,12.700000000000001
4,0,0.0,18.8,0.7000000000000001,1.7326337580333198,17.2,10.5,154.77259826660156,1.2935056686401367,17.600000381469727,1.2653782367706299,1,1.3265188932418823,0.30000000000000004,12.700000000000001
4,0,0.0,18.8,0.7000000000000001,1.7326337580333198,17.2,10.5,155.27259826660156,1.2881242036819458,17.600000381469727,1.2526336908340454,1,1.3211374282836914,0.30000000000000004,12.700000000000001
4,0,0.0,18.8,0.7000000000000001,1.7326337580333198,17.2,10.5,155.77259826660156,1.2828859090805054,17.600000381469727,1.239991307258606,1,1.315899133682251,0.30000000000000004,12.700000000000001
4,0,0.0,18.8,0.7000000000000001,1.7326337580333198,17.2,10.5,156.27259826660156,1.277788519859314,17.600000381469727,1.227447748184204,1,1.3108017444610596,0.30000000000000004,12.700000000000001
4,0,0.0,18.8,0.7000000000000001,1.7326337580333198,17.2,10.5,156.77259826660156,0.0,,,0,1.305842638015747,0.30000000000000004,12.700000000000001
4,0,0.0,18.8,0.7000000000000001,1.7326337580333198,17.2,10.5,157.27259826660156,1.268006443977356,17.600000381469727,1.2026453018188477,1,1.3010196685791016,0.30000000000000004,12.700000000000001
4,0,0.0,18.8,0.7000000000000001,1.7326337580333198,17.2,10.5,157.77259826660156,1.263317346572876,17.600000381469727,1.1903804540634155,1,1.2963305711746216,0.30000000000000004,12.700000000000001
4,0,0.0,18.8,0.7000000000000001,1.7326337580333198,17.2,10.5,158.27259826660156,0.0,,,0,1.2917732000350952,0.30000000000000004,12.700000000000001
4,0,0.0,18.8,0.7000000000000001,1.7326337580333198,17.2,10.5,158.77259826660156,1.254332184791565,17.600000381469727,1.166109561920166,1,1.2873454093933105,0.30000000000000004,12.700000000000001
4,0,0.0,18.8,0.7000000000000001,1.7326337580333198,17.2,10.5,159.27259826660156,0.0,,,0,1.2830452919006348,0.30000000000000004,12.700000000000001
4,0,0.0,18.8,0.7000000000000001,1.7326337580333198,17.2,10.5,159.77259826660156,0.0,,,0,1.2788708209991455,0.30000000000000004,12.700000000000001
4,0,0.0,18.8,0.7000000000000001,1.7326337580333198,17.2,10.5,160.27259826660156,1.241806983947754,17.600000381469727,1.1303097009658813,1,1.2748202085494995,0.30000000000000004,12.700000000000001
4,0,0.0,18.8,0.7000000000000001,1.7326337580333198,17.2,10.5,160.77259826660156,1.2378783226013184,17.600000381469727,1.1185277700424194,1,1.270891547203064,0.30000000000000004,12.700000000000001
4,0,0.0,18.8,0.7000000000000001,1.7326337580333198,17.2,10.5,161.27259826660156,1.2340701818466187,17.600000381469727,1.1068172454833984,1,1.2670834064483643,0.30000000000000004,12.700000000000001
4,0,0.0,18.8,0.7000000000000001,1.7326337580333198,17.2,10.5,161.77259826660156,0.0,,,0,1.2633938789367676,0.30000000000000004,12.700000000000001
4,0,0.0,18.8,0.7000000000000001,1.7326337580333198,17.2,10.5,162.27259826660156,1.2268081903457642,17.600000381469727,1.0836012363433838,1,1.2598214149475098,0.30000000000000004,12.700000000000001
4,0,0.0,18.8,0.7000000000000001,1.7326337580333198,17.2,10.5,162.77259826660156,0.0,,,0,1.2563644647598267,0.30000000000000004,12.700000000000001
4,0,0.0,18.8,0.7000000000000001,1.7326337580333198,17.2,10.5,163.27259826660156,1.220008373260498,17.600000381469727,1.0606428384780884,1,1.2530215978622437,0.30000000000000004,12.700000000000001
4,0,0.0,18.8,0.7000000000000001,1.7326337580333198,17.2,10.5,163.77259826660156,1.21677827835083,17.600000381469727,1.0492545366287231,1,1.2497915029525757,0.30000000000000004,12.700000000000001
4,0,0.0,18.8,0.7000000000000001,1.7326337580333198,17.2,10.5,164.27259826660156,0.0,,,0,1.2466726303100586,0.30000000000000004,12.700000000000001
4,0,0.0,18.8,0.7000000000000001,1.7326337580333198,17.2,10.5,164.77259826660156,1.2106505632400513,17.600000381469727,1.026648998260498,1,1.2436637878417969,0.30000000000000004,12.700000000000001
4,0,0.0,18.8,0.7000000000000001,1.7326337580333198,17.2,10.5,165.27259826660156,1.2077504396438599,17.600000381469727,1.0154274702072144,1,1.2407636642456055,0.30000000000000004,12.700000000000001
4,0,0.0,18.8,0.7000000000000001,1.7326337580333198,17.2,10.5,165.77259826660156,0.0,,,0,1.2379711866378784,0.30000000000000004,12.700000000000001
4,0,0.0,18.8,0.7000000000000001,1.7326337580333198,17.2,10.5,166.27259826660156,1.2022716999053955,17.600000381469727,0.993136465549469,1,1.2352849245071411,0.30000000000000004,12.700000000000001
4,0,0.0,18.8,0.7000000000000001,1.7326337580333198,17.2,10.5,166.77259826660156,1.1996909379959106,17.600000381469727,0.9820629358291626,1,1.2327041625976562,0.30000000000000004,12.700000000000001
4,0,0.0,18.8,0.7000000000000001,1.7326337580333198,17.2,10.5,167.27259826660156,1.1972143650054932,17.600000381469727,0.9710347056388855,1,1.2302275896072388,0.30000000000000004,12.700000000000001
4,0,0.0,18.8,0.7000000000000001,1.7326337580333198,17.2,10.5,167.77259826660156,1.1948410272598267,17.600000381469727,0.9600498676300049,1,1.2278542518615723,0.30000000000000004,12.700000000000001
4,0,0.0,18.8,0.7000000000000001,1.7326337580333198,17.2,10.5,168.27259826660156,1.1925699710845947,17.600000381469727,0.9491065740585327,1,1.2255831956863403,0.30000000000000004,12.700000000000001
4,0,0.0,18.8,0.7000000000000001,1.7326337580333198,17.2,10.5,168.77259826660156,0.0,,,0,1.2234134674072266,0.30000000000000004,12.700000000000001
4,0,0.0,18.8,0.7000000000000001,1.7326337580333198,17.2,10.5,169.27259826660156,1.188331127166748,17.600000381469727,0.9273366928100586,1,1.2213443517684937,0.30000000000000004,12.700000000000001
4,0,0.0,18.8,0.7000000000000001,1.7326337580333198,17.2,10.5,169.77259826660156,1.1863616704940796,17.600000381469727,0.9165065288543701,1,1.2193748950958252,0.30000000000000004,12.700000000000001
4,0,0.0,18.8,0.7000000000000001,1.7326337580333198,17.2,10.5,170.27259826660156,0.0,,,0,1.2175042629241943,0.30000000000000004,12.700000000000001
4,0,0.0,18.8,0.7000000000000001,1.7326337580333198,17.2,10.5,170.77259826660156,1.1827187538146973,17.600000381469727,0.8949465155601501,1,1.2157319784164429,0.30000000000000004,12.700000000000001
4,0,0.0,18.8,0.7000000000000001,1.7326337580333198,17.2,10.5,171.27259826660156,1.1810438632965088,17.600000381469727,0.8842130899429321,1,1.2140570878982544,0.30000000000000004,12.700000000000001
4,0,0.0,18.8,0.7000000000000001,1.7326337580333198,17.2,10.5,171.77259826660156,1.1794657707214355,17.600000381469727,0.8735084533691406,1,1.2124789953231812,0.30000000000000004,12.700000000000001
4,0,0.0,18.8,0.7000000000000001,1.7326337580333198,17.2,10.5,172.27259826660156,0.0,,,0,1.2109971046447754,0.30000000000000004,12.700000000000001
4,0,0.0,18.8,0.7000000000000001,1.7326337580333198,17.2,10.5,172.77259826660156,0.0,,,0,1.2096108198165894,0.30000000000000004,12.700000000000001
4,0,0.0,18.8,0.7000000000000001,1.7326337580333198,17.2,10.5,173.27259826660156,1.1753063201904297,17.600000381469727,0.8415493965148926,1,1.2083195447921753,0.30000000000000004,12.700000000000001
4,0,0.0,18.8,0.7000000000000001,1.7326337580333198,17.2,10.5,173.77259826660156,1.1741098165512085,17.600000381469727,0.8309423327445984,1,1.207123041152954,0.30000000000000004,12.700000000000001
4,0,0.0,18.8,0.7000000000000001,1.7326337580333198,17.2,10.5,174.27259826660156,1.1730072498321533,17.600000381469727,0.8203554749488831,1,1.206020474433899,0.30000000000000004,12.700000000000001
4,0,0.0,18.8,0.7000000000000001,1.7326337580333198,17.2,10.5,174.77259826660156,1.1719985008239746,17.600000381469727,0.8097871541976929,1,1.2050117254257202,0.30000000000000004,12.700000000000001
4,0,0.0,18.8,0.7000000000000001,1.7326337580333198,17.2,10.5,175.27259826660156,1.1710829734802246,17.600000381469727,0.7992357015609741,1,1.2040961980819702,0.30000000000000004,12.700000000000001
4,0,0.0,18.8,0.7000000000000001,1.7326337580333198,17.2,10.5,175.77259826660156,1.1702604293823242,17.600000381469727,0.7886994481086731,1,1.2032736539840698,0.30000000000000004,12.700000000000001
4,0,0.0,18.8,0.7000000000000001,1.7326337580333198,17.2,10.5,176.27259826660156,1.1695306301116943,17.600000381469727,0.7781767845153809,1,1.20254385471344,0.30000000000000004,12.700000000000001
4,0,0.0,18.8,0.7000000000000001,1.7326337580333198,17.2,10.5,176.77259826660156,1.1688930988311768,17.600000381469727,0.7676660418510437,1,1.2019063234329224,0.30000000000000004,12.700000000000001
4,0,0.0,18.8,0.7000000000000001,1.7326337580333198,17.2,10.5,177.27259826660156,1.1683475971221924,17.600000381469727,0.7571656703948975,1,1.201360821723938,0.30000000000000004,12.700000000000001
4,0,0.0,18.8,0.7000000000000001,1.7326337580333198,17.2,10.5,177.77259826660156,1.1678941249847412,17.600000381469727,0.7466740608215332,1,1.2009073495864868,0.30000000000000004,12.700000000000001
4,0,0.0,18.8,0.7000000000000001,1.7326337580333198,17.2,10.5,178.27259826660156,1.1675323247909546,17.600000381469727,0.7361894845962524,1,1.2005455493927002,0.30000000000000004,12.700000000000001
4,0,0.0,18.8,0.7000000000000001,1.7326337580333198,17.2,10.5,178.77259826660156,1.1672621965408325,17.600000381469727,0.7257105112075806,1,1.2002754211425781,0.30000000000000004,12.700000000000001
4,0,0.0,18.8,0.7000000000000001,1.7326337580333198,17.2,10.5,179.27259826660156,1.167083501815796,17.600000381469727,0.7152354121208191,1,1.2000967264175415,0.30000000000000004,12.700000000000001
4,0,0.0,18.8,0.7000000000000001,1.7326337580333198,17.2,10.5,179.77259826660156,1.1669962406158447,17.600000381469727,0.7047626376152039,1,1.2000094652175903,0.30000000000000004,12.700000000000001
4,0,0.0,18.8,0.7000000000000001,1.7326337580333198,17.2,10.5,180.27259826660156,1.167000412940979,17.600000381469727,0.6942905783653259,1,1.2000136375427246,0.30000000000000004,12.700000000000001
4,0,0.0,18.8,0.7000000000000001,1.7326337580333198,17.2,10.5,180.77259826660156,1.1670958995819092,17.600000381469727,0.6838176846504211,1,1.2001091241836548,0.30000000000000004,12.700000000000001
4,0,0.0,18.8,0.7000000000000001,1.7326337580333198,17.2,10.5,181.27259826660156,1.1672828197479248,17.600000381469727,0.6733422875404358,1,1.2002960443496704,0.30000000000000004,12.700000000000001
4,0,0.0,18.8,0.7000000000000001,1.7326337580333198,17.2,10.5,181.77259826660156,0.0,,,0,1.200574517250061,0.30000000000000004,12.700000000000001
4,0,0.0,18.8,0.7000000000000001,1.7326337580333198,17.2,10.5,182.27259826660156,0.0,,,0,1.2009445428848267,0.30000000000000004,12.700000000000001
4,0,0.0,18.8,0.7000000000000001,1.7326337580333198,17.2,10.5,182.77259826660156,0.0,,,0,1.2014063596725464,0.30000000000000004,12.700000000000001
4,0,0.0,18.8,0.7000000000000001,1.7326337580333198,17.2,10.5,183.27259826660156,1.1689468622207642,17.600000381469727,0.6313841342926025,1,1.2019600868225098,0.30000000000000004,12.700000000000001
4,0,0.0,18.8,0.7000000000000001,1.7326337580333198,17.2,10.5,183.77259826660156,1.1695927381515503,17.600000381469727,0.620872437953949,1,1.202605962753296,0.30000000000000004,12.700000000000001
4,0,0.0,18.8,0.7000000000000001,1.7326337580333198,17.2,10.5,184.27259826660156,0.0,,,0,1.2033442258834839,0.30000000000000004,12.700000000000001
4,0,0.0,18.8,0.7000000000000001,1.7326337580333198,17.2,10.5,184.77259826660156,1.1711618900299072,17.600000381469727,0.5998110175132751,1,1.2041751146316528,0.30000000000000004,12.700000000000001
4,0,0.0,18.8,0.7000000000000001,1.7326337580333198,17.2,10.5,185.27259826660156,1.1720858812332153,17.600000381469727,0.5892581343650818,1,1.205099105834961,0.30000000000000004,12.700000000000001
4,0,0.0,18.8,0.7000000000000001,1.7326337580333198,17.2,10.5,185.77259826660156,1.1731030941009521,17.600000381469727,0.5786881446838379,1,1.2061163187026978,0.30000000000000004,12.700000000000001
4,0,0.0,18.8,0.7000000000000001,1.7326337580333198,17.2,10.5,186.27259826660156,0.0,,,0,1.2072272300720215,0.30000000000000004,12.700000000000001
4,0,0.0,18.8,0.7000000000000001,1.7326337580333198,17.2,10.5,186.77259826660156,0.0,,,0,1.2084324359893799,0.30000000000000004,12.700000000000001
4,0,0.0,18.8,0.7000000000000001,1.7326337580333198,17.2,10.5,187.27259826660156,1.1767189502716064,17.600000381469727,0.5468596816062927,1,1.209732174873352,0.30000000000000004,12.700000000000001
4,0,0.0,18.8,0.7000000000000001,1.7326337580333198,17.2,10.5,187.77259826660156,1.1781138181686401,17.600000381469727,0.536204993724823,1,1.2111270427703857,0.30000000000000004,12.700000000000001
4,0,0.0,18.8,0.7000000000000001,1.7326337580333198,17.2,10.5,188.27259826660156,1.179604411125183,17.600000381469727,0.525524914264679,1,1.2126176357269287,0.30000000000000004,12.700000000000001
4,0,0.0,18.8,0.7000000000000001,1.7326337580333198,17.2,10.5,188.77259826660156,1.1811912059783936,17.600000381469727,0.5148177146911621,1,1.2142044305801392,0.30000000000000004,12.700000000000001
4,0,0.0,18.8,0.7000000000000001,1.7326337580333198,17.2,10.5,189.27259826660156,1.1828749179840088,17.600000381469727,0.5040816068649292,1,1.2158881425857544,0.30000000000000004,12.700000000000001
4,0,0.0,18.8,0.7000000000000001,1.7326337580333198,17.2,10.5,189.77259826660156,1.1846561431884766,17.600000381469727,0.4933149218559265,1,1.2176693677902222,0.30000000000000004,12.700000000000001
4,0,0.0,18.8,0.7000000000000001,1.7326337580333198,17.2,10.5,190.27259826660156,1.1865355968475342,17.600000381469727,0.48251575231552124,1,1.2195488214492798,0.30000000000000004,12.700000000000001
4,0,0.0,18.8,0.7000000000000001,1.7326337580333198,17.2,10.5,190.77259826660156,1.1885141134262085,17.600000381469727,0.4716823995113373,1,1.221527338027954,0.30000000000000004,12.700000000000001
4,0,0.0,18.8,0.7000000000000001,1.7326337580333198,17.2,10.5,191.27259826660156,1.1905922889709473,17.600000381469727,0.4608130156993866,1,1.2236055135726929,0.30000000000000004,12.700000000000001
4,0,0.0,18.8,0.7000000000000001,1.7326337580333198,17.2,10.5,191.77259826660156,1.192771077156067,17.600000381469727,0.44990575313568115,1,1.2257843017578125,0.30000000000000004,12.700000000000001
4,0,0.0,18.8,0.7000000000000001,1.7326337580333198,17.2,10.5,192.27259826660156,1.1950513124465942,17.600000381469727,0.4389587342739105,1,1.2280645370483398,0.30000000000000004,12.700000000000001
4,0,0.0,18.8,0.7000000000000001,1.7326337580333198,17.2,10.5,192.77259826660156,0.0,,,0,1.2304471731185913,0.30000000000000004,12.700000000000001
4,0,0.0,18.8,0.7000000000000001,1.7326337580333198,17.2,10.5,193.27259826660156,1.1999199390411377,17.600000381469727,0.41693785786628723,1,1.2329331636428833,0.30000000000000004,12.700000000000001
4,0,0.0,18.8,0.7000000000000001,1.7326337580333198,17.2,10.5,193.77259826660156,1.2025102376937866,17.600000381469727,0.4058600962162018,1,1.2355234622955322,0.30000000000000004,12.700000000000001
4,0,0.0,18.8,0.7000000000000001,1.7326337580333198,17.2,10.5,194.27259826660156,0.0,,,0,1.2382192611694336,0.30000000000000004,12.700000000000001
4,0,0.0,18.8,0.7000000000000001,1.7326337580333198,17.2,10.5,194.77259826660156,1.2080081701278687,17.600000381469727,0.3835601210594177,1,1.2410213947296143,0.30000000000000004,12.700000000000001
4,0,0.0,18.8,0.7000000000000001,1.7326337580333198,17.2,10.5,195.27259826660156,0.0,,,0,1.2439312934875488,0.30000000000000004,12.700000000000001
4,0,0.0,18.8,0.7000000000000001,1.7326337580333198,17.2,10.5,195.77259826660156,1.2139368057250977,17.600000381469727,0.3610539138317108,1,1.2469500303268433,0.30000000000000004,12.700000000000001
4,0,0.0,18.8,0.7000000000000001,1.7326337580333198,17.2,10.5,196.27259826660156,1.217065691947937,17.600000381469727,0.34971824288368225,1,1.2500789165496826,0.30000000000000004,12.700000000000001
4,0,0.0,18.8,0.7000000000000001,1.7326337580333198,17.2,10.5,196.77259826660156,0.0,,,0,1.253319263458252,0.30000000000000004,12.700000000000001
4,0,0.0,18.8,0.7000000000000001,1.7326337580333198,17.2,10.5,197.27259826660156,0.0,,,0,1.2566722631454468,0.30000000000000004,12.700000000000001
4,0,0.0,18.8,0.7000000000000001,1.7326337580333198,17.2,10.5,197.77259826660156,1.2271263599395752,17.600000381469727,0.3153550326824188,1,1.2601395845413208,0.30000000000000004,12.700000000000001
4,0,0.0,18.8,0.7000000000000001,1.7326337580333198,17.2,10.5,198.27259826660156,1.2307093143463135,17.600000381469727,0.3037744462490082,1,1.263722538948059,0.30000000000000004,12.700000000000001
4,0,0.0,18.8,0.7000000000000001,1.7326337580333198,17.2,10.5,198.77259826660156,1.2344095706939697,17.600000381469727,0.2921268939971924,1,1.2674227952957153,0.30000000000000004,12.700000000000001
4,0,0.0,18.8,0.7000000000000001,1.7326337580333198,17.2,10.5,199.27259826660156,1.2382285594940186,17.600000381469727,0.2804100811481476,1,1.2712417840957642,0.30000000000000004,12.700000000000001
4,0,0.0,18.8,0.7000000000000001,1.7326337580333198,17.2,10.5,199.77259826660156,1.2421680688858032,17.600000381469727,0.2686215043067932,1,1.2751812934875488,0.30000000000000004,12.700000000000001
4,0,0.0,18.8,0.7000000000000001,1.7326337580333198,17.2,10.5,200.27259826660156,1.246229887008667,17.600000381469727,0.25675874948501587,1,1.2792431116104126,0.30000000000000004,12.700000000000001
4,0,0.0,18.8,0.7000000000000001,1.7326337580333198,17.2,10.5,200.77259826660156,1.250415563583374,17.600000381469727,0.2448192685842514,1,1.2834287881851196,0.30000000000000004,12.700000000000001
4,0,0.0,18.8,0.7000000000000001,1.7326337580333198,17.2,10.5,201.27259826660156,0.0,,,0,1.2877404689788818,0.30000000000000004,12.700000000000001
4,0,0.0,18.8,0.7000000000000001,1.7326337580333198,17.2,10.5,201.77259826660156,1.2591665983200073,17.600000381469727,0.220699742436409,1,1.292179822921753,0.30000000000000004,12.700000000000001
4,0,0.0,18.8,0.7000000000000001,1.7326337580333198,17.2,10.5,202.27259826660156,1.2637358903884888,17.600000381469727,0.20851434767246246,1,1.2967491149902344,0.30000000000000004,12.700000000000001
4,0,0.0,18.8,0.7000000000000001,1.7326337580333198,17.2,10.5,202.77259826660156,1.2684369087219238,17.600000381469727,0.19624154269695282,1,1.3014501333236694,0.30000000000000004,12.700000000000001
4,0,0.0,18.8,0.7000000000000001,1.7326337580333198,17.2,10.5,203.27259826660156,1.273272156715393,17.600000381469727,0.18387846648693085,1,1.3062853813171387,0.30000000000000004,12.700000000000001
4,0,0.0,18.8,0.7000000000000001,1.7326337580333198,17.2,10.5,203.77259826660156,1.2782435417175293,17.600000381469727,0.17142224311828613,1,1.311256766319275,0.30000000000000004,12.700000000000001
4,0,0.0,18.8,0.7000000000000001,1.7326337580333198,17.2,10.5,204.27259826660156,1.2833536863327026,17.600000381469727,0.1588698923587799,1,1.3163669109344482,0.30000000000000004,12.700000000000001
4,0,0.0,18.8,0.7000000000000001,1.7326337580333198,17.2,10.5,204.77259826660156,0.0,,,0,1.3216179609298706,0.30000000000000004,12.700000000000001
4,0,0.0,18.8,0.7000000000000001,1.7326337580333198,17.2,10.5,205.27259826660156,1.293999433517456,17.600000381469727,0.1334644854068756,1,1.3270126581192017,0.30000000000000004,12.700000000000001
4,0,0.0,18.8,0.7000000000000001,1.7326337580333198,17.2,10.5,205.77259826660156,1.2995401620864868,17.600000381469727,0.12060509622097015,1,1.3325533866882324,0.30000000000000004,12.700000000000001
4,0,0.0,18.8,0.7000000000000001,1.7326337580333198,17.2,10.5,206.27259826660156,1.305229663848877,17.600000381469727,0.10763688385486603,1,1.3382428884506226,0.30000000000000004,12.700000000000001
4,0,0.0,18.8,0.7000000000000001,1.7326337580333198,17.2,10.5,206.77259826660156,1.3110707998275757,17.600000381469727,0.09455645829439163,1,1.3440840244293213,0.30000000000000004,12.700000000000001
4,0,0.0,18.8,0.7000000000000001,1.7326337580333198,17.2,10.5,207.27259826660156,1.3170664310455322,17.600000381469727,0.0813603326678276,1,1.3500796556472778,0.30000000000000004,12.700000000000001
4,0,0.0,18.8,0.7000000000000001,1.7326337580333198,17.2,10.5,207.77259826660156,1.3232195377349854,17.600000381469727,0.06804493069648743,1,1.356232762336731,0.30000000000000004,12.700000000000001
4,0,0.0,18.8,0.7000000000000001,1.7326337580333198,17.2,10.5,208.27259826660156,1.3295332193374634,17.600000381469727,0.05460657551884651,1,1.362546443939209,0.30000000000000004,12.700000000000001
4,0,0.0,18.8,0.7000000000000001,1.7326337580333198,17.2,10.5,208.77259826660156,1.3360106945037842,17.600000381469727,0.04104147478938103,1,1.3690239191055298,0.30000000000000004,12.700000000000001
4,0,0.0,18.8,0.7000000000000001,1.7326337580333198,17.2,10.5,209.27259826660156,1.3426553010940552,17.600000381469727,0.02734573930501938,1,1.3756685256958008,0.30000000000000004,12.700000000000001
4,0,0.0,18.8,0.7000000000000001,1.7326337580333198,17.2,10.5,209.77259826660156,0.0,,,0,1.382483720779419,0.30000000000000004,12.700000000000001
4,0,0.0,18.8,0.7000000000000001,1.7326337580333198,17.2,10.5,210.27259826660156,1.3564598560333252,17.600000381469727,-0.00045382691314443946,1,1.3894730806350708,0.30000000000000004,12.700000000000001
4,0,0.0,18.8,0.7000000000000001,1.7326337580333198,17.2,10.5,210.77259826660156,1.363627314567566,17.600000381469727,-0.014566048979759216,1,1.3966405391693115,0.30000000000000004,12.700000000000001
4,0,0.0,18.8,0.7000000000000001,1.7326337580333198,17.2,10.5,211.27259826660156,1.370976448059082,17.600000381469727,-0.028825707733631134,1,1.4039896726608276,0.30000000000000004,12.700000000000001
4,0,0.0,18.8,0.7000000000000001,1.7326337580333198,17.2,10.5,211.77259826660156,1.3785114288330078,17.600000381469727,-0.04323733225464821,1,1.4115246534347534,0.30000000000000004,12.700000000000001
4,0,0.0,18.8,0.7000000000000001,1.7326337580333198,17.2,10.5,212.27259826660156,1.386236310005188,17.600000381469727,-0.05780559778213501,1,1.4192495346069336,0.30000000000000004,12.700000000000001
4,0,0.0,18.8,0.7000000000000001,1.7326337580333198,17.2,10.5,212.77259826660156,1.3941556215286255,17.600000381469727,-0.07253532856702805,1,1.427168846130371,0.30000000000000004,12.700000000000001
4,0,0.0,18.8,0.7000000000000001,1.7326337580333198,17.2,10.5,213.27259826660156,1.4022736549377441,17.600000381469727,-0.08743149787187576,1,1.4352868795394897,0.30000000000000004,12.700000000000001
4,0,0.0,18.8,0.7000000000000001,1.7326337580333198,17.2,10.5,213.77259826660156,0.0,,,0,1.4436084032058716,0.30000000000000004,12.700000000000001
4,0,0.0,18.8,0.7000000000000001,1.7326337580333198,17.2,10.5,214.27259826660156,1.4191248416900635,17.600000381469727,-0.11774392426013947,1,1.452138066291809,0.30000000000000004,12.700000000000001
4,0,0.0,18.8,0.7000000000000001,1.7326337580333198,17.2,10.5,214.77259826660156,1.4278680086135864,17.600000381469727,-0.1331709921360016,1,1.460881233215332,0.30000000000000004,12.700000000000001
4,0,0.0,18.8,0.7000000000000001,1.7326337580333198,17.2,10.5,215.27259826660156,1.4368295669555664,17.600000381469727,-0.14878615736961365,1,1.469842791557312,0.30000000000000004,12.700000000000001
4,0,0.0,18.8,0.7000000000000001,1.7326337580333198,17.2,10.5,215.77259826660156,0.0,,,0,1.479028344154358,0.30000000000000004,12.700000000000001
4,0,0.0,18.8,0.7000000000000001,1.7326337580333198,17.2,10.5,216.27259826660156,1.4554303884506226,17.600000381469727,-0.180604487657547,1,1.4884436130523682,0.30000000000000004,12.700000000000001
4,0,0.0,18.8,0.7000000000000001,1.7326337580333198,17.2,10.5,216.77259826660156,1.465080976486206,17.600000381469727,-0.19682005047798157,1,1.4980942010879517,0.30000000000000004,12.700000000000001
4,0,0.0,18.8,0.7000000000000001,1.7326337580333198,17.2,10.5,217.27259826660156,1.4749730825424194,17.600000381469727,-0.21324852108955383,1,1.507986307144165,0.30000000000000004,12.700000000000001
4,0,0.0,18.8,0.7000000000000001,1.7326337580333198,17.2,10.5,217.77259826660156,1.4851131439208984,17.600000381469727,-0.2298966646194458,1,1.518126368522644,0.30000000000000004,12.700000000000001
4,0,0.0,18.8,0.7000000000000001,1.7326337580333198,17.2,10.5,218.27259826660156,1.4955077171325684,17.600000381469727,-0.24677151441574097,1,1.528520941734314,0.30000000000000004,12.700000000000001
4,0,0.0,18.8,0.7000000000000001,1.7326337580333198,17.2,10.5,218.77259826660156,1.5061635971069336,17.600000381469727,-0.26388034224510193,1,1.5391768217086792,0.30000000000000004,12.700000000000001
4,0,0.0,18.8,0.7000000000000001,1.7326337580333198,17.2,10.5,219.27259826660156,1.5170879364013672,17.600000381469727,-0.28123074769973755,1,1.5501011610031128,0.30000000000000004,12.700000000000001
4,0,0.0,18.8,0.7000000000000001,1.7326337580333198,17.2,10.5,219.77259826660156,1.5282882452011108,17.600000381469727,-0.2988305389881134,1,1.5613014698028564,0.30000000000000004,12.700000000000001
4,0,0.0,18.8,0.7000000000000001,1.7326337580333198,17.2,10.5,220.27259826660156,1.5397722721099854,17.600000381469727,-0.3166878819465637,1,1.572785496711731,0.30000000000000004,12.700000000000001
4,0,0.0,18.8,0.7000000000000001,1.7326337580333198,17.2,10.5,220.77259826660156,1.5515480041503906,17.600000381469727,-0.334811270236969,1,1.5845612287521362,0.30000000000000004,12.700000000000001
4,0,0.0,18.8,0.7000000000000001,1.7326337580333198,17.2,10.5,221.27259826660156,1.5636239051818848,17.600000381469727,-0.3532094657421112,1,1.5966371297836304,0.30000000000000004,12.700000000000001
4,0,0.0,18.8,0.7000000000000001,1.7326337580333198,17.2,10.5,221.77259826660156,1.5760087966918945,17.600000381469727,-0.37189170718193054,1,1.6090220212936401,0.30000000000000004,12.700000000000001
4,0,0.0,18.8,0.7000000000000001,1.7326337580333198,17.2,10.5,222.27259826660156,1.5887117385864258,17.600000381469727,-0.3908675014972687,1,1.6217249631881714,0.30000000000000004,12.700000000000001
4,0,0.0,18.8,0.7000000000000001,1.7326337580333198,17.2,10.5,222.77259826660156,0.0,,,0,1.6347556114196777,0.30000000000000004,12.700000000000001
4,0,0.0,18.8,0.7000000000000001,1.7326337580333198,17.2,10.5,223.27259826660156,0.0,,,0,1.648123860359192,0.30000000000000004,12.700000000000001
4,0,0.0,18.8,0.7000000000000001,1.7326337580333198,17.2,10.5,223.77259826660156,0.0,,,0,1.6618400812149048,0.30000000000000004,12.700000000000001
4,0,0.0,18.8,0.7000000000000001,1.7326337580333198,17.2,10.5,224.27259826660156,1.642902135848999,17.600000381469727,-0.4699111878871918,1,1.6759153604507446,0.30000000000000004,12.700000000000001
4,0,0.0,18.8,0.7000000000000001,1.7326337580333198,17.2,10.5,224.77259826660156,1.657347559928894,17.600000381469727,-0.4905123710632324,1,1.6903607845306396,0.30000000000000004,12.700000000000001
4,0,0.0,18.8,0.7000000000000001,1.7326337580333198,17.2,10.5,225.27259826660156,0.0,,,0,1.705188512802124,0.30000000000000004,12.700000000000001
4,0,0.0,18.8,0.7000000000000001,1.7326337580333198,17.2,10.5,225.77259826660156,0.0,,,0,1.7204108238220215,0.30000000000000004,12.700000000000001
4,0,0.0,18.8,0.7000000000000001,1.7326337580333198,17.2,10.5,226.27259826660156,1.7030274868011475,17.600000381469727,-0.554526686668396,1,1.736040711402893,0.30000000000000004,12.700000000000001
4,0,0.0,18.8,0.7000000000000001,1.7326337580333198,17.2,10.5,226.77259826660156,1.719078540802002,17.600000381469727,-0.5766462683677673,1,1.7520917654037476,0.30000000000000004,12.700000000000001
4,0,0.0,18.8,0.7000000000000001,1.7326337580333198,17.2,10.5,227.27259826660156,1.7355653047561646,17.600000381469727,-0.5991804599761963,1,1.7685785293579102,0.30000000000000004,12.700000000000001
4,0,0.0,18.8,0.7000000000000001,1.7326337580333198,17.2,10.5,227.77259826660156,1.75250244140625,17.600000381469727,-0.6221445202827454,1,1.7855156660079956,0.30000000000000004,12.700000000000001
4,0,0.0,18.8,0.7000000000000001,1.7326337580333198,17.2,10.5,228.27259826660156,0.0,,,0,1.8029190301895142,0.30000000000000004,12.700000000000001
4,0,0.0,18.8,0.7000000000000001,1.7326337580333198,17.2,10.5,228.77259826660156,1.7877917289733887,17.600000381469727,-0.6694270968437195,1,1.8208049535751343,0.30000000000000004,12.700000000000001
4,0,0.0,18.8,0.7000000000000001,1.7326337580333198,17.2,10.5,229.27259826660156,1.8061774969100952,17.600000381469727,-0.6937800049781799,1,1.8391907215118408,0.30000000000000004,12.700000000000001
4,0,0.0,18.8,0.7000000000000001,1.7326337580333198,17.2,10.5,229.77259826660156,1.825081467628479,17.600000381469727,-0.7186316847801208,1,1.8580946922302246,0.30000000000000004,12.700000000000001
4,0,0.0,18.8,0.7000000000000001,1.7326337580333198,17.2,10.5,230.27259826660156,0.0,,,0,1.8775357007980347,0.30000000000000004,12.700000000000001
4,0,0.0,18.8,0.7000000000000001,1.7326337580333198,17.2,10.5,230.77259826660156,1.86452054977417,17.600000381469727,-0.769909679889679,1,1.8975337743759155,0.30000000000000004,12.700000000000001
4,0,0.0,18.8,0.7000000000000001,1.7326337580333198,17.2,10.5,231.27259826660156,0.0,,,0,1.9181101322174072,0.30000000000000004,12.700000000000001
4,0,0.0,18.8,0.7000000000000001,1.7326337580333198,17.2,10.5,231.77259826660156,0.0,,,0,1.9392870664596558,0.30000000000000004,12.700000000000001
4,0,0.0,18.8,0.7000000000000001,1.7326337580333198,17.2,10.5,232.27259826660156,0.0,,,0,1.961087703704834,0.30000000000000004,12.700000000000001
4,0,0.0,18.8,0.7000000000000001,1.7326337580333198,17.2,10.5,232.77259826660156,1.9505236148834229,17.600000381469727,-0.879372775554657,1,1.9835368394851685,0.30000000000000004,12.700000000000001
4,0,0.0,18.8,0.7000000000000001,1.7326337580333198,17.2,10.5,233.27259826660156,1.9736472368240356,17.600000381469727,-0.9083178639411926,1,2.0066604614257812,0.30000000000000004,12.700000000000001
4,0,0.0,18.8,0.7000000000000001,1.7326337580333198,17.2,10.5,233.77259826660156,1.997472882270813,17.600000381469727,-0.9379480481147766,1,2.0304861068725586,0.30000000000000004,12.700000000000001
4,0,0.0,18.8,0.7000000000000001,1.7326337580333198,17.2,10.5,234.27259826660156,2.0220296382904053,17.600000381469727,-0.9682926535606384,1,2.0550427436828613,0.30000000000000004,12.700000000000001
4,0,0.0,18.8,0.7000000000000001,1.7326337580333198,17.2,10.5,234.77259826660156,0.0,,,0,2.0803608894348145,0.30000000000000004,12.700000000000001
4,0,0.0,18.8,0.7000000000000001,1.7326337580333198,17.2,10.5,235.27259826660156,2.073460102081299,17.600000381469727,-1.0312507152557373,1,2.106473207473755,0.30000000000000004,12.700000000000001
4,0,0.0,18.8,0.7000000000000001,1.7326337580333198,17.2,10.5,235.77259826660156,2.100400686264038,17.600000381469727,-1.0639313459396362,1,2.133413791656494,0.30000000000000004,12.700000000000001
4,0,0.0,18.8,0.7000000000000001,1.7326337580333198,17.2,10.5,236.27259826660156,2.1282060146331787,17.600000381469727,-1.097461462020874,1,2.1612191200256348,0.30000000000000004,12.700000000000001
4,0,0.0,18.8,0.7000000000000001,1.7326337580333198,17.2,10.5,236.77259826660156,2.156914710998535,17.600000381469727,-1.1318796873092651,1,2.189927816390991,0.30000000000000004,12.700000000000001
4,0,0.0,18.8,0.7000000000000001,1.7326337580333198,17.2,10.5,237.27259826660156,2.186567544937134,17.600000381469727,-1.1672275066375732,1,2.21958065032959,0.30000000000000004,12.700000000000001
4,0,0.0,18.8,0.7000000000000001,1.7326337580333198,17.2,10.5,237.77259826660156,2.2172083854675293,17.600000381469727,-1.2035484313964844,1,2.2502214908599854,0.30000000000000004,12.700000000000001
4,0,0.0,18.8,0.7000000000000001,1.7326337580333198,17.2,10.5,238.27259826660156,2.248883008956909,17.600000381469727,-1.2408889532089233,1,2.2818961143493652,0.30000000000000004,12.700000000000001
4,0,0.0,18.8,0.7000000000000001,1.7326337580333198,17.2,10.5,238.77259826660156,2.2816410064697266,17.600000381469727,-1.2792989015579224,1,2.3146541118621826,0.30000000000000004,12.700000000000001
4,0,0.0,18.8,0.7000000000000001,1.7326337580333198,17.2,10.5,239.27259826660156,2.315534830093384,17.600000381469727,-1.3188306093215942,1,2.34854793548584,0.30000000000000004,12.700000000000001
4,0,0.0,18.8,0.7000000000000001,1.7326337580333198,17.2,10.5,239.77259826660156,2.3506200313568115,17.600000381469727,-1.3595404624938965,1,2.3836331367492676,0.30000000000000004,12.700000000000001
4,0,0.0,18.8,0.7000000000000001,1.7326337580333198,17.2,10.5,240.27259826660156,2.3869564533233643,17.600000381469727,-1.4014883041381836,1,2.4199695587158203,0.30000000000000004,12.700000000000001
4,0,0.0,18.8,0.7000000000000001,1.7326337580333198,17.2,10.5,240.77259826660156,2.4246082305908203,17.600000381469727,-1.4447382688522339,1,2.4576213359832764,0.30000000000000004,12.700000000000001
4,0,0.0,18.8,0.7000000000000001,1.7326337580333198,17.2,10.5,241.27259826660156,2.4636430740356445,17.600000381469727,-1.4893587827682495,1,2.4966561794281006,0.30000000000000004,12.700000000000001
4,0,0.0,18.8,0.7000000000000001,1.7326337580333198,17.2,10.5,241.77259826660156,0.0,,,0,2.537147283554077,0.30000000000000004,12.700000000000001
4,0,0.0,18.8,0.7000000000000001,1.7326337580333198,17.2,10.5,242.27259826660156,2.5461602210998535,17.600000381469727,-1.583009958267212,1,2.5791733264923096,0.30000000000000004,12.700000000000001
4,0,0.0,18.8,0.7000000000000001,1.7326337580333198,17.2,10.5,242.77259826660156,0.0,,,0,2.6228179931640625,0.30000000000000004,12.700000000000001
4,0,0.0,18.8,0.7000000000000001,1.7326337580333198,17.2,10.5,243.27259826660156,2.6351587772369385,17.600000381469727,-1.68309485912323,1,2.6681718826293945,0.30000000000000004,12.700000000000001
4,0,0.0,18.8,0.7000000000000001,1.7326337580333198,17.2,10.5,243.77259826660156,2.682319164276123,17.600000381469727,-1.7357810735702515,1,2.715332269668579,0.30000000000000004,12.700000000000001
4,0,0.0,18.8,0.7000000000000001,1.7326337580333198,17.2,10.5,244.27259826660156,2.731391191482544,17.600000381469727,-1.790367603302002,1,2.764404296875,0.30000000000000004,12.700000000000001
4,0,0.0,18.8,0.7000000000000001,1.7326337580333198,17.2,10.5,244.77259826660156,2.782487630844116,17.600000381469727,-1.8469676971435547,1,2.8155007362365723,0.30000000000000004,12.700000000000001
4,0,0.0,18.8,0.7000000000000001,1.7326337580333198,17.2,10.5,245.27259826660156,2.835731267929077,17.600000381469727,-1.9057042598724365,1,2.868744373321533,0.30000000000000004,12.700000000000001
4,0,0.0,18.8,0.7000000000000001,1.7326337580333198,17.2,10.5,245.77259826660156,2.8912546634674072,17.600000381469727,-1.966709852218628,1,2.9242677688598633,0.30000000000000004,12.700000000000001
4,0,0.0,18.8,0.7000000000000001,1.7326337580333198,17.2,10.5,246.27259826660156,2.9492011070251465,17.600000381469727,-2.0301284790039062,1,2.9822142124176025,0.30000000000000004,12.700000000000001
4,0,0.0,18.8,0.7000000000000001,1.7326337580333198,17.2,10.5,246.77259826660156,3.0097267627716064,17.600000381469727,-2.096116304397583,1,3.0427398681640625,0.30000000000000004,12.700000000000001
4,0,0.0,18.8,0.7000000000000001,1.7326337580333198,17.2,10.5,247.27259826660156,3.0730018615722656,17.600000381469727,-2.1648435592651367,1,3.1060149669647217,0.30000000000000004,12.700000000000001
4,0,0.0,18.8,0.7000000000000001,1.7326337580333198,17.2,10.5,247.77259826660156,3.1392109394073486,17.600000381469727,-2.2364954948425293,1,3.1722240447998047,0.30000000000000004,12.700000000000001
4,0,0.0,18.8,0.7000000000000001,1.7326337580333198,17.2,10.5,248.27259826660156,0.0,,,0,3.241569757461548,0.30000000000000004,12.700000000000001
4,0,0.0,18.8,0.7000000000000001,1.7326337580333198,17.2,10.5,248.77259826660156,0.0,,,0,3.314272880554199,0.30000000000000004,12.700000000000001
4,0,0.0,18.8,0.7000000000000001,1.7326337580333198,17.2,10.5,249.27259826660156,3.3575632572174072,17.600000381469727,-2.471121072769165,1,3.3905763626098633,0.30000000000000004,12.700000000000001
4,0,0.0,18.8,0.7000000000000001,1.7326337580333198,17.2,10.5,249.77259826660156,0.0,,,0,3.4707465171813965,0.30000000000000004,12.700000000000001
4,0,0.0,18.8,0.7000000000000001,1.7326337580333198,17.2,10.5,250.27259826660156,3.522063970565796,17.600000381469727,-2.6464269161224365,1,3.555077075958252,0.30000000000000004,12.700000000000001
4,0,0.0,18.8,0.7000000000000001,1.7326337580333198,17.2,10.5,250.77259826660156,3.6108789443969727,17.600000381469727,-2.7406322956085205,1,3.6438920497894287,0.30000000000000004,12.700000000000001
4,0,0.0,18.8,0.7000000000000001,1.7326337580333198,17.2,10.5,251.27259826660156,0.0,,,0,3.7375504970550537,0.30000000000000004,12.700000000000001
4,0,0.0,18.8,0.7000000000000001,1.7326337580333198,17.2,10.5,251.77259826660156,3.8034372329711914,17.600000381469727,-2.9439470767974854,1,3.8364503383636475,0.30000000000000004,12.700000000000001
4,0,0.0,18.8,0.7000000000000001,1.7326337580333198,17.2,10.5,252.27259826660156,3.9080214500427246,17.600000381469727,-3.053898334503174,1,3.9410345554351807,0.30000000000000004,12.700000000000001
4,0,0.0,18.8,0.7000000000000001,1.7326337580333198,17.2,10.5,252.77259826660156,4.018784523010254,17.600000381469727,-3.1700215339660645,1,4.051797866821289,0.30000000000000004,12.700000000000001
4,0,0.0,18.8,0.7000000000000001,1.7326337580333198,17.2,10.5,253.27259826660156,4.136280536651611,17.600000381469727,-3.292870283126831,1,4.1692938804626465,0.30000000000000004,12.700000000000001
4,0,0.0,18.8,0.7000000000000001,1.7326337580333198,17.2,10.5,253.77259826660156,4.261131763458252,17.600000381469727,-3.4230668544769287,1,4.294145107269287,0.30000000000000004,12.700000000000001
4,0,0.0,18.8,0.7000000000000001,1.7326337580333198,17.2,10.5,254.27259826660156,4.394038200378418,17.600000381469727,-3.561312675476074,1,4.427051544189453,0.30000000000000004,12.700000000000001
4,0,0.0,18.8,0.7000000000000001,1.7326337580333198,17.2,10.5,254.77259826660156,0.0,,,0,4.568807125091553,0.30000000000000004,12.700000000000001
4,0,0.0,18.8,0.7000000000000001,1.7326337580333198,17.2,10.5,255.27259826660156,4.6872992515563965,17.600000381469727,-3.8652329444885254,1,4.720312595367432,0.30000000000000004,12.700000000000001
4,0,0.0,18.8,0.7000000000000001,1.7326337580333198,17.2,10.5,255.77259826660156,4.849581718444824,17.600000381469727,-4.032835960388184,1,4.882595062255859,0.30000000000000004,12.700000000000001
4,0,0.0,18.8,0.7000000000000001,1.7326337580333198,17.2,10.5,256.2726135253906,5.0238189697265625,17.600000381469727,-4.212388038635254,1,5.056832313537598,0.30000000000000004,12.700000000000001
4,0,0.0,18.8,0.7000000000000001,1.7326337580333198,17.2,10.5,256.7726135253906,5.211366176605225,17.600000381469727,-4.405243873596191,1,5.24437952041626,0.30000000000000004,12.700000000000001
4,0,0.0,18.8,0.7000000000000001,1.7326337580333198,17.2,10.5,257.2726135253906,0.0,,,0,5.3315887451171875,0.30000000000000004,12.700000000000001
4,0,0.0,18.8,0.7000000000000001,1.7326337580333198,17.2,10.5,257.7726135253906,5.288289546966553,17.672988891601562,-4.5005879402160645,1,5.321302890777588,0.30000000000000004,12.700000000000001
4,0,0.0,18.8,0.7000000000000001,1.7326337580333198,17.2,10.5,258.2726135253906,5.27844762802124,17.720417022705078,-4.5005879402160645,1,5.311460971832275,0.30000000000000004,12.700000000000001
4,0,0.0,18.8,0.7000000000000001,1.7326337580333198,17.2,10.5,258.7726135253906,5.269044399261475,17.767671585083008,-4.5005879402160645,1,5.30205774307251,0.30000000000000004,12.700000000000001
4,0,0.0,18.8,0.7000000000000001,1.7326337580333198,17.2,10.5,259.2726135253906,0.0,,,0,5.293090343475342,0.30000000000000004,12.700000000000001
4,0,0.0,18.8,0.7000000000000001,1.7326337580333198,17.2,10.5,259.7726135253906,5.251541614532471,17.861698150634766,-4.5005879402160645,1,5.284554958343506,0.30000000000000004,12.700000000000001
4,0,0.0,18.8,0.7000000000000001,1.7326337580333198,17.2,10.5,260.2726135253906,0.0,,,0,5.276448726654053,0.30000000000000004,12.700000000000001
4,0,0.0,18.8,0.7000000000000001,1.7326337580333198,17.2,10.5,260.7726135253906,5.235754013061523,17.955135345458984,-4.5005879402160645,1,5.268767356872559,0.30000000000000004,12.700000000000001
4,0,0.0,18.8,0.7000000000000001,1.7326337580333198,17.2,10.5,261.2726135253906,5.228495121002197,18.00165367126465,-4.5005879402160645,1,5.261508464813232,0.30000000000000004,12.700000000000001
4,0,0.0,18.8,0.7000000000000001,1.7326337580333198,17.2,10.5,261.7726135253906,5.22165584564209,18.048044204711914,-4.5005879402160645,1,5.254669189453125,0.30000000000000004,12.700000000000001
4,0,0.0,18.8,0.7000000000000001,1.7326337580333198,17.2,10.5,262.2726135253906,5.21523380279541,18.09432029724121,-4.5005879402160645,1,5.248247146606445,0.30000000000000004,12.700000000000001
4,0,0.0,18.8,0.7000000000000001,1.7326337580333198,17.2,10.5,262.7726135253906,5.209226131439209,18.140485763549805,-4.5005879402160645,1,5.242239475250244,0.30000000000000004,12.700000000000001
4,0,0.0,18.8,0.7000000000000001,1.7326337580333198,17.2,10.5,263.2726135253906,0.0,,,0,5.236643314361572,0.30000000000000004,12.700000000000001
4,0,0.0,18.8,0.7000000000000001,1.7326337580333198,17.2,10.5,263.7726135253906,5.198444366455078,18.232519149780273,-4.5005879402160645,1,5.231457710266113,0.30000000000000004,12.700000000000001
4,0,0.0,18.8,0.7000000000000001,1.7326337580333198,17.2,10.5,264.2726135253906,5.193666458129883,18.278400421142578,-4.5005879402160645,1,5.226679801940918,0.30000000000000004,12.700000000000001
4,0,0.0,18.8,0.7000000000000001,1.7326337580333198,17.2,10.5,264.7726135253906,0.0,,,0,5.2223076820373535,0.30000000000000004,12.700000000000001
4,0,0.0,18.8,0.7000000000000001,1.7326337580333198,17.2,10.5,265.2726135253906,5.185327053070068,18.369930267333984,-4.5005879402160645,1,5.2183403968811035,0.30000000000000004,12.700000000000001
4,0,0.0,18.8,0.7000000000000001,1.7326337580333198,17.2,10.5,265.7726135253906,5.181762218475342,18.415592193603516,-4.5005879402160645,1,5.214775562286377,0.30000000000000004,12.700000000000001
4,0,0.0,18.8,0.7000000000000001,1.7326337580333198,17.2,10.5,266.2726135253906,5.178598880767822,18.46119499206543,-4.5005879402160645,1,5.211612224578857,0.30000000000000004,12.700000000000001
4,0,0.0,18.8,0.7000000000000001,1.7326337580333198,17.2,10.5,266.7726135253906,0.0,,,0,5.2088494300842285,0.30000000000000004,12.700000000000001
4,0,0.0,18.8,0.7000000000000001,1.7326337580333198,17.2,10.5,267.2726135253906,5.1734724044799805,18.55225372314453,-4.5005879402160645,1,5.206485748291016,0.30000000000000004,12.700000000000001
4,0,0.0,18.8,0.7000000000000001,1.7326337580333198,17.2,10.5,267.7726135253906,5.171506881713867,18.59772300720215,-4.5005879402160645,1,5.204520225524902,0.30000000000000004,12.700000000000001
4,0,0.0,18.8,0.7000000000000001,1.7326337580333198,17.2,10.5,268.2726135253906,5.169939041137695,18.64316177368164,-4.5005879402160645,1,5.2029523849487305,0.30000000000000004,12.700000000000001
4,0,0.0,18.8,0.7000000000000001,1.7326337580333198,17.2,10.5,268.7726135253906,0.0,,,0,5.201781272888184,0.30000000000000004,12.700000000000001
4,0,0.0,18.8,0.7000000000000001,1.7326337580333198,17.2,10.5,269.2726135253906,5.167993545532227,18.733972549438477,-4.5005879402160645,1,5.201006889343262,0.30000000000000004,12.700000000000001
4,0,0.0,18.8,0.7000000000000001,1.7326337580333198,17.2,10.5,269.7726135253906,5.1676154136657715,18.779359817504883,-4.5005879402160645,1,5.200628757476807,0.30000000000000004,12.700000000000001
4,0,0.0,18.8,0.7000000000000001,1.7326337580333198,17.2,10.5,270.2726135253906,5.167633533477783,18.824743270874023,-4.5005879402160645,1,5.200646877288818,0.30000000000000004,12.700000000000001
4,0,0.0,18.8,0.7000000000000001,1.7326337580333198,17.2,10.5,270.7726135253906,0.0,,,0,12.0,0.30000000000000004,12.700000000000001
4,0,0.0,18.8,0.7000000000000001,1.7326337580333198,17.2,10.5,271.2726135253906,12.0,,,0,12.0,0.30000000000000004,12.700000000000001
4,0,0.0,18.8,0.7000000000000001,1.7326337580333198,17.2,10.5,271.7726135253906,12.0,,,0,12.0,0.30000000000000004,12.700000000000001
4,0,0.0,18.8,0.7000000000000001,1.7326337580333198,17.2,10.5,272.2726135253906,12.0,,,0,12.0,0.30000000000000004,12.700000000000001
4,0,0.0,18.8,0.7000000000000001,1.7326337580333198,17.2,10.5,272.7726135253906,12.0,,,0,12.0,0.30000000000000004,12.700000000000001
4,0,0.0,18.8,0.7000000000000001,1.7326337580333198,17.2,10.5,273.2726135253906,12.0,,,0,12.0,0.30000000000000004,12.700000000000001
4,0,0.0,18.8,0.7000000000000001,1.7326337580333198,17.2,10.5,273.7726135253906,12.0,,,0,12.0,0.30000000000000004,12.700000000000001
4,0,0.0,18.8,0.7000000000000001,1.7326337580333198,17.2,10.5,274.2726135253906,12.0,,,0,12.0,0.30000000000000004,12.700000000000001
4,0,0.0,18.8,0.7000000000000001,1.7326337580333198,17.2,10.5,274.7726135253906,12.0,,,0,12.0,0.30000000000000004,12.700000000000001
4,0,0.0,18.8,0.7000000000000001,1.7326337580333198,17.2,10.5,275.2726135253906,12.0,,,0,12.0,0.30000000000000004,12.700000000000001
4,0,0.0,18.8,0.7000000000000001,1.7326337580333198,17.2,10.5,275.7726135253906,12.0,,,0,12.0,0.30000000000000004,12.700000000000001
4,0,0.0,18.8,0.7000000000000001,1.7326337580333198,17.2,10.5,276.2726135253906,12.0,,,0,12.0,0.30000000000000004,12.700000000000001
4,0,0.0,18.8,0.7000000000000001,1.7326337580333198,17.2,10.5,276.7726135253906,12.0,,,0,12.0,0.30000000000000004,12.700000000000001
4,0,0.0,18.8,0.7000000000000001,1.7326337580333198,17.2,10.5,277.2726135253906,5.209752082824707,19.46368408203125,-4.5005879402160645,1,5.242765426635742,0.30000000000000004,12.700000000000001
4,0,0.0,18.8,0.7000000000000001,1.7326337580333198,17.2,10.5,277.7726135253906,5.215797424316406,19.509859085083008,-4.5005879402160645,1,5.248810768127441,0.30000000000000004,12.700000000000001
4,0,0.0,18.8,0.7000000000000001,1.7326337580333198,17.2,10.5,278.2726135253906,5.222257137298584,19.55614471435547,-4.5005879402160645,1,5.255270481109619,0.30000000000000004,12.700000000000001
4,0,0.0,18.8,0.7000000000000001,1.7326337580333198,17.2,10.5,278.7726135253906,5.2291340827941895,19.60254669189453,-4.5005879402160645,1,5.262147426605225,0.30000000000000004,12.700000000000001
4,1,0.0,17.2,10.5,-3.0428160615221307,6.1000000000000005,9.4,5.659482002258301,12.0,,,0,12.0,0.30000000000000004,12.700000000000001
4,1,0.0,17.2,10.5,-3.0428160615221307,6.1000000000000005,9.4,6.159482002258301,12.0,,,0,12.0,0.30000000000000004,12.700000000000001
4,1,0.0,17.2,10.5,-3.0428160615221307,6.1000000000000005,9.4,6.659482002258301,12.0,,,0,12.0,0.30000000000000004,12.700000000000001
4,1,0.0,17.2,10.5,-3.0428160615221307,6.1000000000000005,9.4,7.159482002258301,0.0,,,0,12.0,0.30000000000000004,12.700000000000001
4,1,0.0,17.2,10.5,-3.0428160615221307,6.1000000000000005,9.4,7.659482002258301,12.0,,,0,12.0,0.30000000000000004,12.700000000000001
4,1,0.0,17.2,10.5,-3.0428160615221307,6.1000000000000005,9.4,8.1594820022583,0.0,,,0,12.0,0.30000000000000004,12.700000000000001
4,1,0.0,17.2,10.5,-3.0428160615221307,6.1000000000000005,9.4,8.6594820022583,12.0,,,0,12.0,0.30000000000000004,12.700000000000001
4,1,0.0,17.2,10.5,-3.0428160615221307,6.1000000000000005,9.4,9.1594820022583,12.0,,,0,12.0,0.30000000000000004,12.700000000000001
4,1,0.0,17.2,10.5,-3.0428160615221307,6.1000000000000005,9.4,9.6594820022583,12.0,,,0,12.0,0.30000000000000004,12.700000000000001
4,1,0.0,17.2,10.5,-3.0428160615221307,6.1000000000000005,9.4,10.1594820022583,12.0,,,0,12.0,0.30000000000000004,12.700000000000001
4,1,0.0,17.2,10.5,-3.0428160615221307,6.1000000000000005,9.4,10.6594820022583,12.0,,,0,12.0,0.30000000000000004,12.700000000000001
4,1,0.0,17.2,10.5,-3.0428160615221307,6.1000000000000005,9.4,11.1594820022583,0.0,,,0,12.0,0.30000000000000004,12.700000000000001
4,1,0.0,17.2,10.5,-3.0428160615221307,6.1000000000000005,9.4,11.6594820022583,12.0,,,0,12.0,0.30000000000000004,12.700000000000001
4,1,0.0,17.2,10.5,-3.0428160615221307,6.1000000000000005,9.4,12.1594820022583,12.0,,,0,12.0,0.30000000000000004,12.700000000000001
4,1,0.0,17.2,10.5,-3.0428160615221307,6.1000000000000005,9.4,12.6594820022583,12.0,,,0,12.0,0.30000000000000004,12.700000000000001
4,1,0.0,17.2,10.5,-3.0428160615221307,6.1000000000000005,9.4,13.1594820022583,12.0,,,0,12.0,0.30000000000000004,12.700000000000001
4,1,0.0,17.2,10.5,-3.0428160615221307,6.1000000000000005,9.4,13.6594820022583,12.0,,,0,12.0,0.30000000000000004,12.700000000000001
4,1,0.0,17.2,10.5,-3.0428160615221307,6.1000000000000005,9.4,14.1594820022583,12.0,,,0,12.0,0.30000000000000004,12.700000000000001
4,1,0.0,17.2,10.5,-3.0428160615221307,6.1000000000000005,9.4,14.6594820022583,12.0,,,0,12.0,0.30000000000000004,12.700000000000001
4,1,0.0,17.2,10.5,-3.0428160615221307,6.1000000000000005,9.4,15.1594820022583,12.0,,,0,12.0,0.30000000000000004,12.700000000000001
4,1,0.0,17.2,10.5,-3.0428160615221307,6.1000000000000005,9.4,15.6594820022583,12.0,,,0,12.0,0.30000000000000004,12.700000000000001
4,1,0.0,17.2,10.5,-3.0428160615221307,6.1000000000000005,9.4,16.159481048583984,0.0,,,0,12.0,0.30000000000000004,12.700000000000001
4,1,0.0,17.2,10.5,-3.0428160615221307,6.1000000000000005,9.4,16.659481048583984,0.0,,,0,12.0,0.30000000000000004,12.700000000000001
4,1,0.0,17.2,10.5,-3.0428160615221307,6.1000000000000005,9.4,17.159481048583984,12.0,,,0,12.0,0.30000000000000004,12.700000000000001
4,1,0.0,17.2,10.5,-3.0428160615221307,6.1000000000000005,9.4,17.659481048583984,12.0,,,0,12.0,0.30000000000000004,12.700000000000001
4,1,0.0,17.2,10.5,-3.0428160615221307,6.1000000000000005,9.4,18.159481048583984,12.0,,,0,12.0,0.30000000000000004,12.700000000000001
4,1,0.0,17.2,10.5,-3.0428160615221307,6.1000000000000005,9.4,18.659481048583984,12.0,,,0,12.0,0.30000000000000004,12.700000000000001
4,1,0.0,17.2,10.5,-3.0428160615221307,6.1000000000000005,9.4,19.159481048583984,12.0,,,0,12.0,0.30000000000000004,12.700000000000001
4,1,0.0,17.2,10.5,-3.0428160615221307,6.1000000000000005,9.4,19.659481048583984,12.0,,,0,12.0,0.30000000000000004,12.700000000000001
4,1,0.0,17.2,10.5,-3.0428160615221307,6.1000000000000005,9.4,20.159481048583984,12.0,,,0,12.0,0.30000000000000004,12.700000000000001
4,1,0.0,17.2,10.5,-3.0428160615221307,6.1000000000000005,9.4,20.659481048583984,12.0,,,0,12.0,0.30000000000000004,12.700000000000001
4,1,0.0,17.2,10.5,-3.0428160615221307,6.1000000000000005,9.4,21.159481048583984,12.0,,,0,12.0,0.30000000000000004,12.700000000000001
4,1,0.0,17.2,10.5,-3.0428160615221307,6.1000000000000005,9.4,21.659481048583984,12.0,,,0,12.0,0.30000000000000004,12.700000000000001
4,1,0.0,17.2,10.5,-3.0428160615221307,6.1000000000000005,9.4,22.159481048583984,0.0,,,0,12.0,0.30000000000000004,12.700000000000001
4,1,0.0,17.2,10.5,-3.0428160615221307,6.1000000000000005,9.4,22.659481048583984,11.924287796020508,28.217126846313477,15.099411964416504,1,11.9386625289917,0.30000000000000004,12.700000000000001
4,1,0.0,17.2,10.5,-3.0428160615221307,6.1000000000000005,9.4,23.159481048583984,11.680279731750488,27.952226638793945,15.099411964416504,1,11.69465446472168,0.30000000000000004,12.700000000000001
4,1,0.0,17.2,10.5,-3.0428160615221307,6.1000000000000005,9.4,23.659481048583984,11.44690227508545,27.697917938232422,15.099411964416504,1,11.46127700805664,0.30000000000000004,12.700000000000001
4,1,0.0,17.2,10.5,-3.0428160615221307,6.1000000000000005,9.4,24.159481048583984,11.223495483398438,27.453542709350586,15.099411964416504,1,11.237870216369629,0.30000000000000004,12.700000000000001
4,1,0.0,17.2,10.5,-3.0428160615221307,6.1000000000000005,9.4,24.659481048583984,11.009455680847168,27.218494415283203,15.099411964416504,1,11.02383041381836,0.30000000000000004,12.700000000000001
4,1,0.0,17.2,10.5,-3.0428160615221307,6.1000000000000005,9.4,25.159481048583984,10.804224967956543,26.992216110229492,15.099411964416504,1,10.818599700927734,0.30000000000000004,12.700000000000001
4,1,0.0,17.2,10.5,-3.0428160615221307,6.1000000000000005,9.4,25.659481048583984,10.607290267944336,26.774192810058594,15.099411964416504,1,10.621665000915527,0.30000000000000004,12.700000000000001
4,1,0.0,17.2,10.5,-3.0428160615221307,6.1000000000000005,9.4,26.159481048583984,10.418177604675293,26.563949584960938,15.099411964416504,1,10.432552337646484,0.30000000000000004,12.700000000000001
4,1,0.0,17.2,10.5,-3.0428160615221307,6.1000000000000005,9.4,26.659481048583984,10.236448287963867,26.361045837402344,15.099411964416504,1,10.250823020935059,0.30000000000000004,12.700000000000001
4,1,0.0,17.2,10.5,-3.0428160615221307,6.1000000000000005,9.4,27.159481048583984,10.061695098876953,26.165077209472656,15.099411964416504,1,10.076069831848145,0.30000000000000004,12.700000000000001
4,1,0.0,17.2,10.5,-3.0428160615221307,6.1000000000000005,9.4,27.659481048583984,9.893543243408203,25.975662231445312,15.099411964416504,1,9.907917976379395,0.30000000000000004,12.700000000000001
4,1,0.0,17.2,10.5,-3.0428160615221307,6.1000000000000005,9.4,28.159481048583984,9.73164176940918,25.792451858520508,15.099411964416504,1,9.746016502380371,0.30000000000000004,12.700000000000001
4,1,0.0,17.2,10.5,-3.0428160615221307,6.1000000000000005,9.4,28.659481048583984,9.575663566589355,25.61511993408203,15.099411964416504,1,9.590038299560547,0.30000000000000004,12.700000000000001
4,1,0.0,17.2,10.5,-3.0428160615221307,6.1000000000000005,9.4,29.159481048583984,9.425308227539062,25.443361282348633,15.099411964416504,1,9.439682960510254,0.30000000000000004,12.700000000000001
4,1,0.0,17.2,10.5,-3.0428160615221307,6.1000000000000005,9.4,29.659481048583984,9.280290603637695,25.276893615722656,15.099411964416504,1,9.294665336608887,0.30000000000000004,12.700000000000001
4,1,0.0,17.2,10.5,-3.0428160615221307,6.1000000000000005,9.4,30.159481048583984,9.140348434448242,25.11545181274414,15.099411964416504,1,9.154723167419434,0.30000000000000004,12.700000000000001
4,1,0.0,17.2,10.5,-3.0428160615221307,6.1000000000000005,9.4,30.659481048583984,9.005234718322754,24.958786010742188,15.099411964416504,1,9.019609451293945,0.30000000000000004,12.700000000000001
4,1,0.0,17.2,10.5,-3.0428160615221307,6.1000000000000005,9.4,31.159481048583984,8.874717712402344,24.80666732788086,15.099411964416504,1,8.889092445373535,0.30000000000000004,12.700000000000001
4,1,0.0,17.2,10.5,-3.0428160615221307,6.1000000000000005,9.4,31.659481048583984,8.74858283996582,24.658876419067383,15.099411964416504,1,8.762957572937012,0.30000000000000004,12.700000000000001
4,1,0.0,17.2,10.5,-3.0428160615221307,6.1000000000000005,9.4,32.159481048583984,0.0,,,0,8.641000747680664,0.30000000000000004,12.700000000000001
4,1,0.0,17.2,10.5,-3.0428160615221307,6.1000000000000005,9.4,32.659481048583984,8.50865650177002,24.375476837158203,15.099411964416504,1,8.523031234741211,0.30000000000000004,12.700000000000001
4,1,0.0,17.2,10.5,-3.0428160615221307,6.1000000000000005,9.4,33.159481048583984,8.39449691772461,24.239498138427734,15.099411964416504,1,8.4088716506958,0.30000000000000004,12.700000000000001
4,1,0.0,17.2,10.5,-3.0428160615221307,6.1000000000000005,9.4,33.659481048583984,8.283979415893555,24.10710334777832,15.099411964416504,1,8.298354148864746,0.30000000000000004,12.700000000000001
4,1,0.0,17.2,10.5,-3.0428160615221307,6.1000000000000005,9.4,34.159481048583984,8.176944732666016,23.97813606262207,15.099411964416504,1,8.191319465637207,0.30000000000000004,12.700000000000001
4,1,0.0,17.2,10.5,-3.0428160615221307,6.1000000000000005,9.4,34.659481048583984,8.073243141174316,23.852441787719727,15.099411964416504,1,8.087617874145508,0.30000000000000004,12.700000000000001
4,1,0.0,17.2,10.5,-3.0428160615221307,6.1000000000000005,9.4,35.159481048583984,0.0,,,0,7.987110614776611,0.30000000000000004,12.700000000000001
4,1,0.0,17.2,10.5,-3.0428160615221307,6.1000000000000005,9.4,35.659481048583984,7.875289440155029,23.610321044921875,15.099411964416504,1,7.889664173126221,0.30000000000000004,12.700000000000001
4,1,0.0,17.2,10.5,-3.0428160615221307,6.1000000000000005,9.4,36.159481048583984,0.0,,,0,7.7951531410217285,0.30000000000000004,12.700000000000001
4,1,0.0,17.2,10.5,-3.0428160615221307,6.1000000000000005,9.4,36.659481048583984,7.689084529876709,23.37969970703125,15.099411964416504,1,7.7034592628479,0.30000000000000004,12.700000000000001
4,1,0.0,17.2,10.5,-3.0428160615221307,6.1000000000000005,9.4,37.159481048583984,7.600096225738525,23.268407821655273,15.099411964416504,1,7.614470958709717,0.30000000000000004,12.700000000000001
4,1,0.0,17.2,10.5,-3.0428160615221307,6.1000000000000005,9.4,37.659481048583984,7.513706684112549,23.159648895263672,15.099411964416504,1,7.52808141708374,0.30000000000000004,12.700000000000001
4,1,0.0,17.2,10.5,-3.0428160615221307,6.1000000000000005,9.4,38.159481048583984,7.429816246032715,23.05332374572754,15.099411964416504,1,7.444190979003906,0.30000000000000004,12.700000000000001
4,1,0.0,17.2,10.5,-3.0428160615221307,6.1000000000000005,9.4,38.659481048583984,7.348329544067383,22.94933319091797,15.099411964416504,1,7.362704277038574,0.30000000000000004,12.700000000000001
4,1,0.0,17.2,10.5,-3.0428160615221307,6.1000000000000005,9.4,39.159481048583984,0.0,,,0,7.2835307121276855,0.30000000000000004,12.700000000000001
4,1,0.0,17.2,10.5,-3.0428160615221307,6.1000000000000005,9.4,39.659481048583984,7.192209720611572,22.747997283935547,15.099411964416504,1,7.206584453582764,0.30000000000000004,12.700000000000001
4,1,0.0,17.2,10.5,-3.0428160615221307,6.1000000000000005,9.4,40.159481048583984,7.117410182952881,22.650482177734375,15.099411964416504,1,7.131784915924072,0.30000000000000004,12.700000000000001
4,1,0.0,17.2,10.5,-3.0428160615221307,6.1000000000000005,9.4,40.659481048583984,0.0,,,0,7.059053897857666,0.30000000000000004,12.700000000000001
4,1,0.0,17.2,10.5,-3.0428160615221307,6.1000000000000005,9.4,41.159481048583984,0.0,,,0,6.98831844329834,0.30000000000000004,12.700000000000001
4,1,0.0,17.2,10.5,-3.0428160615221307,6.1000000000000005,9.4,41.659481048583984,6.905133247375488,22.3696231842041,15.099411964416504,1,6.91950798034668,0.30000000000000004,12.700000000000001
4,1,0.0,17.2,10.5,-3.0428160615221307,6.1000000000000005,9.4,42.159481048583984,6.838181495666504,22.279659271240234,15.099411964416504,1,6.852556228637695,0.30000000000000004,12.700000000000001
4,1,0.0,17.2,10.5,-3.0428160615221307,6.1000000000000005,9.4,42.659481048583984,6.773025035858154,22.19141387939453,15.099411964416504,1,6.787399768829346,0.30000000000000004,12.700000000000001
4,1,0.0,17.2,10.5,-3.0428160615221307,6.1000000000000005,9.4,43.159481048583984,0.0,,,0,6.723977565765381,0.30000000000000004,12.700000000000001
4,1,0.0,17.2,10.5,-3.0428160615221307,6.1000000000000005,9.4,43.659481048583984,6.647858142852783,22.01982879638672,15.099411964416504,1,6.662232875823975,0.30000000000000004,12.700000000000001
4,1,0.0,17.2,10.5,-3.0428160615221307,6.1000000000000005,9.4,44.159481048583984,6.587734699249268,21.936376571655273,15.099411964416504,1,6.602109432220459,0.30000000000000004,12.700000000000001
4,1,0.0,17.2,10.5,-3.0428160615221307,6.1000000000000005,9.4,44.659481048583984,6.529181003570557,21.85441017150879,15.099411964416504,1,6.543555736541748,0.30000000000000004,12.700000000000001
4,1,0.0,17.2,10.5,-3.0428160615221307,6.1000000000000005,9.4,45.159481048583984,6.472146511077881,21.77387809753418,15.099411964416504,1,6.486521244049072,0.30000000000000004,12.700000000000001
4,1,0.0,17.2,10.5,-3.0428160615221307,6.1000000000000005,9.4,45.659481048583984,6.4165825843811035,21.694732666015625,15.099411964416504,1,6.430957317352295,0.30000000000000004,12.700000000000001
4,1,0.0,17.2,10.5,-3.0428160615221307,6.1000000000000005,9.4,46.159481048583984,6.3624444007873535,21.616926193237305,15.099411964416504,1,6.376819133758545,0.30000000000000004,12.700000000000001
4,1,0.0,17.2,10.5,-3.0428160615221307,6.1000000000000005,9.4,46.659481048583984,6.309687614440918,21.5404109954834,15.099411964416504,1,6.324062347412109,0.30000000000000004,12.700000000000001
4,1,0.0,17.2,10.5,-3.0428160615221307,6.1000000000000005,9.4,47.159481048583984,6.258270740509033,21.465147018432617,15.099411964416504,1,6.272645473480225,0.30000000000000004,12.700000000000001
4,1,0.0,17.2,10.5,-3.0428160615221307,6.1000000000000005,9.4,47.659481048583984,0.0,,,0,6.222527503967285,0.30000000000000004,12.700000000000001
4,1,0.0,17.2,10.5,-3.0428160615221307,6.1000000000000005,9.4,48.159481048583984,6.159296035766602,21.318204879760742,15.099411964416504,1,6.173670768737793,0.30000000000000004,12.700000000000001
4,1,0.0,17.2,10.5,-3.0428160615221307,6.1000000000000005,9.4,48.659481048583984,6.111663341522217,21.246448516845703,15.099411964416504,1,6.126038074493408,0.30000000000000004,12.700000000000001
4,1,0.0,17.2,10.5,-3.0428160615221307,6.1000000000000005,9.4,49.159481048583984,6.065219402313232,21.175785064697266,15.099411964416504,1,6.079594135284424,0.30000000000000004,12.700000000000001
4,1,0.0,17.2,10.5,-3.0428160615221307,6.1000000000000005,9.4,49.659481048583984,6.019930362701416,21.10618019104004,15.099411964416504,1,6.034305095672607,0.30000000000000004,12.700000000000001
4,1,0.0,17.2,10.5,-3.0428160615221307,6.1000000000000005,9.4,50.159481048583984,5.97576379776001,21.037599563598633,15.099411964416504,1,5.990138530731201,0.30000000000000004,12.700000000000001
4,1,0.0,17.2,10.5,-3.0428160615221307,6.1000000000000005,9.4,50.659481048583984,5.932689189910889,20.97001075744629,15.099411964416504,1,5.94706392288208,0.30000000000000004,12.700000000000001
4,1,0.0,17.2,10.5,-3.0428160615221307,6.1000000000000005,9.4,51.159481048583984,5.8906755447387695,20.90338134765625,15.099411964416504,1,5.905050277709961,0.30000000000000004,12.700000000000001
4,1,0.0,17.2,10.5,-3.0428160615221307,6.1000000000000005,9.4,51.659481048583984,5.849695205688477,20.83768081665039,15.099411964416504,1,5.864069938659668,0.30000000000000004,12.700000000000001
4,1,0.0,17.2,10.5,-3.0428160615221307,6.1000000000000005,9.4,52.159481048583984,5.809720039367676,20.77288246154785,15.099411964416504,1,5.824094772338867,0.30000000000000004,12.700000000000001
4,1,0.0,17.2,10.5,-3.0428160615221307,6.1000000000000005,9.4,52.659481048583984,5.770723819732666,20.708955764770508,15.099411964416504,1,5.785098552703857,0.30000000000000004,12.700000000000001
4,1,0.0,17.2,10.5,-3.0428160615221307,6.1000000000000005,9.4,53.159481048583984,0.0,,,0,5.747055530548096,0.30000000000000004,12.700000000000001
4,1,0.0,17.2,10.5,-3.0428160615221307,6.1000000000000005,9.4,53.659481048583984,5.6955671310424805,20.583614349365234,15.099411964416504,1,5.709941864013672,0.30000000000000004,12.700000000000001
4,1,0.0,17.2,10.5,-3.0428160615221307,6.1000000000000005,9.4,54.159481048583984,5.659358978271484,20.52214813232422,15.099411964416504,1,5.673733711242676,0.30000000000000004,12.700000000000001
4,1,0.0,17.2,10.5,-3.0428160615221307,6.1000000000000005,9.4,54.659481048583984,5.6240339279174805,20.461450576782227,15.099411964416504,1,5.638408660888672,0.30000000000000004,12.700000000000001
4,1,0.0,17.2,10.5,-3.0428160615221307,6.1000000000000005,9.4,55.159481048583984,5.589570045471191,20.401500701904297,15.099411964416504,1,5.603944778442383,0.30000000000000004,12.700000000000001
4,1,0.0,17.2,10.5,-3.0428160615221307,6.1000000000000005,9.4,55.659481048583984,5.5559468269348145,20.342273712158203,15.099411964416504,1,5.570321559906006,0.30000000000000004,12.700000000000001
4,1,0.0,17.2,10.5,-3.0428160615221307,6.1000000000000005,9.4,56.159481048583984,5.523143768310547,20.283750534057617,15.099411964416504,1,5.537518501281738,0.30000000000000004,12.700000000000001
4,1,0.0,17.2,10.5,-3.0428160615221307,6.1000000000000005,9.4,56.659481048583984,5.491141319274902,20.225906372070312,15.099411964416504,1,5.505516052246094,0.30000000000000004,12.700000000000001
4,1,0.0,17.2,10.5,-3.0428160615221307,6.1000000000000005,9.4,57.159481048583984,5.459921360015869,20.168724060058594,15.099411964416504,1,5.4742960929870605,0.30000000000000004,12.700000000000001
4,1,0.0,17.2,10.5,-3.0428160615221307,6.1000000000000005,9.4,57.659481048583984,5.429465293884277,20.1121826171875,15.099411964416504,1,5.443840026855469,0.30000000000000004,12.700000000000001
4,1,0.0,17.2,10.5,-3.0428160615221307,6.1000000000000005,9.4,58.159481048583984,5.399756908416748,20.05626106262207,15.099411964416504,1,5.4141316413879395,0.30000000000000004,12.700000000000001
4,1,0.0,17.2,10.5,-3.0428160615221307,6.1000000000000005,9.4,58.659481048583984,5.370778560638428,20.000944137573242,15.099411964416504,1,5.385153293609619,0.30000000000000004,12.700000000000001
4,1,0.0,17.2,10.5,-3.0428160615221307,6.1000000000000005,9.4,59.159481048583984,5.342514514923096,19.946210861206055,15.099411964416504,1,5.356889247894287,0.30000000000000004,12.700000000000001
4,1,0.0,17.2,10.5,-3.0428160615221307,6.1000000000000005,9.4,59.659481048583984,5.3149495124816895,19.892044067382812,15.099411964416504,1,5.329324245452881,0.30000000000000004,12.700000000000001
4,1,0.0,17.2,10.5,-3.0428160615221307,6.1000000000000005,9.4,60.159481048583984,5.2880682945251465,19.838428497314453,15.099411964416504,1,5.302443027496338,0.30000000000000004,12.700000000000001
4,1,0.0,17.2,10.5,-3.0428160615221307,6.1000000000000005,9.4,60.659481048583984,5.261856555938721,19.785348892211914,15.099411964416504,1,5.276231288909912,0.30000000000000004,12.700000000000001
4,1,0.0,17.2,10.5,-3.0428160615221307,6.1000000000000005,9.4,61.159481048583984,5.236300945281982,19.732786178588867,15.099411964416504,1,5.250675678253174,0.30000000000000004,12.700000000000001
4,1,0.0,17.2,10.5,-3.0428160615221307,6.1000000000000005,9.4,61.659481048583984,5.211387634277344,19.68072509765625,15.099411964416504,1,5.225762367248535,0.30000000000000004,12.700000000000001
4,1,0.0,17.2,10.5,-3.0428160615221307,6.1000000000000005,9.4,62.159481048583984,0.0,,,0,5.201478481292725,0.30000000000000004,12.700000000000001
4,1,0.0,17.2,10.5,-3.0428160615221307,6.1000000000000005,9.4,62.659481048583984,5.1634368896484375,19.578054428100586,15.099411964416504,1,5.177811622619629,0.30000000000000004,12.700000000000001
4,1,0.0,17.2,10.5,-3.0428160615221307,6.1000000000000005,9.4,63.159481048583984,5.14037561416626,19.527414321899414,15.099411964416504,1,5.154750347137451,0.30000000000000004,12.700000000000001
4,1,0.0,17.2,10.5,-3.0428160615221307,6.1000000000000005,9.4,63.659481048583984,5.117907524108887,19.477218627929688,15.099411964416504,1,5.132282257080078,0.30000000000000004,12.700000000000001
4,1,0.0,17.2,10.5,-3.0428160615221307,6.1000000000000005,9.4,64.15948486328125,5.096022129058838,19.42745590209961,15.099411964416504,1,5.110396862030029,0.30000000000000004,12.700000000000001
4,1,0.0,17.2,10.5,-3.0428160615221307,6.1000000000000005,9.4,64.65948486328125,5.074708461761475,19.37811279296875,15.099411964416504,1,5.089083194732666,0.30000000000000004,12.700000000000001
4,1,0.0,17.2,10.5,-3.0428160615221307,6.1000000000000005,9.4,65.15948486328125,5.053956031799316,19.32917594909668,15.099411964416504,1,5.068330764770508,0.30000000000000004,12.700000000000001
4,1,0.0,17.2,10.5,-3.0428160615221307,6.1000000000000005,9.4,65.65948486328125,5.033755302429199,19.28063201904297,15.099411964416504,1,5.048130035400391,0.30000000000000004,12.700000000000001
4,1,0.0,17.2,10.5,-3.0428160615221307,6.1000000000000005,9.4,66.15948486328125,5.014096260070801,19.23246955871582,15.099411964416504,1,5.028470993041992,0.30000000000000004,12.700000000000001
4,1,0.0,17.2,10.5,-3.0428160615221307,6.1000000000000005,9.4,66.65948486328125,0.0,,,0,5.009344577789307,0.30000000000000004,12.700000000000001
4,1,0.0,17.2,10.5,-3.0428160615221307,6.1000000000000005,9.4,67.15948486328125,4.976366996765137,19.137243270874023,15.099411964416504,1,4.990741729736328,0.30000000000000004,12.700000000000001
4,1,0.0,17.2,10.5,-3.0428160615221307,6.1000000000000005,9.4,67.65948486328125,4.958279132843018,19.09015655517578,15.099411964416504,1,4.972653865814209,0.30000000000000004,12.700000000000001
4,1,0.0,17.2,10.5,-3.0428160615221307,6.1000000000000005,9.4,68.15948486328125,0.0,,,0,4.955072402954102,0.30000000000000004,12.700000000000001
4,1,0.0,17.2,10.5,-3.0428160615221307,6.1000000000000005,9.4,68.65948486328125,0.0,,,0,4.937989711761475,0.30000000000000004,12.700000000000001
4,1,0.0,17.2,10.5,-3.0428160615221307,6.1000000000000005,9.4,69.15948486328125,4.907022953033447,18.950876235961914,15.099411964416504,1,4.921397686004639,0.30000000000000004,12.700000000000001
4,1,0.0,17.2,10.5,-3.0428160615221307,6.1000000000000005,9.4,69.65948486328125,4.8909149169921875,18.905073165893555,15.099411964416504,1,4.905289649963379,0.30000000000000004,12.700000000000001
4,1,0.0,17.2,10.5,-3.0428160615221307,6.1000000000000005,9.4,70.15948486328125,4.8752827644348145,18.85956573486328,15.099411964416504,1,4.889657497406006,0.30000000000000004,12.700000000000001
4,1,0.0,17.2,10.5,-3.0428160615221307,6.1000000000000005,9.4,70.65948486328125,4.860119819641113,18.81434440612793,15.099411964416504,1,4.874494552612305,0.30000000000000004,12.700000000000001
4,1,0.0,17.2,10.5,-3.0428160615221307,6.1000000000000005,9.4,71.15948486328125,0.0,,,0,4.859794616699219,0.30000000000000004,12.700000000000001
4,1,0.0,17.2,10.5,-3.0428160615221307,6.1000000000000005,9.4,71.65948486328125,4.831175804138184,18.724720001220703,15.099411964416504,1,4.845550537109375,0.30000000000000004,12.700000000000001
4,1,0.0,17.2,10.5,-3.0428160615221307,6.1000000000000005,9.4,72.15948486328125,4.817382335662842,18.6802978515625,15.099411964416504,1,4.831757068634033,0.30000000000000004,12.700000000000001
4,1,0.0,17.2,10.5,-3.0428160615221307,6.1000000000000005,9.4,72.65948486328125,0.0,,,0,4.8184075355529785,0.30000000000000004,12.700000000000001
4,1,0.0,17.2,10.5,-3.0428160615221307,6.1000000000000005,9.4,73.15948486328125,4.791121959686279,18.592193603515625,15.099411964416504,1,4.805496692657471,0.30000000000000004,12.700000000000001
4,1,0.0,17.2,10.5,-3.0428160615221307,6.1000000000000005,9.4,73.65948486328125,4.778643608093262,18.548494338989258,15.099411964416504,1,4.793018341064453,0.30000000000000004,12.700000000000001
4,1,0.0,17.2,10.5,-3.0428160615221307,6.1000000000000005,9.4,74.15948486328125,4.7665934562683105,18.505016326904297,15.099411964416504,1,4.780968189239502,0.30000000000000004,12.700000000000001
4,1,0.0,17.2,10.5,-3.0428160615221307,6.1000000000000005,9.4,74.65948486328125,0.0,,,0,4.769340991973877,0.30000000000000004,12.700000000000001
4,1,0.0,17.2,10.5,-3.0428160615221307,6.1000000000000005,9.4,75.15948486328125,4.7437567710876465,18.418697357177734,15.099411964416504,1,4.758131504058838,0.30000000000000004,12.700000000000001
4,1,0.0,17.2,10.5,-3.0428160615221307,6.1000000000000005,9.4,75.65948486328125,4.732960224151611,18.375839233398438,15.099411964416504,1,4.747334957122803,0.30000000000000004,12.700000000000001
4,1,0.0,17.2,10.5,-3.0428160615221307,6.1000000000000005,9.4,76.15948486328125,4.7225728034973145,18.333173751831055,15.099411964416504,1,4.736947536468506,0.30000000000000004,12.700000000000001
4,1,0.0,17.2,10.5,-3.0428160615221307,6.1000000000000005,9.4,76.65948486328125,4.712590217590332,18.29068946838379,15.099411964416504,1,4.726964950561523,0.30000000000000004,12.700000000000001
4,1,0.0,17.2,10.5,-3.0428160615221307,6.1000000000000005,9.4,77.15948486328125,4.703007698059082,18.248382568359375,15.099411964416504,1,4.717382431030273,0.30000000000000004,12.700000000000001
4,1,0.0,17.2,10.5,-3.0428160615221307,6.1000000000000005,9.4,77.65948486328125,4.693821907043457,18.206241607666016,15.099411964416504,1,4.708196640014648,0.30000000000000004,12.700000000000001
4,1,0.0,17.2,10.5,-3.0428160615221307,6.1000000000000005,9.4,78.15948486328125,0.0,,,0,4.699403762817383,0.30000000000000004,12.700000000000001
4,1,0.0,17.2,10.5,-3.0428160615221307,6.1000000000000005,9.4,78.65948486328125,4.6766252517700195,18.1224365234375,15.099411964416504,1,4.690999984741211,0.30000000000000004,12.700000000000001
4,1,0.0,17.2,10.5,-3.0428160615221307,6.1000000000000005,9.4,79.15948486328125,4.668607711791992,18.08075714111328,15.099411964416504,1,4.682982444763184,0.30000000000000004,12.700000000000001
4,1,0.0,17.2,10.5,-3.0428160615221307,6.1000000000000005,9.4,79.65948486328125,4.660972595214844,18.039215087890625,15.099411964416504,1,4.675347328186035,0.30000000000000004,12.700000000000001
4,1,0.0,17.2,10.5,-3.0428160615221307,6.1000000000000005,9.4,80.15948486328125,4.653717517852783,17.997806549072266,15.099411964416504,1,4.668092250823975,0.30000000000000004,12.700000000000001
4,1,0.0,17.2,10.5,-3.0428160615221307,6.1000000000000005,9.4,80.65948486328125,4.646839618682861,17.95652198791504,15.099411964416504,1,4.661214351654053,0.30000000000000004,12.700000000000001
4,1,0.0,17.2,10.5,-3.0428160615221307,6.1000000000000005,9.4,81.15948486328125,4.640335559844971,17.91535758972168,15.099411964416504,1,4.654710292816162,0.30000000000000004,12.700000000000001
4,1,0.0,17.2,10.5,-3.0428160615221307,6.1000000000000005,9.4,81.65948486328125,4.6342034339904785,17.874303817749023,15.099411964416504,1,4.64857816696167,0.30000000000000004,12.700000000000001
4,1,0.0,17.2,10.5,-3.0428160615221307,6.1000000000000005,9.4,82.15948486328125,0.0,,,0,4.642815113067627,0.30000000000000004,12.700000000000001
4,1,0.0,17.2,10.5,-3.0428160615221307,6.1000000000000005,9.4,82.65948486328125,4.623044013977051,17.792505264282227,15.099411964416504,1,4.637418746948242,0.30000000000000004,12.700000000000001
4,1,0.0,17.2,10.5,-3.0428160615221307,6.1000000000000005,9.4,83.15948486328125,4.61801290512085,17.751745223999023,15.099411964416504,1,4.632387638092041,0.30000000000000004,12.700000000000001
4,1,0.0,17.2,10.5,-3.0428160615221307,6.1000000000000005,9.4,83.65948486328125,4.613344669342041,17.71107292175293,15.099411964416504,1,4.627719402313232,0.30000000000000004,12.700000000000001
4,1,0.0,17.2,10.5,-3.0428160615221307,6.1000000000000005,9.4,84.15948486328125,4.609037399291992,17.67047691345215,15.099411964416504,1,4.623412132263184,0.30000000000000004,12.700000000000001
4,1,0.0,17.2,10.5,-3.0428160615221307,6.1000000000000005,9.4,84.65948486328125,4.6050896644592285,17.629955291748047,15.099411964416504,1,4.61946439743042,0.30000000000000004,12.700000000000001
4,1,0.0,17.2,10.5,-3.0428160615221307,6.1000000000000005,9.4,85.15948486328125,4.601500034332275,17.58949851989746,15.099411964416504,1,4.615874767303467,0.30000000000000004,12.700000000000001
4,1,0.0,17.2,10.5,-3.0428160615221307,6.1000000000000005,9.4,85.65948486328125,4.598267078399658,17.549102783203125,15.099411964416504,1,4.61264181137085,0.30000000000000004,12.700000000000001
4,1,0.0,17.2,10.5,-3.0428160615221307,6.1000000000000005,9.4,86.15948486328125,4.595389366149902,17.508760452270508,15.099411964416504,1,4.609764099121094,0.30000000000000004,12.700000000000001
4,1,0.0,17.2,10.5,-3.0428160615221307,6.1000000000000005,9.4,86.65948486328125,4.592865943908691,17.468463897705078,15.099411964416504,1,4.607240676879883,0.30000000000000004,12.700000000000001
4,1,0.0,17.2,10.5,-3.0428160615221307,6.1000000000000005,9.4,87.15948486328125,4.590695381164551,17.42820930480957,15.099411964416504,1,4.605070114135742,0.30000000000000004,12.700000000000001
4,1,0.0,17.2,10.5,-3.0428160615221307,6.1000000000000005,9.4,87.65948486328125,4.5888776779174805,17.387989044189453,15.099411964416504,1,4.603252410888672,0.30000000000000004,12.700000000000001
4,1,0.0,17.2,10.5,-3.0428160615221307,6.1000000000000005,9.4,88.15948486328125,0.0,,,0,4.601786136627197,0.30000000000000004,12.700000000000001
4,1,0.0,17.2,10.5,-3.0428160615221307,6.1000000000000005,9.4,88.65948486328125,0.0,,,0,4.600671291351318,0.30000000000000004,12.700000000000001
4,1,0.0,17.2,10.5,-3.0428160615221307,6.1000000000000005,9.4,89.15948486328125,0.0,,,0,4.599906921386719,0.30000000000000004,12.700000000000001
4,1,0.0,17.2,10.5,-3.0428160615221307,6.1000000000000005,9.4,89.65948486328125,4.585118770599365,17.22733497619629,15.099411964416504,1,4.599493503570557,0.30000000000000004,12.700000000000001
4,1,0.0,17.2,10.5,-3.0428160615221307,6.1000000000000005,9.4,90.15948486328125,4.585055351257324,17.187196731567383,15.099411964416504,1,4.599430084228516,0.30000000000000004,12.700000000000001
4,1,0.0,17.2,10.5,-3.0428160615221307,6.1000000000000005,9.4,90.65948486328125,0.0,,,0,4.599716663360596,0.30000000000000004,12.700000000000001
4,1,0.0,17.2,10.5,-3.0428160615221307,6.1000000000000005,9.4,91.15948486328125,4.585979461669922,17.106910705566406,15.099411964416504,1,4.600354194641113,0.30000000000000004,12.700000000000001
4,1,0.0,17.2,10.5,-3.0428160615221307,6.1000000000000005,9.4,91.65948486328125,4.5869669914245605,17.066747665405273,15.099411964416504,1,4.601341724395752,0.30000000000000004,12.700000000000001
4,1,0.0,17.2,10.5,-3.0428160615221307,6.1000000000000005,9.4,92.15948486328125,4.588305950164795,17.026565551757812,15.099411964416504,1,4.602680683135986,0.30000000000000004,12.700000000000001
4,1,0.0,17.2,10.5,-3.0428160615221307,6.1000000000000005,9.4,92.65948486328125,4.589996337890625,16.986356735229492,15.099411964416504,1,4.604371070861816,0.30000000000000004,12.700000000000001
4,1,0.0,17.2,10.5,-3.0428160615221307,6.1000000000000005,9.4,93.15948486328125,4.592039108276367,16.946115493774414,15.099411964416504,1,4.606413841247559,0.30000000000000004,12.700000000000001
4,1,0.0,17.2,10.5,-3.0428160615221307,6.1000000000000005,9.4,93.65948486328125,4.59443473815918,16.90583610534668,15.099411964416504,1,4.608809471130371,0.30000000000000004,12.700000000000001
4,1,0.0,17.2,10.5,-3.0428160615221307,6.1000000000000005,9.4,94.15948486328125,4.597184181213379,16.865510940551758,15.099411964416504,1,4.61155891418457,0.30000000000000004,12.700000000000001
4,1,0.0,17.2,10.5,-3.0428160615221307,6.1000000000000005,9.4,94.65948486328125,4.600288391113281,16.82513427734375,15.099411964416504,1,4.614663124084473,0.30000000000000004,12.700000000000001
4,1,0.0,17.2,10.5,-3.0428160615221307,6.1000000000000005,9.4,95.15948486328125,4.603748798370361,16.784700393676758,15.099411964416504,1,4.618123531341553,0.30000000000000004,12.700000000000001
4,1,0.0,17.2,10.5,-3.0428160615221307,6.1000000000000005,9.4,95.65948486328125,4.607566833496094,16.74420166015625,15.099411964416504,1,4.621941566467285,0.30000000000000004,12.700000000000001
4,1,0.0,17.2,10.5,-3.0428160615221307,6.1000000000000005,9.4,96.15948486328125,4.611743450164795,16.70363426208496,15.099411964416504,1,4.626118183135986,0.30000000000000004,12.700000000000001
4,1,0.0,17.2,10.5,-3.0428160615221307,6.1000000000000005,9.4,96.65948486328125,4.616281032562256,16.66299057006836,15.099411964416504,1,4.630655765533447,0.30000000000000004,12.700000000000001
4,1,0.0,17.2,10.5,-3.0428160615221307,6.1000000000000005,9.4,97.15948486328125,4.621180534362793,16.622262954711914,15.099411964416504,1,4.635555267333984,0.30000000000000004,12.700000000000001
4,1,0.0,17.2,10.5,-3.0428160615221307,6.1000000000000005,9.4,97.65948486328125,4.626444339752197,16.58144760131836,15.099411964416504,1,4.640819072723389,0.30000000000000004,12.700000000000001
4,1,0.0,17.2,10.5,-3.0428160615221307,6.1000000000000005,9.4,98.15948486328125,0.0,,,0,4.646448612213135,0.30000000000000004,12.700000000000001
4,1,0.0,17.2,10.5,-3.0428160615221307,6.1000000000000005,9.4,98.65948486328125,4.638072490692139,16.49951934814453,15.099411964416504,1,4.65244722366333,0.30000000000000004,12.700000000000001
4,1,0.0,17.2,10.5,-3.0428160615221307,6.1000000000000005,9.4,99.15948486328125,0.0,,,0,4.658816337585449,0.30000000000000004,12.700000000000001
4,1,0.0,17.2,10.5,-3.0428160615221307,6.1000000000000005,9.4,99.65948486328125,4.65118408203125,16.417156219482422,15.099411964416504,1,4.665558815002441,0.30000000000000004,12.700000000000001
4,1,0.0,17.2,10.5,-3.0428160615221307,6.1000000000000005,9.4,100.15948486328125,4.658302307128906,16.37579345703125,15.099411964416504,1,4.672677040100098,0.30000000000000004,12.700000000000001
4,1,0.0,17.2,10.5,-3.0428160615221307,6.1000000000000005,9.4,100.65948486328125,4.665799140930176,16.334300994873047,15.099411964416504,1,4.680173873901367,0.30000000000000004,12.700000000000001
4,1,0.0,17.2,10.5,-3.0428160615221307,6.1000000000000005,9.4,101.15948486328125,4.673677921295166,16.29267120361328,15.099411964416504,1,4.688052654266357,0.30000000000000004,12.700000000000001
4,1,0.0,17.2,10.5,-3.0428160615221307,6.1000000000000005,9.4,101.65948486328125,4.681941509246826,16.250898361206055,15.099411964416504,1,4.696316242218018,0.30000000000000004,12.700000000000001
4,1,0.0,17.2,10.5,-3.0428160615221307,6.1000000000000005,9.4,102.15948486328125,0.0,,,0,10.740972518920898,0.30000000000000004,12.700000000000001
4,1,0.0,17.2,10.5,-3.0428160615221307,6.1000000000000005,9.4,102.65948486328125,0.0,,,0,10.761617660522461,0.30000000000000004,12.700000000000001
4,1,0.0,17.2,10.5,-3.0428160615221307,6.1000000000000005,9.4,103.15948486328125,10.768789291381836,14.74507999420166,21.0,1,10.783164024353027,0.30000000000000004,12.700000000000001
4,1,0.0,17.2,10.5,-3.0428160615221307,6.1000000000000005,9.4,103.65948486328125,0.0,,,0,10.805622100830078,0.30000000000000004,12.700000000000001
4,1,0.0,17.2,10.5,-3.0428160615221307,6.1000000000000005,9.4,104.15948486328125,10.81462574005127,14.55099105834961,21.0,1,10.829000473022461,0.30000000000000004,12.700000000000001
4,1,0.0,17.2,10.5,-3.0428160615221307,6.1000000000000005,9.4,104.65948486328125,0.0,,,0,10.853307723999023,0.30000000000000004,12.700000000000001
4,1,0.0,17.2,10.5,-3.0428160615221307,6.1000000000000005,9.4,105.15948486328125,0.0,,,0,10.707183837890625,0.30000000000000004,12.700000000000001
4,1,0.0,17.2,10.5,-3.0428160615221307,6.1000000000000005,9.4,105.65948486328125,10.359085083007812,14.399999618530273,20.488426208496094,1,10.373459815979004,0.30000000000000004,12.700000000000001
4,1,0.0,17.2,10.5,-3.0428160615221307,6.1000000000000005,9.4,106.15948486328125,10.046278953552246,14.399999618530273,20.163164138793945,1,10.060653686523438,0.30000000000000004,12.700000000000001
4,1,0.0,17.2,10.5,-3.0428160615221307,6.1000000000000005,9.4,106.65948486328125,9.752507209777832,14.399999618530273,19.856922149658203,1,9.766881942749023,0.30000000000000004,12.700000000000001
4,1,0.0,17.2,10.5,-3.0428160615221307,6.1000000000000005,9.4,107.15948486328125,9.476107597351074,14.399999618530273,19.568035125732422,1,9.490482330322266,0.30000000000000004,12.700000000000001
4,1,0.0,17.2,10.5,-3.0428160615221307,6.1000000000000005,9.4,107.65948486328125,9.215604782104492,14.399999618530273,19.295028686523438,1,9.229979515075684,0.30000000000000004,12.700000000000001
4,1,0.0,17.2,10.5,-3.0428160615221307,6.1000000000000005,9.4,108.15948486328125,8.969686508178711,14.399999618530273,19.036590576171875,1,8.984061241149902,0.30000000000000004,12.700000000000001
4,1,0.0,17.2,10.5,-3.0428160615221307,6.1000000000000005,9.4,108.65948486328125,8.7371826171875,14.399999618530273,18.791547775268555,1,8.751557350158691,0.30000000000000004,12.700000000000001
4,1,0.0,17.2,10.5,-3.0428160615221307,6.1000000000000005,9.4,109.15948486328125,0.0,,,0,4.869119167327881,0.30000000000000004,12.700000000000001
4,1,0.0,17.2,10.5,-3.0428160615221307,6.1000000000000005,9.4,109.65948486328125,4.869738578796387,15.556840896606445,15.099411964416504,1,4.884113311767578,0.30000000000000004,12.700000000000001
4,1,0.0,17.2,10.5,-3.0428160615221307,6.1000000000000005,9.4,110.15948486328125,4.885200023651123,15.51143741607666,15.099411964416504,1,4.8995747566223145,0.30000000000000004,12.700000000000001
4,1,0.0,17.2,10.5,-3.0428160615221307,6.1000000000000005,9.4,110.65948486328125,4.901135444641113,15.465743064880371,15.099411964416504,1,4.915510177612305,0.30000000000000004,12.700000000000001
4,1,0.0,17.2,10.5,-3.0428160615221307,6.1000000000000005,9.4,111.15948486328125,0.0,,,0,4.931926250457764,0.30000000000000004,12.700000000000001
4,1,0.0,17.2,10.5,-3.0428160615221307,6.1000000000000005,9.4,111.65948486328125,4.934455394744873,15.373437881469727,15.099411964416504,1,4.9488301277160645,0.30000000000000004,12.700000000000001
4,1,0.0,17.2,10.5,-3.0428160615221307,6.1000000000000005,9.4,112.15948486328125,0.0,,,0,4.9662299156188965,0.30000000000000004,12.700000000000001
4,1,0.0,17.2,10.5,-3.0428160615221307,6.1000000000000005,9.4,112.65948486328125,4.969758987426758,15.279845237731934,15.099411964416504,1,4.984133720397949,0.30000000000000004,12.700000000000001
4,1,0.0,17.2,10.5,-3.0428160615221307,6.1000000000000005,9.4,113.15948486328125,4.9881744384765625,15.232538223266602,15.099411964416504,1,5.002549171447754,0.30000000000000004,12.700000000000001
4,1,0.0,17.2,10.5,-3.0428160615221307,6.1000000000000005,9.4,113.65948486328125,0.0,,,0,5.021484851837158,0.30000000000000004,12.700000000000001
4,1,0.0,17.2,10.5,-3.0428160615221307,6.1000000000000005,9.4,114.15948486328125,5.026575088500977,15.136850357055664,15.099411964416504,1,5.040949821472168,0.30000000000000004,12.700000000000001
4,1,0.0,17.2,10.5,-3.0428160615221307,6.1000000000000005,9.4,114.65948486328125,0.0,,,0,5.060953617095947,0.30000000000000004,12.700000000000001
4,1,0.0,17.2,10.5,-3.0428160615221307,6.1000000000000005,9.4,115.15948486328125,5.067130088806152,15.039652824401855,15.099411964416504,1,5.081504821777344,0.30000000000000004,12.700000000000001
4,1,0.0,17.2,10.5,-3.0428160615221307,6.1000000000000005,9.4,115.65948486328125,0.0,,,0,5.102614402770996,0.30000000000000004,12.700000000000001
4,1,0.0,17.2,10.5,-3.0428160615221307,6.1000000000000005,9.4,116.15948486328125,5.109916687011719,14.940847396850586,15.099411964416504,1,5.12429141998291,0.30000000000000004,12.700000000000001
4,1,0.0,17.2,10.5,-3.0428160615221307,6.1000000000000005,9.4,116.65948486328125,5.132172584533691,14.8908109664917,15.099411964416504,1,5.146547317504883,0.30000000000000004,12.700000000000001
4,1,0.0,17.2,10.5,-3.0428160615221307,6.1000000000000005,9.4,117.15948486328125,5.155017852783203,14.840332984924316,15.099411964416504,1,5.1693925857543945,0.30000000000000004,12.700000000000001
4,1,0.0,17.2,10.5,-3.0428160615221307,6.1000000000000005,9.4,117.65948486328125,5.178463935852051,14.78940200805664,15.099411964416504,1,5.192838668823242,0.30000000000000004,12.700000000000001
4,1,0.0,17.2,10.5,-3.0428160615221307,6.1000000000000005,9.4,118.15948486328125,0.0,,,0,5.216897487640381,0.30000000000000004,12.700000000000001
4,1,0.0,17.2,10.5,-3.0428160615221307,6.1000000000000005,9.4,118.65948486328125,5.227206707000732,14.686120986938477,15.099411964416504,1,5.241581439971924,0.30000000000000004,12.700000000000001
4,1,0.0,17.2,10.5,-3.0428160615221307,6.1000000000000005,9.4,119.15948486328125,5.252528667449951,14.633742332458496,15.099411964416504,1,5.266903400421143,0.30000000000000004,12.700000000000001
4,1,0.0,17.2,10.5,-3.0428160615221307,6.1000000000000005,9.4,119.65948486328125,5.278501033782959,14.580850601196289,15.099411964416504,1,5.29287576675415,0.30000000000000004,12.700000000000001
4,1,0.0,17.2,10.5,-3.0428160615221307,6.1000000000000005,9.4,120.15948486328125,5.305138111114502,14.527430534362793,15.099411964416504,1,5.319512844085693,0.30000000000000004,12.700000000000001
4,1,0.0,17.2,10.5,-3.0428160615221307,6.1000000000000005,9.4,120.65948486328125,5.332454204559326,14.473465919494629,15.099411964416504,1,5.346828937530518,0.30000000000000004,12.700000000000001
4,1,0.0,17.2,10.5,-3.0428160615221307,6.1000000000000005,9.4,121.15948486328125,5.3604631423950195,14.418940544128418,15.099411964416504,1,5.374837875366211,0.30000000000000004,12.700000000000001
4,1,0.0,17.2,10.5,-3.0428160615221307,6.1000000000000005,9.4,121.65948486328125,5.320281028747559,14.399999618530273,15.040765762329102,1,5.33465576171875,0.30000000000000004,12.700000000000001
4,1,0.0,17.2,10.5,-3.0428160615221307,6.1000000000000005,9.4,122.15948486328125,0.0,,,0,5.260411739349365,0.30000000000000004,12.700000000000001
4,1,0.0,17.2,10.5,-3.0428160615221307,6.1000000000000005,9.4,122.65948486328125,5.174220561981201,14.399999618530273,14.868240356445312,1,5.188595294952393,0.30000000000000004,12.700000000000001
4,1,0.0,17.2,10.5,-3.0428160615221307,6.1000000000000005,9.4,123.15948486328125,5.1047234535217285,14.399999618530273,14.785459518432617,1,5.11909818649292,0.30000000000000004,12.700000000000001
4,1,0.0,17.2,10.5,-3.0428160615221307,6.1000000000000005,9.4,123.65948486328125,5.037442684173584,14.399999618530273,14.704861640930176,1,5.051817417144775,0.30000000000000004,12.700000000000001
4,1,0.0,17.2,10.5,-3.0428160615221307,6.1000000000000005,9.4,124.15948486328125,0.0,,,0,4.986657619476318,0.30000000000000004,12.700000000000001
4,1,0.0,17.2,10.5,-3.0428160615221307,6.1000000000000005,9.4,124.65948486328125,0.0,,,0,4.923527240753174,0.30000000000000004,12.700000000000001
4,1,0.0,17.2,10.5,-3.0428160615221307,6.1000000000000005,9.4,125.15948486328125,4.847966194152832,14.399999618530273,14.475217819213867,1,4.862340927124023,0.30000000000000004,12.700000000000001
4,1,0.0,17.2,10.5,-3.0428160615221307,6.1000000000000005,9.4,125.65948486328125,4.7886433601379395,14.399999618530273,14.402433395385742,1,4.803018093109131,0.30000000000000004,12.700000000000001
4,1,0.0,17.2,10.5,-3.0428160615221307,6.1000000000000005,9.4,126.15948486328125,4.731107711791992,14.399999618530273,14.33139705657959,1,4.745482444763184,0.30000000000000004,12.700000000000001
4,1,0.0,17.2,10.5,-3.0428160615221307,6.1000000000000005,9.4,126.65948486328125,0.0,,,0,4.689661502838135,0.30000000000000004,12.700000000000001
4,1,0.0,17.2,10.5,-3.0428160615221307,6.1000000000000005,9.4,127.15948486328125,4.621112823486328,14.399999618530273,14.19428539276123,1,4.6354875564575195,0.30000000000000004,12.700000000000001
4,1,0.0,17.2,10.5,-3.0428160615221307,6.1000000000000005,9.4,127.65948486328125,4.568521499633789,14.399999618530273,14.128076553344727,1,4.5828962326049805,0.30000000000000004,12.700000000000001
4,1,0.0,17.2,10.5,-3.0428160615221307,6.1000000000000005,9.4,128.15948486328125,0.0,,,0,4.531826019287109,0.30000000000000004,12.700000000000001
4,1,0.0,17.2,10.5,-3.0428160615221307,6.1000000000000005,9.4,128.65948486328125,4.467844009399414,14.399999618530273,14.000041007995605,1,4.4822187423706055,0.30000000000000004,12.700000000000001
4,1,0.0,17.2,10.5,-3.0428160615221307,6.1000000000000005,9.4,129.15948486328125,4.419645309448242,14.399999618530273,13.938100814819336,1,4.434020042419434,0.30000000000000004,12.700000000000001
4,1,0.0,17.2,10.5,-3.0428160615221307,6.1000000000000005,9.4,129.65948486328125,4.372802734375,14.399999618530273,13.877472877502441,1,4.387177467346191,0.30000000000000004,12.700000000000001
4,1,0.0,17.2,10.5,-3.0428160615221307,6.1000000000000005,9.4,130.15948486328125,4.327266693115234,14.399999618530273,13.818109512329102,1,4.341641426086426,0.30000000000000004,12.700000000000001
4,1,0.0,17.2,10.5,-3.0428160615221307,6.1000000000000005,9.4,130.65948486328125,0.0,,,0,4.297364711761475,0.30000000000000004,12.700000000000001
4,1,0.0,17.2,10.5,-3.0428160615221307,6.1000000000000005,9.4,131.15948486328125,0.0,,,0,4.254302501678467,0.30000000000000004,12.700000000000001
4,1,0.0,17.2,10.5,-3.0428160615221307,6.1000000000000005,9.4,131.65948486328125,4.198038101196289,14.399999618530273,13.64712905883789,1,4.2124128341674805,0.30000000000000004,12.700000000000001
4,1,0.0,17.2,10.5,-3.0428160615221307,6.1000000000000005,9.4,132.15948486328125,4.1572794914245605,14.399999618530273,13.592361450195312,1,4.171654224395752,0.30000000000000004,12.700000000000001
4,1,0.0,17.2,10.5,-3.0428160615221307,6.1000000000000005,9.4,132.65948486328125,4.117614269256592,14.399999618530273,13.538640022277832,1,4.131989002227783,0.30000000000000004,12.700000000000001
4,1,0.0,17.2,10.5,-3.0428160615221307,6.1000000000000005,9.4,133.15948486328125,0.0,,,0,4.093379020690918,0.30000000000000004,12.700000000000001
4,1,0.0,17.2,10.5,-3.0428160615221307,6.1000000000000005,9.4,133.65948486328125,4.041415691375732,14.399999618530273,13.434184074401855,1,4.055790424346924,0.30000000000000004,12.700000000000001
4,1,0.0,17.2,10.5,-3.0428160615221307,6.1000000000000005,9.4,134.15948486328125,4.004814147949219,14.399999618530273,13.383379936218262,1,4.01918888092041,0.30000000000000004,12.700000000000001
4,1,0.0,17.2,10.5,-3.0428160615221307,6.1000000000000005,9.4,134.65948486328125,3.969167947769165,14.399999618530273,13.333480834960938,1,3.9835429191589355,0.30000000000000004,12.700000000000001
4,1,0.0,17.2,10.5,-3.0428160615221307,6.1000000000000005,9.4,135.15948486328125,3.9344468116760254,14.399999618530273,13.284455299377441,1,3.948821783065796,0.30000000000000004,12.700000000000001
4,1,0.0,17.2,10.5,-3.0428160615221307,6.1000000000000005,9.4,135.65948486328125,3.900621175765991,14.399999618530273,13.236273765563965,1,3.9149961471557617,0.30000000000000004,12.700000000000001
4,1,0.0,17.2,10.5,-3.0428160615221307,6.1000000000000005,9.4,136.15948486328125,3.8676633834838867,14.399999618530273,13.1889066696167,1,3.8820383548736572,0.30000000000000004,12.700000000000001
4,1,0.0,17.2,10.5,-3.0428160615221307,6.1000000000000005,9.4,136.65948486328125,3.8355464935302734,14.399999618530273,13.142327308654785,1,3.849921464920044,0.30000000000000004,12.700000000000001
4,1,0.0,17.2,10.5,-3.0428160615221307,6.1000000000000005,9.4,137.15948486328125,3.8042449951171875,14.399999618530273,13.096508979797363,1,3.818619966506958,0.30000000000000004,12.700000000000001
4,1,0.0,17.2,10.5,-3.0428160615221307,6.1000000000000005,9.4,137.65948486328125,3.7737345695495605,14.399999618530273,13.05142593383789,1,3.788109540939331,0.30000000000000004,12.700000000000001
4,1,0.0,17.2,10.5,-3.0428160615221307,6.1000000000000005,9.4,138.15948486328125,3.7439918518066406,14.399999618530273,13.007054328918457,1,3.758366823196411,0.30000000000000004,12.700000000000001
4,1,0.0,17.2,10.5,-3.0428160615221307,6.1000000000000005,9.4,138.65948486328125,3.714994192123413,14.399999618530273,12.963370323181152,1,3.7293691635131836,0.30000000000000004,12.700000000000001
4,1,0.0,17.2,10.5,-3.0428160615221307,6.1000000000000005,9.4,139.15948486328125,0.0,,,0,3.7010953426361084,0.30000000000000004,12.700000000000001
4,1,0.0,17.2,10.5,-3.0428160615221307,6.1000000000000005,9.4,139.65948486328125,3.659149646759033,14.399999618530273,12.877979278564453,1,3.6735246181488037,0.30000000000000004,12.700000000000001
4,1,0.0,17.2,10.5,-3.0428160615221307,6.1000000000000005,9.4,140.15948486328125,3.6322624683380127,14.399999618530273,12.836228370666504,1,3.646637439727783,0.30000000000000004,12.700000000000001
4,1,0.0,17.2,10.5,-3.0428160615221307,6.1000000000000005,9.4,140.65948486328125,0.0,,,0,3.6204144954681396,0.30000000000000004,12.700000000000001
4,1,0.0,17.2,10.5,-3.0428160615221307,6.1000000000000005,9.4,141.15948486328125,3.58046293258667,14.399999618530273,12.75451946258545,1,3.5948379039764404,0.30000000000000004,12.700000000000001
4,1,0.0,17.2,10.5,-3.0428160615221307,6.1000000000000005,9.4,141.65948486328125,3.5555150508880615,14.399999618530273,12.714523315429688,1,3.569890022277832,0.30000000000000004,12.700000000000001
4,1,0.0,17.2,10.5,-3.0428160615221307,6.1000000000000005,9.4,142.15948486328125,3.531179189682007,14.399999618530273,12.67507553100586,1,3.5455541610717773,0.30000000000000004,12.700000000000001
4,1,0.0,17.2,10.5,-3.0428160615221307,6.1000000000000005,9.4,142.65948486328125,3.507439374923706,14.399999618530273,12.63615894317627,1,3.5218143463134766,0.30000000000000004,12.700000000000001
4,1,0.0,17.2,10.5,-3.0428160615221307,6.1000000000000005,9.4,143.15948486328125,0.0,,,0,3.498654842376709,0.30000000000000004,12.700000000000001
4,1,0.0,17.2,10.5,-3.0428160615221307,6.1000000000000005,9.4,143.65948486328125,3.461686134338379,14.399999618530273,12.559854507446289,1,3.4760611057281494,0.30000000000000004,12.700000000000001
4,1,0.0,17.2,10.5,-3.0428160615221307,6.1000000000000005,9.4,144.15948486328125,3.439643621444702,14.399999618530273,12.522435188293457,1,3.4540185928344727,0.30000000000000004,12.700000000000001
4,1,0.0,17.2,10.5,-3.0428160615221307,6.1000000000000005,9.4,144.65948486328125,3.4181387424468994,14.399999618530273,12.485485076904297,1,3.43251371383667,0.30000000000000004,12.700000000000001
4,1,0.0,17.2,10.5,-3.0428160615221307,6.1000000000000005,9.4,145.15948486328125,3.397157907485962,14.399999618530273,12.448988914489746,1,3.4115328788757324,0.30000000000000004,12.700000000000001
4,1,0.0,17.2,10.5,-3.0428160615221307,6.1000000000000005,9.4,145.65948486328125,0.0,,,0,3.391063928604126,0.30000000000000004,12.700000000000001
4,1,0.0,17.2,10.5,-3.0428160615221307,6.1000000000000005,9.4,146.15948486328125,0.0,,,0,3.371094226837158,0.30000000000000004,12.700000000000001
4,1,0.0,17.2,10.5,-3.0428160615221307,6.1000000000000005,9.4,146.65948486328125,3.3372371196746826,14.399999618530273,12.34209156036377,1,3.351612091064453,0.30000000000000004,12.700000000000001
4,1,0.0,17.2,10.5,-3.0428160615221307,6.1000000000000005,9.4,147.15948486328125,3.3182311058044434,14.399999618530273,12.307280540466309,1,3.332606077194214,0.30000000000000004,12.700000000000001
4,1,0.0,17.2,10.5,-3.0428160615221307,6.1000000000000005,9.4,147.65948486328125,3.2996904850006104,14.399999618530273,12.272859573364258,1,3.314065456390381,0.30000000000000004,12.700000000000001
4,1,0.0,17.2,10.5,-3.0428160615221307,6.1000000000000005,9.4,148.15948486328125,3.281604528427124,14.399999618530273,12.238816261291504,1,3.2959794998168945,0.30000000000000004,12.700000000000001
4,1,0.0,17.2,10.5,-3.0428160615221307,6.1000000000000005,9.4,148.65948486328125,0.0,,,0,3.2783384323120117,0.30000000000000004,12.700000000000001
4,1,0.0,17.2,10.5,-3.0428160615221307,6.1000000000000005,9.4,149.15948486328125,3.2467570304870605,14.399999618530273,12.171819686889648,1,3.261132001876831,0.30000000000000004,12.700000000000001
4,1,0.0,17.2,10.5,-3.0428160615221307,6.1000000000000005,9.4,149.65948486328125,3.229976177215576,14.399999618530273,12.138845443725586,1,3.2443511486053467,0.30000000000000004,12.700000000000001
4,1,0.0,17.2,10.5,-3.0428160615221307,6.1000000000000005,9.4,150.15948486328125,3.213611602783203,14.399999618530273,12.106205940246582,1,3.2279865741729736,0.30000000000000004,12.700000000000001
4,1,0.0,17.2,10.5,-3.0428160615221307,6.1000000000000005,9.4,150.65948486328125,3.1976547241210938,14.399999618530273,12.073891639709473,1,3.2120296955108643,0.30000000000000004,12.700000000000001
4,1,0.0,17.2,10.5,-3.0428160615221307,6.1000000000000005,9.4,151.15948486328125,3.1820969581604004,14.399999618530273,12.041893005371094,1,3.196471929550171,0.30000000000000004,12.700000000000001
4,1,0.0,17.2,10.5,-3.0428160615221307,6.1000000000000005,9.4,151.65948486328125,3.1669304370880127,14.399999618530273,12.010199546813965,1,3.181305408477783,0.30000000000000004,12.700000000000001
4,1,0.0,17.2,10.5,-3.0428160615221307,6.1000000000000005,9.4,152.15948486328125,3.152147054672241,14.399999618530273,11.978803634643555,1,3.1665220260620117,0.30000000000000004,12.700000000000001
4,1,0.0,17.2,10.5,-3.0428160615221307,6.1000000000000005,9.4,152.65948486328125,3.137739419937134,14.399999618530273,11.947696685791016,1,3.1521143913269043,0.30000000000000004,12.700000000000001
4,1,0.0,17.2,10.5,-3.0428160615221307,6.1000000000000005,9.4,153.15948486328125,0.0,,,0,3.138075113296509,0.30000000000000004,12.700000000000001
4,1,0.0,17.2,10.5,-3.0428160615221307,6.1000000000000005,9.4,153.65948486328125,3.1100223064422607,14.399999618530273,11.886310577392578,1,3.1243972778320312,0.30000000000000004,12.700000000000001
4,1,0.0,17.2,10.5,-3.0428160615221307,6.1000000000000005,9.4,154.15948486328125,3.0966989994049072,14.399999618530273,11.856016159057617,1,3.1110739707946777,0.30000000000000004,12.700000000000001
4,1,0.0,17.2,10.5,-3.0428160615221307,6.1000000000000005,9.4,154.65948486328125,0.0,,,0,3.0980987548828125,0.30000000000000004,12.700000000000001
4,1,0.0,17.2,10.5,-3.0428160615221307,6.1000000000000005,9.4,155.15948486328125,3.0710904598236084,14.399999618530273,11.796185493469238,1,3.085465431213379,0.30000000000000004,12.700000000000001
4,1,0.0,17.2,10.5,-3.0428160615221307,6.1000000000000005,9.4,155.65948486328125,3.0587925910949707,14.399999618530273,11.766633033752441,1,3.073167562484741,0.30000000000000004,12.700000000000001
4,1,0.0,17.2,10.5,-3.0428160615221307,6.1000000000000005,9.4,156.15948486328125,3.0468246936798096,14.399999618530273,11.737313270568848,1,3.06119966506958,0.30000000000000004,12.700000000000001
4,1,0.0,17.2,10.5,-3.0428160615221307,6.1000000000000005,9.4,156.65948486328125,3.0351810455322266,14.399999618530273,11.708218574523926,1,3.049556016921997,0.30000000000000004,12.700000000000001
4,1,0.0,17.2,10.5,-3.0428160615221307,6.1000000000000005,9.4,157.15948486328125,0.0,,,0,3.038231134414673,0.30000000000000004,12.700000000000001
4,1,0.0,17.2,10.5,-3.0428160615221307,6.1000000000000005,9.4,157.65948486328125,3.0128445625305176,14.399999618530273,11.650677680969238,1,3.027219533920288,0.30000000000000004,12.700000000000001
4,1,0.0,17.2,10.5,-3.0428160615221307,6.1000000000000005,9.4,158.15948486328125,3.0021417140960693,14.399999618530273,11.622217178344727,1,3.01651668548584,0.30000000000000004,12.700000000000001
4,1,0.0,17.2,10.5,-3.0428160615221307,6.1000000000000005,9.4,158.65948486328125,2.9917421340942383,14.399999618530273,11.593955993652344,1,3.006117105484009,0.30000000000000004,12.700000000000001
4,1,0.0,17.2,10.5,-3.0428160615221307,6.1000000000000005,9.4,159.15948486328125,2.9816415309906006,14.399999618530273,11.565886497497559,1,2.996016502380371,0.30000000000000004,12.700000000000001
4,1,0.0,17.2,10.5,-3.0428160615221307,6.1000000000000005,9.4,159.65948486328125,2.971835136413574,14.399999618530273,11.538002967834473,1,2.9862101078033447,0.30000000000000004,12.700000000000001
4,1,0.0,17.2,10.5,-3.0428160615221307,6.1000000000000005,9.4,160.15948486328125,0.0,,,0,2.976693630218506,0.30000000000000004,12.700000000000001
4,1,0.0,17.2,10.5,-3.0428160615221307,6.1000000000000005,9.4,160.65948486328125,0.0,,,0,2.9674627780914307,0.30000000000000004,12.700000000000001
4,1,0.0,17.2,10.5,-3.0428160615221307,6.1000000000000005,9.4,161.15948486328125,2.944138765335083,14.399999618530273,11.455408096313477,1,2.9585137367248535,0.30000000000000004,12.700000000000001
4,1,0.0,17.2,10.5,-3.0428160615221307,6.1000000000000005,9.4,161.65948486328125,2.9354677200317383,14.399999618530273,11.428208351135254,1,2.949842691421509,0.30000000000000004,12.700000000000001
4,1,0.0,17.2,10.5,-3.0428160615221307,6.1000000000000005,9.4,162.15948486328125,2.927070379257202,14.399999618530273,11.401165962219238,1,2.9414453506469727,0.30000000000000004,12.700000000000001
4,1,0.0,17.2,10.5,-3.0428160615221307,6.1000000000000005,9.4,162.65948486328125,2.9189436435699463,14.399999618530273,11.374275207519531,1,2.933318614959717,0.30000000000000004,12.700000000000001
4,1,0.0,17.2,10.5,-3.0428160615221307,6.1000000000000005,9.4,163.15948486328125,2.911083698272705,14.399999618530273,11.34753131866455,1,2.9254586696624756,0.30000000000000004,12.700000000000001
4,1,0.0,17.2,10.5,-3.0428160615221307,6.1000000000000005,9.4,163.65948486328125,0.0,,,0,2.9178624153137207,0.30000000000000004,12.700000000000001
4,1,0.0,17.2,10.5,-3.0428160615221307,6.1000000000000005,9.4,164.15948486328125,0.0,,,0,2.910526752471924,0.30000000000000004,12.700000000000001
4,1,0.0,17.2,10.5,-3.0428160615221307,6.1000000000000005,9.4,164.65948486328125,2.889073133468628,14.399999618530273,11.268121719360352,1,2.9034481048583984,0.30000000000000004,12.700000000000001
4,1,0.0,17.2,10.5,-3.0428160615221307,6.1000000000000005,9.4,165.15948486328125,2.882249116897583,14.399999618530273,11.241910934448242,1,2.8966240882873535,0.30000000000000004,12.700000000000001
4,1,0.0,17.2,10.5,-3.0428160615221307,6.1000000000000005,9.4,165.65948486328125,2.8756766319274902,14.399999618530273,11.2158203125,1,2.8900516033172607,0.30000000000000004,12.700000000000001
4,1,0.0,17.2,10.5,-3.0428160615221307,6.1000000000000005,9.4,166.15948486328125,2.8693530559539795,14.399999618530273,11.18984603881836,1,2.88372802734375,0.30000000000000004,12.700000000000001
4,1,0.0,17.2,10.5,-3.0428160615221307,6.1000000000000005,9.4,166.65948486328125,2.8632757663726807,14.399999618530273,11.163983345031738,1,2.877650737762451,0.30000000000000004,12.700000000000001
4,1,0.0,17.2,10.5,-3.0428160615221307,6.1000000000000005,9.4,167.15948486328125,2.8574421405792236,14.399999618530273,11.138227462768555,1,2.871817111968994,0.30000000000000004,12.700000000000001
4,1,0.0,17.2,10.5,-3.0428160615221307,6.1000000000000005,9.4,167.65948486328125,0.0,,,0,2.866225004196167,0.30000000000000004,12.700000000000001
4,1,0.0,17.2,10.5,-3.0428160615221307,6.1000000000000005,9.4,168.15948486328125,0.0,,,0,2.8608720302581787,0.30000000000000004,12.700000000000001
4,1,0.0,17.2,10.5,-3.0428160615221307,6.1000000000000005,9.4,168.65948486328125,2.841381311416626,14.399999618530273,11.061554908752441,1,2.8557562828063965,0.30000000000000004,12.700000000000001
4,1,0.0,17.2,10.5,-3.0428160615221307,6.1000000000000005,9.4,169.15948486328125,2.836500406265259,14.399999618530273,11.036181449890137,1,2.8508753776550293,0.30000000000000004,12.700000000000001
4,1,0.0,17.2,10.5,-3.0428160615221307,6.1000000000000005,9.4,169.65948486328125,2.831852436065674,14.399999618530273,11.010891914367676,1,2.8462274074554443,0.30000000000000004,12.700000000000001
4,1,0.0,17.2,10.5,-3.0428160615221307,6.1000000000000005,9.4,170.15948486328125,2.8274357318878174,14.399999618530273,10.98568344116211,1,2.841810703277588,0.30000000000000004,12.700000000000001
4,1,0.0,17.2,10.5,-3.0428160615221307,6.1000000000000005,9.4,170.65948486328125,0.0,,,0,2.8376235961914062,0.30000000000000004,12.700000000000001
4,1,0.0,17.2,10.5,-3.0428160615221307,6.1000000000000005,9.4,171.15948486328125,2.819289207458496,14.399999618530273,10.935490608215332,1,2.8336641788482666,0.30000000000000004,12.700000000000001
4,1,0.0,17.2,10.5,-3.0428160615221307,6.1000000000000005,9.4,171.65948486328125,2.8155558109283447,14.399999618530273,10.91049861907959,1,2.8299307823181152,0.30000000000000004,12.700000000000001
4,1,0.0,17.2,10.5,-3.0428160615221307,6.1000000000000005,9.4,172.15948486328125,2.8120474815368652,14.399999618530273,10.88556957244873,1,2.8264224529266357,0.30000000000000004,12.700000000000001
4,1,0.0,17.2,10.5,-3.0428160615221307,6.1000000000000005,9.4,172.65948486328125,2.808762550354004,14.399999618530273,10.860700607299805,1,2.8231375217437744,0.30000000000000004,12.700000000000001
4,1,0.0,17.2,10.5,-3.0428160615221307,6.1000000000000005,9.4,173.15948486328125,0.0,,,0,2.8200745582580566,0.30000000000000004,12.700000000000001
4,1,0.0,17.2,10.5,-3.0428160615221307,6.1000000000000005,9.4,173.65948486328125,2.8028576374053955,14.399999618530273,10.811127662658691,1,2.817232608795166,0.30000000000000004,12.700000000000001
4,1,0.0,17.2,10.5,-3.0428160615221307,6.1000000000000005,9.4,174.15948486328125,2.8002357482910156,14.399999618530273,10.78641414642334,1,2.814610719680786,0.30000000000000004,12.700000000000001
4,1,0.0,17.2,10.5,-3.0428160615221307,6.1000000000000005,9.4,174.65948486328125,2.797832489013672,14.399999618530273,10.76174545288086,1,2.8122074604034424,0.30000000000000004,12.700000000000001
4,1,0.0,17.2,10.5,-3.0428160615221307,6.1000000000000005,9.4,175.15948486328125,2.795647144317627,14.399999618530273,10.737116813659668,1,2.8100221157073975,0.30000000000000004,12.700000000000001
4,1,0.0,17.2,10.5,-3.0428160615221307,6.1000000000000005,9.4,175.65948486328125,2.7936789989471436,14.399999618530273,10.7125244140625,1,2.808053970336914,0.30000000000000004,12.700000000000001
4,1,0.0,17.2,10.5,-3.0428160615221307,6.1000000000000005,9.4,176.15948486328125,2.7919270992279053,14.399999618530273,10.68796443939209,1,2.806302070617676,0.30000000000000004,12.700000000000001
4,1,0.0,17.2,10.5,-3.0428160615221307,6.1000000000000005,9.4,176.65948486328125,2.790390729904175,14.399999618530273,10.663434028625488,1,2.8047657012939453,0.30000000000000004,12.700000000000001
4,1,0.0,17.2,10.5,-3.0428160615221307,6.1000000000000005,9.4,177.15948486328125,2.789069414138794,14.399999618530273,10.638927459716797,1,2.8034443855285645,0.30000000000000004,12.700000000000001
4,1,0.0,17.2,10.5,-3.0428160615221307,6.1000000000000005,9.4,177.65948486328125,2.7879629135131836,14.399999618530273,10.614442825317383,1,2.802337884902954,0.30000000000000004,12.700000000000001
4,1,0.0,17.2,10.5,-3.0428160615221307,6.1000000000000005,9.4,178.15948486328125,2.7870702743530273,14.399999618530273,10.589975357055664,1,2.801445245742798,0.30000000000000004,12.700000000000001
4,1,0.0,17.2,10.5,-3.0428160615221307,6.1000000000000005,9.4,178.65948486328125,2.786391496658325,14.399999618530273,10.565522193908691,1,2.8007664680480957,0.30000000000000004,12.700000000000001
4,1,0.0,17.2,10.5,-3.0428160615221307,6.1000000000000005,9.4,179.15948486328125,2.785926342010498,14.399999618530273,10.541078567504883,1,2.8003013134002686,0.30000000000000004,12.700000000000001
4,1,0.0,17.2,10.5,-3.0428160615221307,6.1000000000000005,9.4,179.65948486328125,2.785674571990967,14.399999618530273,10.516640663146973,1,2.8000495433807373,0.30000000000000004,12.700000000000001
4,1,0.0,17.2,10.5,-3.0428160615221307,6.1000000000000005,9.4,180.15948486328125,2.7856359481811523,14.399999618530273,10.492206573486328,1,2.800010919570923,0.30000000000000004,12.700000000000001
4,1,0.0,17.2,10.5,-3.0428160615221307,6.1000000000000005,9.4,180.65948486328125,2.7858104705810547,14.399999618530273,10.46777057647705,1,2.800185441970825,0.30000000000000004,12.700000000000001
4,1,0.0,17.2,10.5,-3.0428160615221307,6.1000000000000005,9.4,181.15948486328125,2.786198377609253,14.399999618530273,10.443328857421875,1,2.8005733489990234,0.30000000000000004,12.700000000000001
4,1,0.0,17.2,10.5,-3.0428160615221307,6.1000000000000005,9.4,181.65948486328125,2.786799907684326,14.399999618530273,10.418879508972168,1,2.8011748790740967,0.30000000000000004,12.700000000000001
4,1,0.0,17.2,10.5,-3.0428160615221307,6.1000000000000005,9.4,182.15948486328125,0.0,,,0,2.801990032196045,0.30000000000000004,12.700000000000001
4,1,0.0,17.2,10.5,-3.0428160615221307,6.1000000000000005,9.4,182.65948486328125,0.0,,,0,2.8030190467834473,0.30000000000000004,12.700000000000001
4,1,0.0,17.2,10.5,-3.0428160615221307,6.1000000000000005,9.4,183.15948486328125,2.7898874282836914,14.399999618530273,10.345441818237305,1,2.804262399673462,0.30000000000000004,12.700000000000001
4,1,0.0,17.2,10.5,-3.0428160615221307,6.1000000000000005,9.4,183.65948486328125,2.7913458347320557,14.399999618530273,10.32091999053955,1,2.805720806121826,0.30000000000000004,12.700000000000001
4,1,0.0,17.2,10.5,-3.0428160615221307,6.1000000000000005,9.4,184.15948486328125,0.0,,,0,2.807394504547119,0.30000000000000004,12.700000000000001
4,1,0.0,17.2,10.5,-3.0428160615221307,6.1000000000000005,9.4,184.65948486328125,0.0,,,0,2.8092844486236572,0.30000000000000004,12.700000000000001
4,1,0.0,17.2,10.5,-3.0428160615221307,6.1000000000000005,9.4,185.15948486328125,2.797016143798828,14.399999618530273,10.247176170349121,1,2.8113911151885986,0.30000000000000004,12.700000000000001
4,1,0.0,17.2,10.5,-3.0428160615221307,6.1000000000000005,9.4,185.65948486328125,0.0,,,0,2.8137152194976807,0.30000000000000004,12.700000000000001
4,1,0.0,17.2,10.5,-3.0428160615221307,6.1000000000000005,9.4,186.15948486328125,2.8018829822540283,14.399999618530273,10.197826385498047,1,2.816257953643799,0.30000000000000004,12.700000000000001
4,1,0.0,17.2,10.5,-3.0428160615221307,6.1000000000000005,9.4,186.65948486328125,2.804645299911499,14.399999618530273,10.173083305358887,1,2.8190202713012695,0.30000000000000004,12.700000000000001
4,1,0.0,17.2,10.5,-3.0428160615221307,6.1000000000000005,9.4,187.15948486328125,2.8076279163360596,14.399999618530273,10.148289680480957,1,2.82200288772583,0.30000000000000004,12.700000000000001
4,1,0.0,17.2,10.5,-3.0428160615221307,6.1000000000000005,9.4,187.65948486328125,2.8108322620391846,14.399999618530273,10.123441696166992,1,2.825207233428955,0.30000000000000004,12.700000000000001
4,1,0.0,17.2,10.5,-3.0428160615221307,6.1000000000000005,9.4,188.15948486328125,0.0,,,0,2.828634738922119,0.30000000000000004,12.700000000000001
4,1,0.0,17.2,10.5,-3.0428160615221307,6.1000000000000005,9.4,188.65948486328125,0.0,,,0,2.8322863578796387,0.30000000000000004,12.700000000000001
4,1,0.0,17.2,10.5,-3.0428160615221307,6.1000000000000005,9.4,189.15948486328125,2.821788787841797,14.399999618530273,10.048530578613281,1,2.8361637592315674,0.30000000000000004,12.700000000000001
4,1,0.0,17.2,10.5,-3.0428160615221307,6.1000000000000005,9.4,189.65948486328125,2.8258934020996094,14.399999618530273,10.023425102233887,1,2.84026837348938,0.30000000000000004,12.700000000000001
4,1,0.0,17.2,10.5,-3.0428160615221307,6.1000000000000005,9.4,190.15948486328125,2.8302266597747803,14.399999618530273,9.998244285583496,1,2.844601631164551,0.30000000000000004,12.700000000000001
4,1,0.0,17.2,10.5,-3.0428160615221307,6.1000000000000005,9.4,190.65948486328125,2.8347907066345215,14.399999618530273,9.97298526763916,1,2.849165678024292,0.30000000000000004,12.700000000000001
4,1,0.0,17.2,10.5,-3.0428160615221307,6.1000000000000005,9.4,191.15948486328125,2.8395869731903076,14.399999618530273,9.94764232635498,1,2.853961944580078,0.30000000000000004,12.700000000000001
4,1,0.0,17.2,10.5,-3.0428160615221307,6.1000000000000005,9.4,191.65948486328125,2.8446176052093506,14.399999618530273,9.922212600708008,1,2.858992576599121,0.30000000000000004,12.700000000000001
4,1,0.0,17.2,10.5,-3.0428160615221307,6.1000000000000005,9.4,192.15948486328125,0.0,,,0,2.8642594814300537,0.30000000000000004,12.700000000000001
4,1,0.0,17.2,10.5,-3.0428160615221307,6.1000000000000005,9.4,192.65948486328125,2.8553895950317383,14.399999618530273,9.871072769165039,1,2.869764566421509,0.30000000000000004,12.700000000000001
4,1,0.0,17.2,10.5,-3.0428160615221307,6.1000000000000005,9.4,193.15948486328125,2.861135482788086,14.399999618530273,9.845355033874512,1,2.8755104541778564,0.30000000000000004,12.700000000000001
4,1,0.0,17.2,10.5,-3.0428160615221307,6.1000000000000005,9.4,193.65948486328125,0.0,,,0,2.8814992904663086,0.30000000000000004,12.700000000000001
4,1,0.0,17.2,10.5,-3.0428160615221307,6.1000000000000005,9.4,194.15948486328125,2.8733584880828857,14.399999618530273,9.793597221374512,1,2.8877334594726562,0.30000000000000004,12.700000000000001
4,1,0.0,17.2,10.5,-3.0428160615221307,6.1000000000000005,9.4,194.65948486328125,2.879840612411499,14.399999618530273,9.767549514770508,1,2.8942155838012695,0.30000000000000004,12.700000000000001
4,1,0.0,17.2,10.5,-3.0428160615221307,6.1000000000000005,9.4,195.15948486328125,2.886573076248169,14.399999618530273,9.741382598876953,1,2.9009480476379395,0.30000000000000004,12.700000000000001
4,1,0.0,17.2,10.5,-3.0428160615221307,6.1000000000000005,9.4,195.65948486328125,2.893559217453003,14.399999618530273,9.715091705322266,1,2.9079341888427734,0.30000000000000004,12.700000000000001
4,1,0.0,17.2,10.5,-3.0428160615221307,6.1000000000000005,9.4,196.15948486328125,2.900801420211792,14.399999618530273,9.688671112060547,1,2.9151763916015625,0.30000000000000004,12.700000000000001
4,1,0.0,17.2,10.5,-3.0428160615221307,6.1000000000000005,9.4,196.65948486328125,2.9083030223846436,14.399999618530273,9.662117958068848,1,2.922677993774414,0.30000000000000004,12.700000000000001
4,1,0.0,17.2,10.5,-3.0428160615221307,6.1000000000000005,9.4,197.15948486328125,2.916067123413086,14.399999618530273,9.635424613952637,1,2.9304420948028564,0.30000000000000004,12.700000000000001
4,1,0.0,17.2,10.5,-3.0428160615221307,6.1000000000000005,9.4,197.65948486328125,2.9240968227386475,14.399999618530273,9.608587265014648,1,2.938471794128418,0.30000000000000004,12.700000000000001
4,1,0.0,17.2,10.5,-3.0428160615221307,6.1000000000000005,9.4,198.15948486328125,2.9323956966400146,14.399999618530273,9.581600189208984,1,2.946770668029785,0.30000000000000004,12.700000000000001
4,1,0.0,17.2,10.5,-3.0428160615221307,6.1000000000000005,9.4,198.65948486328125,2.940967321395874,14.399999618530273,9.554458618164062,1,2.9553422927856445,0.30000000000000004,12.700000000000001
4,1,0.0,17.2,10.5,-3.0428160615221307,6.1000000000000005,9.4,199.15948486328125,2.949815273284912,14.399999618530273,9.527156829833984,1,2.9641902446746826,0.30000000000000004,12.700000000000001
4,1,0.0,17.2,10.5,-3.0428160615221307,6.1000000000000005,9.4,199.65948486328125,2.9589436054229736,14.399999618530273,9.499688148498535,1,2.973318576812744,0.30000000000000004,12.700000000000001
4,1,0.0,17.2,10.5,-3.0428160615221307,6.1000000000000005,9.4,200.15948486328125,2.968356132507324,14.399999618530273,9.472047805786133,1,2.9827311038970947,0.30000000000000004,12.700000000000001
4,1,0.0,17.2,10.5,-3.0428160615221307,6.1000000000000005,9.4,200.65948486328125,2.9780571460723877,14.399999618530273,9.444230079650879,1,2.992432117462158,0.30000000000000004,12.700000000000001
4,1,0.0,17.2,10.5,-3.0428160615221307,6.1000000000000005,9.4,201.15948486328125,2.988050699234009,14.399999618530273,9.416229248046875,1,3.0024256706237793,0.30000000000000004,12.700000000000001
4,1,0.0,17.2,10.5,-3.0428160615221307,6.1000000000000005,9.4,201.65948486328125,2.9983413219451904,14.399999618530273,9.38803768157959,1,3.012716293334961,0.30000000000000004,12.700000000000001
4,1,0.0,17.2,10.5,-3.0428160615221307,6.1000000000000005,9.4,202.15948486328125,3.0089340209960938,14.399999618530273,9.359650611877441,1,3.0233089923858643,0.30000000000000004,12.700000000000001
4,1,0.0,17.2,10.5,-3.0428160615221307,6.1000000000000005,9.4,202.65948486328125,0.0,,,0,3.034208297729492,0.30000000000000004,12.700000000000001
4,1,0.0,17.2,10.5,-3.0428160615221307,6.1000000000000005,9.4,203.15948486328125,0.0,,,0,3.0454189777374268,0.30000000000000004,12.700000000000001
4,1,0.0,17.2,10.5,-3.0428160615221307,6.1000000000000005,9.4,203.65948486328125,3.042571783065796,14.399999618530273,9.273246765136719,1,3.0569467544555664,0.30000000000000004,12.700000000000001
4,1,0.0,17.2,10.5,-3.0428160615221307,6.1000000000000005,9.4,204.15948486328125,3.0544216632843018,14.399999618530273,9.244009017944336,1,3.0687966346740723,0.30000000000000004,12.700000000000001
4,1,0.0,17.2,10.5,-3.0428160615221307,6.1000000000000005,9.4,204.65948486328125,3.066599130630493,14.399999618530273,9.214542388916016,1,3.0809741020202637,0.30000000000000004,12.700000000000001
4,1,0.0,17.2,10.5,-3.0428160615221307,6.1000000000000005,9.4,205.15948486328125,0.0,,,0,3.0934853553771973,0.30000000000000004,12.700000000000001
4,1,0.0,17.2,10.5,-3.0428160615221307,6.1000000000000005,9.4,205.65948486328125,3.091961145401001,14.399999618530273,9.154889106750488,1,3.1063361167907715,0.30000000000000004,12.700000000000001
4,1,0.0,17.2,10.5,-3.0428160615221307,6.1000000000000005,9.4,206.15948486328125,3.1051576137542725,14.399999618530273,9.124688148498535,1,3.119532585144043,0.30000000000000004,12.700000000000001
4,1,0.0,17.2,10.5,-3.0428160615221307,6.1000000000000005,9.4,206.65948486328125,3.118706226348877,14.399999618530273,9.094226837158203,1,3.1330811977386475,0.30000000000000004,12.700000000000001
4,1,0.0,17.2,10.5,-3.0428160615221307,6.1000000000000005,9.4,207.15948486328125,0.0,,,0,3.146988868713379,0.30000000000000004,12.700000000000001
4,1,0.0,17.2,10.5,-3.0428160615221307,6.1000000000000005,9.4,207.65948486328125,3.1468873023986816,14.399999618530273,9.032491683959961,1,3.161262273788452,0.30000000000000004,12.700000000000001
4,1,0.0,17.2,10.5,-3.0428160615221307,6.1000000000000005,9.4,208.15948486328125,3.161533832550049,14.399999618530273,9.001201629638672,1,3.1759088039398193,0.30000000000000004,12.700000000000001
4,1,0.0,17.2,10.5,-3.0428160615221307,6.1000000000000005,9.4,208.65948486328125,0.0,,,0,3.1909358501434326,0.30000000000000004,12.700000000000001
4,1,0.0,17.2,10.5,-3.0428160615221307,6.1000000000000005,9.4,209.15948486328125,3.1919758319854736,14.399999618530273,8.93773078918457,1,3.206350803375244,0.30000000000000004,12.700000000000001
4,1,0.0,17.2,10.5,-3.0428160615221307,6.1000000000000005,9.4,209.65948486328125,3.207787275314331,14.399999618530273,8.905531883239746,1,3.2221622467041016,0.30000000000000004,12.700000000000001
4,1,0.0,17.2,10.5,-3.0428160615221307,6.1000000000000005,9.4,210.15948486328125,3.224003314971924,14.399999618530273,8.873010635375977,1,3.2383782863616943,0.30000000000000004,12.700000000000001
4,1,0.0,17.2,10.5,-3.0428160615221307,6.1000000000000005,9.4,210.65948486328125,0.0,,,0,3.25500750541687,0.30000000000000004,12.700000000000001
4,1,0.0,17.2,10.5,-3.0428160615221307,6.1000000000000005,9.4,211.15948486328125,3.257683753967285,14.399999618530273,8.806964874267578,1,3.2720587253570557,0.30000000000000004,12.700000000000001
4,1,0.0,17.2,10.5,-3.0428160615221307,6.1000000000000005,9.4,211.65948486328125,3.2751662731170654,14.399999618530273,8.773419380187988,1,3.289541244506836,0.30000000000000004,12.700000000000001
4,1,0.0,17.2,10.5,-3.0428160615221307,6.1000000000000005,9.4,212.15948486328125,3.2930901050567627,14.399999618530273,8.739509582519531,1,3.307465076446533,0.30000000000000004,12.700000000000001
4,1,0.0,17.2,10.5,-3.0428160615221307,6.1000000000000005,9.4,212.65948486328125,3.311464786529541,14.399999618530273,8.70522689819336,1,3.3258397579193115,0.30000000000000004,12.700000000000001
4,1,0.0,17.2,10.5,-3.0428160615221307,6.1000000000000005,9.4,213.15948486328125,0.0,,,0,3.3446760177612305,0.30000000000000004,12.700000000000001
4,1,0.0,17.2,10.5,-3.0428160615221307,6.1000000000000005,9.4,213.65948486328125,3.349609613418579,14.399999618530273,8.635491371154785,1,3.3639845848083496,0.30000000000000004,12.700000000000001
4,1,0.0,17.2,10.5,-3.0428160615221307,6.1000000000000005,9.4,214.15948486328125,3.369401454925537,14.399999618530273,8.600015640258789,1,3.3837764263153076,0.30000000000000004,12.700000000000001
4,1,0.0,17.2,10.5,-3.0428160615221307,6.1000000000000005,9.4,214.65948486328125,3.38968825340271,14.399999618530273,8.564116477966309,1,3.4040632247924805,0.30000000000000004,12.700000000000001
4,1,0.0,17.2,10.5,-3.0428160615221307,6.1000000000000005,9.4,215.15948486328125,3.410482168197632,14.399999618530273,8.52778148651123,1,3.4248571395874023,0.30000000000000004,12.700000000000001
4,1,0.0,17.2,10.5,-3.0428160615221307,6.1000000000000005,9.4,215.65948486328125,3.431795835494995,14.399999618530273,8.490997314453125,1,3.4461708068847656,0.30000000000000004,12.700000000000001
4,1,0.0,17.2,10.5,-3.0428160615221307,6.1000000000000005,9.4,216.15948486328125,3.4536421298980713,14.399999618530273,8.45374870300293,1,3.468017101287842,0.30000000000000004,12.700000000000001
4,1,0.0,17.2,10.5,-3.0428160615221307,6.1000000000000005,9.4,216.65948486328125,3.4760348796844482,14.399999618530273,8.416023254394531,1,3.4904098510742188,0.30000000000000004,12.700000000000001
4,1,0.0,17.2,10.5,-3.0428160615221307,6.1000000000000005,9.4,217.15948486328125,3.4989876747131348,14.399999618530273,8.377803802490234,1,3.5133626461029053,0.30000000000000004,12.700000000000001
4,1,0.0,17.2,10.5,-3.0428160615221307,6.1000000000000005,9.4,217.65948486328125,3.5225157737731934,14.399999618530273,8.339075088500977,1,3.536890745162964,0.30000000000000004,12.700000000000001
4,1,0.0,17.2,10.5,-3.0428160615221307,6.1000000000000005,9.4,218.15948486328125,3.5466339588165283,14.399999618530273,8.299821853637695,1,3.561008930206299,0.30000000000000004,12.700000000000001
4,1,0.0,17.2,10.5,-3.0428160615221307,6.1000000000000005,9.4,218.65948486328125,3.5713582038879395,14.399999618530273,8.260025978088379,1,3.58573317527771,0.30000000000000004,12.700000000000001
4,1,0.0,17.2,10.5,-3.0428160615221307,6.1000000000000005,9.4,219.15948486328125,3.596705198287964,14.399999618530273,8.219671249389648,1,3.6110801696777344,0.30000000000000004,12.700000000000001
4,1,0.0,17.2,10.5,-3.0428160615221307,6.1000000000000005,9.4,219.65948486328125,3.622692108154297,14.399999618530273,8.178738594055176,1,3.6370670795440674,0.30000000000000004,12.700000000000001
4,1,0.0,17.2,10.5,-3.0428160615221307,6.1000000000000005,9.4,220.15948486328125,3.649336576461792,14.399999618530273,8.137208938598633,1,3.6637115478515625,0.30000000000000004,12.700000000000001
4,1,0.0,17.2,10.5,-3.0428160615221307,6.1000000000000005,9.4,220.65948486328125,3.6766576766967773,14.399999618530273,8.095063209533691,1,3.691032648086548,0.30000000000000004,12.700000000000001
4,1,0.0,17.2,10.5,-3.0428160615221307,6.1000000000000005,9.4,221.15948486328125,3.704674482345581,14.399999618530273,8.05228042602539,1,3.7190494537353516,0.30000000000000004,12.700000000000001
4,1,0.0,17.2,10.5,-3.0428160615221307,6.1000000000000005,9.4,221.65948486328125,0.0,,,0,3.7477827072143555,0.30000000000000004,12.700000000000001
4,1,0.0,17.2,10.5,-3.0428160615221307,6.1000000000000005,9.4,222.15948486328125,0.0,,,0,3.7772531509399414,0.30000000000000004,12.700000000000001
4,1,0.0,17.2,10.5,-3.0428160615221307,6.1000000000000005,9.4,222.65948486328125,0.0,,,0,3.807482957839966,0.30000000000000004,12.700000000000001
4,1,0.0,17.2,10.5,-3.0428160615221307,6.1000000000000005,9.4,223.15948486328125,0.0,,,0,3.8384950160980225,0.30000000000000004,12.700000000000001
4,1,0.0,17.2,10.5,-3.0428160615221307,6.1000000000000005,9.4,223.65948486328125,3.8559389114379883,14.399999618530273,7.828047752380371,1,3.870313882827759,0.30000000000000004,12.700000000000001
4,1,0.0,17.2,10.5,-3.0428160615221307,6.1000000000000005,9.4,224.15948486328125,3.888589382171631,14.399999618530273,7.780969142913818,1,3.9029643535614014,0.30000000000000004,12.700000000000001
4,1,0.0,17.2,10.5,-3.0428160615221307,6.1000000000000005,9.4,224.65948486328125,3.9220974445343018,14.399999618530273,7.733085632324219,1,3.9364724159240723,0.30000000000000004,12.700000000000001
4,1,0.0,17.2,10.5,-3.0428160615221307,6.1000000000000005,9.4,225.15948486328125,0.0,,,0,3.9708662033081055,0.30000000000000004,12.700000000000001
4,1,0.0,17.2,10.5,-3.0428160615221307,6.1000000000000005,9.4,225.65948486328125,0.0,,,0,4.006174087524414,0.30000000000000004,12.700000000000001
4,1,0.0,17.2,10.5,-3.0428160615221307,6.1000000000000005,9.4,226.15948486328125,0.0,,,0,4.042425632476807,0.30000000000000004,12.700000000000001
4,1,0.0,17.2,10.5,-3.0428160615221307,6.1000000000000005,9.4,226.65948486328125,4.06527853012085,14.399999618530273,7.532918930053711,1,4.079653263092041,0.30000000000000004,12.700000000000001
4,1,0.0,17.2,10.5,-3.0428160615221307,6.1000000000000005,9.4,227.15948486328125,4.103514671325684,14.399999618530273,7.480561256408691,1,4.117889404296875,0.30000000000000004,12.700000000000001
4,1,0.0,17.2,10.5,-3.0428160615221307,6.1000000000000005,9.4,227.65948486328125,4.142793655395508,14.399999618530273,7.427208423614502,1,4.157168388366699,0.30000000000000004,12.700000000000001
4,1,0.0,17.2,10.5,-3.0428160615221307,6.1000000000000005,9.4,228.15948486328125,4.183152198791504,14.399999618530273,7.372823715209961,1,4.197526931762695,0.30000000000000004,12.700000000000001
4,1,0.0,17.2,10.5,-3.0428160615221307,6.1000000000000005,9.4,228.65948486328125,4.224627494812012,14.399999618530273,7.317368984222412,1,4.239002227783203,0.30000000000000004,12.700000000000001
4,1,0.0,17.2,10.5,-3.0428160615221307,6.1000000000000005,9.4,229.15948486328125,0.0,,,0,4.281635284423828,0.30000000000000004,12.700000000000001
4,1,0.0,17.2,10.5,-3.0428160615221307,6.1000000000000005,9.4,229.65948486328125,4.311092376708984,14.399999618530273,7.20308256149292,1,4.325467109680176,0.30000000000000004,12.700000000000001
4,1,0.0,17.2,10.5,-3.0428160615221307,6.1000000000000005,9.4,230.15948486328125,4.356166839599609,14.399999618530273,7.144164085388184,1,4.370541572570801,0.30000000000000004,12.700000000000001
4,1,0.0,17.2,10.5,-3.0428160615221307,6.1000000000000005,9.4,230.65948486328125,4.402531147003174,14.399999618530273,7.084000110626221,1,4.416905879974365,0.30000000000000004,12.700000000000001
4,1,0.0,17.2,10.5,-3.0428160615221307,6.1000000000000005,9.4,231.15948486328125,4.450232982635498,14.399999618530273,7.022541046142578,1,4.4646077156066895,0.30000000000000004,12.700000000000001
4,1,0.0,17.2,10.5,-3.0428160615221307,6.1000000000000005,9.4,231.65948486328125,0.0,,,0,4.513698577880859,0.30000000000000004,12.700000000000001
4,1,0.0,17.2,10.5,-3.0428160615221307,6.1000000000000005,9.4,232.15948486328125,4.5498576164245605,14.399999618530273,6.8955278396606445,1,4.564232349395752,0.30000000000000004,12.700000000000001
4,1,0.0,17.2,10.5,-3.0428160615221307,6.1000000000000005,9.4,232.65948486328125,4.60189151763916,14.399999618530273,6.829861640930176,1,4.616266250610352,0.30000000000000004,12.700000000000001
4,1,0.0,17.2,10.5,-3.0428160615221307,6.1000000000000005,9.4,233.15948486328125,4.655485153198242,14.399999618530273,6.762675762176514,1,4.669859886169434,0.30000000000000004,12.700000000000001
4,1,0.0,17.2,10.5,-3.0428160615221307,6.1000000000000005,9.4,233.65948486328125,4.710701942443848,14.399999618530273,6.693906307220459,1,4.725076675415039,0.30000000000000004,12.700000000000001
4,1,0.0,17.2,10.5,-3.0428160615221307,6.1000000000000005,9.4,234.15948486328125,4.767608642578125,14.399999618530273,6.623485565185547,1,4.781983375549316,0.30000000000000004,12.700000000000001
4,1,0.0,17.2,10.5,-3.0428160615221307,6.1000000000000005,9.4,234.65948486328125,4.826275825500488,14.399999618530273,6.551342010498047,1,4.84065055847168,0.30000000000000004,12.700000000000001
4,1,0.0,17.2,10.5,-3.0428160615221307,6.1000000000000005,9.4,235.15948486328125,4.886778354644775,14.399999618530273,6.477401256561279,1,4.901153087615967,0.30000000000000004,12.700000000000001
4,1,0.0,17.2,10.5,-3.0428160615221307,6.1000000000000005,9.4,235.65948486328125,4.949195384979248,14.399999618530273,6.40158224105835,1,4.9635701179504395,0.30000000000000004,12.700000000000001
4,1,0.0,17.2,10.5,-3.0428160615221307,6.1000000000000005,9.4,236.15948486328125,0.0,,,0,5.027985095977783,0.30000000000000004,12.700000000000001
4,1,0.0,17.2,10.5,-3.0428160615221307,6.1000000000000005,9.4,236.65948486328125,0.0,,,0,5.094486713409424,0.30000000000000004,12.700000000000001
4,1,0.0,17.2,10.5,-3.0428160615221307,6.1000000000000005,9.4,237.15948486328125,0.0,,,0,5.163169860839844,0.30000000000000004,12.700000000000001
4,1,0.0,17.2,10.5,-3.0428160615221307,6.1000000000000005,9.4,237.65948486328125,0.0,,,0,5.234134197235107,0.30000000000000004,12.700000000000001
4,1,0.0,17.2,10.5,-3.0428160615221307,6.1000000000000005,9.4,238.15948486328125,5.293111801147461,14.399999618530273,5.991185188293457,1,5.307486534118652,0.30000000000000004,12.700000000000001
4,1,0.0,17.2,10.5,-3.0428160615221307,6.1000000000000005,9.4,238.65948486328125,5.368964672088623,14.399999618530273,5.90213680267334,1,5.3833394050598145,0.30000000000000004,12.700000000000001
4,1,0.0,17.2,10.5,-3.0428160615221307,6.1000000000000005,9.4,239.15948486328125,0.0,,,0,5.4618144035339355,0.30000000000000004,12.700000000000001
4,1,0.0,17.2,10.5,-3.0428160615221307,6.1000000000000005,9.4,239.65948486328125,0.0,,,0,5.543038845062256,0.30000000000000004,12.700000000000001
4,1,0.0,17.2,10.5,-3.0428160615221307,6.1000000000000005,9.4,240.15948486328125,5.612776279449463,14.399999618530273,5.618931770324707,1,5.627151012420654,0.30000000000000004,12.700000000000001
4,1,0.0,17.2,10.5,-3.0428160615221307,6.1000000000000005,9.4,240.65948486328125,0.0,,,0,5.714296817779541,0.30000000000000004,12.700000000000001
4,1,0.0,17.2,10.5,-3.0428160615221307,6.1000000000000005,9.4,241.15948486328125,5.790258884429932,14.399999618530273,5.415339469909668,1,5.804633617401123,0.30000000000000004,12.700000000000001
4,1,0.0,17.2,10.5,-3.0428160615221307,6.1000000000000005,9.4,241.65948486328125,5.883954048156738,14.399999618530273,5.308633804321289,1,5.89832878112793,0.30000000000000004,12.700000000000001
4,1,0.0,17.2,10.5,-3.0428160615221307,6.1000000000000005,9.4,242.15948486328125,5.981187343597412,14.399999618530273,5.198418617248535,1,5.9955620765686035,0.30000000000000004,12.700000000000001
4,1,0.0,17.2,10.5,-3.0428160615221307,6.1000000000000005,9.4,242.65948486328125,6.082152843475342,14.399999618530273,5.084499359130859,1,6.096527576446533,0.30000000000000004,12.700000000000001
4,1,0.0,17.2,10.5,-3.0428160615221307,6.1000000000000005,9.4,243.15948486328125,6.187057018280029,14.399999618530273,4.966668605804443,1,6.201431751251221,0.30000000000000004,12.700000000000001
4,1,0.0,17.2,10.5,-3.0428160615221307,6.1000000000000005,9.4,243.65948486328125,6.296123504638672,14.399999618530273,4.84470272064209,1,6.310498237609863,0.30000000000000004,12.700000000000001
4,1,0.0,17.2,10.5,-3.0428160615221307,6.1000000000000005,9.4,244.15948486328125,6.409593105316162,14.399999618530273,4.718359470367432,1,6.4239678382873535,0.30000000000000004,12.700000000000001
4,1,0.0,17.2,10.5,-3.0428160615221307,6.1000000000000005,9.4,244.65948486328125,6.527725696563721,14.399999618530273,4.5873799324035645,1,6.542100429534912,0.30000000000000004,12.700000000000001
4,1,0.0,17.2,10.5,-3.0428160615221307,6.1000000000000005,9.4,245.15948486328125,6.650801181793213,14.399999618530273,4.451481819152832,1,6.665175914764404,0.30000000000000004,12.700000000000001
4,1,0.0,17.2,10.5,-3.0428160615221307,6.1000000000000005,9.4,245.65948486328125,6.779123783111572,14.399999618530273,4.310361862182617,1,6.793498516082764,0.30000000000000004,12.700000000000001
4,1,0.0,17.2,10.5,-3.0428160615221307,6.1000000000000005,9.4,246.15948486328125,6.913022041320801,14.399999618530273,4.163689613342285,1,6.927396774291992,0.30000000000000004,12.700000000000001
4,1,0.0,17.2,10.5,-3.0428160615221307,6.1000000000000005,9.4,246.65948486328125,7.052854061126709,14.399999618530273,4.011107921600342,1,7.0672287940979,0.30000000000000004,12.700000000000001
4,1,0.0,17.2,10.5,-3.0428160615221307,6.1000000000000005,9.4,247.15948486328125,7.199007987976074,14.399999618530273,3.852226972579956,1,7.213382720947266,0.30000000000000004,12.700000000000001
4,1,0.0,17.2,10.5,-3.0428160615221307,6.1000000000000005,9.4,247.65948486328125,7.351907253265381,14.399999618530273,3.6866228580474854,1,7.366281986236572,0.30000000000000004,12.700000000000001
4,1,0.0,17.2,10.5,-3.0428160615221307,6.1000000000000005,9.4,248.15948486328125,7.512014389038086,14.399999618530273,3.5138325691223145,1,7.526389122009277,0.30000000000000004,12.700000000000001
4,1,0.0,17.2,10.5,-3.0428160615221307,6.1000000000000005,9.4,248.65948486328125,7.679835319519043,14.399999618530273,3.333350419998169,1,7.694210052490234,0.30000000000000004,12.700000000000001
4,1,0.0,17.2,10.5,-3.0428160615221307,6.1000000000000005,9.4,249.15948486328125,7.855923652648926,14.399999618530273,3.1446211338043213,1,7.870298385620117,0.30000000000000004,12.700000000000001
4,1,0.0,17.2,10.5,-3.0428160615221307,6.1000000000000005,9.4,249.65948486328125,8.040888786315918,14.399999618530273,2.947035789489746,1,8.05526351928711,0.30000000000000004,12.700000000000001
4,1,0.0,17.2,10.5,-3.0428160615221307,6.1000000000000005,9.4,250.15948486328125,8.235400199890137,14.399999618530273,2.7399237155914307,1,8.249774932861328,0.30000000000000004,12.700000000000001
4,1,0.0,17.2,10.5,-3.0428160615221307,6.1000000000000005,9.4,250.65948486328125,8.440197944641113,14.399999618530273,2.5225446224212646,1,8.454572677612305,0.30000000000000004,12.700000000000001
4,1,0.0,17.2,10.5,-3.0428160615221307,6.1000000000000005,9.4,251.15948486328125,8.656099319458008,14.399999618530273,2.2940804958343506,1,8.6704740524292,0.30000000000000004,12.700000000000001
4,1,0.0,17.2,10.5,-3.0428160615221307,6.1000000000000005,9.4,251.65948486328125,0.0,,,0,8.89838695526123,0.30000000000000004,12.700000000000001
4,1,0.0,17.2,10.5,-3.0428160615221307,6.1000000000000005,9.4,252.15948486328125,9.124944686889648,14.399999618530273,1.8001633882522583,1,9.13931941986084,0.30000000000000004,12.700000000000001
4,1,0.0,17.2,10.5,-3.0428160615221307,6.1000000000000005,9.4,252.65948486328125,9.380023002624512,14.399999618530273,1.5325753688812256,1,9.394397735595703,0.30000000000000004,12.700000000000001
4,1,0.0,17.2,10.5,-3.0428160615221307,6.1000000000000005,9.4,253.15948486328125,9.650505065917969,14.399999618530273,1.2495996952056885,1,9.66487979888916,0.30000000000000004,12.700000000000001
4,1,0.0,17.2,10.5,-3.0428160615221307,6.1000000000000005,9.4,253.65948486328125,9.885516166687012,14.414710998535156,1.0,1,9.899890899658203,0.30000000000000004,12.700000000000001
4,1,0.0,17.2,10.5,-3.0428160615221307,6.1000000000000005,9.4,254.15948486328125,9.860626220703125,14.50451374053955,1.0,1,9.875000953674316,0.30000000000000004,12.700000000000001
4,1,0.0,17.2,10.5,-3.0428160615221307,6.1000000000000005,9.4,254.65948486328125,0.0,,,0,9.850984573364258,0.30000000000000004,12.700000000000001
4,1,0.0,17.2,10.5,-3.0428160615221307,6.1000000000000005,9.4,255.15948486328125,9.813457489013672,14.6828031539917,1.0,1,9.827832221984863,0.30000000000000004,12.700000000000001
4,1,0.0,17.2,10.5,-3.0428160615221307,6.1000000000000005,9.4,255.65948486328125,9.791157722473145,14.771324157714844,1.0,1,9.805532455444336,0.30000000000000004,12.700000000000001
4,1,0.0,17.2,10.5,-3.0428160615221307,6.1000000000000005,9.4,256.15948486328125,9.769702911376953,14.859451293945312,1.0,1,9.784077644348145,0.30000000000000004,12.700000000000001
4,1,0.0,17.2,10.5,-3.0428160615221307,6.1000000000000005,9.4,256.65948486328125,0.0,,,0,9.763457298278809,0.30000000000000004,12.700000000000001
4,1,0.0,17.2,10.5,-3.0428160615221307,6.1000000000000005,9.4,257.15948486328125,9.729290962219238,15.034586906433105,1.0,1,9.74366569519043,0.30000000000000004,12.700000000000001
4,1,0.0,17.2,10.5,-3.0428160615221307,6.1000000000000005,9.4,257.65948486328125,0.0,,,0,9.724692344665527,0.30000000000000004,12.700000000000001
4,1,0.0,17.2,10.5,-3.0428160615221307,6.1000000000000005,9.4,258.15948486328125,9.692155838012695,15.208333969116211,1.0,1,9.706530570983887,0.30000000000000004,12.700000000000001
4,1,0.0,17.2,10.5,-3.0428160615221307,6.1000000000000005,9.4,258.65948486328125,9.674798011779785,15.29472541809082,1.0,1,9.689172744750977,0.30000000000000004,12.700000000000001
4,1,0.0,17.2,10.5,-3.0428160615221307,6.1000000000000005,9.4,259.15948486328125,9.658238410949707,15.380814552307129,1.0,1,9.672613143920898,0.30000000000000004,12.700000000000001
4,1,0.0,17.2,10.5,-3.0428160615221307,6.1000000000000005,9.4,259.65948486328125,9.642468452453613,15.4666166305542,1.0,1,9.656843185424805,0.30000000000000004,12.700000000000001
4,1,0.0,17.2,10.5,-3.0428160615221307,6.1000000000000005,9.4,260.15948486328125,9.627483367919922,15.552145957946777,1.0,1,9.641858100891113,0.30000000000000004,12.700000000000001
4,1,0.0,17.2,10.5,-3.0428160615221307,6.1000000000000005,9.4,260.65948486328125,9.613276481628418,15.637415885925293,1.0,1,9.62765121459961,0.30000000000000004,12.700000000000001
4,1,0.0,17.2,10.5,-3.0428160615221307,6.1000000000000005,9.4,261.15948486328125,9.59984302520752,15.722442626953125,1.0,1,9.614217758178711,0.30000000000000004,12.700000000000001
4,1,0.0,17.2,10.5,-3.0428160615221307,6.1000000000000005,9.4,261.65948486328125,9.587176322937012,15.80723762512207,1.0,1,9.601551055908203,0.30000000000000004,12.700000000000001
4,1,0.0,17.2,10.5,-3.0428160615221307,6.1000000000000005,9.4,262.15948486328125,9.575272560119629,15.891817092895508,1.0,1,9.58964729309082,0.30000000000000004,12.700000000000001
4,1,0.0,17.2,10.5,-3.0428160615221307,6.1000000000000005,9.4,262.65948486328125,9.564126968383789,15.976192474365234,1.0,1,9.57850170135498,0.30000000000000004,12.700000000000001
4,1,0.0,17.2,10.5,-3.0428160615221307,6.1000000000000005,9.4,263.15948486328125,0.0,,,0,9.568110466003418,0.30000000000000004,12.700000000000001
4,1,0.0,17.2,10.5,-3.0428160615221307,6.1000000000000005,9.4,263.65948486328125,9.544093132019043,16.144390106201172,1.0,1,9.558467864990234,0.30000000000000004,12.700000000000001
4,1,0.0,17.2,10.5,-3.0428160615221307,6.1000000000000005,9.4,264.15948486328125,9.535197257995605,16.22823715209961,1.0,1,9.549571990966797,0.30000000000000004,12.700000000000001
4,1,0.0,17.2,10.5,-3.0428160615221307,6.1000000000000005,9.4,264.65948486328125,0.0,,,0,9.541418075561523,0.30000000000000004,12.700000000000001
4,1,0.0,17.2,10.5,-3.0428160615221307,6.1000000000000005,9.4,265.15948486328125,9.519628524780273,16.395496368408203,1.0,1,9.534003257751465,0.30000000000000004,12.700000000000001
4,1,0.0,17.2,10.5,-3.0428160615221307,6.1000000000000005,9.4,265.65948486328125,9.512950897216797,16.47893524169922,1.0,1,9.527325630187988,0.30000000000000004,12.700000000000001
4,1,0.0,17.2,10.5,-3.0428160615221307,6.1000000000000005,9.4,266.15948486328125,9.507006645202637,16.56226348876953,1.0,1,9.521381378173828,0.30000000000000004,12.700000000000001
4,1,0.0,17.2,10.5,-3.0428160615221307,6.1000000000000005,9.4,266.65948486328125,9.501794815063477,16.645492553710938,1.0,1,9.516169548034668,0.30000000000000004,12.700000000000001
4,1,0.0,17.2,10.5,-3.0428160615221307,6.1000000000000005,9.4,267.15948486328125,0.0,,,0,9.511686325073242,0.30000000000000004,12.700000000000001
4,1,0.0,17.2,10.5,-3.0428160615221307,6.1000000000000005,9.4,267.65948486328125,0.0,,,0,9.50793170928955,0.30000000000000004,12.700000000000001
4,1,0.0,17.2,10.5,-3.0428160615221307,6.1000000000000005,9.4,268.15948486328125,9.49052906036377,16.894725799560547,1.0,1,9.504903793334961,0.30000000000000004,12.700000000000001
4,1,0.0,17.2,10.5,-3.0428160615221307,6.1000000000000005,9.4,268.65948486328125,9.488225936889648,16.977693557739258,1.0,1,9.50260066986084,0.30000000000000004,12.700000000000001
4,1,0.0,17.2,10.5,-3.0428160615221307,6.1000000000000005,9.4,269.15948486328125,9.486647605895996,17.060626983642578,1.0,1,9.501022338867188,0.30000000000000004,12.700000000000001
4,1,0.0,17.2,10.5,-3.0428160615221307,6.1000000000000005,9.4,269.65948486328125,9.485793113708496,17.143539428710938,1.0,1,9.500167846679688,0.30000000000000004,12.700000000000001
4,1,0.0,17.2,10.5,-3.0428160615221307,6.1000000000000005,9.4,270.15948486328125,9.485662460327148,17.226442337036133,1.0,1,9.50003719329834,0.30000000000000004,12.700000000000001
4,1,0.0,17.2,10.5,-3.0428160615221307,6.1000000000000005,9.4,270.65948486328125,9.486254692077637,17.309350967407227,1.0,1,9.500629425048828,0.30000000000000004,12.700000000000001
4,1,0.0,17.2,10.5,-3.0428160615221307,6.1000000000000005,9.4,271.15948486328125,9.487570762634277,17.392274856567383,1.0,1,9.501945495605469,0.30000000000000004,12.700000000000001
4,1,0.0,17.2,10.5,-3.0428160615221307,6.1000000000000005,9.4,271.65948486328125,0.0,,,0,9.503986358642578,0.30000000000000004,12.700000000000001
4,1,0.0,17.2,10.5,-3.0428160615221307,6.1000000000000005,9.4,272.15948486328125,0.0,,,0,9.506752014160156,0.30000000000000004,12.700000000000001
4,1,0.0,17.2,10.5,-3.0428160615221307,6.1000000000000005,9.4,272.65948486328125,9.495868682861328,17.64127540588379,1.0,1,9.51024341583252,0.30000000000000004,12.700000000000001
4,1,0.0,17.2,10.5,-3.0428160615221307,6.1000000000000005,9.4,273.15948486328125,0.0,,,0,9.5144624710083,0.30000000000000004,12.700000000000001
4,1,0.0,17.2,10.5,-3.0428160615221307,6.1000000000000005,9.4,273.65948486328125,9.505035400390625,17.807592391967773,1.0,1,9.519410133361816,0.30000000000000004,12.700000000000001
4,1,0.0,17.2,10.5,-3.0428160615221307,6.1000000000000005,9.4,274.15948486328125,9.510714530944824,17.89088249206543,1.0,1,9.525089263916016,0.30000000000000004,12.700000000000001
4,1,0.0,17.2,10.5,-3.0428160615221307,6.1000000000000005,9.4,274.65948486328125,9.517126083374023,17.974279403686523,1.0,1,9.531500816345215,0.30000000000000004,12.700000000000001
4,1,0.0,17.2,10.5,-3.0428160615221307,6.1000000000000005,9.4,275.15948486328125,9.524273872375488,18.05779457092285,1.0,1,9.53864860534668,0.30000000000000004,12.700000000000001
4,1,0.0,17.2,10.5,-3.0428160615221307,6.1000000000000005,9.4,275.65948486328125,9.532158851623535,18.141441345214844,1.0,1,9.546533584594727,0.30000000000000004,12.700000000000001
4,1,0.0,17.2,10.5,-3.0428160615221307,6.1000000000000005,9.4,276.15948486328125,0.0,,,0,9.555161476135254,0.30000000000000004,12.700000000000001
4,1,0.0,17.2,10.5,-3.0428160615221307,6.1000000000000005,9.4,276.65948486328125,9.550158500671387,18.30918312072754,1.0,1,9.564533233642578,0.30000000000000004,12.700000000000001
4,1,0.0,17.2,10.5,-3.0428160615221307,6.1000000000000005,9.4,277.15948486328125,0.0,,,0,9.574652671813965,0.30000000000000004,12.700000000000001
4,1,0.0,17.2,10.5,-3.0428160615221307,6.1000000000000005,9.4,277.65948486328125,9.571149826049805,18.477609634399414,1.0,1,9.585524559020996,0.30000000000000004,12.700000000000001
4,1,0.0,17.2,10.5,-3.0428160615221307,6.1000000000000005,9.4,278.15948486328125,9.582778930664062,18.562114715576172,1.0,1,9.597153663635254,0.30000000000000004,12.700000000000001
4,1,0.0,17.2,10.5,-3.0428160615221307,6.1000000000000005,9.4,278.65948486328125,0.0,,,0,9.609542846679688,0.30000000000000004,12.700000000000001
4,1,0.0,17.2,10.5,-3.0428160615221307,6.1000000000000005,9.4,279.15948486328125,9.608323097229004,18.73177146911621,1.0,1,9.622697830200195,0.30000000000000004,12.700000000000001
4,1,0.0,17.2,10.5,-3.0428160615221307,6.1000000000000005,9.4,279.65948486328125,9.622249603271484,18.816951751708984,1.0,1,9.636624336242676,0.30000000000000004,12.700000000000001
4,1,0.0,17.2,10.5,-3.0428160615221307,6.1000000000000005,9.4,280.15948486328125,0.0,,,0,9.651327133178711,0.30000000000000004,12.700000000000001
4,1,0.0,17.2,10.5,-3.0428160615221307,6.1000000000000005,9.4,280.65948486328125,9.652437210083008,18.988086700439453,1.0,1,9.6668119430542,0.30000000000000004,12.700000000000001
4,1,0.0,17.2,10.5,-3.0428160615221307,6.1000000000000005,9.4,281.15948486328125,9.668710708618164,19.07406997680664,1.0,1,9.683085441589355,0.30000000000000004,12.700000000000001
4,1,0.0,17.2,10.5,-3.0428160615221307,6.1000000000000005,9.4,281.65948486328125,0.0,,,0,9.700153350830078,0.30000000000000004,12.700000000000001
4,1,0.0,17.2,10.5,-3.0428160615221307,6.1000000000000005,9.4,282.15948486328125,9.703648567199707,19.24694061279297,1.0,1,9.718023300170898,0.30000000000000004,12.700000000000001
4,1,0.0,17.2,10.5,-3.0428160615221307,6.1000000000000005,9.4,282.65948486328125,9.722326278686523,19.333858489990234,1.0,1,9.736701011657715,0.30000000000000004,12.700000000000001
4,1,0.0,17.2,10.5,-3.0428160615221307,6.1000000000000005,9.4,283.15948486328125,9.7418212890625,19.421117782592773,1.0,1,9.756196022033691,0.30000000000000004,12.700000000000001
4,1,0.0,17.2,10.5,-3.0428160615221307,6.1000000000000005,9.4,283.65948486328125,9.762140274047852,19.50873374938965,1.0,1,9.776515007019043,0.30000000000000004,12.700000000000001
4,1,0.0,17.2,10.5,-3.0428160615221307,6.1000000000000005,9.4,284.15948486328125,0.0,,,0,9.797666549682617,0.30000000000000004,12.700000000000001
4,1,0.0,17.2,10.5,-3.0428160615221307,6.1000000000000005,9.4,284.65948486328125,9.805285453796387,19.68509864807129,1.0,1,9.819660186767578,0.30000000000000004,12.700000000000001
4,1,0.0,17.2,10.5,-3.0428160615221307,6.1000000000000005,9.4,285.15948486328125,9.82812786102295,19.773880004882812,1.0,1,9.84250259399414,0.30000000000000004,12.700000000000001
4,1,0.0,17.2,10.5,-3.0428160615221307,6.1000000000000005,9.4,285.65948486328125,9.85183048248291,19.863082885742188,1.0,1,9.866205215454102,0.30000000000000004,12.700000000000001
4,1,0.0,17.2,10.5,-3.0428160615221307,6.1000000000000005,9.4,286.15948486328125,9.876402854919434,19.952720642089844,1.0,1,9.890777587890625,0.30000000000000004,12.700000000000001
4,1,0.0,17.2,10.5,-3.0428160615221307,6.1000000000000005,9.4,286.65948486328125,9.901854515075684,20.042816162109375,1.0,1,9.916229248046875,0.30000000000000004,12.700000000000001
4,1,0.0,17.2,10.5,-3.0428160615221307,6.1000000000000005,9.4,287.15948486328125,0.0,,,0,9.942571640014648,0.30000000000000004,12.700000000000001
4,1,0.0,17.2,10.5,-3.0428160615221307,6.1000000000000005,9.4,287.65948486328125,9.955440521240234,20.224435806274414,1.0,1,9.969815254211426,0.30000000000000004,12.700000000000001
4,1,0.0,17.2,10.5,-3.0428160615221307,6.1000000000000005,9.4,288.15948486328125,9.983597755432129,20.315998077392578,1.0,1,9.99797248840332,0.30000000000000004,12.700000000000001
4,1,0.0,17.2,10.5,-3.0428160615221307,6.1000000000000005,9.4,288.65948486328125,0.0,,,0,10.027054786682129,0.30000000000000004,12.700000000000001
4,1,0.0,17.2,10.5,-3.0428160615221307,6.1000000000000005,9.4,289.15948486328125,10.042699813842773,20.50071907043457,1.0,1,10.057074546813965,0.30000000000000004,12.700000000000001
4,1,0.0,17.2,10.5,-3.0428160615221307,6.1000000000000005,9.4,289.65948486328125,10.073670387268066,20.593914031982422,1.0,1,10.088045120239258,0.30000000000000004,12.700000000000001
4,1,0.0,17.2,10.5,-3.0428160615221307,6.1000000000000005,9.4,290.15948486328125,0.0,,,0,10.119980812072754,0.30000000000000004,12.700000000000001
4,1,0.0,17.2,10.5,-3.0428160615221307,6.1000000000000005,9.4,290.65948486328125,10.138519287109375,20.782075881958008,1.0,1,10.152894020080566,0.30000000000000004,12.700000000000001
4,1,0.0,17.2,10.5,-3.0428160615221307,6.1000000000000005,9.4,291.15948486328125,10.172426223754883,20.8770809173584,1.0,1,10.186800956726074,0.30000000000000004,12.700000000000001
4,1,0.0,17.2,10.5,-3.0428160615221307,6.1000000000000005,9.4,291.65948486328125,10.207341194152832,20.972728729248047,1.0,1,10.221715927124023,0.30000000000000004,12.700000000000001
4,1,0.0,17.2,10.5,-3.0428160615221307,6.1000000000000005,9.4,292.15948486328125,10.243280410766602,21.06904411315918,1.0,1,10.257655143737793,0.30000000000000004,12.700000000000001
4,1,0.0,17.2,10.5,-3.0428160615221307,6.1000000000000005,9.4,292.65948486328125,10.28026008605957,21.166044235229492,1.0,1,10.294634819030762,0.30000000000000004,12.700000000000001
4,1,0.0,17.2,10.5,-3.0428160615221307,6.1000000000000005,9.4,293.15948486328125,0.0,,,0,10.332672119140625,0.30000000000000004,12.700000000000001
4,1,0.0,17.2,10.5,-3.0428160615221307,6.1000000000000005,9.4,293.65948486328125,10.35740852355957,21.362197875976562,1.0,1,10.371783256530762,0.30000000000000004,12.700000000000001
4,1,0.0,17.2,10.5,-3.0428160615221307,6.1000000000000005,9.4,294.15948486328125,10.397613525390625,21.461397171020508,1.0,1,10.411988258361816,0.30000000000000004,12.700000000000001
4,1,0.0,17.2,10.5,-3.0428160615221307,6.1000000000000005,9.4,294.65948486328125,10.43893051147461,21.56137466430664,1.0,1,10.4533052444458,0.30000000000000004,12.700000000000001
4,1,0.0,17.2,10.5,-3.0428160615221307,6.1000000000000005,9.4,295.15948486328125,10.481379508972168,21.66215705871582,1.0,1,10.49575424194336,0.30000000000000004,12.700000000000001
4,1,0.0,17.2,10.5,-3.0428160615221307,6.1000000000000005,9.4,295.65948486328125,10.524979591369629,21.763769149780273,1.0,1,10.53935432434082,0.30000000000000004,12.700000000000001
4,1,0.0,17.2,10.5,-3.0428160615221307,6.1000000000000005,9.4,296.15948486328125,0.0,,,0,10.584128379821777,0.30000000000000004,12.700000000000001
4,1,0.0,17.2,10.5,-3.0428160615221307,6.1000000000000005,9.4,296.65948486328125,0.0,,,0,10.630097389221191,0.30000000000000004,12.700000000000001
4,1,0.0,17.2,10.5,-3.0428160615221307,6.1000000000000005,9.4,297.15948486328125,10.662908554077148,22.0738468170166,1.0,1,10.67728328704834,0.30000000000000004,12.700000000000001
4,1,0.0,17.2,10.5,-3.0428160615221307,6.1000000000000005,9.4,297.65948486328125,10.711337089538574,22.179044723510742,1.0,1,10.725711822509766,0.30000000000000004,12.700000000000001
4,1,0.0,17.2,10.5,-3.0428160615221307,6.1000000000000005,9.4,298.15948486328125,0.0,,,0,10.775404930114746,0.30000000000000004,12.700000000000001
4,1,0.0,17.2,10.5,-3.0428160615221307,6.1000000000000005,9.4,298.65948486328125,10.81201457977295,22.392370223999023,1.0,1,10.82638931274414,0.30000000000000004,12.700000000000001
4,1,0.0,17.2,10.5,-3.0428160615221307,6.1000000000000005,9.4,299.15948486328125,0.0,,,0,10.878690719604492,0.30000000000000004,12.700000000000001
4,1,0.0,17.2,10.5,-3.0428160615221307,6.1000000000000005,9.4,299.65948486328125,10.917962074279785,22.609804153442383,1.0,1,10.932336807250977,0.30000000000000004,12.700000000000001
4,1,0.0,17.2,10.5,-3.0428160615221307,6.1000000000000005,9.4,300.15948486328125,0.0,,,0,10.98735523223877,0.30000000000000004,12.700000000000001
4,1,0.0,17.2,10.5,-3.0428160615221307,6.1000000000000005,9.4,300.65948486328125,0.0,,,0,11.04377555847168,0.30000000000000004,12.700000000000001
4,1,0.0,17.2,10.5,-3.0428160615221307,6.1000000000000005,9.4,301.15948486328125,11.087252616882324,22.944225311279297,1.0,1,11.101627349853516,0.30000000000000004,12.700000000000001
4,1,0.0,17.2,10.5,-3.0428160615221307,6.1000000000000005,9.4,301.65948486328125,11.14656925201416,23.058042526245117,1.0,1,11.160943984985352,0.30000000000000004,12.700000000000001
4,1,0.0,17.2,10.5,-3.0428160615221307,6.1000000000000005,9.4,302.15948486328125,11.207381248474121,23.173091888427734,1.0,1,11.221755981445312,0.30000000000000004,12.700000000000001
4,1,0.0,17.2,10.5,-3.0428160615221307,6.1000000000000005,9.4,302.65948486328125,11.26972484588623,23.289409637451172,1.0,1,11.284099578857422,0.30000000000000004,12.700000000000001
4,1,0.0,17.2,10.5,-3.0428160615221307,6.1000000000000005,9.4,303.15948486328125,11.333633422851562,23.40703582763672,1.0,1,11.348008155822754,0.30000000000000004,12.700000000000001
4,1,0.0,17.2,10.5,-3.0428160615221307,6.1000000000000005,9.4,303.65948486328125,11.399144172668457,23.526010513305664,1.0,1,11.413518905639648,0.30000000000000004,12.700000000000001
4,1,0.0,17.2,10.5,-3.0428160615221307,6.1000000000000005,9.4,304.15948486328125,11.46629524230957,23.646377563476562,1.0,1,11.480669975280762,0.30000000000000004,12.700000000000001
4,1,0.0,17.2,10.5,-3.0428160615221307,6.1000000000000005,9.4,304.65948486328125,11.535125732421875,23.768177032470703,1.0,1,11.549500465393066,0.30000000000000004,12.700000000000001
4,1,0.0,17.2,10.5,-3.0428160615221307,6.1000000000000005,9.4,305.15948486328125,0.0,,,0,11.620051383972168,0.30000000000000004,12.700000000000001
4,1,0.0,17.2,10.5,-3.0428160615221307,6.1000000000000005,9.4,305.65948486328125,11.677990913391113,24.016260147094727,1.0,1,11.692365646362305,0.30000000000000004,12.700000000000001
4,1,0.0,17.2,10.5,-3.0428160615221307,6.1000000000000005,9.4,306.15948486328125,11.75211238861084,24.142637252807617,1.0,1,11.766487121582031,0.30000000000000004,12.700000000000001
4,1,0.0,17.2,10.5,-3.0428160615221307,6.1000000000000005,9.4,306.65948486328125,11.828086853027344,24.27063751220703,1.0,1,11.842461585998535,0.30000000000000004,12.700000000000001
4,1,0.0,17.2,10.5,-3.0428160615221307,6.1000000000000005,9.4,307.15948486328125,11.905962944030762,24.40030860900879,1.0,1,11.920337677001953,0.30000000000000004,12.700000000000001
4,1,0.0,17.2,10.5,-3.0428160615221307,6.1000000000000005,9.4,307.65948486328125,12.0,,,0,12.0,0.30000000000000004,12.700000000000001
4,1,0.0,17.2,10.5,-3.0428160615221307,6.1000000000000005,9.4,308.15948486328125,12.0,,,0,12.0,0.30000000000000004,12.700000000000001
4,1,0.0,17.2,10.5,-3.0428160615221307,6.1000000000000005,9.4,308.65948486328125,12.0,,,0,12.0,0.30000000000000004,12.700000000000001
4,1,0.0,17.2,10.5,-3.0428160615221307,6.1000000000000005,9.4,309.15948486328125,12.0,,,0,12.0,0.30000000000000004,12.700000000000001
4,1,0.0,17.2,10.5,-3.0428160615221307,6.1000000000000005,9.4,309.65948486328125,12.0,,,0,12.0,0.30000000000000004,12.700000000000001
4,1,0.0,17.2,10.5,-3.0428160615221307,6.1000000000000005,9.4,310.15948486328125,12.0,,,0,12.0,0.30000000000000004,12.700000000000001
4,1,0.0,17.2,10.5,-3.0428160615221307,6.1000000000000005,9.4,310.65948486328125,12.0,,,0,12.0,0.30000000000000004,12.700000000000001
4,1,0.0,17.2,10.5,-3.0428160615221307,6.1000000000000005,9.4,311.15948486328125,12.0,,,0,12.0,0.30000000000000004,12.700000000000001
4,1,0.0,17.2,10.5,-3.0428160615221307,6.1000000000000005,9.4,311.65948486328125,12.0,,,0,12.0,0.30000000000000004,12.700000000000001
4,1,0.0,17.2,10.5,-3.0428160615221307,6.1000000000000005,9.4,312.15948486328125,12.0,,,0,12.0,0.30000000000000004,12.700000000000001
4,1,0.0,17.2,10.5,-3.0428160615221307,6.1000000000000005,9.4,312.65948486328125,0.0,,,0,12.0,0.30000000000000004,12.700000000000001
4,1,0.0,17.2,10.5,-3.0428160615221307,6.1000000000000005,9.4,313.15948486328125,12.0,,,0,12.0,0.30000000000000004,12.700000000000001
4,1,0.0,17.2,10.5,-3.0428160615221307,6.1000000000000005,9.4,313.65948486328125,12.0,,,0,12.0,0.30000000000000004,12.700000000000001
4,1,0.0,17.2,10.5,-3.0428160615221307,6.1000000000000005,9.4,314.15948486328125,12.0,,,0,12.0,0.30000000000000004,12.700000000000001
4,1,0.0,17.2,10.5,-3.0428160615221307,6.1000000000000005,9.4,314.65948486328125,12.0,,,0,12.0,0.30000000000000004,12.700000000000001
4,1,0.0,17.2,10.5,-3.0428160615221307,6.1000000000000005,9.4,315.15948486328125,12.0,,,0,12.0,0.30000000000000004,12.700000000000001
4,1,0.0,17.2,10.5,-3.0428160615221307,6.1000000000000005,9.4,315.65948486328125,12.0,,,0,12.0,0.30000000000000004,12.700000000000001
4,1,0.0,17.2,10.5,-3.0428160615221307,6.1000000000000005,9.4,316.15948486328125,12.0,,,0,12.0,0.30000000000000004,12.700000000000001
4,1,0.0,17.2,10.5,-3.0428160615221307,6.1000000000000005,9.4,316.65948486328125,12.0,,,0,12.0,0.30000000000000004,12.700000000000001
4,1,0.0,17.2,10.5,-3.0428160615221307,6.1000000000000005,9.4,317.15948486328125,12.0,,,0,12.0,0.30000000000000004,12.700000000000001
4,1,0.0,17.2,10.5,-3.0428160615221307,6.1000000000000005,9.4,317.65948486328125,12.0,,,0,12.0,0.30000000000000004,12.700000000000001
4,1,0.0,17.2,10.5,-3.0428160615221307,6.1000000000000005,9.4,318.15948486328125,12.0,,,0,12.0,0.30000000000000004,12.700000000000001
4,1,0.0,17.2,10.5,-3.0428160615221307,6.1000000000000005,9.4,318.65948486328125,12.0,,,0,12.0,0.30000000000000004,12.700000000000001
4,1,0.0,17.2,10.5,-3.0428160615221307,6.1000000000000005,9.4,319.15948486328125,12.0,,,0,12.0,0.30000000000000004,12.700000000000001
4,1,0.0,17.2,10.5,-3.0428160615221307,6.1000000000000005,9.4,319.65948486328125,0.0,,,0,12.0,0.30000000000000004,12.700000000000001
4,1,0.0,17.2,10.5,-3.0428160615221307,6.1000000000000005,9.4,320.15948486328125,12.0,,,0,12.0,0.30000000000000004,12.700000000000001
4,1,0.0,17.2,10.5,-3.0428160615221307,6.1000000000000005,9.4,320.65948486328125,12.0,,,0,12.0,0.30000000000000004,12.700000000000001
4,1,0.0,17.2,10.5,-3.0428160615221307,6.1000000000000005,9.4,321.15948486328125,12.0,,,0,12.0,0.30000000000000004,12.700000000000001
4,1,0.0,17.2,10.5,-3.0428160615221307,6.1000000000000005,9.4,321.65948486328125,12.0,,,0,12.0,0.30000000000000004,12.700000000000001
4,1,0.0,17.2,10.5,-3.0428160615221307,6.1000000000000005,9.4,322.15948486328125,12.0,,,0,12.0,0.30000000000000004,12.700000000000001
4,1,0.0,17.2,10.5,-3.0428160615221307,6.1000000000000005,9.4,322.65948486328125,12.0,,,0,12.0,0.30000000000000004,12.700000000000001
4,1,0.0,17.2,10.5,-3.0428160615221307,6.1000000000000005,9.4,323.15948486328125,12.0,,,0,12.0,0.30000000000000004,12.700000000000001
4,1,0.0,17.2,10.5,-3.0428160615221307,6.1000000000000005,9.4,323.65948486328125,0.0,,,0,12.0,0.30000000000000004,12.700000000000001
4,1,0.0,17.2,10.5,-3.0428160615221307,6.1000000000000005,9.4,324.15948486328125,0.0,,,0,12.0,0.30000000000000004,12.700000000000001
4,1,0.0,17.2,10.5,-3.0428160615221307,6.1000000000000005,9.4,324.65948486328125,12.0,,,0,12.0,0.30000000000000004,12.700000000000001
4,1,0.0,17.2,10.5,-3.0428160615221307,6.1000000000000005,9.4,325.15948486328125,12.0,,,0,12.0,0.30000000000000004,12.700000000000001
4,1,0.0,17.2,10.5,-3.0428160615221307,6.1000000000000005,9.4,325.65948486328125,12.0,,,0,12.0,0.30000000000000004,12.700000000000001
4,1,0.0,17.2,10.5,-3.0428160615221307,6.1000000000000005,9.4,326.15948486328125,12.0,,,0,12.0,0.30000000000000004,12.700000000000001
4,1,0.0,17.2,10.5,-3.0428160615221307,6.1000000000000005,9.4,326.65948486328125,12.0,,,0,12.0,0.30000000000000004,12.700000000000001
4,1,0.0,17.2,10.5,-3.0428160615221307,6.1000000000000005,9.4,327.15948486328125,12.0,,,0,12.0,0.30000000000000004,12.700000000000001
4,1,0.0,17.2,10.5,-3.0428160615221307,6.1000000000000005,9.4,327.65948486328125,12.0,,,0,12.0,0.30000000000000004,12.700000000000001
4,1,0.0,17.2,10.5,-3.0428160615221307,6.1000000000000005,9.4,328.15948486328125,12.0,,,0,12.0,0.30000000000000004,12.700000000000001
4,1,0.0,17.2,10.5,-3.0428160615221307,6.1000000000000005,9.4,328.65948486328125,12.0,,,0,12.0,0.30000000000000004,12.700000000000001
4,1,0.0,17.2,10.5,-3.0428160615221307,6.1000000000000005,9.4,329.15948486328125,0.0,,,0,12.0,0.30000000000000004,12.700000000000001
4,1,0.0,17.2,10.5,-3.0428160615221307,6.1000000000000005,9.4,329.65948486328125,12.0,,,0,12.0,0.30000000000000004,12.700000000000001
4,1,0.0,17.2,10.5,-3.0428160615221307,6.1000000000000005,9.4,330.15948486328125,0.0,,,0,12.0,0.30000000000000004,12.700000000000001
4,1,0.0,17.2,10.5,-3.0428160615221307,6.1000000000000005,9.4,330.65948486328125,12.0,,,0,12.0,0.30000000000000004,12.700000000000001
4,1,0.0,17.2,10.5,-3.0428160615221307,6.1000000000000005,9.4,331.15948486328125,12.0,,,0,12.0,0.30000000000000004,12.700000000000001
4,1,0.0,17.2,10.5,-3.0428160615221307,6.1000000000000005,9.4,331.65948486328125,12.0,,,0,12.0,0.30000000000000004,12.700000000000001
4,1,0.0,17.2,10.5,-3.0428160615221307,6.1000000000000005,9.4,332.15948486328125,12.0,,,0,12.0,0.30000000000000004,12.700000000000001
4,1,0.0,17.2,10.5,-3.0428160615221307,6.1000000000000005,9.4,332.65948486328125,12.0,,,0,12.0,0.30000000000000004,12.700000000000001
4,1,0.0,17.2,10.5,-3.0428160615221307,6.1000000000000005,9.4,333.15948486328125,12.0,,,0,12.0,0.30000000000000004,12.700000000000001
4,1,0.0,17.2,10.5,-3.0428160615221307,6.1000000000000005,9.4,333.65948486328125,12.0,,,0,12.0,0.30000000000000004,12.700000000000001
4,1,0.0,17.2,10.5,-3.0428160615221307,6.1000000000000005,9.4,334.15948486328125,12.0,,,0,12.0,0.30000000000000004,12.700000000000001
4,1,0.0,17.2,10.5,-3.0428160615221307,6.1000000000000005,9.4,334.65948486328125,12.0,,,0,12.0,0.30000000000000004,12.700000000000001
4,1,0.0,17.2,10.5,-3.0428160615221307,6.1000000000000005,9.4,335.15948486328125,12.0,,,0,12.0,0.30000000000000004,12.700000000000001
4,1,0.0,17.2,10.5,-3.0428160615221307,6.1000000000000005,9.4,335.65948486328125,12.0,,,0,12.0,0.30000000000000004,12.700000000000001
4,1,0.0,17.2,10.5,-3.0428160615221307,6.1000000000000005,9.4,336.15948486328125,12.0,,,0,12.0,0.30000000000000004,12.700000000000001
4,1,0.0,17.2,10.5,-3.0428160615221307,6.1000000000000005,9.4,336.65948486328125,12.0,,,0,12.0,0.30000000000000004,12.700000000000001
4,1,0.0,17.2,10.5,-3.0428160615221307,6.1000000000000005,9.4,337.15948486328125,12.0,,,0,12.0,0.30000000000000004,12.700000000000001
4,1,0.0,17.2,10.5,-3.0428160615221307,6.1000000000000005,9.4,337.65948486328125,0.0,,,0,12.0,0.30000000000000004,12.700000000000001
4,1,0.0,17.2,10.5,-3.0428160615221307,6.1000000000000005,9.4,338.15948486328125,0.0,,,0,12.0,0.30000000000000004,12.700000000000001
4,1,0.0,17.2,10.5,-3.0428160615221307,6.1000000000000005,9.4,338.65948486328125,12.0,,,0,12.0,0.30000000000000004,12.700000000000001
4,1,0.0,17.2,10.5,-3.0428160615221307,6.1000000000000005,9.4,339.15948486328125,12.0,,,0,12.0,0.30000000000000004,12.700000000000001
4,1,0.0,17.2,10.5,-3.0428160615221307,6.1000000000000005,9.4,339.65948486328125,12.0,,,0,12.0,0.30000000000000004,12.700000000000001
4,1,0.0,17.2,10.5,-3.0428160615221307,6.1000000000000005,9.4,340.15948486328125,12.0,,,0,12.0,0.30000000000000004,12.700000000000001
4,1,0.0,17.2,10.5,-3.0428160615221307,6.1000000000000005,9.4,340.65948486328125,12.0,,,0,12.0,0.30000000000000004,12.700000000000001
4,1,0.0,17.2,10.5,-3.0428160615221307,6.1000000000000005,9.4,341.15948486328125,12.0,,,0,12.0,0.30000000000000004,12.700000000000001
4,1,0.0,17.2,10.5,-3.0428160615221307,6.1000000000000005,9.4,341.65948486328125,12.0,,,0,12.0,0.30000000000000004,12.700000000000001
4,1,0.0,17.2,10.5,-3.0428160615221307,6.1000000000000005,9.4,342.15948486328125,0.0,,,0,12.0,0.30000000000000004,12.700000000000001
4,1,0.0,17.2,10.5,-3.0428160615221307,6.1000000000000005,9.4,342.65948486328125,12.0,,,0,12.0,0.30000000000000004,12.700000000000001
4,1,0.0,17.2,10.5,-3.0428160615221307,6.1000000000000005,9.4,343.15948486328125,12.0,,,0,12.0,0.30000000000000004,12.700000000000001
4,1,0.0,17.2,10.5,-3.0428160615221307,6.1000000000000005,9.4,343.65948486328125,12.0,,,0,12.0,0.30000000000000004,12.700000000000001
4,1,0.0,17.2,10.5,-3.0428160615221307,6.1000000000000005,9.4,344.15948486328125,12.0,,,0,12.0,0.30000000000000004,12.700000000000001
4,1,0.0,17.2,10.5,-3.0428160615221307,6.1000000000000005,9.4,344.65948486328125,0.0,,,0,12.0,0.30000000000000004,12.700000000000001
4,1,0.0,17.2,10.5,-3.0428160615221307,6.1000000000000005,9.4,345.15948486328125,12.0,,,0,12.0,0.30000000000000004,12.700000000000001
4,1,0.0,17.2,10.5,-3.0428160615221307,6.1000000000000005,9.4,345.65948486328125,12.0,,,0,12.0,0.30000000000000004,12.700000000000001
4,1,0.0,17.2,10.5,-3.0428160615221307,6.1000000000000005,9.4,346.15948486328125,0.0,,,0,12.0,0.30000000000000004,12.700000000000001
4,1,0.0,17.2,10.5,-3.0428160615221307,6.1000000000000005,9.4,346.65948486328125,0.0,,,0,12.0,0.30000000000000004,12.700000000000001
4,1,0.0,17.2,10.5,-3.0428160615221307,6.1000000000000005,9.4,347.15948486328125,0.0,,,0,12.0,0.30000000000000004,12.700000000000001
4,1,0.0,17.2,10.5,-3.0428160615221307,6.1000000000000005,9.4,347.65948486328125,12.0,,,0,12.0,0.30000000000000004,12.700000000000001
4,1,0.0,17.2,10.5,-3.0428160615221307,6.1000000000000005,9.4,348.15948486328125,12.0,,,0,12.0,0.30000000000000004,12.700000000000001
4,1,0.0,17.2,10.5,-3.0428160615221307,6.1000000000000005,9.4,348.65948486328125,12.0,,,0,12.0,0.30000000000000004,12.700000000000001
4,1,0.0,17.2,10.5,-3.0428160615221307,6.1000000000000005,9.4,349.15948486328125,0.0,,,0,12.0,0.30000000000000004,12.700000000000001
4,1,0.0,17.2,10.5,-3.0428160615221307,6.1000000000000005,9.4,349.65948486328125,12.0,,,0,12.0,0.30000000000000004,12.700000000000001
4,1,0.0,17.2,10.5,-3.0428160615221307,6.1000000000000005,9.4,350.15948486328125,12.0,,,0,12.0,0.30000000000000004,12.700000000000001
4,1,0.0,17.2,10.5,-3.0428160615221307,6.1000000000000005,9.4,350.65948486328125,12.0,,,0,12.0,0.30000000000000004,12.700000000000001
4,1,0.0,17.2,10.5,-3.0428160615221307,6.1000000000000005,9.4,351.15948486328125,12.0,,,0,12.0,0.30000000000000004,12.700000000000001
4,1,0.0,17.2,10.5,-3.0428160615221307,6.1000000000000005,9.4,351.65948486328125,12.0,,,0,12.0,0.30000000000000004,12.700000000000001
4,1,0.0,17.2,10.5,-3.0428160615221307,6.1000000000000005,9.4,352.15948486328125,12.0,,,0,12.0,0.30000000000000004,12.700000000000001
4,1,0.0,17.2,10.5,-3.0428160615221307,6.1000000000000005,9.4,352.65948486328125,12.0,,,0,12.0,0.30000000000000004,12.700000000000001
4,1,0.0,17.2,10.5,-3.0428160615221307,6.1000000000000005,9.4,353.15948486328125,0.0,,,0,12.0,0.30000000000000004,12.700000000000001
4,1,0.0,17.2,10.5,-3.0428160615221307,6.1000000000000005,9.4,353.65948486328125,12.0,,,0,12.0,0.30000000000000004,12.700000000000001
4,1,0.0,17.2,10.5,-3.0428160615221307,6.1000000000000005,9.4,354.15948486328125,12.0,,,0,12.0,0.30000000000000004,12.700000000000001
4,1,0.0,17.2,10.5,-3.0428160615221307,6.1000000000000005,9.4,354.65948486328125,12.0,,,0,12.0,0.30000000000000004,12.700000000000001
4,1,0.0,17.2,10.5,-3.0428160615221307,6.1000000000000005,9.4,355.15948486328125,12.0,,,0,12.0,0.30000000000000004,12.700000000000001
4,1,0.0,17.2,10.5,-3.0428160615221307,6.1000000000000005,9.4,355.65948486328125,12.0,,,0,12.0,0.30000000000000004,12.700000000000001
4,1,0.0,17.2,10.5,-3.0428160615221307,6.1000000000000005,9.4,356.15948486328125,12.0,,,0,12.0,0.30000000000000004,12.700000000000001
4,1,0.0,17.2,10.5,-3.0428160615221307,6.1000000000000005,9.4,356.65948486328125,12.0,,,0,12.0,0.30000000000000004,12.700000000000001
4,1,0.0,17.2,10.5,-3.0428160615221307,6.1000000000000005,9.4,357.15948486328125,12.0,,,0,12.0,0.30000000000000004,12.700000000000001
4,1,0.0,17.2,10.5,-3.0428160615221307,6.1000000000000005,9.4,357.65948486328125,12.0,,,0,12.0,0.30000000000000004,12.700000000000001
4,1,0.0,17.2,10.5,-3.0428160615221307,6.1000000000000005,9.4,358.15948486328125,12.0,,,0,12.0,0.30000000000000004,12.700000000000001
4,1,0.0,17.2,10.5,-3.0428160615221307,6.1000000000000005,9.4,358.65948486328125,12.0,,,0,12.0,0.30000000000000004,12.700000000000001
4,1,0.0,17.2,10.5,-3.0428160615221307,6.1000000000000005,9.4,359.15948486328125,0.0,,,0,12.0,0.30000000000000004,12.700000000000001
4,1,0.0,17.2,10.5,-3.0428160615221307,6.1000000000000005,9.4,359.65948486328125,0.0,,,0,12.0,0.30000000000000004,12.700000000000001
4,1,0.0,17.2,10.5,-3.0428160615221307,6.1000000000000005,9.4,0.15948183834552765,12.0,,,0,12.0,0.30000000000000004,12.700000000000001
4,1,0.0,17.2,10.5,-3.0428160615221307,6.1000000000000005,9.4,0.6594818234443665,12.0,,,0,12.0,0.30000000000000004,12.700000000000001
4,1,0.0,17.2,10.5,-3.0428160615221307,6.1000000000000005,9.4,1.1594818830490112,12.0,,,0,12.0,0.30000000000000004,12.700000000000001
4,1,0.0,17.2,10.5,-3.0428160615221307,6.1000000000000005,9.4,1.6594818830490112,12.0,,,0,12.0,0.30000000000000004,12.700000000000001
4,1,0.0,17.2,10.5,-3.0428160615221307,6.1000000000000005,9.4,2.1594817638397217,12.0,,,0,12.0,0.30000000000000004,12.700000000000001
4,1,0.0,17.2,10.5,-3.0428160615221307,6.1000000000000005,9.4,2.6594817638397217,12.0,,,0,12.0,0.30000000000000004,12.700000000000001
4,1,0.0,17.2,10.5,-3.0428160615221307,6.1000000000000005,9.4,3.1594817638397217,0.0,,,0,12.0,0.30000000000000004,12.700000000000001
4,1,0.0,17.2,10.5,-3.0428160615221307,6.1000000000000005,9.4,3.6594817638397217,12.0,,,0,12.0,0.30000000000000004,12.700000000000001
4,1,0.0,17.2,10.5,-3.0428160615221307,6.1000000000000005,9.4,4.159482002258301,12.0,,,0,12.0,0.30000000000000004,12.700000000000001
4,1,0.0,17.2,10.5,-3.0428160615221307,6.1000000000000005,9.4,4.659482002258301,12.0,,,0,12.0,0.30000000000000004,12.700000000000001
4,1,0.0,17.2,10.5,-3.0428160615221307,6.1000000000000005,9.4,5.159482002258301,12.0,,,0,12.0,0.30000000000000004,12.700000000000001
4,2,0.0,6.1000000000000005,9.4,2.624305273262172,0.30000000000000004,12.700000000000001,330.3616027832031,1.9685379266738892,7.805036544799805,8.429892539978027,1,1.9616974592208862,0.30000000000000004,12.700000000000001
4,2,0.0,6.1000000000000005,9.4,2.624305273262172,0.30000000000000004,12.700000000000001,330.8616027832031,1.9589200019836426,7.805036544799805,8.449492454528809,1,1.9520795345306396,0.30000000000000004,12.700000000000001
4,2,0.0,6.1000000000000005,9.4,2.624305273262172,0.30000000000000004,12.700000000000001,331.3616027832031,1.9495431184768677,7.805036544799805,8.468901634216309,1,1.9427026510238647,0.30000000000000004,12.700000000000001
4,2,0.0,6.1000000000000005,9.4,2.624305273262172,0.30000000000000004,12.700000000000001,331.8616027832031,1.9404025077819824,7.805036544799805,8.488126754760742,1,1.9335620403289795,0.30000000000000004,12.700000000000001
4,2,0.0,6.1000000000000005,9.4,2.624305273262172,0.30000000000000004,12.700000000000001,332.3616027832031,1.9314932823181152,7.805036544799805,8.507173538208008,1,1.9246528148651123,0.30000000000000004,12.700000000000001
4,2,0.0,6.1000000000000005,9.4,2.624305273262172,0.30000000000000004,12.700000000000001,332.8616027832031,1.9228111505508423,7.805036544799805,8.526046752929688,1,1.9159706830978394,0.30000000000000004,12.700000000000001
4,2,0.0,6.1000000000000005,9.4,2.624305273262172,0.30000000000000004,12.700000000000001,333.3616027832031,1.914351463317871,7.805036544799805,8.54475212097168,1,1.9075109958648682,0.30000000000000004,12.700000000000001
4,2,0.0,6.1000000000000005,9.4,2.624305273262172,0.30000000000000004,12.700000000000001,333.8616027832031,1.9061102867126465,7.805036544799805,8.563294410705566,1,1.8992698192596436,0.30000000000000004,12.700000000000001
4,2,0.0,6.1000000000000005,9.4,2.624305273262172,0.30000000000000004,12.700000000000001,334.3616027832031,1.8980833292007446,7.805036544799805,8.58167839050293,1,1.8912428617477417,0.30000000000000004,12.700000000000001
4,2,0.0,6.1000000000000005,9.4,2.624305273262172,0.30000000000000004,12.700000000000001,334.8616027832031,0.0,,,0,1.883426308631897,0.30000000000000004,12.700000000000001
4,2,0.0,6.1000000000000005,9.4,2.624305273262172,0.30000000000000004,12.700000000000001,335.3616027832031,1.8826569318771362,7.805036544799805,8.61799144744873,1,1.8758164644241333,0.30000000000000004,12.700000000000001
4,2,0.0,6.1000000000000005,9.4,2.624305273262172,0.30000000000000004,12.700000000000001,335.8616027832031,1.8752498626708984,7.805036544799805,8.635929107666016,1,1.8684093952178955,0.30000000000000004,12.700000000000001
4,2,0.0,6.1000000000000005,9.4,2.624305273262172,0.30000000000000004,12.700000000000001,336.3616027832031,1.8680423498153687,7.805036544799805,8.653727531433105,1,1.8612018823623657,0.30000000000000004,12.700000000000001
4,2,0.0,6.1000000000000005,9.4,2.624305273262172,0.30000000000000004,12.700000000000001,336.8616027832031,1.86103093624115,7.805036544799805,8.67138957977295,1,1.854190468788147,0.30000000000000004,12.700000000000001
4,2,0.0,6.1000000000000005,9.4,2.624305273262172,0.30000000000000004,12.700000000000001,337.3616027832031,1.8542122840881348,7.805036544799805,8.688920974731445,1,1.8473718166351318,0.30000000000000004,12.700000000000001
4,2,0.0,6.1000000000000005,9.4,2.624305273262172,0.30000000000000004,12.700000000000001,337.8616027832031,1.8475831747055054,7.805036544799805,8.70632553100586,1,1.8407427072525024,0.30000000000000004,12.700000000000001
4,2,0.0,6.1000000000000005,9.4,2.624305273262172,0.30000000000000004,12.700000000000001,338.3616027832031,0.0,,,0,1.8343002796173096,0.30000000000000004,12.700000000000001
4,2,0.0,6.1000000000000005,9.4,2.624305273262172,0.30000000000000004,12.700000000000001,338.8616027832031,0.0,,,0,1.828041434288025,0.30000000000000004,12.700000000000001
4,2,0.0,6.1000000000000005,9.4,2.624305273262172,0.30000000000000004,12.700000000000001,339.3616027832031,1.8288040161132812,7.805036544799805,8.75781536102295,1,1.8219635486602783,0.30000000000000004,12.700000000000001
4,2,0.0,6.1000000000000005,9.4,2.624305273262172,0.30000000000000004,12.700000000000001,339.8616027832031,1.8229042291641235,7.805036544799805,8.774749755859375,1,1.8160637617111206,0.30000000000000004,12.700000000000001
4,2,0.0,6.1000000000000005,9.4,2.624305273262172,0.30000000000000004,12.700000000000001,340.3616027832031,1.8171799182891846,7.805036544799805,8.791576385498047,1,1.8103394508361816,0.30000000000000004,12.700000000000001
4,2,0.0,6.1000000000000005,9.4,2.624305273262172,0.30000000000000004,12.700000000000001,340.8616027832031,1.8116285800933838,7.805036544799805,8.80829906463623,1,1.8047881126403809,0.30000000000000004,12.700000000000001
4,2,0.0,6.1000000000000005,9.4,2.624305273262172,0.30000000000000004,12.700000000000001,341.3616027832031,1.8062477111816406,7.805036544799805,8.824919700622559,1,1.7994072437286377,0.30000000000000004,12.700000000000001
4,2,0.0,6.1000000000000005,9.4,2.624305273262172,0.30000000000000004,12.700000000000001,341.8616027832031,1.8010351657867432,7.805036544799805,8.84144401550293,1,1.7941946983337402,0.30000000000000004,12.700000000000001
4,2,0.0,6.1000000000000005,9.4,2.624305273262172,0.30000000000000004,12.700000000000001,342.3616027832031,1.7959885597229004,7.805036544799805,8.85787296295166,1,1.7891480922698975,0.30000000000000004,12.700000000000001
4,2,0.0,6.1000000000000005,9.4,2.624305273262172,0.30000000000000004,12.700000000000001,342.8616027832031,1.79110586643219,7.805036544799805,8.874211311340332,1,1.784265398979187,0.30000000000000004,12.700000000000001
4,2,0.0,6.1000000000000005,9.4,2.624305273262172,0.30000000000000004,12.700000000000001,343.3616027832031,1.7863848209381104,7.805036544799805,8.890462875366211,1,1.7795443534851074,0.30000000000000004,12.700000000000001
4,2,0.0,6.1000000000000005,9.4,2.624305273262172,0.30000000000000004,12.700000000000001,343.8616027832031,0.0,,,0,1.7749830484390259,0.30000000000000004,12.700000000000001
4,2,0.0,6.1000000000000005,9.4,2.624305273262172,0.30000000000000004,12.700000000000001,344.3616027832031,1.777419924736023,7.805036544799805,8.922713279724121,1,1.77057945728302,0.30000000000000004,12.700000000000001
4,2,0.0,6.1000000000000005,9.4,2.624305273262172,0.30000000000000004,12.700000000000001,344.8616027832031,1.773172378540039,7.805036544799805,8.938719749450684,1,1.7663319110870361,0.30000000000000004,12.700000000000001
4,2,0.0,6.1000000000000005,9.4,2.624305273262172,0.30000000000000004,12.700000000000001,345.3616027832031,1.7690790891647339,7.805036544799805,8.95465087890625,1,1.762238621711731,0.30000000000000004,12.700000000000001
4,2,0.0,6.1000000000000005,9.4,2.624305273262172,0.30000000000000004,12.700000000000001,345.8616027832031,0.0,,,0,1.7582978010177612,0.30000000000000004,12.700000000000001
4,2,0.0,6.1000000000000005,9.4,2.624305273262172,0.30000000000000004,12.700000000000001,346.3616027832031,1.7613483667373657,7.805036544799805,8.986298561096191,1,1.7545078992843628,0.30000000000000004,12.700000000000001
4,2,0.0,6.1000000000000005,9.4,2.624305273262172,0.30000000000000004,12.700000000000001,346.8616027832031,1.7577078342437744,7.805036544799805,9.002020835876465,1,1.7508673667907715,0.30000000000000004,12.700000000000001
4,2,0.0,6.1000000000000005,9.4,2.624305273262172,0.30000000000000004,12.700000000000001,347.3616027832031,1.754215121269226,7.805036544799805,9.017680168151855,1,1.7473746538162231,0.30000000000000004,12.700000000000001
4,2,0.0,6.1000000000000005,9.4,2.624305273262172,0.30000000000000004,12.700000000000001,347.8616027832031,1.7508689165115356,7.805036544799805,9.033276557922363,1,1.7440284490585327,0.30000000000000004,12.700000000000001
4,2,0.0,6.1000000000000005,9.4,2.624305273262172,0.30000000000000004,12.700000000000001,348.3616027832031,1.7476677894592285,7.805036544799805,9.048815727233887,1,1.7408273220062256,0.30000000000000004,12.700000000000001
4,2,0.0,6.1000000000000005,9.4,2.624305273262172,0.30000000000000004,12.700000000000001,348.8616027832031,1.7446105480194092,7.805036544799805,9.064298629760742,1,1.7377700805664062,0.30000000000000004,12.700000000000001
4,2,0.0,6.1000000000000005,9.4,2.624305273262172,0.30000000000000004,12.700000000000001,349.3616027832031,1.7416958808898926,7.805036544799805,9.079729080200195,1,1.7348554134368896,0.30000000000000004,12.700000000000001
4,2,0.0,6.1000000000000005,9.4,2.624305273262172,0.30000000000000004,12.700000000000001,349.8616027832031,1.7389225959777832,7.805036544799805,9.095108032226562,1,1.7320821285247803,0.30000000000000004,12.700000000000001
4,2,0.0,6.1000000000000005,9.4,2.624305273262172,0.30000000000000004,12.700000000000001,350.3616027832031,1.7362897396087646,7.805036544799805,9.11043930053711,1,1.7294492721557617,0.30000000000000004,12.700000000000001
4,2,0.0,6.1000000000000005,9.4,2.624305273262172,0.30000000000000004,12.700000000000001,350.8616027832031,1.7337961196899414,7.805036544799805,9.125725746154785,1,1.7269556522369385,0.30000000000000004,12.700000000000001
4,2,0.0,6.1000000000000005,9.4,2.624305273262172,0.30000000000000004,12.700000000000001,351.3616027832031,1.7314409017562866,7.805036544799805,9.140969276428223,1,1.7246004343032837,0.30000000000000004,12.700000000000001
4,2,0.0,6.1000000000000005,9.4,2.624305273262172,0.30000000000000004,12.700000000000001,351.8616027832031,1.7292230129241943,7.805036544799805,9.156171798706055,1,1.7223825454711914,0.30000000000000004,12.700000000000001
4,2,0.0,6.1000000000000005,9.4,2.624305273262172,0.30000000000000004,12.700000000000001,352.3616027832031,1.7271417379379272,7.805036544799805,9.171337127685547,1,1.7203012704849243,0.30000000000000004,12.700000000000001
4,2,0.0,6.1000000000000005,9.4,2.624305273262172,0.30000000000000004,12.700000000000001,352.8616027832031,1.725196123123169,7.805036544799805,9.186466217041016,1,1.718355655670166,0.30000000000000004,12.700000000000001
4,2,0.0,6.1000000000000005,9.4,2.624305273262172,0.30000000000000004,12.700000000000001,353.3616027832031,0.0,,,0,1.7165449857711792,0.30000000000000004,12.700000000000001
4,2,0.0,6.1000000000000005,9.4,2.624305273262172,0.30000000000000004,12.700000000000001,353.8616027832031,1.721709132194519,7.805036544799805,9.216629028320312,1,1.7148686647415161,0.30000000000000004,12.700000000000001
4,2,0.0,6.1000000000000005,9.4,2.624305273262172,0.30000000000000004,12.700000000000001,354.3616027832031,0.0,,,0,1.7133259773254395,0.30000000000000004,12.700000000000001
4,2,0.0,6.1000000000000005,9.4,2.624305273262172,0.30000000000000004,12.700000000000001,354.8616027832031,1.7187566757202148,7.805036544799805,9.246678352355957,1,1.711916208267212,0.30000000000000004,12.700000000000001
4,2,0.0,6.1000000000000005,9.4,2.624305273262172,0.30000000000000004,12.700000000000001,355.3616027832031,1.7174794673919678,7.805036544799805,9.261666297912598,1,1.7106389999389648,0.30000000000000004,12.700000000000001
4,2,0.0,6.1000000000000005,9.4,2.624305273262172,0.30000000000000004,12.700000000000001,355.8616027832031,1.7163342237472534,7.805036544799805,9.276633262634277,1,1.7094937562942505,0.30000000000000004,12.700000000000001
4,2,0.0,6.1000000000000005,9.4,2.624305273262172,0.30000000000000004,12.700000000000001,356.3616027832031,1.7153205871582031,7.805036544799805,9.291581153869629,1,1.7084801197052002,0.30000000000000004,12.700000000000001
4,2,0.0,6.1000000000000005,9.4,2.624305273262172,0.30000000000000004,12.700000000000001,356.8616027832031,1.7144379615783691,7.805036544799805,9.306512832641602,1,1.7075974941253662,0.30000000000000004,12.700000000000001
4,2,0.0,6.1000000000000005,9.4,2.624305273262172,0.30000000000000004,12.700000000000001,357.3616027832031,1.7136863470077515,7.805036544799805,9.321430206298828,1,1.7068458795547485,0.30000000000000004,12.700000000000001
4,2,0.0,6.1000000000000005,9.4,2.624305273262172,0.30000000000000004,12.700000000000001,357.8616027832031,1.7130651473999023,7.805036544799805,9.336335182189941,1,1.7062246799468994,0.30000000000000004,12.700000000000001
4,2,0.0,6.1000000000000005,9.4,2.624305273262172,0.30000000000000004,12.700000000000001,358.3616027832031,1.7125743627548218,7.805036544799805,9.35123062133789,1,1.7057338953018188,0.30000000000000004,12.700000000000001
4,2,0.0,6.1000000000000005,9.4,2.624305273262172,0.30000000000000004,12.700000000000001,358.8616027832031,1.7122136354446411,7.805036544799805,9.366119384765625,1,1.7053731679916382,0.30000000000000004,12.700000000000001
4,2,0.0,6.1000000000000005,9.4,2.624305273262172,0.30000000000000004,12.700000000000001,359.3616027832031,1.7119828462600708,7.805036544799805,9.381001472473145,1,1.7051423788070679,0.30000000000000004,12.700000000000001
4,2,0.0,6.1000000000000005,9.4,2.624305273262172,0.30000000000000004,12.700000000000001,359.8616027832031,1.7118819952011108,7.805036544799805,9.395881652832031,1,1.705041527748108,0.30000000000000004,12.700000000000001
4,2,0.0,6.1000000000000005,9.4,2.624305273262172,0.30000000000000004,12.700000000000001,0.361616313457489,0.0,,,0,1.7050704956054688,0.30000000000000004,12.700000000000001
4,2,0.0,6.1000000000000005,9.4,2.624305273262172,0.30000000000000004,12.700000000000001,0.861616313457489,1.7120697498321533,7.805036544799805,9.425642013549805,1,1.7052292823791504,0.30000000000000004,12.700000000000001
4,2,0.0,6.1000000000000005,9.4,2.624305273262172,0.30000000000000004,12.700000000000001,1.3616162538528442,1.7123585939407349,7.805036544799805,9.440526962280273,1,1.705518126487732,0.30000000000000004,12.700000000000001
4,2,0.0,6.1000000000000005,9.4,2.624305273262172,0.30000000000000004,12.700000000000001,1.8616162538528442,1.7127773761749268,7.805036544799805,9.455418586730957,1,1.7059369087219238,0.30000000000000004,12.700000000000001
4,2,0.0,6.1000000000000005,9.4,2.624305273262172,0.30000000000000004,12.700000000000001,2.361616373062134,1.713326334953308,7.805036544799805,9.470317840576172,1,1.7064858675003052,0.30000000000000004,12.700000000000001
4,2,0.0,6.1000000000000005,9.4,2.624305273262172,0.30000000000000004,12.700000000000001,2.861616373062134,1.7140058279037476,7.805036544799805,9.485228538513184,1,1.7071653604507446,0.30000000000000004,12.700000000000001
4,2,0.0,6.1000000000000005,9.4,2.624305273262172,0.30000000000000004,12.700000000000001,3.361616373062134,1.7148158550262451,7.805036544799805,9.500151634216309,1,1.7079753875732422,0.30000000000000004,12.700000000000001
4,2,0.0,6.1000000000000005,9.4,2.624305273262172,0.30000000000000004,12.700000000000001,3.861616373062134,0.0,,,0,1.708916425704956,0.30000000000000004,12.700000000000001
4,2,0.0,6.1000000000000005,9.4,2.624305273262172,0.30000000000000004,12.700000000000001,4.361616134643555,1.7168292999267578,7.805036544799805,9.530046463012695,1,1.7099888324737549,0.30000000000000004,12.700000000000001
4,2,0.0,6.1000000000000005,9.4,2.624305273262172,0.30000000000000004,12.700000000000001,4.861616134643555,1.7180333137512207,7.805036544799805,9.545022964477539,1,1.7111928462982178,0.30000000000000004,12.700000000000001
4,2,0.0,6.1000000000000005,9.4,2.624305273262172,0.30000000000000004,12.700000000000001,5.361616134643555,1.719369649887085,7.805036544799805,9.56002140045166,1,1.712529182434082,0.30000000000000004,12.700000000000001
4,2,0.0,6.1000000000000005,9.4,2.624305273262172,0.30000000000000004,12.700000000000001,5.861616134643555,1.7208386659622192,7.805036544799805,9.575043678283691,1,1.7139981985092163,0.30000000000000004,12.700000000000001
4,2,0.0,6.1000000000000005,9.4,2.624305273262172,0.30000000000000004,12.700000000000001,6.361616134643555,0.0,,,0,1.715600609779358,0.30000000000000004,12.700000000000001
4,2,0.0,6.1000000000000005,9.4,2.624305273262172,0.30000000000000004,12.700000000000001,6.861616134643555,1.7241772413253784,7.805036544799805,9.605173110961914,1,1.7173367738723755,0.30000000000000004,12.700000000000001
4,2,0.0,6.1000000000000005,9.4,2.624305273262172,0.30000000000000004,12.700000000000001,7.361616134643555,1.7260479927062988,7.805036544799805,9.620284080505371,1,1.719207525253296,0.30000000000000004,12.700000000000001
4,2,0.0,6.1000000000000005,9.4,2.624305273262172,0.30000000000000004,12.700000000000001,7.861616134643555,1.728054165840149,7.805036544799805,9.635429382324219,1,1.721213698387146,0.30000000000000004,12.700000000000001
4,2,0.0,6.1000000000000005,9.4,2.624305273262172,0.30000000000000004,12.700000000000001,8.361616134643555,1.7301963567733765,7.805036544799805,9.65061092376709,1,1.7233558893203735,0.30000000000000004,12.700000000000001
4,2,0.0,6.1000000000000005,9.4,2.624305273262172,0.30000000000000004,12.700000000000001,8.861616134643555,1.7324753999710083,7.805036544799805,9.665831565856934,1,1.7256349325180054,0.30000000000000004,12.700000000000001
4,2,0.0,6.1000000000000005,9.4,2.624305273262172,0.30000000000000004,12.700000000000001,9.361616134643555,1.7348922491073608,7.805036544799805,9.681093215942383,1,1.728051781654358,0.30000000000000004,12.700000000000001
4,2,0.0,6.1000000000000005,9.4,2.624305273262172,0.30000000000000004,12.700000000000001,9.861616134643555,1.73744797706604,7.805036544799805,9.696399688720703,1,1.730607509613037,0.30000000000000004,12.700000000000001
4,2,0.0,6.1000000000000005,9.4,2.624305273262172,0.30000000000000004,12.700000000000001,10.361616134643555,1.7401434183120728,7.805036544799805,9.711751937866211,1,1.7333029508590698,0.30000000000000004,12.700000000000001
4,2,0.0,6.1000000000000005,9.4,2.624305273262172,0.30000000000000004,12.700000000000001,10.861616134643555,0.0,,,0,1.736139178276062,0.30000000000000004,12.700000000000001
4,2,0.0,6.1000000000000005,9.4,2.624305273262172,0.30000000000000004,12.700000000000001,11.361616134643555,0.0,,,0,1.7391173839569092,0.30000000000000004,12.700000000000001
4,2,0.0,6.1000000000000005,9.4,2.624305273262172,0.30000000000000004,12.700000000000001,11.861616134643555,1.7490792274475098,7.805036544799805,9.7581148147583,1,1.7422387599945068,0.30000000000000004,12.700000000000001
4,2,0.0,6.1000000000000005,9.4,2.624305273262172,0.30000000000000004,12.700000000000001,12.361616134643555,0.0,,,0,1.7455044984817505,0.30000000000000004,12.700000000000001
4,2,0.0,6.1000000000000005,9.4,2.624305273262172,0.30000000000000004,12.700000000000001,12.861616134643555,1.7557563781738281,7.805036544799805,9.78930377960205,1,1.7489159107208252,0.30000000000000004,12.700000000000001
4,2,0.0,6.1000000000000005,9.4,2.624305273262172,0.30000000000000004,12.700000000000001,13.361616134643555,0.0,,,0,1.7524744272232056,0.30000000000000004,12.700000000000001
4,2,0.0,6.1000000000000005,9.4,2.624305273262172,0.30000000000000004,12.700000000000001,13.861616134643555,1.7630219459533691,7.805036544799805,9.820741653442383,1,1.7561814785003662,0.30000000000000004,12.700000000000001
4,2,0.0,6.1000000000000005,9.4,2.624305273262172,0.30000000000000004,12.700000000000001,14.361616134643555,1.7668789625167847,7.805036544799805,9.83656120300293,1,1.7600384950637817,0.30000000000000004,12.700000000000001
4,2,0.0,6.1000000000000005,9.4,2.624305273262172,0.30000000000000004,12.700000000000001,14.861616134643555,1.7708877325057983,7.805036544799805,9.852452278137207,1,1.7640472650527954,0.30000000000000004,12.700000000000001
4,2,0.0,6.1000000000000005,9.4,2.624305273262172,0.30000000000000004,12.700000000000001,15.361616134643555,1.7750496864318848,7.805036544799805,9.868416786193848,1,1.7682092189788818,0.30000000000000004,12.700000000000001
4,2,0.0,6.1000000000000005,9.4,2.624305273262172,0.30000000000000004,12.700000000000001,15.861616134643555,1.7793666124343872,7.805036544799805,9.8844575881958,1,1.7725261449813843,0.30000000000000004,12.700000000000001
4,2,0.0,6.1000000000000005,9.4,2.624305273262172,0.30000000000000004,12.700000000000001,16.361616134643555,1.783840298652649,7.805036544799805,9.900578498840332,1,1.776999831199646,0.30000000000000004,12.700000000000001
4,2,0.0,6.1000000000000005,9.4,2.624305273262172,0.30000000000000004,12.700000000000001,16.861616134643555,1.7884727716445923,7.805036544799805,9.91678237915039,1,1.7816323041915894,0.30000000000000004,12.700000000000001
4,2,0.0,6.1000000000000005,9.4,2.624305273262172,0.30000000000000004,12.700000000000001,17.361616134643555,1.793265700340271,7.805036544799805,9.933072090148926,1,1.786425232887268,0.30000000000000004,12.700000000000001
4,2,0.0,6.1000000000000005,9.4,2.624305273262172,0.30000000000000004,12.700000000000001,17.861616134643555,1.7982213497161865,7.805036544799805,9.949450492858887,1,1.7913808822631836,0.30000000000000004,12.700000000000001
4,2,0.0,6.1000000000000005,9.4,2.624305273262172,0.30000000000000004,12.700000000000001,18.361616134643555,1.8033417463302612,7.805036544799805,9.965921401977539,1,1.7965012788772583,0.30000000000000004,12.700000000000001
4,2,0.0,6.1000000000000005,9.4,2.624305273262172,0.30000000000000004,12.700000000000001,18.861616134643555,1.8086291551589966,7.805036544799805,9.982488632202148,1,1.8017886877059937,0.30000000000000004,12.700000000000001
4,2,0.0,6.1000000000000005,9.4,2.624305273262172,0.30000000000000004,12.700000000000001,19.361616134643555,0.0,,,0,1.8072453737258911,0.30000000000000004,12.700000000000001
4,2,0.0,6.1000000000000005,9.4,2.624305273262172,0.30000000000000004,12.700000000000001,19.861616134643555,1.819714069366455,7.805036544799805,10.015922546386719,1,1.8128736019134521,0.30000000000000004,12.700000000000001
4,2,0.0,6.1000000000000005,9.4,2.624305273262172,0.30000000000000004,12.700000000000001,20.361616134643555,1.8255164623260498,7.805036544799805,10.032797813415527,1,1.8186759948730469,0.30000000000000004,12.700000000000001
4,2,0.0,6.1000000000000005,9.4,2.624305273262172,0.30000000000000004,12.700000000000001,20.861616134643555,1.8314954042434692,7.805036544799805,10.049781799316406,1,1.8246549367904663,0.30000000000000004,12.700000000000001
4,2,0.0,6.1000000000000005,9.4,2.624305273262172,0.30000000000000004,12.700000000000001,21.361616134643555,1.8376537561416626,7.805036544799805,10.066879272460938,1,1.8308132886886597,0.30000000000000004,12.700000000000001
4,2,0.0,6.1000000000000005,9.4,2.624305273262172,0.30000000000000004,12.700000000000001,21.861616134643555,1.8439942598342896,7.805036544799805,10.084094047546387,1,1.8371537923812866,0.30000000000000004,12.700000000000001
4,2,0.0,6.1000000000000005,9.4,2.624305273262172,0.30000000000000004,12.700000000000001,22.361616134643555,1.8505196571350098,7.805036544799805,10.101428985595703,1,1.8436791896820068,0.30000000000000004,12.700000000000001
4,2,0.0,6.1000000000000005,9.4,2.624305273262172,0.30000000000000004,12.700000000000001,22.861616134643555,1.857232928276062,7.805036544799805,10.118889808654785,1,1.850392460823059,0.30000000000000004,12.700000000000001
4,2,0.0,6.1000000000000005,9.4,2.624305273262172,0.30000000000000004,12.700000000000001,23.361616134643555,1.8641372919082642,7.805036544799805,10.136479377746582,1,1.8572968244552612,0.30000000000000004,12.700000000000001
4,2,0.0,6.1000000000000005,9.4,2.624305273262172,0.30000000000000004,12.700000000000001,23.861616134643555,1.8712358474731445,7.805036544799805,10.154202461242676,1,1.8643953800201416,0.30000000000000004,12.700000000000001
4,2,0.0,6.1000000000000005,9.4,2.624305273262172,0.30000000000000004,12.700000000000001,24.361616134643555,1.8785320520401,7.805036544799805,10.172061920166016,1,1.8716915845870972,0.30000000000000004,12.700000000000001
4,2,0.0,6.1000000000000005,9.4,2.624305273262172,0.30000000000000004,12.700000000000001,24.861616134643555,1.8860291242599487,7.805036544799805,10.1900634765625,1,1.8791886568069458,0.30000000000000004,12.700000000000001
4,2,0.0,6.1000000000000005,9.4,2.624305273262172,0.30000000000000004,12.700000000000001,25.361616134643555,1.893730878829956,7.805036544799805,10.208211898803711,1,1.8868904113769531,0.30000000000000004,12.700000000000001
4,2,0.0,6.1000000000000005,9.4,2.624305273262172,0.30000000000000004,12.700000000000001,25.861616134643555,1.9016408920288086,7.805036544799805,10.226510047912598,1,1.8948004245758057,0.30000000000000004,12.700000000000001
4,2,0.0,6.1000000000000005,9.4,2.624305273262172,0.30000000000000004,12.700000000000001,26.361616134643555,0.0,,,0,1.902922511100769,0.30000000000000004,12.700000000000001
4,2,0.0,6.1000000000000005,9.4,2.624305273262172,0.30000000000000004,12.700000000000001,26.861616134643555,1.918101191520691,7.805036544799805,10.263578414916992,1,1.911260724067688,0.30000000000000004,12.700000000000001
4,2,0.0,6.1000000000000005,9.4,2.624305273262172,0.30000000000000004,12.700000000000001,27.361616134643555,1.9266597032546997,7.805036544799805,10.282358169555664,1,1.9198192358016968,0.30000000000000004,12.700000000000001
4,2,0.0,6.1000000000000005,9.4,2.624305273262172,0.30000000000000004,12.700000000000001,27.861616134643555,1.9354426860809326,7.805036544799805,10.301308631896973,1,1.9286022186279297,0.30000000000000004,12.700000000000001
4,2,0.0,6.1000000000000005,9.4,2.624305273262172,0.30000000000000004,12.700000000000001,28.361616134643555,1.9444546699523926,7.805036544799805,10.3204345703125,1,1.9376142024993896,0.30000000000000004,12.700000000000001
4,2,0.0,6.1000000000000005,9.4,2.624305273262172,0.30000000000000004,12.700000000000001,28.861616134643555,1.9537001848220825,7.805036544799805,10.339740753173828,1,1.9468597173690796,0.30000000000000004,12.700000000000001
4,2,0.0,6.1000000000000005,9.4,2.624305273262172,0.30000000000000004,12.700000000000001,29.361616134643555,1.9631839990615845,7.805036544799805,10.359234809875488,1,1.9563435316085815,0.30000000000000004,12.700000000000001
4,2,0.0,6.1000000000000005,9.4,2.624305273262172,0.30000000000000004,12.700000000000001,29.861616134643555,1.9729112386703491,7.805036544799805,10.378920555114746,1,1.9660707712173462,0.30000000000000004,12.700000000000001
4,2,0.0,6.1000000000000005,9.4,2.624305273262172,0.30000000000000004,12.700000000000001,30.361616134643555,0.0,,,0,1.9760464429855347,0.30000000000000004,12.700000000000001
4,2,0.0,6.1000000000000005,9.4,2.624305273262172,0.30000000000000004,12.700000000000001,30.861616134643555,1.9931162595748901,7.805036544799805,10.418892860412598,1,1.9862757921218872,0.30000000000000004,12.700000000000001
4,2,0.0,6.1000000000000005,9.4,2.624305273262172,0.30000000000000004,12.700000000000001,31.361616134643555,2.0036051273345947,7.805036544799805,10.439191818237305,1,1.9967645406723022,0.30000000000000004,12.700000000000001
4,2,0.0,6.1000000000000005,9.4,2.624305273262172,0.30000000000000004,12.700000000000001,31.861616134643555,2.0143587589263916,7.805036544799805,10.459707260131836,1,2.0075182914733887,0.30000000000000004,12.700000000000001
4,2,0.0,6.1000000000000005,9.4,2.624305273262172,0.30000000000000004,12.700000000000001,32.36161804199219,0.0,,,0,2.018543004989624,0.30000000000000004,12.700000000000001
4,2,0.0,6.1000000000000005,9.4,2.624305273262172,0.30000000000000004,12.700000000000001,32.86161804199219,2.0366854667663574,7.805036544799805,10.501418113708496,1,2.0298449993133545,0.30000000000000004,12.700000000000001
4,2,0.0,6.1000000000000005,9.4,2.624305273262172,0.30000000000000004,12.700000000000001,33.36161804199219,2.0482711791992188,7.805036544799805,10.522625923156738,1,2.041430711746216,0.30000000000000004,12.700000000000001
4,2,0.0,6.1000000000000005,9.4,2.624305273262172,0.30000000000000004,12.700000000000001,33.86161804199219,0.0,,,0,2.0533065795898438,0.30000000000000004,12.700000000000001
4,2,0.0,6.1000000000000005,9.4,2.624305273262172,0.30000000000000004,12.700000000000001,34.36161804199219,2.0723202228546143,7.805036544799805,10.56578540802002,1,2.0654797554016113,0.30000000000000004,12.700000000000001
4,2,0.0,6.1000000000000005,9.4,2.624305273262172,0.30000000000000004,12.700000000000001,34.86161804199219,2.0847976207733154,7.805036544799805,10.587752342224121,1,2.0779571533203125,0.30000000000000004,12.700000000000001
4,2,0.0,6.1000000000000005,9.4,2.624305273262172,0.30000000000000004,12.700000000000001,35.36161804199219,0.0,,,0,2.0907464027404785,0.30000000000000004,12.700000000000001
4,2,0.0,6.1000000000000005,9.4,2.624305273262172,0.30000000000000004,12.700000000000001,35.86161804199219,2.1106958389282227,7.805036544799805,10.632500648498535,1,2.1038553714752197,0.30000000000000004,12.700000000000001
4,2,0.0,6.1000000000000005,9.4,2.624305273262172,0.30000000000000004,12.700000000000001,36.36161804199219,2.1241323947906494,7.805036544799805,10.655299186706543,1,2.1172919273376465,0.30000000000000004,12.700000000000001
4,2,0.0,6.1000000000000005,9.4,2.624305273262172,0.30000000000000004,12.700000000000001,36.86161804199219,2.1379051208496094,7.805036544799805,10.67839241027832,1,2.1310646533966064,0.30000000000000004,12.700000000000001
4,2,0.0,6.1000000000000005,9.4,2.624305273262172,0.30000000000000004,12.700000000000001,37.36161804199219,2.15202260017395,7.805036544799805,10.701789855957031,1,2.1451821327209473,0.30000000000000004,12.700000000000001
4,2,0.0,6.1000000000000005,9.4,2.624305273262172,0.30000000000000004,12.700000000000001,37.86161804199219,2.1664938926696777,7.805036544799805,10.72550106048584,1,2.159653425216675,0.30000000000000004,12.700000000000001
4,2,0.0,6.1000000000000005,9.4,2.624305273262172,0.30000000000000004,12.700000000000001,38.36161804199219,2.181328535079956,7.805036544799805,10.749536514282227,1,2.174488067626953,0.30000000000000004,12.700000000000001
4,2,0.0,6.1000000000000005,9.4,2.624305273262172,0.30000000000000004,12.700000000000001,38.86161804199219,2.1965363025665283,7.805036544799805,10.773905754089355,1,2.1896958351135254,0.30000000000000004,12.700000000000001
4,2,0.0,6.1000000000000005,9.4,2.624305273262172,0.30000000000000004,12.700000000000001,39.36161804199219,0.0,,,0,2.205286741256714,0.30000000000000004,12.700000000000001
4,2,0.0,6.1000000000000005,9.4,2.624305273262172,0.30000000000000004,12.700000000000001,39.86161804199219,2.2281124591827393,7.805036544799805,10.823692321777344,1,2.2212719917297363,0.30000000000000004,12.700000000000001
4,2,0.0,6.1000000000000005,9.4,2.624305273262172,0.30000000000000004,12.700000000000001,40.36161804199219,2.244502544403076,7.805036544799805,10.84913158416748,1,2.2376620769500732,0.30000000000000004,12.700000000000001
4,2,0.0,6.1000000000000005,9.4,2.624305273262172,0.30000000000000004,12.700000000000001,40.86161804199219,2.2613091468811035,7.805036544799805,10.874950408935547,1,2.2544686794281006,0.30000000000000004,12.700000000000001
4,2,0.0,6.1000000000000005,9.4,2.624305273262172,0.30000000000000004,12.700000000000001,41.36161804199219,2.2785446643829346,7.805036544799805,10.901163101196289,1,2.2717041969299316,0.30000000000000004,12.700000000000001
4,2,0.0,6.1000000000000005,9.4,2.624305273262172,0.30000000000000004,12.700000000000001,41.86161804199219,2.2962214946746826,7.805036544799805,10.927781105041504,1,2.2893810272216797,0.30000000000000004,12.700000000000001
4,2,0.0,6.1000000000000005,9.4,2.624305273262172,0.30000000000000004,12.700000000000001,42.36161804199219,2.314352512359619,7.805036544799805,10.954818725585938,1,2.307512044906616,0.30000000000000004,12.700000000000001
4,2,0.0,6.1000000000000005,9.4,2.624305273262172,0.30000000000000004,12.700000000000001,42.86161804199219,0.0,,,0,2.326111078262329,0.30000000000000004,12.700000000000001
4,2,0.0,6.1000000000000005,9.4,2.624305273262172,0.30000000000000004,12.700000000000001,43.36161804199219,2.3520328998565674,7.805036544799805,11.010210990905762,1,2.3451924324035645,0.30000000000000004,12.700000000000001
4,2,0.0,6.1000000000000005,9.4,2.624305273262172,0.30000000000000004,12.700000000000001,43.86161804199219,2.3716115951538086,7.805036544799805,11.038594245910645,1,2.3647711277008057,0.30000000000000004,12.700000000000001
4,2,0.0,6.1000000000000005,9.4,2.624305273262172,0.30000000000000004,12.700000000000001,44.36161804199219,2.391702890396118,7.805036544799805,11.067459106445312,1,2.3848624229431152,0.30000000000000004,12.700000000000001
4,2,0.0,6.1000000000000005,9.4,2.624305273262172,0.30000000000000004,12.700000000000001,44.86161804199219,0.0,,,0,2.4054830074310303,0.30000000000000004,12.700000000000001
4,2,0.0,6.1000000000000005,9.4,2.624305273262172,0.30000000000000004,12.700000000000001,45.36161804199219,0.0,,,0,2.426649570465088,0.30000000000000004,12.700000000000001
4,2,0.0,6.1000000000000005,9.4,2.624305273262172,0.30000000000000004,12.700000000000001,45.86161804199219,2.4552204608917236,7.805036544799805,11.1571044921875,1,2.4483799934387207,0.30000000000000004,12.700000000000001
4,2,0.0,6.1000000000000005,9.4,2.624305273262172,0.30000000000000004,12.700000000000001,46.36161804199219,2.4775335788726807,7.805036544799805,11.188064575195312,1,2.4706931114196777,0.30000000000000004,12.700000000000001
4,2,0.0,6.1000000000000005,9.4,2.624305273262172,0.30000000000000004,12.700000000000001,46.86161804199219,2.500448703765869,7.805036544799805,11.219596862792969,1,2.493608236312866,0.30000000000000004,12.700000000000001
4,2,0.0,6.1000000000000005,9.4,2.624305273262172,0.30000000000000004,12.700000000000001,47.36161804199219,2.523986339569092,7.805036544799805,11.25172233581543,1,2.517145872116089,0.30000000000000004,12.700000000000001
4,2,0.0,6.1000000000000005,9.4,2.624305273262172,0.30000000000000004,12.700000000000001,47.86161804199219,0.0,,,0,2.541327714920044,0.30000000000000004,12.700000000000001
4,2,0.0,6.1000000000000005,9.4,2.624305273262172,0.30000000000000004,12.700000000000001,48.36161804199219,2.5730161666870117,7.805036544799805,11.317839622497559,1,2.566175699234009,0.30000000000000004,12.700000000000001
4,2,0.0,6.1000000000000005,9.4,2.624305273262172,0.30000000000000004,12.700000000000001,48.86161804199219,0.0,,,0,2.5917139053344727,0.30000000000000004,12.700000000000001
4,2,0.0,6.1000000000000005,9.4,2.624305273262172,0.30000000000000004,12.700000000000001,49.36161804199219,2.624807119369507,7.805036544799805,11.386605262756348,1,2.617966651916504,0.30000000000000004,12.700000000000001
4,2,0.0,6.1000000000000005,9.4,2.624305273262172,0.30000000000000004,12.700000000000001,49.86161804199219,2.6518008708953857,7.805036544799805,11.42204475402832,1,2.644960403442383,0.30000000000000004,12.700000000000001
4,2,0.0,6.1000000000000005,9.4,2.624305273262172,0.30000000000000004,12.700000000000001,50.36161804199219,2.67956280708313,7.805036544799805,11.458226203918457,1,2.672722339630127,0.30000000000000004,12.700000000000001
4,2,0.0,6.1000000000000005,9.4,2.624305273262172,0.30000000000000004,12.700000000000001,50.86161804199219,2.7081212997436523,7.805036544799805,11.495177268981934,1,2.7012808322906494,0.30000000000000004,12.700000000000001
4,2,0.0,6.1000000000000005,9.4,2.624305273262172,0.30000000000000004,12.700000000000001,51.36161804199219,0.0,,,0,2.7306666374206543,0.30000000000000004,12.700000000000001
4,2,0.0,6.1000000000000005,9.4,2.624305273262172,0.30000000000000004,12.700000000000001,51.86161804199219,0.0,,,0,2.760911464691162,0.30000000000000004,12.700000000000001
4,2,0.0,6.1000000000000005,9.4,2.624305273262172,0.30000000000000004,12.700000000000001,52.36161804199219,2.79888916015625,7.805036544799805,11.610969543457031,1,2.792048692703247,0.30000000000000004,12.700000000000001
4,2,0.0,6.1000000000000005,9.4,2.624305273262172,0.30000000000000004,12.700000000000001,52.86161804199219,2.830954074859619,7.805036544799805,11.651326179504395,1,2.824113607406616,0.30000000000000004,12.700000000000001
4,2,0.0,6.1000000000000005,9.4,2.624305273262172,0.30000000000000004,12.700000000000001,53.36161804199219,0.0,,,0,2.8571438789367676,0.30000000000000004,12.700000000000001
4,2,0.0,6.1000000000000005,9.4,2.624305273262172,0.30000000000000004,12.700000000000001,53.86161804199219,2.8980190753936768,7.805036544799805,11.734901428222656,1,2.891178607940674,0.30000000000000004,12.700000000000001
4,2,0.0,6.1000000000000005,9.4,2.624305273262172,0.30000000000000004,12.700000000000001,54.36161804199219,2.9330999851226807,7.805036544799805,11.778202056884766,1,2.9262595176696777,0.30000000000000004,12.700000000000001
4,2,0.0,6.1000000000000005,9.4,2.624305273262172,0.30000000000000004,12.700000000000001,54.86161804199219,0.0,,,0,2.962430715560913,0.30000000000000004,12.700000000000001
4,2,0.0,6.1000000000000005,9.4,2.624305273262172,0.30000000000000004,12.700000000000001,55.36161804199219,3.0065789222717285,7.805036544799805,11.86805248260498,1,2.9997384548187256,0.30000000000000004,12.700000000000001
4,2,0.0,6.1000000000000005,9.4,2.624305273262172,0.30000000000000004,12.700000000000001,55.86161804199219,0.0,,,0,3.0382323265075684,0.30000000000000004,12.700000000000001
4,2,0.0,6.1000000000000005,9.4,2.624305273262172,0.30000000000000004,12.700000000000001,56.36161804199219,3.0848047733306885,7.805036544799805,11.962559700012207,1,3.0779643058776855,0.30000000000000004,12.700000000000001
4,2,0.0,6.1000000000000005,9.4,2.624305273262172,0.30000000000000004,12.700000000000001,56.86161804199219,3.1258304119110107,7.805036544799805,12.01169490814209,1,3.118989944458008,0.30000000000000004,12.700000000000001
4,2,0.0,6.1000000000000005,9.4,2.624305273262172,0.30000000000000004,12.700000000000001,57.36161804199219,3.168208360671997,7.805036544799805,12.06216049194336,1,3.161367893218994,0.30000000000000004,12.700000000000001
4,2,0.0,6.1000000000000005,9.4,2.624305273262172,0.30000000000000004,12.700000000000001,57.86161804199219,3.212001323699951,7.805036544799805,12.114020347595215,1,3.2051608562469482,0.30000000000000004,12.700000000000001
4,2,0.0,6.1000000000000005,9.4,2.624305273262172,0.30000000000000004,12.700000000000001,58.36161804199219,3.2572755813598633,7.805036544799805,12.167341232299805,1,3.2504351139068604,0.30000000000000004,12.700000000000001
4,2,0.0,6.1000000000000005,9.4,2.624305273262172,0.30000000000000004,12.700000000000001,58.86161804199219,3.3041019439697266,7.805036544799805,12.22219467163086,1,3.2972614765167236,0.30000000000000004,12.700000000000001
4,2,0.0,6.1000000000000005,9.4,2.624305273262172,0.30000000000000004,12.700000000000001,59.36161804199219,3.352555751800537,7.805036544799805,12.278656005859375,1,3.345715284347534,0.30000000000000004,12.700000000000001
4,2,0.0,6.1000000000000005,9.4,2.624305273262172,0.30000000000000004,12.700000000000001,59.86161804199219,3.402717351913452,7.805036544799805,12.336806297302246,1,3.395876884460449,0.30000000000000004,12.700000000000001
4,2,0.0,6.1000000000000005,9.4,2.624305273262172,0.30000000000000004,12.700000000000001,60.36161804199219,3.454672336578369,7.805036544799805,12.396730422973633,1,3.447831869125366,0.30000000000000004,12.700000000000001
4,2,0.0,6.1000000000000005,9.4,2.624305273262172,0.30000000000000004,12.700000000000001,60.86161804199219,3.5085127353668213,7.805036544799805,12.45852279663086,1,3.5016722679138184,0.30000000000000004,12.700000000000001
4,2,0.0,6.1000000000000005,9.4,2.624305273262172,0.30000000000000004,12.700000000000001,61.36161804199219,3.5643365383148193,7.805036544799805,12.522279739379883,1,3.5574960708618164,0.30000000000000004,12.700000000000001
4,2,0.0,6.1000000000000005,9.4,2.624305273262172,0.30000000000000004,12.700000000000001,61.86161804199219,0.0,,,0,3.615408420562744,0.30000000000000004,12.700000000000001
4,2,0.0,6.1000000000000005,9.4,2.624305273262172,0.30000000000000004,12.700000000000001,62.36161804199219,3.6823625564575195,7.805036544799805,12.656119346618652,1,3.6755220890045166,0.30000000000000004,12.700000000000001
4,2,0.0,6.1000000000000005,9.4,2.624305273262172,0.30000000000000004,12.700000000000001,62.86161804199219,3.744798421859741,7.805036544799805,12.726436614990234,1,3.7379579544067383,0.30000000000000004,12.700000000000001
4,2,0.0,6.1000000000000005,9.4,2.624305273262172,0.30000000000000004,12.700000000000001,63.36161804199219,3.8096866607666016,7.805036544799805,12.799189567565918,1,3.8028461933135986,0.30000000000000004,12.700000000000001
4,2,0.0,6.1000000000000005,9.4,2.624305273262172,0.30000000000000004,12.700000000000001,63.86161804199219,0.0,,,0,3.8703269958496094,0.30000000000000004,12.700000000000001
4,2,0.0,6.1000000000000005,9.4,2.624305273262172,0.30000000000000004,12.700000000000001,64.36161804199219,3.8884220123291016,7.7795209884643555,12.899412155151367,1,3.8815815448760986,0.30000000000000004,12.700000000000001
4,2,0.0,6.1000000000000005,9.4,2.624305273262172,0.30000000000000004,12.700000000000001,64.86161804199219,0.0,,,0,3.8655388355255127,0.30000000000000004,12.700000000000001
4,2,0.0,6.1000000000000005,9.4,2.624305273262172,0.30000000000000004,12.700000000000001,65.36161804199219,3.8567607402801514,7.704992771148682,12.899412155151367,1,3.8499202728271484,0.30000000000000004,12.700000000000001
4,2,0.0,6.1000000000000005,9.4,2.624305273262172,0.30000000000000004,12.700000000000001,65.86161804199219,3.8415586948394775,7.668177127838135,12.899412155151367,1,3.8347182273864746,0.30000000000000004,12.700000000000001
4,2,0.0,6.1000000000000005,9.4,2.624305273262172,0.30000000000000004,12.700000000000001,66.36161804199219,3.826766014099121,7.631648063659668,12.899412155151367,1,3.819925546646118,0.30000000000000004,12.700000000000001
4,2,0.0,6.1000000000000005,9.4,2.624305273262172,0.30000000000000004,12.700000000000001,66.86161804199219,3.812375783920288,7.595397472381592,12.899412155151367,1,3.805535316467285,0.30000000000000004,12.700000000000001
4,2,0.0,6.1000000000000005,9.4,2.624305273262172,0.30000000000000004,12.700000000000001,67.36161804199219,3.7983810901641846,7.559415817260742,12.899412155151367,1,3.7915406227111816,0.30000000000000004,12.700000000000001
4,2,0.0,6.1000000000000005,9.4,2.624305273262172,0.30000000000000004,12.700000000000001,67.86161804199219,0.0,,,0,3.777935266494751,0.30000000000000004,12.700000000000001
4,2,0.0,6.1000000000000005,9.4,2.624305273262172,0.30000000000000004,12.700000000000001,68.36161804199219,3.7715530395507812,7.488227844238281,12.899412155151367,1,3.7647125720977783,0.30000000000000004,12.700000000000001
4,2,0.0,6.1000000000000005,9.4,2.624305273262172,0.30000000000000004,12.700000000000001,68.86161804199219,0.0,,,0,3.7518670558929443,0.30000000000000004,12.700000000000001
4,2,0.0,6.1000000000000005,9.4,2.624305273262172,0.30000000000000004,12.700000000000001,69.36161804199219,0.0,,,0,3.7393927574157715,0.30000000000000004,12.700000000000001
4,2,0.0,6.1000000000000005,9.4,2.624305273262172,0.30000000000000004,12.700000000000001,69.86161804199219,3.7341244220733643,7.383261680603027,12.899412155151367,1,3.7272839546203613,0.30000000000000004,12.700000000000001
4,2,0.0,6.1000000000000005,9.4,2.624305273262172,0.30000000000000004,12.700000000000001,70.36161804199219,3.7223758697509766,7.348726749420166,12.899412155151367,1,3.7155354022979736,0.30000000000000004,12.700000000000001
4,2,0.0,6.1000000000000005,9.4,2.624305273262172,0.30000000000000004,12.700000000000001,70.86161804199219,3.710982322692871,7.314405918121338,12.899412155151367,1,3.704141855239868,0.30000000000000004,12.700000000000001
4,2,0.0,6.1000000000000005,9.4,2.624305273262172,0.30000000000000004,12.700000000000001,71.36161804199219,3.699939012527466,7.280292510986328,12.899412155151367,1,3.693098545074463,0.30000000000000004,12.700000000000001
4,2,0.0,6.1000000000000005,9.4,2.624305273262172,0.30000000000000004,12.700000000000001,71.86161804199219,3.6892406940460205,7.246379375457764,12.899412155151367,1,3.6824002265930176,0.30000000000000004,12.700000000000001
4,2,0.0,6.1000000000000005,9.4,2.624305273262172,0.30000000000000004,12.700000000000001,72.36161804199219,3.6788830757141113,7.21265983581543,12.899412155151367,1,3.6720426082611084,0.30000000000000004,12.700000000000001
4,2,0.0,6.1000000000000005,9.4,2.624305273262172,0.30000000000000004,12.700000000000001,72.86161804199219,3.6688616275787354,7.179126262664795,12.899412155151367,1,3.6620211601257324,0.30000000000000004,12.700000000000001
4,2,0.0,6.1000000000000005,9.4,2.624305273262172,0.30000000000000004,12.700000000000001,73.36161804199219,0.0,,,0,3.652331590652466,0.30000000000000004,12.700000000000001
4,2,0.0,6.1000000000000005,9.4,2.624305273262172,0.30000000000000004,12.700000000000001,73.86161804199219,0.0,,,0,3.642970085144043,0.30000000000000004,12.700000000000001
4,2,0.0,6.1000000000000005,9.4,2.624305273262172,0.30000000000000004,12.700000000000001,74.36161804199219,3.640772819519043,7.079580783843994,12.899412155151367,1,3.63393235206604,0.30000000000000004,12.700000000000001
4,2,0.0,6.1000000000000005,9.4,2.624305273262172,0.30000000000000004,12.700000000000001,74.86161804199219,3.6320550441741943,7.04672908782959,12.899412155151367,1,3.6252145767211914,0.30000000000000004,12.700000000000001
4,2,0.0,6.1000000000000005,9.4,2.624305273262172,0.30000000000000004,12.700000000000001,75.36161804199219,3.6236541271209717,7.014032363891602,12.899412155151367,1,3.6168136596679688,0.30000000000000004,12.700000000000001
4,2,0.0,6.1000000000000005,9.4,2.624305273262172,0.30000000000000004,12.700000000000001,75.86161804199219,0.0,,,0,3.6087255477905273,0.30000000000000004,12.700000000000001
4,2,0.0,6.1000000000000005,9.4,2.624305273262172,0.30000000000000004,12.700000000000001,76.36161804199219,3.607787609100342,6.9490790367126465,12.899412155151367,1,3.600947141647339,0.30000000000000004,12.700000000000001
4,2,0.0,6.1000000000000005,9.4,2.624305273262172,0.30000000000000004,12.700000000000001,76.86161804199219,0.0,,,0,3.593475341796875,0.30000000000000004,12.700000000000001
4,2,0.0,6.1000000000000005,9.4,2.624305273262172,0.30000000000000004,12.700000000000001,77.36161804199219,3.5931472778320312,6.884673118591309,12.899412155151367,1,3.5863068103790283,0.30000000000000004,12.700000000000001
4,2,0.0,6.1000000000000005,9.4,2.624305273262172,0.30000000000000004,12.700000000000001,77.86161804199219,3.5862796306610107,6.852661609649658,12.899412155151367,1,3.579439163208008,0.30000000000000004,12.700000000000001
4,2,0.0,6.1000000000000005,9.4,2.624305273262172,0.30000000000000004,12.700000000000001,78.36161804199219,3.579709529876709,6.820769786834717,12.899412155151367,1,3.572869062423706,0.30000000000000004,12.700000000000001
4,2,0.0,6.1000000000000005,9.4,2.624305273262172,0.30000000000000004,12.700000000000001,78.86161804199219,3.573434829711914,6.788992404937744,12.899412155151367,1,3.566594362258911,0.30000000000000004,12.700000000000001
4,2,0.0,6.1000000000000005,9.4,2.624305273262172,0.30000000000000004,12.700000000000001,79.36161804199219,3.5674526691436768,6.757323741912842,12.899412155151367,1,3.560612201690674,0.30000000000000004,12.700000000000001
4,2,0.0,6.1000000000000005,9.4,2.624305273262172,0.30000000000000004,12.700000000000001,79.86161804199219,3.561760902404785,6.725759029388428,12.899412155151367,1,3.5549204349517822,0.30000000000000004,12.700000000000001
4,2,0.0,6.1000000000000005,9.4,2.624305273262172,0.30000000000000004,12.700000000000001,80.36161804199219,3.5563571453094482,6.694293022155762,12.899412155151367,1,3.5495166778564453,0.30000000000000004,12.700000000000001
4,2,0.0,6.1000000000000005,9.4,2.624305273262172,0.30000000000000004,12.700000000000001,80.86161804199219,3.551239490509033,6.662919521331787,12.899412155151367,1,3.5443990230560303,0.30000000000000004,12.700000000000001
4,2,0.0,6.1000000000000005,9.4,2.624305273262172,0.30000000000000004,12.700000000000001,81.36161804199219,3.546405553817749,6.631634712219238,12.899412155151367,1,3.539565086364746,0.30000000000000004,12.700000000000001
4,2,0.0,6.1000000000000005,9.4,2.624305273262172,0.30000000000000004,12.700000000000001,81.86161804199219,3.541853427886963,6.6004319190979,12.899412155151367,1,3.53501296043396,0.30000000000000004,12.700000000000001
4,2,0.0,6.1000000000000005,9.4,2.624305273262172,0.30000000000000004,12.700000000000001,82.36161804199219,0.0,,,0,3.5307414531707764,0.30000000000000004,12.700000000000001
4,2,0.0,6.1000000000000005,9.4,2.624305273262172,0.30000000000000004,12.700000000000001,82.86161804199219,3.5335886478424072,6.53825569152832,12.899412155151367,1,3.5267481803894043,0.30000000000000004,12.700000000000001
4,2,0.0,6.1000000000000005,9.4,2.624305273262172,0.30000000000000004,12.700000000000001,83.36161804199219,0.0,,,0,3.5230321884155273,0.30000000000000004,12.700000000000001
4,2,0.0,6.1000000000000005,9.4,2.624305273262172,0.30000000000000004,12.700000000000001,83.86161804199219,3.5264320373535156,6.476350784301758,12.899412155151367,1,3.5195915699005127,0.30000000000000004,12.700000000000001
4,2,0.0,6.1000000000000005,9.4,2.624305273262172,0.30000000000000004,12.700000000000001,84.36161804199219,3.523265838623047,6.4454874992370605,12.899412155151367,1,3.516425371170044,0.30000000000000004,12.700000000000001
4,2,0.0,6.1000000000000005,9.4,2.624305273262172,0.30000000000000004,12.700000000000001,84.86161804199219,0.0,,,0,3.5135319232940674,0.30000000000000004,12.700000000000001
4,2,0.0,6.1000000000000005,9.4,2.624305273262172,0.30000000000000004,12.700000000000001,85.36161804199219,3.5177509784698486,6.383915424346924,12.899412155151367,1,3.5109105110168457,0.30000000000000004,12.700000000000001
4,2,0.0,6.1000000000000005,9.4,2.624305273262172,0.30000000000000004,12.700000000000001,85.86161804199219,3.5154006481170654,6.3531975746154785,12.899412155151367,1,3.5085601806640625,0.30000000000000004,12.700000000000001
4,2,0.0,6.1000000000000005,9.4,2.624305273262172,0.30000000000000004,12.700000000000001,86.36161804199219,3.513320207595825,6.3225178718566895,12.899412155151367,1,3.5064797401428223,0.30000000000000004,12.700000000000001
4,2,0.0,6.1000000000000005,9.4,2.624305273262172,0.30000000000000004,12.700000000000001,86.86161804199219,0.0,,,0,3.5046682357788086,0.30000000000000004,12.700000000000001
4,2,0.0,6.1000000000000005,9.4,2.624305273262172,0.30000000000000004,12.700000000000001,87.36161804199219,3.5099661350250244,6.261256694793701,12.899412155151367,1,3.5031256675720215,0.30000000000000004,12.700000000000001
4,2,0.0,6.1000000000000005,9.4,2.624305273262172,0.30000000000000004,12.700000000000001,87.86161804199219,3.5086910724639893,6.23066520690918,12.899412155151367,1,3.5018506050109863,0.30000000000000004,12.700000000000001
4,2,0.0,6.1000000000000005,9.4,2.624305273262172,0.30000000000000004,12.700000000000001,88.36161804199219,0.0,,,0,3.5008432865142822,0.30000000000000004,12.700000000000001
4,2,0.0,6.1000000000000005,9.4,2.624305273262172,0.30000000000000004,12.700000000000001,88.86161804199219,3.506943464279175,6.169537544250488,12.899412155151367,1,3.500102996826172,0.30000000000000004,12.700000000000001
4,2,0.0,6.1000000000000005,9.4,2.624305273262172,0.30000000000000004,12.700000000000001,89.36161804199219,3.5064697265625,6.138991832733154,12.899412155151367,1,3.499629259109497,0.30000000000000004,12.700000000000001
4,2,0.0,6.1000000000000005,9.4,2.624305273262172,0.30000000000000004,12.700000000000001,89.86161804199219,0.0,,,0,3.499422311782837,0.30000000000000004,12.700000000000001
4,2,0.0,6.1000000000000005,9.4,2.624305273262172,0.30000000000000004,12.700000000000001,90.36161804199219,3.5063223838806152,6.077913761138916,12.899412155151367,1,3.4994819164276123,0.30000000000000004,12.700000000000001
4,2,0.0,6.1000000000000005,9.4,2.624305273262172,0.30000000000000004,12.700000000000001,90.86161804199219,3.506648302078247,6.047371864318848,12.899412155151367,1,3.499807834625244,0.30000000000000004,12.700000000000001
4,2,0.0,6.1000000000000005,9.4,2.624305273262172,0.30000000000000004,12.700000000000001,91.36161804199219,3.5072410106658936,6.01682186126709,12.899412155151367,1,3.5004005432128906,0.30000000000000004,12.700000000000001
4,2,0.0,6.1000000000000005,9.4,2.624305273262172,0.30000000000000004,12.700000000000001,91.86161804199219,3.5081005096435547,5.986259460449219,12.899412155151367,1,3.5012600421905518,0.30000000000000004,12.700000000000001
4,2,0.0,6.1000000000000005,9.4,2.624305273262172,0.30000000000000004,12.700000000000001,92.36161804199219,0.0,,,0,3.5023868083953857,0.30000000000000004,12.700000000000001
4,2,0.0,6.1000000000000005,9.4,2.624305273262172,0.30000000000000004,12.700000000000001,92.86161804199219,3.5106217861175537,5.92507791519165,12.899412155151367,1,3.503781318664551,0.30000000000000004,12.700000000000001
4,2,0.0,6.1000000000000005,9.4,2.624305273262172,0.30000000000000004,12.700000000000001,93.36161804199219,3.512284278869629,5.894449234008789,12.899412155151367,1,3.505443811416626,0.30000000000000004,12.700000000000001
4,2,0.0,6.1000000000000005,9.4,2.624305273262172,0.30000000000000004,12.700000000000001,93.86161804199219,0.0,,,0,3.5073752403259277,0.30000000000000004,12.700000000000001
4,2,0.0,6.1000000000000005,9.4,2.624305273262172,0.30000000000000004,12.700000000000001,94.36161804199219,3.516416549682617,5.833093166351318,12.899412155151367,1,3.5095760822296143,0.30000000000000004,12.700000000000001
4,2,0.0,6.1000000000000005,9.4,2.624305273262172,0.30000000000000004,12.700000000000001,94.86161804199219,3.518887996673584,5.802355766296387,12.899412155151367,1,3.512047529220581,0.30000000000000004,12.700000000000001
4,2,0.0,6.1000000000000005,9.4,2.624305273262172,0.30000000000000004,12.700000000000001,95.36161804199219,3.5216305255889893,5.771573066711426,12.899412155151367,1,3.5147900581359863,0.30000000000000004,12.700000000000001
4,2,0.0,6.1000000000000005,9.4,2.624305273262172,0.30000000000000004,12.700000000000001,95.86161804199219,3.5246455669403076,5.7407402992248535,12.899412155151367,1,3.5178050994873047,0.30000000000000004,12.700000000000001
4,2,0.0,6.1000000000000005,9.4,2.624305273262172,0.30000000000000004,12.700000000000001,96.36161804199219,3.5279340744018555,5.7098517417907715,12.899412155151367,1,3.5210936069488525,0.30000000000000004,12.700000000000001
4,2,0.0,6.1000000000000005,9.4,2.624305273262172,0.30000000000000004,12.700000000000001,96.86161804199219,3.5314974784851074,5.678903102874756,12.899412155151367,1,3.5246570110321045,0.30000000000000004,12.700000000000001
4,2,0.0,6.1000000000000005,9.4,2.624305273262172,0.30000000000000004,12.700000000000001,97.36161804199219,0.0,,,0,3.528496742248535,0.30000000000000004,12.700000000000001
4,2,0.0,6.1000000000000005,9.4,2.624305273262172,0.30000000000000004,12.700000000000001,97.86161804199219,3.539454460144043,5.616805553436279,12.899412155151367,1,3.53261399269104,0.30000000000000004,12.700000000000001
4,2,0.0,6.1000000000000005,9.4,2.624305273262172,0.30000000000000004,12.700000000000001,98.36161804199219,3.543851137161255,5.585647106170654,12.899412155151367,1,3.537010669708252,0.30000000000000004,12.700000000000001
4,2,0.0,6.1000000000000005,9.4,2.624305273262172,0.30000000000000004,12.700000000000001,98.86161804199219,0.0,,,0,3.5416882038116455,0.30000000000000004,12.700000000000001
4,2,0.0,6.1000000000000005,9.4,2.624305273262172,0.30000000000000004,12.700000000000001,99.36161804199219,3.5534892082214355,5.5230841636657715,12.899412155151367,1,3.5466487407684326,0.30000000000000004,12.700000000000001
4,2,0.0,6.1000000000000005,9.4,2.624305273262172,0.30000000000000004,12.700000000000001,99.86161804199219,0.0,,,0,3.551893949508667,0.30000000000000004,12.700000000000001
4,2,0.0,6.1000000000000005,9.4,2.624305273262172,0.30000000000000004,12.700000000000001,100.36161804199219,3.5642664432525635,5.460160732269287,12.899412155151367,1,3.5574259757995605,0.30000000000000004,12.700000000000001
4,2,0.0,6.1000000000000005,9.4,2.624305273262172,0.30000000000000004,12.700000000000001,100.86161804199219,3.570087432861328,5.4285502433776855,12.899412155151367,1,3.563246965408325,0.30000000000000004,12.700000000000001
4,2,0.0,6.1000000000000005,9.4,2.624305273262172,0.30000000000000004,12.700000000000001,101.36161804199219,3.576200008392334,5.396833896636963,12.899412155151367,1,3.569359540939331,0.30000000000000004,12.700000000000001
4,2,0.0,6.1000000000000005,9.4,2.624305273262172,0.30000000000000004,12.700000000000001,101.86161804199219,3.582606315612793,5.365006446838379,12.899412155151367,1,3.57576584815979,0.30000000000000004,12.700000000000001
4,2,0.0,6.1000000000000005,9.4,2.624305273262172,0.30000000000000004,12.700000000000001,102.36161804199219,3.589308738708496,5.333061695098877,12.899412155151367,1,3.582468271255493,0.30000000000000004,12.700000000000001
4,2,0.0,6.1000000000000005,9.4,2.624305273262172,0.30000000000000004,12.700000000000001,102.86161804199219,3.5963103771209717,5.300994396209717,12.899412155151367,1,3.5894699096679688,0.30000000000000004,12.700000000000001
4,2,0.0,6.1000000000000005,9.4,2.624305273262172,0.30000000000000004,12.700000000000001,103.36161804199219,3.60361385345459,5.268799304962158,12.899412155151367,1,3.596773386001587,0.30000000000000004,12.700000000000001
4,2,0.0,6.1000000000000005,9.4,2.624305273262172,0.30000000000000004,12.700000000000001,103.86161804199219,3.611222267150879,5.236470699310303,12.899412155151367,1,3.604381799697876,0.30000000000000004,12.700000000000001
4,2,0.0,6.1000000000000005,9.4,2.624305273262172,0.30000000000000004,12.700000000000001,104.36161804199219,3.619138479232788,5.2040019035339355,12.899412155151367,1,3.612298011779785,0.30000000000000004,12.700000000000001
4,2,0.0,6.1000000000000005,9.4,2.624305273262172,0.30000000000000004,12.700000000000001,104.86161804199219,3.627366065979004,5.171388149261475,12.899412155151367,1,3.620525598526001,0.30000000000000004,12.700000000000001
4,2,0.0,6.1000000000000005,9.4,2.624305273262172,0.30000000000000004,12.700000000000001,105.36161804199219,3.6359078884124756,5.138623237609863,12.899412155151367,1,3.6290674209594727,0.30000000000000004,12.700000000000001
4,2,0.0,6.1000000000000005,9.4,2.624305273262172,0.30000000000000004,12.700000000000001,105.86161804199219,3.644767999649048,5.105700492858887,12.899412155151367,1,3.637927532196045,0.30000000000000004,12.700000000000001
4,2,0.0,6.1000000000000005,9.4,2.624305273262172,0.30000000000000004,12.700000000000001,106.36161804199219,3.6539499759674072,5.072613716125488,12.899412155151367,1,3.6471095085144043,0.30000000000000004,12.700000000000001
4,2,0.0,6.1000000000000005,9.4,2.624305273262172,0.30000000000000004,12.700000000000001,106.86161804199219,3.6634573936462402,5.039357662200928,12.899412155151367,1,3.6566169261932373,0.30000000000000004,12.700000000000001
4,2,0.0,6.1000000000000005,9.4,2.624305273262172,0.30000000000000004,12.700000000000001,107.36161804199219,3.6732945442199707,5.005924701690674,12.899412155151367,1,3.6664540767669678,0.30000000000000004,12.700000000000001
4,2,0.0,6.1000000000000005,9.4,2.624305273262172,0.30000000000000004,12.700000000000001,107.86161804199219,3.6834654808044434,4.972309112548828,12.899412155151367,1,3.6766250133514404,0.30000000000000004,12.700000000000001
4,2,0.0,6.1000000000000005,9.4,2.624305273262172,0.30000000000000004,12.700000000000001,108.36161804199219,0.0,,,0,3.687134265899658,0.30000000000000004,12.700000000000001
4,2,0.0,6.1000000000000005,9.4,2.624305273262172,0.30000000000000004,12.700000000000001,108.86161804199219,3.704826593399048,4.904501914978027,12.899412155151367,1,3.697986125946045,0.30000000000000004,12.700000000000001
4,2,0.0,6.1000000000000005,9.4,2.624305273262172,0.30000000000000004,12.700000000000001,109.36161804199219,3.7160255908966064,4.870296955108643,12.899412155151367,1,3.7091851234436035,0.30000000000000004,12.700000000000001
4,2,0.0,6.1000000000000005,9.4,2.624305273262172,0.30000000000000004,12.700000000000001,109.86161804199219,0.0,,,0,3.720736503601074,0.30000000000000004,12.700000000000001
4,2,0.0,6.1000000000000005,9.4,2.624305273262172,0.30000000000000004,12.700000000000001,110.36161804199219,0.0,,,0,3.732645273208618,0.30000000000000004,12.700000000000001
4,2,0.0,6.1000000000000005,9.4,2.624305273262172,0.30000000000000004,12.700000000000001,110.86161804199219,3.7517571449279785,4.766389846801758,12.899412155151367,1,3.7449166774749756,0.30000000000000004,12.700000000000001
4,2,0.0,6.1000000000000005,9.4,2.624305273262172,0.30000000000000004,12.700000000000001,111.36161804199219,3.7643964290618896,4.731298923492432,12.899412155151367,1,3.7575559616088867,0.30000000000000004,12.700000000000001
4,2,0.0,6.1000000000000005,9.4,2.624305273262172,0.30000000000000004,12.700000000000001,111.86161804199219,3.777409553527832,4.695967674255371,12.899412155151367,1,3.770569086074829,0.30000000000000004,12.700000000000001
4,2,0.0,6.1000000000000005,9.4,2.624305273262172,0.30000000000000004,12.700000000000001,112.36161804199219,0.0,,,0,3.783961772918701,0.30000000000000004,12.700000000000001
4,2,0.0,6.1000000000000005,9.4,2.624305273262172,0.30000000000000004,12.700000000000001,112.86161804199219,0.0,,,0,3.7977402210235596,0.30000000000000004,12.700000000000001
4,2,0.0,6.1000000000000005,9.4,2.624305273262172,0.30000000000000004,12.700000000000001,113.36161804199219,3.818751096725464,4.588451862335205,12.899412155151367,1,3.811910629272461,0.30000000000000004,12.700000000000001
4,2,0.0,6.1000000000000005,9.4,2.624305273262172,0.30000000000000004,12.700000000000001,113.86161804199219,3.833320379257202,4.552077770233154,12.899412155151367,1,3.826479911804199,0.30000000000000004,12.700000000000001
4,2,0.0,6.1000000000000005,9.4,2.624305273262172,0.30000000000000004,12.700000000000001,114.36161804199219,3.848294973373413,4.515422344207764,12.899412155151367,1,3.84145450592041,0.30000000000000004,12.700000000000001
4,2,0.0,6.1000000000000005,9.4,2.624305273262172,0.30000000000000004,12.700000000000001,114.86161804199219,3.8636820316314697,4.478475570678711,12.899412155151367,1,3.856841564178467,0.30000000000000004,12.700000000000001
4,2,0.0,6.1000000000000005,9.4,2.624305273262172,0.30000000000000004,12.700000000000001,115.36161804199219,0.0,,,0,3.8726484775543213,0.30000000000000004,12.700000000000001
4,2,0.0,6.1000000000000005,9.4,2.624305273262172,0.30000000000000004,12.700000000000001,115.86161804199219,3.895723342895508,4.403672695159912,12.899412155151367,1,3.888882875442505,0.30000000000000004,12.700000000000001
4,2,0.0,6.1000000000000005,9.4,2.624305273262172,0.30000000000000004,12.700000000000001,116.36161804199219,3.91239333152771,4.365797996520996,12.899412155151367,1,3.905552864074707,0.30000000000000004,12.700000000000001
4,2,0.0,6.1000000000000005,9.4,2.624305273262172,0.30000000000000004,12.700000000000001,116.86161804199219,3.929506540298462,4.327593803405762,12.899412155151367,1,3.922666072845459,0.30000000000000004,12.700000000000001
4,2,0.0,6.1000000000000005,9.4,2.624305273262172,0.30000000000000004,12.700000000000001,117.36161804199219,3.9470720291137695,4.289050102233887,12.899412155151367,1,3.9402315616607666,0.30000000000000004,12.700000000000001
4,2,0.0,6.1000000000000005,9.4,2.624305273262172,0.30000000000000004,12.700000000000001,117.86161804199219,3.9650981426239014,4.250157356262207,12.899412155151367,1,3.9582576751708984,0.30000000000000004,12.700000000000001
4,2,0.0,6.1000000000000005,9.4,2.624305273262172,0.30000000000000004,12.700000000000001,118.36161804199219,3.9835941791534424,4.210903644561768,12.899412155151367,1,3.9767537117004395,0.30000000000000004,12.700000000000001
4,2,0.0,6.1000000000000005,9.4,2.624305273262172,0.30000000000000004,12.700000000000001,118.86161804199219,0.0,,,0,3.9957292079925537,0.30000000000000004,12.700000000000001
4,2,0.0,6.1000000000000005,9.4,2.624305273262172,0.30000000000000004,12.700000000000001,119.36161804199219,4.022034645080566,4.131269931793213,12.899412155151367,1,4.015193939208984,0.30000000000000004,12.700000000000001
4,2,0.0,6.1000000000000005,9.4,2.624305273262172,0.30000000000000004,12.700000000000001,119.86161804199219,4.041998863220215,4.090867042541504,12.899412155151367,1,4.035158157348633,0.30000000000000004,12.700000000000001
4,2,0.0,6.1000000000000005,9.4,2.624305273262172,0.30000000000000004,12.700000000000001,120.36161804199219,4.062472820281982,4.0500569343566895,12.899412155151367,1,4.0556321144104,0.30000000000000004,12.700000000000001
4,2,0.0,6.1000000000000005,9.4,2.624305273262172,0.30000000000000004,12.700000000000001,120.86161804199219,4.083467483520508,4.0088276863098145,12.899412155151367,1,4.076626777648926,0.30000000000000004,12.700000000000001
4,2,0.0,6.1000000000000005,9.4,2.624305273262172,0.30000000000000004,12.700000000000001,121.36161804199219,4.104994773864746,3.9671661853790283,12.899412155151367,1,4.098154067993164,0.30000000000000004,12.700000000000001
4,2,0.0,6.1000000000000005,9.4,2.624305273262172,0.30000000000000004,12.700000000000001,121.86161804199219,4.127065658569336,3.9250590801239014,12.899412155151367,1,4.120224952697754,0.30000000000000004,12.700000000000001
4,2,0.0,6.1000000000000005,9.4,2.624305273262172,0.30000000000000004,12.700000000000001,122.36161804199219,4.149693012237549,3.8824925422668457,12.899412155151367,1,4.142852306365967,0.30000000000000004,12.700000000000001
4,2,0.0,6.1000000000000005,9.4,2.624305273262172,0.30000000000000004,12.700000000000001,122.86161804199219,0.0,,,0,4.166048526763916,0.30000000000000004,12.700000000000001
4,2,0.0,6.1000000000000005,9.4,2.624305273262172,0.30000000000000004,12.700000000000001,123.36161804199219,4.196667194366455,3.7959249019622803,12.899412155151367,1,4.189826488494873,0.30000000000000004,12.700000000000001
4,2,0.0,6.1000000000000005,9.4,2.624305273262172,0.30000000000000004,12.700000000000001,123.86161804199219,0.0,,,0,4.214200496673584,0.30000000000000004,12.700000000000001
4,2,0.0,6.1000000000000005,9.4,2.624305273262172,0.30000000000000004,12.700000000000001,124.36161804199219,4.246025085449219,3.7073442935943604,12.899412155151367,1,4.239184379577637,0.30000000000000004,12.700000000000001
4,2,0.0,6.1000000000000005,9.4,2.624305273262172,0.30000000000000004,12.700000000000001,124.86161804199219,4.271634101867676,3.662259817123413,12.899412155151367,1,4.264793395996094,0.30000000000000004,12.700000000000001
4,2,0.0,6.1000000000000005,9.4,2.624305273262172,0.30000000000000004,12.700000000000001,125.36161804199219,4.297882556915283,3.616623878479004,12.899412155151367,1,4.291041851043701,0.30000000000000004,12.700000000000001
4,2,0.0,6.1000000000000005,9.4,2.624305273262172,0.30000000000000004,12.700000000000001,125.86161804199219,4.324787616729736,3.5704190731048584,12.899412155151367,1,4.317946910858154,0.30000000000000004,12.700000000000001
4,2,0.0,6.1000000000000005,9.4,2.624305273262172,0.30000000000000004,12.700000000000001,126.36161804199219,0.0,,,0,4.345523834228516,0.30000000000000004,12.700000000000001
4,2,0.0,6.1000000000000005,9.4,2.624305273262172,0.30000000000000004,12.700000000000001,126.86161804199219,4.380631923675537,3.476231098175049,12.899412155151367,1,4.373791217803955,0.30000000000000004,12.700000000000001
4,2,0.0,6.1000000000000005,9.4,2.624305273262172,0.30000000000000004,12.700000000000001,127.36161804199219,4.409606456756592,3.4282102584838867,12.899412155151367,1,4.40276575088501,0.30000000000000004,12.700000000000001
4,2,0.0,6.1000000000000005,9.4,2.624305273262172,0.30000000000000004,12.700000000000001,127.86161804199219,4.43930721282959,3.379545211791992,12.899412155151367,1,4.432466506958008,0.30000000000000004,12.700000000000001
4,2,0.0,6.1000000000000005,9.4,2.624305273262172,0.30000000000000004,12.700000000000001,128.3616180419922,0.0,,,0,4.4629130363464355,0.30000000000000004,12.700000000000001
4,2,0.0,6.1000000000000005,9.4,2.624305273262172,0.30000000000000004,12.700000000000001,128.8616180419922,4.5009660720825195,3.2801990509033203,12.899412155151367,1,4.4941253662109375,0.30000000000000004,12.700000000000001
4,2,0.0,6.1000000000000005,9.4,2.624305273262172,0.30000000000000004,12.700000000000001,129.3616180419922,4.532965183258057,3.2294743061065674,12.899412155151367,1,4.526124477386475,0.30000000000000004,12.700000000000001
4,2,0.0,6.1000000000000005,9.4,2.624305273262172,0.30000000000000004,12.700000000000001,129.8616180419922,4.565773010253906,3.17801833152771,12.899412155151367,1,4.558932304382324,0.30000000000000004,12.700000000000001
4,2,0.0,6.1000000000000005,9.4,2.624305273262172,0.30000000000000004,12.700000000000001,130.3616180419922,4.599411964416504,3.1258068084716797,12.899412155151367,1,4.592571258544922,0.30000000000000004,12.700000000000001
4,2,0.0,6.1000000000000005,9.4,2.624305273262172,0.30000000000000004,12.700000000000001,130.8616180419922,4.63390588760376,3.072815179824829,12.899412155151367,1,4.627065181732178,0.30000000000000004,12.700000000000001
4,2,0.0,6.1000000000000005,9.4,2.624305273262172,0.30000000000000004,12.700000000000001,131.3616180419922,4.669280052185059,3.019017219543457,12.899412155151367,1,4.662439346313477,0.30000000000000004,12.700000000000001
4,2,0.0,6.1000000000000005,9.4,2.624305273262172,0.30000000000000004,12.700000000000001,131.8616180419922,4.705559730529785,2.964386224746704,12.899412155151367,1,4.698719024658203,0.30000000000000004,12.700000000000001
4,2,0.0,6.1000000000000005,9.4,2.624305273262172,0.30000000000000004,12.700000000000001,132.3616180419922,4.742771625518799,2.9088940620422363,12.899412155151367,1,4.735930919647217,0.30000000000000004,12.700000000000001
4,2,0.0,6.1000000000000005,9.4,2.624305273262172,0.30000000000000004,12.700000000000001,132.8616180419922,4.780944347381592,2.8525116443634033,12.899412155151367,1,4.77410364151001,0.30000000000000004,12.700000000000001
4,2,0.0,6.1000000000000005,9.4,2.624305273262172,0.30000000000000004,12.700000000000001,133.3616180419922,4.8201069831848145,2.79520845413208,12.899412155151367,1,4.813266277313232,0.30000000000000004,12.700000000000001
4,2,0.0,6.1000000000000005,9.4,2.624305273262172,0.30000000000000004,12.700000000000001,133.8616180419922,4.860290050506592,2.736953020095825,12.899412155151367,1,4.85344934463501,0.30000000000000004,12.700000000000001
4,2,0.0,6.1000000000000005,9.4,2.624305273262172,0.30000000000000004,12.700000000000001,134.3616180419922,4.901525497436523,2.6777119636535645,12.899412155151367,1,4.894684791564941,0.30000000000000004,12.700000000000001
4,2,0.0,6.1000000000000005,9.4,2.624305273262172,0.30000000000000004,12.700000000000001,134.8616180419922,4.943847179412842,2.6174511909484863,12.899412155151367,1,4.93700647354126,0.30000000000000004,12.700000000000001
4,2,0.0,6.1000000000000005,9.4,2.624305273262172,0.30000000000000004,12.700000000000001,135.3616180419922,4.9872894287109375,2.5561344623565674,12.899412155151367,1,4.9804487228393555,0.30000000000000004,12.700000000000001
4,2,0.0,6.1000000000000005,9.4,2.624305273262172,0.30000000000000004,12.700000000000001,135.8616180419922,5.031888961791992,2.4937241077423096,12.899412155151367,1,5.02504825592041,0.30000000000000004,12.700000000000001
4,2,0.0,6.1000000000000005,9.4,2.624305273262172,0.30000000000000004,12.700000000000001,136.3616180419922,5.07768440246582,2.4301812648773193,12.899412155151367,1,5.070843696594238,0.30000000000000004,12.700000000000001
4,2,0.0,6.1000000000000005,9.4,2.624305273262172,0.30000000000000004,12.700000000000001,136.8616180419922,0.0,,,0,5.117874622344971,0.30000000000000004,12.700000000000001
4,2,0.0,6.1000000000000005,9.4,2.624305273262172,0.30000000000000004,12.700000000000001,137.3616180419922,5.1730241775512695,2.2995309829711914,12.899412155151367,1,5.1661834716796875,0.30000000000000004,12.700000000000001
4,2,0.0,6.1000000000000005,9.4,2.624305273262172,0.30000000000000004,12.700000000000001,137.8616180419922,5.222654342651367,2.2323358058929443,12.899412155151367,1,5.215813636779785,0.30000000000000004,12.700000000000001
4,2,0.0,6.1000000000000005,9.4,2.624305273262172,0.30000000000000004,12.700000000000001,138.3616180419922,0.0,,,0,5.266811847686768,0.30000000000000004,12.700000000000001
4,2,0.0,6.1000000000000005,9.4,2.624305273262172,0.30000000000000004,12.700000000000001,138.8616180419922,5.326066970825195,2.0939693450927734,12.899412155151367,1,5.319226264953613,0.30000000000000004,12.700000000000001
4,2,0.0,6.1000000000000005,9.4,2.624305273262172,0.30000000000000004,12.700000000000001,139.3616180419922,5.379948139190674,2.0226969718933105,12.899412155151367,1,5.373107433319092,0.30000000000000004,12.700000000000001
4,2,0.0,6.1000000000000005,9.4,2.624305273262172,0.30000000000000004,12.700000000000001,139.8616180419922,5.435349941253662,1.949960470199585,12.899412155151367,1,5.42850923538208,0.30000000000000004,12.700000000000001
4,2,0.0,6.1000000000000005,9.4,2.624305273262172,0.30000000000000004,12.700000000000001,140.3616180419922,0.0,,,0,5.485487461090088,0.30000000000000004,12.700000000000001
4,2,0.0,6.1000000000000005,9.4,2.624305273262172,0.30000000000000004,12.700000000000001,140.8616180419922,5.5509419441223145,1.7998634576797485,12.899412155151367,1,5.544101238250732,0.30000000000000004,12.700000000000001
4,2,0.0,6.1000000000000005,9.4,2.624305273262172,0.30000000000000004,12.700000000000001,141.3616180419922,5.611253261566162,1.7223801612854004,12.899412155151367,1,5.60441255569458,0.30000000000000004,12.700000000000001
4,2,0.0,6.1000000000000005,9.4,2.624305273262172,0.30000000000000004,12.700000000000001,141.8616180419922,5.673327445983887,1.6431864500045776,12.899412155151367,1,5.666486740112305,0.30000000000000004,12.700000000000001
4,2,0.0,6.1000000000000005,9.4,2.624305273262172,0.30000000000000004,12.700000000000001,142.3616180419922,5.7372331619262695,1.562212586402893,12.899412155151367,1,5.7303924560546875,0.30000000000000004,12.700000000000001
4,2,0.0,6.1000000000000005,9.4,2.624305273262172,0.30000000000000004,12.700000000000001,142.8616180419922,5.803043365478516,1.4793850183486938,12.899412155151367,1,5.796202659606934,0.30000000000000004,12.700000000000001
4,2,0.0,6.1000000000000005,9.4,2.624305273262172,0.30000000000000004,12.700000000000001,143.3616180419922,5.870834827423096,1.3946263790130615,12.899412155151367,1,5.863994121551514,0.30000000000000004,12.700000000000001
4,2,0.0,6.1000000000000005,9.4,2.624305273262172,0.30000000000000004,12.700000000000001,143.8616180419922,5.940687656402588,1.3078550100326538,12.899412155151367,1,5.933846950531006,0.30000000000000004,12.700000000000001
4,2,0.0,6.1000000000000005,9.4,2.624305273262172,0.30000000000000004,12.700000000000001,144.3616180419922,6.012687683105469,1.218984603881836,12.899412155151367,1,6.005846977233887,0.30000000000000004,12.700000000000001
4,2,0.0,6.1000000000000005,9.4,2.624305273262172,0.30000000000000004,12.700000000000001,144.8616180419922,0.0,,,0,6.080084323883057,0.30000000000000004,12.700000000000001
4,2,0.0,6.1000000000000005,9.4,2.624305273262172,0.30000000000000004,12.700000000000001,145.3616180419922,6.1634955406188965,1.0345767736434937,12.899412155151367,1,6.1566548347473145,0.30000000000000004,12.700000000000001
4,2,0.0,6.1000000000000005,9.4,2.624305273262172,0.30000000000000004,12.700000000000001,145.8616180419922,6.242499828338623,0.9388410449028015,12.899412155151367,1,6.235659122467041,0.30000000000000004,12.700000000000001
4,2,0.0,6.1000000000000005,9.4,2.624305273262172,0.30000000000000004,12.700000000000001,146.3616180419922,0.0,,,0,6.31720495223999,0.30000000000000004,12.700000000000001
4,2,0.0,6.1000000000000005,9.4,2.624305273262172,0.30000000000000004,12.700000000000001,146.8616180419922,6.4082465171813965,0.739765465259552,12.899412155151367,1,6.4014058113098145,0.30000000000000004,12.700000000000001
4,2,0.0,6.1000000000000005,9.4,2.624305273262172,0.30000000000000004,12.700000000000001,147.3616180419922,6.495223522186279,0.6361896395683289,12.899412155151367,1,6.488382816314697,0.30000000000000004,12.700000000000001
4,2,0.0,6.1000000000000005,9.4,2.624305273262172,0.30000000000000004,12.700000000000001,147.8616180419922,6.585103988647461,0.5297521352767944,12.899412155151367,1,6.578263282775879,0.30000000000000004,12.700000000000001
4,2,0.0,6.1000000000000005,9.4,2.624305273262172,0.30000000000000004,12.700000000000001,148.3616180419922,6.678024768829346,0.4203159809112549,12.899412155151367,1,6.671184062957764,0.30000000000000004,12.700000000000001
4,2,0.0,6.1000000000000005,9.4,2.624305273262172,0.30000000000000004,12.700000000000001,148.8616180419922,6.774130821228027,0.3077351450920105,12.899412155151367,1,6.767290115356445,0.30000000000000004,12.700000000000001
4,2,0.0,6.1000000000000005,9.4,2.624305273262172,0.30000000000000004,12.700000000000001,149.3616180419922,6.873577117919922,0.19185420870780945,12.899412155151367,1,6.86673641204834,0.30000000000000004,12.700000000000001
4,2,0.0,6.1000000000000005,9.4,2.624305273262172,0.30000000000000004,12.700000000000001,149.8616180419922,6.976528644561768,0.07250748574733734,12.899412155151367,1,6.9696879386901855,0.30000000000000004,12.700000000000001
4,2,0.0,6.1000000000000005,9.4,2.624305273262172,0.30000000000000004,12.700000000000001,150.3616180419922,0.0,,,0,7.076320648193359,0.30000000000000004,12.700000000000001
4,2,0.0,6.1000000000000005,9.4,2.624305273262172,0.30000000000000004,12.700000000000001,150.8616180419922,7.193663120269775,-0.17730289697647095,12.899412155151367,1,7.186822414398193,0.30000000000000004,12.700000000000001
4,2,0.0,6.1000000000000005,9.4,2.624305273262172,0.30000000000000004,12.700000000000001,151.3616180419922,7.3082356452941895,-0.30815765261650085,12.899412155151367,1,7.301394939422607,0.30000000000000004,12.700000000000001
4,2,0.0,6.1000000000000005,9.4,2.624305273262172,0.30000000000000004,12.700000000000001,151.8616180419922,7.42709493637085,-0.44326263666152954,12.899412155151367,1,7.420254230499268,0.30000000000000004,12.700000000000001
4,2,0.0,6.1000000000000005,9.4,2.624305273262172,0.30000000000000004,12.700000000000001,152.3616180419922,7.550471782684326,-0.5828499794006348,12.899412155151367,1,7.543631076812744,0.30000000000000004,12.700000000000001
4,2,0.0,6.1000000000000005,9.4,2.624305273262172,0.30000000000000004,12.700000000000001,152.8616180419922,7.678615093231201,-0.7271687984466553,12.899412155151367,1,7.671774387359619,0.30000000000000004,12.700000000000001
4,2,0.0,6.1000000000000005,9.4,2.624305273262172,0.30000000000000004,12.700000000000001,153.3616180419922,0.0,,,0,7.804950714111328,0.30000000000000004,12.700000000000001
4,2,0.0,6.1000000000000005,9.4,2.624305273262172,0.30000000000000004,12.700000000000001,153.8616180419922,7.950288772583008,-1.031092882156372,12.899412155151367,1,7.943448066711426,0.30000000000000004,12.700000000000001
4,2,0.0,6.1000000000000005,9.4,2.624305273262172,0.30000000000000004,12.700000000000001,154.3616180419922,8.094417572021484,-1.191297173500061,12.899412155151367,1,8.087576866149902,0.30000000000000004,12.700000000000001
4,2,0.0,6.1000000000000005,9.4,2.624305273262172,0.30000000000000004,12.700000000000001,154.8616180419922,0.0,,,0,8.2376708984375,0.30000000000000004,12.700000000000001
4,2,0.0,6.1000000000000005,9.4,2.624305273262172,0.30000000000000004,12.700000000000001,155.3616180419922,8.400934219360352,-1.5298702716827393,12.899412155151367,1,8.39409351348877,0.30000000000000004,12.700000000000001
4,2,0.0,6.1000000000000005,9.4,2.624305273262172,0.30000000000000004,12.700000000000001,155.8616180419922,8.56407642364502,-1.7089943885803223,12.899412155151367,1,8.557235717773438,0.30000000000000004,12.700000000000001
4,2,0.0,6.1000000000000005,9.4,2.624305273262172,0.30000000000000004,12.700000000000001,156.3616180419922,8.734363555908203,-1.8952337503433228,12.899412155151367,1,8.727522850036621,0.30000000000000004,12.700000000000001
4,2,0.0,6.1000000000000005,9.4,2.624305273262172,0.30000000000000004,12.700000000000001,156.8616180419922,8.912257194519043,-2.089050769805908,12.899412155151367,1,8.905416488647461,0.30000000000000004,12.700000000000001
4,2,0.0,6.1000000000000005,9.4,2.624305273262172,0.30000000000000004,12.700000000000001,157.3616180419922,9.098259925842285,-2.2909491062164307,12.899412155151367,1,9.091419219970703,0.30000000000000004,12.700000000000001
4,2,0.0,6.1000000000000005,9.4,2.624305273262172,0.30000000000000004,12.700000000000001,157.8616180419922,9.292922019958496,-2.5014774799346924,12.899412155151367,1,9.286081314086914,0.30000000000000004,12.700000000000001
4,2,0.0,6.1000000000000005,9.4,2.624305273262172,0.30000000000000004,12.700000000000001,158.3616180419922,9.496840476989746,-2.721235990524292,12.899412155151367,1,9.489999771118164,0.30000000000000004,12.700000000000001
4,2,0.0,6.1000000000000005,9.4,2.624305273262172,0.30000000000000004,12.700000000000001,158.8616180419922,9.710671424865723,-2.950880527496338,12.899412155151367,1,9.70383071899414,0.30000000000000004,12.700000000000001
4,2,0.0,6.1000000000000005,9.4,2.624305273262172,0.30000000000000004,12.700000000000001,159.3616180419922,9.935133934020996,-3.191131114959717,12.899412155151367,1,9.928293228149414,0.30000000000000004,12.700000000000001
4,2,0.0,6.1000000000000005,9.4,2.624305273262172,0.30000000000000004,12.700000000000001,159.8616180419922,0.0,,,0,10.164177894592285,0.30000000000000004,12.700000000000001
4,2,0.0,6.1000000000000005,9.4,2.624305273262172,0.30000000000000004,12.700000000000001,160.3616180419922,10.419198036193848,-3.7066967487335205,12.899412155151367,1,10.412357330322266,0.30000000000000004,12.700000000000001
4,2,0.0,6.1000000000000005,9.4,2.624305273262172,0.30000000000000004,12.700000000000001,160.8616180419922,10.680633544921875,-3.983846426010132,12.899412155151367,1,10.673792839050293,0.30000000000000004,12.700000000000001
4,2,0.0,6.1000000000000005,9.4,2.624305273262172,0.30000000000000004,12.700000000000001,161.3616180419922,10.956390380859375,-4.275294780731201,12.899412155151367,1,10.949549674987793,0.30000000000000004,12.700000000000001
4,2,0.0,6.1000000000000005,9.4,2.624305273262172,0.30000000000000004,12.700000000000001,161.8616180419922,11.247652053833008,-4.582225799560547,12.899412155151367,1,11.240811347961426,0.30000000000000004,12.700000000000001
4,2,0.0,6.1000000000000005,9.4,2.624305273262172,0.30000000000000004,12.700000000000001,162.3616180419922,11.55573558807373,-4.905957221984863,12.899412155151367,1,11.548894882202148,0.30000000000000004,12.700000000000001
4,2,0.0,6.1000000000000005,9.4,2.624305273262172,0.30000000000000004,12.700000000000001,162.8616180419922,11.882113456726074,-5.247961044311523,12.899412155151367,1,11.875272750854492,0.30000000000000004,12.700000000000001
4,2,0.0,6.1000000000000005,9.4,2.624305273262172,0.30000000000000004,12.700000000000001,163.3616180419922,12.0,,,0,12.0,0.30000000000000004,12.700000000000001
4,2,0.0,6.1000000000000005,9.4,2.624305273262172,0.30000000000000004,12.700000000000001,163.8616180419922,12.0,,,0,12.0,0.30000000000000004,12.700000000000001
4,2,0.0,6.1000000000000005,9.4,2.624305273262172,0.30000000000000004,12.700000000000001,164.3616180419922,12.0,,,0,12.0,0.30000000000000004,12.700000000000001
4,2,0.0,6.1000000000000005,9.4,2.624305273262172,0.30000000000000004,12.700000000000001,164.8616180419922,12.0,,,0,12.0,0.30000000000000004,12.700000000000001
4,2,0.0,6.1000000000000005,9.4,2.624305273262172,0.30000000000000004,12.700000000000001,165.3616180419922,12.0,,,0,12.0,0.30000000000000004,12.700000000000001
4,2,0.0,6.1000000000000005,9.4,2.624305273262172,0.30000000000000004,12.700000000000001,165.8616180419922,0.0,,,0,12.0,0.30000000000000004,12.700000000000001
4,2,0.0,6.1000000000000005,9.4,2.624305273262172,0.30000000000000004,12.700000000000001,166.3616180419922,12.0,,,0,12.0,0.30000000000000004,12.700000000000001
4,2,0.0,6.1000000000000005,9.4,2.624305273262172,0.30000000000000004,12.700000000000001,166.8616180419922,12.0,,,0,12.0,0.30000000000000004,12.700000000000001
4,2,0.0,6.1000000000000005,9.4,2.624305273262172,0.30000000000000004,12.700000000000001,167.3616180419922,12.0,,,0,12.0,0.30000000000000004,12.700000000000001
4,2,0.0,6.1000000000000005,9.4,2.624305273262172,0.30000000000000004,12.700000000000001,167.8616180419922,12.0,,,0,12.0,0.30000000000000004,12.700000000000001
4,2,0.0,6.1000000000000005,9.4,2.624305273262172,0.30000000000000004,12.700000000000001,168.3616180419922,12.0,,,0,12.0,0.30000000000000004,12.700000000000001
4,2,0.0,6.1000000000000005,9.4,2.624305273262172,0.30000000000000004,12.700000000000001,168.8616180419922,12.0,,,0,12.0,0.30000000000000004,12.700000000000001
4,2,0.0,6.1000000000000005,9.4,2.624305273262172,0.30000000000000004,12.700000000000001,169.3616180419922,12.0,,,0,12.0,0.30000000000000004,12.700000000000001
4,2,0.0,6.1000000000000005,9.4,2.624305273262172,0.30000000000000004,12.700000000000001,169.8616180419922,12.0,,,0,12.0,0.30000000000000004,12.700000000000001
4,2,0.0,6.1000000000000005,9.4,2.624305273262172,0.30000000000000004,12.700000000000001,170.3616180419922,0.0,,,0,12.0,0.30000000000000004,12.700000000000001
4,2,0.0,6.1000000000000005,9.4,2.624305273262172,0.30000000000000004,12.700000000000001,170.8616180419922,12.0,,,0,12.0,0.30000000000000004,12.700000000000001
4,2,0.0,6.1000000000000005,9.4,2.624305273262172,0.30000000000000004,12.700000000000001,171.3616180419922,12.0,,,0,12.0,0.30000000000000004,12.700000000000001
4,2,0.0,6.1000000000000005,9.4,2.624305273262172,0.30000000000000004,12.700000000000001,171.8616180419922,12.0,,,0,12.0,0.30000000000000004,12.700000000000001
4,2,0.0,6.1000000000000005,9.4,2.624305273262172,0.30000000000000004,12.700000000000001,172.3616180419922,12.0,,,0,12.0,0.30000000000000004,12.700000000000001
4,2,0.0,6.1000000000000005,9.4,2.624305273262172,0.30000000000000004,12.700000000000001,172.8616180419922,12.0,,,0,12.0,0.30000000000000004,12.700000000000001
4,2,0.0,6.1000000000000005,9.4,2.624305273262172,0.30000000000000004,12.700000000000001,173.3616180419922,0.0,,,0,12.0,0.30000000000000004,12.700000000000001
4,2,0.0,6.1000000000000005,9.4,2.624305273262172,0.30000000000000004,12.700000000000001,173.8616180419922,12.0,,,0,12.0,0.30000000000000004,12.700000000000001
4,2,0.0,6.1000000000000005,9.4,2.624305273262172,0.30000000000000004,12.700000000000001,174.3616180419922,12.0,,,0,12.0,0.30000000000000004,12.700000000000001
4,2,0.0,6.1000000000000005,9.4,2.624305273262172,0.30000000000000004,12.700000000000001,174.8616180419922,0.0,,,0,12.0,0.30000000000000004,12.700000000000001
4,2,0.0,6.1000000000000005,9.4,2.624305273262172,0.30000000000000004,12.700000000000001,175.3616180419922,12.0,,,0,12.0,0.30000000000000004,12.700000000000001
4,2,0.0,6.1000000000000005,9.4,2.624305273262172,0.30000000000000004,12.700000000000001,175.8616180419922,12.0,,,0,12.0,0.30000000000000004,12.700000000000001
4,2,0.0,6.1000000000000005,9.4,2.624305273262172,0.30000000000000004,12.700000000000001,176.3616180419922,12.0,,,0,12.0,0.30000000000000004,12.700000000000001
4,2,0.0,6.1000000000000005,9.4,2.624305273262172,0.30000000000000004,12.700000000000001,176.8616180419922,12.0,,,0,12.0,0.30000000000000004,12.700000000000001
4,2,0.0,6.1000000000000005,9.4,2.624305273262172,0.30000000000000004,12.700000000000001,177.3616180419922,12.0,,,0,12.0,0.30000000000000004,12.700000000000001
4,2,0.0,6.1000000000000005,9.4,2.624305273262172,0.30000000000000004,12.700000000000001,177.8616180419922,12.0,,,0,12.0,0.30000000000000004,12.700000000000001
4,2,0.0,6.1000000000000005,9.4,2.624305273262172,0.30000000000000004,12.700000000000001,178.3616180419922,12.0,,,0,12.0,0.30000000000000004,12.700000000000001
4,2,0.0,6.1000000000000005,9.4,2.624305273262172,0.30000000000000004,12.700000000000001,178.8616180419922,12.0,,,0,12.0,0.30000000000000004,12.700000000000001
4,2,0.0,6.1000000000000005,9.4,2.624305273262172,0.30000000000000004,12.700000000000001,179.3616180419922,12.0,,,0,12.0,0.30000000000000004,12.700000000000001
4,2,0.0,6.1000000000000005,9.4,2.624305273262172,0.30000000000000004,12.700000000000001,179.8616180419922,12.0,,,0,12.0,0.30000000000000004,12.700000000000001
4,2,0.0,6.1000000000000005,9.4,2.624305273262172,0.30000000000000004,12.700000000000001,180.3616180419922,12.0,,,0,12.0,0.30000000000000004,12.700000000000001
4,2,0.0,6.1000000000000005,9.4,2.624305273262172,0.30000000000000004,12.700000000000001,180.8616180419922,12.0,,,0,12.0,0.30000000000000004,12.700000000000001
4,2,0.0,6.1000000000000005,9.4,2.624305273262172,0.30000000000000004,12.700000000000001,181.3616180419922,12.0,,,0,12.0,0.30000000000000004,12.700000000000001
4,2,0.0,6.1000000000000005,9.4,2.624305273262172,0.30000000000000004,12.700000000000001,181.8616180419922,12.0,,,0,12.0,0.30000000000000004,12.700000000000001
4,2,0.0,6.1000000000000005,9.4,2.624305273262172,0.30000000000000004,12.700000000000001,182.3616180419922,12.0,,,0,12.0,0.30000000000000004,12.700000000000001
4,2,0.0,6.1000000000000005,9.4,2.624305273262172,0.30000000000000004,12.700000000000001,182.8616180419922,12.0,,,0,12.0,0.30000000000000004,12.700000000000001
4,2,0.0,6.1000000000000005,9.4,2.624305273262172,0.30000000000000004,12.700000000000001,183.3616180419922,12.0,,,0,12.0,0.30000000000000004,12.700000000000001
4,2,0.0,6.1000000000000005,9.4,2.624305273262172,0.30000000000000004,12.700000000000001,183.8616180419922,0.0,,,0,12.0,0.30000000000000004,12.700000000000001
4,2,0.0,6.1000000000000005,9.4,2.624305273262172,0.30000000000000004,12.700000000000001,184.3616180419922,12.0,,,0,12.0,0.30000000000000004,12.700000000000001
4,2,0.0,6.1000000000000005,9.4,2.624305273262172,0.30000000000000004,12.700000000000001,184.8616180419922,0.0,,,0,12.0,0.30000000000000004,12.700000000000001
4,2,0.0,6.1000000000000005,9.4,2.624305273262172,0.30000000000000004,12.700000000000001,185.3616180419922,12.0,,,0,12.0,0.30000000000000004,12.700000000000001
4,2,0.0,6.1000000000000005,9.4,2.624305273262172,0.30000000000000004,12.700000000000001,185.8616180419922,12.0,,,0,12.0,0.30000000000000004,12.700000000000001
4,2,0.0,6.1000000000000005,9.4,2.624305273262172,0.30000000000000004,12.700000000000001,186.3616180419922,12.0,,,0,12.0,0.30000000000000004,12.700000000000001
4,2,0.0,6.1000000000000005,9.4,2.624305273262172,0.30000000000000004,12.700000000000001,186.8616180419922,12.0,,,0,12.0,0.30000000000000004,12.700000000000001
4,2,0.0,6.1000000000000005,9.4,2.624305273262172,0.30000000000000004,12.700000000000001,187.3616180419922,0.0,,,0,12.0,0.30000000000000004,12.700000000000001
4,2,0.0,6.1000000000000005,9.4,2.624305273262172,0.30000000000000004,12.700000000000001,187.8616180419922,12.0,,,0,12.0,0.30000000000000004,12.700000000000001
4,2,0.0,6.1000000000000005,9.4,2.624305273262172,0.30000000000000004,12.700000000000001,188.3616180419922,0.0,,,0,12.0,0.30000000000000004,12.700000000000001
4,2,0.0,6.1000000000000005,9.4,2.624305273262172,0.30000000000000004,12.700000000000001,188.8616180419922,0.0,,,0,12.0,0.30000000000000004,12.700000000000001
4,2,0.0,6.1000000000000005,9.4,2.624305273262172,0.30000000000000004,12.700000000000001,189.3616180419922,0.0,,,0,12.0,0.30000000000000004,12.700000000000001
4,2,0.0,6.1000000000000005,9.4,2.624305273262172,0.30000000000000004,12.700000000000001,189.8616180419922,0.0,,,0,12.0,0.30000000000000004,12.700000000000001
4,2,0.0,6.1000000000000005,9.4,2.624305273262172,0.30000000000000004,12.700000000000001,190.3616180419922,12.0,,,0,12.0,0.30000000000000004,12.700000000000001
4,2,0.0,6.1000000000000005,9.4,2.624305273262172,0.30000000000000004,12.700000000000001,190.8616180419922,12.0,,,0,12.0,0.30000000000000004,12.700000000000001
4,2,0.0,6.1000000000000005,9.4,2.624305273262172,0.30000000000000004,12.700000000000001,191.3616180419922,12.0,,,0,12.0,0.30000000000000004,12.700000000000001
4,2,0.0,6.1000000000000005,9.4,2.624305273262172,0.30000000000000004,12.700000000000001,191.8616180419922,12.0,,,0,12.0,0.30000000000000004,12.700000000000001
4,2,0.0,6.1000000000000005,9.4,2.624305273262172,0.30000000000000004,12.700000000000001,192.3616180419922,12.0,,,0,12.0,0.30000000000000004,12.700000000000001
4,2,0.0,6.1000000000000005,9.4,2.624305273262172,0.30000000000000004,12.700000000000001,192.8616180419922,12.0,,,0,12.0,0.30000000000000004,12.700000000000001
4,2,0.0,6.1000000000000005,9.4,2.624305273262172,0.30000000000000004,12.700000000000001,193.3616180419922,12.0,,,0,12.0,0.30000000000000004,12.700000000000001
4,2,0.0,6.1000000000000005,9.4,2.624305273262172,0.30000000000000004,12.700000000000001,193.8616180419922,12.0,,,0,12.0,0.30000000000000004,12.700000000000001
4,2,0.0,6.1000000000000005,9.4,2.624305273262172,0.30000000000000004,12.700000000000001,194.3616180419922,12.0,,,0,12.0,0.30000000000000004,12.700000000000001
4,2,0.0,6.1000000000000005,9.4,2.624305273262172,0.30000000000000004,12.700000000000001,194.8616180419922,12.0,,,0,12.0,0.30000000000000004,12.700000000000001
4,2,0.0,6.1000000000000005,9.4,2.624305273262172,0.30000000000000004,12.700000000000001,195.3616180419922,12.0,,,0,12.0,0.30000000000000004,12.700000000000001
4,2,0.0,6.1000000000000005,9.4,2.624305273262172,0.30000000000000004,12.700000000000001,195.8616180419922,12.0,,,0,12.0,0.30000000000000004,12.700000000000001
4,2,0.0,6.1000000000000005,9.4,2.624305273262172,0.30000000000000004,12.700000000000001,196.3616180419922,12.0,,,0,12.0,0.30000000000000004,12.700000000000001
4,2,0.0,6.1000000000000005,9.4,2.624305273262172,0.30000000000000004,12.700000000000001,196.8616180419922,12.0,,,0,12.0,0.30000000000000004,12.700000000000001
4,2,0.0,6.1000000000000005,9.4,2.624305273262172,0.30000000000000004,12.700000000000001,197.3616180419922,12.0,,,0,12.0,0.30000000000000004,12.700000000000001
4,2,0.0,6.1000000000000005,9.4,2.624305273262172,0.30000000000000004,12.700000000000001,197.8616180419922,12.0,,,0,12.0,0.30000000000000004,12.700000000000001
4,2,0.0,6.1000000000000005,9.4,2.624305273262172,0.30000000000000004,12.700000000000001,198.3616180419922,0.0,,,0,12.0,0.30000000000000004,12.700000000000001
4,2,0.0,6.1000000000000005,9.4,2.624305273262172,0.30000000000000004,12.700000000000001,198.8616180419922,0.0,,,0,12.0,0.30000000000000004,12.700000000000001
4,2,0.0,6.1000000000000005,9.4,2.624305273262172,0.30000000000000004,12.700000000000001,199.3616180419922,0.0,,,0,12.0,0.30000000000000004,12.700000000000001
4,2,0.0,6.1000000000000005,9.4,2.624305273262172,0.30000000000000004,12.700000000000001,199.8616180419922,12.0,,,0,12.0,0.30000000000000004,12.700000000000001
4,2,0.0,6.1000000000000005,9.4,2.624305273262172,0.30000000000000004,12.700000000000001,200.3616180419922,12.0,,,0,12.0,0.30000000000000004,12.700000000000001
4,2,0.0,6.1000000000000005,9.4,2.624305273262172,0.30000000000000004,12.700000000000001,200.8616180419922,0.0,,,0,12.0,0.30000000000000004,12.700000000000001
4,2,0.0,6.1000000000000005,9.4,2.624305273262172,0.30000000000000004,12.700000000000001,201.3616180419922,0.0,,,0,12.0,0.30000000000000004,12.700000000000001
4,2,0.0,6.1000000000000005,9.4,2.624305273262172,0.30000000000000004,12.700000000000001,201.8616180419922,12.0,,,0,12.0,0.30000000000000004,12.700000000000001
4,2,0.0,6.1000000000000005,9.4,2.624305273262172,0.30000000000000004,12.700000000000001,202.3616180419922,12.0,,,0,12.0,0.30000000000000004,12.700000000000001
4,2,0.0,6.1000000000000005,9.4,2.624305273262172,0.30000000000000004,12.700000000000001,202.8616180419922,12.0,,,0,12.0,0.30000000000000004,12.700000000000001
4,2,0.0,6.1000000000000005,9.4,2.624305273262172,0.30000000000000004,12.700000000000001,203.3616180419922,12.0,,,0,12.0,0.30000000000000004,12.700000000000001
4,2,0.0,6.1000000000000005,9.4,2.624305273262172,0.30000000000000004,12.700000000000001,203.8616180419922,12.0,,,0,12.0,0.30000000000000004,12.700000000000001
4,2,0.0,6.1000000000000005,9.4,2.624305273262172,0.30000000000000004,12.700000000000001,204.3616180419922,12.0,,,0,12.0,0.30000000000000004,12.700000000000001
4,2,0.0,6.1000000000000005,9.4,2.624305273262172,0.30000000000000004,12.700000000000001,204.8616180419922,12.0,,,0,12.0,0.30000000000000004,12.700000000000001
4,2,0.0,6.1000000000000005,9.4,2.624305273262172,0.30000000000000004,12.700000000000001,205.3616180419922,12.0,,,0,12.0,0.30000000000000004,12.700000000000001
4,2,0.0,6.1000000000000005,9.4,2.624305273262172,0.30000000000000004,12.700000000000001,205.8616180419922,12.0,,,0,12.0,0.30000000000000004,12.700000000000001
4,2,0.0,6.1000000000000005,9.4,2.624305273262172,0.30000000000000004,12.700000000000001,206.3616180419922,12.0,,,0,12.0,0.30000000000000004,12.700000000000001
4,2,0.0,6.1000000000000005,9.4,2.624305273262172,0.30000000000000004,12.700000000000001,206.8616180419922,12.0,,,0,12.0,0.30000000000000004,12.700000000000001
4,2,0.0,6.1000000000000005,9.4,2.624305273262172,0.30000000000000004,12.700000000000001,207.3616180419922,12.0,,,0,12.0,0.30000000000000004,12.700000000000001
4,2,0.0,6.1000000000000005,9.4,2.624305273262172,0.30000000000000004,12.700000000000001,207.8616180419922,12.0,,,0,12.0,0.30000000000000004,12.700000000000001
4,2,0.0,6.1000000000000005,9.4,2.624305273262172,0.30000000000000004,12.700000000000001,208.3616180419922,12.0,,,0,12.0,0.30000000000000004,12.700000000000001
4,2,0.0,6.1000000000000005,9.4,2.624305273262172,0.30000000000000004,12.700000000000001,208.8616180419922,12.0,,,0,12.0,0.30000000000000004,12.700000000000001
4,2,0.0,6.1000000000000005,9.4,2.624305273262172,0.30000000000000004,12.700000000000001,209.3616180419922,0.0,,,0,12.0,0.30000000000000004,12.700000000000001
4,2,0.0,6.1000000000000005,9.4,2.624305273262172,0.30000000000000004,12.700000000000001,209.8616180419922,12.0,,,0,12.0,0.30000000000000004,12.700000000000001
4,2,0.0,6.1000000000000005,9.4,2.624305273262172,0.30000000000000004,12.700000000000001,210.3616180419922,12.0,,,0,12.0,0.30000000000000004,12.700000000000001
4,2,0.0,6.1000000000000005,9.4,2.624305273262172,0.30000000000000004,12.700000000000001,210.8616180419922,12.0,,,0,12.0,0.30000000000000004,12.700000000000001
4,2,0.0,6.1000000000000005,9.4,2.624305273262172,0.30000000000000004,12.700000000000001,211.3616180419922,12.0,,,0,12.0,0.30000000000000004,12.700000000000001
4,2,0.0,6.1000000000000005,9.4,2.624305273262172,0.30000000000000004,12.700000000000001,211.8616180419922,12.0,,,0,12.0,0.30000000000000004,12.700000000000001
4,2,0.0,6.1000000000000005,9.4,2.624305273262172,0.30000000000000004,12.700000000000001,212.3616180419922,12.0,,,0,12.0,0.30000000000000004,12.700000000000001
4,2,0.0,6.1000000000000005,9.4,2.624305273262172,0.30000000000000004,12.700000000000001,212.8616180419922,12.0,,,0,12.0,0.30000000000000004,12.700000000000001
4,2,0.0,6.1000000000000005,9.4,2.624305273262172,0.30000000000000004,12.700000000000001,213.3616180419922,12.0,,,0,12.0,0.30000000000000004,12.700000000000001
4,2,0.0,6.1000000000000005,9.4,2.624305273262172,0.30000000000000004,12.700000000000001,213.8616180419922,12.0,,,0,12.0,0.30000000000000004,12.700000000000001
4,2,0.0,6.1000000000000005,9.4,2.624305273262172,0.30000000000000004,12.700000000000001,214.3616180419922,0.0,,,0,12.0,0.30000000000000004,12.700000000000001
4,2,0.0,6.1000000000000005,9.4,2.624305273262172,0.30000000000000004,12.700000000000001,214.8616180419922,12.0,,,0,12.0,0.30000000000000004,12.700000000000001
4,2,0.0,6.1000000000000005,9.4,2.624305273262172,0.30000000000000004,12.700000000000001,215.3616180419922,12.0,,,0,12.0,0.30000000000000004,12.700000000000001
4,2,0.0,6.1000000000000005,9.4,2.624305273262172,0.30000000000000004,12.700000000000001,215.8616180419922,12.0,,,0,12.0,0.30000000000000004,12.700000000000001
4,2,0.0,6.1000000000000005,9.4,2.624305273262172,0.30000000000000004,12.700000000000001,216.3616180419922,12.0,,,0,12.0,0.30000000000000004,12.700000000000001
4,2,0.0,6.1000000000000005,9.4,2.624305273262172,0.30000000000000004,12.700000000000001,216.8616180419922,0.0,,,0,12.0,0.30000000000000004,12.700000000000001
4,2,0.0,6.1000000000000005,9.4,2.624305273262172,0.30000000000000004,12.700000000000001,217.3616180419922,12.0,,,0,12.0,0.30000000000000004,12.700000000000001
4,2,0.0,6.1000000000000005,9.4,2.624305273262172,0.30000000000000004,12.700000000000001,217.8616180419922,12.0,,,0,12.0,0.30000000000000004,12.700000000000001
4,2,0.0,6.1000000000000005,9.4,2.624305273262172,0.30000000000000004,12.700000000000001,218.3616180419922,12.0,,,0,12.0,0.30000000000000004,12.700000000000001
4,2,0.0,6.1000000000000005,9.4,2.624305273262172,0.30000000000000004,12.700000000000001,218.8616180419922,0.0,,,0,12.0,0.30000000000000004,12.700000000000001
4,2,0.0,6.1000000000000005,9.4,2.624305273262172,0.30000000000000004,12.700000000000001,219.3616180419922,12.0,,,0,12.0,0.30000000000000004,12.700000000000001
4,2,0.0,6.1000000000000005,9.4,2.624305273262172,0.30000000000000004,12.700000000000001,219.8616180419922,12.0,,,0,12.0,0.30000000000000004,12.700000000000001
4,2,0.0,6.1000000000000005,9.4,2.624305273262172,0.30000000000000004,12.700000000000001,220.3616180419922,0.0,,,0,12.0,0.30000000000000004,12.700000000000001
4,2,0.0,6.1000000000000005,9.4,2.624305273262172,0.30000000000000004,12.700000000000001,220.8616180419922,12.0,,,0,12.0,0.30000000000000004,12.700000000000001
4,2,0.0,6.1000000000000005,9.4,2.624305273262172,0.30000000000000004,12.700000000000001,221.3616180419922,12.0,,,0,12.0,0.30000000000000004,12.700000000000001
4,2,0.0,6.1000000000000005,9.4,2.624305273262172,0.30000000000000004,12.700000000000001,221.8616180419922,0.0,,,0,12.0,0.30000000000000004,12.700000000000001
4,2,0.0,6.1000000000000005,9.4,2.624305273262172,0.30000000000000004,12.700000000000001,222.3616180419922,12.0,,,0,12.0,0.30000000000000004,12.700000000000001
4,2,0.0,6.1000000000000005,9.4,2.624305273262172,0.30000000000000004,12.700000000000001,222.8616180419922,12.0,,,0,12.0,0.30000000000000004,12.700000000000001
4,2,0.0,6.1000000000000005,9.4,2.624305273262172,0.30000000000000004,12.700000000000001,223.3616180419922,12.0,,,0,12.0,0.30000000000000004,12.700000000000001
4,2,0.0,6.1000000000000005,9.4,2.624305273262172,0.30000000000000004,12.700000000000001,223.8616180419922,12.0,,,0,12.0,0.30000000000000004,12.700000000000001
4,2,0.0,6.1000000000000005,9.4,2.624305273262172,0.30000000000000004,12.700000000000001,224.3616180419922,0.0,,,0,12.0,0.30000000000000004,12.700000000000001
4,2,0.0,6.1000000000000005,9.4,2.624305273262172,0.30000000000000004,12.700000000000001,224.8616180419922,0.0,,,0,12.0,0.30000000000000004,12.700000000000001
4,2,0.0,6.1000000000000005,9.4,2.624305273262172,0.30000000000000004,12.700000000000001,225.3616180419922,12.0,,,0,12.0,0.30000000000000004,12.700000000000001
4,2,0.0,6.1000000000000005,9.4,2.624305273262172,0.30000000000000004,12.700000000000001,225.8616180419922,12.0,,,0,12.0,0.30000000000000004,12.700000000000001
4,2,0.0,6.1000000000000005,9.4,2.624305273262172,0.30000000000000004,12.700000000000001,226.3616180419922,12.0,,,0,12.0,0.30000000000000004,12.700000000000001
4,2,0.0,6.1000000000000005,9.4,2.624305273262172,0.30000000000000004,12.700000000000001,226.8616180419922,12.0,,,0,12.0,0.30000000000000004,12.700000000000001
4,2,0.0,6.1000000000000005,9.4,2.624305273262172,0.30000000000000004,12.700000000000001,227.3616180419922,12.0,,,0,12.0,0.30000000000000004,12.700000000000001
4,2,0.0,6.1000000000000005,9.4,2.624305273262172,0.30000000000000004,12.700000000000001,227.8616180419922,0.0,,,0,12.0,0.30000000000000004,12.700000000000001
4,2,0.0,6.1000000000000005,9.4,2.624305273262172,0.30000000000000004,12.700000000000001,228.3616180419922,12.0,,,0,12.0,0.30000000000000004,12.700000000000001
4,2,0.0,6.1000000000000005,9.4,2.624305273262172,0.30000000000000004,12.700000000000001,228.8616180419922,12.0,,,0,12.0,0.30000000000000004,12.700000000000001
4,2,0.0,6.1000000000000005,9.4,2.624305273262172,0.30000000000000004,12.700000000000001,229.3616180419922,0.0,,,0,12.0,0.30000000000000004,12.700000000000001
4,2,0.0,6.1000000000000005,9.4,2.624305273262172,0.30000000000000004,12.700000000000001,229.8616180419922,12.0,,,0,12.0,0.30000000000000004,12.700000000000001
4,2,0.0,6.1000000000000005,9.4,2.624305273262172,0.30000000000000004,12.700000000000001,230.3616180419922,12.0,,,0,12.0,0.30000000000000004,12.700000000000001
4,2,0.0,6.1000000000000005,9.4,2.624305273262172,0.30000000000000004,12.700000000000001,230.8616180419922,0.0,,,0,12.0,0.30000000000000004,12.700000000000001
4,2,0.0,6.1000000000000005,9.4,2.624305273262172,0.30000000000000004,12.700000000000001,231.3616180419922,12.0,,,0,12.0,0.30000000000000004,12.700000000000001
4,2,0.0,6.1000000000000005,9.4,2.624305273262172,0.30000000000000004,12.700000000000001,231.8616180419922,12.0,,,0,12.0,0.30000000000000004,12.700000000000001
4,2,0.0,6.1000000000000005,9.4,2.624305273262172,0.30000000000000004,12.700000000000001,232.3616180419922,12.0,,,0,12.0,0.30000000000000004,12.700000000000001
4,2,0.0,6.1000000000000005,9.4,2.624305273262172,0.30000000000000004,12.700000000000001,232.8616180419922,12.0,,,0,12.0,0.30000000000000004,12.700000000000001
4,2,0.0,6.1000000000000005,9.4,2.624305273262172,0.30000000000000004,12.700000000000001,233.3616180419922,12.0,,,0,12.0,0.30000000000000004,12.700000000000001
4,2,0.0,6.1000000000000005,9.4,2.624305273262172,0.30000000000000004,12.700000000000001,233.8616180419922,12.0,,,0,12.0,0.30000000000000004,12.700000000000001
4,2,0.0,6.1000000000000005,9.4,2.624305273262172,0.30000000000000004,12.700000000000001,234.3616180419922,12.0,,,0,12.0,0.30000000000000004,12.700000000000001
4,2,0.0,6.1000000000000005,9.4,2.624305273262172,0.30000000000000004,12.700000000000001,234.8616180419922,12.0,,,0,12.0,0.30000000000000004,12.700000000000001
4,2,0.0,6.1000000000000005,9.4,2.624305273262172,0.30000000000000004,12.700000000000001,235.3616180419922,12.0,,,0,12.0,0.30000000000000004,12.700000000000001
4,2,0.0,6.1000000000000005,9.4,2.624305273262172,0.30000000000000004,12.700000000000001,235.8616180419922,12.0,,,0,12.0,0.30000000000000004,12.700000000000001
4,2,0.0,6.1000000000000005,9.4,2.624305273262172,0.30000000000000004,12.700000000000001,236.3616180419922,12.0,,,0,12.0,0.30000000000000004,12.700000000000001
4,2,0.0,6.1000000000000005,9.4,2.624305273262172,0.30000000000000004,12.700000000000001,236.8616180419922,12.0,,,0,12.0,0.30000000000000004,12.700000000000001
4,2,0.0,6.1000000000000005,9.4,2.624305273262172,0.30000000000000004,12.700000000000001,237.3616180419922,0.0,,,0,12.0,0.30000000000000004,12.700000000000001
4,2,0.0,6.1000000000000005,9.4,2.624305273262172,0.30000000000000004,12.700000000000001,237.8616180419922,12.0,,,0,12.0,0.30000000000000004,12.700000000000001
4,2,0.0,6.1000000000000005,9.4,2.624305273262172,0.30000000000000004,12.700000000000001,238.3616180419922,12.0,,,0,12.0,0.30000000000000004,12.700000000000001
4,2,0.0,6.1000000000000005,9.4,2.624305273262172,0.30000000000000004,12.700000000000001,238.8616180419922,12.0,,,0,12.0,0.30000000000000004,12.700000000000001
4,2,0.0,6.1000000000000005,9.4,2.624305273262172,0.30000000000000004,12.700000000000001,239.3616180419922,0.0,,,0,12.0,0.30000000000000004,12.700000000000001
4,2,0.0,6.1000000000000005,9.4,2.624305273262172,0.30000000000000004,12.700000000000001,239.8616180419922,12.0,,,0,12.0,0.30000000000000004,12.700000000000001
4,2,0.0,6.1000000000000005,9.4,2.624305273262172,0.30000000000000004,12.700000000000001,240.3616180419922,12.0,,,0,12.0,0.30000000000000004,12.700000000000001
4,2,0.0,6.1000000000000005,9.4,2.624305273262172,0.30000000000000004,12.700000000000001,240.8616180419922,0.0,,,0,12.0,0.30000000000000004,12.700000000000001
4,2,0.0,6.1000000000000005,9.4,2.624305273262172,0.30000000000000004,12.700000000000001,241.3616180419922,12.0,,,0,12.0,0.30000000000000004,12.700000000000001
4,2,0.0,6.1000000000000005,9.4,2.624305273262172,0.30000000000000004,12.700000000000001,241.8616180419922,12.0,,,0,12.0,0.30000000000000004,12.700000000000001
4,2,0.0,6.1000000000000005,9.4,2.624305273262172,0.30000000000000004,12.700000000000001,242.3616180419922,11.97216796875,0.5494087934494019,-1.2000000476837158,1,11.965327262878418,0.30000000000000004,12.700000000000001
4,2,0.0,6.1000000000000005,9.4,2.624305273262172,0.30000000000000004,12.700000000000001,242.8616180419922,11.918191909790039,0.6667421460151672,-1.2000000476837158,1,11.911351203918457,0.30000000000000004,12.700000000000001
4,2,0.0,6.1000000000000005,9.4,2.624305273262172,0.30000000000000004,12.700000000000001,243.3616180419922,0.0,,,0,11.858758926391602,0.30000000000000004,12.700000000000001
4,2,0.0,6.1000000000000005,9.4,2.624305273262172,0.30000000000000004,12.700000000000001,243.8616180419922,11.81436538696289,0.8983052372932434,-1.2000000476837158,1,11.807524681091309,0.30000000000000004,12.700000000000001
4,2,0.0,6.1000000000000005,9.4,2.624305273262172,0.30000000000000004,12.700000000000001,244.3616180419922,0.0,,,0,11.757621765136719,0.30000000000000004,12.700000000000001
4,2,0.0,6.1000000000000005,9.4,2.624305273262172,0.30000000000000004,12.700000000000001,244.8616180419922,11.71586799621582,1.1259350776672363,-1.2000000476837158,1,11.709027290344238,0.30000000000000004,12.700000000000001
4,2,0.0,6.1000000000000005,9.4,2.624305273262172,0.30000000000000004,12.700000000000001,245.3616180419922,0.0,,,0,11.661717414855957,0.30000000000000004,12.700000000000001
4,2,0.0,6.1000000000000005,9.4,2.624305273262172,0.30000000000000004,12.700000000000001,245.8616180419922,0.0,,,0,11.615669250488281,0.30000000000000004,12.700000000000001
4,2,0.0,6.1000000000000005,9.4,2.624305273262172,0.30000000000000004,12.700000000000001,246.3616180419922,11.577701568603516,1.460514783859253,-1.2000000476837158,1,11.570860862731934,0.30000000000000004,12.700000000000001
4,2,0.0,6.1000000000000005,9.4,2.624305273262172,0.30000000000000004,12.700000000000001,246.8616180419922,11.534111976623535,1.5703213214874268,-1.2000000476837158,1,11.527271270751953,0.30000000000000004,12.700000000000001
4,2,0.0,6.1000000000000005,9.4,2.624305273262172,0.30000000000000004,12.700000000000001,247.3616180419922,11.491721153259277,1.679311990737915,-1.2000000476837158,1,11.484880447387695,0.30000000000000004,12.700000000000001
4,2,0.0,6.1000000000000005,9.4,2.624305273262172,0.30000000000000004,12.700000000000001,247.8616180419922,11.450509071350098,1.7875120639801025,-1.2000000476837158,1,11.443668365478516,0.30000000000000004,12.700000000000001
4,2,0.0,6.1000000000000005,9.4,2.624305273262172,0.30000000000000004,12.700000000000001,248.3616180419922,11.410457611083984,1.894946575164795,-1.2000000476837158,1,11.403616905212402,0.30000000000000004,12.700000000000001
4,2,0.0,6.1000000000000005,9.4,2.624305273262172,0.30000000000000004,12.700000000000001,248.8616180419922,11.37154769897461,2.0016398429870605,-1.2000000476837158,1,11.364706993103027,0.30000000000000004,12.700000000000001
4,2,0.0,6.1000000000000005,9.4,2.624305273262172,0.30000000000000004,12.700000000000001,249.3616180419922,11.333761215209961,2.1076154708862305,-1.2000000476837158,1,11.326920509338379,0.30000000000000004,12.700000000000001
4,2,0.0,6.1000000000000005,9.4,2.624305273262172,0.30000000000000004,12.700000000000001,249.8616180419922,0.0,,,0,11.290242195129395,0.30000000000000004,12.700000000000001
4,2,0.0,6.1000000000000005,9.4,2.624305273262172,0.30000000000000004,12.700000000000001,250.3616180419922,11.261495590209961,2.3175063133239746,-1.2000000476837158,1,11.254654884338379,0.30000000000000004,12.700000000000001
4,2,0.0,6.1000000000000005,9.4,2.624305273262172,0.30000000000000004,12.700000000000001,250.8616180419922,0.0,,,0,11.22014331817627,0.30000000000000004,12.700000000000001
4,2,0.0,6.1000000000000005,9.4,2.624305273262172,0.30000000000000004,12.700000000000001,251.3616180419922,0.0,,,0,11.186691284179688,0.30000000000000004,12.700000000000001
4,2,0.0,6.1000000000000005,9.4,2.624305273262172,0.30000000000000004,12.700000000000001,251.8616180419922,11.161126136779785,2.6275243759155273,-1.2000000476837158,1,11.154285430908203,0.30000000000000004,12.700000000000001
4,2,0.0,6.1000000000000005,9.4,2.624305273262172,0.30000000000000004,12.700000000000001,252.3616180419922,11.129752159118652,2.7296645641326904,-1.2000000476837158,1,11.12291145324707,0.30000000000000004,12.700000000000001
4,2,0.0,6.1000000000000005,9.4,2.624305273262172,0.30000000000000004,12.700000000000001,252.8616180419922,0.0,,,0,11.09255599975586,0.30000000000000004,12.700000000000001
4,2,0.0,6.1000000000000005,9.4,2.624305273262172,0.30000000000000004,12.700000000000001,253.3616180419922,11.070046424865723,2.9322688579559326,-1.2000000476837158,1,11.06320571899414,0.30000000000000004,12.700000000000001
4,2,0.0,6.1000000000000005,9.4,2.624305273262172,0.30000000000000004,12.700000000000001,253.8616180419922,11.041688919067383,3.032773017883301,-1.2000000476837158,1,11.0348482131958,0.30000000000000004,12.700000000000001
4,2,0.0,6.1000000000000005,9.4,2.624305273262172,0.30000000000000004,12.700000000000001,254.3616180419922,11.014312744140625,3.132770538330078,-1.2000000476837158,1,11.007472038269043,0.30000000000000004,12.700000000000001
4,2,0.0,6.1000000000000005,9.4,2.624305273262172,0.30000000000000004,12.700000000000001,254.8616180419922,10.987906455993652,3.232280969619751,-1.2000000476837158,1,10.98106575012207,0.30000000000000004,12.700000000000001
4,2,0.0,6.1000000000000005,9.4,2.624305273262172,0.30000000000000004,12.700000000000001,255.3616180419922,0.0,,,0,10.955618858337402,0.30000000000000004,12.700000000000001
4,2,0.0,6.1000000000000005,9.4,2.624305273262172,0.30000000000000004,12.700000000000001,255.8616180419922,10.937959671020508,3.4299135208129883,-1.2000000476837158,1,10.931118965148926,0.30000000000000004,12.700000000000001
4,2,0.0,6.1000000000000005,9.4,2.624305273262172,0.30000000000000004,12.700000000000001,256.3616027832031,0.0,,,0,10.907557487487793,0.30000000000000004,12.700000000000001
4,2,0.0,6.1000000000000005,9.4,2.624305273262172,0.30000000000000004,12.700000000000001,256.8616027832031,10.891765594482422,3.6258158683776855,-1.2000000476837158,1,10.88492488861084,0.30000000000000004,12.700000000000001
4,2,0.0,6.1000000000000005,9.4,2.624305273262172,0.30000000000000004,12.700000000000001,257.3616027832031,0.0,,,0,10.863211631774902,0.30000000000000004,12.700000000000001
4,2,0.0,6.1000000000000005,9.4,2.624305273262172,0.30000000000000004,12.700000000000001,257.8616027832031,10.849248886108398,3.8201282024383545,-1.2000000476837158,1,10.842408180236816,0.30000000000000004,12.700000000000001
4,2,0.0,6.1000000000000005,9.4,2.624305273262172,0.30000000000000004,12.700000000000001,258.3616027832031,10.829347610473633,3.916731119155884,-1.2000000476837158,1,10.82250690460205,0.30000000000000004,12.700000000000001
4,2,0.0,6.1000000000000005,9.4,2.624305273262172,0.30000000000000004,12.700000000000001,258.8616027832031,10.810340881347656,4.01298713684082,-1.2000000476837158,1,10.803500175476074,0.30000000000000004,12.700000000000001
4,2,0.0,6.1000000000000005,9.4,2.624305273262172,0.30000000000000004,12.700000000000001,259.3616027832031,10.792221069335938,4.108912944793701,-1.2000000476837158,1,10.785380363464355,0.30000000000000004,12.700000000000001
4,2,0.0,6.1000000000000005,9.4,2.624305273262172,0.30000000000000004,12.700000000000001,259.8616027832031,10.774979591369629,4.204524993896484,-1.2000000476837158,1,10.768138885498047,0.30000000000000004,12.700000000000001
4,2,0.0,6.1000000000000005,9.4,2.624305273262172,0.30000000000000004,12.700000000000001,260.3616027832031,10.758611679077148,4.299839019775391,-1.2000000476837158,1,10.751770973205566,0.30000000000000004,12.700000000000001
4,2,0.0,6.1000000000000005,9.4,2.624305273262172,0.30000000000000004,12.700000000000001,260.8616027832031,0.0,,,0,10.736268997192383,0.30000000000000004,12.700000000000001
4,2,0.0,6.1000000000000005,9.4,2.624305273262172,0.30000000000000004,12.700000000000001,261.3616027832031,10.728466987609863,4.489636421203613,-1.2000000476837158,1,10.721626281738281,0.30000000000000004,12.700000000000001
4,2,0.0,6.1000000000000005,9.4,2.624305273262172,0.30000000000000004,12.700000000000001,261.8616027832031,10.714678764343262,4.584150791168213,-1.2000000476837158,1,10.70783805847168,0.30000000000000004,12.700000000000001
4,2,0.0,6.1000000000000005,9.4,2.624305273262172,0.30000000000000004,12.700000000000001,262.3616027832031,10.701739311218262,4.67842960357666,-1.2000000476837158,1,10.69489860534668,0.30000000000000004,12.700000000000001
4,2,0.0,6.1000000000000005,9.4,2.624305273262172,0.30000000000000004,12.700000000000001,262.8616027832031,0.0,,,0,10.6828031539917,0.30000000000000004,12.700000000000001
4,2,0.0,6.1000000000000005,9.4,2.624305273262172,0.30000000000000004,12.700000000000001,263.3616027832031,10.678387641906738,4.866341590881348,-1.2000000476837158,1,10.671546936035156,0.30000000000000004,12.700000000000001
4,2,0.0,6.1000000000000005,9.4,2.624305273262172,0.30000000000000004,12.700000000000001,263.8616027832031,10.66796588897705,4.960003852844238,-1.2000000476837158,1,10.661125183105469,0.30000000000000004,12.700000000000001
4,2,0.0,6.1000000000000005,9.4,2.624305273262172,0.30000000000000004,12.700000000000001,264.3616027832031,10.658374786376953,5.053491115570068,-1.2000000476837158,1,10.651534080505371,0.30000000000000004,12.700000000000001
4,2,0.0,6.1000000000000005,9.4,2.624305273262172,0.30000000000000004,12.700000000000001,264.8616027832031,10.64961051940918,5.146817207336426,-1.2000000476837158,1,10.642769813537598,0.30000000000000004,12.700000000000001
4,2,0.0,6.1000000000000005,9.4,2.624305273262172,0.30000000000000004,12.700000000000001,265.3616027832031,10.641670227050781,5.239996910095215,-1.2000000476837158,1,10.6348295211792,0.30000000000000004,12.700000000000001
4,2,0.0,6.1000000000000005,9.4,2.624305273262172,0.30000000000000004,12.700000000000001,265.8616027832031,10.634551048278809,5.333044528961182,-1.2000000476837158,1,10.627710342407227,0.30000000000000004,12.700000000000001
4,2,0.0,6.1000000000000005,9.4,2.624305273262172,0.30000000000000004,12.700000000000001,266.3616027832031,10.628249168395996,5.4259748458862305,-1.2000000476837158,1,10.621408462524414,0.30000000000000004,12.700000000000001
4,2,0.0,6.1000000000000005,9.4,2.624305273262172,0.30000000000000004,12.700000000000001,266.8616027832031,10.622762680053711,5.518802165985107,-1.2000000476837158,1,10.615921974182129,0.30000000000000004,12.700000000000001
4,2,0.0,6.1000000000000005,9.4,2.624305273262172,0.30000000000000004,12.700000000000001,267.3616027832031,0.0,,,0,10.611248016357422,0.30000000000000004,12.700000000000001
4,2,0.0,6.1000000000000005,9.4,2.624305273262172,0.30000000000000004,12.700000000000001,267.8616027832031,10.614227294921875,5.704204559326172,-1.2000000476837158,1,10.607386589050293,0.30000000000000004,12.700000000000001
4,2,0.0,6.1000000000000005,9.4,2.624305273262172,0.30000000000000004,12.700000000000001,268.3616027832031,10.611175537109375,5.796808242797852,-1.2000000476837158,1,10.604334831237793,0.30000000000000004,12.700000000000001
4,2,0.0,6.1000000000000005,9.4,2.624305273262172,0.30000000000000004,12.700000000000001,268.8616027832031,10.608933448791504,5.8893656730651855,-1.2000000476837158,1,10.602092742919922,0.30000000000000004,12.700000000000001
4,2,0.0,6.1000000000000005,9.4,2.624305273262172,0.30000000000000004,12.700000000000001,269.3616027832031,10.607499122619629,5.98189115524292,-1.2000000476837158,1,10.600658416748047,0.30000000000000004,12.700000000000001
4,2,0.0,6.1000000000000005,9.4,2.624305273262172,0.30000000000000004,12.700000000000001,269.8616027832031,10.606871604919434,6.074398517608643,-1.2000000476837158,1,10.600030899047852,0.30000000000000004,12.700000000000001
4,2,0.0,6.1000000000000005,9.4,2.624305273262172,0.30000000000000004,12.700000000000001,270.3616027832031,10.607051849365234,6.166901588439941,-1.2000000476837158,1,10.600211143493652,0.30000000000000004,12.700000000000001
4,2,0.0,6.1000000000000005,9.4,2.624305273262172,0.30000000000000004,12.700000000000001,270.8616027832031,10.608038902282715,6.259415149688721,-1.2000000476837158,1,10.601198196411133,0.30000000000000004,12.700000000000001
4,2,0.0,6.1000000000000005,9.4,2.624305273262172,0.30000000000000004,12.700000000000001,271.3616027832031,0.0,,,0,10.602993965148926,0.30000000000000004,12.700000000000001
4,2,0.0,6.1000000000000005,9.4,2.624305273262172,0.30000000000000004,12.700000000000001,271.8616027832031,10.612438201904297,6.4445295333862305,-1.2000000476837158,1,10.605597496032715,0.30000000000000004,12.700000000000001
4,2,0.0,6.1000000000000005,9.4,2.624305273262172,0.30000000000000004,12.700000000000001,272.3616027832031,10.615851402282715,6.537158012390137,-1.2000000476837158,1,10.609010696411133,0.30000000000000004,12.700000000000001
4,2,0.0,6.1000000000000005,9.4,2.624305273262172,0.30000000000000004,12.700000000000001,272.8616027832031,10.620075225830078,6.62985372543335,-1.2000000476837158,1,10.613234519958496,0.30000000000000004,12.700000000000001
4,2,0.0,6.1000000000000005,9.4,2.624305273262172,0.30000000000000004,12.700000000000001,273.3616027832031,10.62511157989502,6.722630023956299,-1.2000000476837158,1,10.618270874023438,0.30000000000000004,12.700000000000001
4,2,0.0,6.1000000000000005,9.4,2.624305273262172,0.30000000000000004,12.700000000000001,273.8616027832031,10.630961418151855,6.815501689910889,-1.2000000476837158,1,10.624120712280273,0.30000000000000004,12.700000000000001
4,2,0.0,6.1000000000000005,9.4,2.624305273262172,0.30000000000000004,12.700000000000001,274.3616027832031,0.0,,,0,10.63078784942627,0.30000000000000004,12.700000000000001
4,2,0.0,6.1000000000000005,9.4,2.624305273262172,0.30000000000000004,12.700000000000001,274.8616027832031,10.645113945007324,7.001587390899658,-1.2000000476837158,1,10.638273239135742,0.30000000000000004,12.700000000000001
4,2,0.0,6.1000000000000005,9.4,2.624305273262172,0.30000000000000004,12.700000000000001,275.3616027832031,0.0,,,0,10.646580696105957,0.30000000000000004,12.700000000000001
4,2,0.0,6.1000000000000005,9.4,2.624305273262172,0.30000000000000004,12.700000000000001,275.8616027832031,10.662554740905762,7.188226699829102,-1.2000000476837158,1,10.65571403503418,0.30000000000000004,12.700000000000001
4,2,0.0,6.1000000000000005,9.4,2.624305273262172,0.30000000000000004,12.700000000000001,276.3616027832031,10.672515869140625,7.281790733337402,-1.2000000476837158,1,10.665675163269043,0.30000000000000004,12.700000000000001
4,2,0.0,6.1000000000000005,9.4,2.624305273262172,0.30000000000000004,12.700000000000001,276.8616027832031,0.0,,,0,10.676468849182129,0.30000000000000004,12.700000000000001
4,2,0.0,6.1000000000000005,9.4,2.624305273262172,0.30000000000000004,12.700000000000001,277.3616027832031,10.694940567016602,7.469479084014893,-1.2000000476837158,1,10.68809986114502,0.30000000000000004,12.700000000000001
4,2,0.0,6.1000000000000005,9.4,2.624305273262172,0.30000000000000004,12.700000000000001,277.8616027832031,10.707411766052246,7.563634395599365,-1.2000000476837158,1,10.700571060180664,0.30000000000000004,12.700000000000001
4,2,0.0,6.1000000000000005,9.4,2.624305273262172,0.30000000000000004,12.700000000000001,278.3616027832031,10.72072982788086,7.658016681671143,-1.2000000476837158,1,10.713889122009277,0.30000000000000004,12.700000000000001
4,2,0.0,6.1000000000000005,9.4,2.624305273262172,0.30000000000000004,12.700000000000001,278.8616027832031,10.734898567199707,7.752641201019287,-1.2000000476837158,1,10.728057861328125,0.30000000000000004,12.700000000000001
4,2,0.0,6.1000000000000005,9.4,2.624305273262172,0.30000000000000004,12.700000000000001,279.3616027832031,10.488730430603027,7.805036544799805,-0.9422847628593445,1,10.481889724731445,0.30000000000000004,12.700000000000001
4,2,0.0,6.1000000000000005,9.4,2.624305273262172,0.30000000000000004,12.700000000000001,279.8616027832031,0.0,,,0,9.955306053161621,0.30000000000000004,12.700000000000001
4,2,0.0,6.1000000000000005,9.4,2.624305273262172,0.30000000000000004,12.700000000000001,280.3616027832031,9.486629486083984,7.805036544799805,0.07480631023645401,1,9.479788780212402,0.30000000000000004,12.700000000000001
4,2,0.0,6.1000000000000005,9.4,2.624305273262172,0.30000000000000004,12.700000000000001,280.8616027832031,0.0,,,0,9.048283576965332,0.30000000000000004,12.700000000000001
4,2,0.0,6.1000000000000005,9.4,2.624305273262172,0.30000000000000004,12.700000000000001,281.3616027832031,8.661822319030762,7.805036544799805,0.9146267175674438,1,8.65498161315918,0.30000000000000004,12.700000000000001
4,2,0.0,6.1000000000000005,9.4,2.624305273262172,0.30000000000000004,12.700000000000001,281.8616027832031,8.30189323425293,7.805036544799805,1.28207266330719,1,8.295052528381348,0.30000000000000004,12.700000000000001
4,2,0.0,6.1000000000000005,9.4,2.624305273262172,0.30000000000000004,12.700000000000001,282.3616027832031,7.971287250518799,7.805036544799805,1.6202020645141602,1,7.964446544647217,0.30000000000000004,12.700000000000001
4,2,0.0,6.1000000000000005,9.4,2.624305273262172,0.30000000000000004,12.700000000000001,282.8616027832031,7.6665849685668945,7.805036544799805,1.9324345588684082,1,7.6597442626953125,0.30000000000000004,12.700000000000001
4,2,0.0,6.1000000000000005,9.4,2.624305273262172,0.30000000000000004,12.700000000000001,283.3616027832031,7.3848795890808105,7.805036544799805,2.221677780151367,1,7.3780388832092285,0.30000000000000004,12.700000000000001
4,2,0.0,6.1000000000000005,9.4,2.624305273262172,0.30000000000000004,12.700000000000001,283.8616027832031,0.0,,,0,7.116841793060303,0.30000000000000004,12.700000000000001
4,2,0.0,6.1000000000000005,9.4,2.624305273262172,0.30000000000000004,12.700000000000001,284.3616027832031,6.880852699279785,7.805036544799805,2.7408039569854736,1,6.874011993408203,0.30000000000000004,12.700000000000001
4,2,0.0,6.1000000000000005,9.4,2.624305273262172,0.30000000000000004,12.700000000000001,284.8616027832031,6.654536724090576,7.805036544799805,2.974682092666626,1,6.647696018218994,0.30000000000000004,12.700000000000001
4,2,0.0,6.1000000000000005,9.4,2.624305273262172,0.30000000000000004,12.700000000000001,285.3616027832031,6.443121910095215,7.805036544799805,3.19366717338562,1,6.436281204223633,0.30000000000000004,12.700000000000001
4,2,0.0,6.1000000000000005,9.4,2.624305273262172,0.30000000000000004,12.700000000000001,285.8616027832031,6.2452006340026855,7.805036544799805,3.399168014526367,1,6.2383599281311035,0.30000000000000004,12.700000000000001
4,2,0.0,6.1000000000000005,9.4,2.624305273262172,0.30000000000000004,12.700000000000001,286.3616027832031,0.0,,,0,6.052695274353027,0.30000000000000004,12.700000000000001
4,2,0.0,6.1000000000000005,9.4,2.624305273262172,0.30000000000000004,12.700000000000001,286.8616027832031,0.0,,,0,5.878197193145752,0.30000000000000004,12.700000000000001
4,2,0.0,6.1000000000000005,9.4,2.624305273262172,0.30000000000000004,12.700000000000001,287.3616027832031,5.720742225646973,7.805036544799805,3.9464213848114014,1,5.713901519775391,0.30000000000000004,12.700000000000001
4,2,0.0,6.1000000000000005,9.4,2.624305273262172,0.30000000000000004,12.700000000000001,287.8616027832031,5.565792560577393,7.805036544799805,4.1089887619018555,1,5.5589518547058105,0.30000000000000004,12.700000000000001
4,2,0.0,6.1000000000000005,9.4,2.624305273262172,0.30000000000000004,12.700000000000001,288.3616027832031,5.419426441192627,7.805036544799805,4.262983798980713,1,5.412585735321045,0.30000000000000004,12.700000000000001
4,2,0.0,6.1000000000000005,9.4,2.624305273262172,0.30000000000000004,12.700000000000001,288.8616027832031,5.280961513519287,7.805036544799805,4.409088134765625,1,5.274120807647705,0.30000000000000004,12.700000000000001
4,2,0.0,6.1000000000000005,9.4,2.624305273262172,0.30000000000000004,12.700000000000001,289.3616027832031,5.149786472320557,7.805036544799805,4.547913551330566,1,5.142945766448975,0.30000000000000004,12.700000000000001
4,2,0.0,6.1000000000000005,9.4,2.624305273262172,0.30000000000000004,12.700000000000001,289.8616027832031,5.025350570678711,7.805036544799805,4.68001127243042,1,5.018509864807129,0.30000000000000004,12.700000000000001
4,2,0.0,6.1000000000000005,9.4,2.624305273262172,0.30000000000000004,12.700000000000001,290.3616027832031,0.0,,,0,4.900317668914795,0.30000000000000004,12.700000000000001
4,2,0.0,6.1000000000000005,9.4,2.624305273262172,0.30000000000000004,12.700000000000001,290.8616027832031,4.794761657714844,7.805036544799805,4.925959587097168,1,4.787920951843262,0.30000000000000004,12.700000000000001
4,2,0.0,6.1000000000000005,9.4,2.624305273262172,0.30000000000000004,12.700000000000001,291.3616027832031,4.687753677368164,7.805036544799805,5.040665149688721,1,4.680912971496582,0.30000000000000004,12.700000000000001
4,2,0.0,6.1000000000000005,9.4,2.624305273262172,0.30000000000000004,12.700000000000001,291.8616027832031,4.585765838623047,7.805036544799805,5.150364398956299,1,4.578925132751465,0.30000000000000004,12.700000000000001
4,2,0.0,6.1000000000000005,9.4,2.624305273262172,0.30000000000000004,12.700000000000001,292.3616027832031,4.488461017608643,7.805036544799805,5.255392551422119,1,4.4816203117370605,0.30000000000000004,12.700000000000001
4,2,0.0,6.1000000000000005,9.4,2.624305273262172,0.30000000000000004,12.700000000000001,292.8616027832031,4.395533084869385,7.805036544799805,5.356057643890381,1,4.388692378997803,0.30000000000000004,12.700000000000001
4,2,0.0,6.1000000000000005,9.4,2.624305273262172,0.30000000000000004,12.700000000000001,293.3616027832031,4.306701183319092,7.805036544799805,5.452640056610107,1,4.29986047744751,0.30000000000000004,12.700000000000001
4,2,0.0,6.1000000000000005,9.4,2.624305273262172,0.30000000000000004,12.700000000000001,293.8616027832031,4.22170877456665,7.805036544799805,5.54539680480957,1,4.214868068695068,0.30000000000000004,12.700000000000001
4,2,0.0,6.1000000000000005,9.4,2.624305273262172,0.30000000000000004,12.700000000000001,294.3616027832031,11.642914772033691,10.899813652038574,-1.2000000476837158,1,11.63607406616211,0.30000000000000004,12.700000000000001
4,2,0.0,6.1000000000000005,9.4,2.624305273262172,0.30000000000000004,12.700000000000001,294.8616027832031,0.0,,,0,11.682682037353516,0.30000000000000004,12.700000000000001
4,2,0.0,6.1000000000000005,9.4,2.624305273262172,0.30000000000000004,12.700000000000001,295.3616027832031,11.737403869628906,11.124550819396973,-1.2000000476837158,1,11.730563163757324,0.30000000000000004,12.700000000000001
4,2,0.0,6.1000000000000005,9.4,2.624305273262172,0.30000000000000004,12.700000000000001,295.8616027832031,11.786579132080078,11.238310813903809,-1.2000000476837158,1,11.779738426208496,0.30000000000000004,12.700000000000001
4,2,0.0,6.1000000000000005,9.4,2.624305273262172,0.30000000000000004,12.700000000000001,296.3616027832031,11.83707332611084,11.35303783416748,-1.2000000476837158,1,11.830232620239258,0.30000000000000004,12.700000000000001
4,2,0.0,6.1000000000000005,9.4,2.624305273262172,0.30000000000000004,12.700000000000001,296.8616027832031,11.888911247253418,11.468761444091797,-1.2000000476837158,1,11.882070541381836,0.30000000000000004,12.700000000000001
4,2,0.0,6.1000000000000005,9.4,2.624305273262172,0.30000000000000004,12.700000000000001,297.3616027832031,11.942117691040039,11.585512161254883,-1.2000000476837158,1,11.935276985168457,0.30000000000000004,12.700000000000001
4,2,0.0,6.1000000000000005,9.4,2.624305273262172,0.30000000000000004,12.700000000000001,297.8616027832031,3.6552443504333496,7.805036544799805,6.174522876739502,1,3.6484038829803467,0.30000000000000004,12.700000000000001
4,2,0.0,6.1000000000000005,9.4,2.624305273262172,0.30000000000000004,12.700000000000001,298.3616027832031,3.596127986907959,7.805036544799805,6.2415452003479,1,3.589287519454956,0.30000000000000004,12.700000000000001
4,2,0.0,6.1000000000000005,9.4,2.624305273262172,0.30000000000000004,12.700000000000001,298.8616027832031,3.5391616821289062,7.805036544799805,6.3064351081848145,1,3.5323212146759033,0.30000000000000004,12.700000000000001
4,2,0.0,6.1000000000000005,9.4,2.624305273262172,0.30000000000000004,12.700000000000001,299.3616027832031,3.484236001968384,7.805036544799805,6.369302272796631,1,3.477395534515381,0.30000000000000004,12.700000000000001
4,2,0.0,6.1000000000000005,9.4,2.624305273262172,0.30000000000000004,12.700000000000001,299.8616027832031,0.0,,,0,3.424408435821533,0.30000000000000004,12.700000000000001
4,2,0.0,6.1000000000000005,9.4,2.624305273262172,0.30000000000000004,12.700000000000001,300.3616027832031,3.380105495452881,7.805036544799805,6.489369869232178,1,3.373265027999878,0.30000000000000004,12.700000000000001
4,2,0.0,6.1000000000000005,9.4,2.624305273262172,0.30000000000000004,12.700000000000001,300.8616027832031,0.0,,,0,3.32387638092041,0.30000000000000004,12.700000000000001
4,2,0.0,6.1000000000000005,9.4,2.624305273262172,0.30000000000000004,12.700000000000001,301.3616027832031,3.282999277114868,7.805036544799805,6.602489471435547,1,3.2761588096618652,0.30000000000000004,12.700000000000001
4,2,0.0,6.1000000000000005,9.4,2.624305273262172,0.30000000000000004,12.700000000000001,301.8616027832031,3.23687481880188,7.805036544799805,6.656649589538574,1,3.230034351348877,0.30000000000000004,12.700000000000001
4,2,0.0,6.1000000000000005,9.4,2.624305273262172,0.30000000000000004,12.700000000000001,302.3616027832031,3.192270278930664,7.805036544799805,6.7093095779418945,1,3.185429811477661,0.30000000000000004,12.700000000000001
4,2,0.0,6.1000000000000005,9.4,2.624305273262172,0.30000000000000004,12.700000000000001,302.8616027832031,3.1491169929504395,7.805036544799805,6.760539531707764,1,3.1422765254974365,0.30000000000000004,12.700000000000001
4,2,0.0,6.1000000000000005,9.4,2.624305273262172,0.30000000000000004,12.700000000000001,303.3616027832031,3.1073503494262695,7.805036544799805,6.810403347015381,1,3.1005098819732666,0.30000000000000004,12.700000000000001
4,2,0.0,6.1000000000000005,9.4,2.624305273262172,0.30000000000000004,12.700000000000001,303.8616027832031,3.0669093132019043,7.805036544799805,6.858962535858154,1,3.0600688457489014,0.30000000000000004,12.700000000000001
4,2,0.0,6.1000000000000005,9.4,2.624305273262172,0.30000000000000004,12.700000000000001,304.3616027832031,3.0277366638183594,7.805036544799805,6.906274795532227,1,3.0208961963653564,0.30000000000000004,12.700000000000001
4,2,0.0,6.1000000000000005,9.4,2.624305273262172,0.30000000000000004,12.700000000000001,304.8616027832031,2.989778757095337,7.805036544799805,6.952394962310791,1,2.982938289642334,0.30000000000000004,12.700000000000001
4,2,0.0,6.1000000000000005,9.4,2.624305273262172,0.30000000000000004,12.700000000000001,305.3616027832031,2.95298433303833,7.805036544799805,6.997373580932617,1,2.946143865585327,0.30000000000000004,12.700000000000001
4,2,0.0,6.1000000000000005,9.4,2.624305273262172,0.30000000000000004,12.700000000000001,305.8616027832031,0.0,,,0,2.9104652404785156,0.30000000000000004,12.700000000000001
4,2,0.0,6.1000000000000005,9.4,2.624305273262172,0.30000000000000004,12.700000000000001,306.3616027832031,2.882697105407715,7.805036544799805,7.0840983390808105,1,2.875856637954712,0.30000000000000004,12.700000000000001
4,2,0.0,6.1000000000000005,9.4,2.624305273262172,0.30000000000000004,12.700000000000001,306.8616027832031,2.8491158485412598,7.805036544799805,7.1259331703186035,1,2.842275381088257,0.30000000000000004,12.700000000000001
4,2,0.0,6.1000000000000005,9.4,2.624305273262172,0.30000000000000004,12.700000000000001,307.3616027832031,2.816521167755127,7.805036544799805,7.166805744171143,1,2.809680700302124,0.30000000000000004,12.700000000000001
4,2,0.0,6.1000000000000005,9.4,2.624305273262172,0.30000000000000004,12.700000000000001,307.8616027832031,2.78487491607666,7.805036544799805,7.206754684448242,1,2.7780344486236572,0.30000000000000004,12.700000000000001
4,2,0.0,6.1000000000000005,9.4,2.624305273262172,0.30000000000000004,12.700000000000001,308.3616027832031,0.0,,,0,2.747299909591675,0.30000000000000004,12.700000000000001
4,2,0.0,6.1000000000000005,9.4,2.624305273262172,0.30000000000000004,12.700000000000001,308.8616027832031,0.0,,,0,2.717442750930786,0.30000000000000004,12.700000000000001
4,2,0.0,6.1000000000000005,9.4,2.624305273262172,0.30000000000000004,12.700000000000001,309.3616027832031,2.695270538330078,7.805036544799805,7.321416854858398,1,2.688430070877075,0.30000000000000004,12.700000000000001
4,2,0.0,6.1000000000000005,9.4,2.624305273262172,0.30000000000000004,12.700000000000001,309.8616027832031,2.6670713424682617,7.805036544799805,7.358020782470703,1,2.660230875015259,0.30000000000000004,12.700000000000001
4,2,0.0,6.1000000000000005,9.4,2.624305273262172,0.30000000000000004,12.700000000000001,310.3616027832031,2.639655828475952,7.805036544799805,7.393867492675781,1,2.632815361022949,0.30000000000000004,12.700000000000001
4,2,0.0,6.1000000000000005,9.4,2.624305273262172,0.30000000000000004,12.700000000000001,310.8616027832031,2.6129963397979736,7.805036544799805,7.428985595703125,1,2.6061558723449707,0.30000000000000004,12.700000000000001
4,2,0.0,6.1000000000000005,9.4,2.624305273262172,0.30000000000000004,12.700000000000001,311.3616027832031,2.5870656967163086,7.805036544799805,7.463401794433594,1,2.5802252292633057,0.30000000000000004,12.700000000000001
4,2,0.0,6.1000000000000005,9.4,2.624305273262172,0.30000000000000004,12.700000000000001,311.8616027832031,2.5618386268615723,7.805036544799805,7.497142791748047,1,2.5549981594085693,0.30000000000000004,12.700000000000001
4,2,0.0,6.1000000000000005,9.4,2.624305273262172,0.30000000000000004,12.700000000000001,312.3616027832031,2.5372908115386963,7.805036544799805,7.530232906341553,1,2.5304503440856934,0.30000000000000004,12.700000000000001
4,2,0.0,6.1000000000000005,9.4,2.624305273262172,0.30000000000000004,12.700000000000001,312.8616027832031,2.513399362564087,7.805036544799805,7.562695503234863,1,2.506558895111084,0.30000000000000004,12.700000000000001
4,2,0.0,6.1000000000000005,9.4,2.624305273262172,0.30000000000000004,12.700000000000001,313.3616027832031,2.490142345428467,7.805036544799805,7.594552993774414,1,2.483301877975464,0.30000000000000004,12.700000000000001
4,2,0.0,6.1000000000000005,9.4,2.624305273262172,0.30000000000000004,12.700000000000001,313.8616027832031,2.467498302459717,7.805036544799805,7.625827789306641,1,2.460657835006714,0.30000000000000004,12.700000000000001
4,2,0.0,6.1000000000000005,9.4,2.624305273262172,0.30000000000000004,12.700000000000001,314.3616027832031,0.0,,,0,2.4386072158813477,0.30000000000000004,12.700000000000001
4,2,0.0,6.1000000000000005,9.4,2.624305273262172,0.30000000000000004,12.700000000000001,314.8616027832031,2.423971176147461,7.805036544799805,7.686707496643066,1,2.417130708694458,0.30000000000000004,12.700000000000001
4,2,0.0,6.1000000000000005,9.4,2.624305273262172,0.30000000000000004,12.700000000000001,315.3616027832031,2.403050661087036,7.805036544799805,7.71635103225708,1,2.396210193634033,0.30000000000000004,12.700000000000001
4,2,0.0,6.1000000000000005,9.4,2.624305273262172,0.30000000000000004,12.700000000000001,315.8616027832031,2.3826684951782227,7.805036544799805,7.745488166809082,1,2.3758280277252197,0.30000000000000004,12.700000000000001
4,2,0.0,6.1000000000000005,9.4,2.624305273262172,0.30000000000000004,12.700000000000001,316.3616027832031,0.0,,,0,2.3559675216674805,0.30000000000000004,12.700000000000001
4,2,0.0,6.1000000000000005,9.4,2.624305273262172,0.30000000000000004,12.700000000000001,316.8616027832031,0.0,,,0,2.3366127014160156,0.30000000000000004,12.700000000000001
4,2,0.0,6.1000000000000005,9.4,2.624305273262172,0.30000000000000004,12.700000000000001,317.3616027832031,2.3245890140533447,7.805036544799805,7.830029010772705,1,2.317748546600342,0.30000000000000004,12.700000000000001
4,2,0.0,6.1000000000000005,9.4,2.624305273262172,0.30000000000000004,12.700000000000001,317.8616027832031,2.3062005043029785,7.805036544799805,7.85730504989624,1,2.2993600368499756,0.30000000000000004,12.700000000000001
4,2,0.0,6.1000000000000005,9.4,2.624305273262172,0.30000000000000004,12.700000000000001,318.3616027832031,2.288274049758911,7.805036544799805,7.884153842926025,1,2.281433582305908,0.30000000000000004,12.700000000000001
4,2,0.0,6.1000000000000005,9.4,2.624305273262172,0.30000000000000004,12.700000000000001,318.8616027832031,2.2707958221435547,7.805036544799805,7.910589218139648,1,2.2639553546905518,0.30000000000000004,12.700000000000001
4,2,0.0,6.1000000000000005,9.4,2.624305273262172,0.30000000000000004,12.700000000000001,319.3616027832031,2.253753423690796,7.805036544799805,7.936624526977539,1,2.246912956237793,0.30000000000000004,12.700000000000001
4,2,0.0,6.1000000000000005,9.4,2.624305273262172,0.30000000000000004,12.700000000000001,319.8616027832031,0.0,,,0,2.2302935123443604,0.30000000000000004,12.700000000000001
4,2,0.0,6.1000000000000005,9.4,2.624305273262172,0.30000000000000004,12.700000000000001,320.3616027832031,2.220926284790039,7.805036544799805,7.987545967102051,1,2.214085817337036,0.30000000000000004,12.700000000000001
4,2,0.0,6.1000000000000005,9.4,2.624305273262172,0.30000000000000004,12.700000000000001,320.8616027832031,0.0,,,0,2.1982779502868652,0.30000000000000004,12.700000000000001
4,2,0.0,6.1000000000000005,9.4,2.624305273262172,0.30000000000000004,12.700000000000001,321.3616027832031,2.189699649810791,7.805036544799805,8.037015914916992,1,2.182859182357788,0.30000000000000004,12.700000000000001
4,2,0.0,6.1000000000000005,9.4,2.624305273262172,0.30000000000000004,12.700000000000001,321.8616027832031,2.1746599674224854,7.805036544799805,8.061235427856445,1,2.1678194999694824,0.30000000000000004,12.700000000000001
4,2,0.0,6.1000000000000005,9.4,2.624305273262172,0.30000000000000004,12.700000000000001,322.3616027832031,0.0,,,0,2.1531481742858887,0.30000000000000004,12.700000000000001
4,2,0.0,6.1000000000000005,9.4,2.624305273262172,0.30000000000000004,12.700000000000001,322.8616027832031,0.0,,,0,2.138835906982422,0.30000000000000004,12.700000000000001
4,2,0.0,6.1000000000000005,9.4,2.624305273262172,0.30000000000000004,12.700000000000001,323.3616027832031,2.131714105606079,7.805036544799805,8.13195514678955,1,2.124873638153076,0.30000000000000004,12.700000000000001
4,2,0.0,6.1000000000000005,9.4,2.624305273262172,0.30000000000000004,12.700000000000001,323.8616027832031,2.1180925369262695,7.805036544799805,8.154915809631348,1,2.1112520694732666,0.30000000000000004,12.700000000000001
4,2,0.0,6.1000000000000005,9.4,2.624305273262172,0.30000000000000004,12.700000000000001,324.3616027832031,0.0,,,0,2.0979626178741455,0.30000000000000004,12.700000000000001
4,2,0.0,6.1000000000000005,9.4,2.624305273262172,0.30000000000000004,12.700000000000001,324.8616027832031,2.0918378829956055,7.805036544799805,8.199973106384277,1,2.0849974155426025,0.30000000000000004,12.700000000000001
4,2,0.0,6.1000000000000005,9.4,2.624305273262172,0.30000000000000004,12.700000000000001,325.3616027832031,2.079188823699951,7.805036544799805,8.222087860107422,1,2.0723483562469482,0.30000000000000004,12.700000000000001
4,2,0.0,6.1000000000000005,9.4,2.624305273262172,0.30000000000000004,12.700000000000001,325.8616027832031,2.066848039627075,7.805036544799805,8.243936538696289,1,2.0600075721740723,0.30000000000000004,12.700000000000001
4,2,0.0,6.1000000000000005,9.4,2.624305273262172,0.30000000000000004,12.700000000000001,326.3616027832031,2.0548086166381836,7.805036544799805,8.26552963256836,1,2.0479681491851807,0.30000000000000004,12.700000000000001
4,2,0.0,6.1000000000000005,9.4,2.624305273262172,0.30000000000000004,12.700000000000001,326.8616027832031,2.043063163757324,7.805036544799805,8.286871910095215,1,2.0362226963043213,0.30000000000000004,12.700000000000001
4,2,0.0,6.1000000000000005,9.4,2.624305273262172,0.30000000000000004,12.700000000000001,327.3616027832031,2.0316050052642822,7.805036544799805,8.307973861694336,1,2.0247645378112793,0.30000000000000004,12.700000000000001
4,2,0.0,6.1000000000000005,9.4,2.624305273262172,0.30000000000000004,12.700000000000001,327.8616027832031,2.0204274654388428,7.805036544799805,8.328840255737305,1,2.01358699798584,0.30000000000000004,12.700000000000001
4,2,0.0,6.1000000000000005,9.4,2.624305273262172,0.30000000000000004,12.700000000000001,328.3616027832031,2.0095245838165283,7.805036544799805,8.349479675292969,1,2.0026841163635254,0.30000000000000004,12.700000000000001
4,2,0.0,6.1000000000000005,9.4,2.624305273262172,0.30000000000000004,12.700000000000001,328.8616027832031,1.998889684677124,7.805036544799805,8.369897842407227,1,1.992049217224121,0.30000000000000004,12.700000000000001
4,2,0.0,6.1000000000000005,9.4,2.624305273262172,0.30000000000000004,12.700000000000001,329.3616027832031,1.9885175228118896,7.805036544799805,8.390101432800293,1,1.9816770553588867,0.30000000000000004,12.700000000000001
4,2,0.0,6.1000000000000005,9.4,2.624305273262172,0.30000000000000004,12.700000000000001,329.8616027832031,0.0,,,0,1.9715615510940552,0.30000000000000004,12.700000000000001
