scenario_id,scan_id,t,pose_x,pose_y,pose_yaw,goal_x,goal_y,theta_deg,r_m,hit_x,hit_y,valid,noise_free_r_m,final_goal_x,final_goal_y
12,0,0.0,0.5,9.200000000000001,-1.4559197213779975,1.4000000000000001,1.4000000000000001,96.58194732666016,1.878221869468689,0.28418415784835815,11.070404052734375,1,1.882813811302185,9.600000000000001,2.0
12,0,0.0,0.5,9.200000000000001,-1.4559197213779975,1.4000000000000001,1.4000000000000001,97.08194732666016,1.880191445350647,0.26762738823890686,11.070404052734375,1,1.884783387184143,9.600000000000001,2.0
12,0,0.0,0.5,9.200000000000001,-1.4559197213779975,1.4000000000000001,1.4000000000000001,97.58194732666016,1.8823089599609375,0.2510347068309784,11.070404052734375,1,1.8869009017944336,9.600000000000001,2.0
12,0,0.0,0.5,9.200000000000001,-1.4559197213779975,1.4000000000000001,1.4000000000000001,98.08194732666016,1.884575366973877,0.23440340161323547,11.070404052734375,1,1.889167308807373,9.600000000000001,2.0
12,0,0.0,0.5,9.200000000000001,-1.4559197213779975,1.4000000000000001,1.4000000000000001,98.58194732666016,1.886991262435913,0.21773084998130798,11.070404052734375,1,1.8915832042694092,9.600000000000001,2.0
12,0,0.0,0.5,9.200000000000001,-1.4559197213779975,1.4000000000000001,1.4000000000000001,99.08194732666016,1.889557957649231,0.20101431012153625,11.070404052734375,1,1.894149899482727,9.600000000000001,2.0
12,0,0.0,0.5,9.200000000000001,-1.4559197213779975,1.4000000000000001,1.4000000000000001,99.58194732666016,1.8922761678695679,0.184251070022583,11.070404052734375,1,1.896868109703064,9.600000000000001,2.0
12,0,0.0,0.5,9.200000000000001,-1.4559197213779975,1.4000000000000001,1.4000000000000001,100.08194732666016,0.0,,,0,1.8997390270233154,9.600000000000001,2.0
12,0,0.0,0.5,9.200000000000001,-1.4559197213779975,1.4000000000000001,1.4000000000000001,100.58194732666016,0.0,,,0,1.902763843536377,9.600000000000001,2.0
12,0,0.0,0.5,9.200000000000001,-1.4559197213779975,1.4000000000000001,1.4000000000000001,101.08194732666016,0.0,,,0,1.9059436321258545,9.600000000000001,2.0
12,0,0.0,0.5,9.200000000000001,-1.4559197213779975,1.4000000000000001,1.4000000000000001,101.58194732666016,1.904687762260437,0.11667539179325104,11.070404052734375,1,1.909279704093933,9.600000000000001,2.0
12,0,0.0,0.5,9.200000000000001,-1.4559197213779975,1.4000000000000001,1.4000000000000001,102.08194732666016,0.0,,,0,1.9127734899520874,9.600000000000001,2.0
12,0,0.0,0.5,9.200000000000001,-1.4559197213779975,1.4000000000000001,1.4000000000000001,102.58194732666016,1.9118342399597168,0.08253397792577744,11.070404052734375,1,1.916426181793213,9.600000000000001,2.0
12,0,0.0,0.5,9.200000000000001,-1.4559197213779975,1.4000000000000001,1.4000000000000001,103.08194732666016,0.0,,,0,1.9202393293380737,9.600000000000001,2.0
12,0,0.0,0.5,9.200000000000001,-1.4559197213779975,1.4000000000000001,1.4000000000000001,103.58194732666016,1.9196226596832275,0.0481254979968071,11.070404052734375,1,1.9242146015167236,9.600000000000001,2.0
12,0,0.0,0.5,9.200000000000001,-1.4559197213779975,1.4000000000000001,1.4000000000000001,104.08194732666016,1.9237616062164307,0.03081352263689041,11.070404052734375,1,1.9283535480499268,9.600000000000001,2.0
12,0,0.0,0.5,9.200000000000001,-1.4559197213779975,1.4000000000000001,1.4000000000000001,104.58194732666016,1.9280657768249512,0.013425586745142937,11.070404052734375,1,1.9326577186584473,9.600000000000001,2.0
12,0,0.0,0.5,9.200000000000001,-1.4559197213779975,1.4000000000000001,1.4000000000000001,105.08194732666016,1.9325371980667114,-0.004041478503495455,11.070404052734375,1,1.9371291399002075,9.600000000000001,2.0
12,0,0.0,0.5,9.200000000000001,-1.4559197213779975,1.4000000000000001,1.4000000000000001,105.58194732666016,1.9371774196624756,-0.02159089408814907,11.070404052734375,1,1.9417693614959717,9.600000000000001,2.0
12,0,0.0,0.5,9.200000000000001,-1.4559197213779975,1.4000000000000001,1.4000000000000001,106.08194732666016,1.9419885873794556,-0.03922593221068382,11.070404052734375,1,1.9465805292129517,9.600000000000001,2.0
12,0,0.0,0.5,9.200000000000001,-1.4559197213779975,1.4000000000000001,1.4000000000000001,106.58194732666016,1.9469727277755737,-0.05694993585348129,11.070404052734375,1,1.9515646696090698,9.600000000000001,2.0
12,0,0.0,0.5,9.200000000000001,-1.4559197213779975,1.4000000000000001,1.4000000000000001,107.08194732666016,1.952131748199463,-0.07476629316806793,11.070404052734375,1,1.956723690032959,9.600000000000001,2.0
12,0,0.0,0.5,9.200000000000001,-1.4559197213779975,1.4000000000000001,1.4000000000000001,107.58194732666016,1.9574679136276245,-0.09267845749855042,11.070404052734375,1,1.9620598554611206,9.600000000000001,2.0
12,0,0.0,0.5,9.200000000000001,-1.4559197213779975,1.4000000000000001,1.4000000000000001,108.08194732666016,1.9629836082458496,-0.11068996787071228,11.070404052734375,1,1.9675755500793457,9.600000000000001,2.0
12,0,0.0,0.5,9.200000000000001,-1.4559197213779975,1.4000000000000001,1.4000000000000001,108.58194732666016,1.9686810970306396,-0.12880441546440125,11.070404052734375,1,1.9732730388641357,9.600000000000001,2.0
12,0,0.0,0.5,9.200000000000001,-1.4559197213779975,1.4000000000000001,1.4000000000000001,109.08194732666016,1.9745627641677856,-0.147025465965271,11.070404052734375,1,1.9791547060012817,9.600000000000001,2.0
12,0,0.0,0.5,9.200000000000001,-1.4559197213779975,1.4000000000000001,1.4000000000000001,109.58194732666016,1.9806312322616577,-0.1653568595647812,11.070404052734375,1,1.9852231740951538,9.600000000000001,2.0
12,0,0.0,0.5,9.200000000000001,-1.4559197213779975,1.4000000000000001,1.4000000000000001,110.08194732666016,1.9868892431259155,-0.18380242586135864,11.070404052734375,1,1.9914811849594116,9.600000000000001,2.0
12,0,0.0,0.5,9.200000000000001,-1.4559197213779975,1.4000000000000001,1.4000000000000001,110.58194732666016,1.9933393001556396,-0.20236605405807495,11.070404052734375,1,1.9979312419891357,9.600000000000001,2.0
12,0,0.0,0.5,9.200000000000001,-1.4559197213779975,1.4000000000000001,1.4000000000000001,111.08194732666016,1.9999845027923584,-0.22105176746845245,11.070404052734375,1,2.0045764446258545,9.600000000000001,2.0
12,0,0.0,0.5,9.200000000000001,-1.4559197213779975,1.4000000000000001,1.4000000000000001,111.58194732666016,0.0,,,0,2.0114197731018066,9.600000000000001,2.0
12,0,0.0,0.5,9.200000000000001,-1.4559197213779975,1.4000000000000001,1.4000000000000001,112.08194732666016,2.0138721466064453,-0.2588058114051819,11.070404052734375,1,2.0184640884399414,9.600000000000001,2.0
12,0,0.0,0.5,9.200000000000001,-1.4559197213779975,1.4000000000000001,1.4000000000000001,112.58194732666016,2.021121025085449,-0.2778826057910919,11.070404052734375,1,2.0257129669189453,9.600000000000001,2.0
12,0,0.0,0.5,9.200000000000001,-1.4559197213779975,1.4000000000000001,1.4000000000000001,113.08194732666016,2.0285773277282715,-0.29709839820861816,11.070404052734375,1,2.0331692695617676,9.600000000000001,2.0
12,0,0.0,0.5,9.200000000000001,-1.4559197213779975,1.4000000000000001,1.4000000000000001,113.58194732666016,2.0362446308135986,-0.3164576292037964,11.070404052734375,1,2.0408365726470947,9.600000000000001,2.0
12,0,0.0,0.5,9.200000000000001,-1.4559197213779975,1.4000000000000001,1.4000000000000001,114.08194732666016,2.0441267490386963,-0.3359649181365967,11.070404052734375,1,2.0487186908721924,9.600000000000001,2.0
12,0,0.0,0.5,9.200000000000001,-1.4559197213779975,1.4000000000000001,1.4000000000000001,114.58194732666016,2.052227258682251,-0.3556249737739563,11.070404052734375,1,2.056819200515747,9.600000000000001,2.0
12,0,0.0,0.5,9.200000000000001,-1.4559197213779975,1.4000000000000001,1.4000000000000001,115.08194732666016,2.0605499744415283,-0.37544265389442444,11.070404052734375,1,2.0651419162750244,9.600000000000001,2.0
12,0,0.0,0.5,9.200000000000001,-1.4559197213779975,1.4000000000000001,1.4000000000000001,115.58194732666016,2.069098949432373,-0.39542287588119507,11.070404052734375,1,2.073690891265869,9.600000000000001,2.0
12,0,0.0,0.5,9.200000000000001,-1.4559197213779975,1.4000000000000001,1.4000000000000001,116.08194732666016,2.077877998352051,-0.4155707359313965,11.070404052734375,1,2.082469940185547,9.600000000000001,2.0
12,0,0.0,0.5,9.200000000000001,-1.4559197213779975,1.4000000000000001,1.4000000000000001,116.58194732666016,2.0868918895721436,-0.4358914792537689,11.070404052734375,1,2.0914838314056396,9.600000000000001,2.0
12,0,0.0,0.5,9.200000000000001,-1.4559197213779975,1.4000000000000001,1.4000000000000001,117.08194732666016,2.096144676208496,-0.45639047026634216,11.070404052734375,1,2.100736618041992,9.600000000000001,2.0
12,0,0.0,0.5,9.200000000000001,-1.4559197213779975,1.4000000000000001,1.4000000000000001,117.58194732666016,2.1056411266326904,-0.47707322239875793,11.070404052734375,1,2.1102330684661865,9.600000000000001,2.0
12,0,0.0,0.5,9.200000000000001,-1.4559197213779975,1.4000000000000001,1.4000000000000001,118.08194732666016,2.1153860092163086,-0.4979454278945923,11.070404052734375,1,2.1199779510498047,9.600000000000001,2.0
12,0,0.0,0.5,9.200000000000001,-1.4559197213779975,1.4000000000000001,1.4000000000000001,118.58194732666016,2.1253843307495117,-0.5190129280090332,11.070404052734375,1,2.129976272583008,9.600000000000001,2.0
12,0,0.0,0.5,9.200000000000001,-1.4559197213779975,1.4000000000000001,1.4000000000000001,119.08194732666016,2.135641098022461,-0.5402816534042358,11.070404052734375,1,2.140233039855957,9.600000000000001,2.0
12,0,0.0,0.5,9.200000000000001,-1.4559197213779975,1.4000000000000001,1.4000000000000001,119.58194732666016,2.1461617946624756,-0.5617579221725464,11.070404052734375,1,2.1507537364959717,9.600000000000001,2.0
12,0,0.0,0.5,9.200000000000001,-1.4559197213779975,1.4000000000000001,1.4000000000000001,120.08194732666016,2.156951665878296,-0.5834479928016663,11.070404052734375,1,2.161543607711792,9.600000000000001,2.0
12,0,0.0,0.5,9.200000000000001,-1.4559197213779975,1.4000000000000001,1.4000000000000001,120.58194732666016,2.1680166721343994,-0.6053584814071655,11.070404052734375,1,2.1726086139678955,9.600000000000001,2.0
12,0,0.0,0.5,9.200000000000001,-1.4559197213779975,1.4000000000000001,1.4000000000000001,121.08194732666016,2.1793630123138428,-0.6274961233139038,11.070404052734375,1,2.183954954147339,9.600000000000001,2.0
12,0,0.0,0.5,9.200000000000001,-1.4559197213779975,1.4000000000000001,1.4000000000000001,121.58194732666016,2.1909961700439453,-0.6498679518699646,11.070404052734375,1,2.1955881118774414,9.600000000000001,2.0
12,0,0.0,0.5,9.200000000000001,-1.4559197213779975,1.4000000000000001,1.4000000000000001,122.08194732666016,2.20292329788208,-0.6724810600280762,11.070404052734375,1,2.207515239715576,9.600000000000001,2.0
12,0,0.0,0.5,9.200000000000001,-1.4559197213779975,1.4000000000000001,1.4000000000000001,122.58194732666016,2.2151503562927246,-0.695343017578125,11.070404052734375,1,2.2197422981262207,9.600000000000001,2.0
12,0,0.0,0.5,9.200000000000001,-1.4559197213779975,1.4000000000000001,1.4000000000000001,123.08194732666016,2.227684736251831,-0.7184613347053528,11.070404052734375,1,2.232276678085327,9.600000000000001,2.0
12,0,0.0,0.5,9.200000000000001,-1.4559197213779975,1.4000000000000001,1.4000000000000001,123.58194732666016,2.2405333518981934,-0.7418440580368042,11.070404052734375,1,2.2451252937316895,9.600000000000001,2.0
12,0,0.0,0.5,9.200000000000001,-1.4559197213779975,1.4000000000000001,1.4000000000000001,124.08194732666016,0.0,,,0,2.258295774459839,9.600000000000001,2.0
12,0,0.0,0.5,9.200000000000001,-1.4559197213779975,1.4000000000000001,1.4000000000000001,124.58194732666016,2.2672038078308105,-0.789435625076294,11.070404052734375,1,2.2717957496643066,9.600000000000001,2.0
12,0,0.0,0.5,9.200000000000001,-1.4559197213779975,1.4000000000000001,1.4000000000000001,125.08194732666016,2.281041145324707,-0.8136616349220276,11.070404052734375,1,2.285633087158203,9.600000000000001,2.0
12,0,0.0,0.5,9.200000000000001,-1.4559197213779975,1.4000000000000001,1.4000000000000001,125.58194732666016,2.295224189758301,-0.8381864428520203,11.070404052734375,1,2.299816131591797,9.600000000000001,2.0
12,0,0.0,0.5,9.200000000000001,-1.4559197213779975,1.4000000000000001,1.4000000000000001,126.08194732666016,2.3097617626190186,-0.8630194664001465,11.070404052734375,1,2.3143537044525146,9.600000000000001,2.0
12,0,0.0,0.5,9.200000000000001,-1.4559197213779975,1.4000000000000001,1.4000000000000001,126.58194732666016,2.324662923812866,-0.8881703615188599,11.070404052734375,1,2.3292548656463623,9.600000000000001,2.0
12,0,0.0,0.5,9.200000000000001,-1.4559197213779975,1.4000000000000001,1.4000000000000001,127.08194732666016,2.3399369716644287,-0.9136491417884827,11.070404052734375,1,2.344528913497925,9.600000000000001,2.0
12,0,0.0,0.5,9.200000000000001,-1.4559197213779975,1.4000000000000001,1.4000000000000001,127.58194732666016,0.0,,,0,2.360185384750366,9.600000000000001,2.0
12,0,0.0,0.5,9.200000000000001,-1.4559197213779975,1.4000000000000001,1.4000000000000001,128.08193969726562,2.371642589569092,-0.9656325578689575,11.070404052734375,1,2.376234531402588,9.600000000000001,2.0
12,0,0.0,0.5,9.200000000000001,-1.4559197213779975,1.4000000000000001,1.4000000000000001,128.58193969726562,0.0,,,0,2.3926868438720703,9.600000000000001,2.0
12,0,0.0,0.5,9.200000000000001,-1.4559197213779975,1.4000000000000001,1.4000000000000001,129.08193969726562,2.404961585998535,-1.0190577507019043,11.070404052734375,1,2.4095535278320312,9.600000000000001,2.0
12,0,0.0,0.5,9.200000000000001,-1.4559197213779975,1.4000000000000001,1.4000000000000001,129.58193969726562,2.4222536087036133,-1.0463402271270752,11.070404052734375,1,2.4268455505371094,9.600000000000001,2.0
12,0,0.0,0.5,9.200000000000001,-1.4559197213779975,1.4000000000000001,1.4000000000000001,130.08193969726562,0.0,,,0,2.444575309753418,9.600000000000001,2.0
12,0,0.0,0.5,9.200000000000001,-1.4559197213779975,1.4000000000000001,1.4000000000000001,130.58193969726562,2.458163022994995,-1.1021080017089844,11.070404052734375,1,2.462754964828491,9.600000000000001,2.0
12,0,0.0,0.5,9.200000000000001,-1.4559197213779975,1.4000000000000001,1.4000000000000001,131.08193969726562,2.4768052101135254,-1.130619764328003,11.070404052734375,1,2.4813971519470215,9.600000000000001,2.0
12,0,0.0,0.5,9.200000000000001,-1.4559197213779975,1.4000000000000001,1.4000000000000001,131.58193969726562,0.0,,,0,12.0,9.600000000000001,2.0
12,0,0.0,0.5,9.200000000000001,-1.4559197213779975,1.4000000000000001,1.4000000000000001,132.08193969726562,12.0,,,0,12.0,9.600000000000001,2.0
12,0,0.0,0.5,9.200000000000001,-1.4559197213779975,1.4000000000000001,1.4000000000000001,132.58193969726562,7.087438583374023,-4.298779487609863,14.421935081481934,1,7.0920305252075195,9.600000000000001,2.0
12,0,0.0,0.5,9.200000000000001,-1.4559197213779975,1.4000000000000001,1.4000000000000001,133.08193969726562,7.02099084854126,-4.298779487609863,14.331327438354492,1,7.025582790374756,9.600000000000001,2.0
12,0,0.0,0.5,9.200000000000001,-1.4559197213779975,1.4000000000000001,1.4000000000000001,133.58193969726562,6.956301689147949,-4.298779487609863,14.242395401000977,1,6.960893630981445,9.600000000000001,2.0
12,0,0.0,0.5,9.200000000000001,-1.4559197213779975,1.4000000000000001,1.4000000000000001,134.08193969726562,6.893313884735107,-4.298779487609863,14.15507984161377,1,6.8979058265686035,9.600000000000001,2.0
12,0,0.0,0.5,9.200000000000001,-1.4559197213779975,1.4000000000000001,1.4000000000000001,134.58193969726562,6.831971168518066,-4.298779487609863,14.069323539733887,1,6.8365631103515625,9.600000000000001,2.0
12,0,0.0,0.5,9.200000000000001,-1.4559197213779975,1.4000000000000001,1.4000000000000001,135.08193969726562,6.77222204208374,-4.298779487609863,13.98507308959961,1,6.776813983917236,9.600000000000001,2.0
12,0,0.0,0.5,9.200000000000001,-1.4559197213779975,1.4000000000000001,1.4000000000000001,135.58193969726562,6.714015007019043,-4.298779487609863,13.902275085449219,1,6.718606948852539,9.600000000000001,2.0
12,0,0.0,0.5,9.200000000000001,-1.4559197213779975,1.4000000000000001,1.4000000000000001,136.08193969726562,0.0,,,0,6.66189432144165,9.600000000000001,2.0
12,0,0.0,0.5,9.200000000000001,-1.4559197213779975,1.4000000000000001,1.4000000000000001,136.58193969726562,6.602038383483887,-4.298779487609863,13.740845680236816,1,6.606630325317383,9.600000000000001,2.0
12,0,0.0,0.5,9.200000000000001,-1.4559197213779975,1.4000000000000001,1.4000000000000001,137.08193969726562,6.548178672790527,-4.298779487609863,13.66211986541748,1,6.552770614624023,9.600000000000001,2.0
12,0,0.0,0.5,9.200000000000001,-1.4559197213779975,1.4000000000000001,1.4000000000000001,137.58193969726562,6.495680809020996,-4.298779487609863,13.584661483764648,1,6.500272750854492,9.600000000000001,2.0
12,0,0.0,0.5,9.200000000000001,-1.4559197213779975,1.4000000000000001,1.4000000000000001,138.08193969726562,6.444504737854004,-4.298779487609863,13.508429527282715,1,6.4490966796875,9.600000000000001,2.0
12,0,0.0,0.5,9.200000000000001,-1.4559197213779975,1.4000000000000001,1.4000000000000001,138.58193969726562,6.394611358642578,-4.298779487609863,13.433382034301758,1,6.399203300476074,9.600000000000001,2.0
12,0,0.0,0.5,9.200000000000001,-1.4559197213779975,1.4000000000000001,1.4000000000000001,139.08193969726562,6.345964431762695,-4.298779487609863,13.359480857849121,1,6.350556373596191,9.600000000000001,2.0
12,0,0.0,0.5,9.200000000000001,-1.4559197213779975,1.4000000000000001,1.4000000000000001,139.58193969726562,6.298527717590332,-4.298779487609863,13.286689758300781,1,6.303119659423828,9.600000000000001,2.0
12,0,0.0,0.5,9.200000000000001,-1.4559197213779975,1.4000000000000001,1.4000000000000001,140.08193969726562,2.9102113246917725,-1.7355462312698364,11.070404052734375,1,2.9148032665252686,9.600000000000001,2.0
12,0,0.0,0.5,9.200000000000001,-1.4559197213779975,1.4000000000000001,1.4000000000000001,140.58193969726562,2.941046953201294,-1.7756047248840332,11.070404052734375,1,2.94563889503479,9.600000000000001,2.0
12,0,0.0,0.5,9.200000000000001,-1.4559197213779975,1.4000000000000001,1.4000000000000001,141.08193969726562,2.972771167755127,-1.8165230751037598,11.070404052734375,1,2.977363109588623,9.600000000000001,2.0
12,0,0.0,0.5,9.200000000000001,-1.4559197213779975,1.4000000000000001,1.4000000000000001,141.58193969726562,3.005417585372925,-1.8583354949951172,11.070404052734375,1,3.010009527206421,9.600000000000001,2.0
12,0,0.0,0.5,9.200000000000001,-1.4559197213779975,1.4000000000000001,1.4000000000000001,142.08193969726562,3.039022445678711,-1.901078462600708,11.070404052734375,1,3.043614387512207,9.600000000000001,2.0
12,0,0.0,0.5,9.200000000000001,-1.4559197213779975,1.4000000000000001,1.4000000000000001,142.58193969726562,3.0736231803894043,-1.9447898864746094,11.070404052734375,1,3.0782151222229004,9.600000000000001,2.0
12,0,0.0,0.5,9.200000000000001,-1.4559197213779975,1.4000000000000001,1.4000000000000001,143.08193969726562,3.109259605407715,-1.9895100593566895,11.070404052734375,1,3.113851547241211,9.600000000000001,2.0
12,0,0.0,0.5,9.200000000000001,-1.4559197213779975,1.4000000000000001,1.4000000000000001,143.58193969726562,0.0,,,0,3.1505653858184814,9.600000000000001,2.0
12,0,0.0,0.5,9.200000000000001,-1.4559197213779975,1.4000000000000001,1.4000000000000001,144.08193969726562,3.1838090419769287,-2.082148313522339,11.070404052734375,1,3.188400983810425,9.600000000000001,2.0
12,0,0.0,0.5,9.200000000000001,-1.4559197213779975,1.4000000000000001,1.4000000000000001,144.58193969726562,3.222813367843628,-2.1301584243774414,11.070404052734375,1,3.227405309677124,9.600000000000001,2.0
12,0,0.0,0.5,9.200000000000001,-1.4559197213779975,1.4000000000000001,1.4000000000000001,145.08193969726562,0.0,,,0,3.267627477645874,9.600000000000001,2.0
12,0,0.0,0.5,9.200000000000001,-1.4559197213779975,1.4000000000000001,1.4000000000000001,145.58193969726562,3.30452823638916,-2.2298104763031006,11.070404052734375,1,3.3091201782226562,9.600000000000001,2.0
12,0,0.0,0.5,9.200000000000001,-1.4559197213779975,1.4000000000000001,1.4000000000000001,146.08193969726562,0.0,,,0,3.3519387245178223,9.600000000000001,2.0
12,0,0.0,0.5,9.200000000000001,-1.4559197213779975,1.4000000000000001,1.4000000000000001,146.58193969726562,3.391549825668335,-2.334672451019287,11.070404052734375,1,3.396141767501831,9.600000000000001,2.0
12,0,0.0,0.5,9.200000000000001,-1.4559197213779975,1.4000000000000001,1.4000000000000001,147.08193969726562,3.4372000694274902,-2.389207601547241,11.070404052734375,1,3.4417920112609863,9.600000000000001,2.0
12,0,0.0,0.5,9.200000000000001,-1.4559197213779975,1.4000000000000001,1.4000000000000001,147.58193969726562,3.484363555908203,-2.4452333450317383,11.070404052734375,1,3.488955497741699,9.600000000000001,2.0
12,0,0.0,0.5,9.200000000000001,-1.4559197213779975,1.4000000000000001,1.4000000000000001,148.08193969726562,3.5331106185913086,-2.5028202533721924,11.070404052734375,1,3.5377025604248047,9.600000000000001,2.0
12,0,0.0,0.5,9.200000000000001,-1.4559197213779975,1.4000000000000001,1.4000000000000001,148.58193969726562,3.5835163593292236,-2.5620434284210205,11.070404052734375,1,3.5881083011627197,9.600000000000001,2.0
12,0,0.0,0.5,9.200000000000001,-1.4559197213779975,1.4000000000000001,1.4000000000000001,149.08193969726562,3.6356606483459473,-2.622983694076538,11.070404052734375,1,3.6402525901794434,9.600000000000001,2.0
12,0,0.0,0.5,9.200000000000001,-1.4559197213779975,1.4000000000000001,1.4000000000000001,149.58193969726562,3.6896281242370605,-2.6857259273529053,11.070404052734375,1,3.6942200660705566,9.600000000000001,2.0
12,0,0.0,0.5,9.200000000000001,-1.4559197213779975,1.4000000000000001,1.4000000000000001,150.08193969726562,3.745509624481201,-2.750361680984497,11.070404052734375,1,3.7501015663146973,9.600000000000001,2.0
12,0,0.0,0.5,9.200000000000001,-1.4559197213779975,1.4000000000000001,1.4000000000000001,150.58193969726562,3.8034024238586426,-2.816987991333008,11.070404052734375,1,3.8079943656921387,9.600000000000001,2.0
12,0,0.0,0.5,9.200000000000001,-1.4559197213779975,1.4000000000000001,1.4000000000000001,151.08193969726562,3.8634097576141357,-2.885709047317505,11.070404052734375,1,3.868001699447632,9.600000000000001,2.0
12,0,0.0,0.5,9.200000000000001,-1.4559197213779975,1.4000000000000001,1.4000000000000001,151.58193969726562,3.925642490386963,-2.9566359519958496,11.070404052734375,1,3.930234432220459,9.600000000000001,2.0
12,0,0.0,0.5,9.200000000000001,-1.4559197213779975,1.4000000000000001,1.4000000000000001,152.08193969726562,3.990220069885254,-3.029888153076172,11.070404052734375,1,3.99481201171875,9.600000000000001,2.0
12,0,0.0,0.5,9.200000000000001,-1.4559197213779975,1.4000000000000001,1.4000000000000001,152.58193969726562,4.05726957321167,-3.1055939197540283,11.070404052734375,1,4.061861515045166,9.600000000000001,2.0
12,0,0.0,0.5,9.200000000000001,-1.4559197213779975,1.4000000000000001,1.4000000000000001,153.08193969726562,4.126928329467773,-3.1838901042938232,11.070404052734375,1,4.1315202713012695,9.600000000000001,2.0
12,0,0.0,0.5,9.200000000000001,-1.4559197213779975,1.4000000000000001,1.4000000000000001,153.58193969726562,4.199343204498291,-3.264925003051758,11.070404052734375,1,4.203935146331787,9.600000000000001,2.0
12,0,0.0,0.5,9.200000000000001,-1.4559197213779975,1.4000000000000001,1.4000000000000001,154.08193969726562,0.0,,,0,4.279266357421875,9.600000000000001,2.0
12,0,0.0,0.5,9.200000000000001,-1.4559197213779975,1.4000000000000001,1.4000000000000001,154.58193969726562,4.353091716766357,-3.4358603954315186,11.070404052734375,1,4.3576836585998535,9.600000000000001,2.0
12,0,0.0,0.5,9.200000000000001,-1.4559197213779975,1.4000000000000001,1.4000000000000001,155.08193969726562,4.434781551361084,-3.526118040084839,11.070404052734375,1,4.43937349319458,9.600000000000001,2.0
12,0,0.0,0.5,9.200000000000001,-1.4559197213779975,1.4000000000000001,1.4000000000000001,155.58193969726562,4.519943714141846,-3.6198315620422363,11.070404052734375,1,4.524535655975342,9.600000000000001,2.0
12,0,0.0,0.5,9.200000000000001,-1.4559197213779975,1.4000000000000001,1.4000000000000001,156.08193969726562,4.608795166015625,-3.7172183990478516,11.070404052734375,1,4.613387107849121,9.600000000000001,2.0
12,0,0.0,0.5,9.200000000000001,-1.4559197213779975,1.4000000000000001,1.4000000000000001,156.58193969726562,4.701571941375732,-3.818514585494995,11.070404052734375,1,4.7061638832092285,9.600000000000001,2.0
12,0,0.0,0.5,9.200000000000001,-1.4559197213779975,1.4000000000000001,1.4000000000000001,157.08193969726562,4.7381463050842285,-3.868359327316284,11.046889305114746,1,4.742738246917725,9.600000000000001,2.0
12,0,0.0,0.5,9.200000000000001,-1.4559197213779975,1.4000000000000001,1.4000000000000001,157.58193969726562,0.0,,,0,4.725483417510986,9.600000000000001,2.0
12,0,0.0,0.5,9.200000000000001,-1.4559197213779975,1.4000000000000001,1.4000000000000001,158.08193969726562,4.7041192054748535,-3.868359327316284,10.95766830444336,1,4.70871114730835,9.600000000000001,2.0
12,0,0.0,0.5,9.200000000000001,-1.4559197213779975,1.4000000000000001,1.4000000000000001,158.58193969726562,4.687821865081787,-3.868359327316284,10.913529396057129,1,4.692413806915283,9.600000000000001,2.0
12,0,0.0,0.5,9.200000000000001,-1.4559197213779975,1.4000000000000001,1.4000000000000001,159.08193969726562,4.67199182510376,-3.868359327316284,10.869691848754883,1,4.676583766937256,9.600000000000001,2.0
12,0,0.0,0.5,9.200000000000001,-1.4559197213779975,1.4000000000000001,1.4000000000000001,159.58193969726562,4.656621932983398,-3.868359327316284,10.82614517211914,1,4.6612138748168945,9.600000000000001,2.0
12,0,0.0,0.5,9.200000000000001,-1.4559197213779975,1.4000000000000001,1.4000000000000001,160.08193969726562,0.0,,,0,4.646296977996826,9.600000000000001,2.0
12,0,0.0,0.5,9.200000000000001,-1.4559197213779975,1.4000000000000001,1.4000000000000001,160.58193969726562,4.627235412597656,-3.868359327316284,10.739890098571777,1,4.631827354431152,9.600000000000001,2.0
12,0,0.0,0.5,9.200000000000001,-1.4559197213779975,1.4000000000000001,1.4000000000000001,161.08193969726562,0.0,,,0,4.6177978515625,9.600000000000001,2.0
12,0,0.0,0.5,9.200000000000001,-1.4559197213779975,1.4000000000000001,1.4000000000000001,161.58193969726562,4.599610805511475,-3.868359327316284,10.654688835144043,1,4.604202747344971,9.600000000000001,2.0
12,0,0.0,0.5,9.200000000000001,-1.4559197213779975,1.4000000000000001,1.4000000000000001,162.08193969726562,4.58644437789917,-3.868359327316284,10.612462043762207,1,4.591036319732666,9.600000000000001,2.0
12,0,0.0,0.5,9.200000000000001,-1.4559197213779975,1.4000000000000001,1.4000000000000001,162.58193969726562,4.573700428009033,-3.868359327316284,10.570472717285156,1,4.578292369842529,9.600000000000001,2.0
12,0,0.0,0.5,9.200000000000001,-1.4559197213779975,1.4000000000000001,1.4000000000000001,163.08193969726562,4.561373710632324,-3.868359327316284,10.52871322631836,1,4.56596565246582,9.600000000000001,2.0
12,0,0.0,0.5,9.200000000000001,-1.4559197213779975,1.4000000000000001,1.4000000000000001,163.58193969726562,4.549458980560303,-3.868359327316284,10.487174034118652,1,4.554050922393799,9.600000000000001,2.0
12,0,0.0,0.5,9.200000000000001,-1.4559197213779975,1.4000000000000001,1.4000000000000001,164.08193969726562,4.537951469421387,-3.868359327316284,10.44584846496582,1,4.542543411254883,9.600000000000001,2.0
12,0,0.0,0.5,9.200000000000001,-1.4559197213779975,1.4000000000000001,1.4000000000000001,164.58193969726562,0.0,,,0,4.53143835067749,9.600000000000001,2.0
12,0,0.0,0.5,9.200000000000001,-1.4559197213779975,1.4000000000000001,1.4000000000000001,165.08193969726562,4.516138553619385,-3.868359327316284,10.363804817199707,1,4.520730495452881,9.600000000000001,2.0
12,0,0.0,0.5,9.200000000000001,-1.4559197213779975,1.4000000000000001,1.4000000000000001,165.58193969726562,4.505824089050293,-3.868359327316284,10.323071479797363,1,4.510416030883789,9.600000000000001,2.0
12,0,0.0,0.5,9.200000000000001,-1.4559197213779975,1.4000000000000001,1.4000000000000001,166.08193969726562,4.495898723602295,-3.868359327316284,10.282520294189453,1,4.500490665435791,9.600000000000001,2.0
12,0,0.0,0.5,9.200000000000001,-1.4559197213779975,1.4000000000000001,1.4000000000000001,166.58193969726562,4.486357688903809,-3.868359327316284,10.242144584655762,1,4.490949630737305,9.600000000000001,2.0
12,0,0.0,0.5,9.200000000000001,-1.4559197213779975,1.4000000000000001,1.4000000000000001,167.08193969726562,4.477198123931885,-3.868359327316284,10.201936721801758,1,4.481790065765381,9.600000000000001,2.0
12,0,0.0,0.5,9.200000000000001,-1.4559197213779975,1.4000000000000001,1.4000000000000001,167.58193969726562,4.468415260314941,-3.868359327316284,10.16188907623291,1,4.4730072021484375,9.600000000000001,2.0
12,0,0.0,0.5,9.200000000000001,-1.4559197213779975,1.4000000000000001,1.4000000000000001,168.08193969726562,4.4600067138671875,-3.868359327316284,10.12199592590332,1,4.464598655700684,9.600000000000001,2.0
12,0,0.0,0.5,9.200000000000001,-1.4559197213779975,1.4000000000000001,1.4000000000000001,168.58193969726562,4.451968193054199,-3.868359327316284,10.08224868774414,1,4.456560134887695,9.600000000000001,2.0
12,0,0.0,0.5,9.200000000000001,-1.4559197213779975,1.4000000000000001,1.4000000000000001,169.08193969726562,4.444296360015869,-3.868359327316284,10.042640686035156,1,4.448888301849365,9.600000000000001,2.0
12,0,0.0,0.5,9.200000000000001,-1.4559197213779975,1.4000000000000001,1.4000000000000001,169.58193969726562,9.654644966125488,-9.0,10.946670532226562,1,9.659236907958984,9.600000000000001,2.0
12,0,0.0,0.5,9.200000000000001,-1.4559197213779975,1.4000000000000001,1.4000000000000001,170.08193969726562,9.639538764953613,-9.0,10.861100196838379,1,9.64413070678711,9.600000000000001,2.0
12,0,0.0,0.5,9.200000000000001,-1.4559197213779975,1.4000000000000001,1.4000000000000001,170.58193969726562,9.625211715698242,-9.0,10.77579116821289,1,9.629803657531738,9.600000000000001,2.0
12,0,0.0,0.5,9.200000000000001,-1.4559197213779975,1.4000000000000001,1.4000000000000001,171.08193969726562,9.611658096313477,-9.0,10.690727233886719,1,9.616250038146973,9.600000000000001,2.0
12,0,0.0,0.5,9.200000000000001,-1.4559197213779975,1.4000000000000001,1.4000000000000001,171.58193969726562,0.0,,,0,9.60346508026123,9.600000000000001,2.0
12,0,0.0,0.5,9.200000000000001,-1.4559197213779975,1.4000000000000001,1.4000000000000001,172.08193969726562,9.586852073669434,-9.0,10.521285057067871,1,9.59144401550293,9.600000000000001,2.0
12,0,0.0,0.5,9.200000000000001,-1.4559197213779975,1.4000000000000001,1.4000000000000001,172.58193969726562,9.575589179992676,-9.0,10.43687915802002,1,9.580181121826172,9.600000000000001,2.0
12,0,0.0,0.5,9.200000000000001,-1.4559197213779975,1.4000000000000001,1.4000000000000001,173.08193969726562,9.565080642700195,-9.0,10.35266399383545,1,9.569672584533691,9.600000000000001,2.0
12,0,0.0,0.5,9.200000000000001,-1.4559197213779975,1.4000000000000001,1.4000000000000001,173.58193969726562,9.555322647094727,-9.0,10.268627166748047,1,9.559914588928223,9.600000000000001,2.0
12,0,0.0,0.5,9.200000000000001,-1.4559197213779975,1.4000000000000001,1.4000000000000001,174.08193969726562,9.546310424804688,-9.0,10.184755325317383,1,9.550902366638184,9.600000000000001,2.0
12,0,0.0,0.5,9.200000000000001,-1.4559197213779975,1.4000000000000001,1.4000000000000001,174.58193969726562,9.538042068481445,-9.0,10.101035118103027,1,9.542634010314941,9.600000000000001,2.0
12,0,0.0,0.5,9.200000000000001,-1.4559197213779975,1.4000000000000001,1.4000000000000001,175.08193969726562,0.0,,,0,9.535104751586914,9.600000000000001,2.0
12,0,0.0,0.5,9.200000000000001,-1.4559197213779975,1.4000000000000001,1.4000000000000001,175.58193969726562,9.523720741271973,-9.0,9.933996200561523,1,9.528312683105469,9.600000000000001,2.0
12,0,0.0,0.5,9.200000000000001,-1.4559197213779975,1.4000000000000001,1.4000000000000001,176.08193969726562,9.517663955688477,-9.0,9.850652694702148,1,9.522255897521973,9.600000000000001,2.0
12,0,0.0,0.5,9.200000000000001,-1.4559197213779975,1.4000000000000001,1.4000000000000001,176.58193969726562,9.512337684631348,-9.0,9.76740837097168,1,9.516929626464844,9.600000000000001,2.0
12,0,0.0,0.5,9.200000000000001,-1.4559197213779975,1.4000000000000001,1.4000000000000001,177.08193969726562,4.369439125061035,-3.868359327316284,9.4226713180542,1,4.374031066894531,9.600000000000001,2.0
12,0,0.0,0.5,9.200000000000001,-1.4559197213779975,1.4000000000000001,1.4000000000000001,177.58193969726562,4.3676605224609375,-3.868359327316284,9.384467124938965,1,4.372252464294434,9.600000000000001,2.0
12,0,0.0,0.5,9.200000000000001,-1.4559197213779975,1.4000000000000001,1.4000000000000001,178.08193969726562,4.36621618270874,-3.868359327316284,9.346291542053223,1,4.370808124542236,9.600000000000001,2.0
12,0,0.0,0.5,9.200000000000001,-1.4559197213779975,1.4000000000000001,1.4000000000000001,178.58193969726562,4.365105628967285,-3.868359327316284,9.308137893676758,1,4.369697570800781,9.600000000000001,2.0
12,0,0.0,0.5,9.200000000000001,-1.4559197213779975,1.4000000000000001,1.4000000000000001,179.08193969726562,4.364328384399414,-3.868359327316284,9.270000457763672,1,4.36892032623291,9.600000000000001,2.0
12,0,0.0,0.5,9.200000000000001,-1.4559197213779975,1.4000000000000001,1.4000000000000001,179.58193969726562,4.363883972167969,-3.868359327316284,9.231874465942383,1,4.368475914001465,9.600000000000001,2.0
12,0,0.0,0.5,9.200000000000001,-1.4559197213779975,1.4000000000000001,1.4000000000000001,180.08193969726562,4.363771915435791,-3.868359327316284,9.19375228881836,1,4.368363857269287,9.600000000000001,2.0
12,0,0.0,0.5,9.200000000000001,-1.4559197213779975,1.4000000000000001,1.4000000000000001,180.58193969726562,0.0,,,0,4.368584632873535,9.600000000000001,2.0
12,0,0.0,0.5,9.200000000000001,-1.4559197213779975,1.4000000000000001,1.4000000000000001,181.08193969726562,4.364546298980713,-3.868359327316284,9.117500305175781,1,4.369138240814209,9.600000000000001,2.0
12,0,0.0,0.5,9.200000000000001,-1.4559197213779975,1.4000000000000001,1.4000000000000001,181.58193969726562,4.365433216094971,-3.868359327316284,9.079358100891113,1,4.370025157928467,9.600000000000001,2.0
12,0,0.0,0.5,9.200000000000001,-1.4559197213779975,1.4000000000000001,1.4000000000000001,182.08193969726562,4.366652965545654,-3.868359327316284,9.041197776794434,1,4.37124490737915,9.600000000000001,2.0
12,0,0.0,0.5,9.200000000000001,-1.4559197213779975,1.4000000000000001,1.4000000000000001,182.58193969726562,0.0,,,0,4.372798442840576,9.600000000000001,2.0
12,0,0.0,0.5,9.200000000000001,-1.4559197213779975,1.4000000000000001,1.4000000000000001,183.08193969726562,0.0,,,0,4.3746867179870605,9.600000000000001,2.0
12,0,0.0,0.5,9.200000000000001,-1.4559197213779975,1.4000000000000001,1.4000000000000001,183.58193969726562,4.372317790985107,-3.868359327316284,8.92654800415039,1,4.3769097328186035,9.600000000000001,2.0
12,0,0.0,0.5,9.200000000000001,-1.4559197213779975,1.4000000000000001,1.4000000000000001,184.08193969726562,4.374876976013184,-3.868359327316284,8.888256072998047,1,4.37946891784668,9.600000000000001,2.0
12,0,0.0,0.5,9.200000000000001,-1.4559197213779975,1.4000000000000001,1.4000000000000001,184.58193969726562,4.377773284912109,-3.868359327316284,8.849915504455566,1,4.3823652267456055,9.600000000000001,2.0
12,0,0.0,0.5,9.200000000000001,-1.4559197213779975,1.4000000000000001,1.4000000000000001,185.08193969726562,4.381007194519043,-3.868359327316284,8.811521530151367,1,4.385599136352539,9.600000000000001,2.0
12,0,0.0,0.5,9.200000000000001,-1.4559197213779975,1.4000000000000001,1.4000000000000001,185.58193969726562,4.384580612182617,-3.868359327316284,8.77306842803955,1,4.389172554016113,9.600000000000001,2.0
12,0,0.0,0.5,9.200000000000001,-1.4559197213779975,1.4000000000000001,1.4000000000000001,186.08193969726562,4.388494491577148,-3.868359327316284,8.734549522399902,1,4.3930864334106445,9.600000000000001,2.0
12,0,0.0,0.5,9.200000000000001,-1.4559197213779975,1.4000000000000001,1.4000000000000001,186.58193969726562,4.3927507400512695,-3.868359327316284,8.695958137512207,1,4.397342681884766,9.600000000000001,2.0
12,0,0.0,0.5,9.200000000000001,-1.4559197213779975,1.4000000000000001,1.4000000000000001,187.08193969726562,0.0,,,0,4.401942729949951,9.600000000000001,2.0
12,0,0.0,0.5,9.200000000000001,-1.4559197213779975,1.4000000000000001,1.4000000000000001,187.58193969726562,0.0,,,0,4.406888008117676,9.600000000000001,2.0
12,0,0.0,0.5,9.200000000000001,-1.4559197213779975,1.4000000000000001,1.4000000000000001,188.08193969726562,4.407589435577393,-3.868359327316284,8.579694747924805,1,4.412181377410889,9.600000000000001,2.0
12,0,0.0,0.5,9.200000000000001,-1.4559197213779975,1.4000000000000001,1.4000000000000001,188.58193969726562,4.41323184967041,-3.868359327316284,8.540755271911621,1,4.417823791503906,9.600000000000001,2.0
12,0,0.0,0.5,9.200000000000001,-1.4559197213779975,1.4000000000000001,1.4000000000000001,189.08193969726562,0.0,,,0,4.423818111419678,9.600000000000001,2.0
12,0,0.0,0.5,9.200000000000001,-1.4559197213779975,1.4000000000000001,1.4000000000000001,189.58193969726562,4.425574779510498,-3.868359327316284,8.462563514709473,1,4.430166721343994,9.600000000000001,2.0
12,0,0.0,0.5,9.200000000000001,-1.4559197213779975,1.4000000000000001,1.4000000000000001,190.08193969726562,4.43228006362915,-3.868359327316284,8.423296928405762,1,4.4368720054626465,9.600000000000001,2.0
12,0,0.0,0.5,9.200000000000001,-1.4559197213779975,1.4000000000000001,1.4000000000000001,190.58193969726562,4.351719856262207,-3.7822248935699463,8.399999618530273,1,4.356311798095703,9.600000000000001,2.0
12,0,0.0,0.5,9.200000000000001,-1.4559197213779975,1.4000000000000001,1.4000000000000001,191.08193969726562,4.157463550567627,-3.584446668624878,8.399999618530273,1,4.162055492401123,9.600000000000001,2.0
12,0,0.0,0.5,9.200000000000001,-1.4559197213779975,1.4000000000000001,1.4000000000000001,191.58193969726562,3.9800825119018555,-3.403540849685669,8.399999618530273,1,3.9846744537353516,9.600000000000001,2.0
12,0,0.0,0.5,9.200000000000001,-1.4559197213779975,1.4000000000000001,1.4000000000000001,192.08193969726562,3.8174822330474854,-3.237412452697754,8.399999618530273,1,3.8220741748809814,9.600000000000001,2.0
12,0,0.0,0.5,9.200000000000001,-1.4559197213779975,1.4000000000000001,1.4000000000000001,192.58193969726562,0.0,,,0,3.672492742538452,9.600000000000001,2.0
12,0,0.0,0.5,9.200000000000001,-1.4559197213779975,1.4000000000000001,1.4000000000000001,193.08193969726562,3.5298454761505127,-2.94270920753479,8.399999618530273,1,3.534437417984009,9.600000000000001,2.0
12,0,0.0,0.5,9.200000000000001,-1.4559197213779975,1.4000000000000001,1.4000000000000001,193.58193969726562,3.402043581008911,-2.811368942260742,8.399999618530273,1,3.4066355228424072,9.600000000000001,2.0
12,0,0.0,0.5,9.200000000000001,-1.4559197213779975,1.4000000000000001,1.4000000000000001,194.08193969726562,0.0,,,0,3.2879951000213623,9.600000000000001,2.0
12,0,0.0,0.5,9.200000000000001,-1.4559197213779975,1.4000000000000001,1.4000000000000001,194.58193969726562,3.1729819774627686,-2.5752198696136475,8.399999618530273,1,3.1775739192962646,9.600000000000001,2.0
12,0,0.0,0.5,9.200000000000001,-1.4559197213779975,1.4000000000000001,1.4000000000000001,195.08193969726562,3.069963216781616,-2.468651056289673,8.399999618530273,1,3.0745551586151123,9.600000000000001,2.0
12,0,0.0,0.5,9.200000000000001,-1.4559197213779975,1.4000000000000001,1.4000000000000001,195.58193969726562,2.9736340045928955,-2.3687679767608643,8.399999618530273,1,2.9782259464263916,9.600000000000001,2.0
12,0,0.0,0.5,9.200000000000001,-1.4559197213779975,1.4000000000000001,1.4000000000000001,196.08193969726562,2.883370876312256,-2.274946689605713,8.399999618530273,1,2.887962818145752,9.600000000000001,2.0
12,0,0.0,0.5,9.200000000000001,-1.4559197213779975,1.4000000000000001,1.4000000000000001,196.58193969726562,2.7986254692077637,-2.186638593673706,8.399999618530273,1,2.8032174110412598,9.600000000000001,2.0
12,0,0.0,0.5,9.200000000000001,-1.4559197213779975,1.4000000000000001,1.4000000000000001,197.08193969726562,2.7189133167266846,-2.1033594608306885,8.399999618530273,1,2.7235052585601807,9.600000000000001,2.0
12,0,0.0,0.5,9.200000000000001,-1.4559197213779975,1.4000000000000001,1.4000000000000001,197.58193969726562,2.6438052654266357,-2.024679660797119,8.399999618530273,1,2.648397207260132,9.600000000000001,2.0
12,0,0.0,0.5,9.200000000000001,-1.4559197213779975,1.4000000000000001,1.4000000000000001,198.08193969726562,2.5729196071624756,-1.9502174854278564,8.399999618530273,1,2.5775115489959717,9.600000000000001,2.0
12,0,0.0,0.5,9.200000000000001,-1.4559197213779975,1.4000000000000001,1.4000000000000001,198.58193969726562,2.505915880203247,-1.8796322345733643,8.399999618530273,1,2.510507822036743,9.600000000000001,2.0
12,0,0.0,0.5,9.200000000000001,-1.4559197213779975,1.4000000000000001,1.4000000000000001,199.08193969726562,2.4424891471862793,-1.8126188516616821,8.399999618530273,1,2.4470810890197754,9.600000000000001,2.0
12,0,0.0,0.5,9.200000000000001,-1.4559197213779975,1.4000000000000001,1.4000000000000001,199.58193969726562,2.3823654651641846,-1.7489032745361328,8.399999618530273,1,2.3869574069976807,9.600000000000001,2.0
12,0,0.0,0.5,9.200000000000001,-1.4559197213779975,1.4000000000000001,1.4000000000000001,200.08193969726562,2.32529878616333,-1.6882392168045044,8.399999618530273,1,2.329890727996826,9.600000000000001,2.0
12,0,0.0,0.5,9.200000000000001,-1.4559197213779975,1.4000000000000001,1.4000000000000001,200.58193969726562,2.271066188812256,-1.6304036378860474,8.399999618530273,1,2.275658130645752,9.600000000000001,2.0
12,0,0.0,0.5,9.200000000000001,-1.4559197213779975,1.4000000000000001,1.4000000000000001,201.08193969726562,2.2194664478302,-1.5751953125,8.399999618530273,1,2.2240583896636963,9.600000000000001,2.0
12,0,0.0,0.5,9.200000000000001,-1.4559197213779975,1.4000000000000001,1.4000000000000001,201.58193969726562,2.170316696166992,-1.5224311351776123,8.399999618530273,1,2.1749086380004883,9.600000000000001,2.0
12,0,0.0,0.5,9.200000000000001,-1.4559197213779975,1.4000000000000001,1.4000000000000001,202.08193969726562,2.123450994491577,-1.471944808959961,8.399999618530273,1,2.1280429363250732,9.600000000000001,2.0
12,0,0.0,0.5,9.200000000000001,-1.4559197213779975,1.4000000000000001,1.4000000000000001,202.58193969726562,2.0787177085876465,-1.4235849380493164,8.399999618530273,1,2.0833096504211426,9.600000000000001,2.0
12,0,0.0,0.5,9.200000000000001,-1.4559197213779975,1.4000000000000001,1.4000000000000001,203.08193969726562,2.0359785556793213,-1.3772127628326416,8.399999618530273,1,2.0405704975128174,9.600000000000001,2.0
12,0,0.0,0.5,9.200000000000001,-1.4559197213779975,1.4000000000000001,1.4000000000000001,203.58193969726562,1.9951069355010986,-1.3327016830444336,8.399999618530273,1,1.9996988773345947,9.600000000000001,2.0
12,0,0.0,0.5,9.200000000000001,-1.4559197213779975,1.4000000000000001,1.4000000000000001,204.08193969726562,1.955986738204956,-1.2899354696273804,8.399999618530273,1,1.9605786800384521,9.600000000000001,2.0
12,0,0.0,0.5,9.200000000000001,-1.4559197213779975,1.4000000000000001,1.4000000000000001,204.58193969726562,1.9185116291046143,-1.2488073110580444,8.399999618530273,1,1.9231035709381104,9.600000000000001,2.0
12,0,0.0,0.5,9.200000000000001,-1.4559197213779975,1.4000000000000001,1.4000000000000001,205.08193969726562,1.8825831413269043,-1.2092190980911255,8.399999618530273,1,1.8871750831604004,9.600000000000001,2.0
12,0,0.0,0.5,9.200000000000001,-1.4559197213779975,1.4000000000000001,1.4000000000000001,205.58193969726562,0.0,,,0,1.8527029752731323,9.600000000000001,2.0
12,0,0.0,0.5,9.200000000000001,-1.4559197213779975,1.4000000000000001,1.4000000000000001,206.08193969726562,0.0,,,0,1.8196038007736206,9.600000000000001,2.0
12,0,0.0,0.5,9.200000000000001,-1.4559197213779975,1.4000000000000001,1.4000000000000001,206.58193969726562,0.0,,,0,1.7878001928329468,9.600000000000001,2.0
12,0,0.0,0.5,9.200000000000001,-1.4559197213779975,1.4000000000000001,1.4000000000000001,207.08193969726562,1.7526289224624634,-1.064552664756775,8.399999618530273,1,1.7572208642959595,9.600000000000001,2.0
12,0,0.0,0.5,9.200000000000001,-1.4559197213779975,1.4000000000000001,1.4000000000000001,207.58193969726562,1.7232073545455933,-1.0314340591430664,8.399999618530273,1,1.7277992963790894,9.600000000000001,2.0
12,0,0.0,0.5,9.200000000000001,-1.4559197213779975,1.4000000000000001,1.4000000000000001,208.08193969726562,1.6948820352554321,-0.9994038939476013,8.399999618530273,1,1.6994739770889282,9.600000000000001,2.0
12,0,0.0,0.5,9.200000000000001,-1.4559197213779975,1.4000000000000001,1.4000000000000001,208.58193969726562,1.6675958633422852,-0.9684045910835266,8.399999618530273,1,1.6721878051757812,9.600000000000001,2.0
12,0,0.0,0.5,9.200000000000001,-1.4559197213779975,1.4000000000000001,1.4000000000000001,209.08193969726562,1.641295313835144,-0.9383828043937683,8.399999618530273,1,1.6458872556686401,9.600000000000001,2.0
12,0,0.0,0.5,9.200000000000001,-1.4559197213779975,1.4000000000000001,1.4000000000000001,209.58193969726562,1.6159309148788452,-0.9092885255813599,8.399999618530273,1,1.6205228567123413,9.600000000000001,2.0
12,0,0.0,0.5,9.200000000000001,-1.4559197213779975,1.4000000000000001,1.4000000000000001,210.08193969726562,1.5914559364318848,-0.8810753226280212,8.399999618530273,1,1.5960478782653809,9.600000000000001,2.0
12,0,0.0,0.5,9.200000000000001,-1.4559197213779975,1.4000000000000001,1.4000000000000001,210.58193969726562,0.0,,,0,1.572419285774231,9.600000000000001,2.0
12,0,0.0,0.5,9.200000000000001,-1.4559197213779975,1.4000000000000001,1.4000000000000001,211.08193969726562,1.5450043678283691,-0.8271205425262451,8.399999618530273,1,1.5495963096618652,9.600000000000001,2.0
12,0,0.0,0.5,9.200000000000001,-1.4559197213779975,1.4000000000000001,1.4000000000000001,211.58193969726562,1.52294921875,-0.8013001084327698,8.399999618530273,1,1.527541160583496,9.600000000000001,2.0
12,0,0.0,0.5,9.200000000000001,-1.4559197213779975,1.4000000000000001,1.4000000000000001,212.08193969726562,0.0,,,0,1.5062180757522583,9.600000000000001,2.0
12,0,0.0,0.5,9.200000000000001,-1.4559197213779975,1.4000000000000001,1.4000000000000001,212.58193969726562,1.481001615524292,-0.7517940402030945,8.399999618530273,1,1.485593557357788,9.600000000000001,2.0
12,0,0.0,0.5,9.200000000000001,-1.4559197213779975,1.4000000000000001,1.4000000000000001,213.08193969726562,1.4610445499420166,-0.728043258190155,8.399999618530273,1,1.4656364917755127,9.600000000000001,2.0
12,0,0.0,0.5,9.200000000000001,-1.4559197213779975,1.4000000000000001,1.4000000000000001,213.58193969726562,1.4417251348495483,-0.7049204111099243,8.399999618530273,1,1.4463170766830444,9.600000000000001,2.0
12,0,0.0,0.5,9.200000000000001,-1.4559197213779975,1.4000000000000001,1.4000000000000001,214.08193969726562,1.423015832901001,-0.6823974847793579,8.399999618530273,1,1.427607774734497,9.600000000000001,2.0
12,0,0.0,0.5,9.200000000000001,-1.4559197213779975,1.4000000000000001,1.4000000000000001,214.58193969726562,1.4048902988433838,-0.6604481935501099,8.399999618530273,1,1.4094822406768799,9.600000000000001,2.0
12,0,0.0,0.5,9.200000000000001,-1.4559197213779975,1.4000000000000001,1.4000000000000001,215.08193969726562,1.3873238563537598,-0.6390476822853088,8.399999618530273,1,1.3919157981872559,9.600000000000001,2.0
12,0,0.0,0.5,9.200000000000001,-1.4559197213779975,1.4000000000000001,1.4000000000000001,215.58193969726562,1.370293378829956,-0.6181724667549133,8.399999618530273,1,1.3748853206634521,9.600000000000001,2.0
12,0,0.0,0.5,9.200000000000001,-1.4559197213779975,1.4000000000000001,1.4000000000000001,216.08193969726562,1.3537768125534058,-0.5978003144264221,8.399999618530273,1,1.3583687543869019,9.600000000000001,2.0
12,0,0.0,0.5,9.200000000000001,-1.4559197213779975,1.4000000000000001,1.4000000000000001,216.58193969726562,1.3377532958984375,-0.5779103636741638,8.399999618530273,1,1.3423452377319336,9.600000000000001,2.0
12,0,0.0,0.5,9.200000000000001,-1.4559197213779975,1.4000000000000001,1.4000000000000001,217.08193969726562,1.3222033977508545,-0.5584827661514282,8.399999618530273,1,1.3267953395843506,9.600000000000001,2.0
12,0,0.0,0.5,9.200000000000001,-1.4559197213779975,1.4000000000000001,1.4000000000000001,217.58193969726562,1.3071082830429077,-0.5394986271858215,8.399999618530273,1,1.3117002248764038,9.600000000000001,2.0
12,0,0.0,0.5,9.200000000000001,-1.4559197213779975,1.4000000000000001,1.4000000000000001,218.08193969726562,1.2924504280090332,-0.5209402441978455,8.399999618530273,1,1.2970423698425293,9.600000000000001,2.0
12,0,0.0,0.5,9.200000000000001,-1.4559197213779975,1.4000000000000001,1.4000000000000001,218.58193969726562,1.2782132625579834,-0.502790629863739,8.399999618530273,1,1.2828052043914795,9.600000000000001,2.0
12,0,0.0,0.5,9.200000000000001,-1.4559197213779975,1.4000000000000001,1.4000000000000001,219.08193969726562,1.264380693435669,-0.4850338399410248,8.399999618530273,1,1.268972635269165,9.600000000000001,2.0
12,0,0.0,0.5,9.200000000000001,-1.4559197213779975,1.4000000000000001,1.4000000000000001,219.58193969726562,1.2509379386901855,-0.46765458583831787,8.399999618530273,1,1.2555298805236816,9.600000000000001,2.0
12,0,0.0,0.5,9.200000000000001,-1.4559197213779975,1.4000000000000001,1.4000000000000001,220.08193969726562,1.237870693206787,-0.45063838362693787,8.399999618530273,1,1.2424626350402832,9.600000000000001,2.0
12,0,0.0,0.5,9.200000000000001,-1.4559197213779975,1.4000000000000001,1.4000000000000001,220.58193969726562,1.2251652479171753,-0.43397149443626404,8.399999618530273,1,1.2297571897506714,9.600000000000001,2.0
12,0,0.0,0.5,9.200000000000001,-1.4559197213779975,1.4000000000000001,1.4000000000000001,221.08193969726562,0.0,,,0,1.2174007892608643,9.600000000000001,2.0
12,0,0.0,0.5,9.200000000000001,-1.4559197213779975,1.4000000000000001,1.4000000000000001,221.58193969726562,1.2007890939712524,-0.4016337990760803,8.399999618530273,1,1.2053810358047485,9.600000000000001,2.0
12,0,0.0,0.5,9.200000000000001,-1.4559197213779975,1.4000000000000001,1.4000000000000001,222.08193969726562,1.1890944242477417,-0.3859386146068573,8.399999618530273,1,1.1936863660812378,9.600000000000001,2.0
12,0,0.0,0.5,9.200000000000001,-1.4559197213779975,1.4000000000000001,1.4000000000000001,222.58193969726562,1.1777137517929077,-0.370543897151947,8.399999618530273,1,1.1823056936264038,9.600000000000001,2.0
12,0,0.0,0.5,9.200000000000001,-1.4559197213779975,1.4000000000000001,1.4000000000000001,223.08193969726562,1.1666362285614014,-0.35543879866600037,8.399999618530273,1,1.1712281703948975,9.600000000000001,2.0
12,0,0.0,0.5,9.200000000000001,-1.4559197213779975,1.4000000000000001,1.4000000000000001,223.58193969726562,1.1558520793914795,-0.3406130373477936,8.399999618530273,1,1.1604440212249756,9.600000000000001,2.0
12,0,0.0,0.5,9.200000000000001,-1.4559197213779975,1.4000000000000001,1.4000000000000001,224.08193969726562,1.1453514099121094,-0.32605668902397156,8.399999618530273,1,1.1499433517456055,9.600000000000001,2.0
12,0,0.0,0.5,9.200000000000001,-1.4559197213779975,1.4000000000000001,1.4000000000000001,224.58193969726562,1.1351250410079956,-0.3117603361606598,8.399999618530273,1,1.1397169828414917,9.600000000000001,2.0
12,0,0.0,0.5,9.200000000000001,-1.4559197213779975,1.4000000000000001,1.4000000000000001,225.08193969726562,0.0,,,0,1.129756212234497,9.600000000000001,2.0
12,0,0.0,0.5,9.200000000000001,-1.4559197213779975,1.4000000000000001,1.4000000000000001,225.58193969726562,1.1154606342315674,-0.28391188383102417,8.399999618530273,1,1.1200525760650635,9.600000000000001,2.0
12,0,0.0,0.5,9.200000000000001,-1.4559197213779975,1.4000000000000001,1.4000000000000001,226.08193969726562,1.106006145477295,-0.2703429162502289,8.399999618530273,1,1.110598087310791,9.600000000000001,2.0
12,0,0.0,0.5,9.200000000000001,-1.4559197213779975,1.4000000000000001,1.4000000000000001,226.58193969726562,1.0967931747436523,-0.2570000886917114,8.399999618530273,1,1.1013851165771484,9.600000000000001,2.0
12,0,0.0,0.5,9.200000000000001,-1.4559197213779975,1.4000000000000001,1.4000000000000001,227.08193969726562,1.087814211845398,-0.24387580156326294,8.399999618530273,1,1.092406153678894,9.600000000000001,2.0
12,0,0.0,0.5,9.200000000000001,-1.4559197213779975,1.4000000000000001,1.4000000000000001,227.58193969726562,1.0790623426437378,-0.2309628129005432,8.399999618530273,1,1.0836542844772339,9.600000000000001,2.0
12,0,0.0,0.5,9.200000000000001,-1.4559197213779975,1.4000000000000001,1.4000000000000001,228.08193969726562,1.070530891418457,-0.21825413405895233,8.399999618530273,1,1.0751228332519531,9.600000000000001,2.0
12,0,0.0,0.5,9.200000000000001,-1.4559197213779975,1.4000000000000001,1.4000000000000001,228.58193969726562,1.0622131824493408,-0.20574304461479187,8.399999618530273,1,1.066805124282837,9.600000000000001,2.0
12,0,0.0,0.5,9.200000000000001,-1.4559197213779975,1.4000000000000001,1.4000000000000001,229.08193969726562,1.0541032552719116,-0.19342312216758728,8.399999618530273,1,1.0586951971054077,9.600000000000001,2.0
12,0,0.0,0.5,9.200000000000001,-1.4559197213779975,1.4000000000000001,1.4000000000000001,229.58193969726562,1.046195149421692,-0.18128818273544312,8.399999618530273,1,1.050787091255188,9.600000000000001,2.0
12,0,0.0,0.5,9.200000000000001,-1.4559197213779975,1.4000000000000001,1.4000000000000001,230.08193969726562,1.0384831428527832,-0.16933228075504303,8.399999618530273,1,1.0430750846862793,9.600000000000001,2.0
12,0,0.0,0.5,9.200000000000001,-1.4559197213779975,1.4000000000000001,1.4000000000000001,230.58193969726562,1.0309618711471558,-0.15754970908164978,8.399999618530273,1,1.0355538129806519,9.600000000000001,2.0
12,0,0.0,0.5,9.200000000000001,-1.4559197213779975,1.4000000000000001,1.4000000000000001,231.08193969726562,1.0236259698867798,-0.14593496918678284,8.399999618530273,1,1.0282179117202759,9.600000000000001,2.0
12,0,0.0,0.5,9.200000000000001,-1.4559197213779975,1.4000000000000001,1.4000000000000001,231.58193969726562,1.0164704322814941,-0.1344827562570572,8.399999618530273,1,1.0210623741149902,9.600000000000001,2.0
12,0,0.0,0.5,9.200000000000001,-1.4559197213779975,1.4000000000000001,1.4000000000000001,232.08193969726562,1.0094904899597168,-0.12318798899650574,8.399999618530273,1,1.014082431793213,9.600000000000001,2.0
12,0,0.0,0.5,9.200000000000001,-1.4559197213779975,1.4000000000000001,1.4000000000000001,232.58193969726562,1.0026816129684448,-0.11204574257135391,8.399999618530273,1,1.007273554801941,9.600000000000001,2.0
12,0,0.0,0.5,9.200000000000001,-1.4559197213779975,1.4000000000000001,1.4000000000000001,233.08193969726562,0.9960391521453857,-0.10105130076408386,8.399999618530273,1,1.0006310939788818,9.600000000000001,2.0
12,0,0.0,0.5,9.200000000000001,-1.4559197213779975,1.4000000000000001,1.4000000000000001,233.58193969726562,0.9895590543746948,-0.09020008891820908,8.399999618530273,1,0.9941509962081909,9.600000000000001,2.0
12,0,0.0,0.5,9.200000000000001,-1.4559197213779975,1.4000000000000001,1.4000000000000001,234.08193969726562,0.9832369685173035,-0.07948771119117737,8.399999618530273,1,0.9878289103507996,9.600000000000001,2.0
12,0,0.0,0.5,9.200000000000001,-1.4559197213779975,1.4000000000000001,1.4000000000000001,234.58193969726562,0.9770691394805908,-0.0689099133014679,8.399999618530273,1,0.9816610813140869,9.600000000000001,2.0
12,0,0.0,0.5,9.200000000000001,-1.4559197213779975,1.4000000000000001,1.4000000000000001,235.08193969726562,0.9710516929626465,-0.05846260115504265,8.399999618530273,1,0.9756436347961426,9.600000000000001,2.0
12,0,0.0,0.5,9.200000000000001,-1.4559197213779975,1.4000000000000001,1.4000000000000001,235.58193969726562,0.9651809334754944,-0.048141803592443466,8.399999618530273,1,0.9697728753089905,9.600000000000001,2.0
12,0,0.0,0.5,9.200000000000001,-1.4559197213779975,1.4000000000000001,1.4000000000000001,236.08193969726562,0.9594534039497375,-0.037943702191114426,8.399999618530273,1,0.9640453457832336,9.600000000000001,2.0
12,0,0.0,0.5,9.200000000000001,-1.4559197213779975,1.4000000000000001,1.4000000000000001,236.58193969726562,0.9538657069206238,-0.027864592149853706,8.399999618530273,1,0.9584576487541199,9.600000000000001,2.0
12,0,0.0,0.5,9.200000000000001,-1.4559197213779975,1.4000000000000001,1.4000000000000001,237.08193969726562,0.9484145045280457,-0.017900891602039337,8.399999618530273,1,0.9530064463615417,9.600000000000001,2.0
12,0,0.0,0.5,9.200000000000001,-1.4559197213779975,1.4000000000000001,1.4000000000000001,237.58193969726562,0.0,,,0,0.9476887583732605,9.600000000000001,2.0
12,0,0.0,0.5,9.200000000000001,-1.4559197213779975,1.4000000000000001,1.4000000000000001,238.08193969726562,0.9379094243049622,0.001694014179520309,8.399999618530273,1,0.9425013661384583,9.600000000000001,2.0
12,0,0.0,0.5,9.200000000000001,-1.4559197213779975,1.4000000000000001,1.4000000000000001,238.58193969726562,0.9328495860099792,0.011331817135214806,8.399999618530273,1,0.9374415278434753,9.600000000000001,2.0
12,0,0.0,0.5,9.200000000000001,-1.4559197213779975,1.4000000000000001,1.4000000000000001,239.08193969726562,0.9279143810272217,0.02086741290986538,8.399999618530273,1,0.9325063228607178,9.600000000000001,2.0
12,0,0.0,0.5,9.200000000000001,-1.4559197213779975,1.4000000000000001,1.4000000000000001,239.58193969726562,0.9231011271476746,0.030303848907351494,8.399999618530273,1,0.9276930689811707,9.600000000000001,2.0
12,0,0.0,0.5,9.200000000000001,-1.4559197213779975,1.4000000000000001,1.4000000000000001,240.08193969726562,0.9184072613716125,0.03964407742023468,8.399999618530273,1,0.9229992032051086,9.600000000000001,2.0
12,0,0.0,0.5,9.200000000000001,-1.4559197213779975,1.4000000000000001,1.4000000000000001,240.58193969726562,0.9138302803039551,0.048890966922044754,8.399999618530273,1,0.9184222221374512,9.600000000000001,2.0
12,0,0.0,0.5,9.200000000000001,-1.4559197213779975,1.4000000000000001,1.4000000000000001,241.08193969726562,0.9093676805496216,0.05804729089140892,8.399999618530273,1,0.9139596223831177,9.600000000000001,2.0
12,0,0.0,0.5,9.200000000000001,-1.4559197213779975,1.4000000000000001,1.4000000000000001,241.58193969726562,0.0,,,0,0.9096091389656067,9.600000000000001,2.0
12,0,0.0,0.5,9.200000000000001,-1.4559197213779975,1.4000000000000001,1.4000000000000001,242.08193969726562,0.9007765054702759,0.0760989785194397,8.399999618530273,1,0.905368447303772,9.600000000000001,2.0
12,0,0.0,0.5,9.200000000000001,-1.4559197213779975,1.4000000000000001,1.4000000000000001,242.58193969726562,0.8966435790061951,0.08499950170516968,8.399999618530273,1,0.9012355208396912,9.600000000000001,2.0
12,0,0.0,0.5,9.200000000000001,-1.4559197213779975,1.4000000000000001,1.4000000000000001,243.08193969726562,0.0,,,0,0.8972080945968628,9.600000000000001,2.0
12,0,0.0,0.5,9.200000000000001,-1.4559197213779975,1.4000000000000001,1.4000000000000001,243.58193969726562,0.888692319393158,0.10256227850914001,8.399999618530273,1,0.893284261226654,9.600000000000001,2.0
12,0,0.0,0.5,9.200000000000001,-1.4559197213779975,1.4000000000000001,1.4000000000000001,244.08193969726562,0.8848700523376465,0.11122928559780121,8.399999618530273,1,0.8894619941711426,9.600000000000001,2.0
12,0,0.0,0.5,9.200000000000001,-1.4559197213779975,1.4000000000000001,1.4000000000000001,244.58193969726562,0.881147563457489,0.11982308328151703,8.399999618530273,1,0.8857395052909851,9.600000000000001,2.0
12,0,0.0,0.5,9.200000000000001,-1.4559197213779975,1.4000000000000001,1.4000000000000001,245.08193969726562,0.8775230050086975,0.12834590673446655,8.399999618530273,1,0.8821149468421936,9.600000000000001,2.0
12,0,0.0,0.5,9.200000000000001,-1.4559197213779975,1.4000000000000001,1.4000000000000001,245.58193969726562,0.0,,,0,0.8785865306854248,9.600000000000001,2.0
12,0,0.0,0.5,9.200000000000001,-1.4559197213779975,1.4000000000000001,1.4000000000000001,246.08193969726562,0.8705607056617737,0.1451871544122696,8.399999618530273,1,0.8751526474952698,9.600000000000001,2.0
12,0,0.0,0.5,9.200000000000001,-1.4559197213779975,1.4000000000000001,1.4000000000000001,246.58193969726562,0.8672196865081787,0.1535097360610962,8.399999618530273,1,0.8718116283416748,9.600000000000001,2.0
12,0,0.0,0.5,9.200000000000001,-1.4559197213779975,1.4000000000000001,1.4000000000000001,247.08193969726562,0.8639699816703796,0.16176964342594147,8.399999618530273,1,0.8685619235038757,9.600000000000001,2.0
12,0,0.0,0.5,9.200000000000001,-1.4559197213779975,1.4000000000000001,1.4000000000000001,247.58193969726562,0.8608100414276123,0.16996882855892181,8.399999618530273,1,0.8654019832611084,9.600000000000001,2.0
12,0,0.0,0.5,9.200000000000001,-1.4559197213779975,1.4000000000000001,1.4000000000000001,248.08193969726562,0.8577384352684021,0.17810918390750885,8.399999618530273,1,0.8623303771018982,9.600000000000001,2.0
12,0,0.0,0.5,9.200000000000001,-1.4559197213779975,1.4000000000000001,1.4000000000000001,248.58193969726562,0.8547537922859192,0.1861925721168518,8.399999618530273,1,0.8593457341194153,9.600000000000001,2.0
12,0,0.0,0.5,9.200000000000001,-1.4559197213779975,1.4000000000000001,1.4000000000000001,249.08193969726562,0.8518547415733337,0.19422081112861633,8.399999618530273,1,0.8564466834068298,9.600000000000001,2.0
12,0,0.0,0.5,9.200000000000001,-1.4559197213779975,1.4000000000000001,1.4000000000000001,249.58193969726562,0.8490399718284607,0.2021956592798233,8.399999618530273,1,0.8536319136619568,9.600000000000001,2.0
12,0,0.0,0.5,9.200000000000001,-1.4559197213779975,1.4000000000000001,1.4000000000000001,250.08193969726562,0.8463082313537598,0.2101188749074936,8.399999618530273,1,0.8509001731872559,9.600000000000001,2.0
12,0,0.0,0.5,9.200000000000001,-1.4559197213779975,1.4000000000000001,1.4000000000000001,250.58193969726562,0.8436582684516907,0.2179921269416809,8.399999618530273,1,0.8482502102851868,9.600000000000001,2.0
12,0,0.0,0.5,9.200000000000001,-1.4559197213779975,1.4000000000000001,1.4000000000000001,251.08193969726562,0.0,,,0,0.8456809520721436,9.600000000000001,2.0
12,0,0.0,0.5,9.200000000000001,-1.4559197213779975,1.4000000000000001,1.4000000000000001,251.58193969726562,0.8385992646217346,0.23359540104866028,8.399999618530273,1,0.8431912064552307,9.600000000000001,2.0
12,0,0.0,0.5,9.200000000000001,-1.4559197213779975,1.4000000000000001,1.4000000000000001,252.08193969726562,0.0,,,0,0.8407799005508423,9.600000000000001,2.0
12,0,0.0,0.5,9.200000000000001,-1.4559197213779975,1.4000000000000001,1.4000000000000001,252.58193969726562,0.0,,,0,0.8384460806846619,9.600000000000001,2.0
12,0,0.0,0.5,9.200000000000001,-1.4559197213779975,1.4000000000000001,1.4000000000000001,253.08193969726562,0.8315966725349426,0.25666600465774536,8.399999618530273,1,0.8361886143684387,9.600000000000001,2.0
12,0,0.0,0.5,9.200000000000001,-1.4559197213779975,1.4000000000000001,1.4000000000000001,253.58193969726562,0.8294147253036499,0.2642732262611389,8.399999618530273,1,0.834006667137146,9.600000000000001,2.0
12,0,0.0,0.5,9.200000000000001,-1.4559197213779975,1.4000000000000001,1.4000000000000001,254.08193969726562,0.8273072838783264,0.271841436624527,8.399999618530273,1,0.8318992257118225,9.600000000000001,2.0
12,0,0.0,0.5,9.200000000000001,-1.4559197213779975,1.4000000000000001,1.4000000000000001,254.58193969726562,0.8252735137939453,0.27937203645706177,8.399999618530273,1,0.8298654556274414,9.600000000000001,2.0
12,0,0.0,0.5,9.200000000000001,-1.4559197213779975,1.4000000000000001,1.4000000000000001,255.08193969726562,0.8233125805854797,0.2868664860725403,8.399999618530273,1,0.8279045224189758,9.600000000000001,2.0
12,0,0.0,0.5,9.200000000000001,-1.4559197213779975,1.4000000000000001,1.4000000000000001,255.58193969726562,0.8214236497879028,0.29432615637779236,8.399999618530273,1,0.8260155916213989,9.600000000000001,2.0
12,0,0.0,0.5,9.200000000000001,-1.4559197213779975,1.4000000000000001,1.4000000000000001,256.0819396972656,0.8196058869361877,0.3017524480819702,8.399999618530273,1,0.8241978287696838,9.600000000000001,2.0
12,0,0.0,0.5,9.200000000000001,-1.4559197213779975,1.4000000000000001,1.4000000000000001,256.5819396972656,0.8178586363792419,0.3091467022895813,8.399999618530273,1,0.822450578212738,9.600000000000001,2.0
12,0,0.0,0.5,9.200000000000001,-1.4559197213779975,1.4000000000000001,1.4000000000000001,257.0819396972656,0.8161811828613281,0.3165102005004883,8.399999618530273,1,0.8207731246948242,9.600000000000001,2.0
12,0,0.0,0.5,9.200000000000001,-1.4559197213779975,1.4000000000000001,1.4000000000000001,257.5819396972656,0.8145727515220642,0.3238442838191986,8.399999618530273,1,0.8191646933555603,9.600000000000001,2.0
12,0,0.0,0.5,9.200000000000001,-1.4559197213779975,1.4000000000000001,1.4000000000000001,258.0819396972656,0.8130328059196472,0.33115023374557495,8.399999618530273,1,0.8176247477531433,9.600000000000001,2.0
12,0,0.0,0.5,9.200000000000001,-1.4559197213779975,1.4000000000000001,1.4000000000000001,258.5819396972656,0.8115606904029846,0.33842933177948,8.399999618530273,1,0.8161526322364807,9.600000000000001,2.0
12,0,0.0,0.5,9.200000000000001,-1.4559197213779975,1.4000000000000001,1.4000000000000001,259.0819396972656,0.8101557493209839,0.345682829618454,8.399999618530273,1,0.81474769115448,9.600000000000001,2.0
12,0,0.0,0.5,9.200000000000001,-1.4559197213779975,1.4000000000000001,1.4000000000000001,259.5819396972656,0.8088175058364868,0.35291191935539246,8.399999618530273,1,0.8134094476699829,9.600000000000001,2.0
12,0,0.0,0.5,9.200000000000001,-1.4559197213779975,1.4000000000000001,1.4000000000000001,260.0819396972656,0.8075453639030457,0.3601178526878357,8.399999618530273,1,0.8121373057365417,9.600000000000001,2.0
12,0,0.0,0.5,9.200000000000001,-1.4559197213779975,1.4000000000000001,1.4000000000000001,260.5819396972656,0.806338906288147,0.3673018217086792,8.399999618530273,1,0.8109308481216431,9.600000000000001,2.0
12,0,0.0,0.5,9.200000000000001,-1.4559197213779975,1.4000000000000001,1.4000000000000001,261.0819396972656,0.0,,,0,0.8097894787788391,9.600000000000001,2.0
12,0,0.0,0.5,9.200000000000001,-1.4559197213779975,1.4000000000000001,1.4000000000000001,261.5819396972656,0.8041209578514099,0.38160866498947144,8.399999618530273,1,0.808712899684906,9.600000000000001,2.0
12,0,0.0,0.5,9.200000000000001,-1.4559197213779975,1.4000000000000001,1.4000000000000001,262.0819396972656,0.8031085729598999,0.3887338638305664,8.399999618530273,1,0.807700514793396,9.600000000000001,2.0
12,0,0.0,0.5,9.200000000000001,-1.4559197213779975,1.4000000000000001,1.4000000000000001,262.5819396972656,0.8021601438522339,0.3958417773246765,8.399999618530273,1,0.80675208568573,9.600000000000001,2.0
12,0,0.0,0.5,9.200000000000001,-1.4559197213779975,1.4000000000000001,1.4000000000000001,263.0819396972656,0.8012752532958984,0.4029335677623749,8.399999618530273,1,0.8058671951293945,9.600000000000001,2.0
12,0,0.0,0.5,9.200000000000001,-1.4559197213779975,1.4000000000000001,1.4000000000000001,263.5819396972656,0.8004534840583801,0.41001033782958984,8.399999618530273,1,0.8050454258918762,9.600000000000001,2.0
12,0,0.0,0.5,9.200000000000001,-1.4559197213779975,1.4000000000000001,1.4000000000000001,264.0819396972656,0.7996945977210999,0.41707324981689453,8.399999618530273,1,0.804286539554596,9.600000000000001,2.0
12,0,0.0,0.5,9.200000000000001,-1.4559197213779975,1.4000000000000001,1.4000000000000001,264.5819396972656,0.0,,,0,0.8035902380943298,9.600000000000001,2.0
12,0,0.0,0.5,9.200000000000001,-1.4559197213779975,1.4000000000000001,1.4000000000000001,265.0819396972656,0.7983642816543579,0.4311618506908417,8.399999618530273,1,0.802956223487854,9.600000000000001,2.0
12,0,0.0,0.5,9.200000000000001,-1.4559197213779975,1.4000000000000001,1.4000000000000001,265.5819396972656,0.7977923154830933,0.4381897449493408,8.399999618530273,1,0.8023842573165894,9.600000000000001,2.0
12,0,0.0,0.5,9.200000000000001,-1.4559197213779975,1.4000000000000001,1.4000000000000001,266.0819396972656,0.7972822189331055,0.44520819187164307,8.399999618530273,1,0.8018741607666016,9.600000000000001,2.0
12,0,0.0,0.5,9.200000000000001,-1.4559197213779975,1.4000000000000001,1.4000000000000001,266.5819396972656,0.7968336939811707,0.452218234539032,8.399999618530273,1,0.8014256358146667,9.600000000000001,2.0
12,0,0.0,0.5,9.200000000000001,-1.4559197213779975,1.4000000000000001,1.4000000000000001,267.0819396972656,0.7964467406272888,0.4592210054397583,8.399999618530273,1,0.8010386824607849,9.600000000000001,2.0
12,0,0.0,0.5,9.200000000000001,-1.4559197213779975,1.4000000000000001,1.4000000000000001,267.5819396972656,0.7961210012435913,0.4662175178527832,8.399999618530273,1,0.8007129430770874,9.600000000000001,2.0
12,0,0.0,0.5,9.200000000000001,-1.4559197213779975,1.4000000000000001,1.4000000000000001,268.0819396972656,0.7958565354347229,0.47320887446403503,8.399999618530273,1,0.800448477268219,9.600000000000001,2.0
12,0,0.0,0.5,9.200000000000001,-1.4559197213779975,1.4000000000000001,1.4000000000000001,268.5819396972656,0.0,,,0,0.8002451062202454,9.600000000000001,2.0
12,0,0.0,0.5,9.200000000000001,-1.4559197213779975,1.4000000000000001,1.4000000000000001,269.0819396972656,0.7955107688903809,0.4871804416179657,8.399999618530273,1,0.800102710723877,9.600000000000001,2.0
12,0,0.0,0.5,9.200000000000001,-1.4559197213779975,1.4000000000000001,1.4000000000000001,269.5819396972656,0.7954293489456177,0.49416273832321167,8.399999618530273,1,0.8000212907791138,9.600000000000001,2.0
12,0,0.0,0.5,9.200000000000001,-1.4559197213779975,1.4000000000000001,1.4000000000000001,270.0819396972656,0.7954089045524597,0.5011441707611084,8.399999618530273,1,0.8000008463859558,9.600000000000001,2.0
12,0,0.0,0.5,9.200000000000001,-1.4559197213779975,1.4000000000000001,1.4000000000000001,270.5819396972656,0.7954493165016174,0.5081257820129395,8.399999618530273,1,0.8000412583351135,9.600000000000001,2.0
12,0,0.0,0.5,9.200000000000001,-1.4559197213779975,1.4000000000000001,1.4000000000000001,271.0819396972656,0.7955507040023804,0.515108585357666,8.399999618530273,1,0.8001426458358765,9.600000000000001,2.0
12,0,0.0,0.5,9.200000000000001,-1.4559197213779975,1.4000000000000001,1.4000000000000001,271.5819396972656,0.7957130670547485,0.5220937132835388,8.399999618530273,1,0.8003050088882446,9.600000000000001,2.0
12,0,0.0,0.5,9.200000000000001,-1.4559197213779975,1.4000000000000001,1.4000000000000001,272.0819396972656,0.7959364652633667,0.5290822386741638,8.399999618530273,1,0.8005284070968628,9.600000000000001,2.0
12,0,0.0,0.5,9.200000000000001,-1.4559197213779975,1.4000000000000001,1.4000000000000001,272.5819396972656,0.7962210178375244,0.5360751748085022,8.399999618530273,1,0.8008129596710205,9.600000000000001,2.0
12,0,0.0,0.5,9.200000000000001,-1.4559197213779975,1.4000000000000001,1.4000000000000001,273.0819396972656,0.7965667843818665,0.5430735945701599,8.399999618530273,1,0.8011587262153625,9.600000000000001,2.0
12,0,0.0,0.5,9.200000000000001,-1.4559197213779975,1.4000000000000001,1.4000000000000001,273.5819396972656,0.0,,,0,0.8015658855438232,9.600000000000001,2.0
12,0,0.0,0.5,9.200000000000001,-1.4559197213779975,1.4000000000000001,1.4000000000000001,274.0819396972656,0.797442615032196,0.5570912957191467,8.399999618530273,1,0.8020345568656921,9.600000000000001,2.0
12,0,0.0,0.5,9.200000000000001,-1.4559197213779975,1.4000000000000001,1.4000000000000001,274.5819396972656,0.7979729771614075,0.5641127228736877,8.399999618530273,1,0.8025649189949036,9.600000000000001,2.0
12,0,0.0,0.5,9.200000000000001,-1.4559197213779975,1.4000000000000001,1.4000000000000001,275.0819396972656,0.7985652685165405,0.5711439847946167,8.399999618530273,1,0.8031572103500366,9.600000000000001,2.0
12,0,0.0,0.5,9.200000000000001,-1.4559197213779975,1.4000000000000001,1.4000000000000001,275.5819396972656,0.7992196679115295,0.5781861543655396,8.399999618530273,1,0.8038116097450256,9.600000000000001,2.0
12,0,0.0,0.5,9.200000000000001,-1.4559197213779975,1.4000000000000001,1.4000000000000001,276.0819396972656,0.7999364137649536,0.585240364074707,8.399999618530273,1,0.8045283555984497,9.600000000000001,2.0
12,0,0.0,0.5,9.200000000000001,-1.4559197213779975,1.4000000000000001,1.4000000000000001,276.5819396972656,0.8007159233093262,0.5923076868057251,8.399999618530273,1,0.8053078651428223,9.600000000000001,2.0
12,0,0.0,0.5,9.200000000000001,-1.4559197213779975,1.4000000000000001,1.4000000000000001,277.0819396972656,0.8015583157539368,0.5993892550468445,8.399999618530273,1,0.8061502575874329,9.600000000000001,2.0
12,0,0.0,0.5,9.200000000000001,-1.4559197213779975,1.4000000000000001,1.4000000000000001,277.5819396972656,0.8024640083312988,0.6064862012863159,8.399999618530273,1,0.8070559501647949,9.600000000000001,2.0
12,0,0.0,0.5,9.200000000000001,-1.4559197213779975,1.4000000000000001,1.4000000000000001,278.0819396972656,0.0,,,0,0.8080253005027771,9.600000000000001,2.0
12,0,0.0,0.5,9.200000000000001,-1.4559197213779975,1.4000000000000001,1.4000000000000001,278.5819396972656,0.804466724395752,0.6207307577133179,8.399999618530273,1,0.809058666229248,9.600000000000001,2.0
12,0,0.0,0.5,9.200000000000001,-1.4559197213779975,1.4000000000000001,1.4000000000000001,279.0819396972656,0.8055645227432251,0.6278806924819946,8.399999618530273,1,0.8101564645767212,9.600000000000001,2.0
12,0,0.0,0.5,9.200000000000001,-1.4559197213779975,1.4000000000000001,1.4000000000000001,279.5819396972656,0.8067271709442139,0.6350505948066711,8.399999618530273,1,0.81131911277771,9.600000000000001,2.0
12,0,0.0,0.5,9.200000000000001,-1.4559197213779975,1.4000000000000001,1.4000000000000001,280.0819396972656,0.8079550862312317,0.6422415971755981,8.399999618530273,1,0.8125470280647278,9.600000000000001,2.0
12,0,0.0,0.5,9.200000000000001,-1.4559197213779975,1.4000000000000001,1.4000000000000001,280.5819396972656,0.8092488050460815,0.6494550108909607,8.399999618530273,1,0.8138407468795776,9.600000000000001,2.0
12,0,0.0,0.5,9.200000000000001,-1.4559197213779975,1.4000000000000001,1.4000000000000001,281.0819396972656,0.8106088638305664,0.6566919684410095,8.399999618530273,1,0.8152008056640625,9.600000000000001,2.0
12,0,0.0,0.5,9.200000000000001,-1.4559197213779975,1.4000000000000001,1.4000000000000001,281.5819396972656,0.8120357990264893,0.6639537215232849,8.399999618530273,1,0.8166277408599854,9.600000000000001,2.0
12,0,0.0,0.5,9.200000000000001,-1.4559197213779975,1.4000000000000001,1.4000000000000001,282.0819396972656,0.8135300874710083,0.6712414622306824,8.399999618530273,1,0.8181220293045044,9.600000000000001,2.0
12,0,0.0,0.5,9.200000000000001,-1.4559197213779975,1.4000000000000001,1.4000000000000001,282.5819396972656,0.8150923848152161,0.678556501865387,8.399999618530273,1,0.8196843266487122,9.600000000000001,2.0
12,0,0.0,0.5,9.200000000000001,-1.4559197213779975,1.4000000000000001,1.4000000000000001,283.0819396972656,0.8167233467102051,0.685900092124939,8.399999618530273,1,0.8213152885437012,9.600000000000001,2.0
12,0,0.0,0.5,9.200000000000001,-1.4559197213779975,1.4000000000000001,1.4000000000000001,283.5819396972656,0.8184236288070679,0.6932735443115234,8.399999618530273,1,0.823015570640564,9.600000000000001,2.0
12,0,0.0,0.5,9.200000000000001,-1.4559197213779975,1.4000000000000001,1.4000000000000001,284.0819396972656,0.820193886756897,0.7006781101226807,8.399999618530273,1,0.8247858285903931,9.600000000000001,2.0
12,0,0.0,0.5,9.200000000000001,-1.4559197213779975,1.4000000000000001,1.4000000000000001,284.5819396972656,0.8220348954200745,0.7081152200698853,8.399999618530273,1,0.8266268372535706,9.600000000000001,2.0
12,0,0.0,0.5,9.200000000000001,-1.4559197213779975,1.4000000000000001,1.4000000000000001,285.0819396972656,0.8239473700523376,0.7155861258506775,8.399999618530273,1,0.8285393118858337,9.600000000000001,2.0
12,0,0.0,0.5,9.200000000000001,-1.4559197213779975,1.4000000000000001,1.4000000000000001,285.5819396972656,0.8259320855140686,0.723092257976532,8.399999618530273,1,0.8305240273475647,9.600000000000001,2.0
12,0,0.0,0.5,9.200000000000001,-1.4559197213779975,1.4000000000000001,1.4000000000000001,286.0819396972656,0.0,,,0,0.8325818181037903,9.600000000000001,2.0
12,0,0.0,0.5,9.200000000000001,-1.4559197213779975,1.4000000000000001,1.4000000000000001,286.5819396972656,0.830121636390686,0.7382158637046814,8.399999618530273,1,0.8347135782241821,9.600000000000001,2.0
12,0,0.0,0.5,9.200000000000001,-1.4559197213779975,1.4000000000000001,1.4000000000000001,287.0819396972656,0.8323282599449158,0.7458361983299255,8.399999618530273,1,0.8369202017784119,9.600000000000001,2.0
12,0,0.0,0.5,9.200000000000001,-1.4559197213779975,1.4000000000000001,1.4000000000000001,287.5819396972656,0.834610641002655,0.7534974813461304,8.399999618530273,1,0.8392025828361511,9.600000000000001,2.0
12,0,0.0,0.5,9.200000000000001,-1.4559197213779975,1.4000000000000001,1.4000000000000001,288.0819396972656,0.836969792842865,0.7612013220787048,8.399999618530273,1,0.8415617346763611,9.600000000000001,2.0
12,0,0.0,0.5,9.200000000000001,-1.4559197213779975,1.4000000000000001,1.4000000000000001,288.5819396972656,0.8394066691398621,0.7689491510391235,8.399999618530273,1,0.8439986109733582,9.600000000000001,2.0
12,0,0.0,0.5,9.200000000000001,-1.4559197213779975,1.4000000000000001,1.4000000000000001,289.0819396972656,0.8419223427772522,0.7767425179481506,8.399999618530273,1,0.8465142846107483,9.600000000000001,2.0
12,0,0.0,0.5,9.200000000000001,-1.4559197213779975,1.4000000000000001,1.4000000000000001,289.5819396972656,0.8445179462432861,0.7845831513404846,8.399999618530273,1,0.8491098880767822,9.600000000000001,2.0
12,0,0.0,0.5,9.200000000000001,-1.4559197213779975,1.4000000000000001,1.4000000000000001,290.0819396972656,0.8471945524215698,0.7924726009368896,8.399999618530273,1,0.8517864942550659,9.600000000000001,2.0
12,0,0.0,0.5,9.200000000000001,-1.4559197213779975,1.4000000000000001,1.4000000000000001,290.5819396972656,0.8499533534049988,0.8004125356674194,8.399999618530273,1,0.8545452952384949,9.600000000000001,2.0
12,0,0.0,0.5,9.200000000000001,-1.4559197213779975,1.4000000000000001,1.4000000000000001,291.0819396972656,0.8527956604957581,0.8084046840667725,8.399999618530273,1,0.8573876023292542,9.600000000000001,2.0
12,0,0.0,0.5,9.200000000000001,-1.4559197213779975,1.4000000000000001,1.4000000000000001,291.5819396972656,0.8557226061820984,0.816450834274292,8.399999618530273,1,0.8603145480155945,9.600000000000001,2.0
12,0,0.0,0.5,9.200000000000001,-1.4559197213779975,1.4000000000000001,1.4000000000000001,292.0819396972656,0.8587356209754944,0.8245526552200317,8.399999618530273,1,0.8633275628089905,9.600000000000001,2.0
12,0,0.0,0.5,9.200000000000001,-1.4559197213779975,1.4000000000000001,1.4000000000000001,292.5819396972656,0.8618359565734863,0.8327121138572693,8.399999618530273,1,0.8664278984069824,9.600000000000001,2.0
12,0,0.0,0.5,9.200000000000001,-1.4559197213779975,1.4000000000000001,1.4000000000000001,293.0819396972656,0.8650251626968384,0.8409309983253479,8.399999618530273,1,0.8696171045303345,9.600000000000001,2.0
12,0,0.0,0.5,9.200000000000001,-1.4559197213779975,1.4000000000000001,1.4000000000000001,293.5819396972656,0.8683046698570251,0.8492112159729004,8.399999618530273,1,0.8728966116905212,9.600000000000001,2.0
12,0,0.0,0.5,9.200000000000001,-1.4559197213779975,1.4000000000000001,1.4000000000000001,294.0819396972656,0.871675968170166,0.8575547933578491,8.399999618530273,1,0.8762679100036621,9.600000000000001,2.0
12,0,0.0,0.5,9.200000000000001,-1.4559197213779975,1.4000000000000001,1.4000000000000001,294.5819396972656,0.8751406669616699,0.8659636974334717,8.399999618530273,1,0.879732608795166,9.600000000000001,2.0
12,0,0.0,0.5,9.200000000000001,-1.4559197213779975,1.4000000000000001,1.4000000000000001,295.0819396972656,0.8787003755569458,0.8744400143623352,8.399999618530273,1,0.8832923173904419,9.600000000000001,2.0
12,0,0.0,0.5,9.200000000000001,-1.4559197213779975,1.4000000000000001,1.4000000000000001,295.5819396972656,0.8823568224906921,0.8829858303070068,8.399999618530273,1,0.8869487643241882,9.600000000000001,2.0
12,0,0.0,0.5,9.200000000000001,-1.4559197213779975,1.4000000000000001,1.4000000000000001,296.0819396972656,0.886111855506897,0.891603410243988,8.399999618530273,1,0.8907037973403931,9.600000000000001,2.0
12,0,0.0,0.5,9.200000000000001,-1.4559197213779975,1.4000000000000001,1.4000000000000001,296.5819396972656,0.889967143535614,0.9002948999404907,8.399999618530273,1,0.8945590853691101,9.600000000000001,2.0
12,0,0.0,0.5,9.200000000000001,-1.4559197213779975,1.4000000000000001,1.4000000000000001,297.0819396972656,0.8939247131347656,0.9090626239776611,8.399999618530273,1,0.8985166549682617,9.600000000000001,2.0
12,0,0.0,0.5,9.200000000000001,-1.4559197213779975,1.4000000000000001,1.4000000000000001,297.5819396972656,0.8979865312576294,0.9179089665412903,8.399999618530273,1,0.9025784730911255,9.600000000000001,2.0
12,0,0.0,0.5,9.200000000000001,-1.4559197213779975,1.4000000000000001,1.4000000000000001,298.0819396972656,0.9021545648574829,0.9268363118171692,8.399999618530273,1,0.906746506690979,9.600000000000001,2.0
12,0,0.0,0.5,9.200000000000001,-1.4559197213779975,1.4000000000000001,1.4000000000000001,298.5819396972656,0.9064309597015381,0.9358471632003784,8.399999618530273,1,0.9110229015350342,9.600000000000001,2.0
12,0,0.0,0.5,9.200000000000001,-1.4559197213779975,1.4000000000000001,1.4000000000000001,299.0819396972656,0.9108179807662964,0.9449441432952881,8.399999618530273,1,0.9154099225997925,9.600000000000001,2.0
12,0,0.0,0.5,9.200000000000001,-1.4559197213779975,1.4000000000000001,1.4000000000000001,299.5819396972656,0.9153177738189697,0.9541298747062683,8.399999618530273,1,0.9199097156524658,9.600000000000001,2.0
12,0,0.0,0.5,9.200000000000001,-1.4559197213779975,1.4000000000000001,1.4000000000000001,300.0819396972656,0.9199328422546387,0.963407039642334,8.399999618530273,1,0.9245247840881348,9.600000000000001,2.0
12,0,0.0,0.5,9.200000000000001,-1.4559197213779975,1.4000000000000001,1.4000000000000001,300.5819396972656,0.9246655702590942,0.9727784991264343,8.399999618530273,1,0.9292575120925903,9.600000000000001,2.0
12,0,0.0,0.5,9.200000000000001,-1.4559197213779975,1.4000000000000001,1.4000000000000001,301.0819396972656,0.0,,,0,0.9341104030609131,9.600000000000001,2.0
12,0,0.0,0.5,9.200000000000001,-1.4559197213779975,1.4000000000000001,1.4000000000000001,301.5819396972656,0.9344941973686218,0.9918158650398254,8.399999618530273,1,0.9390861392021179,9.600000000000001,2.0
12,0,0.0,0.5,9.200000000000001,-1.4559197213779975,1.4000000000000001,1.4000000000000001,302.0819396972656,0.9367943406105042,1.0,8.402373313903809,1,0.9413862824440002,9.600000000000001,2.0
12,0,0.0,0.5,9.200000000000001,-1.4559197213779975,1.4000000000000001,1.4000000000000001,302.5819396972656,0.9239040613174438,1.0,8.417628288269043,1,0.9284960031509399,9.600000000000001,2.0
12,0,0.0,0.5,9.200000000000001,-1.4559197213779975,1.4000000000000001,1.4000000000000001,303.0819396972656,0.911430835723877,1.0,8.432473182678223,1,0.916022777557373,9.600000000000001,2.0
12,0,0.0,0.5,9.200000000000001,-1.4559197213779975,1.4000000000000001,1.4000000000000001,303.5819396972656,0.8993562459945679,1.0,8.446925163269043,1,0.903948187828064,9.600000000000001,2.0
12,0,0.0,0.5,9.200000000000001,-1.4559197213779975,1.4000000000000001,1.4000000000000001,304.0819396972656,0.8876628875732422,1.0,8.4610013961792,1,0.8922548294067383,9.600000000000001,2.0
12,0,0.0,0.5,9.200000000000001,-1.4559197213779975,1.4000000000000001,1.4000000000000001,304.5819396972656,0.8763344287872314,1.0,8.474720001220703,1,0.8809263706207275,9.600000000000001,2.0
12,0,0.0,0.5,9.200000000000001,-1.4559197213779975,1.4000000000000001,1.4000000000000001,305.0819396972656,0.8653554320335388,1.0,8.4880952835083,1,0.8699473738670349,9.600000000000001,2.0
12,0,0.0,0.5,9.200000000000001,-1.4559197213779975,1.4000000000000001,1.4000000000000001,305.5819396972656,0.8547113537788391,1.0,8.501142501831055,1,0.8593032956123352,9.600000000000001,2.0
12,0,0.0,0.5,9.200000000000001,-1.4559197213779975,1.4000000000000001,1.4000000000000001,306.0819396972656,0.0,,,0,0.8489804267883301,9.600000000000001,2.0
12,0,0.0,0.5,9.200000000000001,-1.4559197213779975,1.4000000000000001,1.4000000000000001,306.5819396972656,0.8343738317489624,1.0,8.52630615234375,1,0.8389657735824585,9.600000000000001,2.0
12,0,0.0,0.5,9.200000000000001,-1.4559197213779975,1.4000000000000001,1.4000000000000001,307.0819396972656,0.8246551156044006,1.0,8.538448333740234,1,0.8292470574378967,9.600000000000001,2.0
12,0,0.0,0.5,9.200000000000001,-1.4559197213779975,1.4000000000000001,1.4000000000000001,307.5819396972656,0.8152206540107727,1.0,8.550312995910645,1,0.8198125958442688,9.600000000000001,2.0
12,0,0.0,0.5,9.200000000000001,-1.4559197213779975,1.4000000000000001,1.4000000000000001,308.0819396972656,0.8060595393180847,1.0,8.561912536621094,1,0.8106514811515808,9.600000000000001,2.0
12,0,0.0,0.5,9.200000000000001,-1.4559197213779975,1.4000000000000001,1.4000000000000001,308.5819396972656,0.7971612811088562,1.0,8.57325553894043,1,0.8017532229423523,9.600000000000001,2.0
12,0,0.0,0.5,9.200000000000001,-1.4559197213779975,1.4000000000000001,1.4000000000000001,309.0819396972656,0.7885159850120544,1.0,8.58435344696045,1,0.7931079268455505,9.600000000000001,2.0
12,0,0.0,0.5,9.200000000000001,-1.4559197213779975,1.4000000000000001,1.4000000000000001,309.5819396972656,0.7801142334938049,1.0,8.595215797424316,1,0.784706175327301,9.600000000000001,2.0
12,0,0.0,0.5,9.200000000000001,-1.4559197213779975,1.4000000000000001,1.4000000000000001,310.0819396972656,0.7719472050666809,1.0,8.605851173400879,1,0.776539146900177,9.600000000000001,2.0
12,0,0.0,0.5,9.200000000000001,-1.4559197213779975,1.4000000000000001,1.4000000000000001,310.5819396972656,0.7640063166618347,1.0,8.616268157958984,1,0.7685982584953308,9.600000000000001,2.0
12,0,0.0,0.5,9.200000000000001,-1.4559197213779975,1.4000000000000001,1.4000000000000001,311.0819396972656,0.7562835216522217,1.0,8.626474380493164,1,0.7608754634857178,9.600000000000001,2.0
12,0,0.0,0.5,9.200000000000001,-1.4559197213779975,1.4000000000000001,1.4000000000000001,311.5819396972656,0.7487712502479553,1.0,8.636478424072266,1,0.7533631920814514,9.600000000000001,2.0
12,0,0.0,0.5,9.200000000000001,-1.4559197213779975,1.4000000000000001,1.4000000000000001,312.0819396972656,0.7414620518684387,1.0,8.64628791809082,1,0.7460539937019348,9.600000000000001,2.0
12,0,0.0,0.5,9.200000000000001,-1.4559197213779975,1.4000000000000001,1.4000000000000001,312.5819396972656,0.0,,,0,0.7389410138130188,9.600000000000001,2.0
12,0,0.0,0.5,9.200000000000001,-1.4559197213779975,1.4000000000000001,1.4000000000000001,313.0819396972656,0.7274256944656372,1.0,8.665350914001465,1,0.7320176362991333,9.600000000000001,2.0
12,0,0.0,0.5,9.200000000000001,-1.4559197213779975,1.4000000000000001,1.4000000000000001,313.5819396972656,0.7206855416297913,1.0,8.674616813659668,1,0.7252774834632874,9.600000000000001,2.0
12,0,0.0,0.5,9.200000000000001,-1.4559197213779975,1.4000000000000001,1.4000000000000001,314.0819396972656,0.7141226530075073,1.0,8.683714866638184,1,0.7187145948410034,9.600000000000001,2.0
12,0,0.0,0.5,9.200000000000001,-1.4559197213779975,1.4000000000000001,1.4000000000000001,314.5819396972656,0.7077311873435974,1.0,8.692649841308594,1,0.7123231291770935,9.600000000000001,2.0
12,0,0.0,0.5,9.200000000000001,-1.4559197213779975,1.4000000000000001,1.4000000000000001,315.0819396972656,0.701505720615387,1.0,8.701428413391113,1,0.7060976624488831,9.600000000000001,2.0
12,0,0.0,0.5,9.200000000000001,-1.4559197213779975,1.4000000000000001,1.4000000000000001,315.5819396972656,0.695440948009491,1.0,8.710055351257324,1,0.7000328898429871,9.600000000000001,2.0
12,0,0.0,0.5,9.200000000000001,-1.4559197213779975,1.4000000000000001,1.4000000000000001,316.0819396972656,0.0,,,0,0.6941238045692444,9.600000000000001,2.0
12,0,0.0,0.5,9.200000000000001,-1.4559197213779975,1.4000000000000001,1.4000000000000001,316.5819396972656,0.6837737560272217,1.0,8.726875305175781,1,0.6883656978607178,9.600000000000001,2.0
12,0,0.0,0.5,9.200000000000001,-1.4559197213779975,1.4000000000000001,1.4000000000000001,317.0819396972656,0.6781619191169739,1.0,8.735077857971191,1,0.68275386095047,9.600000000000001,2.0
12,0,0.0,0.5,9.200000000000001,-1.4559197213779975,1.4000000000000001,1.4000000000000001,317.5819396972656,0.6726920008659363,1.0,8.743147850036621,1,0.6772839426994324,9.600000000000001,2.0
12,0,0.0,0.5,9.200000000000001,-1.4559197213779975,1.4000000000000001,1.4000000000000001,318.0819396972656,0.6673597693443298,1.0,8.751091003417969,1,0.6719517111778259,9.600000000000001,2.0
12,0,0.0,0.5,9.200000000000001,-1.4559197213779975,1.4000000000000001,1.4000000000000001,318.5819396972656,0.6621612906455994,1.0,8.758910179138184,1,0.6667532324790955,9.600000000000001,2.0
12,0,0.0,0.5,9.200000000000001,-1.4559197213779975,1.4000000000000001,1.4000000000000001,319.0819396972656,0.0,,,0,0.661684513092041,9.600000000000001,2.0
12,0,0.0,0.5,9.200000000000001,-1.4559197213779975,1.4000000000000001,1.4000000000000001,319.5819396972656,0.65215003490448,1.0,8.774194717407227,1,0.6567419767379761,9.600000000000001,2.0
12,0,0.0,0.5,9.200000000000001,-1.4559197213779975,1.4000000000000001,1.4000000000000001,320.0819396972656,0.6473299860954285,1.0,8.781667709350586,1,0.6519219279289246,9.600000000000001,2.0
12,0,0.0,0.5,9.200000000000001,-1.4559197213779975,1.4000000000000001,1.4000000000000001,320.5819396972656,0.6426291465759277,1.0,8.789031028747559,1,0.6472210884094238,9.600000000000001,2.0
12,0,0.0,0.5,9.200000000000001,-1.4559197213779975,1.4000000000000001,1.4000000000000001,321.0819396972656,0.6380442380905151,1.0,8.796290397644043,1,0.6426361799240112,9.600000000000001,2.0
12,0,0.0,0.5,9.200000000000001,-1.4559197213779975,1.4000000000000001,1.4000000000000001,321.5819396972656,0.6335720419883728,1.0,8.803448677062988,1,0.6381639838218689,9.600000000000001,2.0
12,0,0.0,0.5,9.200000000000001,-1.4559197213779975,1.4000000000000001,1.4000000000000001,322.0819396972656,0.629209578037262,1.0,8.810507774353027,1,0.6338015198707581,9.600000000000001,2.0
12,0,0.0,0.5,9.200000000000001,-1.4559197213779975,1.4000000000000001,1.4000000000000001,322.5819396972656,0.6249540448188782,1.0,8.817471504211426,1,0.6295459866523743,9.600000000000001,2.0
12,0,0.0,0.5,9.200000000000001,-1.4559197213779975,1.4000000000000001,1.4000000000000001,323.0819396972656,0.0,,,0,0.6253944635391235,9.600000000000001,2.0
12,0,0.0,0.5,9.200000000000001,-1.4559197213779975,1.4000000000000001,1.4000000000000001,323.5819396972656,0.6167523860931396,1.0,8.831125259399414,1,0.6213443279266357,9.600000000000001,2.0
12,0,0.0,0.5,9.200000000000001,-1.4559197213779975,1.4000000000000001,1.4000000000000001,324.0819396972656,0.6128011345863342,1.0,8.837820053100586,1,0.6173930764198303,9.600000000000001,2.0
12,0,0.0,0.5,9.200000000000001,-1.4559197213779975,1.4000000000000001,1.4000000000000001,324.5819396972656,0.6089462637901306,1.0,8.844430923461914,1,0.6135382056236267,9.600000000000001,2.0
12,0,0.0,0.5,9.200000000000001,-1.4559197213779975,1.4000000000000001,1.4000000000000001,325.0819396972656,0.605185329914093,1.0,8.850960731506348,1,0.6097772717475891,9.600000000000001,2.0
12,0,0.0,0.5,9.200000000000001,-1.4559197213779975,1.4000000000000001,1.4000000000000001,325.5819396972656,0.6015161275863647,1.0,8.85741138458252,1,0.6061080694198608,9.600000000000001,2.0
12,0,0.0,0.5,9.200000000000001,-1.4559197213779975,1.4000000000000001,1.4000000000000001,326.0819396972656,0.0,,,0,0.6025283336639404,9.600000000000001,2.0
12,0,0.0,0.5,9.200000000000001,-1.4559197213779975,1.4000000000000001,1.4000000000000001,326.5819396972656,0.5944440960884094,1.0,8.870084762573242,1,0.5990360379219055,9.600000000000001,2.0
12,0,0.0,0.5,9.200000000000001,-1.4559197213779975,1.4000000000000001,1.4000000000000001,327.0819396972656,0.0,,,0,0.5956290364265442,9.600000000000001,2.0
12,0,0.0,0.5,9.200000000000001,-1.4559197213779975,1.4000000000000001,1.4000000000000001,327.5819396972656,0.5877135396003723,1.0,8.882469177246094,1,0.5923054814338684,9.600000000000001,2.0
12,0,0.0,0.5,9.200000000000001,-1.4559197213779975,1.4000000000000001,1.4000000000000001,328.0819396972656,0.5844714045524597,1.0,8.888558387756348,1,0.5890633463859558,9.600000000000001,2.0
12,0,0.0,0.5,9.200000000000001,-1.4559197213779975,1.4000000000000001,1.4000000000000001,328.5819396972656,0.5813090205192566,1.0,8.894582748413086,1,0.5859009623527527,9.600000000000001,2.0
12,0,0.0,0.5,9.200000000000001,-1.4559197213779975,1.4000000000000001,1.4000000000000001,329.0819396972656,0.5782244801521301,1.0,8.900542259216309,1,0.5828164219856262,9.600000000000001,2.0
12,0,0.0,0.5,9.200000000000001,-1.4559197213779975,1.4000000000000001,1.4000000000000001,329.5819396972656,0.0,,,0,0.5798081755638123,9.600000000000001,2.0
12,0,0.0,0.5,9.200000000000001,-1.4559197213779975,1.4000000000000001,1.4000000000000001,330.0819396972656,0.5722825527191162,1.0,8.912277221679688,1,0.5768744945526123,9.600000000000001,2.0
12,0,0.0,0.5,9.200000000000001,-1.4559197213779975,1.4000000000000001,1.4000000000000001,330.5819396972656,0.0,,,0,0.574013888835907,9.600000000000001,2.0
12,0,0.0,0.5,9.200000000000001,-1.4559197213779975,1.4000000000000001,1.4000000000000001,331.0819396972656,0.0,,,0,0.5712247490882874,9.600000000000001,2.0
12,0,0.0,0.5,9.200000000000001,-1.4559197213779975,1.4000000000000001,1.4000000000000001,331.5819396972656,0.0,,,0,0.5685057044029236,9.600000000000001,2.0
12,0,0.0,0.5,9.200000000000001,-1.4559197213779975,1.4000000000000001,1.4000000000000001,332.0819396972656,0.561263382434845,1.0,8.93506145477295,1,0.5658553242683411,9.600000000000001,2.0
12,0,0.0,0.5,9.200000000000001,-1.4559197213779975,1.4000000000000001,1.4000000000000001,332.5819396972656,0.5586802363395691,1.0,8.940624237060547,1,0.5632721781730652,9.600000000000001,2.0
12,0,0.0,0.5,9.200000000000001,-1.4559197213779975,1.4000000000000001,1.4000000000000001,333.0819396972656,0.5561631321907043,1.0,8.946137428283691,1,0.5607550740242004,9.600000000000001,2.0
12,0,0.0,0.5,9.200000000000001,-1.4559197213779975,1.4000000000000001,1.4000000000000001,333.5819396972656,0.5537106990814209,1.0,8.951601028442383,1,0.558302640914917,9.600000000000001,2.0
12,0,0.0,0.5,9.200000000000001,-1.4559197213779975,1.4000000000000001,1.4000000000000001,334.0819396972656,0.551321804523468,1.0,8.95701789855957,1,0.5559137463569641,9.600000000000001,2.0
12,0,0.0,0.5,9.200000000000001,-1.4559197213779975,1.4000000000000001,1.4000000000000001,334.5819396972656,0.5489952564239502,1.0,8.96238899230957,1,0.5535871982574463,9.600000000000001,2.0
12,0,0.0,0.5,9.200000000000001,-1.4559197213779975,1.4000000000000001,1.4000000000000001,335.0819396972656,0.5467299222946167,1.0,8.967716217041016,1,0.5513218641281128,9.600000000000001,2.0
12,0,0.0,0.5,9.200000000000001,-1.4559197213779975,1.4000000000000001,1.4000000000000001,335.5819396972656,0.5445246696472168,1.0,8.972999572753906,1,0.5491166114807129,9.600000000000001,2.0
12,0,0.0,0.5,9.200000000000001,-1.4559197213779975,1.4000000000000001,1.4000000000000001,336.0819396972656,0.0,,,0,0.5469704270362854,9.600000000000001,2.0
12,0,0.0,0.5,9.200000000000001,-1.4559197213779975,1.4000000000000001,1.4000000000000001,336.5819396972656,0.5402902960777283,1.0,8.983443260192871,1,0.5448822379112244,9.600000000000001,2.0
12,0,0.0,0.5,9.200000000000001,-1.4559197213779975,1.4000000000000001,1.4000000000000001,337.0819396972656,0.5382592678070068,1.0,8.988606452941895,1,0.5428512096405029,9.600000000000001,2.0
12,0,0.0,0.5,9.200000000000001,-1.4559197213779975,1.4000000000000001,1.4000000000000001,337.5819396972656,0.5362842679023743,1.0,8.993730545043945,1,0.5408762097358704,9.600000000000001,2.0
12,0,0.0,0.5,9.200000000000001,-1.4559197213779975,1.4000000000000001,1.4000000000000001,338.0819396972656,0.5343645215034485,1.0,8.998818397521973,1,0.5389564633369446,9.600000000000001,2.0
12,0,0.0,0.5,9.200000000000001,-1.4559197213779975,1.4000000000000001,1.4000000000000001,338.5819396972656,0.5324991345405579,1.0,9.003870010375977,1,0.537091076374054,9.600000000000001,2.0
12,0,0.0,0.5,9.200000000000001,-1.4559197213779975,1.4000000000000001,1.4000000000000001,339.0819396972656,0.5306872129440308,1.0,9.008888244628906,1,0.5352791547775269,9.600000000000001,2.0
12,0,0.0,0.5,9.200000000000001,-1.4559197213779975,1.4000000000000001,1.4000000000000001,339.5819396972656,0.5289279818534851,1.0,9.013872146606445,1,0.5335199236869812,9.600000000000001,2.0
12,0,0.0,0.5,9.200000000000001,-1.4559197213779975,1.4000000000000001,1.4000000000000001,340.0819396972656,0.5272206664085388,1.0,9.018824577331543,1,0.5318126082420349,9.600000000000001,2.0
12,0,0.0,0.5,9.200000000000001,-1.4559197213779975,1.4000000000000001,1.4000000000000001,340.5819396972656,0.525564432144165,1.0,9.0237455368042,1,0.5301563739776611,9.600000000000001,2.0
12,0,0.0,0.5,9.200000000000001,-1.4559197213779975,1.4000000000000001,1.4000000000000001,341.0819396972656,0.5239586234092712,1.0,9.02863597869873,1,0.5285505652427673,9.600000000000001,2.0
12,0,0.0,0.5,9.200000000000001,-1.4559197213779975,1.4000000000000001,1.4000000000000001,341.5819396972656,0.5224025845527649,1.0,9.033496856689453,1,0.526994526386261,9.600000000000001,2.0
12,0,0.0,0.5,9.200000000000001,-1.4559197213779975,1.4000000000000001,1.4000000000000001,342.0819396972656,0.0,,,0,0.52548748254776,9.600000000000001,2.0
12,0,0.0,0.5,9.200000000000001,-1.4559197213779975,1.4000000000000001,1.4000000000000001,342.5819396972656,0.5194368362426758,1.0,9.043136596679688,1,0.5240287780761719,9.600000000000001,2.0
12,0,0.0,0.5,9.200000000000001,-1.4559197213779975,1.4000000000000001,1.4000000000000001,343.0819396972656,0.5180259346961975,1.0,9.047916412353516,1,0.5226178765296936,9.600000000000001,2.0
12,0,0.0,0.5,9.200000000000001,-1.4559197213779975,1.4000000000000001,1.4000000000000001,343.5819396972656,0.5166622400283813,1.0,9.0526704788208,1,0.5212541818618774,9.600000000000001,2.0
12,0,0.0,0.5,9.200000000000001,-1.4559197213779975,1.4000000000000001,1.4000000000000001,344.0819396972656,0.5153450965881348,1.0,9.057400703430176,1,0.5199370384216309,9.600000000000001,2.0
12,0,0.0,0.5,9.200000000000001,-1.4559197213779975,1.4000000000000001,1.4000000000000001,344.5819396972656,0.5140739679336548,1.0,9.06210708618164,1,0.5186659097671509,9.600000000000001,2.0
12,0,0.0,0.5,9.200000000000001,-1.4559197213779975,1.4000000000000001,1.4000000000000001,345.0819396972656,0.5128483772277832,1.0,9.066791534423828,1,0.5174403190612793,9.600000000000001,2.0
12,0,0.0,0.5,9.200000000000001,-1.4559197213779975,1.4000000000000001,1.4000000000000001,345.5819396972656,0.511667788028717,1.0,9.071454048156738,1,0.5162597298622131,9.600000000000001,2.0
12,0,0.0,0.5,9.200000000000001,-1.4559197213779975,1.4000000000000001,1.4000000000000001,346.0819396972656,0.5105317234992981,1.0,9.076095581054688,1,0.5151236653327942,9.600000000000001,2.0
12,0,0.0,0.5,9.200000000000001,-1.4559197213779975,1.4000000000000001,1.4000000000000001,346.5819396972656,0.0,,,0,0.5140316486358643,9.600000000000001,2.0
12,0,0.0,0.5,9.200000000000001,-1.4559197213779975,1.4000000000000001,1.4000000000000001,347.0819396972656,0.0,,,0,0.5129832029342651,9.600000000000001,2.0
12,0,0.0,0.5,9.200000000000001,-1.4559197213779975,1.4000000000000001,1.4000000000000001,347.5819396972656,0.0,,,0,0.5119779706001282,9.600000000000001,2.0
12,0,0.0,0.5,9.200000000000001,-1.4559197213779975,1.4000000000000001,1.4000000000000001,348.0819396972656,0.5064235329627991,1.0,9.09446907043457,1,0.5110154747962952,9.600000000000001,2.0
12,0,0.0,0.5,9.200000000000001,-1.4559197213779975,1.4000000000000001,1.4000000000000001,348.5819396972656,0.5055034160614014,1.0,9.099018096923828,1,0.5100953578948975,9.600000000000001,2.0
12,0,0.0,0.5,9.200000000000001,-1.4559197213779975,1.4000000000000001,1.4000000000000001,349.0819396972656,0.5046253800392151,1.0,9.103551864624023,1,0.5092173218727112,9.600000000000001,2.0
12,0,0.0,0.5,9.200000000000001,-1.4559197213779975,1.4000000000000001,1.4000000000000001,349.5819396972656,0.503788948059082,1.0,9.108070373535156,1,0.5083808898925781,9.600000000000001,2.0
12,0,0.0,0.5,9.200000000000001,-1.4559197213779975,1.4000000000000001,1.4000000000000001,350.0819396972656,0.0,,,0,0.5075858235359192,9.600000000000001,2.0
12,0,0.0,0.5,9.200000000000001,-1.4559197213779975,1.4000000000000001,1.4000000000000001,350.5819396972656,0.5022398233413696,1.0,9.117063522338867,1,0.5068317651748657,9.600000000000001,2.0
12,0,0.0,0.5,9.200000000000001,-1.4559197213779975,1.4000000000000001,1.4000000000000001,351.0819396972656,0.5015264749526978,1.0,9.121541023254395,1,0.5061184167861938,9.600000000000001,2.0
12,0,0.0,0.5,9.200000000000001,-1.4559197213779975,1.4000000000000001,1.4000000000000001,351.5819396972656,0.0,,,0,0.5054455399513245,9.600000000000001,2.0
12,0,0.0,0.5,9.200000000000001,-1.4559197213779975,1.4000000000000001,1.4000000000000001,352.0819396972656,0.5002208948135376,1.0,9.13045883178711,1,0.5048128366470337,9.600000000000001,2.0
12,0,0.0,0.5,9.200000000000001,-1.4559197213779975,1.4000000000000001,1.4000000000000001,352.5819396972656,0.4996281564235687,1.0,9.13490104675293,1,0.5042200684547424,9.600000000000001,2.0
12,0,0.0,0.5,9.200000000000001,-1.4559197213779975,1.4000000000000001,1.4000000000000001,353.0819396972656,0.0,,,0,0.5036669969558716,9.600000000000001,2.0
12,0,0.0,0.5,9.200000000000001,-1.4559197213779975,1.4000000000000001,1.4000000000000001,353.5819396972656,0.49856147170066833,1.0,9.143756866455078,1,0.503153383731842,9.600000000000001,2.0
12,0,0.0,0.5,9.200000000000001,-1.4559197213779975,1.4000000000000001,1.4000000000000001,354.0819396972656,0.49808719754219055,1.0,9.148170471191406,1,0.5026791095733643,9.600000000000001,2.0
12,0,0.0,0.5,9.200000000000001,-1.4559197213779975,1.4000000000000001,1.4000000000000001,354.5819396972656,0.49765196442604065,1.0,9.15257740020752,1,0.5022438764572144,9.600000000000001,2.0
12,0,0.0,0.5,9.200000000000001,-1.4559197213779975,1.4000000000000001,1.4000000000000001,355.0819396972656,0.49725571274757385,1.0,9.156975746154785,1,0.5018476247787476,9.600000000000001,2.0
12,0,0.0,0.5,9.200000000000001,-1.4559197213779975,1.4000000000000001,1.4000000000000001,355.5819396972656,0.49689826369285583,1.0,9.161368370056152,1,0.5014901757240295,9.600000000000001,2.0
12,0,0.0,0.5,9.200000000000001,-1.4559197213779975,1.4000000000000001,1.4000000000000001,356.0819396972656,0.49657943844795227,1.0,9.165755271911621,1,0.501171350479126,9.600000000000001,2.0
12,0,0.0,0.5,9.200000000000001,-1.4559197213779975,1.4000000000000001,1.4000000000000001,356.5819396972656,0.0,,,0,0.5008910298347473,9.600000000000001,2.0
12,0,0.0,0.5,9.200000000000001,-1.4559197213779975,1.4000000000000001,1.4000000000000001,357.0819396972656,0.4960572421550751,1.0,9.17451286315918,1,0.5006491541862488,9.600000000000001,2.0
12,0,0.0,0.5,9.200000000000001,-1.4559197213779975,1.4000000000000001,1.4000000000000001,357.5819396972656,0.0,,,0,0.5004456043243408,9.600000000000001,2.0
12,0,0.0,0.5,9.200000000000001,-1.4559197213779975,1.4000000000000001,1.4000000000000001,358.0819396972656,0.49568840861320496,1.0,9.183255195617676,1,0.5002803206443787,9.600000000000001,2.0
12,0,0.0,0.5,9.200000000000001,-1.4559197213779975,1.4000000000000001,1.4000000000000001,358.5819396972656,0.49556127190589905,1.0,9.187623023986816,1,0.5001531839370728,9.600000000000001,2.0
12,0,0.0,0.5,9.200000000000001,-1.4559197213779975,1.4000000000000001,1.4000000000000001,359.0819396972656,0.4954722821712494,1.0,9.191987991333008,1,0.5000641942024231,9.600000000000001,2.0
12,0,0.0,0.5,9.200000000000001,-1.4559197213779975,1.4000000000000001,1.4000000000000001,359.5819396972656,0.4954213798046112,1.0,9.196352005004883,1,0.5000132918357849,9.600000000000001,2.0
12,0,0.0,0.5,9.200000000000001,-1.4559197213779975,1.4000000000000001,1.4000000000000001,0.08194465190172195,0.4954086244106293,1.0,9.200715065002441,1,0.500000536441803,9.600000000000001,2.0
12,0,0.0,0.5,9.200000000000001,-1.4559197213779975,1.4000000000000001,1.4000000000000001,0.5819446444511414,0.49543389678001404,1.0,9.205078125,1,0.5000258088111877,9.600000000000001,2.0
12,0,0.0,0.5,9.200000000000001,-1.4559197213779975,1.4000000000000001,1.4000000000000001,1.0819447040557861,0.4954972565174103,1.0,9.209443092346191,1,0.500089168548584,9.600000000000001,2.0
12,0,0.0,0.5,9.200000000000001,-1.4559197213779975,1.4000000000000001,1.4000000000000001,1.5819447040557861,0.495598703622818,1.0,9.2138090133667,1,0.5001906156539917,9.600000000000001,2.0
12,0,0.0,0.5,9.200000000000001,-1.4559197213779975,1.4000000000000001,1.4000000000000001,2.081944704055786,0.0,,,0,0.5003302693367004,9.600000000000001,2.0
12,0,0.0,0.5,9.200000000000001,-1.4559197213779975,1.4000000000000001,1.4000000000000001,2.581944704055786,0.4959162175655365,1.0,9.222546577453613,1,0.5005081295967102,9.600000000000001,2.0
12,0,0.0,0.5,9.200000000000001,-1.4559197213779975,1.4000000000000001,1.4000000000000001,3.081944704055786,0.4961322844028473,1.0,9.226921081542969,1,0.500724196434021,9.600000000000001,2.0
12,0,0.0,0.5,9.200000000000001,-1.4559197213779975,1.4000000000000001,1.4000000000000001,3.581944704055786,0.4963867962360382,1.0,9.23129940032959,1,0.5009787082672119,9.600000000000001,2.0
12,0,0.0,0.5,9.200000000000001,-1.4559197213779975,1.4000000000000001,1.4000000000000001,4.081944465637207,0.4966796934604645,1.0,9.235682487487793,1,0.5012716054916382,9.600000000000001,2.0
12,0,0.0,0.5,9.200000000000001,-1.4559197213779975,1.4000000000000001,1.4000000000000001,4.581944465637207,0.4970111548900604,1.0,9.240070343017578,1,0.5016030669212341,9.600000000000001,2.0
12,0,0.0,0.5,9.200000000000001,-1.4559197213779975,1.4000000000000001,1.4000000000000001,5.081944465637207,0.0,,,0,0.5019732713699341,9.600000000000001,2.0
12,0,0.0,0.5,9.200000000000001,-1.4559197213779975,1.4000000000000001,1.4000000000000001,5.581944465637207,0.49779030680656433,1.0,9.248866081237793,1,0.502382218837738,9.600000000000001,2.0
12,0,0.0,0.5,9.200000000000001,-1.4559197213779975,1.4000000000000001,1.4000000000000001,6.081944465637207,0.0,,,0,0.5028302669525146,9.600000000000001,2.0
12,0,0.0,0.5,9.200000000000001,-1.4559197213779975,1.4000000000000001,1.4000000000000001,6.581944465637207,0.4987255036830902,1.0,9.257692337036133,1,0.5033174157142639,9.600000000000001,2.0
12,0,0.0,0.5,9.200000000000001,-1.4559197213779975,1.4000000000000001,1.4000000000000001,7.081944465637207,0.49925199151039124,1.0,9.262118339538574,1,0.5038439035415649,9.600000000000001,2.0
12,0,0.0,0.5,9.200000000000001,-1.4559197213779975,1.4000000000000001,1.4000000000000001,7.581944465637207,0.4998180568218231,1.0,9.26655387878418,1,0.5044099688529968,9.600000000000001,2.0
12,0,0.0,0.5,9.200000000000001,-1.4559197213779975,1.4000000000000001,1.4000000000000001,8.081944465637207,0.5004238486289978,1.0,9.270999908447266,1,0.5050157904624939,9.600000000000001,2.0
12,0,0.0,0.5,9.200000000000001,-1.4559197213779975,1.4000000000000001,1.4000000000000001,8.581944465637207,0.5010697245597839,1.0,9.275456428527832,1,0.50566166639328,9.600000000000001,2.0
12,0,0.0,0.5,9.200000000000001,-1.4559197213779975,1.4000000000000001,1.4000000000000001,9.081944465637207,0.0,,,0,0.5063477754592896,9.600000000000001,2.0
12,0,0.0,0.5,9.200000000000001,-1.4559197213779975,1.4000000000000001,1.4000000000000001,9.581944465637207,0.0,,,0,0.5070744156837463,9.600000000000001,2.0
12,0,0.0,0.5,9.200000000000001,-1.4559197213779975,1.4000000000000001,1.4000000000000001,10.081944465637207,0.5032499432563782,1.0,9.288901329040527,1,0.5078418850898743,9.600000000000001,2.0
12,0,0.0,0.5,9.200000000000001,-1.4559197213779975,1.4000000000000001,1.4000000000000001,10.581944465637207,0.0,,,0,0.5086504817008972,9.600000000000001,2.0
12,0,0.0,0.5,9.200000000000001,-1.4559197213779975,1.4000000000000001,1.4000000000000001,11.081944465637207,0.504908561706543,1.0,9.297932624816895,1,0.5095005035400391,9.600000000000001,2.0
12,0,0.0,0.5,9.200000000000001,-1.4559197213779975,1.4000000000000001,1.4000000000000001,11.581944465637207,0.5058003664016724,1.0,9.302471160888672,1,0.5103923082351685,9.600000000000001,2.0
12,0,0.0,0.5,9.200000000000001,-1.4559197213779975,1.4000000000000001,1.4000000000000001,12.081944465637207,0.506734311580658,1.0,9.307025909423828,1,0.511326253414154,9.600000000000001,2.0
12,0,0.0,0.5,9.200000000000001,-1.4559197213779975,1.4000000000000001,1.4000000000000001,12.581944465637207,0.5077107548713684,1.0,9.31159782409668,1,0.5123026967048645,9.600000000000001,2.0
12,0,0.0,0.5,9.200000000000001,-1.4559197213779975,1.4000000000000001,1.4000000000000001,13.081944465637207,0.5087301135063171,1.0,9.316187858581543,1,0.5133220553398132,9.600000000000001,2.0
12,0,0.0,0.5,9.200000000000001,-1.4559197213779975,1.4000000000000001,1.4000000000000001,13.581944465637207,0.5097928047180176,1.0,9.320796012878418,1,0.5143847465515137,9.600000000000001,2.0
12,0,0.0,0.5,9.200000000000001,-1.4559197213779975,1.4000000000000001,1.4000000000000001,14.081944465637207,0.5108992457389832,1.0,9.325424194335938,1,0.5154911875724792,9.600000000000001,2.0
12,0,0.0,0.5,9.200000000000001,-1.4559197213779975,1.4000000000000001,1.4000000000000001,14.581944465637207,0.5120498538017273,1.0,9.330072402954102,1,0.5166417956352234,9.600000000000001,2.0
12,0,0.0,0.5,9.200000000000001,-1.4559197213779975,1.4000000000000001,1.4000000000000001,15.081944465637207,0.5132451057434082,1.0,9.334741592407227,1,0.5178370475769043,9.600000000000001,2.0
12,0,0.0,0.5,9.200000000000001,-1.4559197213779975,1.4000000000000001,1.4000000000000001,15.581944465637207,0.5144855976104736,1.0,9.339432716369629,1,0.5190775394439697,9.600000000000001,2.0
12,0,0.0,0.5,9.200000000000001,-1.4559197213779975,1.4000000000000001,1.4000000000000001,16.081945419311523,0.5157716870307922,1.0,9.344146728515625,1,0.5203636288642883,9.600000000000001,2.0
12,0,0.0,0.5,9.200000000000001,-1.4559197213779975,1.4000000000000001,1.4000000000000001,16.581945419311523,0.5171040892601013,1.0,9.348884582519531,1,0.5216960310935974,9.600000000000001,2.0
12,0,0.0,0.5,9.200000000000001,-1.4559197213779975,1.4000000000000001,1.4000000000000001,17.081945419311523,0.5184831619262695,1.0,9.353647232055664,1,0.5230751037597656,9.600000000000001,2.0
12,0,0.0,0.5,9.200000000000001,-1.4559197213779975,1.4000000000000001,1.4000000000000001,17.581945419311523,0.519909679889679,1.0,9.35843563079834,1,0.524501621723175,9.600000000000001,2.0
12,0,0.0,0.5,9.200000000000001,-1.4559197213779975,1.4000000000000001,1.4000000000000001,18.081945419311523,0.0,,,0,0.5259760618209839,9.600000000000001,2.0
12,0,0.0,0.5,9.200000000000001,-1.4559197213779975,1.4000000000000001,1.4000000000000001,18.581945419311523,0.5229071974754333,1.0,9.368093490600586,1,0.5274991393089294,9.600000000000001,2.0
12,0,0.0,0.5,9.200000000000001,-1.4559197213779975,1.4000000000000001,1.4000000000000001,19.081945419311523,0.5244795083999634,1.0,9.372963905334473,1,0.5290714502334595,9.600000000000001,2.0
12,0,0.0,0.5,9.200000000000001,-1.4559197213779975,1.4000000000000001,1.4000000000000001,19.581945419311523,0.5261017084121704,1.0,9.377864837646484,1,0.5306936502456665,9.600000000000001,2.0
12,0,0.0,0.5,9.200000000000001,-1.4559197213779975,1.4000000000000001,1.4000000000000001,20.081945419311523,0.5277746319770813,1.0,9.382795333862305,1,0.5323665738105774,9.600000000000001,2.0
12,0,0.0,0.5,9.200000000000001,-1.4559197213779975,1.4000000000000001,1.4000000000000001,20.581945419311523,0.5294988751411438,1.0,9.387758255004883,1,0.5340908169746399,9.600000000000001,2.0
12,0,0.0,0.5,9.200000000000001,-1.4559197213779975,1.4000000000000001,1.4000000000000001,21.081945419311523,0.5312752723693848,1.0,9.392752647399902,1,0.5358672142028809,9.600000000000001,2.0
12,0,0.0,0.5,9.200000000000001,-1.4559197213779975,1.4000000000000001,1.4000000000000001,21.581945419311523,0.533104658126831,1.0,9.397781372070312,1,0.5376965999603271,9.600000000000001,2.0
12,0,0.0,0.5,9.200000000000001,-1.4559197213779975,1.4000000000000001,1.4000000000000001,22.081945419311523,0.53498774766922,1.0,9.40284538269043,1,0.5395796895027161,9.600000000000001,2.0
12,0,0.0,0.5,9.200000000000001,-1.4559197213779975,1.4000000000000001,1.4000000000000001,22.581945419311523,0.5369254946708679,1.0,9.407944679260254,1,0.541517436504364,9.600000000000001,2.0
12,0,0.0,0.5,9.200000000000001,-1.4559197213779975,1.4000000000000001,1.4000000000000001,23.081945419311523,0.5389187335968018,1.0,9.413082122802734,1,0.5435106754302979,9.600000000000001,2.0
12,0,0.0,0.5,9.200000000000001,-1.4559197213779975,1.4000000000000001,1.4000000000000001,23.581945419311523,0.0,,,0,0.545560359954834,9.600000000000001,2.0
12,0,0.0,0.5,9.200000000000001,-1.4559197213779975,1.4000000000000001,1.4000000000000001,24.081945419311523,0.5430755019187927,1.0,9.423471450805664,1,0.5476674437522888,9.600000000000001,2.0
12,0,0.0,0.5,9.200000000000001,-1.4559197213779975,1.4000000000000001,1.4000000000000001,24.581945419311523,0.5452409386634827,1.0,9.428727149963379,1,0.5498328804969788,9.600000000000001,2.0
12,0,0.0,0.5,9.200000000000001,-1.4559197213779975,1.4000000000000001,1.4000000000000001,25.081945419311523,0.5474657416343689,1.0,9.434024810791016,1,0.552057683467865,9.600000000000001,2.0
12,0,0.0,0.5,9.200000000000001,-1.4559197213779975,1.4000000000000001,1.4000000000000001,25.581945419311523,0.5497510433197021,1.0,9.439366340637207,1,0.5543429851531982,9.600000000000001,2.0
12,0,0.0,0.5,9.200000000000001,-1.4559197213779975,1.4000000000000001,1.4000000000000001,26.081945419311523,0.5520979166030884,1.0,9.444751739501953,1,0.5566898584365845,9.600000000000001,2.0
12,0,0.0,0.5,9.200000000000001,-1.4559197213779975,1.4000000000000001,1.4000000000000001,26.581945419311523,0.5545074939727783,1.0,9.450183868408203,1,0.5590994358062744,9.600000000000001,2.0
12,0,0.0,0.5,9.200000000000001,-1.4559197213779975,1.4000000000000001,1.4000000000000001,27.081945419311523,0.5569809675216675,1.0,9.455663681030273,1,0.5615729093551636,9.600000000000001,2.0
12,0,0.0,0.5,9.200000000000001,-1.4559197213779975,1.4000000000000001,1.4000000000000001,27.581945419311523,0.0,,,0,0.5641115307807922,9.600000000000001,2.0
12,0,0.0,0.5,9.200000000000001,-1.4559197213779975,1.4000000000000001,1.4000000000000001,28.081945419311523,0.5621246099472046,1.0,9.46677303314209,1,0.5667165517807007,9.600000000000001,2.0
12,0,0.0,0.5,9.200000000000001,-1.4559197213779975,1.4000000000000001,1.4000000000000001,28.581945419311523,0.0,,,0,0.5693893432617188,9.600000000000001,2.0
12,0,0.0,0.5,9.200000000000001,-1.4559197213779975,1.4000000000000001,1.4000000000000001,29.081945419311523,0.0,,,0,0.5721312165260315,9.600000000000001,2.0
12,0,0.0,0.5,9.200000000000001,-1.4559197213779975,1.4000000000000001,1.4000000000000001,29.581945419311523,0.5703516602516174,1.0,9.483831405639648,1,0.5749436020851135,9.600000000000001,2.0
12,0,0.0,0.5,9.200000000000001,-1.4559197213779975,1.4000000000000001,1.4000000000000001,30.081945419311523,0.5732360482215881,1.0,9.489629745483398,1,0.5778279900550842,9.600000000000001,2.0
12,0,0.0,0.5,9.200000000000001,-1.4559197213779975,1.4000000000000001,1.4000000000000001,30.581945419311523,0.5761939883232117,1.0,9.49548625946045,1,0.5807859301567078,9.600000000000001,2.0
12,0,0.0,0.5,9.200000000000001,-1.4559197213779975,1.4000000000000001,1.4000000000000001,31.081945419311523,0.579227089881897,1.0,9.501404762268066,1,0.5838190317153931,9.600000000000001,2.0
12,0,0.0,0.5,9.200000000000001,-1.4559197213779975,1.4000000000000001,1.4000000000000001,31.581945419311523,0.5823369026184082,1.0,9.50738525390625,1,0.5869288444519043,9.600000000000001,2.0
12,0,0.0,0.5,9.200000000000001,-1.4559197213779975,1.4000000000000001,1.4000000000000001,32.08194351196289,0.5855252742767334,1.0,9.513429641723633,1,0.5901172161102295,9.600000000000001,2.0
12,0,0.0,0.5,9.200000000000001,-1.4559197213779975,1.4000000000000001,1.4000000000000001,32.58194351196289,0.5887938737869263,1.0,9.51954174041748,1,0.5933858156204224,9.600000000000001,2.0
12,0,0.0,0.5,9.200000000000001,-1.4559197213779975,1.4000000000000001,1.4000000000000001,33.08194351196289,0.5921445488929749,1.0,9.525721549987793,1,0.596736490726471,9.600000000000001,2.0
12,0,0.0,0.5,9.200000000000001,-1.4559197213779975,1.4000000000000001,1.4000000000000001,33.58194351196289,0.5955792665481567,1.0,9.53197193145752,1,0.6001712083816528,9.600000000000001,2.0
12,0,0.0,0.5,9.200000000000001,-1.4559197213779975,1.4000000000000001,1.4000000000000001,34.08194351196289,0.5990999937057495,1.0,9.53829574584961,1,0.6036919355392456,9.600000000000001,2.0
12,0,0.0,0.5,9.200000000000001,-1.4559197213779975,1.4000000000000001,1.4000000000000001,34.58194351196289,0.6027088165283203,1.0,9.544693946838379,1,0.6073007583618164,9.600000000000001,2.0
12,0,0.0,0.5,9.200000000000001,-1.4559197213779975,1.4000000000000001,1.4000000000000001,35.08194351196289,0.606407880783081,1.0,9.551170349121094,1,0.6109998226165771,9.600000000000001,2.0
12,0,0.0,0.5,9.200000000000001,-1.4559197213779975,1.4000000000000001,1.4000000000000001,35.58194351196289,0.6101993322372437,1.0,9.557726860046387,1,0.6147912740707397,9.600000000000001,2.0
12,0,0.0,0.5,9.200000000000001,-1.4559197213779975,1.4000000000000001,1.4000000000000001,36.08194351196289,0.6140855550765991,1.0,9.56436538696289,1,0.6186774969100952,9.600000000000001,2.0
12,0,0.0,0.5,9.200000000000001,-1.4559197213779975,1.4000000000000001,1.4000000000000001,36.58194351196289,0.6180689334869385,1.0,9.571088790893555,1,0.6226608753204346,9.600000000000001,2.0
12,0,0.0,0.5,9.200000000000001,-1.4559197213779975,1.4000000000000001,1.4000000000000001,37.08194351196289,0.6221519708633423,1.0,9.577898979187012,1,0.6267439126968384,9.600000000000001,2.0
12,0,0.0,0.5,9.200000000000001,-1.4559197213779975,1.4000000000000001,1.4000000000000001,37.58194351196289,0.6263372898101807,1.0,9.584800720214844,1,0.6309292316436768,9.600000000000001,2.0
12,0,0.0,0.5,9.200000000000001,-1.4559197213779975,1.4000000000000001,1.4000000000000001,38.08194351196289,0.6306276321411133,1.0,9.591795921325684,1,0.6352195739746094,9.600000000000001,2.0
12,0,0.0,0.5,9.200000000000001,-1.4559197213779975,1.4000000000000001,1.4000000000000001,38.58194351196289,0.635025680065155,1.0,9.598886489868164,1,0.6396176218986511,9.600000000000001,2.0
12,0,0.0,0.5,9.200000000000001,-1.4559197213779975,1.4000000000000001,1.4000000000000001,39.08194351196289,0.6395344734191895,1.0,9.606077194213867,1,0.6441264152526855,9.600000000000001,2.0
12,0,0.0,0.5,9.200000000000001,-1.4559197213779975,1.4000000000000001,1.4000000000000001,39.58194351196289,0.0,,,0,0.6487489938735962,9.600000000000001,2.0
12,0,0.0,0.5,9.200000000000001,-1.4559197213779975,1.4000000000000001,1.4000000000000001,40.08194351196289,0.6488966345787048,1.0,9.620769500732422,1,0.6534885764122009,9.600000000000001,2.0
12,0,0.0,0.5,9.200000000000001,-1.4559197213779975,1.4000000000000001,1.4000000000000001,40.58194351196289,0.6537564396858215,1.0,9.628278732299805,1,0.6583483815193176,9.600000000000001,2.0
12,0,0.0,0.5,9.200000000000001,-1.4559197213779975,1.4000000000000001,1.4000000000000001,41.08194351196289,0.6587399244308472,1.0,9.635900497436523,1,0.6633318662643433,9.600000000000001,2.0
12,0,0.0,0.5,9.200000000000001,-1.4559197213779975,1.4000000000000001,1.4000000000000001,41.58194351196289,0.6638507843017578,1.0,9.64363956451416,1,0.6684427261352539,9.600000000000001,2.0
12,0,0.0,0.5,9.200000000000001,-1.4559197213779975,1.4000000000000001,1.4000000000000001,42.08194351196289,0.0,,,0,0.6736845970153809,9.600000000000001,2.0
12,0,0.0,0.5,9.200000000000001,-1.4559197213779975,1.4000000000000001,1.4000000000000001,42.58194351196289,0.674469530582428,1.0,9.659482955932617,1,0.6790614724159241,9.600000000000001,2.0
12,0,0.0,0.5,9.200000000000001,-1.4559197213779975,1.4000000000000001,1.4000000000000001,43.08194351196289,0.679985523223877,1.0,9.667595863342285,1,0.684577465057373,9.600000000000001,2.0
12,0,0.0,0.5,9.200000000000001,-1.4559197213779975,1.4000000000000001,1.4000000000000001,43.58194351196289,0.685644805431366,1.0,9.675843238830566,1,0.6902367472648621,9.600000000000001,2.0
12,0,0.0,0.5,9.200000000000001,-1.4559197213779975,1.4000000000000001,1.4000000000000001,44.08194351196289,0.691451907157898,1.0,9.68422794342041,1,0.696043848991394,9.600000000000001,2.0
12,0,0.0,0.5,9.200000000000001,-1.4559197213779975,1.4000000000000001,1.4000000000000001,44.58194351196289,0.0,,,0,0.7020033597946167,9.600000000000001,2.0
12,0,0.0,0.5,9.200000000000001,-1.4559197213779975,1.4000000000000001,1.4000000000000001,45.08194351196289,0.7035283446311951,1.0,9.701432228088379,1,0.7081202864646912,9.600000000000001,2.0
12,0,0.0,0.5,9.200000000000001,-1.4559197213779975,1.4000000000000001,1.4000000000000001,45.58194351196289,0.7098076343536377,1.0,9.710261344909668,1,0.7143995761871338,9.600000000000001,2.0
12,0,0.0,0.5,9.200000000000001,-1.4559197213779975,1.4000000000000001,1.4000000000000001,46.08194351196289,0.7162546515464783,1.0,9.719249725341797,1,0.7208465933799744,9.600000000000001,2.0
12,0,0.0,0.5,9.200000000000001,-1.4559197213779975,1.4000000000000001,1.4000000000000001,46.58194351196289,0.7228749990463257,1.0,9.728401184082031,1,0.7274669408798218,9.600000000000001,2.0
12,0,0.0,0.5,9.200000000000001,-1.4559197213779975,1.4000000000000001,1.4000000000000001,47.08194351196289,0.7296745777130127,1.0,9.737724304199219,1,0.7342665195465088,9.600000000000001,2.0
12,0,0.0,0.5,9.200000000000001,-1.4559197213779975,1.4000000000000001,1.4000000000000001,47.58194351196289,0.7366593480110168,1.0,9.747223854064941,1,0.7412512898445129,9.600000000000001,2.0
12,0,0.0,0.5,9.200000000000001,-1.4559197213779975,1.4000000000000001,1.4000000000000001,48.08194351196289,0.0,,,0,0.7484278678894043,9.600000000000001,2.0
12,0,0.0,0.5,9.200000000000001,-1.4559197213779975,1.4000000000000001,1.4000000000000001,48.58194351196289,0.7512108683586121,1.0,9.766778945922852,1,0.7558028101921082,9.600000000000001,2.0
12,0,0.0,0.5,9.200000000000001,-1.4559197213779975,1.4000000000000001,1.4000000000000001,49.08194351196289,0.7587913274765015,1.0,9.776848793029785,1,0.7633832693099976,9.600000000000001,2.0
12,0,0.0,0.5,9.200000000000001,-1.4559197213779975,1.4000000000000001,1.4000000000000001,49.58194351196289,0.7665847539901733,1.0,9.78712272644043,1,0.7711766958236694,9.600000000000001,2.0
12,0,0.0,0.5,9.200000000000001,-1.4559197213779975,1.4000000000000001,1.4000000000000001,50.08194351196289,0.7745988368988037,1.0,9.79761028289795,1,0.7791907787322998,9.600000000000001,2.0
12,0,0.0,0.5,9.200000000000001,-1.4559197213779975,1.4000000000000001,1.4000000000000001,50.58194351196289,0.7828418612480164,1.0,9.808319091796875,1,0.7874338030815125,9.600000000000001,2.0
12,0,0.0,0.5,9.200000000000001,-1.4559197213779975,1.4000000000000001,1.4000000000000001,51.08194351196289,0.7913224697113037,1.0,9.819257736206055,1,0.7959144115447998,9.600000000000001,2.0
12,0,0.0,0.5,9.200000000000001,-1.4559197213779975,1.4000000000000001,1.4000000000000001,51.58194351196289,0.8000496029853821,1.0,9.830434799194336,1,0.8046415448188782,9.600000000000001,2.0
12,0,0.0,0.5,9.200000000000001,-1.4559197213779975,1.4000000000000001,1.4000000000000001,52.08194351196289,0.8090329170227051,1.0,9.8418607711792,1,0.8136248588562012,9.600000000000001,2.0
12,0,0.0,0.5,9.200000000000001,-1.4559197213779975,1.4000000000000001,1.4000000000000001,52.58194351196289,0.818282425403595,1.0,9.853546142578125,1,0.8228743672370911,9.600000000000001,2.0
12,0,0.0,0.5,9.200000000000001,-1.4559197213779975,1.4000000000000001,1.4000000000000001,53.08194351196289,0.8278088569641113,1.0,9.865500450134277,1,0.8324007987976074,9.600000000000001,2.0
12,0,0.0,0.5,9.200000000000001,-1.4559197213779975,1.4000000000000001,1.4000000000000001,53.58194351196289,0.8376232385635376,1.0,9.87773609161377,1,0.8422151803970337,9.600000000000001,2.0
12,0,0.0,0.5,9.200000000000001,-1.4559197213779975,1.4000000000000001,1.4000000000000001,54.08194351196289,0.8477375507354736,1.0,9.890264511108398,1,0.8523294925689697,9.600000000000001,2.0
12,0,0.0,0.5,9.200000000000001,-1.4559197213779975,1.4000000000000001,1.4000000000000001,54.58194351196289,0.8581642508506775,1.0,9.903099060058594,1,0.8627561926841736,9.600000000000001,2.0
12,0,0.0,0.5,9.200000000000001,-1.4559197213779975,1.4000000000000001,1.4000000000000001,55.08194351196289,0.0,,,0,0.8735084533691406,9.600000000000001,2.0
12,0,0.0,0.5,9.200000000000001,-1.4559197213779975,1.4000000000000001,1.4000000000000001,55.58194351196289,0.8800083994865417,1.0,9.92973804473877,1,0.8846003413200378,9.600000000000001,2.0
12,0,0.0,0.5,9.200000000000001,-1.4559197213779975,1.4000000000000001,1.4000000000000001,56.08194351196289,0.8914547562599182,1.0,9.943572044372559,1,0.8960466980934143,9.600000000000001,2.0
12,0,0.0,0.5,9.200000000000001,-1.4559197213779975,1.4000000000000001,1.4000000000000001,56.58194351196289,0.9032711982727051,1.0,9.957770347595215,1,0.9078631401062012,9.600000000000001,2.0
12,0,0.0,0.5,9.200000000000001,-1.4559197213779975,1.4000000000000001,1.4000000000000001,57.08194351196289,0.915474534034729,1.0,9.9723482131958,1,0.9200664758682251,9.600000000000001,2.0
12,0,0.0,0.5,9.200000000000001,-1.4559197213779975,1.4000000000000001,1.4000000000000001,57.58194351196289,0.9280823469161987,1.0,9.987325668334961,1,0.9326742887496948,9.600000000000001,2.0
12,0,0.0,0.5,9.200000000000001,-1.4559197213779975,1.4000000000000001,1.4000000000000001,58.08194351196289,0.9411135315895081,1.0,10.00271987915039,1,0.9457054734230042,9.600000000000001,2.0
12,0,0.0,0.5,9.200000000000001,-1.4559197213779975,1.4000000000000001,1.4000000000000001,58.58194351196289,0.9545880556106567,1.0,10.018550872802734,1,0.9591799974441528,9.600000000000001,2.0
12,0,0.0,0.5,9.200000000000001,-1.4559197213779975,1.4000000000000001,1.4000000000000001,59.08194351196289,0.9685273170471191,1.0,10.034841537475586,1,0.9731192588806152,9.600000000000001,2.0
12,0,0.0,0.5,9.200000000000001,-1.4559197213779975,1.4000000000000001,1.4000000000000001,59.58194351196289,0.9829540252685547,1.0,10.051614761352539,1,0.9875459671020508,9.600000000000001,2.0
12,0,0.0,0.5,9.200000000000001,-1.4559197213779975,1.4000000000000001,1.4000000000000001,60.08194351196289,0.9978923797607422,1.0,10.068892478942871,1,1.0024843215942383,9.600000000000001,2.0
12,0,0.0,0.5,9.200000000000001,-1.4559197213779975,1.4000000000000001,1.4000000000000001,60.58194351196289,1.0133683681488037,1.0,10.086703300476074,1,1.0179603099822998,9.600000000000001,2.0
12,0,0.0,0.5,9.200000000000001,-1.4559197213779975,1.4000000000000001,1.4000000000000001,61.08194351196289,1.029409646987915,1.0,10.105073928833008,1,1.0340015888214111,9.600000000000001,2.0
12,0,0.0,0.5,9.200000000000001,-1.4559197213779975,1.4000000000000001,1.4000000000000001,61.58194351196289,1.0460458993911743,1.0,10.124034881591797,1,1.0506378412246704,9.600000000000001,2.0
12,0,0.0,0.5,9.200000000000001,-1.4559197213779975,1.4000000000000001,1.4000000000000001,62.08194351196289,1.063308835029602,1.0,10.143616676330566,1,1.0679007768630981,9.600000000000001,2.0
12,0,0.0,0.5,9.200000000000001,-1.4559197213779975,1.4000000000000001,1.4000000000000001,62.58194351196289,1.0812326669692993,1.0,10.163854598999023,1,1.0858246088027954,9.600000000000001,2.0
12,0,0.0,0.5,9.200000000000001,-1.4559197213779975,1.4000000000000001,1.4000000000000001,63.08194351196289,1.0998538732528687,1.0,10.184784889221191,1,1.1044458150863647,9.600000000000001,2.0
12,0,0.0,0.5,9.200000000000001,-1.4559197213779975,1.4000000000000001,1.4000000000000001,63.58194351196289,1.1192121505737305,1.0,10.206446647644043,1,1.1238040924072266,9.600000000000001,2.0
12,0,0.0,0.5,9.200000000000001,-1.4559197213779975,1.4000000000000001,1.4000000000000001,64.08194732666016,1.1393496990203857,1.0,10.228883743286133,1,1.1439416408538818,9.600000000000001,2.0
12,0,0.0,0.5,9.200000000000001,-1.4559197213779975,1.4000000000000001,1.4000000000000001,64.58194732666016,1.1603124141693115,1.0,10.252141952514648,1,1.1649043560028076,9.600000000000001,2.0
12,0,0.0,0.5,9.200000000000001,-1.4559197213779975,1.4000000000000001,1.4000000000000001,65.08194732666016,0.0,,,0,1.186741828918457,9.600000000000001,2.0
12,0,0.0,0.5,9.200000000000001,-1.4559197213779975,1.4000000000000001,1.4000000000000001,65.58194732666016,1.2049156427383423,1.0,10.301321029663086,1,1.2095075845718384,9.600000000000001,2.0
12,0,0.0,0.5,9.200000000000001,-1.4559197213779975,1.4000000000000001,1.4000000000000001,66.08194732666016,1.2286676168441772,1.0,10.327354431152344,1,1.2332595586776733,9.600000000000001,2.0
12,0,0.0,0.5,9.200000000000001,-1.4559197213779975,1.4000000000000001,1.4000000000000001,66.58194732666016,0.0,,,0,1.2580608129501343,9.600000000000001,2.0
12,0,0.0,0.5,9.200000000000001,-1.4559197213779975,1.4000000000000001,1.4000000000000001,67.08194732666016,1.2793878316879272,1.0,10.382625579833984,1,1.2839797735214233,9.600000000000001,2.0
12,0,0.0,0.5,9.200000000000001,-1.4559197213779975,1.4000000000000001,1.4000000000000001,67.58194732666016,1.3064993619918823,1.0,10.412006378173828,1,1.3110913038253784,9.600000000000001,2.0
12,0,0.0,0.5,9.200000000000001,-1.4559197213779975,1.4000000000000001,1.4000000000000001,68.08194732666016,1.3348846435546875,1.0,10.442657470703125,1,1.3394765853881836,9.600000000000001,2.0
12,0,0.0,0.5,9.200000000000001,-1.4559197213779975,1.4000000000000001,1.4000000000000001,68.58194732666016,1.3646327257156372,1.0,10.4746675491333,1,1.3692246675491333,9.600000000000001,2.0
12,0,0.0,0.5,9.200000000000001,-1.4559197213779975,1.4000000000000001,1.4000000000000001,69.08194732666016,1.3958412408828735,1.0,10.508133888244629,1,1.4004331827163696,9.600000000000001,2.0
12,0,0.0,0.5,9.200000000000001,-1.4559197213779975,1.4000000000000001,1.4000000000000001,69.58194732666016,1.4286173582077026,1.0,10.543164253234863,1,1.4332093000411987,9.600000000000001,2.0
12,0,0.0,0.5,9.200000000000001,-1.4559197213779975,1.4000000000000001,1.4000000000000001,70.08194732666016,1.4630788564682007,1.0,10.579875946044922,1,1.4676707983016968,9.600000000000001,2.0
12,0,0.0,0.5,9.200000000000001,-1.4559197213779975,1.4000000000000001,1.4000000000000001,70.58194732666016,1.4993557929992676,1.0,10.618400573730469,1,1.5039477348327637,9.600000000000001,2.0
12,0,0.0,0.5,9.200000000000001,-1.4559197213779975,1.4000000000000001,1.4000000000000001,71.08194732666016,0.0,,,0,1.5421839952468872,9.600000000000001,2.0
12,0,0.0,0.5,9.200000000000001,-1.4559197213779975,1.4000000000000001,1.4000000000000001,71.58194732666016,1.5779467821121216,1.0,10.701475143432617,1,1.5825387239456177,9.600000000000001,2.0
12,0,0.0,0.5,9.200000000000001,-1.4559197213779975,1.4000000000000001,1.4000000000000001,72.08194732666016,1.6205973625183105,1.0,10.746363639831543,1,1.6251893043518066,9.600000000000001,2.0
12,0,0.0,0.5,9.200000000000001,-1.4559197213779975,1.4000000000000001,1.4000000000000001,72.58194732666016,1.665741205215454,1.0,10.793742179870605,1,1.6703331470489502,9.600000000000001,2.0
12,0,0.0,0.5,9.200000000000001,-1.4559197213779975,1.4000000000000001,1.4000000000000001,73.08194732666016,1.7135993242263794,1.0,10.843831062316895,1,1.7181912660598755,9.600000000000001,2.0
12,0,0.0,0.5,9.200000000000001,-1.4559197213779975,1.4000000000000001,1.4000000000000001,73.58194732666016,1.764419436454773,1.0,10.896880149841309,1,1.769011378288269,9.600000000000001,2.0
12,0,0.0,0.5,9.200000000000001,-1.4559197213779975,1.4000000000000001,1.4000000000000001,74.08194732666016,1.8184804916381836,1.0,10.953166961669922,1,1.8230724334716797,9.600000000000001,2.0
12,0,0.0,0.5,9.200000000000001,-1.4559197213779975,1.4000000000000001,1.4000000000000001,74.58194732666016,1.8760977983474731,1.0,11.013007164001465,1,1.8806897401809692,9.600000000000001,2.0
12,0,0.0,0.5,9.200000000000001,-1.4559197213779975,1.4000000000000001,1.4000000000000001,75.08194732666016,1.9310530424118042,0.9983072280883789,11.070404052734375,1,1.9356449842453003,9.600000000000001,2.0
12,0,0.0,0.5,9.200000000000001,-1.4559197213779975,1.4000000000000001,1.4000000000000001,75.58194732666016,0.0,,,0,1.9312286376953125,9.600000000000001,2.0
12,0,0.0,0.5,9.200000000000001,-1.4559197213779975,1.4000000000000001,1.4000000000000001,76.08194732666016,1.9223867654800415,0.9635037779808044,11.070404052734375,1,1.9269787073135376,9.600000000000001,2.0
12,0,0.0,0.5,9.200000000000001,-1.4559197213779975,1.4000000000000001,1.4000000000000001,76.58194732666016,1.9183017015457153,0.9462159872055054,11.070404052734375,1,1.9228936433792114,9.600000000000001,2.0
12,0,0.0,0.5,9.200000000000001,-1.4559197213779975,1.4000000000000001,1.4000000000000001,77.08194732666016,1.9143797159194946,0.9290000796318054,11.070404052734375,1,1.9189716577529907,9.600000000000001,2.0
12,0,0.0,0.5,9.200000000000001,-1.4559197213779975,1.4000000000000001,1.4000000000000001,77.58194732666016,1.9106193780899048,0.9118529558181763,11.070404052734375,1,1.9152113199234009,9.600000000000001,2.0
12,0,0.0,0.5,9.200000000000001,-1.4559197213779975,1.4000000000000001,1.4000000000000001,78.08194732666016,0.0,,,0,1.9116108417510986,9.600000000000001,2.0
12,0,0.0,0.5,9.200000000000001,-1.4559197213779975,1.4000000000000001,1.4000000000000001,78.58194732666016,1.9035769701004028,0.8777530193328857,11.070404052734375,1,1.908168911933899,9.600000000000001,2.0
12,0,0.0,0.5,9.200000000000001,-1.4559197213779975,1.4000000000000001,1.4000000000000001,79.08194732666016,1.9002922773361206,0.8607943654060364,11.070404052734375,1,1.9048842191696167,9.600000000000001,2.0
12,0,0.0,0.5,9.200000000000001,-1.4559197213779975,1.4000000000000001,1.4000000000000001,79.58194732666016,0.0,,,0,1.9017553329467773,9.600000000000001,2.0
12,0,0.0,0.5,9.200000000000001,-1.4559197213779975,1.4000000000000001,1.4000000000000001,80.08194732666016,1.8941892385482788,0.8270451426506042,11.070404052734375,1,1.898781180381775,9.600000000000001,2.0
12,0,0.0,0.5,9.200000000000001,-1.4559197213779975,1.4000000000000001,1.4000000000000001,80.58194732666016,1.8913683891296387,0.8102489709854126,11.070404052734375,1,1.8959603309631348,9.600000000000001,2.0
12,0,0.0,0.5,9.200000000000001,-1.4559197213779975,1.4000000000000001,1.4000000000000001,81.08194732666016,1.888700008392334,0.7935013771057129,11.070404052734375,1,1.89329195022583,9.600000000000001,2.0
12,0,0.0,0.5,9.200000000000001,-1.4559197213779975,1.4000000000000001,1.4000000000000001,81.58194732666016,1.8861829042434692,0.7767995595932007,11.070404052734375,1,1.8907748460769653,9.600000000000001,2.0
12,0,0.0,0.5,9.200000000000001,-1.4559197213779975,1.4000000000000001,1.4000000000000001,82.08194732666016,1.8838160037994385,0.7601407766342163,11.070404052734375,1,1.8884079456329346,9.600000000000001,2.0
12,0,0.0,0.5,9.200000000000001,-1.4559197213779975,1.4000000000000001,1.4000000000000001,82.58194732666016,1.8815985918045044,0.7435224652290344,11.070404052734375,1,1.8861905336380005,9.600000000000001,2.0
12,0,0.0,0.5,9.200000000000001,-1.4559197213779975,1.4000000000000001,1.4000000000000001,83.08194732666016,1.879529595375061,0.7269418239593506,11.070404052734375,1,1.8841215372085571,9.600000000000001,2.0
12,0,0.0,0.5,9.200000000000001,-1.4559197213779975,1.4000000000000001,1.4000000000000001,83.58194732666016,1.877608299255371,0.7103962898254395,11.070404052734375,1,1.8822002410888672,9.600000000000001,2.0
12,0,0.0,0.5,9.200000000000001,-1.4559197213779975,1.4000000000000001,1.4000000000000001,84.08194732666016,1.8758341073989868,0.6938831806182861,11.070404052734375,1,1.880426049232483,9.600000000000001,2.0
12,0,0.0,0.5,9.200000000000001,-1.4559197213779975,1.4000000000000001,1.4000000000000001,84.58194732666016,1.8742060661315918,0.6773999333381653,11.070404052734375,1,1.878798007965088,9.600000000000001,2.0
12,0,0.0,0.5,9.200000000000001,-1.4559197213779975,1.4000000000000001,1.4000000000000001,85.08194732666016,1.8727238178253174,0.6609439253807068,11.070404052734375,1,1.8773157596588135,9.600000000000001,2.0
12,0,0.0,0.5,9.200000000000001,-1.4559197213779975,1.4000000000000001,1.4000000000000001,85.58194732666016,1.8713865280151367,0.6445126533508301,11.070404052734375,1,1.8759784698486328,9.600000000000001,2.0
12,0,0.0,0.5,9.200000000000001,-1.4559197213779975,1.4000000000000001,1.4000000000000001,86.08194732666016,1.8701938390731812,0.628103494644165,11.070404052734375,1,1.8747857809066772,9.600000000000001,2.0
12,0,0.0,0.5,9.200000000000001,-1.4559197213779975,1.4000000000000001,1.4000000000000001,86.58194732666016,1.8691452741622925,0.6117140054702759,11.070404052734375,1,1.8737372159957886,9.600000000000001,2.0
12,0,0.0,0.5,9.200000000000001,-1.4559197213779975,1.4000000000000001,1.4000000000000001,87.08194732666016,1.868240475654602,0.5953415036201477,11.070404052734375,1,1.8728324174880981,9.600000000000001,2.0
12,0,0.0,0.5,9.200000000000001,-1.4559197213779975,1.4000000000000001,1.4000000000000001,87.58194732666016,1.8674790859222412,0.5789836049079895,11.070404052734375,1,1.8720710277557373,9.600000000000001,2.0
12,0,0.0,0.5,9.200000000000001,-1.4559197213779975,1.4000000000000001,1.4000000000000001,88.08194732666016,1.8668606281280518,0.5626377463340759,11.070404052734375,1,1.8714525699615479,9.600000000000001,2.0
12,0,0.0,0.5,9.200000000000001,-1.4559197213779975,1.4000000000000001,1.4000000000000001,88.58194732666016,0.0,,,0,1.8709770441055298,9.600000000000001,2.0
12,0,0.0,0.5,9.200000000000001,-1.4559197213779975,1.4000000000000001,1.4000000000000001,89.08194732666016,1.866052269935608,0.5299721956253052,11.070404052734375,1,1.870644211769104,9.600000000000001,2.0
12,0,0.0,0.5,9.200000000000001,-1.4559197213779975,1.4000000000000001,1.4000000000000001,89.58194732666016,1.8658618927001953,0.5136475563049316,11.070404052734375,1,1.8704538345336914,9.600000000000001,2.0
12,0,0.0,0.5,9.200000000000001,-1.4559197213779975,1.4000000000000001,1.4000000000000001,90.08194732666016,1.8658140897750854,0.49732494354248047,11.070404052734375,1,1.8704060316085815,9.600000000000001,2.0
12,0,0.0,0.5,9.200000000000001,-1.4559197213779975,1.4000000000000001,1.4000000000000001,90.58194732666016,1.8659086227416992,0.48100194334983826,11.070404052734375,1,1.8705005645751953,9.600000000000001,2.0
12,0,0.0,0.5,9.200000000000001,-1.4559197213779975,1.4000000000000001,1.4000000000000001,91.08194732666016,1.8661456108093262,0.46467602252960205,11.070404052734375,1,1.8707375526428223,9.600000000000001,2.0
12,0,0.0,0.5,9.200000000000001,-1.4559197213779975,1.4000000000000001,1.4000000000000001,91.58194732666016,0.0,,,0,1.8711172342300415,9.600000000000001,2.0
12,0,0.0,0.5,9.200000000000001,-1.4559197213779975,1.4000000000000001,1.4000000000000001,92.08194732666016,1.8670475482940674,0.4320055842399597,11.070404052734375,1,1.8716394901275635,9.600000000000001,2.0
12,0,0.0,0.5,9.200000000000001,-1.4559197213779975,1.4000000000000001,1.4000000000000001,92.58194732666016,1.8677128553390503,0.41565605998039246,11.070404052734375,1,1.8723047971725464,9.600000000000001,2.0
12,0,0.0,0.5,9.200000000000001,-1.4559197213779975,1.4000000000000001,1.4000000000000001,93.08194732666016,1.8685212135314941,0.3992936611175537,11.070404052734375,1,1.8731131553649902,9.600000000000001,2.0
12,0,0.0,0.5,9.200000000000001,-1.4559197213779975,1.4000000000000001,1.4000000000000001,93.58194732666016,1.8694732189178467,0.3829158842563629,11.070404052734375,1,1.8740651607513428,9.600000000000001,2.0
12,0,0.0,0.5,9.200000000000001,-1.4559197213779975,1.4000000000000001,1.4000000000000001,94.08194732666016,1.870568871498108,0.3665201961994171,11.070404052734375,1,1.875160813331604,9.600000000000001,2.0
12,0,0.0,0.5,9.200000000000001,-1.4559197213779975,1.4000000000000001,1.4000000000000001,94.58194732666016,1.8718088865280151,0.35010406374931335,11.070404052734375,1,1.8764008283615112,9.600000000000001,2.0
12,0,0.0,0.5,9.200000000000001,-1.4559197213779975,1.4000000000000001,1.4000000000000001,95.08194732666016,1.873193621635437,0.33366498351097107,11.070404052734375,1,1.877785563468933,9.600000000000001,2.0
12,0,0.0,0.5,9.200000000000001,-1.4559197213779975,1.4000000000000001,1.4000000000000001,95.58194732666016,1.8747236728668213,0.31720033288002014,11.070404052734375,1,1.8793156147003174,9.600000000000001,2.0
12,0,0.0,0.5,9.200000000000001,-1.4559197213779975,1.4000000000000001,1.4000000000000001,96.08194732666016,1.8763995170593262,0.3007075786590576,11.070404052734375,1,1.8809914588928223,9.600000000000001,2.0
12,1,0.0,1.4000000000000001,1.4000000000000001,-0.09347678115858947,7.800000000000001,0.8,174.64418029785156,3.90728759765625,-2.498779535293579,1.7655105590820312,1,3.9158754348754883,9.600000000000001,2.0
12,1,0.0,1.4000000000000001,1.4000000000000001,-0.09347678115858947,7.800000000000001,0.8,175.14418029785156,3.904235363006592,-2.498779535293579,1.731215476989746,1,3.91282320022583,9.600000000000001,2.0
12,1,0.0,1.4000000000000001,1.4000000000000001,-0.09347678115858947,7.800000000000001,0.8,175.64418029785156,3.9014856815338135,-2.498779535293579,1.6969711780548096,1,3.9100735187530518,9.600000000000001,2.0
12,1,0.0,1.4000000000000001,1.4000000000000001,-0.09347678115858947,7.800000000000001,0.8,176.14418029785156,3.8990368843078613,-2.498779535293579,1.6627724170684814,1,3.9076247215270996,9.600000000000001,2.0
12,1,0.0,1.4000000000000001,1.4000000000000001,-0.09347678115858947,7.800000000000001,0.8,176.64418029785156,3.8968887329101562,-2.498779535293579,1.6286137104034424,1,3.9054765701293945,9.600000000000001,2.0
12,1,0.0,1.4000000000000001,1.4000000000000001,-0.09347678115858947,7.800000000000001,0.8,177.14418029785156,3.8950397968292236,-2.498779535293579,1.5944900512695312,1,3.903627634048462,9.600000000000001,2.0
12,1,0.0,1.4000000000000001,1.4000000000000001,-0.09347678115858947,7.800000000000001,0.8,177.64418029785156,3.8934895992279053,-2.498779535293579,1.5603961944580078,1,3.9020774364471436,9.600000000000001,2.0
12,1,0.0,1.4000000000000001,1.4000000000000001,-0.09347678115858947,7.800000000000001,0.8,178.14418029785156,3.892237901687622,-2.498779535293579,1.5263266563415527,1,3.9008257389068604,9.600000000000001,2.0
12,1,0.0,1.4000000000000001,1.4000000000000001,-0.09347678115858947,7.800000000000001,0.8,178.64418029785156,0.0,,,0,3.899871349334717,9.600000000000001,2.0
12,1,0.0,1.4000000000000001,1.4000000000000001,-0.09347678115858947,7.800000000000001,0.8,179.14418029785156,3.8906266689300537,-2.498779535293579,1.458240270614624,1,3.899214506149292,9.600000000000001,2.0
12,1,0.0,1.4000000000000001,1.4000000000000001,-0.09347678115858947,7.800000000000001,0.8,179.64418029785156,3.8902668952941895,-2.498779535293579,1.42421293258667,1,3.8988547325134277,9.600000000000001,2.0
12,1,0.0,1.4000000000000001,1.4000000000000001,-0.09347678115858947,7.800000000000001,0.8,180.14418029785156,3.8902041912078857,-2.498779535293579,1.3901894092559814,1,3.898792028427124,9.600000000000001,2.0
12,1,0.0,1.4000000000000001,1.4000000000000001,-0.09347678115858947,7.800000000000001,0.8,180.64418029785156,3.8904380798339844,-2.498779535293579,1.3561642169952393,1,3.8990259170532227,9.600000000000001,2.0
12,1,0.0,1.4000000000000001,1.4000000000000001,-0.09347678115858947,7.800000000000001,0.8,181.14418029785156,3.8909692764282227,-2.498779535293579,1.3221324682235718,1,3.899557113647461,9.600000000000001,2.0
12,1,0.0,1.4000000000000001,1.4000000000000001,-0.09347678115858947,7.800000000000001,0.8,181.64418029785156,3.8917975425720215,-2.498779535293579,1.2880889177322388,1,3.9003853797912598,9.600000000000001,2.0
12,1,0.0,1.4000000000000001,1.4000000000000001,-0.09347678115858947,7.800000000000001,0.8,182.14418029785156,3.892923355102539,-2.498779535293579,1.2540282011032104,1,3.9015111923217773,9.600000000000001,2.0
12,1,0.0,1.4000000000000001,1.4000000000000001,-0.09347678115858947,7.800000000000001,0.8,182.64418029785156,0.0,,,0,3.902935028076172,9.600000000000001,2.0
12,1,0.0,1.4000000000000001,1.4000000000000001,-0.09347678115858947,7.800000000000001,0.8,183.14418029785156,3.8960695266723633,-2.498779535293579,1.1858347654342651,1,3.9046573638916016,9.600000000000001,2.0
12,1,0.0,1.4000000000000001,1.4000000000000001,-0.09347678115858947,7.800000000000001,0.8,183.64418029785156,3.8980908393859863,-2.498779535293579,1.1516915559768677,1,3.9066786766052246,9.600000000000001,2.0
12,1,0.0,1.4000000000000001,1.4000000000000001,-0.09347678115858947,7.800000000000001,0.8,184.14418029785156,3.9004123210906982,-2.498779535293579,1.117510437965393,1,3.9090001583099365,9.600000000000001,2.0
12,1,0.0,1.4000000000000001,1.4000000000000001,-0.09347678115858947,7.800000000000001,0.8,184.64418029785156,3.9030346870422363,-2.498779535293579,1.0832860469818115,1,3.9116225242614746,9.600000000000001,2.0
12,1,0.0,1.4000000000000001,1.4000000000000001,-0.09347678115858947,7.800000000000001,0.8,185.14418029785156,3.905958652496338,-2.498779535293579,1.0490131378173828,1,3.914546489715576,9.600000000000001,2.0
12,1,0.0,1.4000000000000001,1.4000000000000001,-0.09347678115858947,7.800000000000001,0.8,185.64418029785156,3.9091856479644775,-2.498779535293579,1.0146862268447876,1,3.917773485183716,9.600000000000001,2.0
12,1,0.0,1.4000000000000001,1.4000000000000001,-0.09347678115858947,7.800000000000001,0.8,186.14418029785156,3.912716865539551,-2.498779535293579,0.9803001284599304,1,3.921304702758789,9.600000000000001,2.0
12,1,0.0,1.4000000000000001,1.4000000000000001,-0.09347678115858947,7.800000000000001,0.8,186.64418029785156,3.916553497314453,-2.498779535293579,0.9458493590354919,1,3.9251413345336914,9.600000000000001,2.0
12,1,0.0,1.4000000000000001,1.4000000000000001,-0.09347678115858947,7.800000000000001,0.8,187.14418029785156,0.0,,,0,3.9292852878570557,9.600000000000001,2.0
12,1,0.0,1.4000000000000001,1.4000000000000001,-0.09347678115858947,7.800000000000001,0.8,187.64418029785156,3.92514967918396,-2.498779535293579,0.8767319321632385,1,3.9337375164031982,9.600000000000001,2.0
12,1,0.0,1.4000000000000001,1.4000000000000001,-0.09347678115858947,7.800000000000001,0.8,188.14418029785156,3.929912567138672,-2.498779535293579,0.8420543074607849,1,3.93850040435791,9.600000000000001,2.0
12,1,0.0,1.4000000000000001,1.4000000000000001,-0.09347678115858947,7.800000000000001,0.8,188.64418029785156,3.9349875450134277,-2.498779535293579,0.8072899580001831,1,3.943575382232666,9.600000000000001,2.0
12,1,0.0,1.4000000000000001,1.4000000000000001,-0.09347678115858947,7.800000000000001,0.8,189.14418029785156,3.9403767585754395,-2.498779535293579,0.7724332213401794,1,3.9489645957946777,9.600000000000001,2.0
12,1,0.0,1.4000000000000001,1.4000000000000001,-0.09347678115858947,7.800000000000001,0.8,189.64418029785156,3.946082353591919,-2.498779535293579,0.7374784350395203,1,3.9546701908111572,9.600000000000001,2.0
12,1,0.0,1.4000000000000001,1.4000000000000001,-0.09347678115858947,7.800000000000001,0.8,190.14418029785156,3.952106475830078,-2.498779535293579,0.7024198174476624,1,3.9606943130493164,9.600000000000001,2.0
12,1,0.0,1.4000000000000001,1.4000000000000001,-0.09347678115858947,7.800000000000001,0.8,190.64418029785156,3.958451747894287,-2.498779535293579,0.6672515273094177,1,3.9670395851135254,9.600000000000001,2.0
12,1,0.0,1.4000000000000001,1.4000000000000001,-0.09347678115858947,7.800000000000001,0.8,191.14418029785156,3.965120315551758,-2.498779535293579,0.6319677233695984,1,3.973708152770996,9.600000000000001,2.0
12,1,0.0,1.4000000000000001,1.4000000000000001,-0.09347678115858947,7.800000000000001,0.8,191.64418029785156,3.9721148014068604,-2.498779535293579,0.596562385559082,1,3.9807026386260986,9.600000000000001,2.0
12,1,0.0,1.4000000000000001,1.4000000000000001,-0.09347678115858947,7.800000000000001,0.8,192.14418029785156,3.979438543319702,-2.498779535293579,0.5610294342041016,1,3.9880263805389404,9.600000000000001,2.0
12,1,0.0,1.4000000000000001,1.4000000000000001,-0.09347678115858947,7.800000000000001,0.8,192.64418029785156,3.987093925476074,-2.498779535293579,0.5253628492355347,1,3.9956817626953125,9.600000000000001,2.0
12,1,0.0,1.4000000000000001,1.4000000000000001,-0.09347678115858947,7.800000000000001,0.8,193.14418029785156,3.995084285736084,-2.498779535293579,0.48955628275871277,1,4.003672122955322,9.600000000000001,2.0
12,1,0.0,1.4000000000000001,1.4000000000000001,-0.09347678115858947,7.800000000000001,0.8,193.64418029785156,4.00341272354126,-2.498779535293579,0.45360347628593445,1,4.012000560760498,9.600000000000001,2.0
12,1,0.0,1.4000000000000001,1.4000000000000001,-0.09347678115858947,7.800000000000001,0.8,194.14418029785156,4.012082576751709,-2.498779535293579,0.41749802231788635,1,4.020670413970947,9.600000000000001,2.0
12,1,0.0,1.4000000000000001,1.4000000000000001,-0.09347678115858947,7.800000000000001,0.8,194.64418029785156,4.0210981369018555,-2.498779535293579,0.38123342394828796,1,4.029685974121094,9.600000000000001,2.0
12,1,0.0,1.4000000000000001,1.4000000000000001,-0.09347678115858947,7.800000000000001,0.8,195.14418029785156,4.03046178817749,-2.498779535293579,0.3448030650615692,1,4.0390496253967285,9.600000000000001,2.0
12,1,0.0,1.4000000000000001,1.4000000000000001,-0.09347678115858947,7.800000000000001,0.8,195.64418029785156,4.040178298950195,-2.498779535293579,0.3082002103328705,1,4.048766136169434,9.600000000000001,2.0
12,1,0.0,1.4000000000000001,1.4000000000000001,-0.09347678115858947,7.800000000000001,0.8,196.14418029785156,4.0502519607543945,-2.498779535293579,0.2714180052280426,1,4.058839797973633,9.600000000000001,2.0
12,1,0.0,1.4000000000000001,1.4000000000000001,-0.09347678115858947,7.800000000000001,0.8,196.64418029785156,4.060686111450195,-2.498779535293579,0.23444947600364685,1,4.069273948669434,9.600000000000001,2.0
12,1,0.0,1.4000000000000001,1.4000000000000001,-0.09347678115858947,7.800000000000001,0.8,197.14418029785156,4.07148551940918,-2.498779535293579,0.19728755950927734,1,4.080073356628418,9.600000000000001,2.0
12,1,0.0,1.4000000000000001,1.4000000000000001,-0.09347678115858947,7.800000000000001,0.8,197.64418029785156,4.08265495300293,-2.498779535293579,0.15992502868175507,1,4.091242790222168,9.600000000000001,2.0
12,1,0.0,1.4000000000000001,1.4000000000000001,-0.09347678115858947,7.800000000000001,0.8,198.14418029785156,4.094199180603027,-2.498779535293579,0.12235448509454727,1,4.102787017822266,9.600000000000001,2.0
12,1,0.0,1.4000000000000001,1.4000000000000001,-0.09347678115858947,7.800000000000001,0.8,198.64418029785156,4.1061224937438965,-2.498779535293579,0.08456844091415405,1,4.114710330963135,9.600000000000001,2.0
12,1,0.0,1.4000000000000001,1.4000000000000001,-0.09347678115858947,7.800000000000001,0.8,199.14418029785156,4.118431091308594,-2.498779535293579,0.046559229493141174,1,4.127018928527832,9.600000000000001,2.0
12,1,0.0,1.4000000000000001,1.4000000000000001,-0.09347678115858947,7.800000000000001,0.8,199.64418029785156,4.131129264831543,-2.498779535293579,0.008319016546010971,1,4.139717102050781,9.600000000000001,2.0
12,1,0.0,1.4000000000000001,1.4000000000000001,-0.09347678115858947,7.800000000000001,0.8,200.14418029785156,0.0,,,0,4.152811050415039,9.600000000000001,2.0
12,1,0.0,1.4000000000000001,1.4000000000000001,-0.09347678115858947,7.800000000000001,0.8,200.64418029785156,4.157718658447266,-2.498779535293579,-0.06888653337955475,1,4.166306495666504,9.600000000000001,2.0
12,1,0.0,1.4000000000000001,1.4000000000000001,-0.09347678115858947,7.800000000000001,0.8,201.14418029785156,4.171621322631836,-2.498779535293579,-0.10786838084459305,1,4.180209159851074,9.600000000000001,2.0
12,1,0.0,1.4000000000000001,1.4000000000000001,-0.09347678115858947,7.800000000000001,0.8,201.64418029785156,4.185937881469727,-2.498779535293579,-0.14711426198482513,1,4.194525718688965,9.600000000000001,2.0
12,1,0.0,1.4000000000000001,1.4000000000000001,-0.09347678115858947,7.800000000000001,0.8,202.14418029785156,4.200674057006836,-2.498779535293579,-0.18663290143013,1,4.209261894226074,9.600000000000001,2.0
12,1,0.0,1.4000000000000001,1.4000000000000001,-0.09347678115858947,7.800000000000001,0.8,202.64418029785156,4.215837001800537,-2.498779535293579,-0.22643323242664337,1,4.224424839019775,9.600000000000001,2.0
12,1,0.0,1.4000000000000001,1.4000000000000001,-0.09347678115858947,7.800000000000001,0.8,203.14418029785156,4.231433868408203,-2.498779535293579,-0.26652440428733826,1,4.240021705627441,9.600000000000001,2.0
12,1,0.0,1.4000000000000001,1.4000000000000001,-0.09347678115858947,7.800000000000001,0.8,203.64418029785156,4.247471809387207,-2.498779535293579,-0.306915819644928,1,4.256059646606445,9.600000000000001,2.0
12,1,0.0,1.4000000000000001,1.4000000000000001,-0.09347678115858947,7.800000000000001,0.8,204.14418029785156,4.263957977294922,-2.498779535293579,-0.3476170599460602,1,4.27254581451416,9.600000000000001,2.0
12,1,0.0,1.4000000000000001,1.4000000000000001,-0.09347678115858947,7.800000000000001,0.8,204.64418029785156,0.0,,,0,4.289487838745117,9.600000000000001,2.0
12,1,0.0,1.4000000000000001,1.4000000000000001,-0.09347678115858947,7.800000000000001,0.8,205.14418029785156,4.298306941986084,-2.498779535293579,-0.42998868227005005,1,4.306894779205322,9.600000000000001,2.0
12,1,0.0,1.4000000000000001,1.4000000000000001,-0.09347678115858947,7.800000000000001,0.8,205.64418029785156,4.31618595123291,-2.498779535293579,-0.47167953848838806,1,4.324773788452148,9.600000000000001,2.0
12,1,0.0,1.4000000000000001,1.4000000000000001,-0.09347678115858947,7.800000000000001,0.8,206.14418029785156,4.334546089172363,-2.498779535293579,-0.5137211680412292,1,4.343133926391602,9.600000000000001,2.0
12,1,0.0,1.4000000000000001,1.4000000000000001,-0.09347678115858947,7.800000000000001,0.8,206.64418029785156,4.353396415710449,-2.498779535293579,-0.5561245679855347,1,4.3619842529296875,9.600000000000001,2.0
12,1,0.0,1.4000000000000001,1.4000000000000001,-0.09347678115858947,7.800000000000001,0.8,207.14418029785156,9.655839920043945,-7.199999809265137,-3.0092124938964844,1,9.664427757263184,9.600000000000001,2.0
12,1,0.0,1.4000000000000001,1.4000000000000001,-0.09347678115858947,7.800000000000001,0.8,207.64418029785156,9.699645042419434,-7.199999809265137,-3.104417562484741,1,9.708232879638672,9.600000000000001,2.0
12,1,0.0,1.4000000000000001,1.4000000000000001,-0.09347678115858947,7.800000000000001,0.8,208.14418029785156,9.74459457397461,-7.199999809265137,-3.2004969120025635,1,9.753182411193848,9.600000000000001,2.0
12,1,0.0,1.4000000000000001,1.4000000000000001,-0.09347678115858947,7.800000000000001,0.8,208.64418029785156,9.7907133102417,-7.199999809265137,-3.2974774837493896,1,9.799301147460938,9.600000000000001,2.0
12,1,0.0,1.4000000000000001,1.4000000000000001,-0.09347678115858947,7.800000000000001,0.8,209.14418029785156,9.838022232055664,-7.199999809265137,-3.3953869342803955,1,9.846610069274902,9.600000000000001,2.0
12,1,0.0,1.4000000000000001,1.4000000000000001,-0.09347678115858947,7.800000000000001,0.8,209.64418029785156,9.88654899597168,-7.199999809265137,-3.4942541122436523,1,9.895136833190918,9.600000000000001,2.0
12,1,0.0,1.4000000000000001,1.4000000000000001,-0.09347678115858947,7.800000000000001,0.8,210.14418029785156,9.93631649017334,-7.199999809265137,-3.5941083431243896,1,9.944904327392578,9.600000000000001,2.0
12,1,0.0,1.4000000000000001,1.4000000000000001,-0.09347678115858947,7.800000000000001,0.8,210.64418029785156,9.98735237121582,-7.199999809265137,-3.694979667663574,1,9.995940208435059,9.600000000000001,2.0
12,1,0.0,1.4000000000000001,1.4000000000000001,-0.09347678115858947,7.800000000000001,0.8,211.14418029785156,10.03968334197998,-7.199999809265137,-3.7968993186950684,1,10.048271179199219,9.600000000000001,2.0
12,1,0.0,1.4000000000000001,1.4000000000000001,-0.09347678115858947,7.800000000000001,0.8,211.64418029785156,10.093339920043945,-7.199999809265137,-3.89989972114563,1,10.101927757263184,9.600000000000001,2.0
12,1,0.0,1.4000000000000001,1.4000000000000001,-0.09347678115858947,7.800000000000001,0.8,212.14418029785156,10.148348808288574,-7.199999809265137,-4.004014015197754,1,10.156936645507812,9.600000000000001,2.0
12,1,0.0,1.4000000000000001,1.4000000000000001,-0.09347678115858947,7.800000000000001,0.8,212.64418029785156,10.204743385314941,-7.199999809265137,-4.109276294708252,1,10.21333122253418,9.600000000000001,2.0
12,1,0.0,1.4000000000000001,1.4000000000000001,-0.09347678115858947,7.800000000000001,0.8,213.14418029785156,10.262553215026855,-7.199999809265137,-4.215722560882568,1,10.271141052246094,9.600000000000001,2.0
12,1,0.0,1.4000000000000001,1.4000000000000001,-0.09347678115858947,7.800000000000001,0.8,213.64418029785156,4.6746625900268555,-2.498779535293579,-1.1946780681610107,1,4.683250427246094,9.600000000000001,2.0
12,1,0.0,1.4000000000000001,1.4000000000000001,-0.09347678115858947,7.800000000000001,0.8,214.14418029785156,4.702200412750244,-2.498779535293579,-1.24405837059021,1,4.710788249969482,9.600000000000001,2.0
12,1,0.0,1.4000000000000001,1.4000000000000001,-0.09347678115858947,7.800000000000001,0.8,214.64418029785156,4.730427265167236,-2.498779535293579,-1.2940267324447632,1,4.739015102386475,9.600000000000001,2.0
12,1,0.0,1.4000000000000001,1.4000000000000001,-0.09347678115858947,7.800000000000001,0.8,215.14418029785156,4.759359359741211,-2.498779535293579,-1.3446013927459717,1,4.767947196960449,9.600000000000001,2.0
12,1,0.0,1.4000000000000001,1.4000000000000001,-0.09347678115858947,7.800000000000001,0.8,215.64418029785156,4.7890143394470215,-2.498779535293579,-1.3958011865615845,1,4.79760217666626,9.600000000000001,2.0
12,1,0.0,1.4000000000000001,1.4000000000000001,-0.09347678115858947,7.800000000000001,0.8,216.14418029785156,4.819410800933838,-2.498779535293579,-1.447645902633667,1,4.827998638153076,9.600000000000001,2.0
12,1,0.0,1.4000000000000001,1.4000000000000001,-0.09347678115858947,7.800000000000001,0.8,216.64418029785156,4.850566864013672,-2.498779535293579,-1.5001558065414429,1,4.85915470123291,9.600000000000001,2.0
12,1,0.0,1.4000000000000001,1.4000000000000001,-0.09347678115858947,7.800000000000001,0.8,217.14418029785156,4.882503032684326,-2.498779535293579,-1.553351879119873,1,4.8910908699035645,9.600000000000001,2.0
12,1,0.0,1.4000000000000001,1.4000000000000001,-0.09347678115858947,7.800000000000001,0.8,217.64418029785156,4.915238857269287,-2.498779535293579,-1.6072559356689453,1,4.923826694488525,9.600000000000001,2.0
12,1,0.0,1.4000000000000001,1.4000000000000001,-0.09347678115858947,7.800000000000001,0.8,218.14418029785156,4.948796272277832,-2.498779535293579,-1.6618906259536743,1,4.95738410949707,9.600000000000001,2.0
12,1,0.0,1.4000000000000001,1.4000000000000001,-0.09347678115858947,7.800000000000001,0.8,218.64418029785156,4.98319673538208,-2.498779535293579,-1.7172794342041016,1,4.991784572601318,9.600000000000001,2.0
12,1,0.0,1.4000000000000001,1.4000000000000001,-0.09347678115858947,7.800000000000001,0.8,219.14418029785156,5.018463611602783,-2.498779535293579,-1.7734465599060059,1,5.0270514488220215,9.600000000000001,2.0
12,1,0.0,1.4000000000000001,1.4000000000000001,-0.09347678115858947,7.800000000000001,0.8,219.64418029785156,5.054620265960693,-2.498779535293579,-1.8304173946380615,1,5.063208103179932,9.600000000000001,2.0
12,1,0.0,1.4000000000000001,1.4000000000000001,-0.09347678115858947,7.800000000000001,0.8,220.14418029785156,5.0916924476623535,-2.498779535293579,-1.8882180452346802,1,5.100280284881592,9.600000000000001,2.0
12,1,0.0,1.4000000000000001,1.4000000000000001,-0.09347678115858947,7.800000000000001,0.8,220.64418029785156,5.129705905914307,-2.498779535293579,-1.9468759298324585,1,5.138293743133545,9.600000000000001,2.0
12,1,0.0,1.4000000000000001,1.4000000000000001,-0.09347678115858947,7.800000000000001,0.8,221.14418029785156,5.168686866760254,-2.498779535293579,-2.0064191818237305,1,5.177274703979492,9.600000000000001,2.0
12,1,0.0,1.4000000000000001,1.4000000000000001,-0.09347678115858947,7.800000000000001,0.8,221.64418029785156,5.208664417266846,-2.498779535293579,-2.066877603530884,1,5.217252254486084,9.600000000000001,2.0
12,1,0.0,1.4000000000000001,1.4000000000000001,-0.09347678115858947,7.800000000000001,0.8,222.14418029785156,5.249668121337891,-2.498779535293579,-2.128281593322754,1,5.258255958557129,9.600000000000001,2.0
12,1,0.0,1.4000000000000001,1.4000000000000001,-0.09347678115858947,7.800000000000001,0.8,222.64418029785156,5.291727542877197,-2.498779535293579,-2.1906633377075195,1,5.3003153800964355,9.600000000000001,2.0
12,1,0.0,1.4000000000000001,1.4000000000000001,-0.09347678115858947,7.800000000000001,0.8,223.14418029785156,5.33487606048584,-2.498779535293579,-2.2540557384490967,1,5.343463897705078,9.600000000000001,2.0
12,1,0.0,1.4000000000000001,1.4000000000000001,-0.09347678115858947,7.800000000000001,0.8,223.64418029785156,5.379146099090576,-2.498779535293579,-2.3184938430786133,1,5.3877339363098145,9.600000000000001,2.0
12,1,0.0,1.4000000000000001,1.4000000000000001,-0.09347678115858947,7.800000000000001,0.8,224.14418029785156,0.0,,,0,5.43316125869751,9.600000000000001,2.0
12,1,0.0,1.4000000000000001,1.4000000000000001,-0.09347678115858947,7.800000000000001,0.8,224.64418029785156,5.471193790435791,-2.498779535293579,-2.450652599334717,1,5.479781627655029,9.600000000000001,2.0
12,1,0.0,1.4000000000000001,1.4000000000000001,-0.09347678115858947,7.800000000000001,0.8,225.14418029785156,5.519045829772949,-2.498779535293579,-2.5184502601623535,1,5.5276336669921875,9.600000000000001,2.0
12,1,0.0,1.4000000000000001,1.4000000000000001,-0.09347678115858947,7.800000000000001,0.8,225.64418029785156,5.568169593811035,-2.498779535293579,-2.5874478816986084,1,5.576757431030273,9.600000000000001,2.0
12,1,0.0,1.4000000000000001,1.4000000000000001,-0.09347678115858947,7.800000000000001,0.8,226.14418029785156,5.6186065673828125,-2.498779535293579,-2.6576883792877197,1,5.627194404602051,9.600000000000001,2.0
12,1,0.0,1.4000000000000001,1.4000000000000001,-0.09347678115858947,7.800000000000001,0.8,226.64418029785156,0.0,,,0,5.678988456726074,9.600000000000001,2.0
12,1,0.0,1.4000000000000001,1.4000000000000001,-0.09347678115858947,7.800000000000001,0.8,227.14418029785156,5.723597526550293,-2.498779535293579,-2.80207896232605,1,5.732185363769531,9.600000000000001,2.0
12,1,0.0,1.4000000000000001,1.4000000000000001,-0.09347678115858947,7.800000000000001,0.8,227.64418029785156,5.778245449066162,-2.498779535293579,-2.8763251304626465,1,5.7868332862854,9.600000000000001,2.0
12,1,0.0,1.4000000000000001,1.4000000000000001,-0.09347678115858947,7.800000000000001,0.8,228.14418029785156,5.834394454956055,-2.498779535293579,-2.9520063400268555,1,5.842982292175293,9.600000000000001,2.0
12,1,0.0,1.4000000000000001,1.4000000000000001,-0.09347678115858947,7.800000000000001,0.8,228.64418029785156,0.0,,,0,5.9006853103637695,9.600000000000001,2.0
12,1,0.0,1.4000000000000001,1.4000000000000001,-0.09347678115858947,7.800000000000001,0.8,229.14418029785156,5.951410293579102,-2.498779535293579,-3.1078925132751465,1,5.95999813079834,9.600000000000001,2.0
12,1,0.0,1.4000000000000001,1.4000000000000001,-0.09347678115858947,7.800000000000001,0.8,229.64418029785156,6.012390613555908,-2.498779535293579,-3.1882131099700928,1,6.0209784507751465,9.600000000000001,2.0
12,1,0.0,1.4000000000000001,1.4000000000000001,-0.09347678115858947,7.800000000000001,0.8,230.14418029785156,6.075099468231201,-2.498779535293579,-3.270200490951538,1,6.0836873054504395,9.600000000000001,2.0
12,1,0.0,1.4000000000000001,1.4000000000000001,-0.09347678115858947,7.800000000000001,0.8,230.64418029785156,6.139602184295654,-2.498779535293579,-3.3539199829101562,1,6.148190021514893,9.600000000000001,2.0
12,1,0.0,1.4000000000000001,1.4000000000000001,-0.09347678115858947,7.800000000000001,0.8,231.14418029785156,0.0,,,0,6.214552879333496,9.600000000000001,2.0
12,1,0.0,1.4000000000000001,1.4000000000000001,-0.09347678115858947,7.800000000000001,0.8,231.64418029785156,6.2742600440979,-2.498779535293579,-3.52683424949646,1,6.282847881317139,9.600000000000001,2.0
12,1,0.0,1.4000000000000001,1.4000000000000001,-0.09347678115858947,7.800000000000001,0.8,232.14418029785156,6.34456205368042,-2.498779535293579,-3.6161768436431885,1,6.353149890899658,9.600000000000001,2.0
12,1,0.0,1.4000000000000001,1.4000000000000001,-0.09347678115858947,7.800000000000001,0.8,232.64418029785156,6.41694974899292,-2.498779535293579,-3.7075486183166504,1,6.425537586212158,9.600000000000001,2.0
12,1,0.0,1.4000000000000001,1.4000000000000001,-0.09347678115858947,7.800000000000001,0.8,233.14418029785156,6.491507053375244,-2.498779535293579,-3.8010334968566895,1,6.500094890594482,9.600000000000001,2.0
12,1,0.0,1.4000000000000001,1.4000000000000001,-0.09347678115858947,7.800000000000001,0.8,233.64418029785156,6.568321228027344,-2.498779535293579,-3.8967208862304688,1,6.576909065246582,9.600000000000001,2.0
12,1,0.0,1.4000000000000001,1.4000000000000001,-0.09347678115858947,7.800000000000001,0.8,234.14418029785156,0.0,,,0,6.656074047088623,9.600000000000001,2.0
12,1,0.0,1.4000000000000001,1.4000000000000001,-0.09347678115858947,7.800000000000001,0.8,234.64418029785156,6.729098796844482,-2.498779535293579,-4.095083236694336,1,6.737686634063721,9.600000000000001,2.0
12,1,0.0,1.4000000000000001,1.4000000000000001,-0.09347678115858947,7.800000000000001,0.8,235.14418029785156,6.813263893127441,-2.498779535293579,-4.197962284088135,1,6.82185173034668,9.600000000000001,2.0
12,1,0.0,1.4000000000000001,1.4000000000000001,-0.09347678115858947,7.800000000000001,0.8,235.64418029785156,6.900091171264648,-2.498779535293579,-4.303452014923096,1,6.908679008483887,9.600000000000001,2.0
12,1,0.0,1.4000000000000001,1.4000000000000001,-0.09347678115858947,7.800000000000001,0.8,236.14418029785156,0.0,,,0,6.998284816741943,9.600000000000001,2.0
12,1,0.0,1.4000000000000001,1.4000000000000001,-0.09347678115858947,7.800000000000001,0.8,236.64418029785156,7.082204818725586,-2.498779535293579,-4.522740840911865,1,7.090792655944824,9.600000000000001,2.0
12,1,0.0,1.4000000000000001,1.4000000000000001,-0.09347678115858947,7.800000000000001,0.8,237.14418029785156,7.0501322746276855,-2.4295458793640137,-4.529595851898193,1,7.058720111846924,9.600000000000001,2.0
12,1,0.0,1.4000000000000001,1.4000000000000001,-0.09347678115858947,7.800000000000001,0.8,237.64418029785156,7.010838508605957,-2.356626272201538,-4.529595851898193,1,7.019426345825195,9.600000000000001,2.0
12,1,0.0,1.4000000000000001,1.4000000000000001,-0.09347678115858947,7.800000000000001,0.8,238.14418029785156,6.972508907318115,-2.284508466720581,-4.529595851898193,1,6.9810967445373535,9.600000000000001,2.0
12,1,0.0,1.4000000000000001,1.4000000000000001,-0.09347678115858947,7.800000000000001,0.8,238.64418029785156,6.935121059417725,-2.2131686210632324,-4.529595851898193,1,6.943708896636963,9.600000000000001,2.0
12,1,0.0,1.4000000000000001,1.4000000000000001,-0.09347678115858947,7.800000000000001,0.8,239.14418029785156,6.898655414581299,-2.1425836086273193,-4.529595851898193,1,6.907243251800537,9.600000000000001,2.0
12,1,0.0,1.4000000000000001,1.4000000000000001,-0.09347678115858947,7.800000000000001,0.8,239.64418029785156,6.863090515136719,-2.072730779647827,-4.529595851898193,1,6.871678352355957,9.600000000000001,2.0
12,1,0.0,1.4000000000000001,1.4000000000000001,-0.09347678115858947,7.800000000000001,0.8,240.14418029785156,6.828408718109131,-2.0035881996154785,-4.529595851898193,1,6.836996555328369,9.600000000000001,2.0
12,1,0.0,1.4000000000000001,1.4000000000000001,-0.09347678115858947,7.800000000000001,0.8,240.64418029785156,6.794590473175049,-1.935135006904602,-4.529595851898193,1,6.803178310394287,9.600000000000001,2.0
12,1,0.0,1.4000000000000001,1.4000000000000001,-0.09347678115858947,7.800000000000001,0.8,241.14418029785156,6.761618137359619,-1.867350459098816,-4.529595851898193,1,6.770205974578857,9.600000000000001,2.0
12,1,0.0,1.4000000000000001,1.4000000000000001,-0.09347678115858947,7.800000000000001,0.8,241.64418029785156,6.7294745445251465,-1.8002147674560547,-4.529595851898193,1,6.738062381744385,9.600000000000001,2.0
12,1,0.0,1.4000000000000001,1.4000000000000001,-0.09347678115858947,7.800000000000001,0.8,242.14418029785156,0.0,,,0,6.706730842590332,9.600000000000001,2.0
12,1,0.0,1.4000000000000001,1.4000000000000001,-0.09347678115858947,7.800000000000001,0.8,242.64418029785156,6.667607307434082,-1.6678128242492676,-4.529595851898193,1,6.67619514465332,9.600000000000001,2.0
12,1,0.0,1.4000000000000001,1.4000000000000001,-0.09347678115858947,7.800000000000001,0.8,243.14418029785156,6.637852668762207,-1.602509617805481,-4.529595851898193,1,6.646440505981445,9.600000000000001,2.0
12,1,0.0,1.4000000000000001,1.4000000000000001,-0.09347678115858947,7.800000000000001,0.8,243.64418029785156,0.0,,,0,6.6174516677856445,9.600000000000001,2.0
12,1,0.0,1.4000000000000001,1.4000000000000001,-0.09347678115858947,7.800000000000001,0.8,244.14418029785156,6.580626010894775,-1.4736095666885376,-4.529595851898193,1,6.589213848114014,9.600000000000001,2.0
12,1,0.0,1.4000000000000001,1.4000000000000001,-0.09347678115858947,7.800000000000001,0.8,244.64418029785156,6.553125858306885,-1.4099787473678589,-4.529595851898193,1,6.561713695526123,9.600000000000001,2.0
12,1,0.0,1.4000000000000001,1.4000000000000001,-0.09347678115858947,7.800000000000001,0.8,245.14418029785156,6.526350021362305,-1.3468719720840454,-4.529595851898193,1,6.534937858581543,9.600000000000001,2.0
12,1,0.0,1.4000000000000001,1.4000000000000001,-0.09347678115858947,7.800000000000001,0.8,245.64418029785156,6.500285625457764,-1.2842735052108765,-4.529595851898193,1,6.508873462677002,9.600000000000001,2.0
12,1,0.0,1.4000000000000001,1.4000000000000001,-0.09347678115858947,7.800000000000001,0.8,246.14418029785156,6.47491979598999,-1.2221676111221313,-4.529595851898193,1,6.4835076332092285,9.600000000000001,2.0
12,1,0.0,1.4000000000000001,1.4000000000000001,-0.09347678115858947,7.800000000000001,0.8,246.64418029785156,6.4502410888671875,-1.1605392694473267,-4.529595851898193,1,6.458828926086426,9.600000000000001,2.0
12,1,0.0,1.4000000000000001,1.4000000000000001,-0.09347678115858947,7.800000000000001,0.8,247.14418029785156,6.4262375831604,-1.099373698234558,-4.529595851898193,1,6.434825420379639,9.600000000000001,2.0
12,1,0.0,1.4000000000000001,1.4000000000000001,-0.09347678115858947,7.800000000000001,0.8,247.64418029785156,0.0,,,0,6.4114861488342285,9.600000000000001,2.0
12,1,0.0,1.4000000000000001,1.4000000000000001,-0.09347678115858947,7.800000000000001,0.8,248.14418029785156,6.380212306976318,-0.9783734083175659,-4.529595851898193,1,6.388800144195557,9.600000000000001,2.0
12,1,0.0,1.4000000000000001,1.4000000000000001,-0.09347678115858947,7.800000000000001,0.8,248.64418029785156,6.3581695556640625,-0.9185109734535217,-4.529595851898193,1,6.366757392883301,9.600000000000001,2.0
12,1,0.0,1.4000000000000001,1.4000000000000001,-0.09347678115858947,7.800000000000001,0.8,249.14418029785156,6.3367600440979,-0.8590556979179382,-4.529595851898193,1,6.345347881317139,9.600000000000001,2.0
12,1,0.0,1.4000000000000001,1.4000000000000001,-0.09347678115858947,7.800000000000001,0.8,249.64418029785156,6.315974235534668,-0.7999944686889648,-4.529595851898193,1,6.324562072753906,9.600000000000001,2.0
12,1,0.0,1.4000000000000001,1.4000000000000001,-0.09347678115858947,7.800000000000001,0.8,250.14418029785156,6.295802116394043,-0.7413144111633301,-4.529595851898193,1,6.304389953613281,9.600000000000001,2.0
12,1,0.0,1.4000000000000001,1.4000000000000001,-0.09347678115858947,7.800000000000001,0.8,250.64418029785156,6.276236057281494,-0.6830030679702759,-4.529595851898193,1,6.284823894500732,9.600000000000001,2.0
12,1,0.0,1.4000000000000001,1.4000000000000001,-0.09347678115858947,7.800000000000001,0.8,251.14418029785156,6.257266521453857,-0.6250482201576233,-4.529595851898193,1,6.265854358673096,9.600000000000001,2.0
12,1,0.0,1.4000000000000001,1.4000000000000001,-0.09347678115858947,7.800000000000001,0.8,251.64418029785156,6.238885402679443,-0.5674377083778381,-4.529595851898193,1,6.247473239898682,9.600000000000001,2.0
12,1,0.0,1.4000000000000001,1.4000000000000001,-0.09347678115858947,7.800000000000001,0.8,252.14418029785156,6.2210845947265625,-0.5101599097251892,-4.529595851898193,1,6.229672431945801,9.600000000000001,2.0
12,1,0.0,1.4000000000000001,1.4000000000000001,-0.09347678115858947,7.800000000000001,0.8,252.64418029785156,0.0,,,0,6.21244478225708,9.600000000000001,2.0
12,1,0.0,1.4000000000000001,1.4000000000000001,-0.09347678115858947,7.800000000000001,0.8,253.14418029785156,6.18719482421875,-0.39655643701553345,-4.529595851898193,1,6.195782661437988,9.600000000000001,2.0
12,1,0.0,1.4000000000000001,1.4000000000000001,-0.09347678115858947,7.800000000000001,0.8,253.64418029785156,6.171091079711914,-0.34020841121673584,-4.529595851898193,1,6.179678916931152,9.600000000000001,2.0
12,1,0.0,1.4000000000000001,1.4000000000000001,-0.09347678115858947,7.800000000000001,0.8,254.14418029785156,0.0,,,0,6.164127349853516,9.600000000000001,2.0
12,1,0.0,1.4000000000000001,1.4000000000000001,-0.09347678115858947,7.800000000000001,0.8,254.64418029785156,6.140532493591309,-0.22836531698703766,-4.529595851898193,1,6.149120330810547,9.600000000000001,2.0
12,1,0.0,1.4000000000000001,1.4000000000000001,-0.09347678115858947,7.800000000000001,0.8,255.14418029785156,6.126064777374268,-0.1728491187095642,-4.529595851898193,1,6.134652614593506,9.600000000000001,2.0
12,1,0.0,1.4000000000000001,1.4000000000000001,-0.09347678115858947,7.800000000000001,0.8,255.64418029785156,6.1121296882629395,-0.11758933961391449,-4.529595851898193,1,6.120717525482178,9.600000000000001,2.0
12,1,0.0,1.4000000000000001,1.4000000000000001,-0.09347678115858947,7.800000000000001,0.8,256.1441650390625,6.098722457885742,-0.06257586926221848,-4.529595851898193,1,6.1073102951049805,9.600000000000001,2.0
12,1,0.0,1.4000000000000001,1.4000000000000001,-0.09347678115858947,7.800000000000001,0.8,256.6441650390625,6.085836410522461,-0.007798720616847277,-4.529595851898193,1,6.094424247741699,9.600000000000001,2.0
12,1,0.0,1.4000000000000001,1.4000000000000001,-0.09347678115858947,7.800000000000001,0.8,257.1441650390625,0.0,,,0,6.082054615020752,9.600000000000001,2.0
12,1,0.0,1.4000000000000001,1.4000000000000001,-0.09347678115858947,7.800000000000001,0.8,257.6441650390625,8.795332908630371,-0.48388269543647766,-7.199999809265137,1,8.80392074584961,9.600000000000001,2.0
12,1,0.0,1.4000000000000001,1.4000000000000001,-0.09347678115858947,7.800000000000001,0.8,258.1441650390625,8.778868675231934,-0.40538033843040466,-7.199999809265137,1,8.787456512451172,9.600000000000001,2.0
12,1,0.0,1.4000000000000001,1.4000000000000001,-0.09347678115858947,7.800000000000001,0.8,258.6441650390625,8.763134002685547,-0.3271650969982147,-7.199999809265137,1,8.771721839904785,9.600000000000001,2.0
12,1,0.0,1.4000000000000001,1.4000000000000001,-0.09347678115858947,7.800000000000001,0.8,259.1441650390625,8.748120307922363,-0.2492235153913498,-7.199999809265137,1,8.756708145141602,9.600000000000001,2.0
12,1,0.0,1.4000000000000001,1.4000000000000001,-0.09347678115858947,7.800000000000001,0.8,259.6441650390625,8.7338228225708,-0.17154239118099213,-7.199999809265137,1,8.742410659790039,9.600000000000001,2.0
12,1,0.0,1.4000000000000001,1.4000000000000001,-0.09347678115858947,7.800000000000001,0.8,260.1441650390625,8.720235824584961,-0.09410864114761353,-7.199999809265137,1,8.7288236618042,9.600000000000001,2.0
12,1,0.0,1.4000000000000001,1.4000000000000001,-0.09347678115858947,7.800000000000001,0.8,260.6441650390625,8.707353591918945,-0.01690932735800743,-7.199999809265137,1,8.715941429138184,9.600000000000001,2.0
12,1,0.0,1.4000000000000001,1.4000000000000001,-0.09347678115858947,7.800000000000001,0.8,261.1441650390625,8.695171356201172,0.06006830558180809,-7.199999809265137,1,8.70375919342041,9.600000000000001,2.0
12,1,0.0,1.4000000000000001,1.4000000000000001,-0.09347678115858947,7.800000000000001,0.8,261.6441650390625,8.683683395385742,0.13683688640594482,-7.199999809265137,1,8.69227123260498,9.600000000000001,2.0
12,1,0.0,1.4000000000000001,1.4000000000000001,-0.09347678115858947,7.800000000000001,0.8,262.1441650390625,8.672886848449707,0.2134089171886444,-7.199999809265137,1,8.681474685668945,9.600000000000001,2.0
12,1,0.0,1.4000000000000001,1.4000000000000001,-0.09347678115858947,7.800000000000001,0.8,262.6441650390625,8.662775993347168,0.28979676961898804,-7.199999809265137,1,8.671363830566406,9.600000000000001,2.0
12,1,0.0,1.4000000000000001,1.4000000000000001,-0.09347678115858947,7.800000000000001,0.8,263.1441650390625,0.0,,,0,5.972300052642822,9.600000000000001,2.0
12,1,0.0,1.4000000000000001,1.4000000000000001,-0.09347678115858947,7.800000000000001,0.8,263.6441650390625,5.957679271697998,0.7395181059837341,-4.529595851898193,1,5.966267108917236,9.600000000000001,2.0
12,1,0.0,1.4000000000000001,1.4000000000000001,-0.09347678115858947,7.800000000000001,0.8,264.1441650390625,5.952112197875977,0.791856050491333,-4.529595851898193,1,5.960700035095215,9.600000000000001,2.0
12,1,0.0,1.4000000000000001,1.4000000000000001,-0.09347678115858947,7.800000000000001,0.8,264.6441650390625,5.947009086608887,0.8441003561019897,-4.529595851898193,1,5.955596923828125,9.600000000000001,2.0
12,1,0.0,1.4000000000000001,1.4000000000000001,-0.09347678115858947,7.800000000000001,0.8,265.1441650390625,5.942367076873779,0.8962593078613281,-4.529595851898193,1,5.950954914093018,9.600000000000001,2.0
12,1,0.0,1.4000000000000001,1.4000000000000001,-0.09347678115858947,7.800000000000001,0.8,265.6441650390625,5.93818473815918,0.9483409523963928,-4.529595851898193,1,5.946772575378418,9.600000000000001,2.0
12,1,0.0,1.4000000000000001,1.4000000000000001,-0.09347678115858947,7.800000000000001,0.8,266.1441650390625,5.934460639953613,1.000353455543518,-4.529595851898193,1,5.943048477172852,9.600000000000001,2.0
12,1,0.0,1.4000000000000001,1.4000000000000001,-0.09347678115858947,7.800000000000001,0.8,266.6441650390625,5.9311933517456055,1.052304744720459,-4.529595851898193,1,5.939781188964844,9.600000000000001,2.0
12,1,0.0,1.4000000000000001,1.4000000000000001,-0.09347678115858947,7.800000000000001,0.8,267.1441650390625,5.928381443023682,1.1042028665542603,-4.529595851898193,1,5.93696928024292,9.600000000000001,2.0
12,1,0.0,1.4000000000000001,1.4000000000000001,-0.09347678115858947,7.800000000000001,0.8,267.6441650390625,5.926023960113525,1.1560559272766113,-4.529595851898193,1,5.934611797332764,9.600000000000001,2.0
12,1,0.0,1.4000000000000001,1.4000000000000001,-0.09347678115858947,7.800000000000001,0.8,268.1441650390625,5.92411994934082,1.207871675491333,-4.529595851898193,1,5.932707786560059,9.600000000000001,2.0
12,1,0.0,1.4000000000000001,1.4000000000000001,-0.09347678115858947,7.800000000000001,0.8,268.6441650390625,5.92266845703125,1.2596580982208252,-4.529595851898193,1,5.931256294250488,9.600000000000001,2.0
12,1,0.0,1.4000000000000001,1.4000000000000001,-0.09347678115858947,7.800000000000001,0.8,269.1441650390625,5.9216694831848145,1.3114233016967773,-4.529595851898193,1,5.930257320404053,9.600000000000001,2.0
12,1,0.0,1.4000000000000001,1.4000000000000001,-0.09347678115858947,7.800000000000001,0.8,269.6441650390625,5.9211225509643555,1.3631747961044312,-4.529595851898193,1,5.929710388183594,9.600000000000001,2.0
12,1,0.0,1.4000000000000001,1.4000000000000001,-0.09347678115858947,7.800000000000001,0.8,270.1441650390625,5.921026706695557,1.4149208068847656,-4.529595851898193,1,5.929614543914795,9.600000000000001,2.0
12,1,0.0,1.4000000000000001,1.4000000000000001,-0.09347678115858947,7.800000000000001,0.8,270.6441650390625,5.921382904052734,1.4666690826416016,-4.529595851898193,1,5.929970741271973,9.600000000000001,2.0
12,1,0.0,1.4000000000000001,1.4000000000000001,-0.09347678115858947,7.800000000000001,0.8,271.1441650390625,5.9221906661987305,1.5184274911880493,-4.529595851898193,1,5.930778503417969,9.600000000000001,2.0
12,1,0.0,1.4000000000000001,1.4000000000000001,-0.09347678115858947,7.800000000000001,0.8,271.6441650390625,5.923450469970703,1.5702040195465088,-4.529595851898193,1,5.932038307189941,9.600000000000001,2.0
12,1,0.0,1.4000000000000001,1.4000000000000001,-0.09347678115858947,7.800000000000001,0.8,272.1441650390625,5.9251627922058105,1.6220064163208008,-4.529595851898193,1,5.933750629425049,9.600000000000001,2.0
12,1,0.0,1.4000000000000001,1.4000000000000001,-0.09347678115858947,7.800000000000001,0.8,272.6441650390625,5.927328109741211,1.6738426685333252,-4.529595851898193,1,5.935915946960449,9.600000000000001,2.0
12,1,0.0,1.4000000000000001,1.4000000000000001,-0.09347678115858947,7.800000000000001,0.8,273.1441650390625,5.929947376251221,1.725720763206482,-4.529595851898193,1,5.938535213470459,9.600000000000001,2.0
12,1,0.0,1.4000000000000001,1.4000000000000001,-0.09347678115858947,7.800000000000001,0.8,273.6441650390625,5.9330220222473145,1.7776485681533813,-4.529595851898193,1,5.941609859466553,9.600000000000001,2.0
12,1,0.0,1.4000000000000001,1.4000000000000001,-0.09347678115858947,7.800000000000001,0.8,274.1441650390625,0.0,,,0,5.945140361785889,9.600000000000001,2.0
12,1,0.0,1.4000000000000001,1.4000000000000001,-0.09347678115858947,7.800000000000001,0.8,274.6441650390625,5.940540790557861,1.881685495376587,-4.529595851898193,1,5.9491286277771,9.600000000000001,2.0
12,1,0.0,1.4000000000000001,1.4000000000000001,-0.09347678115858947,7.800000000000001,0.8,275.1441650390625,5.944987773895264,1.933810830116272,-4.529595851898193,1,5.953575611114502,9.600000000000001,2.0
12,1,0.0,1.4000000000000001,1.4000000000000001,-0.09347678115858947,7.800000000000001,0.8,275.6441650390625,5.94989538192749,1.9860179424285889,-4.529595851898193,1,5.9584832191467285,9.600000000000001,2.0
12,1,0.0,1.4000000000000001,1.4000000000000001,-0.09347678115858947,7.800000000000001,0.8,276.1441650390625,5.955265998840332,2.0383152961730957,-4.529595851898193,1,5.96385383605957,9.600000000000001,2.0
12,1,0.0,1.4000000000000001,1.4000000000000001,-0.09347678115858947,7.800000000000001,0.8,276.6441650390625,5.961101531982422,2.0907108783721924,-4.529595851898193,1,5.96968936920166,9.600000000000001,2.0
12,1,0.0,1.4000000000000001,1.4000000000000001,-0.09347678115858947,7.800000000000001,0.8,277.1441650390625,5.967403411865234,2.1432132720947266,-4.529595851898193,1,5.975991249084473,9.600000000000001,2.0
12,1,0.0,1.4000000000000001,1.4000000000000001,-0.09347678115858947,7.800000000000001,0.8,277.6441650390625,5.974175453186035,2.1958305835723877,-4.529595851898193,1,5.982763290405273,9.600000000000001,2.0
12,1,0.0,1.4000000000000001,1.4000000000000001,-0.09347678115858947,7.800000000000001,0.8,278.1441650390625,5.981419086456299,2.2485713958740234,-4.529595851898193,1,5.990006923675537,9.600000000000001,2.0
12,1,0.0,1.4000000000000001,1.4000000000000001,-0.09347678115858947,7.800000000000001,0.8,278.6441650390625,5.989137649536133,2.3014438152313232,-4.529595851898193,1,5.997725486755371,9.600000000000001,2.0
12,1,0.0,1.4000000000000001,1.4000000000000001,-0.09347678115858947,7.800000000000001,0.8,279.1441650390625,5.997334003448486,2.354456901550293,-4.529595851898193,1,6.005921840667725,9.600000000000001,2.0
12,1,0.0,1.4000000000000001,1.4000000000000001,-0.09347678115858947,7.800000000000001,0.8,279.6441650390625,6.006011486053467,2.4076192378997803,-4.529595851898193,1,6.014599323272705,9.600000000000001,2.0
12,1,0.0,1.4000000000000001,1.4000000000000001,-0.09347678115858947,7.800000000000001,0.8,280.1441650390625,6.015173435211182,2.460939407348633,-4.529595851898193,1,6.02376127243042,9.600000000000001,2.0
12,1,0.0,1.4000000000000001,1.4000000000000001,-0.09347678115858947,7.800000000000001,0.8,280.6441650390625,0.0,,,0,6.033411502838135,9.600000000000001,2.0
12,1,0.0,1.4000000000000001,1.4000000000000001,-0.09347678115858947,7.800000000000001,0.8,281.1441650390625,6.034965515136719,2.5680887699127197,-4.529595851898193,1,6.043553352355957,9.600000000000001,2.0
12,1,0.0,1.4000000000000001,1.4000000000000001,-0.09347678115858947,7.800000000000001,0.8,281.6441650390625,6.0456037521362305,2.621936321258545,-4.529595851898193,1,6.054191589355469,9.600000000000001,2.0
12,1,0.0,1.4000000000000001,1.4000000000000001,-0.09347678115858947,7.800000000000001,0.8,282.1441650390625,6.056742191314697,2.675977945327759,-4.529595851898193,1,6.0653300285339355,9.600000000000001,2.0
12,1,0.0,1.4000000000000001,1.4000000000000001,-0.09347678115858947,7.800000000000001,0.8,282.6441650390625,6.068385124206543,2.730222702026367,-4.529595851898193,1,6.076972961425781,9.600000000000001,2.0
12,1,0.0,1.4000000000000001,1.4000000000000001,-0.09347678115858947,7.800000000000001,0.8,283.1441650390625,6.08053731918335,2.7846803665161133,-4.529595851898193,1,6.089125156402588,9.600000000000001,2.0
12,1,0.0,1.4000000000000001,1.4000000000000001,-0.09347678115858947,7.800000000000001,0.8,283.6441650390625,0.0,,,0,5.934933662414551,9.600000000000001,2.0
12,1,0.0,1.4000000000000001,1.4000000000000001,-0.09347678115858947,7.800000000000001,0.8,284.1441650390625,5.720600605010986,2.799999952316284,-4.155501842498779,1,5.729188442230225,9.600000000000001,2.0
12,1,0.0,1.4000000000000001,1.4000000000000001,-0.09347678115858947,7.800000000000001,0.8,284.6441650390625,5.529049873352051,2.799999952316284,-3.957744836807251,1,5.537637710571289,9.600000000000001,2.0
12,1,0.0,1.4000000000000001,1.4000000000000001,-0.09347678115858947,7.800000000000001,0.8,285.1441650390625,5.350288391113281,2.799999952316284,-3.772770404815674,1,5.3588762283325195,9.600000000000001,2.0
12,1,0.0,1.4000000000000001,1.4000000000000001,-0.09347678115858947,7.800000000000001,0.8,285.6441650390625,5.1830902099609375,2.799999952316284,-3.5993518829345703,1,5.191678047180176,9.600000000000001,2.0
12,1,0.0,1.4000000000000001,1.4000000000000001,-0.09347678115858947,7.800000000000001,0.8,286.1441650390625,5.026381492614746,2.799999952316284,-3.436415433883667,1,5.034969329833984,9.600000000000001,2.0
12,1,0.0,1.4000000000000001,1.4000000000000001,-0.09347678115858947,7.800000000000001,0.8,286.6441650390625,4.879217147827148,2.799999952316284,-3.283015727996826,1,4.887804985046387,9.600000000000001,2.0
12,1,0.0,1.4000000000000001,1.4000000000000001,-0.09347678115858947,7.800000000000001,0.8,287.1441650390625,4.740762710571289,2.799999952316284,-3.138317823410034,1,4.749350547790527,9.600000000000001,2.0
12,1,0.0,1.4000000000000001,1.4000000000000001,-0.09347678115858947,7.800000000000001,0.8,287.6441650390625,4.610278129577637,2.799999952316284,-3.0015816688537598,1,4.618865966796875,9.600000000000001,2.0
12,1,0.0,1.4000000000000001,1.4000000000000001,-0.09347678115858947,7.800000000000001,0.8,288.1441650390625,4.487104892730713,2.799999952316284,-2.8721485137939453,1,4.495692729949951,9.600000000000001,2.0
12,1,0.0,1.4000000000000001,1.4000000000000001,-0.09347678115858947,7.800000000000001,0.8,288.6441650390625,4.370655536651611,2.799999952316284,-2.7494301795959473,1,4.37924337387085,9.600000000000001,2.0
12,1,0.0,1.4000000000000001,1.4000000000000001,-0.09347678115858947,7.800000000000001,0.8,289.1441650390625,4.260403156280518,2.799999952316284,-2.6328999996185303,1,4.268990993499756,9.600000000000001,2.0
12,1,0.0,1.4000000000000001,1.4000000000000001,-0.09347678115858947,7.800000000000001,0.8,289.6441650390625,4.155875205993652,2.799999952316284,-2.522085189819336,1,4.164463043212891,9.600000000000001,2.0
12,1,0.0,1.4000000000000001,1.4000000000000001,-0.09347678115858947,7.800000000000001,0.8,290.1441650390625,4.05664587020874,2.799999952316284,-2.4165594577789307,1,4.0652337074279785,9.600000000000001,2.0
12,1,0.0,1.4000000000000001,1.4000000000000001,-0.09347678115858947,7.800000000000001,0.8,290.6441650390625,3.9623308181762695,2.799999952316284,-2.3159379959106445,1,3.970918655395508,9.600000000000001,2.0
12,1,0.0,1.4000000000000001,1.4000000000000001,-0.09347678115858947,7.800000000000001,0.8,291.1441650390625,3.872581720352173,2.799999952316284,-2.21987247467041,1,3.881169557571411,9.600000000000001,2.0
12,1,0.0,1.4000000000000001,1.4000000000000001,-0.09347678115858947,7.800000000000001,0.8,291.6441650390625,3.7870826721191406,2.799999952316284,-2.128046751022339,1,3.795670509338379,9.600000000000001,2.0
12,1,0.0,1.4000000000000001,1.4000000000000001,-0.09347678115858947,7.800000000000001,0.8,292.1441650390625,3.7055459022521973,2.799999952316284,-2.040172815322876,1,3.7141337394714355,9.600000000000001,2.0
12,1,0.0,1.4000000000000001,1.4000000000000001,-0.09347678115858947,7.800000000000001,0.8,292.6441650390625,3.6277096271514893,2.799999952316284,-1.9559886455535889,1,3.6362974643707275,9.600000000000001,2.0
12,1,0.0,1.4000000000000001,1.4000000000000001,-0.09347678115858947,7.800000000000001,0.8,293.1441650390625,3.5533344745635986,2.799999952316284,-1.8752543926239014,1,3.561922311782837,9.600000000000001,2.0
12,1,0.0,1.4000000000000001,1.4000000000000001,-0.09347678115858947,7.800000000000001,0.8,293.6441650390625,3.48220157623291,2.799999952316284,-1.7977508306503296,1,3.4907894134521484,9.600000000000001,2.0
12,1,0.0,1.4000000000000001,1.4000000000000001,-0.09347678115858947,7.800000000000001,0.8,294.1441650390625,3.414109468460083,2.799999952316284,-1.7232766151428223,1,3.4226973056793213,9.600000000000001,2.0
12,1,0.0,1.4000000000000001,1.4000000000000001,-0.09347678115858947,7.800000000000001,0.8,294.6441650390625,3.3488738536834717,2.799999952316284,-1.6516468524932861,1,3.35746169090271,9.600000000000001,2.0
12,1,0.0,1.4000000000000001,1.4000000000000001,-0.09347678115858947,7.800000000000001,0.8,295.1441650390625,3.2863245010375977,2.799999952316284,-1.5826913118362427,1,3.294912338256836,9.600000000000001,2.0
12,1,0.0,1.4000000000000001,1.4000000000000001,-0.09347678115858947,7.800000000000001,0.8,295.6441650390625,3.2263052463531494,2.799999952316284,-1.5162532329559326,1,3.2348930835723877,9.600000000000001,2.0
12,1,0.0,1.4000000000000001,1.4000000000000001,-0.09347678115858947,7.800000000000001,0.8,296.1441650390625,3.168670892715454,2.799999952316284,-1.452187418937683,1,3.1772587299346924,9.600000000000001,2.0
12,1,0.0,1.4000000000000001,1.4000000000000001,-0.09347678115858947,7.800000000000001,0.8,296.6441650390625,3.113287925720215,2.799999952316284,-1.390359878540039,1,3.121875762939453,9.600000000000001,2.0
12,1,0.0,1.4000000000000001,1.4000000000000001,-0.09347678115858947,7.800000000000001,0.8,297.1441650390625,0.0,,,0,3.068620204925537,9.600000000000001,2.0
12,1,0.0,1.4000000000000001,1.4000000000000001,-0.09347678115858947,7.800000000000001,0.8,297.6441650390625,3.0087890625,2.799999952316284,-1.2729315757751465,1,3.0173768997192383,9.600000000000001,2.0
12,1,0.0,1.4000000000000001,1.4000000000000001,-0.09347678115858947,7.800000000000001,0.8,298.1441650390625,2.95945143699646,2.799999952316284,-1.2171086072921753,1,2.9680392742156982,9.600000000000001,2.0
12,1,0.0,1.4000000000000001,1.4000000000000001,-0.09347678115858947,7.800000000000001,0.8,298.6441650390625,2.9119203090667725,2.799999952316284,-1.163077712059021,1,2.9205081462860107,9.600000000000001,2.0
12,1,0.0,1.4000000000000001,1.4000000000000001,-0.09347678115858947,7.800000000000001,0.8,299.1441650390625,0.0,,,0,2.8746907711029053,9.600000000000001,2.0
12,1,0.0,1.4000000000000001,1.4000000000000001,-0.09347678115858947,7.800000000000001,0.8,299.6441650390625,2.821913003921509,2.799999952316284,-1.0600274801254272,1,2.830500841140747,9.600000000000001,2.0
12,1,0.0,1.4000000000000001,1.4000000000000001,-0.09347678115858947,7.800000000000001,0.8,300.1441650390625,2.7792704105377197,2.799999952316284,-1.0108407735824585,1,2.787858247756958,9.600000000000001,2.0
12,1,0.0,1.4000000000000001,1.4000000000000001,-0.09347678115858947,7.800000000000001,0.8,300.6441650390625,2.7380995750427246,2.799999952316284,-0.9631105661392212,1,2.746687412261963,9.600000000000001,2.0
12,1,0.0,1.4000000000000001,1.4000000000000001,-0.09347678115858947,7.800000000000001,0.8,301.1441650390625,0.0,,,0,2.7069180011749268,9.600000000000001,2.0
12,1,0.0,1.4000000000000001,1.4000000000000001,-0.09347678115858947,7.800000000000001,0.8,301.6441650390625,2.6598963737487793,2.799999952316284,-0.8717410564422607,1,2.6684842109680176,9.600000000000001,2.0
12,1,0.0,1.4000000000000001,1.4000000000000001,-0.09347678115858947,7.800000000000001,0.8,302.1441650390625,2.6227362155914307,2.799999952316284,-0.827973484992981,1,2.631324052810669,9.600000000000001,2.0
12,1,0.0,1.4000000000000001,1.4000000000000001,-0.09347678115858947,7.800000000000001,0.8,302.6441650390625,2.586791753768921,2.799999952316284,-0.7854049205780029,1,2.595379590988159,9.600000000000001,2.0
12,1,0.0,1.4000000000000001,1.4000000000000001,-0.09347678115858947,7.800000000000001,0.8,303.1441650390625,2.5520083904266357,2.799999952316284,-0.7439805865287781,1,2.560596227645874,9.600000000000001,2.0
12,1,0.0,1.4000000000000001,1.4000000000000001,-0.09347678115858947,7.800000000000001,0.8,303.6441650390625,2.5183348655700684,2.799999952316284,-0.7036488056182861,1,2.5269227027893066,9.600000000000001,2.0
12,1,0.0,1.4000000000000001,1.4000000000000001,-0.09347678115858947,7.800000000000001,0.8,304.1441650390625,2.4857230186462402,2.799999952316284,-0.6643611192703247,1,2.4943108558654785,9.600000000000001,2.0
12,1,0.0,1.4000000000000001,1.4000000000000001,-0.09347678115858947,7.800000000000001,0.8,304.6441650390625,2.454127550125122,2.799999952316284,-0.6260717511177063,1,2.4627153873443604,9.600000000000001,2.0
12,1,0.0,1.4000000000000001,1.4000000000000001,-0.09347678115858947,7.800000000000001,0.8,305.1441650390625,2.4235053062438965,2.799999952316284,-0.588737428188324,1,2.4320931434631348,9.600000000000001,2.0
12,1,0.0,1.4000000000000001,1.4000000000000001,-0.09347678115858947,7.800000000000001,0.8,305.6441650390625,2.393815755844116,2.799999952316284,-0.5523174405097961,1,2.4024035930633545,9.600000000000001,2.0
12,1,0.0,1.4000000000000001,1.4000000000000001,-0.09347678115858947,7.800000000000001,0.8,306.1441650390625,2.365021228790283,2.799999952316284,-0.5167732238769531,1,2.3736090660095215,9.600000000000001,2.0
12,1,0.0,1.4000000000000001,1.4000000000000001,-0.09347678115858947,7.800000000000001,0.8,306.6441650390625,0.0,,,0,2.345672845840454,9.600000000000001,2.0
12,1,0.0,1.4000000000000001,1.4000000000000001,-0.09347678115858947,7.800000000000001,0.8,307.1441650390625,2.3099734783172607,2.799999952316284,-0.4481683075428009,1,2.318561315536499,9.600000000000001,2.0
12,1,0.0,1.4000000000000001,1.4000000000000001,-0.09347678115858947,7.800000000000001,0.8,307.6441650390625,2.283653974533081,2.799999952316284,-0.4150404930114746,1,2.2922418117523193,9.600000000000001,2.0
12,1,0.0,1.4000000000000001,1.4000000000000001,-0.09347678115858947,7.800000000000001,0.8,308.1441650390625,2.2580959796905518,2.799999952316284,-0.3826539218425751,1,2.26668381690979,9.600000000000001,2.0
12,1,0.0,1.4000000000000001,1.4000000000000001,-0.09347678115858947,7.800000000000001,0.8,308.6441650390625,2.2332704067230225,2.799999952316284,-0.35097917914390564,1,2.2418582439422607,9.600000000000001,2.0
12,1,0.0,1.4000000000000001,1.4000000000000001,-0.09347678115858947,7.800000000000001,0.8,309.1441650390625,2.2091498374938965,2.799999952316284,-0.3199884295463562,1,2.2177376747131348,9.600000000000001,2.0
12,1,0.0,1.4000000000000001,1.4000000000000001,-0.09347678115858947,7.800000000000001,0.8,309.6441650390625,2.1857080459594727,2.799999952316284,-0.2896551787853241,1,2.194295883178711,9.600000000000001,2.0
12,1,0.0,1.4000000000000001,1.4000000000000001,-0.09347678115858947,7.800000000000001,0.8,310.1441650390625,0.0,,,0,2.171508312225342,9.600000000000001,2.0
12,1,0.0,1.4000000000000001,1.4000000000000001,-0.09347678115858947,7.800000000000001,0.8,310.6441650390625,2.1407630443573,2.799999952316284,-0.2308616042137146,1,2.149350881576538,9.600000000000001,2.0
12,1,0.0,1.4000000000000001,1.4000000000000001,-0.09347678115858947,7.800000000000001,0.8,311.1441650390625,2.119213819503784,2.799999952316284,-0.2023545503616333,1,2.1278016567230225,9.600000000000001,2.0
12,1,0.0,1.4000000000000001,1.4000000000000001,-0.09347678115858947,7.800000000000001,0.8,311.6441650390625,2.0982513427734375,2.799999952316284,-0.174411341547966,1,2.106839179992676,9.600000000000001,2.0
12,1,0.0,1.4000000000000001,1.4000000000000001,-0.09347678115858947,7.800000000000001,0.8,312.1441650390625,2.077855110168457,2.799999952316284,-0.14701126515865326,1,2.0864429473876953,9.600000000000001,2.0
12,1,0.0,1.4000000000000001,1.4000000000000001,-0.09347678115858947,7.800000000000001,0.8,312.6441650390625,2.0580058097839355,2.799999952316284,-0.12013459950685501,1,2.066593647003174,9.600000000000001,2.0
12,1,0.0,1.4000000000000001,1.4000000000000001,-0.09347678115858947,7.800000000000001,0.8,313.1441650390625,2.0386850833892822,2.799999952316284,-0.09376250207424164,1,2.0472729206085205,9.600000000000001,2.0
12,1,0.0,1.4000000000000001,1.4000000000000001,-0.09347678115858947,7.800000000000001,0.8,313.6441650390625,2.0198752880096436,2.799999952316284,-0.06787699460983276,1,2.028463125228882,9.600000000000001,2.0
12,1,0.0,1.4000000000000001,1.4000000000000001,-0.09347678115858947,7.800000000000001,0.8,314.1441650390625,2.0015597343444824,2.799999952316284,-0.04246089607477188,1,2.0101475715637207,9.600000000000001,2.0
12,1,0.0,1.4000000000000001,1.4000000000000001,-0.09347678115858947,7.800000000000001,0.8,314.6441650390625,0.0,,,0,1.9923101663589478,9.600000000000001,2.0
12,1,0.0,1.4000000000000001,1.4000000000000001,-0.09347678115858947,7.800000000000001,0.8,315.1441650390625,1.9663478136062622,2.799999952316284,0.00702804746106267,1,1.9749356508255005,9.600000000000001,2.0
12,1,0.0,1.4000000000000001,1.4000000000000001,-0.09347678115858947,7.800000000000001,0.8,315.6441650390625,1.9494215250015259,2.799999952316284,0.031131627038121223,1,1.9580093622207642,9.600000000000001,2.0
12,1,0.0,1.4000000000000001,1.4000000000000001,-0.09347678115858947,7.800000000000001,0.8,316.1441650390625,1.932929515838623,2.799999952316284,0.05482734367251396,1,1.9415173530578613,9.600000000000001,2.0
12,1,0.0,1.4000000000000001,1.4000000000000001,-0.09347678115858947,7.800000000000001,0.8,316.6441650390625,0.0,,,0,1.9254461526870728,9.600000000000001,2.0
12,1,0.0,1.4000000000000001,1.4000000000000001,-0.09347678115858947,7.800000000000001,0.8,317.1441650390625,1.9011952877044678,2.799999952316284,0.1010497584939003,1,1.909783124923706,9.600000000000001,2.0
12,1,0.0,1.4000000000000001,1.4000000000000001,-0.09347678115858947,7.800000000000001,0.8,317.6441650390625,1.8859281539916992,2.799999952316284,0.12360233068466187,1,1.8945159912109375,9.600000000000001,2.0
12,1,0.0,1.4000000000000001,1.4000000000000001,-0.09347678115858947,7.800000000000001,0.8,318.1441650390625,1.8710452318191528,2.799999952316284,0.14579886198043823,1,1.8796330690383911,9.600000000000001,2.0
12,1,0.0,1.4000000000000001,1.4000000000000001,-0.09347678115858947,7.800000000000001,0.8,318.6441650390625,0.0,,,0,1.8651230335235596,9.600000000000001,2.0
12,1,0.0,1.4000000000000001,1.4000000000000001,-0.09347678115858947,7.800000000000001,0.8,319.1441650390625,1.842387318611145,2.799999952316284,0.1891700178384781,1,1.8509751558303833,9.600000000000001,2.0
12,1,0.0,1.4000000000000001,1.4000000000000001,-0.09347678115858947,7.800000000000001,0.8,319.6441650390625,1.8285914659500122,2.799999952316284,0.2103666067123413,1,1.8371793031692505,9.600000000000001,2.0
12,1,0.0,1.4000000000000001,1.4000000000000001,-0.09347678115858947,7.800000000000001,0.8,320.1441650390625,1.8151373863220215,2.799999952316284,0.23125113546848297,1,1.8237252235412598,9.600000000000001,2.0
12,1,0.0,1.4000000000000001,1.4000000000000001,-0.09347678115858947,7.800000000000001,0.8,320.6441650390625,1.802016019821167,2.799999952316284,0.25183358788490295,1,1.8106038570404053,9.600000000000001,2.0
12,1,0.0,1.4000000000000001,1.4000000000000001,-0.09347678115858947,7.800000000000001,0.8,321.1441650390625,1.7892179489135742,2.799999952316284,0.2721234858036041,1,1.7978057861328125,9.600000000000001,2.0
12,1,0.0,1.4000000000000001,1.4000000000000001,-0.09347678115858947,7.800000000000001,0.8,321.6441650390625,1.776734471321106,2.799999952316284,0.29213008284568787,1,1.7853223085403442,9.600000000000001,2.0
12,1,0.0,1.4000000000000001,1.4000000000000001,-0.09347678115858947,7.800000000000001,0.8,322.1441650390625,1.7645573616027832,2.799999952316284,0.3118622303009033,1,1.7731451988220215,9.600000000000001,2.0
12,1,0.0,1.4000000000000001,1.4000000000000001,-0.09347678115858947,7.800000000000001,0.8,322.6441650390625,1.752678394317627,2.799999952316284,0.33132854104042053,1,1.7612662315368652,9.600000000000001,2.0
12,1,0.0,1.4000000000000001,1.4000000000000001,-0.09347678115858947,7.800000000000001,0.8,323.1441650390625,1.741089940071106,2.799999952316284,0.35053718090057373,1,1.7496777772903442,9.600000000000001,2.0
12,1,0.0,1.4000000000000001,1.4000000000000001,-0.09347678115858947,7.800000000000001,0.8,323.6441650390625,1.7297844886779785,2.799999952316284,0.3694961369037628,1,1.7383723258972168,9.600000000000001,2.0
12,1,0.0,1.4000000000000001,1.4000000000000001,-0.09347678115858947,7.800000000000001,0.8,324.1441650390625,1.7187548875808716,2.799999952316284,0.3882130980491638,1,1.7273427248001099,9.600000000000001,2.0
12,1,0.0,1.4000000000000001,1.4000000000000001,-0.09347678115858947,7.800000000000001,0.8,324.6441650390625,1.7079942226409912,2.799999952316284,0.4066954255104065,1,1.7165820598602295,9.600000000000001,2.0
12,1,0.0,1.4000000000000001,1.4000000000000001,-0.09347678115858947,7.800000000000001,0.8,325.1441650390625,1.697495937347412,2.799999952316284,0.4249503016471863,1,1.7060837745666504,9.600000000000001,2.0
12,1,0.0,1.4000000000000001,1.4000000000000001,-0.09347678115858947,7.800000000000001,0.8,325.6441650390625,1.687253713607788,2.799999952316284,0.44298461079597473,1,1.6958415508270264,9.600000000000001,2.0
12,1,0.0,1.4000000000000001,1.4000000000000001,-0.09347678115858947,7.800000000000001,0.8,326.1441650390625,0.0,,,0,1.6858490705490112,9.600000000000001,2.0
12,1,0.0,1.4000000000000001,1.4000000000000001,-0.09347678115858947,7.800000000000001,0.8,326.6441650390625,0.0,,,0,1.6761006116867065,9.600000000000001,2.0
12,1,0.0,1.4000000000000001,1.4000000000000001,-0.09347678115858947,7.800000000000001,0.8,327.1441650390625,1.6580026149749756,2.799999952316284,0.4958297610282898,1,1.6665904521942139,9.600000000000001,2.0
12,1,0.0,1.4000000000000001,1.4000000000000001,-0.09347678115858947,7.800000000000001,0.8,327.6441650390625,1.6487252712249756,2.799999952316284,0.513046383857727,1,1.6573131084442139,9.600000000000001,2.0
12,1,0.0,1.4000000000000001,1.4000000000000001,-0.09347678115858947,7.800000000000001,0.8,328.1441650390625,1.639675498008728,2.799999952316284,0.5300736427307129,1,1.6482633352279663,9.600000000000001,2.0
12,1,0.0,1.4000000000000001,1.4000000000000001,-0.09347678115858947,7.800000000000001,0.8,328.6441650390625,0.0,,,0,1.639435887336731,9.600000000000001,2.0
12,1,0.0,1.4000000000000001,1.4000000000000001,-0.09347678115858947,7.800000000000001,0.8,329.1441650390625,1.622238278388977,2.799999952316284,0.5635826587677002,1,1.6308261156082153,9.600000000000001,2.0
12,1,0.0,1.4000000000000001,1.4000000000000001,-0.09347678115858947,7.800000000000001,0.8,329.6441650390625,1.6138414144515991,2.799999952316284,0.5800751447677612,1,1.6224292516708374,9.600000000000001,2.0
12,1,0.0,1.4000000000000001,1.4000000000000001,-0.09347678115858947,7.800000000000001,0.8,330.1441650390625,1.6056528091430664,2.799999952316284,0.5963999629020691,1,1.6142406463623047,9.600000000000001,2.0
12,1,0.0,1.4000000000000001,1.4000000000000001,-0.09347678115858947,7.800000000000001,0.8,330.6441650390625,1.5976682901382446,2.799999952316284,0.6125620603561401,1,1.606256127357483,9.600000000000001,2.0
12,1,0.0,1.4000000000000001,1.4000000000000001,-0.09347678115858947,7.800000000000001,0.8,331.1441650390625,1.5898833274841309,2.799999952316284,0.6285662055015564,1,1.5984711647033691,9.600000000000001,2.0
12,1,0.0,1.4000000000000001,1.4000000000000001,-0.09347678115858947,7.800000000000001,0.8,331.6441650390625,1.5822941064834595,2.799999952316284,0.6444172263145447,1,1.5908819437026978,9.600000000000001,2.0
12,1,0.0,1.4000000000000001,1.4000000000000001,-0.09347678115858947,7.800000000000001,0.8,332.1441650390625,1.5748965740203857,2.799999952316284,0.6601195931434631,1,1.583484411239624,9.600000000000001,2.0
12,1,0.0,1.4000000000000001,1.4000000000000001,-0.09347678115858947,7.800000000000001,0.8,332.6441650390625,1.5676870346069336,2.799999952316284,0.6756777763366699,1,1.5762748718261719,9.600000000000001,2.0
12,1,0.0,1.4000000000000001,1.4000000000000001,-0.09347678115858947,7.800000000000001,0.8,333.1441650390625,1.5606619119644165,2.799999952316284,0.6910961270332336,1,1.5692497491836548,9.600000000000001,2.0
12,1,0.0,1.4000000000000001,1.4000000000000001,-0.09347678115858947,7.800000000000001,0.8,333.6441650390625,0.0,,,0,1.5624053478240967,9.600000000000001,2.0
12,1,0.0,1.4000000000000001,1.4000000000000001,-0.09347678115858947,7.800000000000001,0.8,334.1441650390625,1.5471504926681519,2.799999952316284,0.7215299010276794,1,1.5557383298873901,9.600000000000001,2.0
12,1,0.0,1.4000000000000001,1.4000000000000001,-0.09347678115858947,7.800000000000001,0.8,334.6441650390625,1.540657639503479,2.799999952316284,0.736553430557251,1,1.5492454767227173,9.600000000000001,2.0
12,1,0.0,1.4000000000000001,1.4000000000000001,-0.09347678115858947,7.800000000000001,0.8,335.1441650390625,1.534335732460022,2.799999952316284,0.751453161239624,1,1.5429235696792603,9.600000000000001,2.0
12,1,0.0,1.4000000000000001,1.4000000000000001,-0.09347678115858947,7.800000000000001,0.8,335.6441650390625,1.528181791305542,2.799999952316284,0.7662329077720642,1,1.5367696285247803,9.600000000000001,2.0
12,1,0.0,1.4000000000000001,1.4000000000000001,-0.09347678115858947,7.800000000000001,0.8,336.1441650390625,1.5221928358078003,2.799999952316284,0.7808963060379028,1,1.5307806730270386,9.600000000000001,2.0
12,1,0.0,1.4000000000000001,1.4000000000000001,-0.09347678115858947,7.800000000000001,0.8,336.6441650390625,1.5163660049438477,2.799999952316284,0.7954469919204712,1,1.524953842163086,9.600000000000001,2.0
12,1,0.0,1.4000000000000001,1.4000000000000001,-0.09347678115858947,7.800000000000001,0.8,337.1441650390625,1.510698676109314,2.799999952316284,0.8098884224891663,1,1.5192865133285522,9.600000000000001,2.0
12,1,0.0,1.4000000000000001,1.4000000000000001,-0.09347678115858947,7.800000000000001,0.8,337.6441650390625,1.505188226699829,2.799999952316284,0.8242239952087402,1,1.5137760639190674,9.600000000000001,2.0
12,1,0.0,1.4000000000000001,1.4000000000000001,-0.09347678115858947,7.800000000000001,0.8,338.1441650390625,1.499832034111023,2.799999952316284,0.8384570479393005,1,1.5084198713302612,9.600000000000001,2.0
12,1,0.0,1.4000000000000001,1.4000000000000001,-0.09347678115858947,7.800000000000001,0.8,338.6441650390625,1.4946277141571045,2.799999952316284,0.852590799331665,1,1.5032155513763428,9.600000000000001,2.0
12,1,0.0,1.4000000000000001,1.4000000000000001,-0.09347678115858947,7.800000000000001,0.8,339.1441650390625,1.4895727634429932,2.799999952316284,0.8666284084320068,1,1.4981606006622314,9.600000000000001,2.0
12,1,0.0,1.4000000000000001,1.4000000000000001,-0.09347678115858947,7.800000000000001,0.8,339.6441650390625,1.4846651554107666,2.799999952316284,0.8805729746818542,1,1.4932529926300049,9.600000000000001,2.0
12,1,0.0,1.4000000000000001,1.4000000000000001,-0.09347678115858947,7.800000000000001,0.8,340.1441650390625,1.4799025058746338,2.799999952316284,0.8944275975227356,1,1.488490343093872,9.600000000000001,2.0
12,1,0.0,1.4000000000000001,1.4000000000000001,-0.09347678115858947,7.800000000000001,0.8,340.6441650390625,1.4752827882766724,2.799999952316284,0.9081950783729553,1,1.4838706254959106,9.600000000000001,2.0
12,1,0.0,1.4000000000000001,1.4000000000000001,-0.09347678115858947,7.800000000000001,0.8,341.1441650390625,1.47080397605896,2.799999952316284,0.921878457069397,1,1.4793918132781982,9.600000000000001,2.0
12,1,0.0,1.4000000000000001,1.4000000000000001,-0.09347678115858947,7.800000000000001,0.8,341.6441650390625,1.4664641618728638,2.799999952316284,0.935480535030365,1,1.475051999092102,9.600000000000001,2.0
12,1,0.0,1.4000000000000001,1.4000000000000001,-0.09347678115858947,7.800000000000001,0.8,342.1441650390625,1.4622613191604614,2.799999952316284,0.949004054069519,1,1.4708491563796997,9.600000000000001,2.0
12,1,0.0,1.4000000000000001,1.4000000000000001,-0.09347678115858947,7.800000000000001,0.8,342.6441650390625,1.4581938982009888,2.799999952316284,0.962451696395874,1,1.466781735420227,9.600000000000001,2.0
12,1,0.0,1.4000000000000001,1.4000000000000001,-0.09347678115858947,7.800000000000001,0.8,343.1441650390625,1.4542598724365234,2.799999952316284,0.9758262634277344,1,1.4628477096557617,9.600000000000001,2.0
12,1,0.0,1.4000000000000001,1.4000000000000001,-0.09347678115858947,7.800000000000001,0.8,343.6441650390625,0.0,,,0,1.4590455293655396,9.600000000000001,2.0
12,1,0.0,1.4000000000000001,1.4000000000000001,-0.09347678115858947,7.800000000000001,0.8,344.1441650390625,1.446785807609558,2.799999952316284,1.0023661851882935,1,1.4553736448287964,9.600000000000001,2.0
12,1,0.0,1.4000000000000001,1.4000000000000001,-0.09347678115858947,7.800000000000001,0.8,344.6441650390625,1.4432426691055298,2.799999952316284,1.0155367851257324,1,1.451830506324768,9.600000000000001,2.0
12,1,0.0,1.4000000000000001,1.4000000000000001,-0.09347678115858947,7.800000000000001,0.8,345.1441650390625,1.4398268461227417,2.799999952316284,1.0286444425582886,1,1.44841468334198,9.600000000000001,2.0
12,1,0.0,1.4000000000000001,1.4000000000000001,-0.09347678115858947,7.800000000000001,0.8,345.6441650390625,1.4365367889404297,2.799999952316284,1.0416914224624634,1,1.445124626159668,9.600000000000001,2.0
12,1,0.0,1.4000000000000001,1.4000000000000001,-0.09347678115858947,7.800000000000001,0.8,346.1441650390625,1.4333711862564087,2.799999952316284,1.054680347442627,1,1.441959023475647,9.600000000000001,2.0
12,1,0.0,1.4000000000000001,1.4000000000000001,-0.09347678115858947,7.800000000000001,0.8,346.6441650390625,1.4303287267684937,2.799999952316284,1.0676133632659912,1,1.438916563987732,9.600000000000001,2.0
12,1,0.0,1.4000000000000001,1.4000000000000001,-0.09347678115858947,7.800000000000001,0.8,347.1441650390625,1.427408218383789,2.799999952316284,1.0804929733276367,1,1.4359960556030273,9.600000000000001,2.0
12,1,0.0,1.4000000000000001,1.4000000000000001,-0.09347678115858947,7.800000000000001,0.8,347.6441650390625,1.4246084690093994,2.799999952316284,1.093321442604065,1,1.4331963062286377,9.600000000000001,2.0
12,1,0.0,1.4000000000000001,1.4000000000000001,-0.09347678115858947,7.800000000000001,0.8,348.1441650390625,1.4219284057617188,2.799999952316284,1.1061009168624878,1,1.430516242980957,9.600000000000001,2.0
12,1,0.0,1.4000000000000001,1.4000000000000001,-0.09347678115858947,7.800000000000001,0.8,348.6441650390625,1.4193668365478516,2.799999952316284,1.1188335418701172,1,1.4279546737670898,9.600000000000001,2.0
12,1,0.0,1.4000000000000001,1.4000000000000001,-0.09347678115858947,7.800000000000001,0.8,349.1441650390625,1.4169228076934814,2.799999952316284,1.1315217018127441,1,1.4255106449127197,9.600000000000001,2.0
12,1,0.0,1.4000000000000001,1.4000000000000001,-0.09347678115858947,7.800000000000001,0.8,349.6441650390625,1.414595365524292,2.799999952316284,1.1441675424575806,1,1.4231832027435303,9.600000000000001,2.0
12,1,0.0,1.4000000000000001,1.4000000000000001,-0.09347678115858947,7.800000000000001,0.8,350.1441650390625,1.4123834371566772,2.799999952316284,1.1567729711532593,1,1.4209712743759155,9.600000000000001,2.0
12,1,0.0,1.4000000000000001,1.4000000000000001,-0.09347678115858947,7.800000000000001,0.8,350.6441650390625,1.4102863073349,2.799999952316284,1.1693403720855713,1,1.4188741445541382,9.600000000000001,2.0
12,1,0.0,1.4000000000000001,1.4000000000000001,-0.09347678115858947,7.800000000000001,0.8,351.1441650390625,1.408303141593933,2.799999952316284,1.1818715333938599,1,1.4168909788131714,9.600000000000001,2.0
12,1,0.0,1.4000000000000001,1.4000000000000001,-0.09347678115858947,7.800000000000001,0.8,351.6441650390625,1.40643310546875,2.799999952316284,1.194368839263916,1,1.4150209426879883,9.600000000000001,2.0
12,1,0.0,1.4000000000000001,1.4000000000000001,-0.09347678115858947,7.800000000000001,0.8,352.1441650390625,1.4046754837036133,2.799999952316284,1.2068339586257935,1,1.4132633209228516,9.600000000000001,2.0
12,1,0.0,1.4000000000000001,1.4000000000000001,-0.09347678115858947,7.800000000000001,0.8,352.6441650390625,1.4030295610427856,2.799999952316284,1.2192692756652832,1,1.411617398262024,9.600000000000001,2.0
12,1,0.0,1.4000000000000001,1.4000000000000001,-0.09347678115858947,7.800000000000001,0.8,353.1441650390625,1.4014947414398193,2.799999952316284,1.231676459312439,1,1.4100825786590576,9.600000000000001,2.0
12,1,0.0,1.4000000000000001,1.4000000000000001,-0.09347678115858947,7.800000000000001,0.8,353.6441650390625,1.4000704288482666,2.799999952316284,1.2440577745437622,1,1.4086582660675049,9.600000000000001,2.0
12,1,0.0,1.4000000000000001,1.4000000000000001,-0.09347678115858947,7.800000000000001,0.8,354.1441650390625,1.3987560272216797,2.799999952316284,1.2564148902893066,1,1.407343864440918,9.600000000000001,2.0
12,1,0.0,1.4000000000000001,1.4000000000000001,-0.09347678115858947,7.800000000000001,0.8,354.6441650390625,1.3975510597229004,2.799999952316284,1.2687499523162842,1,1.4061388969421387,9.600000000000001,2.0
12,1,0.0,1.4000000000000001,1.4000000000000001,-0.09347678115858947,7.800000000000001,0.8,355.1441650390625,1.3964550495147705,2.799999952316284,1.2810648679733276,1,1.4050428867340088,9.600000000000001,2.0
12,1,0.0,1.4000000000000001,1.4000000000000001,-0.09347678115858947,7.800000000000001,0.8,355.6441650390625,1.3954676389694214,2.799999952316284,1.2933615446090698,1,1.4040554761886597,9.600000000000001,2.0
12,1,0.0,1.4000000000000001,1.4000000000000001,-0.09347678115858947,7.800000000000001,0.8,356.1441650390625,1.3945883512496948,2.799999952316284,1.3056418895721436,1,1.403176188468933,9.600000000000001,2.0
12,1,0.0,1.4000000000000001,1.4000000000000001,-0.09347678115858947,7.800000000000001,0.8,356.6441650390625,1.3938169479370117,2.799999952316284,1.3179078102111816,1,1.40240478515625,9.600000000000001,2.0
12,1,0.0,1.4000000000000001,1.4000000000000001,-0.09347678115858947,7.800000000000001,0.8,357.1441650390625,1.3931530714035034,2.799999952316284,1.330161213874817,1,1.4017409086227417,9.600000000000001,2.0
12,1,0.0,1.4000000000000001,1.4000000000000001,-0.09347678115858947,7.800000000000001,0.8,357.6441650390625,1.3925963640213013,2.799999952316284,1.3424038887023926,1,1.4011842012405396,9.600000000000001,2.0
12,1,0.0,1.4000000000000001,1.4000000000000001,-0.09347678115858947,7.800000000000001,0.8,358.1441650390625,1.3921468257904053,2.799999952316284,1.3546377420425415,1,1.4007346630096436,9.600000000000001,2.0
12,1,0.0,1.4000000000000001,1.4000000000000001,-0.09347678115858947,7.800000000000001,0.8,358.6441650390625,1.3918042182922363,2.799999952316284,1.366864800453186,1,1.4003920555114746,9.600000000000001,2.0
12,1,0.0,1.4000000000000001,1.4000000000000001,-0.09347678115858947,7.800000000000001,0.8,359.1441650390625,1.3915683031082153,2.799999952316284,1.3790867328643799,1,1.4001561403274536,9.600000000000001,2.0
12,1,0.0,1.4000000000000001,1.4000000000000001,-0.09347678115858947,7.800000000000001,0.8,359.6441650390625,1.3914391994476318,2.799999952316284,1.3913054466247559,1,1.4000270366668701,9.600000000000001,2.0
12,1,0.0,1.4000000000000001,1.4000000000000001,-0.09347678115858947,7.800000000000001,0.8,0.1441749632358551,1.3914165496826172,2.799999952316284,1.4035228490829468,1,1.4000043869018555,9.600000000000001,2.0
12,1,0.0,1.4000000000000001,1.4000000000000001,-0.09347678115858947,7.800000000000001,0.8,0.6441749334335327,1.3915005922317505,2.799999952316284,1.4157408475875854,1,1.4000884294509888,9.600000000000001,2.0
12,1,0.0,1.4000000000000001,1.4000000000000001,-0.09347678115858947,7.800000000000001,0.8,1.1441749334335327,1.3916913270950317,2.799999952316284,1.4279612302780151,1,1.40027916431427,9.600000000000001,2.0
12,1,0.0,1.4000000000000001,1.4000000000000001,-0.09347678115858947,7.800000000000001,0.8,1.6441749334335327,1.391988754272461,2.799999952316284,1.440185785293579,1,1.4005765914916992,9.600000000000001,2.0
12,1,0.0,1.4000000000000001,1.4000000000000001,-0.09347678115858947,7.800000000000001,0.8,2.1441750526428223,1.3923931121826172,2.799999952316284,1.4524165391921997,1,1.4009809494018555,9.600000000000001,2.0
12,1,0.0,1.4000000000000001,1.4000000000000001,-0.09347678115858947,7.800000000000001,0.8,2.6441750526428223,1.392904281616211,2.799999952316284,1.4646552801132202,1,1.4014921188354492,9.600000000000001,2.0
12,1,0.0,1.4000000000000001,1.4000000000000001,-0.09347678115858947,7.800000000000001,0.8,3.1441750526428223,1.3935227394104004,2.799999952316284,1.4769039154052734,1,1.4021105766296387,9.600000000000001,2.0
12,1,0.0,1.4000000000000001,1.4000000000000001,-0.09347678115858947,7.800000000000001,0.8,3.6441750526428223,1.3942487239837646,2.799999952316284,1.4891642332077026,1,1.402836561203003,9.600000000000001,2.0
12,1,0.0,1.4000000000000001,1.4000000000000001,-0.09347678115858947,7.800000000000001,0.8,4.144175052642822,1.3950822353363037,2.799999952316284,1.5014382600784302,1,1.403670072555542,9.600000000000001,2.0
12,1,0.0,1.4000000000000001,1.4000000000000001,-0.09347678115858947,7.800000000000001,0.8,4.644175052642822,1.3960238695144653,2.799999952316284,1.5137277841567993,1,1.4046117067337036,9.600000000000001,2.0
12,1,0.0,1.4000000000000001,1.4000000000000001,-0.09347678115858947,7.800000000000001,0.8,5.144175052642822,1.3970738649368286,2.799999952316284,1.5260347127914429,1,1.405661702156067,9.600000000000001,2.0
12,1,0.0,1.4000000000000001,1.4000000000000001,-0.09347678115858947,7.800000000000001,0.8,5.644175052642822,1.3982325792312622,2.799999952316284,1.5383610725402832,1,1.4068204164505005,9.600000000000001,2.0
12,1,0.0,1.4000000000000001,1.4000000000000001,-0.09347678115858947,7.800000000000001,0.8,6.144175052642822,1.3995006084442139,2.799999952316284,1.5507086515426636,1,1.4080884456634521,9.600000000000001,2.0
12,1,0.0,1.4000000000000001,1.4000000000000001,-0.09347678115858947,7.800000000000001,0.8,6.644175052642822,1.4008783102035522,2.799999952316284,1.5630794763565063,1,1.4094661474227905,9.600000000000001,2.0
12,1,0.0,1.4000000000000001,1.4000000000000001,-0.09347678115858947,7.800000000000001,0.8,7.144175052642822,1.402366280555725,2.799999952316284,1.5754754543304443,1,1.4109541177749634,9.600000000000001,2.0
12,1,0.0,1.4000000000000001,1.4000000000000001,-0.09347678115858947,7.800000000000001,0.8,7.644175052642822,1.4039651155471802,2.799999952316284,1.5878986120224,1,1.4125529527664185,9.600000000000001,2.0
12,1,0.0,1.4000000000000001,1.4000000000000001,-0.09347678115858947,7.800000000000001,0.8,8.144174575805664,0.0,,,0,1.4142632484436035,9.600000000000001,2.0
12,1,0.0,1.4000000000000001,1.4000000000000001,-0.09347678115858947,7.800000000000001,0.8,8.644174575805664,1.407497763633728,2.799999952316284,1.6128343343734741,1,1.4160856008529663,9.600000000000001,2.0
12,1,0.0,1.4000000000000001,1.4000000000000001,-0.09347678115858947,7.800000000000001,0.8,9.144174575805664,1.4094330072402954,2.799999952316284,1.6253509521484375,1,1.4180208444595337,9.600000000000001,2.0
12,1,0.0,1.4000000000000001,1.4000000000000001,-0.09347678115858947,7.800000000000001,0.8,9.644174575805664,1.4114817380905151,2.799999952316284,1.6379027366638184,1,1.4200695753097534,9.600000000000001,2.0
12,1,0.0,1.4000000000000001,1.4000000000000001,-0.09347678115858947,7.800000000000001,0.8,10.144174575805664,1.4136449098587036,2.799999952316284,1.6504918336868286,1,1.422232747077942,9.600000000000001,2.0
12,1,0.0,1.4000000000000001,1.4000000000000001,-0.09347678115858947,7.800000000000001,0.8,10.644174575805664,1.4159233570098877,2.799999952316284,1.6631202697753906,1,1.424511194229126,9.600000000000001,2.0
12,1,0.0,1.4000000000000001,1.4000000000000001,-0.09347678115858947,7.800000000000001,0.8,11.144174575805664,1.4183180332183838,2.799999952316284,1.6757901906967163,1,1.426905870437622,9.600000000000001,2.0
12,1,0.0,1.4000000000000001,1.4000000000000001,-0.09347678115858947,7.800000000000001,0.8,11.644174575805664,0.0,,,0,1.4294174909591675,9.600000000000001,2.0
12,1,0.0,1.4000000000000001,1.4000000000000001,-0.09347678115858947,7.800000000000001,0.8,12.144174575805664,1.423459529876709,2.799999952316284,1.701263189315796,1,1.4320473670959473,9.600000000000001,2.0
12,1,0.0,1.4000000000000001,1.4000000000000001,-0.09347678115858947,7.800000000000001,0.8,12.644174575805664,1.4262083768844604,2.799999952316284,1.7140705585479736,1,1.4347962141036987,9.600000000000001,2.0
12,1,0.0,1.4000000000000001,1.4000000000000001,-0.09347678115858947,7.800000000000001,0.8,13.144174575805664,1.4290776252746582,2.799999952316284,1.7269282341003418,1,1.4376654624938965,9.600000000000001,2.0
12,1,0.0,1.4000000000000001,1.4000000000000001,-0.09347678115858947,7.800000000000001,0.8,13.644174575805664,1.4320683479309082,2.799999952316284,1.7398384809494019,1,1.4406561851501465,9.600000000000001,2.0
12,1,0.0,1.4000000000000001,1.4000000000000001,-0.09347678115858947,7.800000000000001,0.8,14.144174575805664,1.4351816177368164,2.799999952316284,1.7528034448623657,1,1.4437694549560547,9.600000000000001,2.0
12,1,0.0,1.4000000000000001,1.4000000000000001,-0.09347678115858947,7.800000000000001,0.8,14.644174575805664,1.4384188652038574,2.799999952316284,1.7658255100250244,1,1.4470067024230957,9.600000000000001,2.0
12,1,0.0,1.4000000000000001,1.4000000000000001,-0.09347678115858947,7.800000000000001,0.8,15.144174575805664,1.4417812824249268,2.799999952316284,1.7789071798324585,1,1.450369119644165,9.600000000000001,2.0
12,1,0.0,1.4000000000000001,1.4000000000000001,-0.09347678115858947,7.800000000000001,0.8,15.644174575805664,1.4452704191207886,2.799999952316284,1.792050838470459,1,1.4538582563400269,9.600000000000001,2.0
12,1,0.0,1.4000000000000001,1.4000000000000001,-0.09347678115858947,7.800000000000001,0.8,16.144174575805664,1.448887586593628,2.799999952316284,1.805258870124817,1,1.4574754238128662,9.600000000000001,2.0
12,1,0.0,1.4000000000000001,1.4000000000000001,-0.09347678115858947,7.800000000000001,0.8,16.644174575805664,0.0,,,0,1.4612222909927368,9.600000000000001,2.0
12,1,0.0,1.4000000000000001,1.4000000000000001,-0.09347678115858947,7.800000000000001,0.8,17.144174575805664,1.4565123319625854,2.799999952316284,1.8318780660629272,1,1.4651001691818237,9.600000000000001,2.0
12,1,0.0,1.4000000000000001,1.4000000000000001,-0.09347678115858947,7.800000000000001,0.8,17.644174575805664,0.0,,,0,1.4691109657287598,9.600000000000001,2.0
12,1,0.0,1.4000000000000001,1.4000000000000001,-0.09347678115858947,7.800000000000001,0.8,18.144174575805664,1.4646685123443604,2.799999952316284,1.8587855100631714,1,1.4732563495635986,9.600000000000001,2.0
12,1,0.0,1.4000000000000001,1.4000000000000001,-0.09347678115858947,7.800000000000001,0.8,18.644174575805664,1.4689500331878662,2.799999952316284,1.8723540306091309,1,1.4775378704071045,9.600000000000001,2.0
12,1,0.0,1.4000000000000001,1.4000000000000001,-0.09347678115858947,7.800000000000001,0.8,19.144174575805664,1.473369836807251,2.799999952316284,1.8860026597976685,1,1.4819576740264893,9.600000000000001,2.0
12,1,0.0,1.4000000000000001,1.4000000000000001,-0.09347678115858947,7.800000000000001,0.8,19.644174575805664,1.4779295921325684,2.799999952316284,1.8997341394424438,1,1.4865174293518066,9.600000000000001,2.0
12,1,0.0,1.4000000000000001,1.4000000000000001,-0.09347678115858947,7.800000000000001,0.8,20.144174575805664,1.4826315641403198,2.799999952316284,1.9135515689849854,1,1.491219401359558,9.600000000000001,2.0
12,1,0.0,1.4000000000000001,1.4000000000000001,-0.09347678115858947,7.800000000000001,0.8,20.644174575805664,1.4874775409698486,2.799999952316284,1.9274576902389526,1,1.496065378189087,9.600000000000001,2.0
12,1,0.0,1.4000000000000001,1.4000000000000001,-0.09347678115858947,7.800000000000001,0.8,21.144174575805664,1.4924697875976562,2.799999952316284,1.9414554834365845,1,1.5010576248168945,9.600000000000001,2.0
12,1,0.0,1.4000000000000001,1.4000000000000001,-0.09347678115858947,7.800000000000001,0.8,21.644174575805664,1.4976105690002441,2.799999952316284,1.9555481672286987,1,1.5061984062194824,9.600000000000001,2.0
12,1,0.0,1.4000000000000001,1.4000000000000001,-0.09347678115858947,7.800000000000001,0.8,22.144174575805664,1.5029022693634033,2.799999952316284,1.9697388410568237,1,1.5114901065826416,9.600000000000001,2.0
12,1,0.0,1.4000000000000001,1.4000000000000001,-0.09347678115858947,7.800000000000001,0.8,22.644174575805664,1.5083471536636353,2.799999952316284,1.9840306043624878,1,1.5169349908828735,9.600000000000001,2.0
12,1,0.0,1.4000000000000001,1.4000000000000001,-0.09347678115858947,7.800000000000001,0.8,23.144174575805664,1.5139477252960205,2.799999952316284,1.9984267950057983,1,1.5225355625152588,9.600000000000001,2.0
12,1,0.0,1.4000000000000001,1.4000000000000001,-0.09347678115858947,7.800000000000001,0.8,23.644174575805664,0.0,,,0,1.528294563293457,9.600000000000001,2.0
12,1,0.0,1.4000000000000001,1.4000000000000001,-0.09347678115858947,7.800000000000001,0.8,24.144174575805664,1.5256266593933105,2.799999952316284,2.0275461673736572,1,1.5342144966125488,9.600000000000001,2.0
12,1,0.0,1.4000000000000001,1.4000000000000001,-0.09347678115858947,7.800000000000001,0.8,24.644174575805664,1.5317103862762451,2.799999952316284,2.04227614402771,1,1.5402982234954834,9.600000000000001,2.0
12,1,0.0,1.4000000000000001,1.4000000000000001,-0.09347678115858947,7.800000000000001,0.8,25.144174575805664,1.5379608869552612,2.799999952316284,2.057124614715576,1,1.5465487241744995,9.600000000000001,2.0
12,1,0.0,1.4000000000000001,1.4000000000000001,-0.09347678115858947,7.800000000000001,0.8,25.644174575805664,1.5443809032440186,2.799999952316284,2.0720953941345215,1,1.5529687404632568,9.600000000000001,2.0
12,1,0.0,1.4000000000000001,1.4000000000000001,-0.09347678115858947,7.800000000000001,0.8,26.144174575805664,1.550973892211914,2.799999952316284,2.0871918201446533,1,1.5595617294311523,9.600000000000001,2.0
12,1,0.0,1.4000000000000001,1.4000000000000001,-0.09347678115858947,7.800000000000001,0.8,26.644174575805664,1.557742714881897,2.799999952316284,2.1024184226989746,1,1.5663305521011353,9.600000000000001,2.0
12,1,0.0,1.4000000000000001,1.4000000000000001,-0.09347678115858947,7.800000000000001,0.8,27.144174575805664,1.5646910667419434,2.799999952316284,2.117778778076172,1,1.5732789039611816,9.600000000000001,2.0
12,1,0.0,1.4000000000000001,1.4000000000000001,-0.09347678115858947,7.800000000000001,0.8,27.644174575805664,1.5718220472335815,2.799999952316284,2.133277177810669,1,1.5804098844528198,9.600000000000001,2.0
12,1,0.0,1.4000000000000001,1.4000000000000001,-0.09347678115858947,7.800000000000001,0.8,28.144174575805664,1.5791395902633667,2.799999952316284,2.1489181518554688,1,1.587727427482605,9.600000000000001,2.0
12,1,0.0,1.4000000000000001,1.4000000000000001,-0.09347678115858947,7.800000000000001,0.8,28.644174575805664,1.5866471529006958,2.799999952316284,2.164705514907837,1,1.595234990119934,9.600000000000001,2.0
12,1,0.0,1.4000000000000001,1.4000000000000001,-0.09347678115858947,7.800000000000001,0.8,29.144174575805664,1.5943487882614136,2.799999952316284,2.1806445121765137,1,1.6029366254806519,9.600000000000001,2.0
12,1,0.0,1.4000000000000001,1.4000000000000001,-0.09347678115858947,7.800000000000001,0.8,29.644174575805664,1.6022483110427856,2.799999952316284,2.1967389583587646,1,1.610836148262024,9.600000000000001,2.0
12,1,0.0,1.4000000000000001,1.4000000000000001,-0.09347678115858947,7.800000000000001,0.8,30.144174575805664,1.6103500127792358,2.799999952316284,2.212994337081909,1,1.6189378499984741,9.600000000000001,2.0
12,1,0.0,1.4000000000000001,1.4000000000000001,-0.09347678115858947,7.800000000000001,0.8,30.644174575805664,1.618658185005188,2.799999952316284,2.22941517829895,1,1.6272460222244263,9.600000000000001,2.0
12,1,0.0,1.4000000000000001,1.4000000000000001,-0.09347678115858947,7.800000000000001,0.8,31.144174575805664,1.627177357673645,2.799999952316284,2.246006965637207,1,1.6357651948928833,9.600000000000001,2.0
12,1,0.0,1.4000000000000001,1.4000000000000001,-0.09347678115858947,7.800000000000001,0.8,31.644174575805664,1.6359119415283203,2.799999952316284,2.2627744674682617,1,1.6444997787475586,9.600000000000001,2.0
12,1,0.0,1.4000000000000001,1.4000000000000001,-0.09347678115858947,7.800000000000001,0.8,32.1441764831543,1.6448670625686646,2.799999952316284,2.2797231674194336,1,1.6534548997879028,9.600000000000001,2.0
12,1,0.0,1.4000000000000001,1.4000000000000001,-0.09347678115858947,7.800000000000001,0.8,32.6441764831543,1.6540473699569702,2.799999952316284,2.2968590259552,1,1.6626352071762085,9.600000000000001,2.0
12,1,0.0,1.4000000000000001,1.4000000000000001,-0.09347678115858947,7.800000000000001,0.8,33.1441764831543,1.6634583473205566,2.799999952316284,2.3141872882843018,1,1.672046184539795,9.600000000000001,2.0
12,1,0.0,1.4000000000000001,1.4000000000000001,-0.09347678115858947,7.800000000000001,0.8,33.6441764831543,1.6731053590774536,2.799999952316284,2.331714391708374,1,1.681693196296692,9.600000000000001,2.0
12,1,0.0,1.4000000000000001,1.4000000000000001,-0.09347678115858947,7.800000000000001,0.8,34.1441764831543,1.682993769645691,2.799999952316284,2.3494462966918945,1,1.6915816068649292,9.600000000000001,2.0
12,1,0.0,1.4000000000000001,1.4000000000000001,-0.09347678115858947,7.800000000000001,0.8,34.6441764831543,1.693129539489746,2.799999952316284,2.36738920211792,1,1.7017173767089844,9.600000000000001,2.0
12,1,0.0,1.4000000000000001,1.4000000000000001,-0.09347678115858947,7.800000000000001,0.8,35.1441764831543,0.0,,,0,1.712106466293335,9.600000000000001,2.0
12,1,0.0,1.4000000000000001,1.4000000000000001,-0.09347678115858947,7.800000000000001,0.8,35.6441764831543,1.7141674757003784,2.799999952316284,2.403935194015503,1,1.7227553129196167,9.600000000000001,2.0
12,1,0.0,1.4000000000000001,1.4000000000000001,-0.09347678115858947,7.800000000000001,0.8,36.1441764831543,1.7250823974609375,2.799999952316284,2.4225518703460693,1,1.7336702346801758,9.600000000000001,2.0
12,1,0.0,1.4000000000000001,1.4000000000000001,-0.09347678115858947,7.800000000000001,0.8,36.6441764831543,1.7362701892852783,2.799999952316284,2.4414074420928955,1,1.7448580265045166,9.600000000000001,2.0
12,1,0.0,1.4000000000000001,1.4000000000000001,-0.09347678115858947,7.800000000000001,0.8,37.1441764831543,1.747738003730774,2.799999952316284,2.4605095386505127,1,1.7563258409500122,9.600000000000001,2.0
12,1,0.0,1.4000000000000001,1.4000000000000001,-0.09347678115858947,7.800000000000001,0.8,37.6441764831543,1.7594929933547974,2.799999952316284,2.479865789413452,1,1.7680808305740356,9.600000000000001,2.0
12,1,0.0,1.4000000000000001,1.4000000000000001,-0.09347678115858947,7.800000000000001,0.8,38.1441764831543,1.771543025970459,2.799999952316284,2.4994843006134033,1,1.7801308631896973,9.600000000000001,2.0
12,1,0.0,1.4000000000000001,1.4000000000000001,-0.09347678115858947,7.800000000000001,0.8,38.6441764831543,1.78389573097229,2.799999952316284,2.519373655319214,1,1.7924835681915283,9.600000000000001,2.0
12,1,0.0,1.4000000000000001,1.4000000000000001,-0.09347678115858947,7.800000000000001,0.8,39.1441764831543,1.7965595722198486,2.799999952316284,2.5395424365997314,1,1.805147409439087,9.600000000000001,2.0
12,1,0.0,1.4000000000000001,1.4000000000000001,-0.09347678115858947,7.800000000000001,0.8,39.6441764831543,1.8095430135726929,2.799999952316284,2.559999942779541,1,1.8181308507919312,9.600000000000001,2.0
12,1,0.0,1.4000000000000001,1.4000000000000001,-0.09347678115858947,7.800000000000001,0.8,40.1441764831543,1.8228551149368286,2.799999952316284,2.5807554721832275,1,1.831442952156067,9.600000000000001,2.0
12,1,0.0,1.4000000000000001,1.4000000000000001,-0.09347678115858947,7.800000000000001,0.8,40.6441764831543,1.8365051746368408,2.799999952316284,2.601818799972534,1,1.845093011856079,9.600000000000001,2.0
12,1,0.0,1.4000000000000001,1.4000000000000001,-0.09347678115858947,7.800000000000001,0.8,41.1441764831543,1.850502848625183,2.799999952316284,2.623199939727783,1,1.8590906858444214,9.600000000000001,2.0
12,1,0.0,1.4000000000000001,1.4000000000000001,-0.09347678115858947,7.800000000000001,0.8,41.6441764831543,0.0,,,0,1.8734461069107056,9.600000000000001,2.0
12,1,0.0,1.4000000000000001,1.4000000000000001,-0.09347678115858947,7.800000000000001,0.8,42.1441764831543,1.8795820474624634,2.799999952316284,2.666959047317505,1,1.8881698846817017,9.600000000000001,2.0
12,1,0.0,1.4000000000000001,1.4000000000000001,-0.09347678115858947,7.800000000000001,0.8,42.6441764831543,1.89468514919281,2.799999952316284,2.689359426498413,1,1.9032729864120483,9.600000000000001,2.0
12,1,0.0,1.4000000000000001,1.4000000000000001,-0.09347678115858947,7.800000000000001,0.8,43.1441764831543,1.9101791381835938,2.799999952316284,2.712122917175293,1,1.918766975402832,9.600000000000001,2.0
12,1,0.0,1.4000000000000001,1.4000000000000001,-0.09347678115858947,7.800000000000001,0.8,43.6441764831543,1.9260759353637695,2.799999952316284,2.7352616786956787,1,1.9346637725830078,9.600000000000001,2.0
12,1,0.0,1.4000000000000001,1.4000000000000001,-0.09347678115858947,7.800000000000001,0.8,44.1441764831543,1.9423881769180298,2.799999952316284,2.7587890625,1,1.950976014137268,9.600000000000001,2.0
12,1,0.0,1.4000000000000001,1.4000000000000001,-0.09347678115858947,7.800000000000001,0.8,44.6441764831543,1.959128975868225,2.799999952316284,2.7827181816101074,1,1.9677168130874634,9.600000000000001,2.0
12,1,0.0,1.4000000000000001,1.4000000000000001,-0.09347678115858947,7.800000000000001,0.8,45.1441764831543,1.9663478136062622,2.7929718494415283,2.799999952316284,1,1.9749356508255005,9.600000000000001,2.0
12,1,0.0,1.4000000000000001,1.4000000000000001,-0.09347678115858947,7.800000000000001,0.8,45.6441764831543,1.9494215250015259,2.7688684463500977,2.799999952316284,1,1.9580093622207642,9.600000000000001,2.0
12,1,0.0,1.4000000000000001,1.4000000000000001,-0.09347678115858947,7.800000000000001,0.8,46.1441764831543,1.932929515838623,2.7451727390289307,2.799999952316284,1,1.9415173530578613,9.600000000000001,2.0
12,1,0.0,1.4000000000000001,1.4000000000000001,-0.09347678115858947,7.800000000000001,0.8,46.6441764831543,1.9168583154678345,2.7218708992004395,2.799999952316284,1,1.9254461526870728,9.600000000000001,2.0
12,1,0.0,1.4000000000000001,1.4000000000000001,-0.09347678115858947,7.800000000000001,0.8,47.1441764831543,1.9011952877044678,2.6989502906799316,2.799999952316284,1,1.909783124923706,9.600000000000001,2.0
12,1,0.0,1.4000000000000001,1.4000000000000001,-0.09347678115858947,7.800000000000001,0.8,47.6441764831543,1.8859281539916992,2.6763975620269775,2.799999952316284,1,1.8945159912109375,9.600000000000001,2.0
12,1,0.0,1.4000000000000001,1.4000000000000001,-0.09347678115858947,7.800000000000001,0.8,48.1441764831543,1.8710452318191528,2.654201030731201,2.799999952316284,1,1.8796330690383911,9.600000000000001,2.0
12,1,0.0,1.4000000000000001,1.4000000000000001,-0.09347678115858947,7.800000000000001,0.8,48.6441764831543,1.8565351963043213,2.6323490142822266,2.799999952316284,1,1.8651230335235596,9.600000000000001,2.0
12,1,0.0,1.4000000000000001,1.4000000000000001,-0.09347678115858947,7.800000000000001,0.8,49.1441764831543,1.842387318611145,2.610830068588257,2.799999952316284,1,1.8509751558303833,9.600000000000001,2.0
12,1,0.0,1.4000000000000001,1.4000000000000001,-0.09347678115858947,7.800000000000001,0.8,49.6441764831543,1.8285914659500122,2.5896334648132324,2.799999952316284,1,1.8371793031692505,9.600000000000001,2.0
12,1,0.0,1.4000000000000001,1.4000000000000001,-0.09347678115858947,7.800000000000001,0.8,50.1441764831543,1.8151373863220215,2.568748950958252,2.799999952316284,1,1.8237252235412598,9.600000000000001,2.0
12,1,0.0,1.4000000000000001,1.4000000000000001,-0.09347678115858947,7.800000000000001,0.8,50.6441764831543,1.802016019821167,2.548166513442993,2.799999952316284,1,1.8106038570404053,9.600000000000001,2.0
12,1,0.0,1.4000000000000001,1.4000000000000001,-0.09347678115858947,7.800000000000001,0.8,51.1441764831543,1.7892179489135742,2.527876615524292,2.799999952316284,1,1.7978057861328125,9.600000000000001,2.0
12,1,0.0,1.4000000000000001,1.4000000000000001,-0.09347678115858947,7.800000000000001,0.8,51.6441764831543,1.776734471321106,2.5078699588775635,2.799999952316284,1,1.7853223085403442,9.600000000000001,2.0
12,1,0.0,1.4000000000000001,1.4000000000000001,-0.09347678115858947,7.800000000000001,0.8,52.1441764831543,1.7645573616027832,2.488137722015381,2.799999952316284,1,1.7731451988220215,9.600000000000001,2.0
12,1,0.0,1.4000000000000001,1.4000000000000001,-0.09347678115858947,7.800000000000001,0.8,52.6441764831543,1.752678394317627,2.4686715602874756,2.799999952316284,1,1.7612662315368652,9.600000000000001,2.0
12,1,0.0,1.4000000000000001,1.4000000000000001,-0.09347678115858947,7.800000000000001,0.8,53.1441764831543,1.741089940071106,2.449462890625,2.799999952316284,1,1.7496777772903442,9.600000000000001,2.0
12,1,0.0,1.4000000000000001,1.4000000000000001,-0.09347678115858947,7.800000000000001,0.8,53.6441764831543,1.7297844886779785,2.4305038452148438,2.799999952316284,1,1.7383723258972168,9.600000000000001,2.0
12,1,0.0,1.4000000000000001,1.4000000000000001,-0.09347678115858947,7.800000000000001,0.8,54.1441764831543,1.7187548875808716,2.4117867946624756,2.799999952316284,1,1.7273427248001099,9.600000000000001,2.0
12,1,0.0,1.4000000000000001,1.4000000000000001,-0.09347678115858947,7.800000000000001,0.8,54.6441764831543,0.0,,,0,1.7165820598602295,9.600000000000001,2.0
12,1,0.0,1.4000000000000001,1.4000000000000001,-0.09347678115858947,7.800000000000001,0.8,55.1441764831543,1.697495937347412,2.375049591064453,2.799999952316284,1,1.7060837745666504,9.600000000000001,2.0
12,1,0.0,1.4000000000000001,1.4000000000000001,-0.09347678115858947,7.800000000000001,0.8,55.6441764831543,1.687253713607788,2.357015371322632,2.799999952316284,1,1.6958415508270264,9.600000000000001,2.0
12,1,0.0,1.4000000000000001,1.4000000000000001,-0.09347678115858947,7.800000000000001,0.8,56.1441764831543,1.677261233329773,2.3391950130462646,2.799999952316284,1,1.6858490705490112,9.600000000000001,2.0
12,1,0.0,1.4000000000000001,1.4000000000000001,-0.09347678115858947,7.800000000000001,0.8,56.6441764831543,1.6675127744674683,2.321582078933716,2.799999952316284,1,1.6761006116867065,9.600000000000001,2.0
12,1,0.0,1.4000000000000001,1.4000000000000001,-0.09347678115858947,7.800000000000001,0.8,57.1441764831543,1.6580026149749756,2.3041701316833496,2.799999952316284,1,1.6665904521942139,9.600000000000001,2.0
12,1,0.0,1.4000000000000001,1.4000000000000001,-0.09347678115858947,7.800000000000001,0.8,57.6441764831543,0.0,,,0,1.6573131084442139,9.600000000000001,2.0
12,1,0.0,1.4000000000000001,1.4000000000000001,-0.09347678115858947,7.800000000000001,0.8,58.1441764831543,1.639675498008728,2.2699263095855713,2.799999952316284,1,1.6482633352279663,9.600000000000001,2.0
12,1,0.0,1.4000000000000001,1.4000000000000001,-0.09347678115858947,7.800000000000001,0.8,58.6441764831543,1.6308480501174927,2.253082752227783,2.799999952316284,1,1.639435887336731,9.600000000000001,2.0
12,1,0.0,1.4000000000000001,1.4000000000000001,-0.09347678115858947,7.800000000000001,0.8,59.1441764831543,1.622238278388977,2.236417293548584,2.799999952316284,1,1.6308261156082153,9.600000000000001,2.0
12,1,0.0,1.4000000000000001,1.4000000000000001,-0.09347678115858947,7.800000000000001,0.8,59.6441764831543,1.6138414144515991,2.2199249267578125,2.799999952316284,1,1.6224292516708374,9.600000000000001,2.0
12,1,0.0,1.4000000000000001,1.4000000000000001,-0.09347678115858947,7.800000000000001,0.8,60.1441764831543,1.6056528091430664,2.2035999298095703,2.799999952316284,1,1.6142406463623047,9.600000000000001,2.0
12,1,0.0,1.4000000000000001,1.4000000000000001,-0.09347678115858947,7.800000000000001,0.8,60.6441764831543,1.5976682901382446,2.1874380111694336,2.799999952316284,1,1.606256127357483,9.600000000000001,2.0
12,1,0.0,1.4000000000000001,1.4000000000000001,-0.09347678115858947,7.800000000000001,0.8,61.1441764831543,0.0,,,0,1.5984711647033691,9.600000000000001,2.0
12,1,0.0,1.4000000000000001,1.4000000000000001,-0.09347678115858947,7.800000000000001,0.8,61.6441764831543,1.5822941064834595,2.155582904815674,2.799999952316284,1,1.5908819437026978,9.600000000000001,2.0
12,1,0.0,1.4000000000000001,1.4000000000000001,-0.09347678115858947,7.800000000000001,0.8,62.1441764831543,1.5748965740203857,2.139880418777466,2.799999952316284,1,1.583484411239624,9.600000000000001,2.0
12,1,0.0,1.4000000000000001,1.4000000000000001,-0.09347678115858947,7.800000000000001,0.8,62.6441764831543,1.5676870346069336,2.1243221759796143,2.799999952316284,1,1.5762748718261719,9.600000000000001,2.0
12,1,0.0,1.4000000000000001,1.4000000000000001,-0.09347678115858947,7.800000000000001,0.8,63.1441764831543,1.5606619119644165,2.1089038848876953,2.799999952316284,1,1.5692497491836548,9.600000000000001,2.0
12,1,0.0,1.4000000000000001,1.4000000000000001,-0.09347678115858947,7.800000000000001,0.8,63.6441764831543,1.5538175106048584,2.093621253967285,2.799999952316284,1,1.5624053478240967,9.600000000000001,2.0
12,1,0.0,1.4000000000000001,1.4000000000000001,-0.09347678115858947,7.800000000000001,0.8,64.14417266845703,1.5471504926681519,2.07846999168396,2.799999952316284,1,1.5557383298873901,9.600000000000001,2.0
12,1,0.0,1.4000000000000001,1.4000000000000001,-0.09347678115858947,7.800000000000001,0.8,64.64417266845703,1.540657639503479,2.063446521759033,2.799999952316284,1,1.5492454767227173,9.600000000000001,2.0
12,1,0.0,1.4000000000000001,1.4000000000000001,-0.09347678115858947,7.800000000000001,0.8,65.14417266845703,1.534335732460022,2.04854679107666,2.799999952316284,1,1.5429235696792603,9.600000000000001,2.0
12,1,0.0,1.4000000000000001,1.4000000000000001,-0.09347678115858947,7.800000000000001,0.8,65.64417266845703,1.528181791305542,2.0337672233581543,2.799999952316284,1,1.5367696285247803,9.600000000000001,2.0
12,1,0.0,1.4000000000000001,1.4000000000000001,-0.09347678115858947,7.800000000000001,0.8,66.14417266845703,1.5221928358078003,2.019103765487671,2.799999952316284,1,1.5307806730270386,9.600000000000001,2.0
12,1,0.0,1.4000000000000001,1.4000000000000001,-0.09347678115858947,7.800000000000001,0.8,66.64417266845703,1.5163660049438477,2.0045530796051025,2.799999952316284,1,1.524953842163086,9.600000000000001,2.0
12,1,0.0,1.4000000000000001,1.4000000000000001,-0.09347678115858947,7.800000000000001,0.8,67.14417266845703,1.510698676109314,1.9901115894317627,2.799999952316284,1,1.5192865133285522,9.600000000000001,2.0
12,1,0.0,1.4000000000000001,1.4000000000000001,-0.09347678115858947,7.800000000000001,0.8,67.64417266845703,1.505188226699829,1.975775957107544,2.799999952316284,1,1.5137760639190674,9.600000000000001,2.0
12,1,0.0,1.4000000000000001,1.4000000000000001,-0.09347678115858947,7.800000000000001,0.8,68.14417266845703,1.499832034111023,1.9615429639816284,2.799999952316284,1,1.5084198713302612,9.600000000000001,2.0
12,1,0.0,1.4000000000000001,1.4000000000000001,-0.09347678115858947,7.800000000000001,0.8,68.64417266845703,1.4946277141571045,1.9474091529846191,2.799999952316284,1,1.5032155513763428,9.600000000000001,2.0
12,1,0.0,1.4000000000000001,1.4000000000000001,-0.09347678115858947,7.800000000000001,0.8,69.14417266845703,1.4895727634429932,1.9333715438842773,2.799999952316284,1,1.4981606006622314,9.600000000000001,2.0
12,1,0.0,1.4000000000000001,1.4000000000000001,-0.09347678115858947,7.800000000000001,0.8,69.64417266845703,1.4846651554107666,1.9194270372390747,2.799999952316284,1,1.4932529926300049,9.600000000000001,2.0
12,1,0.0,1.4000000000000001,1.4000000000000001,-0.09347678115858947,7.800000000000001,0.8,70.14417266845703,1.4799025058746338,1.9055724143981934,2.799999952316284,1,1.488490343093872,9.600000000000001,2.0
12,1,0.0,1.4000000000000001,1.4000000000000001,-0.09347678115858947,7.800000000000001,0.8,70.64417266845703,1.4752827882766724,1.8918049335479736,2.799999952316284,1,1.4838706254959106,9.600000000000001,2.0
12,1,0.0,1.4000000000000001,1.4000000000000001,-0.09347678115858947,7.800000000000001,0.8,71.14417266845703,1.47080397605896,1.8781214952468872,2.799999952316284,1,1.4793918132781982,9.600000000000001,2.0
12,1,0.0,1.4000000000000001,1.4000000000000001,-0.09347678115858947,7.800000000000001,0.8,71.64417266845703,0.0,,,0,1.475051999092102,9.600000000000001,2.0
12,1,0.0,1.4000000000000001,1.4000000000000001,-0.09347678115858947,7.800000000000001,0.8,72.14417266845703,1.4622613191604614,1.8509960174560547,2.799999952316284,1,1.4708491563796997,9.600000000000001,2.0
12,1,0.0,1.4000000000000001,1.4000000000000001,-0.09347678115858947,7.800000000000001,0.8,72.64417266845703,1.4581938982009888,1.8375482559204102,2.799999952316284,1,1.466781735420227,9.600000000000001,2.0
12,1,0.0,1.4000000000000001,1.4000000000000001,-0.09347678115858947,7.800000000000001,0.8,73.14417266845703,1.4542598724365234,1.8241738080978394,2.799999952316284,1,1.4628477096557617,9.600000000000001,2.0
12,1,0.0,1.4000000000000001,1.4000000000000001,-0.09347678115858947,7.800000000000001,0.8,73.64417266845703,0.0,,,0,1.4590455293655396,9.600000000000001,2.0
12,1,0.0,1.4000000000000001,1.4000000000000001,-0.09347678115858947,7.800000000000001,0.8,74.14417266845703,1.446785807609558,1.7976337671279907,2.799999952316284,1,1.4553736448287964,9.600000000000001,2.0
12,1,0.0,1.4000000000000001,1.4000000000000001,-0.09347678115858947,7.800000000000001,0.8,74.64417266845703,1.4432426691055298,1.7844631671905518,2.799999952316284,1,1.451830506324768,9.600000000000001,2.0
12,1,0.0,1.4000000000000001,1.4000000000000001,-0.09347678115858947,7.800000000000001,0.8,75.14417266845703,1.4398268461227417,1.7713556289672852,2.799999952316284,1,1.44841468334198,9.600000000000001,2.0
12,1,0.0,1.4000000000000001,1.4000000000000001,-0.09347678115858947,7.800000000000001,0.8,75.64417266845703,1.4365367889404297,1.7583085298538208,2.799999952316284,1,1.445124626159668,9.600000000000001,2.0
12,1,0.0,1.4000000000000001,1.4000000000000001,-0.09347678115858947,7.800000000000001,0.8,76.14417266845703,0.0,,,0,1.441959023475647,9.600000000000001,2.0
12,1,0.0,1.4000000000000001,1.4000000000000001,-0.09347678115858947,7.800000000000001,0.8,76.64417266845703,1.4303287267684937,1.732386589050293,2.799999952316284,1,1.438916563987732,9.600000000000001,2.0
12,1,0.0,1.4000000000000001,1.4000000000000001,-0.09347678115858947,7.800000000000001,0.8,77.14417266845703,1.427408218383789,1.7195069789886475,2.799999952316284,1,1.4359960556030273,9.600000000000001,2.0
12,1,0.0,1.4000000000000001,1.4000000000000001,-0.09347678115858947,7.800000000000001,0.8,77.64417266845703,1.4246084690093994,1.7066786289215088,2.799999952316284,1,1.4331963062286377,9.600000000000001,2.0
12,1,0.0,1.4000000000000001,1.4000000000000001,-0.09347678115858947,7.800000000000001,0.8,78.14417266845703,1.4219284057617188,1.693899154663086,2.799999952316284,1,1.430516242980957,9.600000000000001,2.0
12,1,0.0,1.4000000000000001,1.4000000000000001,-0.09347678115858947,7.800000000000001,0.8,78.64417266845703,1.4193668365478516,1.681166410446167,2.799999952316284,1,1.4279546737670898,9.600000000000001,2.0
12,1,0.0,1.4000000000000001,1.4000000000000001,-0.09347678115858947,7.800000000000001,0.8,79.14417266845703,1.4169228076934814,1.66847825050354,2.799999952316284,1,1.4255106449127197,9.600000000000001,2.0
12,1,0.0,1.4000000000000001,1.4000000000000001,-0.09347678115858947,7.800000000000001,0.8,79.64417266845703,1.414595365524292,1.6558325290679932,2.799999952316284,1,1.4231832027435303,9.600000000000001,2.0
12,1,0.0,1.4000000000000001,1.4000000000000001,-0.09347678115858947,7.800000000000001,0.8,80.14417266845703,1.4123834371566772,1.643226981163025,2.799999952316284,1,1.4209712743759155,9.600000000000001,2.0
12,1,0.0,1.4000000000000001,1.4000000000000001,-0.09347678115858947,7.800000000000001,0.8,80.64417266845703,1.4102863073349,1.6306596994400024,2.799999952316284,1,1.4188741445541382,9.600000000000001,2.0
12,1,0.0,1.4000000000000001,1.4000000000000001,-0.09347678115858947,7.800000000000001,0.8,81.14417266845703,1.408303141593933,1.6181284189224243,2.799999952316284,1,1.4168909788131714,9.600000000000001,2.0
12,1,0.0,1.4000000000000001,1.4000000000000001,-0.09347678115858947,7.800000000000001,0.8,81.64417266845703,1.40643310546875,1.6056312322616577,2.799999952316284,1,1.4150209426879883,9.600000000000001,2.0
12,1,0.0,1.4000000000000001,1.4000000000000001,-0.09347678115858947,7.800000000000001,0.8,82.14417266845703,1.4046754837036133,1.5931659936904907,2.799999952316284,1,1.4132633209228516,9.600000000000001,2.0
12,1,0.0,1.4000000000000001,1.4000000000000001,-0.09347678115858947,7.800000000000001,0.8,82.64417266845703,1.4030295610427856,1.5807307958602905,2.799999952316284,1,1.411617398262024,9.600000000000001,2.0
12,1,0.0,1.4000000000000001,1.4000000000000001,-0.09347678115858947,7.800000000000001,0.8,83.14417266845703,1.4014947414398193,1.5683234930038452,2.799999952316284,1,1.4100825786590576,9.600000000000001,2.0
12,1,0.0,1.4000000000000001,1.4000000000000001,-0.09347678115858947,7.800000000000001,0.8,83.64417266845703,1.4000704288482666,1.5559422969818115,2.799999952316284,1,1.4086582660675049,9.600000000000001,2.0
12,1,0.0,1.4000000000000001,1.4000000000000001,-0.09347678115858947,7.800000000000001,0.8,84.14417266845703,0.0,,,0,1.407343864440918,9.600000000000001,2.0
12,1,0.0,1.4000000000000001,1.4000000000000001,-0.09347678115858947,7.800000000000001,0.8,84.64417266845703,1.3975510597229004,1.53125,2.799999952316284,1,1.4061388969421387,9.600000000000001,2.0
12,1,0.0,1.4000000000000001,1.4000000000000001,-0.09347678115858947,7.800000000000001,0.8,85.14417266845703,1.3964550495147705,1.5189350843429565,2.799999952316284,1,1.4050428867340088,9.600000000000001,2.0
12,1,0.0,1.4000000000000001,1.4000000000000001,-0.09347678115858947,7.800000000000001,0.8,85.64417266845703,1.3954676389694214,1.5066384077072144,2.799999952316284,1,1.4040554761886597,9.600000000000001,2.0
12,1,0.0,1.4000000000000001,1.4000000000000001,-0.09347678115858947,7.800000000000001,0.8,86.14417266845703,1.3945883512496948,1.4943580627441406,2.799999952316284,1,1.403176188468933,9.600000000000001,2.0
12,1,0.0,1.4000000000000001,1.4000000000000001,-0.09347678115858947,7.800000000000001,0.8,86.64417266845703,1.3938169479370117,1.4820921421051025,2.799999952316284,1,1.40240478515625,9.600000000000001,2.0
12,1,0.0,1.4000000000000001,1.4000000000000001,-0.09347678115858947,7.800000000000001,0.8,87.14417266845703,1.3931530714035034,1.4698388576507568,2.799999952316284,1,1.4017409086227417,9.600000000000001,2.0
12,1,0.0,1.4000000000000001,1.4000000000000001,-0.09347678115858947,7.800000000000001,0.8,87.64417266845703,1.3925963640213013,1.4575961828231812,2.799999952316284,1,1.4011842012405396,9.600000000000001,2.0
12,1,0.0,1.4000000000000001,1.4000000000000001,-0.09347678115858947,7.800000000000001,0.8,88.14417266845703,1.3921468257904053,1.4453622102737427,2.799999952316284,1,1.4007346630096436,9.600000000000001,2.0
12,1,0.0,1.4000000000000001,1.4000000000000001,-0.09347678115858947,7.800000000000001,0.8,88.64417266845703,0.0,,,0,1.4003920555114746,9.600000000000001,2.0
12,1,0.0,1.4000000000000001,1.4000000000000001,-0.09347678115858947,7.800000000000001,0.8,89.14417266845703,1.3915683031082153,1.4209133386611938,2.799999952316284,1,1.4001561403274536,9.600000000000001,2.0
12,1,0.0,1.4000000000000001,1.4000000000000001,-0.09347678115858947,7.800000000000001,0.8,89.64417266845703,0.0,,,0,1.4000270366668701,9.600000000000001,2.0
12,1,0.0,1.4000000000000001,1.4000000000000001,-0.09347678115858947,7.800000000000001,0.8,90.14417266845703,1.3914165496826172,1.3964771032333374,2.799999952316284,1,1.4000043869018555,9.600000000000001,2.0
12,1,0.0,1.4000000000000001,1.4000000000000001,-0.09347678115858947,7.800000000000001,0.8,90.64417266845703,1.3915005922317505,1.3842592239379883,2.799999952316284,1,1.4000884294509888,9.600000000000001,2.0
12,1,0.0,1.4000000000000001,1.4000000000000001,-0.09347678115858947,7.800000000000001,0.8,91.14417266845703,1.3916913270950317,1.3720388412475586,2.799999952316284,1,1.40027916431427,9.600000000000001,2.0
12,1,0.0,1.4000000000000001,1.4000000000000001,-0.09347678115858947,7.800000000000001,0.8,91.64417266845703,1.391988754272461,1.359814167022705,2.799999952316284,1,1.4005765914916992,9.600000000000001,2.0
12,1,0.0,1.4000000000000001,1.4000000000000001,-0.09347678115858947,7.800000000000001,0.8,92.14417266845703,1.3923931121826172,1.3475834131240845,2.799999952316284,1,1.4009809494018555,9.600000000000001,2.0
12,1,0.0,1.4000000000000001,1.4000000000000001,-0.09347678115858947,7.800000000000001,0.8,92.64417266845703,1.392904281616211,1.335344672203064,2.799999952316284,1,1.4014921188354492,9.600000000000001,2.0
12,1,0.0,1.4000000000000001,1.4000000000000001,-0.09347678115858947,7.800000000000001,0.8,93.14417266845703,0.0,,,0,1.4021105766296387,9.600000000000001,2.0
12,1,0.0,1.4000000000000001,1.4000000000000001,-0.09347678115858947,7.800000000000001,0.8,93.64417266845703,1.3942487239837646,1.3108357191085815,2.799999952316284,1,1.402836561203003,9.600000000000001,2.0
12,1,0.0,1.4000000000000001,1.4000000000000001,-0.09347678115858947,7.800000000000001,0.8,94.14417266845703,1.3950822353363037,1.298561692237854,2.799999952316284,1,1.403670072555542,9.600000000000001,2.0
12,1,0.0,1.4000000000000001,1.4000000000000001,-0.09347678115858947,7.800000000000001,0.8,94.64417266845703,1.3960238695144653,1.2862721681594849,2.799999952316284,1,1.4046117067337036,9.600000000000001,2.0
12,1,0.0,1.4000000000000001,1.4000000000000001,-0.09347678115858947,7.800000000000001,0.8,95.14417266845703,1.3970738649368286,1.2739652395248413,2.799999952316284,1,1.405661702156067,9.600000000000001,2.0
12,1,0.0,1.4000000000000001,1.4000000000000001,-0.09347678115858947,7.800000000000001,0.8,95.64417266845703,1.3982325792312622,1.2616389989852905,2.799999952316284,1,1.4068204164505005,9.600000000000001,2.0
12,1,0.0,1.4000000000000001,1.4000000000000001,-0.09347678115858947,7.800000000000001,0.8,96.14417266845703,1.3995006084442139,1.2492913007736206,2.799999952316284,1,1.4080884456634521,9.600000000000001,2.0
12,1,0.0,1.4000000000000001,1.4000000000000001,-0.09347678115858947,7.800000000000001,0.8,96.64417266845703,1.4008783102035522,1.2369204759597778,2.799999952316284,1,1.4094661474227905,9.600000000000001,2.0
12,1,0.0,1.4000000000000001,1.4000000000000001,-0.09347678115858947,7.800000000000001,0.8,97.14417266845703,1.402366280555725,1.2245244979858398,2.799999952316284,1,1.4109541177749634,9.600000000000001,2.0
12,1,0.0,1.4000000000000001,1.4000000000000001,-0.09347678115858947,7.800000000000001,0.8,97.64417266845703,1.4039651155471802,1.2121013402938843,2.799999952316284,1,1.4125529527664185,9.600000000000001,2.0
12,1,0.0,1.4000000000000001,1.4000000000000001,-0.09347678115858947,7.800000000000001,0.8,98.14417266845703,1.4056754112243652,1.1996490955352783,2.799999952316284,1,1.4142632484436035,9.600000000000001,2.0
12,1,0.0,1.4000000000000001,1.4000000000000001,-0.09347678115858947,7.800000000000001,0.8,98.64417266845703,1.407497763633728,1.1871657371520996,2.799999952316284,1,1.4160856008529663,9.600000000000001,2.0
12,1,0.0,1.4000000000000001,1.4000000000000001,-0.09347678115858947,7.800000000000001,0.8,99.14417266845703,1.4094330072402954,1.1746491193771362,2.799999952316284,1,1.4180208444595337,9.600000000000001,2.0
12,1,0.0,1.4000000000000001,1.4000000000000001,-0.09347678115858947,7.800000000000001,0.8,99.64417266845703,1.4114817380905151,1.1620973348617554,2.799999952316284,1,1.4200695753097534,9.600000000000001,2.0
12,1,0.0,1.4000000000000001,1.4000000000000001,-0.09347678115858947,7.800000000000001,0.8,100.14417266845703,1.4136449098587036,1.1495082378387451,2.799999952316284,1,1.422232747077942,9.600000000000001,2.0
12,1,0.0,1.4000000000000001,1.4000000000000001,-0.09347678115858947,7.800000000000001,0.8,100.64417266845703,0.0,,,0,1.424511194229126,9.600000000000001,2.0
12,1,0.0,1.4000000000000001,1.4000000000000001,-0.09347678115858947,7.800000000000001,0.8,101.14417266845703,1.4183180332183838,1.1242097616195679,2.799999952316284,1,1.426905870437622,9.600000000000001,2.0
12,1,0.0,1.4000000000000001,1.4000000000000001,-0.09347678115858947,7.800000000000001,0.8,101.64417266845703,1.4208296537399292,1.1114962100982666,2.799999952316284,1,1.4294174909591675,9.600000000000001,2.0
12,1,0.0,1.4000000000000001,1.4000000000000001,-0.09347678115858947,7.800000000000001,0.8,102.14417266845703,1.423459529876709,1.0987367630004883,2.799999952316284,1,1.4320473670959473,9.600000000000001,2.0
12,1,0.0,1.4000000000000001,1.4000000000000001,-0.09347678115858947,7.800000000000001,0.8,102.64417266845703,1.4262083768844604,1.0859293937683105,2.799999952316284,1,1.4347962141036987,9.600000000000001,2.0
12,1,0.0,1.4000000000000001,1.4000000000000001,-0.09347678115858947,7.800000000000001,0.8,103.14417266845703,1.4290776252746582,1.0730717182159424,2.799999952316284,1,1.4376654624938965,9.600000000000001,2.0
12,1,0.0,1.4000000000000001,1.4000000000000001,-0.09347678115858947,7.800000000000001,0.8,103.64417266845703,1.4320683479309082,1.0601615905761719,2.799999952316284,1,1.4406561851501465,9.600000000000001,2.0
12,1,0.0,1.4000000000000001,1.4000000000000001,-0.09347678115858947,7.800000000000001,0.8,104.14417266845703,1.4351816177368164,1.047196626663208,2.799999952316284,1,1.4437694549560547,9.600000000000001,2.0
12,1,0.0,1.4000000000000001,1.4000000000000001,-0.09347678115858947,7.800000000000001,0.8,104.64417266845703,1.4384188652038574,1.0341744422912598,2.799999952316284,1,1.4470067024230957,9.600000000000001,2.0
12,1,0.0,1.4000000000000001,1.4000000000000001,-0.09347678115858947,7.800000000000001,0.8,105.14417266845703,1.4417812824249268,1.0210927724838257,2.799999952316284,1,1.450369119644165,9.600000000000001,2.0
12,1,0.0,1.4000000000000001,1.4000000000000001,-0.09347678115858947,7.800000000000001,0.8,105.64417266845703,0.0,,,0,1.4538582563400269,9.600000000000001,2.0
12,1,0.0,1.4000000000000001,1.4000000000000001,-0.09347678115858947,7.800000000000001,0.8,106.14417266845703,1.448887586593628,0.9947412014007568,2.799999952316284,1,1.4574754238128662,9.600000000000001,2.0
12,1,0.0,1.4000000000000001,1.4000000000000001,-0.09347678115858947,7.800000000000001,0.8,106.64417266845703,1.4526344537734985,0.9814662933349609,2.799999952316284,1,1.4612222909927368,9.600000000000001,2.0
12,1,0.0,1.4000000000000001,1.4000000000000001,-0.09347678115858947,7.800000000000001,0.8,107.14417266845703,1.4565123319625854,0.9681219458580017,2.799999952316284,1,1.4651001691818237,9.600000000000001,2.0
12,1,0.0,1.4000000000000001,1.4000000000000001,-0.09347678115858947,7.800000000000001,0.8,107.64417266845703,0.0,,,0,1.4691109657287598,9.600000000000001,2.0
12,1,0.0,1.4000000000000001,1.4000000000000001,-0.09347678115858947,7.800000000000001,0.8,108.14417266845703,1.4646685123443604,0.9412144422531128,2.799999952316284,1,1.4732563495635986,9.600000000000001,2.0
12,1,0.0,1.4000000000000001,1.4000000000000001,-0.09347678115858947,7.800000000000001,0.8,108.64417266845703,1.4689500331878662,0.9276459813117981,2.799999952316284,1,1.4775378704071045,9.600000000000001,2.0
12,1,0.0,1.4000000000000001,1.4000000000000001,-0.09347678115858947,7.800000000000001,0.8,109.14417266845703,1.473369836807251,0.9139973521232605,2.799999952316284,1,1.4819576740264893,9.600000000000001,2.0
12,1,0.0,1.4000000000000001,1.4000000000000001,-0.09347678115858947,7.800000000000001,0.8,109.64417266845703,1.4779295921325684,0.9002658128738403,2.799999952316284,1,1.4865174293518066,9.600000000000001,2.0
12,1,0.0,1.4000000000000001,1.4000000000000001,-0.09347678115858947,7.800000000000001,0.8,110.14417266845703,0.0,,,0,1.491219401359558,9.600000000000001,2.0
12,1,0.0,1.4000000000000001,1.4000000000000001,-0.09347678115858947,7.800000000000001,0.8,110.64417266845703,1.4874775409698486,0.8725423216819763,2.799999952316284,1,1.496065378189087,9.600000000000001,2.0
12,1,0.0,1.4000000000000001,1.4000000000000001,-0.09347678115858947,7.800000000000001,0.8,111.14417266845703,1.4924697875976562,0.8585444688796997,2.799999952316284,1,1.5010576248168945,9.600000000000001,2.0
12,1,0.0,1.4000000000000001,1.4000000000000001,-0.09347678115858947,7.800000000000001,0.8,111.64417266845703,1.4976105690002441,0.8444517850875854,2.799999952316284,1,1.5061984062194824,9.600000000000001,2.0
12,1,0.0,1.4000000000000001,1.4000000000000001,-0.09347678115858947,7.800000000000001,0.8,112.14417266845703,0.0,,,0,1.5114901065826416,9.600000000000001,2.0
12,1,0.0,1.4000000000000001,1.4000000000000001,-0.09347678115858947,7.800000000000001,0.8,112.64417266845703,1.5083471536636353,0.8159694075584412,2.799999952316284,1,1.5169349908828735,9.600000000000001,2.0
12,1,0.0,1.4000000000000001,1.4000000000000001,-0.09347678115858947,7.800000000000001,0.8,113.14417266845703,1.5139477252960205,0.8015732169151306,2.799999952316284,1,1.5225355625152588,9.600000000000001,2.0
12,1,0.0,1.4000000000000001,1.4000000000000001,-0.09347678115858947,7.800000000000001,0.8,113.64417266845703,1.5197067260742188,0.7870692014694214,2.799999952316284,1,1.528294563293457,9.600000000000001,2.0
12,1,0.0,1.4000000000000001,1.4000000000000001,-0.09347678115858947,7.800000000000001,0.8,114.14417266845703,1.5256266593933105,0.7724539041519165,2.799999952316284,1,1.5342144966125488,9.600000000000001,2.0
12,1,0.0,1.4000000000000001,1.4000000000000001,-0.09347678115858947,7.800000000000001,0.8,114.64417266845703,0.0,,,0,1.5402982234954834,9.600000000000001,2.0
12,1,0.0,1.4000000000000001,1.4000000000000001,-0.09347678115858947,7.800000000000001,0.8,115.14417266845703,1.5379608869552612,0.742875337600708,2.799999952316284,1,1.5465487241744995,9.600000000000001,2.0
12,1,0.0,1.4000000000000001,1.4000000000000001,-0.09347678115858947,7.800000000000001,0.8,115.64417266845703,1.5443809032440186,0.727904736995697,2.799999952316284,1,1.5529687404632568,9.600000000000001,2.0
12,1,0.0,1.4000000000000001,1.4000000000000001,-0.09347678115858947,7.800000000000001,0.8,116.14417266845703,1.550973892211914,0.7128081321716309,2.799999952316284,1,1.5595617294311523,9.600000000000001,2.0
12,1,0.0,1.4000000000000001,1.4000000000000001,-0.09347678115858947,7.800000000000001,0.8,116.64417266845703,1.557742714881897,0.6975816488265991,2.799999952316284,1,1.5663305521011353,9.600000000000001,2.0
12,1,0.0,1.4000000000000001,1.4000000000000001,-0.09347678115858947,7.800000000000001,0.8,117.14417266845703,1.5646910667419434,0.6822212338447571,2.799999952316284,1,1.5732789039611816,9.600000000000001,2.0
12,1,0.0,1.4000000000000001,1.4000000000000001,-0.09347678115858947,7.800000000000001,0.8,117.64417266845703,0.0,,,0,1.5804098844528198,9.600000000000001,2.0
12,1,0.0,1.4000000000000001,1.4000000000000001,-0.09347678115858947,7.800000000000001,0.8,118.14417266845703,0.0,,,0,1.587727427482605,9.600000000000001,2.0
12,1,0.0,1.4000000000000001,1.4000000000000001,-0.09347678115858947,7.800000000000001,0.8,118.64417266845703,1.5866471529006958,0.6352943778038025,2.799999952316284,1,1.595234990119934,9.600000000000001,2.0
12,1,0.0,1.4000000000000001,1.4000000000000001,-0.09347678115858947,7.800000000000001,0.8,119.14417266845703,1.5943487882614136,0.6193556189537048,2.799999952316284,1,1.6029366254806519,9.600000000000001,2.0
12,1,0.0,1.4000000000000001,1.4000000000000001,-0.09347678115858947,7.800000000000001,0.8,119.64417266845703,1.6022483110427856,0.6032609343528748,2.799999952316284,1,1.610836148262024,9.600000000000001,2.0
12,1,0.0,1.4000000000000001,1.4000000000000001,-0.09347678115858947,7.800000000000001,0.8,120.14417266845703,1.6103500127792358,0.587005615234375,2.799999952316284,1,1.6189378499984741,9.600000000000001,2.0
12,1,0.0,1.4000000000000001,1.4000000000000001,-0.09347678115858947,7.800000000000001,0.8,120.64417266845703,1.618658185005188,0.5705847144126892,2.799999952316284,1,1.6272460222244263,9.600000000000001,2.0
12,1,0.0,1.4000000000000001,1.4000000000000001,-0.09347678115858947,7.800000000000001,0.8,121.14417266845703,1.627177357673645,0.5539931058883667,2.799999952316284,1,1.6357651948928833,9.600000000000001,2.0
12,1,0.0,1.4000000000000001,1.4000000000000001,-0.09347678115858947,7.800000000000001,0.8,121.64417266845703,1.6359119415283203,0.537225604057312,2.799999952316284,1,1.6444997787475586,9.600000000000001,2.0
12,1,0.0,1.4000000000000001,1.4000000000000001,-0.09347678115858947,7.800000000000001,0.8,122.14417266845703,1.6448670625686646,0.5202767848968506,2.799999952316284,1,1.6534548997879028,9.600000000000001,2.0
12,1,0.0,1.4000000000000001,1.4000000000000001,-0.09347678115858947,7.800000000000001,0.8,122.64417266845703,1.6540473699569702,0.5031410455703735,2.799999952316284,1,1.6626352071762085,9.600000000000001,2.0
12,1,0.0,1.4000000000000001,1.4000000000000001,-0.09347678115858947,7.800000000000001,0.8,123.14417266845703,1.6634583473205566,0.48581260442733765,2.799999952316284,1,1.672046184539795,9.600000000000001,2.0
12,1,0.0,1.4000000000000001,1.4000000000000001,-0.09347678115858947,7.800000000000001,0.8,123.64417266845703,1.6731053590774536,0.46828556060791016,2.799999952316284,1,1.681693196296692,9.600000000000001,2.0
12,1,0.0,1.4000000000000001,1.4000000000000001,-0.09347678115858947,7.800000000000001,0.8,124.14417266845703,1.682993769645691,0.4505537152290344,2.799999952316284,1,1.6915816068649292,9.600000000000001,2.0
12,1,0.0,1.4000000000000001,1.4000000000000001,-0.09347678115858947,7.800000000000001,0.8,124.64417266845703,1.693129539489746,0.43261075019836426,2.799999952316284,1,1.7017173767089844,9.600000000000001,2.0
12,1,0.0,1.4000000000000001,1.4000000000000001,-0.09347678115858947,7.800000000000001,0.8,125.14417266845703,1.7035186290740967,0.414450079202652,2.799999952316284,1,1.712106466293335,9.600000000000001,2.0
12,1,0.0,1.4000000000000001,1.4000000000000001,-0.09347678115858947,7.800000000000001,0.8,125.64417266845703,1.7141674757003784,0.3960649073123932,2.799999952316284,1,1.7227553129196167,9.600000000000001,2.0
12,1,0.0,1.4000000000000001,1.4000000000000001,-0.09347678115858947,7.800000000000001,0.8,126.14417266845703,1.7250823974609375,0.3774481415748596,2.799999952316284,1,1.7336702346801758,9.600000000000001,2.0
12,1,0.0,1.4000000000000001,1.4000000000000001,-0.09347678115858947,7.800000000000001,0.8,126.64417266845703,0.0,,,0,1.7448580265045166,9.600000000000001,2.0
12,1,0.0,1.4000000000000001,1.4000000000000001,-0.09347678115858947,7.800000000000001,0.8,127.14417266845703,1.747738003730774,0.33949053287506104,2.799999952316284,1,1.7563258409500122,9.600000000000001,2.0
12,1,0.0,1.4000000000000001,1.4000000000000001,-0.09347678115858947,7.800000000000001,0.8,127.64417266845703,1.7594929933547974,0.3201342821121216,2.799999952316284,1,1.7680808305740356,9.600000000000001,2.0
12,1,0.0,1.4000000000000001,1.4000000000000001,-0.09347678115858947,7.800000000000001,0.8,128.14418029785156,1.771543025970459,0.30051571130752563,2.799999952316284,1,1.7801308631896973,9.600000000000001,2.0
12,1,0.0,1.4000000000000001,1.4000000000000001,-0.09347678115858947,7.800000000000001,0.8,128.64418029785156,1.78389573097229,0.2806263267993927,2.799999952316284,1,1.7924835681915283,9.600000000000001,2.0
12,1,0.0,1.4000000000000001,1.4000000000000001,-0.09347678115858947,7.800000000000001,0.8,129.14418029785156,0.0,,,0,1.805147409439087,9.600000000000001,2.0
12,1,0.0,1.4000000000000001,1.4000000000000001,-0.09347678115858947,7.800000000000001,0.8,129.64418029785156,1.8095430135726929,0.23999999463558197,2.799999952316284,1,1.8181308507919312,9.600000000000001,2.0
12,1,0.0,1.4000000000000001,1.4000000000000001,-0.09347678115858947,7.800000000000001,0.8,130.14418029785156,1.8228551149368286,0.21924453973770142,2.799999952316284,1,1.831442952156067,9.600000000000001,2.0
12,1,0.0,1.4000000000000001,1.4000000000000001,-0.09347678115858947,7.800000000000001,0.8,130.64418029785156,0.0,,,0,1.845093011856079,9.600000000000001,2.0
12,1,0.0,1.4000000000000001,1.4000000000000001,-0.09347678115858947,7.800000000000001,0.8,131.14418029785156,1.850502848625183,0.17680005729198456,2.799999952316284,1,1.8590906858444214,9.600000000000001,2.0
12,1,0.0,1.4000000000000001,1.4000000000000001,-0.09347678115858947,7.800000000000001,0.8,131.64418029785156,1.8648582696914673,0.15509027242660522,2.799999952316284,1,1.8734461069107056,9.600000000000001,2.0
12,1,0.0,1.4000000000000001,1.4000000000000001,-0.09347678115858947,7.800000000000001,0.8,132.14418029785156,1.8795820474624634,0.1330409049987793,2.799999952316284,1,1.8881698846817017,9.600000000000001,2.0
12,1,0.0,1.4000000000000001,1.4000000000000001,-0.09347678115858947,7.800000000000001,0.8,132.64418029785156,1.89468514919281,0.11064048856496811,2.799999952316284,1,1.9032729864120483,9.600000000000001,2.0
12,1,0.0,1.4000000000000001,1.4000000000000001,-0.09347678115858947,7.800000000000001,0.8,133.14418029785156,1.9101791381835938,0.08787709474563599,2.799999952316284,1,1.918766975402832,9.600000000000001,2.0
12,1,0.0,1.4000000000000001,1.4000000000000001,-0.09347678115858947,7.800000000000001,0.8,133.64418029785156,1.9260759353637695,0.06473825126886368,2.799999952316284,1,1.9346637725830078,9.600000000000001,2.0
12,1,0.0,1.4000000000000001,1.4000000000000001,-0.09347678115858947,7.800000000000001,0.8,134.14418029785156,0.0,,,0,1.950976014137268,9.600000000000001,2.0
12,1,0.0,1.4000000000000001,1.4000000000000001,-0.09347678115858947,7.800000000000001,0.8,134.64418029785156,1.959128975868225,0.01728178933262825,2.799999952316284,1,1.9677168130874634,9.600000000000001,2.0
12,1,0.0,1.4000000000000001,1.4000000000000001,-0.09347678115858947,7.800000000000001,0.8,135.14418029785156,1.9763120412826538,-0.0070635066367685795,2.799999952316284,1,1.984899878501892,9.600000000000001,2.0
12,1,0.0,1.4000000000000001,1.4000000000000001,-0.09347678115858947,7.800000000000001,0.8,135.64418029785156,1.9939517974853516,-0.03183964267373085,2.799999952316284,1,2.00253963470459,9.600000000000001,2.0
12,1,0.0,1.4000000000000001,1.4000000000000001,-0.09347678115858947,7.800000000000001,0.8,136.14418029785156,2.0120630264282227,-0.05706202983856201,2.799999952316284,1,2.020650863647461,9.600000000000001,2.0
12,1,0.0,1.4000000000000001,1.4000000000000001,-0.09347678115858947,7.800000000000001,0.8,136.64418029785156,2.0306615829467773,-0.08274678140878677,2.799999952316284,1,2.0392494201660156,9.600000000000001,2.0
12,1,0.0,1.4000000000000001,1.4000000000000001,-0.09347678115858947,7.800000000000001,0.8,137.14418029785156,2.0497639179229736,-0.10891076177358627,2.799999952316284,1,2.058351755142212,9.600000000000001,2.0
12,1,0.0,1.4000000000000001,1.4000000000000001,-0.09347678115858947,7.800000000000001,0.8,137.64418029785156,2.069387197494507,-0.13557159900665283,2.799999952316284,1,2.077975034713745,9.600000000000001,2.0
12,1,0.0,1.4000000000000001,1.4000000000000001,-0.09347678115858947,7.800000000000001,0.8,138.14418029785156,2.0895495414733887,-0.16274775564670563,2.799999952316284,1,2.098137378692627,9.600000000000001,2.0
12,1,0.0,1.4000000000000001,1.4000000000000001,-0.09347678115858947,7.800000000000001,0.8,138.64418029785156,2.1102700233459473,-0.19045858085155487,2.799999952316284,1,2.1188578605651855,9.600000000000001,2.0
12,1,0.0,1.4000000000000001,1.4000000000000001,-0.09347678115858947,7.800000000000001,0.8,139.14418029785156,2.131568431854248,-0.21872437000274658,2.799999952316284,1,2.1401562690734863,9.600000000000001,2.0
12,1,0.0,1.4000000000000001,1.4000000000000001,-0.09347678115858947,7.800000000000001,0.8,139.64418029785156,2.153465509414673,-0.24756640195846558,2.799999952316284,1,2.162053346633911,9.600000000000001,2.0
12,1,0.0,1.4000000000000001,1.4000000000000001,-0.09347678115858947,7.800000000000001,0.8,140.14418029785156,0.0,,,0,2.1845715045928955,9.600000000000001,2.0
12,1,0.0,1.4000000000000001,1.4000000000000001,-0.09347678115858947,7.800000000000001,0.8,140.64418029785156,2.199145555496216,-0.3070695996284485,2.799999952316284,1,2.207733392715454,9.600000000000001,2.0
12,1,0.0,1.4000000000000001,1.4000000000000001,-0.09347678115858947,7.800000000000001,0.8,141.14418029785156,0.0,,,0,2.2315635681152344,9.600000000000001,2.0
12,1,0.0,1.4000000000000001,1.4000000000000001,-0.09347678115858947,7.800000000000001,0.8,141.64418029785156,2.247499465942383,-0.3691607713699341,2.799999952316284,1,2.256087303161621,9.600000000000001,2.0
12,1,0.0,1.4000000000000001,1.4000000000000001,-0.09347678115858947,7.800000000000001,0.8,142.14418029785156,2.2727439403533936,-0.40124252438545227,2.799999952316284,1,2.281331777572632,9.600000000000001,2.0
12,1,0.0,1.4000000000000001,1.4000000000000001,-0.09347678115858947,7.800000000000001,0.8,142.64418029785156,2.2987375259399414,-0.43405288457870483,2.799999952316284,1,2.3073253631591797,9.600000000000001,2.0
12,1,0.0,1.4000000000000001,1.4000000000000001,-0.09347678115858947,7.800000000000001,0.8,143.14418029785156,2.325510025024414,-0.46762213110923767,2.799999952316284,1,2.3340978622436523,9.600000000000001,2.0
12,1,0.0,1.4000000000000001,1.4000000000000001,-0.09347678115858947,7.800000000000001,0.8,143.64418029785156,2.353092908859253,-0.5019822120666504,2.799999952316284,1,2.361680746078491,9.600000000000001,2.0
12,1,0.0,1.4000000000000001,1.4000000000000001,-0.09347678115858947,7.800000000000001,0.8,144.14418029785156,2.3815200328826904,-0.5371668338775635,2.799999952316284,1,2.3901078701019287,9.600000000000001,2.0
12,1,0.0,1.4000000000000001,1.4000000000000001,-0.09347678115858947,7.800000000000001,0.8,144.64418029785156,0.0,,,0,2.4194138050079346,9.600000000000001,2.0
12,1,0.0,1.4000000000000001,1.4000000000000001,-0.09347678115858947,7.800000000000001,0.8,145.14418029785156,2.4410486221313477,-0.6101539731025696,2.799999952316284,1,2.449636459350586,9.600000000000001,2.0
12,1,0.0,1.4000000000000001,1.4000000000000001,-0.09347678115858947,7.800000000000001,0.8,145.64418029785156,0.0,,,0,2.4808149337768555,9.600000000000001,2.0
12,1,0.0,1.4000000000000001,1.4000000000000001,-0.09347678115858947,7.800000000000001,0.8,146.14418029785156,0.0,,,0,2.512991189956665,9.600000000000001,2.0
12,1,0.0,1.4000000000000001,1.4000000000000001,-0.09347678115858947,7.800000000000001,0.8,146.64418029785156,2.5376217365264893,-0.7267776727676392,2.799999952316284,1,2.5462095737457275,9.600000000000001,2.0
12,1,0.0,1.4000000000000001,1.4000000000000001,-0.09347678115858947,7.800000000000001,0.8,147.14418029785156,2.5719292163848877,-0.7677333950996399,2.799999952316284,1,2.580517053604126,9.600000000000001,2.0
12,1,0.0,1.4000000000000001,1.4000000000000001,-0.09347678115858947,7.800000000000001,0.8,147.64418029785156,2.6073756217956543,-0.8098111152648926,2.799999952316284,1,2.6159634590148926,9.600000000000001,2.0
12,1,0.0,1.4000000000000001,1.4000000000000001,-0.09347678115858947,7.800000000000001,0.8,148.14418029785156,2.644014358520508,-0.853064239025116,2.799999952316284,1,2.652602195739746,9.600000000000001,2.0
12,1,0.0,1.4000000000000001,1.4000000000000001,-0.09347678115858947,7.800000000000001,0.8,148.64418029785156,2.681901693344116,-0.8975496292114258,2.799999952316284,1,2.6904895305633545,9.600000000000001,2.0
12,1,0.0,1.4000000000000001,1.4000000000000001,-0.09347678115858947,7.800000000000001,0.8,149.14418029785156,0.0,,,0,2.7296857833862305,9.600000000000001,2.0
12,1,0.0,1.4000000000000001,1.4000000000000001,-0.09347678115858947,7.800000000000001,0.8,149.64418029785156,2.761667251586914,-0.9904630184173584,2.799999952316284,1,2.7702550888061523,9.600000000000001,2.0
12,1,0.0,1.4000000000000001,1.4000000000000001,-0.09347678115858947,7.800000000000001,0.8,150.14418029785156,2.803678035736084,-1.0390242338180542,2.799999952316284,1,2.8122658729553223,9.600000000000001,2.0
12,1,0.0,1.4000000000000001,1.4000000000000001,-0.09347678115858947,7.800000000000001,0.8,150.64418029785156,2.847203493118286,-1.0890849828720093,2.799999952316284,1,2.8557913303375244,9.600000000000001,2.0
12,1,0.0,1.4000000000000001,1.4000000000000001,-0.09347678115858947,7.800000000000001,0.8,151.14418029785156,2.892321825027466,-1.1407235860824585,2.799999952316284,1,2.900909662246704,9.600000000000001,2.0
12,1,0.0,1.4000000000000001,1.4000000000000001,-0.09347678115858947,7.800000000000001,0.8,151.64418029785156,2.9391164779663086,-1.1940240859985352,2.799999952316284,1,2.947704315185547,9.600000000000001,2.0
12,1,0.0,1.4000000000000001,1.4000000000000001,-0.09347678115858947,7.800000000000001,0.8,152.14418029785156,2.987677812576294,-1.2490767240524292,2.799999952316284,1,2.9962656497955322,9.600000000000001,2.0
12,1,0.0,1.4000000000000001,1.4000000000000001,-0.09347678115858947,7.800000000000001,0.8,152.64418029785156,3.0381016731262207,-1.3059780597686768,2.799999952316284,1,3.046689510345459,9.600000000000001,2.0
12,1,0.0,1.4000000000000001,1.4000000000000001,-0.09347678115858947,7.800000000000001,0.8,153.14418029785156,3.090492010116577,-1.3648319244384766,2.799999952316284,1,3.0990798473358154,9.600000000000001,2.0
12,1,0.0,1.4000000000000001,1.4000000000000001,-0.09347678115858947,7.800000000000001,0.8,153.64418029785156,3.1449599266052246,-1.4257500171661377,2.799999952316284,1,3.153547763824463,9.600000000000001,2.0
12,1,0.0,1.4000000000000001,1.4000000000000001,-0.09347678115858947,7.800000000000001,0.8,154.14418029785156,3.201625347137451,-1.4888525009155273,2.799999952316284,1,3.2102131843566895,9.600000000000001,2.0
12,1,0.0,1.4000000000000001,1.4000000000000001,-0.09347678115858947,7.800000000000001,0.8,154.64418029785156,3.260618209838867,-1.5542694330215454,2.799999952316284,1,3.2692060470581055,9.600000000000001,2.0
12,1,0.0,1.4000000000000001,1.4000000000000001,-0.09347678115858947,7.800000000000001,0.8,155.14418029785156,3.322078227996826,-1.622140884399414,2.799999952316284,1,3.3306660652160645,9.600000000000001,2.0
12,1,0.0,1.4000000000000001,1.4000000000000001,-0.09347678115858947,7.800000000000001,0.8,155.64418029785156,0.0,,,0,3.394744396209717,9.600000000000001,2.0
12,1,0.0,1.4000000000000001,1.4000000000000001,-0.09347678115858947,7.800000000000001,0.8,156.14418029785156,3.4530179500579834,-1.7658671140670776,2.799999952316284,1,3.4616057872772217,9.600000000000001,2.0
12,1,0.0,1.4000000000000001,1.4000000000000001,-0.09347678115858947,7.800000000000001,0.8,156.64418029785156,3.5228402614593506,-1.8420648574829102,2.799999952316284,1,3.531428098678589,9.600000000000001,2.0
12,1,0.0,1.4000000000000001,1.4000000000000001,-0.09347678115858947,7.800000000000001,0.8,157.14418029785156,3.5958173274993896,-1.9214057922363281,2.799999952316284,1,3.604405164718628,9.600000000000001,2.0
12,1,0.0,1.4000000000000001,1.4000000000000001,-0.09347678115858947,7.800000000000001,0.8,157.64418029785156,3.6721603870391846,-2.0041017532348633,2.799999952316284,1,3.680748224258423,9.600000000000001,2.0
12,1,0.0,1.4000000000000001,1.4000000000000001,-0.09347678115858947,7.800000000000001,0.8,158.14418029785156,0.0,,,0,3.760688066482544,9.600000000000001,2.0
12,1,0.0,1.4000000000000001,1.4000000000000001,-0.09347678115858947,7.800000000000001,0.8,158.64418029785156,3.835888385772705,-2.180502414703369,2.799999952316284,1,3.8444762229919434,9.600000000000001,2.0
12,1,0.0,1.4000000000000001,1.4000000000000001,-0.09347678115858947,7.800000000000001,0.8,159.14418029785156,0.0,,,0,3.932389497756958,9.600000000000001,2.0
12,1,0.0,1.4000000000000001,1.4000000000000001,-0.09347678115858947,7.800000000000001,0.8,159.64418029785156,4.016143321990967,-2.3733887672424316,2.799999952316284,1,4.024731159210205,9.600000000000001,2.0
12,1,0.0,1.4000000000000001,1.4000000000000001,-0.09347678115858947,7.800000000000001,0.8,160.14418029785156,4.113247871398926,-2.4767937660217285,2.799999952316284,1,4.121835708618164,9.600000000000001,2.0
12,1,0.0,1.4000000000000001,1.4000000000000001,-0.09347678115858947,7.800000000000001,0.8,160.64418029785156,4.123758316040039,-2.498779535293579,2.769599199295044,1,4.132346153259277,9.600000000000001,2.0
12,1,0.0,1.4000000000000001,1.4000000000000001,-0.09347678115858947,7.800000000000001,0.8,161.14418029785156,0.0,,,0,4.119873523712158,9.600000000000001,2.0
12,1,0.0,1.4000000000000001,1.4000000000000001,-0.09347678115858947,7.800000000000001,0.8,161.64418029785156,4.0991997718811035,-2.498779535293579,2.6936135292053223,1,4.107787609100342,9.600000000000001,2.0
12,1,0.0,1.4000000000000001,1.4000000000000001,-0.09347678115858947,7.800000000000001,0.8,162.14418029785156,0.0,,,0,4.096083641052246,9.600000000000001,2.0
12,1,0.0,1.4000000000000001,1.4000000000000001,-0.09347678115858947,7.800000000000001,0.8,162.64418029785156,4.076168060302734,-2.498779535293579,2.6185030937194824,1,4.084755897521973,9.600000000000001,2.0
12,1,0.0,1.4000000000000001,1.4000000000000001,-0.09347678115858947,7.800000000000001,0.8,163.14418029785156,4.065212726593018,-2.498779535293579,2.5812571048736572,1,4.073800563812256,9.600000000000001,2.0
12,1,0.0,1.4000000000000001,1.4000000000000001,-0.09347678115858947,7.800000000000001,0.8,163.64418029785156,0.0,,,0,4.0632123947143555,9.600000000000001,2.0
12,1,0.0,1.4000000000000001,1.4000000000000001,-0.09347678115858947,7.800000000000001,0.8,164.14418029785156,4.044398784637451,-2.498779535293579,2.507347345352173,1,4.0529866218566895,9.600000000000001,2.0
12,1,0.0,1.4000000000000001,1.4000000000000001,-0.09347678115858947,7.800000000000001,0.8,164.64418029785156,4.034531593322754,-2.498779535293579,2.4706695079803467,1,4.043119430541992,9.600000000000001,2.0
12,1,0.0,1.4000000000000001,1.4000000000000001,-0.09347678115858947,7.800000000000001,0.8,165.14418029785156,4.025018692016602,-2.498779535293579,2.43416690826416,1,4.03360652923584,9.600000000000001,2.0
12,1,0.0,1.4000000000000001,1.4000000000000001,-0.09347678115858947,7.800000000000001,0.8,165.64418029785156,4.015856742858887,-2.498779535293579,2.3978328704833984,1,4.024444580078125,9.600000000000001,2.0
12,1,0.0,1.4000000000000001,1.4000000000000001,-0.09347678115858947,7.800000000000001,0.8,166.14418029785156,4.007040977478027,-2.498779535293579,2.361660957336426,1,4.015628814697266,9.600000000000001,2.0
12,1,0.0,1.4000000000000001,1.4000000000000001,-0.09347678115858947,7.800000000000001,0.8,166.64418029785156,3.998568058013916,-2.498779535293579,2.3256442546844482,1,4.007155895233154,9.600000000000001,2.0
12,1,0.0,1.4000000000000001,1.4000000000000001,-0.09347678115858947,7.800000000000001,0.8,167.14418029785156,3.9904351234436035,-2.498779535293579,2.289776563644409,1,3.999022960662842,9.600000000000001,2.0
12,1,0.0,1.4000000000000001,1.4000000000000001,-0.09347678115858947,7.800000000000001,0.8,167.64418029785156,3.982638359069824,-2.498779535293579,2.254051446914673,1,3.9912261962890625,9.600000000000001,2.0
12,1,0.0,1.4000000000000001,1.4000000000000001,-0.09347678115858947,7.800000000000001,0.8,168.14418029785156,0.0,,,0,3.983762502670288,9.600000000000001,2.0
12,1,0.0,1.4000000000000001,1.4000000000000001,-0.09347678115858947,7.800000000000001,0.8,168.64418029785156,3.968041181564331,-2.498779535293579,2.183004140853882,1,3.9766290187835693,9.600000000000001,2.0
12,1,0.0,1.4000000000000001,1.4000000000000001,-0.09347678115858947,7.800000000000001,0.8,169.14418029785156,3.9612348079681396,-2.498779535293579,2.147669553756714,1,3.969822645187378,9.600000000000001,2.0
12,1,0.0,1.4000000000000001,1.4000000000000001,-0.09347678115858947,7.800000000000001,0.8,169.64418029785156,3.9547531604766846,-2.498779535293579,2.1124532222747803,1,3.963340997695923,9.600000000000001,2.0
12,1,0.0,1.4000000000000001,1.4000000000000001,-0.09347678115858947,7.800000000000001,0.8,170.14418029785156,3.9485933780670166,-2.498779535293579,2.0773489475250244,1,3.957181215286255,9.600000000000001,2.0
12,1,0.0,1.4000000000000001,1.4000000000000001,-0.09347678115858947,7.800000000000001,0.8,170.64418029785156,3.942753314971924,-2.498779535293579,2.0423507690429688,1,3.951341152191162,9.600000000000001,2.0
12,1,0.0,1.4000000000000001,1.4000000000000001,-0.09347678115858947,7.800000000000001,0.8,171.14418029785156,3.937230348587036,-2.498779535293579,2.007453203201294,1,3.9458181858062744,9.600000000000001,2.0
12,1,0.0,1.4000000000000001,1.4000000000000001,-0.09347678115858947,7.800000000000001,0.8,171.64418029785156,3.9320225715637207,-2.498779535293579,1.9726505279541016,1,3.940610408782959,9.600000000000001,2.0
12,1,0.0,1.4000000000000001,1.4000000000000001,-0.09347678115858947,7.800000000000001,0.8,172.14418029785156,3.9271278381347656,-2.498779535293579,1.9379369020462036,1,3.935715675354004,9.600000000000001,2.0
12,1,0.0,1.4000000000000001,1.4000000000000001,-0.09347678115858947,7.800000000000001,0.8,172.64418029785156,3.922544240951538,-2.498779535293579,1.9033067226409912,1,3.9311320781707764,9.600000000000001,2.0
12,1,0.0,1.4000000000000001,1.4000000000000001,-0.09347678115858947,7.800000000000001,0.8,173.14418029785156,3.9182701110839844,-2.498779535293579,1.868754506111145,1,3.9268579483032227,9.600000000000001,2.0
12,1,0.0,1.4000000000000001,1.4000000000000001,-0.09347678115858947,7.800000000000001,0.8,173.64418029785156,3.9143035411834717,-2.498779535293579,1.8342746496200562,1,3.92289137840271,9.600000000000001,2.0
12,1,0.0,1.4000000000000001,1.4000000000000001,-0.09347678115858947,7.800000000000001,0.8,174.14418029785156,3.9106431007385254,-2.498779535293579,1.7998619079589844,1,3.9192309379577637,9.600000000000001,2.0
12,2,0.0,7.800000000000001,0.8,0.5880026035475674,9.600000000000001,2.0,213.6900634765625,2.6328952312469482,5.599999904632568,-0.6666666865348816,1,2.644070863723755,9.600000000000001,2.0
12,2,0.0,7.800000000000001,0.8,0.5880026035475674,9.600000000000001,2.0,214.1900634765625,2.6484694480895996,5.599999904632568,-0.6945610046386719,1,2.6596450805664062,9.600000000000001,2.0
12,2,0.0,7.800000000000001,0.8,0.5880026035475674,9.600000000000001,2.0,214.6900634765625,2.664433240890503,5.599999904632568,-0.7227880358695984,1,2.6756088733673096,9.600000000000001,2.0
12,2,0.0,7.800000000000001,0.8,0.5880026035475674,9.600000000000001,2.0,215.1900634765625,2.6807961463928223,5.599999904632568,-0.7513582110404968,1,2.691971778869629,9.600000000000001,2.0
12,2,0.0,7.800000000000001,0.8,0.5880026035475674,9.600000000000001,2.0,215.6900634765625,2.697567939758301,5.599999904632568,-0.7802821397781372,1,2.7087435722351074,9.600000000000001,2.0
12,2,0.0,7.800000000000001,0.8,0.5880026035475674,9.600000000000001,2.0,216.1900634765625,2.71475887298584,5.599999904632568,-0.8095710277557373,1,2.7259345054626465,9.600000000000001,2.0
12,2,0.0,7.800000000000001,0.8,0.5880026035475674,9.600000000000001,2.0,216.6900634765625,2.732379674911499,5.599999904632568,-0.8392362594604492,1,2.7435553073883057,9.600000000000001,2.0
12,2,0.0,7.800000000000001,0.8,0.5880026035475674,9.600000000000001,2.0,217.1900634765625,2.750441312789917,5.599999904632568,-0.8692898750305176,1,2.7616169452667236,9.600000000000001,2.0
12,2,0.0,7.800000000000001,0.8,0.5880026035475674,9.600000000000001,2.0,217.6900634765625,2.768955707550049,5.599999904632568,-0.8997440934181213,1,2.7801313400268555,9.600000000000001,2.0
12,2,0.0,7.800000000000001,0.8,0.5880026035475674,9.600000000000001,2.0,218.1900634765625,2.7879345417022705,5.599999904632568,-0.9306118488311768,1,2.799110174179077,9.600000000000001,2.0
12,2,0.0,7.800000000000001,0.8,0.5880026035475674,9.600000000000001,2.0,218.6900634765625,2.8073902130126953,5.599999904632568,-0.9619062542915344,1,2.818565845489502,9.600000000000001,2.0
12,2,0.0,7.800000000000001,0.8,0.5880026035475674,9.600000000000001,2.0,219.1900634765625,2.827336072921753,5.599999904632568,-0.9936412572860718,1,2.8385117053985596,9.600000000000001,2.0
12,2,0.0,7.800000000000001,0.8,0.5880026035475674,9.600000000000001,2.0,219.6900634765625,2.847785472869873,5.599999904632568,-1.0258309841156006,1,2.8589611053466797,9.600000000000001,2.0
12,2,0.0,7.800000000000001,0.8,0.5880026035475674,9.600000000000001,2.0,220.1900634765625,2.8687527179718018,5.599999904632568,-1.058490514755249,1,2.8799283504486084,9.600000000000001,2.0
12,2,0.0,7.800000000000001,0.8,0.5880026035475674,9.600000000000001,2.0,220.6900634765625,2.890252113342285,5.599999904632568,-1.0916351079940796,1,2.901427745819092,9.600000000000001,2.0
12,2,0.0,7.800000000000001,0.8,0.5880026035475674,9.600000000000001,2.0,221.1900634765625,2.912299394607544,5.599999904632568,-1.1252808570861816,1,2.9234750270843506,9.600000000000001,2.0
12,2,0.0,7.800000000000001,0.8,0.5880026035475674,9.600000000000001,2.0,221.6900634765625,2.934910297393799,5.599999904632568,-1.1594444513320923,1,2.9460859298706055,9.600000000000001,2.0
12,2,0.0,7.800000000000001,0.8,0.5880026035475674,9.600000000000001,2.0,222.1900634765625,2.958101749420166,5.599999904632568,-1.194143295288086,1,2.9692773818969727,9.600000000000001,2.0
12,2,0.0,7.800000000000001,0.8,0.5880026035475674,9.600000000000001,2.0,222.6900634765625,2.9818906784057617,5.599999904632568,-1.2293955087661743,1,2.9930663108825684,9.600000000000001,2.0
12,2,0.0,7.800000000000001,0.8,0.5880026035475674,9.600000000000001,2.0,223.1900634765625,0.0,,,0,3.0174713134765625,9.600000000000001,2.0
12,2,0.0,7.800000000000001,0.8,0.5880026035475674,9.600000000000001,2.0,223.6900634765625,3.0313355922698975,5.599999904632568,-1.3016360998153687,1,3.042511224746704,9.600000000000001,2.0
12,2,0.0,7.800000000000001,0.8,0.5880026035475674,9.600000000000001,2.0,224.1900634765625,3.057029962539673,5.599999904632568,-1.3386646509170532,1,3.0682055950164795,9.600000000000001,2.0
12,2,0.0,7.800000000000001,0.8,0.5880026035475674,9.600000000000001,2.0,224.6900634765625,3.083400011062622,5.599999904632568,-1.3763266801834106,1,3.0945756435394287,9.600000000000001,2.0
12,2,0.0,7.800000000000001,0.8,0.5880026035475674,9.600000000000001,2.0,225.1900634765625,3.110466718673706,5.599999904632568,-1.414644718170166,1,3.1216423511505127,9.600000000000001,2.0
12,2,0.0,7.800000000000001,0.8,0.5880026035475674,9.600000000000001,2.0,225.6900634765625,3.1382532119750977,5.599999904632568,-1.4536420106887817,1,3.1494288444519043,9.600000000000001,2.0
12,2,0.0,7.800000000000001,0.8,0.5880026035475674,9.600000000000001,2.0,226.1900634765625,3.166783094406128,5.599999904632568,-1.4933428764343262,1,3.1779587268829346,9.600000000000001,2.0
12,2,0.0,7.800000000000001,0.8,0.5880026035475674,9.600000000000001,2.0,226.6900634765625,3.1960809230804443,5.599999904632568,-1.533772587776184,1,3.207256555557251,9.600000000000001,2.0
12,2,0.0,7.800000000000001,0.8,0.5880026035475674,9.600000000000001,2.0,227.1900634765625,3.226172924041748,5.599999904632568,-1.5749578475952148,1,3.2373485565185547,9.600000000000001,2.0
12,2,0.0,7.800000000000001,0.8,0.5880026035475674,9.600000000000001,2.0,227.6900634765625,3.2570860385894775,5.599999904632568,-1.6169265508651733,1,3.268261671066284,9.600000000000001,2.0
12,2,0.0,7.800000000000001,0.8,0.5880026035475674,9.600000000000001,2.0,228.1900634765625,3.288848876953125,5.599999904632568,-1.65970778465271,1,3.3000245094299316,9.600000000000001,2.0
12,2,0.0,7.800000000000001,0.8,0.5880026035475674,9.600000000000001,2.0,228.6900634765625,3.3214917182922363,5.599999904632568,-1.7033320665359497,1,3.332667350769043,9.600000000000001,2.0
12,2,0.0,7.800000000000001,0.8,0.5880026035475674,9.600000000000001,2.0,229.1900634765625,0.0,,,0,3.3662211894989014,9.600000000000001,2.0
12,2,0.0,7.800000000000001,0.8,0.5880026035475674,9.600000000000001,2.0,229.6900634765625,3.3895435333251953,5.599999904632568,-1.7932394742965698,1,3.400719165802002,9.600000000000001,2.0
12,2,0.0,7.800000000000001,0.8,0.5880026035475674,9.600000000000001,2.0,230.1900634765625,0.0,,,0,3.4361960887908936,9.600000000000001,2.0
12,2,0.0,7.800000000000001,0.8,0.5880026035475674,9.600000000000001,2.0,230.6900634765625,3.461512327194214,5.599999904632568,-1.8869242668151855,1,3.4726879596710205,9.600000000000001,2.0
12,2,0.0,7.800000000000001,0.8,0.5880026035475674,9.600000000000001,2.0,231.1900634765625,3.4990580081939697,5.599999904632568,-1.935276985168457,1,3.5102336406707764,9.600000000000001,2.0
12,2,0.0,7.800000000000001,0.8,0.5880026035475674,9.600000000000001,2.0,231.6900634765625,3.5376975536346436,5.599999904632568,-1.984690546989441,1,3.54887318611145,9.600000000000001,2.0
12,2,0.0,7.800000000000001,0.8,0.5880026035475674,9.600000000000001,2.0,232.1900634765625,3.5774736404418945,5.599999904632568,-2.035207986831665,1,3.588649272918701,9.600000000000001,2.0
12,2,0.0,7.800000000000001,0.8,0.5880026035475674,9.600000000000001,2.0,232.6900634765625,3.6184310913085938,5.599999904632568,-2.086874485015869,1,3.6296067237854004,9.600000000000001,2.0
12,2,0.0,7.800000000000001,0.8,0.5880026035475674,9.600000000000001,2.0,233.1900634765625,3.660616874694824,5.599999904632568,-2.139738082885742,1,3.671792507171631,9.600000000000001,2.0
12,2,0.0,7.800000000000001,0.8,0.5880026035475674,9.600000000000001,2.0,233.6900634765625,3.7040810585021973,5.599999904632568,-2.1938490867614746,1,3.715256690979004,9.600000000000001,2.0
12,2,0.0,7.800000000000001,0.8,0.5880026035475674,9.600000000000001,2.0,234.1900634765625,3.7488765716552734,5.599999904632568,-2.249260902404785,1,3.76005220413208,9.600000000000001,2.0
12,2,0.0,7.800000000000001,0.8,0.5880026035475674,9.600000000000001,2.0,234.6900634765625,3.7950587272644043,5.599999904632568,-2.3060295581817627,1,3.806234359741211,9.600000000000001,2.0
12,2,0.0,7.800000000000001,0.8,0.5880026035475674,9.600000000000001,2.0,235.1900634765625,3.842686653137207,5.599999904632568,-2.3642146587371826,1,3.8538622856140137,9.600000000000001,2.0
12,2,0.0,7.800000000000001,0.8,0.5880026035475674,9.600000000000001,2.0,235.6900634765625,0.0,,,0,3.902998208999634,9.600000000000001,2.0
12,2,0.0,7.800000000000001,0.8,0.5880026035475674,9.600000000000001,2.0,236.1900634765625,3.942532539367676,5.599999904632568,-2.485088586807251,1,3.9537081718444824,9.600000000000001,2.0
12,2,0.0,7.800000000000001,0.8,0.5880026035475674,9.600000000000001,2.0,236.6900634765625,0.0,,,0,4.006062030792236,9.600000000000001,2.0
12,2,0.0,7.800000000000001,0.8,0.5880026035475674,9.600000000000001,2.0,237.1900634765625,4.048959255218506,5.599999904632568,-2.6124324798583984,1,4.0601348876953125,9.600000000000001,2.0
12,2,0.0,7.800000000000001,0.8,0.5880026035475674,9.600000000000001,2.0,237.6900634765625,4.10482931137085,5.599999904632568,-2.678720474243164,1,4.116004943847656,9.600000000000001,2.0
12,2,0.0,7.800000000000001,0.8,0.5880026035475674,9.600000000000001,2.0,238.1900634765625,4.162580490112305,5.599999904632568,-2.746863603591919,1,4.173756122589111,9.600000000000001,2.0
12,2,0.0,7.800000000000001,0.8,0.5880026035475674,9.600000000000001,2.0,238.6900634765625,4.2223029136657715,5.599999904632568,-2.8169517517089844,1,4.233478546142578,9.600000000000001,2.0
12,2,0.0,7.800000000000001,0.8,0.5880026035475674,9.600000000000001,2.0,239.1900634765625,4.284090518951416,5.599999904632568,-2.889080047607422,1,4.295266151428223,9.600000000000001,2.0
12,2,0.0,7.800000000000001,0.8,0.5880026035475674,9.600000000000001,2.0,239.6900634765625,4.348045825958252,5.599999904632568,-2.963351011276245,1,4.359221458435059,9.600000000000001,2.0
12,2,0.0,7.800000000000001,0.8,0.5880026035475674,9.600000000000001,2.0,240.1900634765625,4.414276123046875,5.599999904632568,-3.039872884750366,1,4.425451755523682,9.600000000000001,2.0
12,2,0.0,7.800000000000001,0.8,0.5880026035475674,9.600000000000001,2.0,240.6900634765625,4.482897758483887,5.599999904632568,-3.1187620162963867,1,4.494073390960693,9.600000000000001,2.0
12,2,0.0,7.800000000000001,0.8,0.5880026035475674,9.600000000000001,2.0,241.1900634765625,4.554034233093262,5.599999904632568,-3.2001423835754395,1,4.565209865570068,9.600000000000001,2.0
12,2,0.0,7.800000000000001,0.8,0.5880026035475674,9.600000000000001,2.0,241.6900634765625,4.627817630767822,5.599999904632568,-3.284147024154663,1,4.638993263244629,9.600000000000001,2.0
12,2,0.0,7.800000000000001,0.8,0.5880026035475674,9.600000000000001,2.0,242.1900634765625,4.704390048980713,5.599999904632568,-3.3709185123443604,1,4.7155656814575195,9.600000000000001,2.0
12,2,0.0,7.800000000000001,0.8,0.5880026035475674,9.600000000000001,2.0,242.6900634765625,0.0,,,0,4.795080184936523,9.600000000000001,2.0
12,2,0.0,7.800000000000001,0.8,0.5880026035475674,9.600000000000001,2.0,243.1900634765625,4.8665242195129395,5.599999904632568,-3.553384304046631,1,4.877699851989746,9.600000000000001,2.0
12,2,0.0,7.800000000000001,0.8,0.5880026035475674,9.600000000000001,2.0,243.6900634765625,4.952425479888916,5.599999904632568,-3.6494197845458984,1,4.963601112365723,9.600000000000001,2.0
12,2,0.0,7.800000000000001,0.8,0.5880026035475674,9.600000000000001,2.0,244.1900634765625,5.041798114776611,5.599999904632568,-3.748905897140503,1,5.052973747253418,9.600000000000001,2.0
12,2,0.0,7.800000000000001,0.8,0.5880026035475674,9.600000000000001,2.0,244.6900634765625,5.134847640991211,5.599999904632568,-3.852048635482788,1,5.146023273468018,9.600000000000001,2.0
12,2,0.0,7.800000000000001,0.8,0.5880026035475674,9.600000000000001,2.0,245.1900634765625,5.231794834136963,5.599999904632568,-3.9590694904327393,1,5.2429704666137695,9.600000000000001,2.0
12,2,0.0,7.800000000000001,0.8,0.5880026035475674,9.600000000000001,2.0,245.6900634765625,5.332880020141602,5.599999904632568,-4.070208549499512,1,5.344055652618408,9.600000000000001,2.0
12,2,0.0,7.800000000000001,0.8,0.5880026035475674,9.600000000000001,2.0,246.1900634765625,0.0,,,0,5.449538707733154,9.600000000000001,2.0
12,2,0.0,7.800000000000001,0.8,0.5880026035475674,9.600000000000001,2.0,246.6900634765625,5.548525810241699,5.599999904632568,-4.305906295776367,1,5.559701442718506,9.600000000000001,2.0
12,2,0.0,7.800000000000001,0.8,0.5880026035475674,9.600000000000001,2.0,247.1900634765625,5.663675308227539,5.599999904632568,-4.431054592132568,1,5.674850940704346,9.600000000000001,2.0
12,2,0.0,7.800000000000001,0.8,0.5880026035475674,9.600000000000001,2.0,247.6900634765625,5.784146308898926,5.599999904632568,-4.561506748199463,1,5.795321941375732,9.600000000000001,2.0
12,2,0.0,7.800000000000001,0.8,0.5880026035475674,9.600000000000001,2.0,248.1900634765625,5.910303592681885,5.599999904632568,-4.697628021240234,1,5.921479225158691,9.600000000000001,2.0
12,2,0.0,7.800000000000001,0.8,0.5880026035475674,9.600000000000001,2.0,248.6900634765625,6.042547225952148,5.599999904632568,-4.839818954467773,1,6.053722858428955,9.600000000000001,2.0
12,2,0.0,7.800000000000001,0.8,0.5880026035475674,9.600000000000001,2.0,249.1900634765625,6.181314945220947,5.599999904632568,-4.988517761230469,1,6.192490577697754,9.600000000000001,2.0
12,2,0.0,7.800000000000001,0.8,0.5880026035475674,9.600000000000001,2.0,249.6900634765625,6.327087879180908,5.599999904632568,-5.144205570220947,1,6.338263511657715,9.600000000000001,2.0
12,2,0.0,7.800000000000001,0.8,0.5880026035475674,9.600000000000001,2.0,250.1900634765625,6.480395317077637,5.599999904632568,-5.307413101196289,1,6.491570949554443,9.600000000000001,2.0
12,2,0.0,7.800000000000001,0.8,0.5880026035475674,9.600000000000001,2.0,250.6900634765625,0.0,,,0,6.652997970581055,9.600000000000001,2.0
12,2,0.0,7.800000000000001,0.8,0.5880026035475674,9.600000000000001,2.0,251.1900634765625,0.0,,,0,6.823190689086914,9.600000000000001,2.0
12,2,0.0,7.800000000000001,0.8,0.5880026035475674,9.600000000000001,2.0,251.6900634765625,6.866636753082275,5.639286994934082,-5.729596138000488,1,6.877812385559082,9.600000000000001,2.0
12,2,0.0,7.800000000000001,0.8,0.5880026035475674,9.600000000000001,2.0,252.1900634765625,6.84709358215332,5.702327251434326,-5.729596138000488,1,6.858269214630127,9.600000000000001,2.0
12,2,0.0,7.800000000000001,0.8,0.5880026035475674,9.600000000000001,2.0,252.6900634765625,6.828179836273193,5.765015602111816,-5.729596138000488,1,6.83935546875,9.600000000000001,2.0
12,2,0.0,7.800000000000001,0.8,0.5880026035475674,9.600000000000001,2.0,253.1900634765625,0.0,,,0,6.821064472198486,9.600000000000001,2.0
12,2,0.0,7.800000000000001,0.8,0.5880026035475674,9.600000000000001,2.0,253.6900634765625,6.792211532592773,5.889383792877197,-5.729596138000488,1,6.80338716506958,9.600000000000001,2.0
12,2,0.0,7.800000000000001,0.8,0.5880026035475674,9.600000000000001,2.0,254.1900634765625,6.77514123916626,5.951087951660156,-5.729596138000488,1,6.786316871643066,9.600000000000001,2.0
12,2,0.0,7.800000000000001,0.8,0.5880026035475674,9.600000000000001,2.0,254.6900634765625,6.758670806884766,6.012487888336182,-5.729596138000488,1,6.769846439361572,9.600000000000001,2.0
12,2,0.0,7.800000000000001,0.8,0.5880026035475674,9.600000000000001,2.0,255.1900634765625,6.742793083190918,6.0735955238342285,-5.729596138000488,1,6.753968715667725,9.600000000000001,2.0
12,2,0.0,7.800000000000001,0.8,0.5880026035475674,9.600000000000001,2.0,255.6900634765625,6.72750186920166,6.134421348571777,-5.729596138000488,1,6.738677501678467,9.600000000000001,2.0
12,2,0.0,7.800000000000001,0.8,0.5880026035475674,9.600000000000001,2.0,256.1900634765625,6.712790489196777,6.194977283477783,-5.729596138000488,1,6.723966121673584,9.600000000000001,2.0
12,2,0.0,7.800000000000001,0.8,0.5880026035475674,9.600000000000001,2.0,256.6900634765625,6.698653221130371,6.255273818969727,-5.729596138000488,1,6.709828853607178,9.600000000000001,2.0
12,2,0.0,7.800000000000001,0.8,0.5880026035475674,9.600000000000001,2.0,257.1900634765625,0.0,,,0,6.696259498596191,9.600000000000001,2.0
12,2,0.0,7.800000000000001,0.8,0.5880026035475674,9.600000000000001,2.0,257.6900634765625,6.672077655792236,6.375132083892822,-5.729596138000488,1,6.683253288269043,9.600000000000001,2.0
12,2,0.0,7.800000000000001,0.8,0.5880026035475674,9.600000000000001,2.0,258.1900634765625,0.0,,,0,6.670804023742676,9.600000000000001,2.0
12,2,0.0,7.800000000000001,0.8,0.5880026035475674,9.600000000000001,2.0,258.6900634765625,6.647731781005859,6.494081020355225,-5.729596138000488,1,6.658907413482666,9.600000000000001,2.0
12,2,0.0,7.800000000000001,0.8,0.5880026035475674,9.600000000000001,2.0,259.1900634765625,6.636383056640625,6.553239822387695,-5.729596138000488,1,6.647558689117432,9.600000000000001,2.0
12,2,0.0,7.800000000000001,0.8,0.5880026035475674,9.600000000000001,2.0,259.6900634765625,6.625576972961426,6.612202167510986,-5.729596138000488,1,6.636752605438232,9.600000000000001,2.0
12,2,0.0,7.800000000000001,0.8,0.5880026035475674,9.600000000000001,2.0,260.1900634765625,0.0,,,0,6.626485824584961,9.600000000000001,2.0
12,2,0.0,7.800000000000001,0.8,0.5880026035475674,9.600000000000001,2.0,260.6900634765625,0.0,,,0,6.616754055023193,9.600000000000001,2.0
12,2,0.0,7.800000000000001,0.8,0.5880026035475674,9.600000000000001,2.0,261.1900634765625,6.596377372741699,6.788005828857422,-5.729596138000488,1,6.607553005218506,9.600000000000001,2.0
12,2,0.0,7.800000000000001,0.8,0.5880026035475674,9.600000000000001,2.0,261.6900634765625,0.0,,,0,6.598879337310791,9.600000000000001,2.0
12,2,0.0,7.800000000000001,0.8,0.5880026035475674,9.600000000000001,2.0,262.1900634765625,6.579554080963135,6.904403209686279,-5.729596138000488,1,6.590729713439941,9.600000000000001,2.0
12,2,0.0,7.800000000000001,0.8,0.5880026035475674,9.600000000000001,2.0,262.6900634765625,6.571925163269043,6.96238899230957,-5.729596138000488,1,6.58310079574585,9.600000000000001,2.0
12,2,0.0,7.800000000000001,0.8,0.5880026035475674,9.600000000000001,2.0,263.1900634765625,0.0,,,0,6.575989723205566,9.600000000000001,2.0
12,2,0.0,7.800000000000001,0.8,0.5880026035475674,9.600000000000001,2.0,263.6900634765625,6.558218002319336,7.077980041503906,-5.729596138000488,1,6.569393634796143,9.600000000000001,2.0
12,2,0.0,7.800000000000001,0.8,0.5880026035475674,9.600000000000001,2.0,264.1900634765625,6.552134990692139,7.135604381561279,-5.729596138000488,1,6.563310623168945,9.600000000000001,2.0
12,2,0.0,7.800000000000001,0.8,0.5880026035475674,9.600000000000001,2.0,264.6900634765625,6.5465617179870605,7.193126201629639,-5.729596138000488,1,6.557737350463867,9.600000000000001,2.0
12,2,0.0,7.800000000000001,0.8,0.5880026035475674,9.600000000000001,2.0,265.1900634765625,6.541496753692627,7.25055456161499,-5.729596138000488,1,6.552672386169434,9.600000000000001,2.0
12,2,0.0,7.800000000000001,0.8,0.5880026035475674,9.600000000000001,2.0,265.6900634765625,6.536937713623047,7.307898998260498,-5.729596138000488,1,6.5481133460998535,9.600000000000001,2.0
12,2,0.0,7.800000000000001,0.8,0.5880026035475674,9.600000000000001,2.0,266.1900634765625,6.5328826904296875,7.365167617797852,-5.729596138000488,1,6.544058322906494,9.600000000000001,2.0
12,2,0.0,7.800000000000001,0.8,0.5880026035475674,9.600000000000001,2.0,266.6900634765625,0.0,,,0,6.540506839752197,9.600000000000001,2.0
12,2,0.0,7.800000000000001,0.8,0.5880026035475674,9.600000000000001,2.0,267.1900634765625,6.526280403137207,7.4795145988464355,-5.729596138000488,1,6.537456035614014,9.600000000000001,2.0
12,2,0.0,7.800000000000001,0.8,0.5880026035475674,9.600000000000001,2.0,267.6900634765625,6.523730278015137,7.5366106033325195,-5.729596138000488,1,6.534905910491943,9.600000000000001,2.0
12,2,0.0,7.800000000000001,0.8,0.5880026035475674,9.600000000000001,2.0,268.1900634765625,6.521679401397705,7.593666076660156,-5.729596138000488,1,6.532855033874512,9.600000000000001,2.0
12,2,0.0,7.800000000000001,0.8,0.5880026035475674,9.600000000000001,2.0,268.6900634765625,9.191228866577148,7.589627265930176,-8.399999618530273,1,9.202404975891113,9.600000000000001,2.0
12,2,0.0,7.800000000000001,0.8,0.5880026035475674,9.600000000000001,2.0,269.1900634765625,9.189743041992188,7.66994047164917,-8.399999618530273,1,9.200919151306152,9.600000000000001,2.0
12,2,0.0,7.800000000000001,0.8,0.5880026035475674,9.600000000000001,2.0,269.6900634765625,9.188958168029785,7.7502336502075195,-8.399999618530273,1,9.20013427734375,9.600000000000001,2.0
12,2,0.0,7.800000000000001,0.8,0.5880026035475674,9.600000000000001,2.0,270.1900634765625,9.188874244689941,7.830519199371338,-8.399999618530273,1,9.200050354003906,9.600000000000001,2.0
12,2,0.0,7.800000000000001,0.8,0.5880026035475674,9.600000000000001,2.0,270.6900634765625,12.0,,,0,12.0,9.600000000000001,2.0
12,2,0.0,7.800000000000001,0.8,0.5880026035475674,9.600000000000001,2.0,271.1900634765625,12.0,,,0,12.0,9.600000000000001,2.0
12,2,0.0,7.800000000000001,0.8,0.5880026035475674,9.600000000000001,2.0,271.6900634765625,12.0,,,0,12.0,9.600000000000001,2.0
12,2,0.0,7.800000000000001,0.8,0.5880026035475674,9.600000000000001,2.0,272.1900634765625,0.0,,,0,12.0,9.600000000000001,2.0
12,2,0.0,7.800000000000001,0.8,0.5880026035475674,9.600000000000001,2.0,272.6900634765625,12.0,,,0,12.0,9.600000000000001,2.0
12,2,0.0,7.800000000000001,0.8,0.5880026035475674,9.600000000000001,2.0,273.1900634765625,12.0,,,0,12.0,9.600000000000001,2.0
12,2,0.0,7.800000000000001,0.8,0.5880026035475674,9.600000000000001,2.0,273.6900634765625,12.0,,,0,12.0,9.600000000000001,2.0
12,2,0.0,7.800000000000001,0.8,0.5880026035475674,9.600000000000001,2.0,274.1900634765625,0.0,,,0,6.54709529876709,9.600000000000001,2.0
12,2,0.0,7.800000000000001,0.8,0.5880026035475674,9.600000000000001,2.0,274.6900634765625,6.54035758972168,8.33569049835205,-5.729596138000488,1,6.551533222198486,9.600000000000001,2.0
12,2,0.0,7.800000000000001,0.8,0.5880026035475674,9.600000000000001,2.0,275.1900634765625,6.54530143737793,8.393098831176758,-5.729596138000488,1,6.556477069854736,9.600000000000001,2.0
12,2,0.0,7.800000000000001,0.8,0.5880026035475674,9.600000000000001,2.0,275.6900634765625,6.550752639770508,8.450596809387207,-5.729596138000488,1,6.5619282722473145,9.600000000000001,2.0
12,2,0.0,7.800000000000001,0.8,0.5880026035475674,9.600000000000001,2.0,276.1900634765625,6.556713104248047,8.508195877075195,-5.729596138000488,1,6.5678887367248535,9.600000000000001,2.0
12,2,0.0,7.800000000000001,0.8,0.5880026035475674,9.600000000000001,2.0,276.6900634765625,6.563186168670654,8.565903663635254,-5.729596138000488,1,6.574361801147461,9.600000000000001,2.0
12,2,0.0,7.800000000000001,0.8,0.5880026035475674,9.600000000000001,2.0,277.1900634765625,6.570173263549805,8.623729705810547,-5.729596138000488,1,6.581348896026611,9.600000000000001,2.0
12,2,0.0,7.800000000000001,0.8,0.5880026035475674,9.600000000000001,2.0,277.6900634765625,6.5776777267456055,8.681683540344238,-5.729596138000488,1,6.588853359222412,9.600000000000001,2.0
12,2,0.0,7.800000000000001,0.8,0.5880026035475674,9.600000000000001,2.0,278.1900634765625,0.0,,,0,6.5968780517578125,9.600000000000001,2.0
12,2,0.0,7.800000000000001,0.8,0.5880026035475674,9.600000000000001,2.0,278.6900634765625,6.594250202178955,8.798009872436523,-5.729596138000488,1,6.605425834655762,9.600000000000001,2.0
12,2,0.0,7.800000000000001,0.8,0.5880026035475674,9.600000000000001,2.0,279.1900634765625,6.6033244132995605,8.856402397155762,-5.729596138000488,1,6.614500045776367,9.600000000000001,2.0
12,2,0.0,7.800000000000001,0.8,0.5880026035475674,9.600000000000001,2.0,279.6900634765625,0.0,,,0,6.6241044998168945,9.600000000000001,2.0
12,2,0.0,7.800000000000001,0.8,0.5880026035475674,9.600000000000001,2.0,280.1900634765625,6.6230669021606445,8.9736909866333,-5.729596138000488,1,6.634242534637451,9.600000000000001,2.0
12,2,0.0,7.800000000000001,0.8,0.5880026035475674,9.600000000000001,2.0,280.6900634765625,6.6337432861328125,9.032608032226562,-5.729596138000488,1,6.644918918609619,9.600000000000001,2.0
12,2,0.0,7.800000000000001,0.8,0.5880026035475674,9.600000000000001,2.0,281.1900634765625,6.644961357116699,9.091718673706055,-5.729596138000488,1,6.656136989593506,9.600000000000001,2.0
12,2,0.0,7.800000000000001,0.8,0.5880026035475674,9.600000000000001,2.0,281.6900634765625,6.656726360321045,9.151033401489258,-5.729596138000488,1,6.667901992797852,9.600000000000001,2.0
12,2,0.0,7.800000000000001,0.8,0.5880026035475674,9.600000000000001,2.0,282.1900634765625,6.669042587280273,9.210563659667969,-5.729596138000488,1,6.68021821975708,9.600000000000001,2.0
12,2,0.0,7.800000000000001,0.8,0.5880026035475674,9.600000000000001,2.0,282.6900634765625,6.681914806365967,9.270318984985352,-5.729596138000488,1,6.693090438842773,9.600000000000001,2.0
12,2,0.0,7.800000000000001,0.8,0.5880026035475674,9.600000000000001,2.0,283.1900634765625,6.695348739624023,9.33030891418457,-5.729596138000488,1,6.70652437210083,9.600000000000001,2.0
12,2,0.0,7.800000000000001,0.8,0.5880026035475674,9.600000000000001,2.0,283.6900634765625,6.709349155426025,9.390544891357422,-5.729596138000488,1,6.720524787902832,9.600000000000001,2.0
12,2,0.0,7.800000000000001,0.8,0.5880026035475674,9.600000000000001,2.0,284.1900634765625,6.7239227294921875,9.451037406921387,-5.729596138000488,1,6.735098361968994,9.600000000000001,2.0
12,2,0.0,7.800000000000001,0.8,0.5880026035475674,9.600000000000001,2.0,284.6900634765625,6.739074230194092,9.511797904968262,-5.729596138000488,1,6.750249862670898,9.600000000000001,2.0
12,2,0.0,7.800000000000001,0.8,0.5880026035475674,9.600000000000001,2.0,285.1900634765625,6.754810810089111,9.572836875915527,-5.729596138000488,1,6.765986442565918,9.600000000000001,2.0
12,2,0.0,7.800000000000001,0.8,0.5880026035475674,9.600000000000001,2.0,285.6900634765625,6.771138668060303,9.63416576385498,-5.729596138000488,1,6.782314300537109,9.600000000000001,2.0
12,2,0.0,7.800000000000001,0.8,0.5880026035475674,9.600000000000001,2.0,286.1900634765625,6.788064479827881,9.695796012878418,-5.729596138000488,1,6.7992401123046875,9.600000000000001,2.0
12,2,0.0,7.800000000000001,0.8,0.5880026035475674,9.600000000000001,2.0,286.6900634765625,6.805595397949219,9.757739067077637,-5.729596138000488,1,6.816771030426025,9.600000000000001,2.0
12,2,0.0,7.800000000000001,0.8,0.5880026035475674,9.600000000000001,2.0,287.1900634765625,6.8237385749816895,9.82000732421875,-5.729596138000488,1,6.834914207458496,9.600000000000001,2.0
12,2,0.0,7.800000000000001,0.8,0.5880026035475674,9.600000000000001,2.0,287.6900634765625,6.842502117156982,9.882613182067871,-5.729596138000488,1,6.853677749633789,9.600000000000001,2.0
12,2,0.0,7.800000000000001,0.8,0.5880026035475674,9.600000000000001,2.0,288.1900634765625,6.861893653869629,9.945568084716797,-5.729596138000488,1,6.8730692863464355,9.600000000000001,2.0
12,2,0.0,7.800000000000001,0.8,0.5880026035475674,9.600000000000001,2.0,288.6900634765625,0.0,,,0,6.893097400665283,9.600000000000001,2.0
12,2,0.0,7.800000000000001,0.8,0.5880026035475674,9.600000000000001,2.0,289.1900634765625,6.902595520019531,10.072576522827148,-5.729596138000488,1,6.913771152496338,9.600000000000001,2.0
12,2,0.0,7.800000000000001,0.8,0.5880026035475674,9.600000000000001,2.0,289.6900634765625,6.923922538757324,10.136656761169434,-5.729596138000488,1,6.935098171234131,9.600000000000001,2.0
12,2,0.0,7.800000000000001,0.8,0.5880026035475674,9.600000000000001,2.0,290.1900634765625,0.0,,,0,6.957088947296143,9.600000000000001,2.0
12,2,0.0,7.800000000000001,0.8,0.5880026035475674,9.600000000000001,2.0,290.6900634765625,6.9685773849487305,10.266035079956055,-5.729596138000488,1,6.979753017425537,9.600000000000001,2.0
12,2,0.0,7.800000000000001,0.8,0.5880026035475674,9.600000000000001,2.0,291.1900634765625,6.908538818359375,10.301220893859863,-5.651848316192627,1,6.919714450836182,9.600000000000001,2.0
12,2,0.0,7.800000000000001,0.8,0.5880026035475674,9.600000000000001,2.0,291.6900634765625,6.756457805633545,10.301220893859863,-5.488462448120117,1,6.767633438110352,9.600000000000001,2.0
12,2,0.0,7.800000000000001,0.8,0.5880026035475674,9.600000000000001,2.0,292.1900634765625,6.611411094665527,10.301220893859863,-5.332091808319092,1,6.622586727142334,9.600000000000001,2.0
12,2,0.0,7.800000000000001,0.8,0.5880026035475674,9.600000000000001,2.0,292.6900634765625,6.472934722900391,10.301220893859863,-5.182272434234619,1,6.484110355377197,9.600000000000001,2.0
12,2,0.0,7.800000000000001,0.8,0.5880026035475674,9.600000000000001,2.0,293.1900634765625,6.340604782104492,10.301220893859863,-5.03857946395874,1,6.351780414581299,9.600000000000001,2.0
12,2,0.0,7.800000000000001,0.8,0.5880026035475674,9.600000000000001,2.0,293.6900634765625,6.2140326499938965,10.301220893859863,-4.900623798370361,1,6.225208282470703,9.600000000000001,2.0
12,2,0.0,7.800000000000001,0.8,0.5880026035475674,9.600000000000001,2.0,294.1900634765625,6.092862129211426,10.301220893859863,-4.768049240112305,1,6.104037761688232,9.600000000000001,2.0
12,2,0.0,7.800000000000001,0.8,0.5880026035475674,9.600000000000001,2.0,294.6900634765625,5.9767656326293945,10.301220893859863,-4.640527248382568,1,5.987941265106201,9.600000000000001,2.0
12,2,0.0,7.800000000000001,0.8,0.5880026035475674,9.600000000000001,2.0,295.1900634765625,5.865442276000977,10.301220893859863,-4.517756462097168,1,5.876617908477783,9.600000000000001,2.0
12,2,0.0,7.800000000000001,0.8,0.5880026035475674,9.600000000000001,2.0,295.6900634765625,5.7586140632629395,10.301220893859863,-4.399458408355713,1,5.769789695739746,9.600000000000001,2.0
12,2,0.0,7.800000000000001,0.8,0.5880026035475674,9.600000000000001,2.0,296.1900634765625,0.0,,,0,5.667200088500977,9.600000000000001,2.0
12,2,0.0,7.800000000000001,0.8,0.5880026035475674,9.600000000000001,2.0,296.6900634765625,0.0,,,0,5.568611145019531,9.600000000000001,2.0
12,2,0.0,7.800000000000001,0.8,0.5880026035475674,9.600000000000001,2.0,297.1900634765625,5.462628364562988,10.301220893859863,-4.068924427032471,1,5.473803997039795,9.600000000000001,2.0
12,2,0.0,7.800000000000001,0.8,0.5880026035475674,9.600000000000001,2.0,297.6900634765625,5.371397972106934,10.301220893859863,-3.966130256652832,1,5.38257360458374,9.600000000000001,2.0
12,2,0.0,7.800000000000001,0.8,0.5880026035475674,9.600000000000001,2.0,298.1900634765625,5.28355598449707,10.301220893859863,-3.866698741912842,1,5.294731616973877,9.600000000000001,2.0
12,2,0.0,7.800000000000001,0.8,0.5880026035475674,9.600000000000001,2.0,298.6900634765625,5.198925018310547,10.301220893859863,-3.770453453063965,1,5.2101006507873535,9.600000000000001,2.0
12,2,0.0,7.800000000000001,0.8,0.5880026035475674,9.600000000000001,2.0,299.1900634765625,5.1173415184021,10.301220893859863,-3.677229404449463,1,5.128517150878906,9.600000000000001,2.0
12,2,0.0,7.800000000000001,0.8,0.5880026035475674,9.600000000000001,2.0,299.6900634765625,0.0,,,0,5.049827575683594,9.600000000000001,2.0
12,2,0.0,7.800000000000001,0.8,0.5880026035475674,9.600000000000001,2.0,300.1900634765625,4.962714195251465,10.301220893859863,-3.4992411136627197,1,4.9738898277282715,9.600000000000001,2.0
12,2,0.0,7.800000000000001,0.8,0.5880026035475674,9.600000000000001,2.0,300.6900634765625,4.8893938064575195,10.301220893859863,-3.4141993522644043,1,4.900569438934326,9.600000000000001,2.0
12,2,0.0,7.800000000000001,0.8,0.5880026035475674,9.600000000000001,2.0,301.1900634765625,4.818565845489502,10.301220893859863,-3.3316221237182617,1,4.829741477966309,9.600000000000001,2.0
12,2,0.0,7.800000000000001,0.8,0.5880026035475674,9.600000000000001,2.0,301.6900634765625,4.7501139640808105,10.301220893859863,-3.251391649246216,1,4.761289596557617,9.600000000000001,2.0
12,2,0.0,7.800000000000001,0.8,0.5880026035475674,9.600000000000001,2.0,302.1900634765625,4.683927536010742,10.301220893859863,-3.173398017883301,1,4.695103168487549,9.600000000000001,2.0
12,2,0.0,7.800000000000001,0.8,0.5880026035475674,9.600000000000001,2.0,302.6900634765625,4.619904041290283,10.301220893859863,-3.0975372791290283,1,4.63107967376709,9.600000000000001,2.0
12,2,0.0,7.800000000000001,0.8,0.5880026035475674,9.600000000000001,2.0,303.1900634765625,4.557946681976318,10.301220893859863,-3.023711919784546,1,4.569122314453125,9.600000000000001,2.0
12,2,0.0,7.800000000000001,0.8,0.5880026035475674,9.600000000000001,2.0,303.6900634765625,0.0,,,0,4.509139060974121,9.600000000000001,2.0
12,2,0.0,7.800000000000001,0.8,0.5880026035475674,9.600000000000001,2.0,304.1900634765625,4.4398698806762695,10.301220893859863,-2.8818068504333496,1,4.451045513153076,9.600000000000001,2.0
12,2,0.0,7.800000000000001,0.8,0.5880026035475674,9.600000000000001,2.0,304.6900634765625,4.383584499359131,10.301220893859863,-2.8135592937469482,1,4.3947601318359375,9.600000000000001,2.0
12,2,0.0,7.800000000000001,0.8,0.5880026035475674,9.600000000000001,2.0,305.1900634765625,4.329030990600586,10.301220893859863,-2.747011184692383,1,4.340206623077393,9.600000000000001,2.0
12,2,0.0,7.800000000000001,0.8,0.5880026035475674,9.600000000000001,2.0,305.6900634765625,4.276137828826904,10.301220893859863,-2.6820902824401855,1,4.287313461303711,9.600000000000001,2.0
12,2,0.0,7.800000000000001,0.8,0.5880026035475674,9.600000000000001,2.0,306.1900634765625,0.0,,,0,4.2360124588012695,9.600000000000001,2.0
12,2,0.0,7.800000000000001,0.8,0.5880026035475674,9.600000000000001,2.0,306.6900634765625,4.175064563751221,10.301220893859863,-2.556859016418457,1,4.186240196228027,9.600000000000001,2.0
12,2,0.0,7.800000000000001,0.8,0.5880026035475674,9.600000000000001,2.0,307.1900634765625,4.1267595291137695,10.301220893859863,-2.49642276763916,1,4.137935161590576,9.600000000000001,2.0
12,2,0.0,7.800000000000001,0.8,0.5880026035475674,9.600000000000001,2.0,307.6900634765625,4.079864501953125,10.301220893859863,-2.4373607635498047,1,4.091040134429932,9.600000000000001,2.0
12,2,0.0,7.800000000000001,0.8,0.5880026035475674,9.600000000000001,2.0,308.1900634765625,4.034325122833252,10.301220893859863,-2.3796181678771973,1,4.045500755310059,9.600000000000001,2.0
12,2,0.0,7.800000000000001,0.8,0.5880026035475674,9.600000000000001,2.0,308.6900634765625,11.775553703308105,15.16797161102295,-8.399999618530273,1,11.78672981262207,9.600000000000001,2.0
12,2,0.0,7.800000000000001,0.8,0.5880026035475674,9.600000000000001,2.0,309.1900634765625,11.858963966369629,15.300681114196777,-8.399999618530273,1,11.870140075683594,9.600000000000001,2.0
12,2,0.0,7.800000000000001,0.8,0.5880026035475674,9.600000000000001,2.0,309.6900634765625,11.944479942321777,15.435293197631836,-8.399999618530273,1,11.955656051635742,9.600000000000001,2.0
12,2,0.0,7.800000000000001,0.8,0.5880026035475674,9.600000000000001,2.0,310.1900634765625,0.0,,,0,12.0,9.600000000000001,2.0
12,2,0.0,7.800000000000001,0.8,0.5880026035475674,9.600000000000001,2.0,310.6900634765625,11.952620506286621,15.600000381469727,-8.271516799926758,1,11.963796615600586,9.600000000000001,2.0
12,2,0.0,7.800000000000001,0.8,0.5880026035475674,9.600000000000001,2.0,311.1900634765625,8.665692329406738,13.514229774475098,-5.729596138000488,1,8.676868438720703,9.600000000000001,2.0
12,2,0.0,7.800000000000001,0.8,0.5880026035475674,9.600000000000001,2.0,311.6900634765625,0.0,,,0,8.743977546691895,9.600000000000001,2.0
12,2,0.0,7.800000000000001,0.8,0.5880026035475674,9.600000000000001,2.0,312.1900634765625,8.801633834838867,13.718613624572754,-5.729596138000488,1,8.812809944152832,9.600000000000001,2.0
12,2,0.0,7.800000000000001,0.8,0.5880026035475674,9.600000000000001,2.0,312.6900634765625,8.872239112854004,13.8232421875,-5.729596138000488,1,8.883415222167969,9.600000000000001,2.0
12,2,0.0,7.800000000000001,0.8,0.5880026035475674,9.600000000000001,2.0,313.1900634765625,0.0,,,0,8.955849647521973,9.600000000000001,2.0
12,2,0.0,7.800000000000001,0.8,0.5880026035475674,9.600000000000001,2.0,313.6900634765625,9.018991470336914,14.037652015686035,-5.729596138000488,1,9.030167579650879,9.600000000000001,2.0
12,2,0.0,7.800000000000001,0.8,0.5880026035475674,9.600000000000001,2.0,314.1900634765625,9.095252990722656,14.147552490234375,-5.729596138000488,1,9.106429100036621,9.600000000000001,2.0
12,2,0.0,7.800000000000001,0.8,0.5880026035475674,9.600000000000001,2.0,314.6900634765625,0.0,,,0,3.5565505027770996,9.600000000000001,2.0
12,2,0.0,7.800000000000001,0.8,0.5880026035475674,9.600000000000001,2.0,315.1900634765625,3.5144081115722656,10.301220893859863,-1.6846805810928345,1,3.5255837440490723,9.600000000000001,2.0
12,2,0.0,7.800000000000001,0.8,0.5880026035475674,9.600000000000001,2.0,315.6900634765625,3.4842400550842285,10.301220893859863,-1.6416854858398438,1,3.495415687561035,9.600000000000001,2.0
12,2,0.0,7.800000000000001,0.8,0.5880026035475674,9.600000000000001,2.0,316.1900634765625,3.454845666885376,10.301220893859863,-1.5994166135787964,1,3.4660212993621826,9.600000000000001,2.0
12,2,0.0,7.800000000000001,0.8,0.5880026035475674,9.600000000000001,2.0,316.6900634765625,0.0,,,0,3.4373767375946045,9.600000000000001,2.0
12,2,0.0,7.800000000000001,0.8,0.5880026035475674,9.600000000000001,2.0,317.1900634765625,3.3982834815979004,10.301220893859863,-1.5169610977172852,1,3.409459114074707,9.600000000000001,2.0
12,2,0.0,7.800000000000001,0.8,0.5880026035475674,9.600000000000001,2.0,317.6900634765625,3.3710713386535645,10.301220893859863,-1.4767282009124756,1,3.382246971130371,9.600000000000001,2.0
12,2,0.0,7.800000000000001,0.8,0.5880026035475674,9.600000000000001,2.0,318.1900634765625,3.344543695449829,10.301220893859863,-1.4371294975280762,1,3.3557193279266357,9.600000000000001,2.0
12,2,0.0,7.800000000000001,0.8,0.5880026035475674,9.600000000000001,2.0,318.6900634765625,3.31868052482605,10.301220893859863,-1.398144245147705,1,3.3298561573028564,9.600000000000001,2.0
12,2,0.0,7.800000000000001,0.8,0.5880026035475674,9.600000000000001,2.0,319.1900634765625,0.0,,,0,3.304638147354126,9.600000000000001,2.0
12,2,0.0,7.800000000000001,0.8,0.5880026035475674,9.600000000000001,2.0,319.6900634765625,3.268871784210205,10.301220893859863,-1.321934700012207,1,3.2800474166870117,9.600000000000001,2.0
12,2,0.0,7.800000000000001,0.8,0.5880026035475674,9.600000000000001,2.0,320.1900634765625,3.2448902130126953,10.301220893859863,-1.2846729755401611,1,3.256065845489502,9.600000000000001,2.0
12,2,0.0,7.800000000000001,0.8,0.5880026035475674,9.600000000000001,2.0,320.6900634765625,3.221501350402832,10.301220893859863,-1.2479493618011475,1,3.2326769828796387,9.600000000000001,2.0
12,2,0.0,7.800000000000001,0.8,0.5880026035475674,9.600000000000001,2.0,321.1900634765625,3.1986887454986572,10.301220893859863,-1.2117468118667603,1,3.209864377975464,9.600000000000001,2.0
12,2,0.0,7.800000000000001,0.8,0.5880026035475674,9.600000000000001,2.0,321.6900634765625,3.1764369010925293,10.301220893859863,-1.176048994064331,1,3.187612533569336,9.600000000000001,2.0
12,2,0.0,7.800000000000001,0.8,0.5880026035475674,9.600000000000001,2.0,322.1900634765625,3.154730796813965,10.301220893859863,-1.1408400535583496,1,3.1659064292907715,9.600000000000001,2.0
12,2,0.0,7.800000000000001,0.8,0.5880026035475674,9.600000000000001,2.0,322.6900634765625,0.0,,,0,3.1447319984436035,9.600000000000001,2.0
12,2,0.0,7.800000000000001,0.8,0.5880026035475674,9.600000000000001,2.0,323.1900634765625,3.1128993034362793,10.301220893859863,-1.0718282461166382,1,3.124074935913086,9.600000000000001,2.0
12,2,0.0,7.800000000000001,0.8,0.5880026035475674,9.600000000000001,2.0,323.6900634765625,3.0927469730377197,10.301220893859863,-1.037996768951416,1,3.1039226055145264,9.600000000000001,2.0
12,2,0.0,7.800000000000001,0.8,0.5880026035475674,9.600000000000001,2.0,324.1900634765625,3.0730862617492676,10.301220893859863,-1.00459623336792,1,3.084261894226074,9.600000000000001,2.0
12,2,0.0,7.800000000000001,0.8,0.5880026035475674,9.600000000000001,2.0,324.6900634765625,3.0539050102233887,10.301220893859863,-0.9716138243675232,1,3.0650806427001953,9.600000000000001,2.0
12,2,0.0,7.800000000000001,0.8,0.5880026035475674,9.600000000000001,2.0,325.1900634765625,3.035191297531128,10.301220893859863,-0.9390366077423096,1,3.0463669300079346,9.600000000000001,2.0
12,2,0.0,7.800000000000001,0.8,0.5880026035475674,9.600000000000001,2.0,325.6900634765625,3.0169341564178467,10.301220893859863,-0.9068523049354553,1,3.0281097888946533,9.600000000000001,2.0
12,2,0.0,7.800000000000001,0.8,0.5880026035475674,9.600000000000001,2.0,326.1900634765625,2.999122142791748,10.301220893859863,-0.8750491142272949,1,3.0102977752685547,9.600000000000001,2.0
12,2,0.0,7.800000000000001,0.8,0.5880026035475674,9.600000000000001,2.0,326.6900634765625,0.0,,,0,2.9929208755493164,9.600000000000001,2.0
12,2,0.0,7.800000000000001,0.8,0.5880026035475674,9.600000000000001,2.0,327.1900634765625,2.9647932052612305,10.301220893859863,-0.8125402927398682,1,2.975968837738037,9.600000000000001,2.0
12,2,0.0,7.800000000000001,0.8,0.5880026035475674,9.600000000000001,2.0,327.6900634765625,2.948256015777588,10.301220893859863,-0.781812846660614,1,2.9594316482543945,9.600000000000001,2.0
12,2,0.0,7.800000000000001,0.8,0.5880026035475674,9.600000000000001,2.0,328.1900634765625,2.932124614715576,10.301220893859863,-0.7514227032661438,1,2.943300247192383,9.600000000000001,2.0
12,2,0.0,7.800000000000001,0.8,0.5880026035475674,9.600000000000001,2.0,328.6900634765625,0.0,,,0,2.927565336227417,9.600000000000001,2.0
12,2,0.0,7.800000000000001,0.8,0.5880026035475674,9.600000000000001,2.0,329.1900634765625,2.901042938232422,10.301220893859863,-0.6916143894195557,1,2.9122185707092285,9.600000000000001,2.0
12,2,0.0,7.800000000000001,0.8,0.5880026035475674,9.600000000000001,2.0,329.6900634765625,0.0,,,0,2.8972513675689697,9.600000000000001,2.0
12,2,0.0,7.800000000000001,0.8,0.5880026035475674,9.600000000000001,2.0,330.1900634765625,2.8714797496795654,10.301220893859863,-0.633038341999054,1,2.882655382156372,9.600000000000001,2.0
12,2,0.0,7.800000000000001,0.8,0.5880026035475674,9.600000000000001,2.0,330.6900634765625,2.8572475910186768,10.301220893859863,-0.6041896343231201,1,2.8684232234954834,9.600000000000001,2.0
12,2,0.0,7.800000000000001,0.8,0.5880026035475674,9.600000000000001,2.0,331.1900634765625,2.843371629714966,10.301220893859863,-0.5756222605705261,1,2.8545472621917725,9.600000000000001,2.0
12,2,0.0,7.800000000000001,0.8,0.5880026035475674,9.600000000000001,2.0,331.6900634765625,2.8298444747924805,10.301220893859863,-0.5473278164863586,1,2.841020107269287,9.600000000000001,2.0
12,2,0.0,7.800000000000001,0.8,0.5880026035475674,9.600000000000001,2.0,332.1900634765625,2.816659450531006,10.301220893859863,-0.5192981362342834,1,2.8278350830078125,9.600000000000001,2.0
12,2,0.0,7.800000000000001,0.8,0.5880026035475674,9.600000000000001,2.0,332.6900634765625,2.803809404373169,10.301220893859863,-0.4915252923965454,1,2.8149850368499756,9.600000000000001,2.0
12,2,0.0,7.800000000000001,0.8,0.5880026035475674,9.600000000000001,2.0,333.1900634765625,2.791288137435913,10.301220893859863,-0.4640016257762909,1,2.8024637699127197,9.600000000000001,2.0
12,2,0.0,7.800000000000001,0.8,0.5880026035475674,9.600000000000001,2.0,333.6900634765625,2.7790894508361816,10.301220893859863,-0.436719685792923,1,2.7902650833129883,9.600000000000001,2.0
12,2,0.0,7.800000000000001,0.8,0.5880026035475674,9.600000000000001,2.0,334.1900634765625,0.0,,,0,2.7783827781677246,9.600000000000001,2.0
12,2,0.0,7.800000000000001,0.8,0.5880026035475674,9.600000000000001,2.0,334.6900634765625,2.7556352615356445,10.301220893859863,-0.3828520178794861,1,2.766810894012451,9.600000000000001,2.0
12,2,0.0,7.800000000000001,0.8,0.5880026035475674,9.600000000000001,2.0,335.1900634765625,2.744368314743042,10.301220893859863,-0.3562523126602173,1,2.7555439472198486,9.600000000000001,2.0
12,2,0.0,7.800000000000001,0.8,0.5880026035475674,9.600000000000001,2.0,335.6900634765625,2.73340106010437,10.301220893859863,-0.32986634969711304,1,2.7445766925811768,9.600000000000001,2.0
12,2,0.0,7.800000000000001,0.8,0.5880026035475674,9.600000000000001,2.0,336.1900634765625,2.7227282524108887,10.301220893859863,-0.3036876320838928,1,2.7339038848876953,9.600000000000001,2.0
12,2,0.0,7.800000000000001,0.8,0.5880026035475674,9.600000000000001,2.0,336.6900634765625,2.7123444080352783,10.301220893859863,-0.2777097523212433,1,2.723520040512085,9.600000000000001,2.0
12,2,0.0,7.800000000000001,0.8,0.5880026035475674,9.600000000000001,2.0,337.1900634765625,2.7022452354431152,10.301220893859863,-0.2519265115261078,1,2.713420867919922,9.600000000000001,2.0
12,2,0.0,7.800000000000001,0.8,0.5880026035475674,9.600000000000001,2.0,337.6900634765625,2.6924257278442383,10.301220893859863,-0.22633183002471924,1,2.703601360321045,9.600000000000001,2.0
12,2,0.0,7.800000000000001,0.8,0.5880026035475674,9.600000000000001,2.0,338.1900634765625,2.6828815937042236,10.301220893859863,-0.20091979205608368,1,2.6940572261810303,9.600000000000001,2.0
12,2,0.0,7.800000000000001,0.8,0.5880026035475674,9.600000000000001,2.0,338.6900634765625,2.6736083030700684,10.301220893859863,-0.1756846308708191,1,2.684783935546875,9.600000000000001,2.0
12,2,0.0,7.800000000000001,0.8,0.5880026035475674,9.600000000000001,2.0,339.1900634765625,2.6646015644073486,10.301220893859863,-0.1506207138299942,1,2.6757771968841553,9.600000000000001,2.0
12,2,0.0,7.800000000000001,0.8,0.5880026035475674,9.600000000000001,2.0,339.6900634765625,2.655857563018799,10.301220893859863,-0.1257224977016449,1,2.6670331954956055,9.600000000000001,2.0
12,2,0.0,7.800000000000001,0.8,0.5880026035475674,9.600000000000001,2.0,340.1900634765625,0.0,,,0,2.658547878265381,9.600000000000001,2.0
12,2,0.0,7.800000000000001,0.8,0.5880026035475674,9.600000000000001,2.0,340.6900634765625,2.6391420364379883,10.301220893859863,-0.0764017403125763,1,2.650317668914795,9.600000000000001,2.0
12,2,0.0,7.800000000000001,0.8,0.5880026035475674,9.600000000000001,2.0,341.1900634765625,2.6311631202697754,10.301220893859863,-0.051968764513731,1,2.642338752746582,9.600000000000001,2.0
12,2,0.0,7.800000000000001,0.8,0.5880026035475674,9.600000000000001,2.0,341.6900634765625,2.6234323978424072,10.301220893859863,-0.027680618688464165,1,2.634608030319214,9.600000000000001,2.0
12,2,0.0,7.800000000000001,0.8,0.5880026035475674,9.600000000000001,2.0,342.1900634765625,2.615946054458618,10.301220893859863,-0.00353234657086432,1,2.627121686935425,9.600000000000001,2.0
12,2,0.0,7.800000000000001,0.8,0.5880026035475674,9.600000000000001,2.0,342.6900634765625,2.60870099067688,10.301220893859863,0.02048090100288391,1,2.6198766231536865,9.600000000000001,2.0
12,2,0.0,7.800000000000001,0.8,0.5880026035475674,9.600000000000001,2.0,343.1900634765625,2.601694345474243,10.301220893859863,0.04436388239264488,1,2.61286997795105,9.600000000000001,2.0
12,2,0.0,7.800000000000001,0.8,0.5880026035475674,9.600000000000001,2.0,343.6900634765625,2.5949230194091797,10.301220893859863,0.06812126189470291,1,2.6060986518859863,9.600000000000001,2.0
12,2,0.0,7.800000000000001,0.8,0.5880026035475674,9.600000000000001,2.0,344.1900634765625,2.5883841514587402,10.301220893859863,0.09175761789083481,1,2.599559783935547,9.600000000000001,2.0
12,2,0.0,7.800000000000001,0.8,0.5880026035475674,9.600000000000001,2.0,344.6900634765625,2.5820748805999756,10.301220893859863,0.11527744680643082,1,2.5932505130767822,9.600000000000001,2.0
12,2,0.0,7.800000000000001,0.8,0.5880026035475674,9.600000000000001,2.0,345.1900634765625,2.5759928226470947,10.301220893859863,0.1386851668357849,1,2.5871684551239014,9.600000000000001,2.0
12,2,0.0,7.800000000000001,0.8,0.5880026035475674,9.600000000000001,2.0,345.6900634765625,2.5701353549957275,10.301220893859863,0.1619851142168045,1,2.581310987472534,9.600000000000001,2.0
12,2,0.0,7.800000000000001,0.8,0.5880026035475674,9.600000000000001,2.0,346.1900634765625,2.564500093460083,10.301220893859863,0.18518155813217163,1,2.5756757259368896,9.600000000000001,2.0
12,2,0.0,7.800000000000001,0.8,0.5880026035475674,9.600000000000001,2.0,346.6900634765625,2.55908465385437,10.301220893859863,0.20827870070934296,1,2.5702602863311768,9.600000000000001,2.0
12,2,0.0,7.800000000000001,0.8,0.5880026035475674,9.600000000000001,2.0,347.1900634765625,2.553886890411377,10.301220893859863,0.23128066956996918,1,2.5650625228881836,9.600000000000001,2.0
12,2,0.0,7.800000000000001,0.8,0.5880026035475674,9.600000000000001,2.0,347.6900634765625,2.5489046573638916,10.301220893859863,0.254191517829895,1,2.5600802898406982,9.600000000000001,2.0
12,2,0.0,7.800000000000001,0.8,0.5880026035475674,9.600000000000001,2.0,348.1900634765625,2.544135808944702,10.301220893859863,0.2770152986049652,1,2.555311441421509,9.600000000000001,2.0
12,2,0.0,7.800000000000001,0.8,0.5880026035475674,9.600000000000001,2.0,348.6900634765625,2.539578676223755,10.301220893859863,0.29975590109825134,1,2.5507543087005615,9.600000000000001,2.0
12,2,0.0,7.800000000000001,0.8,0.5880026035475674,9.600000000000001,2.0,349.1900634765625,0.0,,,0,2.5464069843292236,9.600000000000001,2.0
12,2,0.0,7.800000000000001,0.8,0.5880026035475674,9.600000000000001,2.0,349.6900634765625,2.5310921669006348,10.301220893859863,0.34500327706336975,1,2.5422677993774414,9.600000000000001,2.0
12,2,0.0,7.800000000000001,0.8,0.5880026035475674,9.600000000000001,2.0,350.1900634765625,2.5271594524383545,10.301220893859863,0.3675176799297333,1,2.538335084915161,9.600000000000001,2.0
12,2,0.0,7.800000000000001,0.8,0.5880026035475674,9.600000000000001,2.0,350.6900634765625,2.5234315395355225,10.301220893859863,0.38996422290802,1,2.534607172012329,9.600000000000001,2.0
12,2,0.0,7.800000000000001,0.8,0.5880026035475674,9.600000000000001,2.0,351.1900634765625,2.519906997680664,10.301220893859863,0.41234663128852844,1,2.5310826301574707,9.600000000000001,2.0
12,2,0.0,7.800000000000001,0.8,0.5880026035475674,9.600000000000001,2.0,351.6900634765625,2.5165843963623047,10.301220893859863,0.43466857075691223,1,2.5277600288391113,9.600000000000001,2.0
12,2,0.0,7.800000000000001,0.8,0.5880026035475674,9.600000000000001,2.0,352.1900634765625,2.513462543487549,10.301220893859863,0.4569336771965027,1,2.5246381759643555,9.600000000000001,2.0
12,2,0.0,7.800000000000001,0.8,0.5880026035475674,9.600000000000001,2.0,352.6900634765625,2.510540246963501,10.301220893859863,0.4791455566883087,1,2.5217158794403076,9.600000000000001,2.0
12,2,0.0,7.800000000000001,0.8,0.5880026035475674,9.600000000000001,2.0,353.1900634765625,2.5078163146972656,10.301220893859863,0.5013077259063721,1,2.5189919471740723,9.600000000000001,2.0
12,2,0.0,7.800000000000001,0.8,0.5880026035475674,9.600000000000001,2.0,353.6900634765625,2.5052897930145264,10.301220893859863,0.5234237909317017,1,2.516465425491333,9.600000000000001,2.0
12,2,0.0,7.800000000000001,0.8,0.5880026035475674,9.600000000000001,2.0,354.1900634765625,2.5029594898223877,10.301220893859863,0.5454972386360168,1,2.5141351222991943,9.600000000000001,2.0
12,2,0.0,7.800000000000001,0.8,0.5880026035475674,9.600000000000001,2.0,354.6900634765625,2.5008246898651123,10.301220893859863,0.5675314664840698,1,2.512000322341919,9.600000000000001,2.0
12,2,0.0,7.800000000000001,0.8,0.5880026035475674,9.600000000000001,2.0,355.1900634765625,2.498884439468384,10.301220893859863,0.5895299911499023,1,2.5100600719451904,9.600000000000001,2.0
12,2,0.0,7.800000000000001,0.8,0.5880026035475674,9.600000000000001,2.0,355.6900634765625,2.497138023376465,10.301220893859863,0.6114962100982666,1,2.5083136558532715,9.600000000000001,2.0
12,2,0.0,7.800000000000001,0.8,0.5880026035475674,9.600000000000001,2.0,356.1900634765625,2.495584726333618,10.301220893859863,0.6334335803985596,1,2.506760358810425,9.600000000000001,2.0
12,2,0.0,7.800000000000001,0.8,0.5880026035475674,9.600000000000001,2.0,356.6900634765625,2.4942243099212646,10.301220893859863,0.6553454995155334,1,2.5053999423980713,9.600000000000001,2.0
12,2,0.0,7.800000000000001,0.8,0.5880026035475674,9.600000000000001,2.0,357.1900634765625,2.493055820465088,10.301220893859863,0.6772352457046509,1,2.5042314529418945,9.600000000000001,2.0
12,2,0.0,7.800000000000001,0.8,0.5880026035475674,9.600000000000001,2.0,357.6900634765625,2.4920787811279297,10.301220893859863,0.6991063356399536,1,2.5032544136047363,9.600000000000001,2.0
12,2,0.0,7.800000000000001,0.8,0.5880026035475674,9.600000000000001,2.0,358.1900634765625,2.49129319190979,10.301220893859863,0.7209619283676147,1,2.5024688243865967,9.600000000000001,2.0
12,2,0.0,7.800000000000001,0.8,0.5880026035475674,9.600000000000001,2.0,358.6900634765625,2.4906985759735107,10.301220893859863,0.742805540561676,1,2.5018742084503174,9.600000000000001,2.0
12,2,0.0,7.800000000000001,0.8,0.5880026035475674,9.600000000000001,2.0,359.1900634765625,2.4902946949005127,10.301220893859863,0.7646404504776001,1,2.5014703273773193,9.600000000000001,2.0
12,2,0.0,7.800000000000001,0.8,0.5880026035475674,9.600000000000001,2.0,359.6900634765625,2.490081310272217,10.301220893859863,0.7864699363708496,1,2.5012569427490234,9.600000000000001,2.0
12,2,0.0,7.800000000000001,0.8,0.5880026035475674,9.600000000000001,2.0,0.19006752967834473,2.490058660507202,10.301220893859863,0.808297336101532,1,2.501234292984009,9.600000000000001,2.0
12,2,0.0,7.800000000000001,0.8,0.5880026035475674,9.600000000000001,2.0,0.6900675296783447,2.4902262687683105,10.301220893859863,0.8301260471343994,1,2.501401901245117,9.600000000000001,2.0
12,2,0.0,7.800000000000001,0.8,0.5880026035475674,9.600000000000001,2.0,1.1900675296783447,2.490584373474121,10.301220893859863,0.8519592881202698,1,2.5017600059509277,9.600000000000001,2.0
12,2,0.0,7.800000000000001,0.8,0.5880026035475674,9.600000000000001,2.0,1.6900675296783447,2.491133451461792,10.301220893859863,0.87380051612854,1,2.5023090839385986,9.600000000000001,2.0
12,2,0.0,7.800000000000001,0.8,0.5880026035475674,9.600000000000001,2.0,2.1900675296783447,2.491873025894165,10.301220893859863,0.8956529498100281,1,2.5030486583709717,9.600000000000001,2.0
12,2,0.0,7.800000000000001,0.8,0.5880026035475674,9.600000000000001,2.0,2.6900675296783447,2.4928040504455566,10.301220893859863,0.9175199866294861,1,2.5039796829223633,9.600000000000001,2.0
12,2,0.0,7.800000000000001,0.8,0.5880026035475674,9.600000000000001,2.0,3.1900675296783447,2.493926525115967,10.301220893859863,0.9394049644470215,1,2.5051021575927734,9.600000000000001,2.0
12,2,0.0,7.800000000000001,0.8,0.5880026035475674,9.600000000000001,2.0,3.6900675296783447,2.495241165161133,10.301220893859863,0.9613112807273865,1,2.5064167976379395,9.600000000000001,2.0
12,2,0.0,7.800000000000001,0.8,0.5880026035475674,9.600000000000001,2.0,4.190067291259766,2.4967479705810547,10.301220893859863,0.9832422137260437,1,2.5079236030578613,9.600000000000001,2.0
12,2,0.0,7.800000000000001,0.8,0.5880026035475674,9.600000000000001,2.0,4.690067291259766,2.498448133468628,10.301220893859863,1.0052012205123901,1,2.5096237659454346,9.600000000000001,2.0
12,2,0.0,7.800000000000001,0.8,0.5880026035475674,9.600000000000001,2.0,5.190067291259766,2.5003418922424316,10.301220893859863,1.0271917581558228,1,2.5115175247192383,9.600000000000001,2.0
12,2,0.0,7.800000000000001,0.8,0.5880026035475674,9.600000000000001,2.0,5.690067291259766,2.502429962158203,10.301220893859863,1.0492171049118042,1,2.5136055946350098,9.600000000000001,2.0
12,2,0.0,7.800000000000001,0.8,0.5880026035475674,9.600000000000001,2.0,6.190067291259766,2.504713296890259,10.301220893859863,1.071280837059021,1,2.5158889293670654,9.600000000000001,2.0
12,2,0.0,7.800000000000001,0.8,0.5880026035475674,9.600000000000001,2.0,6.690067291259766,2.507192611694336,10.301220893859863,1.0933862924575806,1,2.5183682441711426,9.600000000000001,2.0
12,2,0.0,7.800000000000001,0.8,0.5880026035475674,9.600000000000001,2.0,7.190067291259766,2.509869337081909,10.301220893859863,1.115537166595459,1,2.521044969558716,9.600000000000001,2.0
12,2,0.0,7.800000000000001,0.8,0.5880026035475674,9.600000000000001,2.0,7.690067291259766,2.5127439498901367,10.301220893859863,1.1377367973327637,1,2.5239195823669434,9.600000000000001,2.0
12,2,0.0,7.800000000000001,0.8,0.5880026035475674,9.600000000000001,2.0,8.190067291259766,2.515817642211914,10.301220893859863,1.1599887609481812,1,2.5269932746887207,9.600000000000001,2.0
12,2,0.0,7.800000000000001,0.8,0.5880026035475674,9.600000000000001,2.0,8.690067291259766,2.519092082977295,10.301220893859863,1.1822967529296875,1,2.5302677154541016,9.600000000000001,2.0
12,2,0.0,7.800000000000001,0.8,0.5880026035475674,9.600000000000001,2.0,9.190067291259766,2.5225679874420166,10.301220893859863,1.2046643495559692,1,2.5337436199188232,9.600000000000001,2.0
12,2,0.0,7.800000000000001,0.8,0.5880026035475674,9.600000000000001,2.0,9.690067291259766,0.0,,,0,2.5374226570129395,9.600000000000001,2.0
12,2,0.0,7.800000000000001,0.8,0.5880026035475674,9.600000000000001,2.0,10.190067291259766,2.530130624771118,10.301220893859863,1.2495930194854736,1,2.541306257247925,9.600000000000001,2.0
12,2,0.0,7.800000000000001,0.8,0.5880026035475674,9.600000000000001,2.0,10.690067291259766,2.5342202186584473,10.301220893859863,1.2721614837646484,1,2.545395851135254,9.600000000000001,2.0
12,2,0.0,7.800000000000001,0.8,0.5880026035475674,9.600000000000001,2.0,11.190067291259766,2.538517475128174,10.301220893859863,1.2948044538497925,1,2.5496931076049805,9.600000000000001,2.0
12,2,0.0,7.800000000000001,0.8,0.5880026035475674,9.600000000000001,2.0,11.690067291259766,2.5430240631103516,10.301220893859863,1.3175256252288818,1,2.554199695587158,9.600000000000001,2.0
12,2,0.0,7.800000000000001,0.8,0.5880026035475674,9.600000000000001,2.0,12.190067291259766,0.0,,,0,2.55891752243042,9.600000000000001,2.0
12,2,0.0,7.800000000000001,0.8,0.5880026035475674,9.600000000000001,2.0,12.690067291259766,2.552672863006592,10.301220893859863,1.3632187843322754,1,2.5638484954833984,9.600000000000001,2.0
12,2,0.0,7.800000000000001,0.8,0.5880026035475674,9.600000000000001,2.0,13.190067291259766,2.55781888961792,10.301220893859863,1.3861985206604004,1,2.5689945220947266,9.600000000000001,2.0
12,2,0.0,7.800000000000001,0.8,0.5880026035475674,9.600000000000001,2.0,13.690067291259766,2.5631818771362305,10.301220893859863,1.4092724323272705,1,2.574357509613037,9.600000000000001,2.0
12,2,0.0,7.800000000000001,0.8,0.5880026035475674,9.600000000000001,2.0,14.190067291259766,0.0,,,0,2.579939842224121,9.600000000000001,2.0
12,2,0.0,7.800000000000001,0.8,0.5880026035475674,9.600000000000001,2.0,14.690067291259766,2.574568271636963,10.301220893859863,1.4557194709777832,1,2.5857439041137695,9.600000000000001,2.0
12,2,0.0,7.800000000000001,0.8,0.5880026035475674,9.600000000000001,2.0,15.190067291259766,2.5805962085723877,10.301220893859863,1.4791009426116943,1,2.5917718410491943,9.600000000000001,2.0
12,2,0.0,7.800000000000001,0.8,0.5880026035475674,9.600000000000001,2.0,15.690067291259766,2.586850881576538,10.301220893859863,1.5025935173034668,1,2.5980265140533447,9.600000000000001,2.0
12,2,0.0,7.800000000000001,0.8,0.5880026035475674,9.600000000000001,2.0,16.190067291259766,2.593334436416626,10.301220893859863,1.5262014865875244,1,2.6045100688934326,9.600000000000001,2.0
12,2,0.0,7.800000000000001,0.8,0.5880026035475674,9.600000000000001,2.0,16.690067291259766,2.6000497341156006,10.301220893859863,1.5499294996261597,1,2.6112253665924072,9.600000000000001,2.0
12,2,0.0,7.800000000000001,0.8,0.5880026035475674,9.600000000000001,2.0,17.190067291259766,2.606999635696411,10.301220893859863,1.573781967163086,1,2.6181752681732178,9.600000000000001,2.0
12,2,0.0,7.800000000000001,0.8,0.5880026035475674,9.600000000000001,2.0,17.690067291259766,2.614187240600586,10.301220893859863,1.5977635383605957,1,2.6253628730773926,9.600000000000001,2.0
12,2,0.0,7.800000000000001,0.8,0.5880026035475674,9.600000000000001,2.0,18.190067291259766,2.5515286922454834,10.234636306762695,1.600000023841858,1,2.56270432472229,9.600000000000001,2.0
12,2,0.0,7.800000000000001,0.8,0.5880026035475674,9.600000000000001,2.0,18.690067291259766,2.485323190689087,10.164848327636719,1.600000023841858,1,2.4964988231658936,9.600000000000001,2.0
12,2,0.0,7.800000000000001,0.8,0.5880026035475674,9.600000000000001,2.0,19.190067291259766,2.422632932662964,10.098569869995117,1.600000023841858,1,2.4338085651397705,9.600000000000001,2.0
12,2,0.0,7.800000000000001,0.8,0.5880026035475674,9.600000000000001,2.0,19.690067291259766,2.3631904125213623,10.035534858703613,1.600000023841858,1,2.374366044998169,9.600000000000001,2.0
12,2,0.0,7.800000000000001,0.8,0.5880026035475674,9.600000000000001,2.0,20.190067291259766,2.3067545890808105,9.975500106811523,1.600000023841858,1,2.317930221557617,9.600000000000001,2.0
12,2,0.0,7.800000000000001,0.8,0.5880026035475674,9.600000000000001,2.0,20.690067291259766,2.253107786178589,9.918249130249023,1.600000023841858,1,2.2642834186553955,9.600000000000001,2.0
12,2,0.0,7.800000000000001,0.8,0.5880026035475674,9.600000000000001,2.0,21.190067291259766,2.202052593231201,9.863584518432617,1.600000023841858,1,2.213228225708008,9.600000000000001,2.0
12,2,0.0,7.800000000000001,0.8,0.5880026035475674,9.600000000000001,2.0,21.690067291259766,2.1534104347229004,9.811326026916504,1.600000023841858,1,2.164586067199707,9.600000000000001,2.0
12,2,0.0,7.800000000000001,0.8,0.5880026035475674,9.600000000000001,2.0,22.190067291259766,2.107017993927002,9.761311531066895,1.600000023841858,1,2.1181936264038086,9.600000000000001,2.0
12,2,0.0,7.800000000000001,0.8,0.5880026035475674,9.600000000000001,2.0,22.690067291259766,2.062727212905884,9.713393211364746,1.600000023841858,1,2.0739028453826904,9.600000000000001,2.0
12,2,0.0,7.800000000000001,0.8,0.5880026035475674,9.600000000000001,2.0,23.190067291259766,2.020402431488037,9.667433738708496,1.600000023841858,1,2.0315780639648438,9.600000000000001,2.0
12,2,0.0,7.800000000000001,0.8,0.5880026035475674,9.600000000000001,2.0,23.690067291259766,1.9799188375473022,9.623309135437012,1.600000023841858,1,1.9910945892333984,9.600000000000001,2.0
12,2,0.0,7.800000000000001,0.8,0.5880026035475674,9.600000000000001,2.0,24.190067291259766,1.941163182258606,9.58090591430664,1.600000023841858,1,1.9523389339447021,9.600000000000001,2.0
12,2,0.0,7.800000000000001,0.8,0.5880026035475674,9.600000000000001,2.0,24.690067291259766,1.9040305614471436,9.540119171142578,1.600000023841858,1,1.9152063131332397,9.600000000000001,2.0
12,2,0.0,7.800000000000001,0.8,0.5880026035475674,9.600000000000001,2.0,25.190067291259766,1.868424415588379,9.50085163116455,1.600000023841858,1,1.879600167274475,9.600000000000001,2.0
12,2,0.0,7.800000000000001,0.8,0.5880026035475674,9.600000000000001,2.0,25.690067291259766,1.8342560529708862,9.463014602661133,1.600000023841858,1,1.8454318046569824,9.600000000000001,2.0
12,2,0.0,7.800000000000001,0.8,0.5880026035475674,9.600000000000001,2.0,26.190067291259766,1.801443338394165,9.426526069641113,1.600000023841858,1,1.8126190900802612,9.600000000000001,2.0
12,2,0.0,7.800000000000001,0.8,0.5880026035475674,9.600000000000001,2.0,26.690067291259766,1.769910454750061,9.39130973815918,1.600000023841858,1,1.7810862064361572,9.600000000000001,2.0
12,2,0.0,7.800000000000001,0.8,0.5880026035475674,9.600000000000001,2.0,27.190067291259766,1.7395868301391602,9.357295989990234,1.600000023841858,1,1.7507625818252563,9.600000000000001,2.0
12,2,0.0,7.800000000000001,0.8,0.5880026035475674,9.600000000000001,2.0,27.690067291259766,1.7104074954986572,9.324417114257812,1.600000023841858,1,1.7215832471847534,9.600000000000001,2.0
12,2,0.0,7.800000000000001,0.8,0.5880026035475674,9.600000000000001,2.0,28.190067291259766,0.0,,,0,1.693487286567688,9.600000000000001,2.0
12,2,0.0,7.800000000000001,0.8,0.5880026035475674,9.600000000000001,2.0,28.690067291259766,1.655242919921875,9.261831283569336,1.600000023841858,1,1.6664186716079712,9.600000000000001,2.0
12,2,0.0,7.800000000000001,0.8,0.5880026035475674,9.600000000000001,2.0,29.190067291259766,1.6291489601135254,9.232014656066895,1.600000023841858,1,1.6403247117996216,9.600000000000001,2.0
12,2,0.0,7.800000000000001,0.8,0.5880026035475674,9.600000000000001,2.0,29.690067291259766,1.6039806604385376,9.20311450958252,1.600000023841858,1,1.6151564121246338,9.600000000000001,2.0
12,2,0.0,7.800000000000001,0.8,0.5880026035475674,9.600000000000001,2.0,30.190067291259766,1.5796923637390137,9.17508602142334,1.600000023841858,1,1.5908681154251099,9.600000000000001,2.0
12,2,0.0,7.800000000000001,0.8,0.5880026035475674,9.600000000000001,2.0,30.690067291259766,1.5562412738800049,9.1478853225708,1.600000023841858,1,1.567417025566101,9.600000000000001,2.0
12,2,0.0,7.800000000000001,0.8,0.5880026035475674,9.600000000000001,2.0,31.190067291259766,1.5335874557495117,9.121474266052246,1.600000023841858,1,1.544763207435608,9.600000000000001,2.0
12,2,0.0,7.800000000000001,0.8,0.5880026035475674,9.600000000000001,2.0,31.690067291259766,1.5116934776306152,9.095812797546387,1.600000023841858,1,1.5228692293167114,9.600000000000001,2.0
12,2,0.0,7.800000000000001,0.8,0.5880026035475674,9.600000000000001,2.0,32.190067291259766,1.4905242919921875,9.070866584777832,1.600000023841858,1,1.5017000436782837,9.600000000000001,2.0
12,2,0.0,7.800000000000001,0.8,0.5880026035475674,9.600000000000001,2.0,32.690067291259766,1.4700467586517334,9.046603202819824,1.600000023841858,1,1.4812225103378296,9.600000000000001,2.0
12,2,0.0,7.800000000000001,0.8,0.5880026035475674,9.600000000000001,2.0,33.190067291259766,1.4502298831939697,9.022991180419922,1.600000023841858,1,1.461405634880066,9.600000000000001,2.0
12,2,0.0,7.800000000000001,0.8,0.5880026035475674,9.600000000000001,2.0,33.690067291259766,1.4310448169708252,9.0,1.600000023841858,1,1.4422205686569214,9.600000000000001,2.0
12,2,0.0,7.800000000000001,0.8,0.5880026035475674,9.600000000000001,2.0,34.190067291259766,1.4124637842178345,8.9776029586792,1.600000023841858,1,1.4236395359039307,9.600000000000001,2.0
12,2,0.0,7.800000000000001,0.8,0.5880026035475674,9.600000000000001,2.0,34.690067291259766,1.3944612741470337,8.955774307250977,1.600000023841858,1,1.4056370258331299,9.600000000000001,2.0
12,2,0.0,7.800000000000001,0.8,0.5880026035475674,9.600000000000001,2.0,35.190067291259766,1.3770126104354858,8.934490203857422,1.600000023841858,1,1.388188362121582,9.600000000000001,2.0
12,2,0.0,7.800000000000001,0.8,0.5880026035475674,9.600000000000001,2.0,35.690067291259766,1.3600951433181763,8.913724899291992,1.600000023841858,1,1.3712708950042725,9.600000000000001,2.0
12,2,0.0,7.800000000000001,0.8,0.5880026035475674,9.600000000000001,2.0,36.190067291259766,1.343686819076538,8.89345932006836,1.600000023841858,1,1.3548625707626343,9.600000000000001,2.0
12,2,0.0,7.800000000000001,0.8,0.5880026035475674,9.600000000000001,2.0,36.690067291259766,1.3277673721313477,8.87367057800293,1.600000023841858,1,1.3389431238174438,9.600000000000001,2.0
12,2,0.0,7.800000000000001,0.8,0.5880026035475674,9.600000000000001,2.0,37.190067291259766,1.3123173713684082,8.854340553283691,1.600000023841858,1,1.3234931230545044,9.600000000000001,2.0
12,2,0.0,7.800000000000001,0.8,0.5880026035475674,9.600000000000001,2.0,37.690067291259766,1.2973183393478394,8.835450172424316,1.600000023841858,1,1.3084940910339355,9.600000000000001,2.0
12,2,0.0,7.800000000000001,0.8,0.5880026035475674,9.600000000000001,2.0,38.190067291259766,1.2827527523040771,8.816981315612793,1.600000023841858,1,1.2939285039901733,9.600000000000001,2.0
12,2,0.0,7.800000000000001,0.8,0.5880026035475674,9.600000000000001,2.0,38.690067291259766,1.2686043977737427,8.798917770385742,1.600000023841858,1,1.2797801494598389,9.600000000000001,2.0
12,2,0.0,7.800000000000001,0.8,0.5880026035475674,9.600000000000001,2.0,39.190067291259766,1.2548574209213257,8.781244277954102,1.600000023841858,1,1.2660331726074219,9.600000000000001,2.0
12,2,0.0,7.800000000000001,0.8,0.5880026035475674,9.600000000000001,2.0,39.690067291259766,1.2414970397949219,8.763944625854492,1.600000023841858,1,1.252672791481018,9.600000000000001,2.0
12,2,0.0,7.800000000000001,0.8,0.5880026035475674,9.600000000000001,2.0,40.190067291259766,1.2285091876983643,8.747005462646484,1.600000023841858,1,1.2396849393844604,9.600000000000001,2.0
12,2,0.0,7.800000000000001,0.8,0.5880026035475674,9.600000000000001,2.0,40.690067291259766,1.215880274772644,8.730412483215332,1.600000023841858,1,1.2270560264587402,9.600000000000001,2.0
12,2,0.0,7.800000000000001,0.8,0.5880026035475674,9.600000000000001,2.0,41.190067291259766,0.0,,,0,1.214773416519165,9.600000000000001,2.0
12,2,0.0,7.800000000000001,0.8,0.5880026035475674,9.600000000000001,2.0,41.690067291259766,0.0,,,0,1.2028249502182007,9.600000000000001,2.0
12,2,0.0,7.800000000000001,0.8,0.5880026035475674,9.600000000000001,2.0,42.190067291259766,1.180023431777954,8.682584762573242,1.600000023841858,1,1.1911991834640503,9.600000000000001,2.0
12,2,0.0,7.800000000000001,0.8,0.5880026035475674,9.600000000000001,2.0,42.690067291259766,1.1687091588974,8.667253494262695,1.600000023841858,1,1.179884910583496,9.600000000000001,2.0
12,2,0.0,7.800000000000001,0.8,0.5880026035475674,9.600000000000001,2.0,43.190067291259766,1.1576958894729614,8.652209281921387,1.600000023841858,1,1.1688716411590576,9.600000000000001,2.0
12,2,0.0,7.800000000000001,0.8,0.5880026035475674,9.600000000000001,2.0,43.690067291259766,1.1469738483428955,8.637442588806152,1.600000023841858,1,1.1581496000289917,9.600000000000001,2.0
12,2,0.0,7.800000000000001,0.8,0.5880026035475674,9.600000000000001,2.0,44.190067291259766,1.136533260345459,8.622943878173828,1.600000023841858,1,1.1477090120315552,9.600000000000001,2.0
12,2,0.0,7.800000000000001,0.8,0.5880026035475674,9.600000000000001,2.0,44.690067291259766,1.126365065574646,8.608701705932617,1.600000023841858,1,1.1375408172607422,9.600000000000001,2.0
12,2,0.0,7.800000000000001,0.8,0.5880026035475674,9.600000000000001,2.0,45.190067291259766,1.1164605617523193,8.594709396362305,1.600000023841858,1,1.1276363134384155,9.600000000000001,2.0
12,2,0.0,7.800000000000001,0.8,0.5880026035475674,9.600000000000001,2.0,45.690067291259766,1.1068115234375,8.580958366394043,1.600000023841858,1,1.1179872751235962,9.600000000000001,2.0
12,2,0.0,7.800000000000001,0.8,0.5880026035475674,9.600000000000001,2.0,46.190067291259766,1.0974098443984985,8.567439079284668,1.600000023841858,1,1.1085855960845947,9.600000000000001,2.0
12,2,0.0,7.800000000000001,0.8,0.5880026035475674,9.600000000000001,2.0,46.690067291259766,1.0882481336593628,8.554143905639648,1.600000023841858,1,1.099423885345459,9.600000000000001,2.0
12,2,0.0,7.800000000000001,0.8,0.5880026035475674,9.600000000000001,2.0,47.190067291259766,1.079318881034851,8.54106616973877,1.600000023841858,1,1.0904946327209473,9.600000000000001,2.0
12,2,0.0,7.800000000000001,0.8,0.5880026035475674,9.600000000000001,2.0,47.690067291259766,1.0706151723861694,8.528197288513184,1.600000023841858,1,1.0817909240722656,9.600000000000001,2.0
12,2,0.0,7.800000000000001,0.8,0.5880026035475674,9.600000000000001,2.0,48.190067291259766,1.0621304512023926,8.515532493591309,1.600000023841858,1,1.0733062028884888,9.600000000000001,2.0
12,2,0.0,7.800000000000001,0.8,0.5880026035475674,9.600000000000001,2.0,48.690067291259766,1.0538582801818848,8.503063201904297,1.600000023841858,1,1.065034031867981,9.600000000000001,2.0
12,2,0.0,7.800000000000001,0.8,0.5880026035475674,9.600000000000001,2.0,49.190067291259766,1.0457924604415894,8.49078369140625,1.600000023841858,1,1.0569682121276855,9.600000000000001,2.0
12,2,0.0,7.800000000000001,0.8,0.5880026035475674,9.600000000000001,2.0,49.690067291259766,1.037927269935608,8.47868824005127,1.600000023841858,1,1.049103021621704,9.600000000000001,2.0
12,2,0.0,7.800000000000001,0.8,0.5880026035475674,9.600000000000001,2.0,50.190067291259766,1.030256986618042,8.46677017211914,1.600000023841858,1,1.0414327383041382,9.600000000000001,2.0
12,2,0.0,7.800000000000001,0.8,0.5880026035475674,9.600000000000001,2.0,50.690067291259766,1.0227761268615723,8.455023765563965,1.600000023841858,1,1.0339518785476685,9.600000000000001,2.0
12,2,0.0,7.800000000000001,0.8,0.5880026035475674,9.600000000000001,2.0,51.190067291259766,1.0154796838760376,8.443445205688477,1.600000023841858,1,1.0266554355621338,9.600000000000001,2.0
12,2,0.0,7.800000000000001,0.8,0.5880026035475674,9.600000000000001,2.0,51.690067291259766,1.0083625316619873,8.432026863098145,1.600000023841858,1,1.0195382833480835,9.600000000000001,2.0
12,2,0.0,7.800000000000001,0.8,0.5880026035475674,9.600000000000001,2.0,52.190067291259766,1.001420021057129,8.42076587677002,1.600000023841858,1,1.012595772743225,9.600000000000001,2.0
12,2,0.0,7.800000000000001,0.8,0.5880026035475674,9.600000000000001,2.0,52.690067291259766,0.9946473836898804,8.409655570983887,1.600000023841858,1,1.0058231353759766,9.600000000000001,2.0
12,2,0.0,7.800000000000001,0.8,0.5880026035475674,9.600000000000001,2.0,53.190067291259766,0.9880404472351074,8.398693084716797,1.600000023841858,1,0.9992161989212036,9.600000000000001,2.0
12,2,0.0,7.800000000000001,0.8,0.5880026035475674,9.600000000000001,2.0,53.690067291259766,0.9815949201583862,8.387871742248535,1.600000023841858,1,0.9927706122398376,9.600000000000001,2.0
12,2,0.0,7.800000000000001,0.8,0.5880026035475674,9.600000000000001,2.0,54.190067291259766,0.975306510925293,8.377188682556152,1.600000023841858,1,0.9864822030067444,9.600000000000001,2.0
12,2,0.0,7.800000000000001,0.8,0.5880026035475674,9.600000000000001,2.0,54.690067291259766,0.9691715240478516,8.366640090942383,1.600000023841858,1,0.980347216129303,9.600000000000001,2.0
12,2,0.0,7.800000000000001,0.8,0.5880026035475674,9.600000000000001,2.0,55.190067291259766,0.9631860256195068,8.356220245361328,1.600000023841858,1,0.974361777305603,9.600000000000001,2.0
12,2,0.0,7.800000000000001,0.8,0.5880026035475674,9.600000000000001,2.0,55.690067291259766,0.9573465585708618,8.345926284790039,1.600000023841858,1,0.968522310256958,9.600000000000001,2.0
12,2,0.0,7.800000000000001,0.8,0.5880026035475674,9.600000000000001,2.0,56.190067291259766,0.95164954662323,8.33575439453125,1.600000023841858,1,0.9628252983093262,9.600000000000001,2.0
12,2,0.0,7.800000000000001,0.8,0.5880026035475674,9.600000000000001,2.0,56.690067291259766,0.9460916519165039,8.325700759887695,1.600000023841858,1,0.9572674036026001,9.600000000000001,2.0
12,2,0.0,7.800000000000001,0.8,0.5880026035475674,9.600000000000001,2.0,57.190067291259766,0.9406696557998657,8.31576156616211,1.600000023841858,1,0.9518453478813171,9.600000000000001,2.0
12,2,0.0,7.800000000000001,0.8,0.5880026035475674,9.600000000000001,2.0,57.690067291259766,0.9353803396224976,8.305932998657227,1.600000023841858,1,0.946556031703949,9.600000000000001,2.0
12,2,0.0,7.800000000000001,0.8,0.5880026035475674,9.600000000000001,2.0,58.190067291259766,0.9302207231521606,8.296213150024414,1.600000023841858,1,0.9413964748382568,9.600000000000001,2.0
12,2,0.0,7.800000000000001,0.8,0.5880026035475674,9.600000000000001,2.0,58.690067291259766,0.9251880645751953,8.28659725189209,1.600000023841858,1,0.9363638162612915,9.600000000000001,2.0
12,2,0.0,7.800000000000001,0.8,0.5880026035475674,9.600000000000001,2.0,59.190067291259766,0.9202795028686523,8.277083396911621,1.600000023841858,1,0.9314552545547485,9.600000000000001,2.0
12,2,0.0,7.800000000000001,0.8,0.5880026035475674,9.600000000000001,2.0,59.690067291259766,0.9154922962188721,8.267668724060059,1.600000023841858,1,0.9266680479049683,9.600000000000001,2.0
12,2,0.0,7.800000000000001,0.8,0.5880026035475674,9.600000000000001,2.0,60.190067291259766,0.9108239412307739,8.25834846496582,1.600000023841858,1,0.9219996333122253,9.600000000000001,2.0
12,2,0.0,7.800000000000001,0.8,0.5880026035475674,9.600000000000001,2.0,60.690067291259766,0.9062718152999878,8.24912166595459,1.600000023841858,1,0.917447566986084,9.600000000000001,2.0
12,2,0.0,7.800000000000001,0.8,0.5880026035475674,9.600000000000001,2.0,61.190067291259766,0.0,,,0,0.9130094051361084,9.600000000000001,2.0
12,2,0.0,7.800000000000001,0.8,0.5880026035475674,9.600000000000001,2.0,61.690067291259766,0.8975071907043457,8.230934143066406,1.600000023841858,1,0.9086828827857971,9.600000000000001,2.0
12,2,0.0,7.800000000000001,0.8,0.5880026035475674,9.600000000000001,2.0,62.190067291259766,0.8932899236679077,8.221969604492188,1.600000023841858,1,0.9044656753540039,9.600000000000001,2.0
12,2,0.0,7.800000000000001,0.8,0.5880026035475674,9.600000000000001,2.0,62.690067291259766,0.8891799449920654,8.213086128234863,1.600000023841858,1,0.9003556966781616,9.600000000000001,2.0
12,2,0.0,7.800000000000001,0.8,0.5880026035475674,9.600000000000001,2.0,63.190067291259766,0.8851751089096069,8.204282760620117,1.600000023841858,1,0.8963508605957031,9.600000000000001,2.0
12,2,0.0,7.800000000000001,0.8,0.5880026035475674,9.600000000000001,2.0,63.690067291259766,0.8812733888626099,8.195557594299316,1.600000023841858,1,0.892449140548706,9.600000000000001,2.0
12,2,0.0,7.800000000000001,0.8,0.5880026035475674,9.600000000000001,2.0,64.19007110595703,0.8774728775024414,8.186905860900879,1.600000023841858,1,0.8886486291885376,9.600000000000001,2.0
12,2,0.0,7.800000000000001,0.8,0.5880026035475674,9.600000000000001,2.0,64.69007110595703,0.8737717866897583,8.178327560424805,1.600000023841858,1,0.8849474787712097,9.600000000000001,2.0
12,2,0.0,7.800000000000001,0.8,0.5880026035475674,9.600000000000001,2.0,65.19007110595703,0.8701680898666382,8.169819831848145,1.600000023841858,1,0.8813438415527344,9.600000000000001,2.0
12,2,0.0,7.800000000000001,0.8,0.5880026035475674,9.600000000000001,2.0,65.69007110595703,0.8666603565216064,8.161380767822266,1.600000023841858,1,0.8778360486030579,9.600000000000001,2.0
12,2,0.0,7.800000000000001,0.8,0.5880026035475674,9.600000000000001,2.0,66.19007110595703,0.8632466793060303,8.153007507324219,1.600000023841858,1,0.8744223713874817,9.600000000000001,2.0
12,2,0.0,7.800000000000001,0.8,0.5880026035475674,9.600000000000001,2.0,66.69007110595703,0.0,,,0,0.8711012005805969,9.600000000000001,2.0
12,2,0.0,7.800000000000001,0.8,0.5880026035475674,9.600000000000001,2.0,67.19007110595703,0.856695294380188,8.136452674865723,1.600000023841858,1,0.8678710460662842,9.600000000000001,2.0
12,2,0.0,7.800000000000001,0.8,0.5880026035475674,9.600000000000001,2.0,67.69007110595703,0.8535546064376831,8.128266334533691,1.600000023841858,1,0.8647302985191345,9.600000000000001,2.0
12,2,0.0,7.800000000000001,0.8,0.5880026035475674,9.600000000000001,2.0,68.19007110595703,0.8505018949508667,8.120138168334961,1.600000023841858,1,0.8616776466369629,9.600000000000001,2.0
12,2,0.0,7.800000000000001,0.8,0.5880026035475674,9.600000000000001,2.0,68.69007110595703,0.8475358486175537,8.112066268920898,1.600000023841858,1,0.8587116003036499,9.600000000000001,2.0
12,2,0.0,7.800000000000001,0.8,0.5880026035475674,9.600000000000001,2.0,69.19007110595703,0.8446551561355591,8.104050636291504,1.600000023841858,1,0.8558309078216553,9.600000000000001,2.0
12,2,0.0,7.800000000000001,0.8,0.5880026035475674,9.600000000000001,2.0,69.69007110595703,0.8418585062026978,8.096086502075195,1.600000023841858,1,0.8530341982841492,9.600000000000001,2.0
12,2,0.0,7.800000000000001,0.8,0.5880026035475674,9.600000000000001,2.0,70.19007110595703,0.0,,,0,0.8503202199935913,9.600000000000001,2.0
12,2,0.0,7.800000000000001,0.8,0.5880026035475674,9.600000000000001,2.0,70.69007110595703,0.8365120887756348,8.08031177520752,1.600000023841858,1,0.847687840461731,9.600000000000001,2.0
12,2,0.0,7.800000000000001,0.8,0.5880026035475674,9.600000000000001,2.0,71.19007110595703,0.8339601755142212,8.072497367858887,1.600000023841858,1,0.8451358675956726,9.600000000000001,2.0
12,2,0.0,7.800000000000001,0.8,0.5880026035475674,9.600000000000001,2.0,71.69007110595703,0.0,,,0,0.8426631689071655,9.600000000000001,2.0
12,2,0.0,7.800000000000001,0.8,0.5880026035475674,9.600000000000001,2.0,72.19007110595703,0.8290929794311523,8.057004928588867,1.600000023841858,1,0.8402687311172485,9.600000000000001,2.0
12,2,0.0,7.800000000000001,0.8,0.5880026035475674,9.600000000000001,2.0,72.69007110595703,0.8267757892608643,8.049324035644531,1.600000023841858,1,0.8379514813423157,9.600000000000001,2.0
12,2,0.0,7.800000000000001,0.8,0.5880026035475674,9.600000000000001,2.0,73.19007110595703,0.8245346546173096,8.041685104370117,1.600000023841858,1,0.8357104063034058,9.600000000000001,2.0
12,2,0.0,7.800000000000001,0.8,0.5880026035475674,9.600000000000001,2.0,73.69007110595703,0.8223689794540405,8.034087181091309,1.600000023841858,1,0.8335446715354919,9.600000000000001,2.0
12,2,0.0,7.800000000000001,0.8,0.5880026035475674,9.600000000000001,2.0,74.19007110595703,0.8202774524688721,8.026527404785156,1.600000023841858,1,0.8314532041549683,9.600000000000001,2.0
12,2,0.0,7.800000000000001,0.8,0.5880026035475674,9.600000000000001,2.0,74.69007110595703,0.818259596824646,8.019003868103027,1.600000023841858,1,0.8294352889060974,9.600000000000001,2.0
12,2,0.0,7.800000000000001,0.8,0.5880026035475674,9.600000000000001,2.0,75.19007110595703,0.8163142204284668,8.011517524719238,1.600000023841858,1,0.827489972114563,9.600000000000001,2.0
12,2,0.0,7.800000000000001,0.8,0.5880026035475674,9.600000000000001,2.0,75.69007110595703,0.0,,,0,0.8256164789199829,9.600000000000001,2.0
12,2,0.0,7.800000000000001,0.8,0.5880026035475674,9.600000000000001,2.0,76.19007110595703,0.8126382827758789,7.996645927429199,1.600000023841858,1,0.8238140344619751,9.600000000000001,2.0
12,2,0.0,7.800000000000001,0.8,0.5880026035475674,9.600000000000001,2.0,76.69007110595703,0.8109062910079956,7.989258289337158,1.600000023841858,1,0.822081983089447,9.600000000000001,2.0
12,2,0.0,7.800000000000001,0.8,0.5880026035475674,9.600000000000001,2.0,77.19007110595703,0.8092437982559204,7.981901168823242,1.600000023841858,1,0.8204194903373718,9.600000000000001,2.0
12,2,0.0,7.800000000000001,0.8,0.5880026035475674,9.600000000000001,2.0,77.69007110595703,0.8076502084732056,7.974573612213135,1.600000023841858,1,0.818825900554657,9.600000000000001,2.0
12,2,0.0,7.800000000000001,0.8,0.5880026035475674,9.600000000000001,2.0,78.19007110595703,0.0,,,0,0.8173006772994995,9.600000000000001,2.0
12,2,0.0,7.800000000000001,0.8,0.5880026035475674,9.600000000000001,2.0,78.69007110595703,0.8046673536300659,7.960000038146973,1.600000023841858,1,0.8158431053161621,9.600000000000001,2.0
12,2,0.0,7.800000000000001,0.8,0.5880026035475674,9.600000000000001,2.0,79.19007110595703,0.8032768964767456,7.952752113342285,1.600000023841858,1,0.8144526481628418,9.600000000000001,2.0
12,2,0.0,7.800000000000001,0.8,0.5880026035475674,9.600000000000001,2.0,79.69007110595703,0.8019530773162842,7.945528030395508,1.600000023841858,1,0.8131287693977356,9.600000000000001,2.0
12,2,0.0,7.800000000000001,0.8,0.5880026035475674,9.600000000000001,2.0,80.19007110595703,0.8006951808929443,7.938326835632324,1.600000023841858,1,0.8118708729743958,9.600000000000001,2.0
12,2,0.0,7.800000000000001,0.8,0.5880026035475674,9.600000000000001,2.0,80.69007110595703,0.7995027303695679,7.931147575378418,1.600000023841858,1,0.8106784820556641,9.600000000000001,2.0
12,2,0.0,7.800000000000001,0.8,0.5880026035475674,9.600000000000001,2.0,81.19007110595703,0.7983754873275757,7.923988342285156,1.600000023841858,1,0.8095512390136719,9.600000000000001,2.0
12,2,0.0,7.800000000000001,0.8,0.5880026035475674,9.600000000000001,2.0,81.69007110595703,0.79731285572052,7.916849136352539,1.600000023841858,1,0.8084885478019714,9.600000000000001,2.0
12,2,0.0,7.800000000000001,0.8,0.5880026035475674,9.600000000000001,2.0,82.19007110595703,0.7963143587112427,7.909727573394775,1.600000023841858,1,0.8074900507926941,9.600000000000001,2.0
12,2,0.0,7.800000000000001,0.8,0.5880026035475674,9.600000000000001,2.0,82.69007110595703,0.795379638671875,7.902623176574707,1.600000023841858,1,0.8065553307533264,9.600000000000001,2.0
12,2,0.0,7.800000000000001,0.8,0.5880026035475674,9.600000000000001,2.0,83.19007110595703,0.7945084571838379,7.895534992218018,1.600000023841858,1,0.8056841492652893,9.600000000000001,2.0
12,2,0.0,7.800000000000001,0.8,0.5880026035475674,9.600000000000001,2.0,83.69007110595703,0.7937003374099731,7.888461112976074,1.600000023841858,1,0.8048760294914246,9.600000000000001,2.0
12,2,0.0,7.800000000000001,0.8,0.5880026035475674,9.600000000000001,2.0,84.19007110595703,0.7929549217224121,7.881401062011719,1.600000023841858,1,0.8041306734085083,9.600000000000001,2.0
12,2,0.0,7.800000000000001,0.8,0.5880026035475674,9.600000000000001,2.0,84.69007110595703,0.0,,,0,0.8034478425979614,9.600000000000001,2.0
12,2,0.0,7.800000000000001,0.8,0.5880026035475674,9.600000000000001,2.0,85.19007110595703,0.7916516065597534,7.8673176765441895,1.600000023841858,1,0.8028272986412048,9.600000000000001,2.0
12,2,0.0,7.800000000000001,0.8,0.5880026035475674,9.600000000000001,2.0,85.69007110595703,0.7910929918289185,7.860291957855225,1.600000023841858,1,0.8022687435150146,9.600000000000001,2.0
12,2,0.0,7.800000000000001,0.8,0.5880026035475674,9.600000000000001,2.0,86.19007110595703,0.7905962467193604,7.853275299072266,1.600000023841858,1,0.8017719388008118,9.600000000000001,2.0
12,2,0.0,7.800000000000001,0.8,0.5880026035475674,9.600000000000001,2.0,86.69007110595703,0.7901610136032104,7.846266746520996,1.600000023841858,1,0.8013367652893066,9.600000000000001,2.0
12,2,0.0,7.800000000000001,0.8,0.5880026035475674,9.600000000000001,2.0,87.19007110595703,0.7897872924804688,7.8392653465271,1.600000023841858,1,0.8009630441665649,9.600000000000001,2.0
12,2,0.0,7.800000000000001,0.8,0.5880026035475674,9.600000000000001,2.0,87.69007110595703,0.7894748449325562,7.83227014541626,1.600000023841858,1,0.8006505966186523,9.600000000000001,2.0
12,2,0.0,7.800000000000001,0.8,0.5880026035475674,9.600000000000001,2.0,88.19007110595703,0.7892235517501831,7.825279712677002,1.600000023841858,1,0.8003993034362793,9.600000000000001,2.0
12,2,0.0,7.800000000000001,0.8,0.5880026035475674,9.600000000000001,2.0,88.69007110595703,0.7890334129333496,7.81829309463501,1.600000023841858,1,0.800209105014801,9.600000000000001,2.0
12,2,0.0,7.800000000000001,0.8,0.5880026035475674,9.600000000000001,2.0,89.19007110595703,0.7889041900634766,7.811309337615967,1.600000023841858,1,0.8000799417495728,9.600000000000001,2.0
12,2,0.0,7.800000000000001,0.8,0.5880026035475674,9.600000000000001,2.0,89.69007110595703,0.7888360023498535,7.804327487945557,1.600000023841858,1,0.8000116944313049,9.600000000000001,2.0
12,2,0.0,7.800000000000001,0.8,0.5880026035475674,9.600000000000001,2.0,90.19007110595703,0.7888287305831909,7.797346115112305,1.600000023841858,1,0.8000044226646423,9.600000000000001,2.0
12,2,0.0,7.800000000000001,0.8,0.5880026035475674,9.600000000000001,2.0,90.69007110595703,0.7888822555541992,7.7903642654418945,1.600000023841858,1,0.8000580072402954,9.600000000000001,2.0
12,2,0.0,7.800000000000001,0.8,0.5880026035475674,9.600000000000001,2.0,91.19007110595703,0.7889969348907471,7.78338098526001,1.600000023841858,1,0.8001726269721985,9.600000000000001,2.0
12,2,0.0,7.800000000000001,0.8,0.5880026035475674,9.600000000000001,2.0,91.69007110595703,0.7891724109649658,7.776395320892334,1.600000023841858,1,0.800348162651062,9.600000000000001,2.0
12,2,0.0,7.800000000000001,0.8,0.5880026035475674,9.600000000000001,2.0,92.19007110595703,0.7894090414047241,7.769405841827393,1.600000023841858,1,0.8005847930908203,9.600000000000001,2.0
12,2,0.0,7.800000000000001,0.8,0.5880026035475674,9.600000000000001,2.0,92.69007110595703,0.789706826210022,7.762412071228027,1.600000023841858,1,0.8008825778961182,9.600000000000001,2.0
12,2,0.0,7.800000000000001,0.8,0.5880026035475674,9.600000000000001,2.0,93.19007110595703,0.7900658845901489,7.7554121017456055,1.600000023841858,1,0.8012415766716003,9.600000000000001,2.0
12,2,0.0,7.800000000000001,0.8,0.5880026035475674,9.600000000000001,2.0,93.69007110595703,0.7904863357543945,7.748405456542969,1.600000023841858,1,0.801662027835846,9.600000000000001,2.0
12,2,0.0,7.800000000000001,0.8,0.5880026035475674,9.600000000000001,2.0,94.19007110595703,0.7909682989120483,7.741391181945801,1.600000023841858,1,0.8021439909934998,9.600000000000001,2.0
12,2,0.0,7.800000000000001,0.8,0.5880026035475674,9.600000000000001,2.0,94.69007110595703,0.7915120124816895,7.734367847442627,1.600000023841858,1,0.8026877641677856,9.600000000000001,2.0
12,2,0.0,7.800000000000001,0.8,0.5880026035475674,9.600000000000001,2.0,95.19007110595703,0.792117714881897,7.727334022521973,1.600000023841858,1,0.8032934069633484,9.600000000000001,2.0
12,2,0.0,7.800000000000001,0.8,0.5880026035475674,9.600000000000001,2.0,95.69007110595703,0.7927855253219604,7.72028923034668,1.600000023841858,1,0.8039612770080566,9.600000000000001,2.0
12,2,0.0,7.800000000000001,0.8,0.5880026035475674,9.600000000000001,2.0,96.19007110595703,0.7935159206390381,7.713232517242432,1.600000023841858,1,0.8046916127204895,9.600000000000001,2.0
12,2,0.0,7.800000000000001,0.8,0.5880026035475674,9.600000000000001,2.0,96.69007110595703,0.7943089008331299,7.706161975860596,1.600000023841858,1,0.8054846525192261,9.600000000000001,2.0
12,2,0.0,7.800000000000001,0.8,0.5880026035475674,9.600000000000001,2.0,97.19007110595703,0.7951650619506836,7.699077606201172,1.600000023841858,1,0.806340754032135,9.600000000000001,2.0
12,2,0.0,7.800000000000001,0.8,0.5880026035475674,9.600000000000001,2.0,97.69007110595703,0.7960844039916992,7.691977024078369,1.600000023841858,1,0.8072601556777954,9.600000000000001,2.0
12,2,0.0,7.800000000000001,0.8,0.5880026035475674,9.600000000000001,2.0,98.19007110595703,0.7970676422119141,7.684859752655029,1.600000023841858,1,0.8082433342933655,9.600000000000001,2.0
12,2,0.0,7.800000000000001,0.8,0.5880026035475674,9.600000000000001,2.0,98.69007110595703,0.0,,,0,0.8092905879020691,9.600000000000001,2.0
12,2,0.0,7.800000000000001,0.8,0.5880026035475674,9.600000000000001,2.0,99.19007110595703,0.7992266416549683,7.670570373535156,1.600000023841858,1,0.8104023337364197,9.600000000000001,2.0
12,2,0.0,7.800000000000001,0.8,0.5880026035475674,9.600000000000001,2.0,99.69007110595703,0.800403356552124,7.66339635848999,1.600000023841858,1,0.8115790486335754,9.600000000000001,2.0
12,2,0.0,7.800000000000001,0.8,0.5880026035475674,9.600000000000001,2.0,100.19007110595703,0.8016455173492432,7.656200408935547,1.600000023841858,1,0.8128212094306946,9.600000000000001,2.0
12,2,0.0,7.800000000000001,0.8,0.5880026035475674,9.600000000000001,2.0,100.69007110595703,0.8029534816741943,7.648982048034668,1.600000023841858,1,0.8141292333602905,9.600000000000001,2.0
12,2,0.0,7.800000000000001,0.8,0.5880026035475674,9.600000000000001,2.0,101.19007110595703,0.8043279647827148,7.641739845275879,1.600000023841858,1,0.815503716468811,9.600000000000001,2.0
12,2,0.0,7.800000000000001,0.8,0.5880026035475674,9.600000000000001,2.0,101.69007110595703,0.8057694435119629,7.634472370147705,1.600000023841858,1,0.8169451355934143,9.600000000000001,2.0
12,2,0.0,7.800000000000001,0.8,0.5880026035475674,9.600000000000001,2.0,102.19007110595703,0.8072783946990967,7.627179145812988,1.600000023841858,1,0.8184540867805481,9.600000000000001,2.0
12,2,0.0,7.800000000000001,0.8,0.5880026035475674,9.600000000000001,2.0,102.69007110595703,0.8088555335998535,7.6198577880859375,1.600000023841858,1,0.8200312256813049,9.600000000000001,2.0
12,2,0.0,7.800000000000001,0.8,0.5880026035475674,9.600000000000001,2.0,103.19007110595703,0.8105013370513916,7.6125078201293945,1.600000023841858,1,0.8216770887374878,9.600000000000001,2.0
12,2,0.0,7.800000000000001,0.8,0.5880026035475674,9.600000000000001,2.0,103.69007110595703,0.8122167587280273,7.605127811431885,1.600000023841858,1,0.8233924508094788,9.600000000000001,2.0
12,2,0.0,7.800000000000001,0.8,0.5880026035475674,9.600000000000001,2.0,104.19007110595703,0.814002275466919,7.597716331481934,1.600000023841858,1,0.8251779675483704,9.600000000000001,2.0
12,2,0.0,7.800000000000001,0.8,0.5880026035475674,9.600000000000001,2.0,104.69007110595703,0.8158586025238037,7.590271949768066,1.600000023841858,1,0.8270342946052551,9.600000000000001,2.0
12,2,0.0,7.800000000000001,0.8,0.5880026035475674,9.600000000000001,2.0,105.19007110595703,0.8177865743637085,7.582793712615967,1.600000023841858,1,0.8289623260498047,9.600000000000001,2.0
12,2,0.0,7.800000000000001,0.8,0.5880026035475674,9.600000000000001,2.0,105.69007110595703,0.8197870254516602,7.575279712677002,1.600000023841858,1,0.8309627771377563,9.600000000000001,2.0
12,2,0.0,7.800000000000001,0.8,0.5880026035475674,9.600000000000001,2.0,106.19007110595703,0.8218607902526855,7.5677289962768555,1.600000023841858,1,0.8330365419387817,9.600000000000001,2.0
12,2,0.0,7.800000000000001,0.8,0.5880026035475674,9.600000000000001,2.0,106.69007110595703,0.8240087032318115,7.5601396560668945,1.600000023841858,1,0.8351843953132629,9.600000000000001,2.0
12,2,0.0,7.800000000000001,0.8,0.5880026035475674,9.600000000000001,2.0,107.19007110595703,0.8262315988540649,7.552510738372803,1.600000023841858,1,0.8374072909355164,9.600000000000001,2.0
12,2,0.0,7.800000000000001,0.8,0.5880026035475674,9.600000000000001,2.0,107.69007110595703,0.8285304307937622,7.544840335845947,1.600000023841858,1,0.8397061824798584,9.600000000000001,2.0
12,2,0.0,7.800000000000001,0.8,0.5880026035475674,9.600000000000001,2.0,108.19007110595703,0.8309063911437988,7.5371270179748535,1.600000023841858,1,0.8420820832252502,9.600000000000001,2.0
12,2,0.0,7.800000000000001,0.8,0.5880026035475674,9.600000000000001,2.0,108.69007110595703,0.8333601951599121,7.529369354248047,1.600000023841858,1,0.8445358872413635,9.600000000000001,2.0
12,2,0.0,7.800000000000001,0.8,0.5880026035475674,9.600000000000001,2.0,109.19007110595703,0.8358930349349976,7.521565914154053,1.600000023841858,1,0.8470687866210938,9.600000000000001,2.0
12,2,0.0,7.800000000000001,0.8,0.5880026035475674,9.600000000000001,2.0,109.69007110595703,0.8385061025619507,7.513714790344238,1.600000023841858,1,0.8496817946434021,9.600000000000001,2.0
12,2,0.0,7.800000000000001,0.8,0.5880026035475674,9.600000000000001,2.0,110.19007110595703,0.8412003517150879,7.505814552307129,1.600000023841858,1,0.8523760437965393,9.600000000000001,2.0
12,2,0.0,7.800000000000001,0.8,0.5880026035475674,9.600000000000001,2.0,110.69007110595703,0.8439770936965942,7.49786376953125,1.600000023841858,1,0.8551528453826904,9.600000000000001,2.0
12,2,0.0,7.800000000000001,0.8,0.5880026035475674,9.600000000000001,2.0,111.19007110595703,0.0,,,0,0.8580133318901062,9.600000000000001,2.0
12,2,0.0,7.800000000000001,0.8,0.5880026035475674,9.600000000000001,2.0,111.69007110595703,0.8497830629348755,7.481801986694336,1.600000023841858,1,0.8609587550163269,9.600000000000001,2.0
12,2,0.0,7.800000000000001,0.8,0.5880026035475674,9.600000000000001,2.0,112.19007110595703,0.852814793586731,7.473687648773193,1.600000023841858,1,0.8639905452728271,9.600000000000001,2.0
12,2,0.0,7.800000000000001,0.8,0.5880026035475674,9.600000000000001,2.0,112.69007110595703,0.8559342622756958,7.465515613555908,1.600000023841858,1,0.867110013961792,9.600000000000001,2.0
12,2,0.0,7.800000000000001,0.8,0.5880026035475674,9.600000000000001,2.0,113.19007110595703,0.0,,,0,0.870318591594696,9.600000000000001,2.0
12,2,0.0,7.800000000000001,0.8,0.5880026035475674,9.600000000000001,2.0,113.69007110595703,0.0,,,0,0.8736178278923035,9.600000000000001,2.0
12,2,0.0,7.800000000000001,0.8,0.5880026035475674,9.600000000000001,2.0,114.19007110595703,0.8658334016799927,7.440632343292236,1.600000023841858,1,0.8770091533660889,9.600000000000001,2.0
12,2,0.0,7.800000000000001,0.8,0.5880026035475674,9.600000000000001,2.0,114.69007110595703,0.8693184852600098,7.432209014892578,1.600000023841858,1,0.880494236946106,9.600000000000001,2.0
12,2,0.0,7.800000000000001,0.8,0.5880026035475674,9.600000000000001,2.0,115.19007110595703,0.872899055480957,7.423717975616455,1.600000023841858,1,0.8840747475624084,9.600000000000001,2.0
12,2,0.0,7.800000000000001,0.8,0.5880026035475674,9.600000000000001,2.0,115.69007110595703,0.8765766620635986,7.415156841278076,1.600000023841858,1,0.88775235414505,9.600000000000001,2.0
12,2,0.0,7.800000000000001,0.8,0.5880026035475674,9.600000000000001,2.0,116.19007110595703,0.8803532123565674,7.40652322769165,1.600000023841858,1,0.8915289044380188,9.600000000000001,2.0
12,2,0.0,7.800000000000001,0.8,0.5880026035475674,9.600000000000001,2.0,116.69007110595703,0.8842304944992065,7.397815704345703,1.600000023841858,1,0.895406186580658,9.600000000000001,2.0
12,2,0.0,7.800000000000001,0.8,0.5880026035475674,9.600000000000001,2.0,117.19007110595703,0.8882104158401489,7.389030933380127,1.600000023841858,1,0.8993861079216003,9.600000000000001,2.0
12,2,0.0,7.800000000000001,0.8,0.5880026035475674,9.600000000000001,2.0,117.69007110595703,0.8922950029373169,7.380167484283447,1.600000023841858,1,0.9034706950187683,9.600000000000001,2.0
12,2,0.0,7.800000000000001,0.8,0.5880026035475674,9.600000000000001,2.0,118.19007110595703,0.0,,,0,0.9076619744300842,9.600000000000001,2.0
12,2,0.0,7.800000000000001,0.8,0.5880026035475674,9.600000000000001,2.0,118.69007110595703,0.9007863998413086,7.3621931076049805,1.600000023841858,1,0.9119621515274048,9.600000000000001,2.0
12,2,0.0,7.800000000000001,0.8,0.5880026035475674,9.600000000000001,2.0,119.19007110595703,0.9051976203918457,7.353076934814453,1.600000023841858,1,0.9163733124732971,9.600000000000001,2.0
12,2,0.0,7.800000000000001,0.8,0.5880026035475674,9.600000000000001,2.0,119.69007110595703,0.9097222089767456,7.3438720703125,1.600000023841858,1,0.920897901058197,9.600000000000001,2.0
12,2,0.0,7.800000000000001,0.8,0.5880026035475674,9.600000000000001,2.0,120.19007110595703,0.9143624305725098,7.3345746994018555,1.600000023841858,1,0.925538182258606,9.600000000000001,2.0
12,2,0.0,7.800000000000001,0.8,0.5880026035475674,9.600000000000001,2.0,120.69007110595703,0.9191209077835083,7.3251824378967285,1.600000023841858,1,0.9302966594696045,9.600000000000001,2.0
12,2,0.0,7.800000000000001,0.8,0.5880026035475674,9.600000000000001,2.0,121.19007110595703,0.9240001440048218,7.31569242477417,1.600000023841858,1,0.935175895690918,9.600000000000001,2.0
12,2,0.0,7.800000000000001,0.8,0.5880026035475674,9.600000000000001,2.0,121.69007110595703,0.9290028810501099,7.306101322174072,1.600000023841858,1,0.9401785731315613,9.600000000000001,2.0
12,2,0.0,7.800000000000001,0.8,0.5880026035475674,9.600000000000001,2.0,122.19007110595703,0.9341317415237427,7.2964067459106445,1.600000023841858,1,0.9453074336051941,9.600000000000001,2.0
12,2,0.0,7.800000000000001,0.8,0.5880026035475674,9.600000000000001,2.0,122.69007110595703,0.9393895864486694,7.286604881286621,1.600000023841858,1,0.9505653381347656,9.600000000000001,2.0
12,2,0.0,7.800000000000001,0.8,0.5880026035475674,9.600000000000001,2.0,123.19007110595703,0.9447795152664185,7.276692867279053,1.600000023841858,1,0.9559552669525146,9.600000000000001,2.0
12,2,0.0,7.800000000000001,0.8,0.5880026035475674,9.600000000000001,2.0,123.69007110595703,0.9503046274185181,7.266666889190674,1.600000023841858,1,0.9614803194999695,9.600000000000001,2.0
12,2,0.0,7.800000000000001,0.8,0.5880026035475674,9.600000000000001,2.0,124.19007110595703,0.9559680223464966,7.256523132324219,1.600000023841858,1,0.967143714427948,9.600000000000001,2.0
12,2,0.0,7.800000000000001,0.8,0.5880026035475674,9.600000000000001,2.0,124.69007110595703,0.9617730379104614,7.246258735656738,1.600000023841858,1,0.9729487299919128,9.600000000000001,2.0
12,2,0.0,7.800000000000001,0.8,0.5880026035475674,9.600000000000001,2.0,125.19007110595703,0.9677231311798096,7.235869884490967,1.600000023841858,1,0.978898823261261,9.600000000000001,2.0
12,2,0.0,7.800000000000001,0.8,0.5880026035475674,9.600000000000001,2.0,125.69007110595703,0.9738218784332275,7.225351810455322,1.600000023841858,1,0.9849976301193237,9.600000000000001,2.0
12,2,0.0,7.800000000000001,0.8,0.5880026035475674,9.600000000000001,2.0,126.19007110595703,0.9800732135772705,7.2147016525268555,1.600000023841858,1,0.9912489056587219,9.600000000000001,2.0
12,2,0.0,7.800000000000001,0.8,0.5880026035475674,9.600000000000001,2.0,126.69007110595703,0.986480712890625,7.203914165496826,1.600000023841858,1,0.9976564645767212,9.600000000000001,2.0
12,2,0.0,7.800000000000001,0.8,0.5880026035475674,9.600000000000001,2.0,127.19007110595703,0.9930486679077148,7.192985534667969,1.600000023841858,1,1.004224419593811,9.600000000000001,2.0
12,2,0.0,7.800000000000001,0.8,0.5880026035475674,9.600000000000001,2.0,127.69007110595703,0.9997811317443848,7.181911468505859,1.600000023841858,1,1.010956883430481,9.600000000000001,2.0
12,2,0.0,7.800000000000001,0.8,0.5880026035475674,9.600000000000001,2.0,128.1900634765625,1.0066825151443481,7.170686721801758,1.600000023841858,1,1.0178582668304443,9.600000000000001,2.0
12,2,0.0,7.800000000000001,0.8,0.5880026035475674,9.600000000000001,2.0,128.6900634765625,1.013757348060608,7.15930700302124,1.600000023841858,1,1.024933099746704,9.600000000000001,2.0
12,2,0.0,7.800000000000001,0.8,0.5880026035475674,9.600000000000001,2.0,129.1900634765625,1.0210102796554565,7.147766590118408,1.600000023841858,1,1.0321860313415527,9.600000000000001,2.0
12,2,0.0,7.800000000000001,0.8,0.5880026035475674,9.600000000000001,2.0,129.6900634765625,1.0284464359283447,7.136061668395996,1.600000023841858,1,1.039622187614441,9.600000000000001,2.0
12,2,0.0,7.800000000000001,0.8,0.5880026035475674,9.600000000000001,2.0,130.1900634765625,1.0360709428787231,7.124185085296631,1.600000023841858,1,1.0472466945648193,9.600000000000001,2.0
12,2,0.0,7.800000000000001,0.8,0.5880026035475674,9.600000000000001,2.0,130.6900634765625,1.0438889265060425,7.112132549285889,1.600000023841858,1,1.0550646781921387,9.600000000000001,2.0
12,2,0.0,7.800000000000001,0.8,0.5880026035475674,9.600000000000001,2.0,131.1900634765625,1.0519061088562012,7.099897861480713,1.600000023841858,1,1.0630818605422974,9.600000000000001,2.0
12,2,0.0,7.800000000000001,0.8,0.5880026035475674,9.600000000000001,2.0,131.6900634765625,1.0601282119750977,7.087474822998047,1.600000023841858,1,1.0713039636611938,9.600000000000001,2.0
12,2,0.0,7.800000000000001,0.8,0.5880026035475674,9.600000000000001,2.0,132.1900634765625,1.0685614347457886,7.074856758117676,1.600000023841858,1,1.0797371864318848,9.600000000000001,2.0
12,2,0.0,7.800000000000001,0.8,0.5880026035475674,9.600000000000001,2.0,132.6900634765625,1.0772119760513306,7.062037944793701,1.600000023841858,1,1.0883877277374268,9.600000000000001,2.0
12,2,0.0,7.800000000000001,0.8,0.5880026035475674,9.600000000000001,2.0,133.1900634765625,1.0860865116119385,7.049010753631592,1.600000023841858,1,1.0972622632980347,9.600000000000001,2.0
12,2,0.0,7.800000000000001,0.8,0.5880026035475674,9.600000000000001,2.0,133.6900634765625,1.0951919555664062,7.035768508911133,1.600000023841858,1,1.1063677072525024,9.600000000000001,2.0
12,2,0.0,7.800000000000001,0.8,0.5880026035475674,9.600000000000001,2.0,134.1900634765625,1.104535460472107,7.022303581237793,1.600000023841858,1,1.1157112121582031,9.600000000000001,2.0
12,2,0.0,7.800000000000001,0.8,0.5880026035475674,9.600000000000001,2.0,134.6900634765625,1.1141244173049927,7.008608341217041,1.600000023841858,1,1.1253001689910889,9.600000000000001,2.0
12,2,0.0,7.800000000000001,0.8,0.5880026035475674,9.600000000000001,2.0,135.1900634765625,1.123966932296753,6.9946746826171875,1.600000023841858,1,1.1351426839828491,9.600000000000001,2.0
12,2,0.0,7.800000000000001,0.8,0.5880026035475674,9.600000000000001,2.0,135.6900634765625,1.1340711116790771,6.980494022369385,1.600000023841858,1,1.1452468633651733,9.600000000000001,2.0
12,2,0.0,7.800000000000001,0.8,0.5880026035475674,9.600000000000001,2.0,136.1900634765625,1.144445538520813,6.966057300567627,1.600000023841858,1,1.1556212902069092,9.600000000000001,2.0
12,2,0.0,7.800000000000001,0.8,0.5880026035475674,9.600000000000001,2.0,136.6900634765625,1.1550993919372559,6.951355457305908,1.600000023841858,1,1.166275143623352,9.600000000000001,2.0
12,2,0.0,7.800000000000001,0.8,0.5880026035475674,9.600000000000001,2.0,137.1900634765625,1.1660418510437012,6.9363789558410645,1.600000023841858,1,1.1772176027297974,9.600000000000001,2.0
12,2,0.0,7.800000000000001,0.8,0.5880026035475674,9.600000000000001,2.0,137.6900634765625,1.1772830486297607,6.921117782592773,1.600000023841858,1,1.188458800315857,9.600000000000001,2.0
12,2,0.0,7.800000000000001,0.8,0.5880026035475674,9.600000000000001,2.0,138.1900634765625,1.188833236694336,6.9055609703063965,1.600000023841858,1,1.2000089883804321,9.600000000000001,2.0
12,2,0.0,7.800000000000001,0.8,0.5880026035475674,9.600000000000001,2.0,138.6900634765625,1.2007032632827759,6.889697551727295,1.600000023841858,1,1.211879014968872,9.600000000000001,2.0
12,2,0.0,7.800000000000001,0.8,0.5880026035475674,9.600000000000001,2.0,139.1900634765625,1.212904691696167,6.873515605926514,1.600000023841858,1,1.2240804433822632,9.600000000000001,2.0
12,2,0.0,7.800000000000001,0.8,0.5880026035475674,9.600000000000001,2.0,139.6900634765625,0.0,,,0,1.2366251945495605,9.600000000000001,2.0
12,2,0.0,7.800000000000001,0.8,0.5880026035475674,9.600000000000001,2.0,140.1900634765625,1.2383500337600708,6.840148448944092,1.600000023841858,1,1.249525785446167,9.600000000000001,2.0
12,2,0.0,7.800000000000001,0.8,0.5880026035475674,9.600000000000001,2.0,140.6900634765625,1.2516199350357056,6.822936534881592,1.600000023841858,1,1.2627956867218018,9.600000000000001,2.0
12,2,0.0,7.800000000000001,0.8,0.5880026035475674,9.600000000000001,2.0,141.1900634765625,1.265272855758667,6.80535364151001,1.600000023841858,1,1.2764486074447632,9.600000000000001,2.0
12,2,0.0,7.800000000000001,0.8,0.5880026035475674,9.600000000000001,2.0,141.6900634765625,1.2793235778808594,6.7873854637146,1.600000023841858,1,1.2904993295669556,9.600000000000001,2.0
12,2,0.0,7.800000000000001,0.8,0.5880026035475674,9.600000000000001,2.0,142.1900634765625,1.2937875986099243,6.769015312194824,1.600000023841858,1,1.3049633502960205,9.600000000000001,2.0
12,2,0.0,7.800000000000001,0.8,0.5880026035475674,9.600000000000001,2.0,142.6900634765625,1.3086812496185303,6.750227451324463,1.600000023841858,1,1.3198570013046265,9.600000000000001,2.0
12,2,0.0,7.800000000000001,0.8,0.5880026035475674,9.600000000000001,2.0,143.1900634765625,1.3240214586257935,6.731004238128662,1.600000023841858,1,1.3351972103118896,9.600000000000001,2.0
12,2,0.0,7.800000000000001,0.8,0.5880026035475674,9.600000000000001,2.0,143.6900634765625,0.0,,,0,1.3510024547576904,9.600000000000001,2.0
12,2,0.0,7.800000000000001,0.8,0.5880026035475674,9.600000000000001,2.0,144.1900634765625,1.3561159372329712,6.691177845001221,1.600000023841858,1,1.3672916889190674,9.600000000000001,2.0
12,2,0.0,7.800000000000001,0.8,0.5880026035475674,9.600000000000001,2.0,144.6900634765625,1.372909426689148,6.670534610748291,1.600000023841858,1,1.3840851783752441,9.600000000000001,2.0
12,2,0.0,7.800000000000001,0.8,0.5880026035475674,9.600000000000001,2.0,145.1900634765625,1.3902286291122437,6.649376392364502,1.600000023841858,1,1.4014043807983398,9.600000000000001,2.0
12,2,0.0,7.800000000000001,0.8,0.5880026035475674,9.600000000000001,2.0,145.6900634765625,1.4080963134765625,6.62768030166626,1.600000023841858,1,1.4192720651626587,9.600000000000001,2.0
12,2,0.0,7.800000000000001,0.8,0.5880026035475674,9.600000000000001,2.0,146.1900634765625,1.4265363216400146,6.605422496795654,1.600000023841858,1,1.4377120733261108,9.600000000000001,2.0
12,2,0.0,7.800000000000001,0.8,0.5880026035475674,9.600000000000001,2.0,146.6900634765625,1.445574164390564,6.582576274871826,1.600000023841858,1,1.4567499160766602,9.600000000000001,2.0
12,2,0.0,7.800000000000001,0.8,0.5880026035475674,9.600000000000001,2.0,147.1900634765625,1.4652369022369385,6.559115409851074,1.600000023841858,1,1.4764126539230347,9.600000000000001,2.0
12,2,0.0,7.800000000000001,0.8,0.5880026035475674,9.600000000000001,2.0,147.6900634765625,1.48555326461792,6.535010814666748,1.600000023841858,1,1.4967290163040161,9.600000000000001,2.0
12,2,0.0,7.800000000000001,0.8,0.5880026035475674,9.600000000000001,2.0,148.1900634765625,1.5065538883209229,6.5102314949035645,1.600000023841858,1,1.517729640007019,9.600000000000001,2.0
12,2,0.0,7.800000000000001,0.8,0.5880026035475674,9.600000000000001,2.0,148.6900634765625,1.528270959854126,6.484745025634766,1.600000023841858,1,1.5394467115402222,9.600000000000001,2.0
12,2,0.0,7.800000000000001,0.8,0.5880026035475674,9.600000000000001,2.0,149.1900634765625,1.5507392883300781,6.4585161209106445,1.600000023841858,1,1.5619150400161743,9.600000000000001,2.0
12,2,0.0,7.800000000000001,0.8,0.5880026035475674,9.600000000000001,2.0,149.6900634765625,1.573995590209961,6.431508541107178,1.600000023841858,1,1.5851713418960571,9.600000000000001,2.0
12,2,0.0,7.800000000000001,0.8,0.5880026035475674,9.600000000000001,2.0,150.1900634765625,1.5980794429779053,6.403682708740234,1.600000023841858,1,1.6092551946640015,9.600000000000001,2.0
12,2,0.0,7.800000000000001,0.8,0.5880026035475674,9.600000000000001,2.0,150.6900634765625,1.6230326890945435,6.374995708465576,1.600000023841858,1,1.6342084407806396,9.600000000000001,2.0
12,2,0.0,7.800000000000001,0.8,0.5880026035475674,9.600000000000001,2.0,151.1900634765625,1.6489005088806152,6.345402717590332,1.600000023841858,1,1.6600762605667114,9.600000000000001,2.0
12,2,0.0,7.800000000000001,0.8,0.5880026035475674,9.600000000000001,2.0,151.6900634765625,1.67573082447052,6.314855575561523,1.600000023841858,1,1.6869065761566162,9.600000000000001,2.0
12,2,0.0,7.800000000000001,0.8,0.5880026035475674,9.600000000000001,2.0,152.1900634765625,1.7035754919052124,6.283302307128906,1.600000023841858,1,1.7147512435913086,9.600000000000001,2.0
12,2,0.0,7.800000000000001,0.8,0.5880026035475674,9.600000000000001,2.0,152.6900634765625,1.7324897050857544,6.250687599182129,1.600000023841858,1,1.7436654567718506,9.600000000000001,2.0
12,2,0.0,7.800000000000001,0.8,0.5880026035475674,9.600000000000001,2.0,153.1900634765625,1.7625333070755005,6.216951370239258,1.600000023841858,1,1.7737090587615967,9.600000000000001,2.0
12,2,0.0,7.800000000000001,0.8,0.5880026035475674,9.600000000000001,2.0,153.6900634765625,1.7937700748443604,6.1820292472839355,1.600000023841858,1,1.8049458265304565,9.600000000000001,2.0
12,2,0.0,7.800000000000001,0.8,0.5880026035475674,9.600000000000001,2.0,154.1900634765625,1.826269268989563,6.145852565765381,1.600000023841858,1,1.8374450206756592,9.600000000000001,2.0
12,2,0.0,7.800000000000001,0.8,0.5880026035475674,9.600000000000001,2.0,154.6900634765625,1.8601053953170776,6.108345985412598,1.600000023841858,1,1.8712811470031738,9.600000000000001,2.0
12,2,0.0,7.800000000000001,0.8,0.5880026035475674,9.600000000000001,2.0,155.1900634765625,1.8953590393066406,6.069429397583008,1.600000023841858,1,1.9065347909927368,9.600000000000001,2.0
12,2,0.0,7.800000000000001,0.8,0.5880026035475674,9.600000000000001,2.0,155.6900634765625,0.0,,,0,1.9432929754257202,9.600000000000001,2.0
12,2,0.0,7.800000000000001,0.8,0.5880026035475674,9.600000000000001,2.0,156.1900634765625,1.9704746007919312,5.987008571624756,1.600000023841858,1,1.9816503524780273,9.600000000000001,2.0
12,2,0.0,7.800000000000001,0.8,0.5880026035475674,9.600000000000001,2.0,156.6900634765625,2.0105338096618652,5.943306922912598,1.600000023841858,1,2.021709442138672,9.600000000000001,2.0
12,2,0.0,7.800000000000001,0.8,0.5880026035475674,9.600000000000001,2.0,157.1900634765625,2.0524065494537354,5.897798538208008,1.600000023841858,1,2.063582181930542,9.600000000000001,2.0
12,2,0.0,7.800000000000001,0.8,0.5880026035475674,9.600000000000001,2.0,157.6900634765625,0.0,,,0,2.1073896884918213,9.600000000000001,2.0
12,2,0.0,7.800000000000001,0.8,0.5880026035475674,9.600000000000001,2.0,158.1900634765625,2.142089605331421,5.8008623123168945,1.600000023841858,1,2.1532652378082275,9.600000000000001,2.0
12,2,0.0,7.800000000000001,0.8,0.5880026035475674,9.600000000000001,2.0,158.6900634765625,2.190178155899048,5.749156475067139,1.600000023841858,1,2.2013537883758545,9.600000000000001,2.0
12,2,0.0,7.800000000000001,0.8,0.5880026035475674,9.600000000000001,2.0,159.1900634765625,2.2406392097473145,5.695084571838379,1.600000023841858,1,2.251814842224121,9.600000000000001,2.0
12,2,0.0,7.800000000000001,0.8,0.5880026035475674,9.600000000000001,2.0,159.6900634765625,0.0,,,0,2.3048229217529297,9.600000000000001,2.0
12,2,0.0,7.800000000000001,0.8,0.5880026035475674,9.600000000000001,2.0,160.1900634765625,2.327204942703247,5.599999904632568,1.5924795866012573,1,2.3383805751800537,9.600000000000001,2.0
12,2,0.0,7.800000000000001,0.8,0.5880026035475674,9.600000000000001,2.0,160.6900634765625,2.3199658393859863,5.599999904632568,1.5708571672439575,1,2.331141471862793,9.600000000000001,2.0
12,2,0.0,7.800000000000001,0.8,0.5880026035475674,9.600000000000001,2.0,161.1900634765625,2.312947988510132,5.599999904632568,1.5493667125701904,1,2.3241236209869385,9.600000000000001,2.0
12,2,0.0,7.800000000000001,0.8,0.5880026035475674,9.600000000000001,2.0,161.6900634765625,0.0,,,0,2.317323684692383,9.600000000000001,2.0
12,2,0.0,7.800000000000001,0.8,0.5880026035475674,9.600000000000001,2.0,162.1900634765625,2.299563407897949,5.599999904632568,1.5067634582519531,1,2.310739040374756,9.600000000000001,2.0
12,2,0.0,7.800000000000001,0.8,0.5880026035475674,9.600000000000001,2.0,162.6900634765625,2.2931909561157227,5.599999904632568,1.4856420755386353,1,2.3043665885925293,9.600000000000001,2.0
12,2,0.0,7.800000000000001,0.8,0.5880026035475674,9.600000000000001,2.0,163.1900634765625,2.2870280742645264,5.599999904632568,1.4646353721618652,1,2.298203706741333,9.600000000000001,2.0
12,2,0.0,7.800000000000001,0.8,0.5880026035475674,9.600000000000001,2.0,163.6900634765625,2.2810721397399902,5.599999904632568,1.4437390565872192,1,2.292247772216797,9.600000000000001,2.0
12,2,0.0,7.800000000000001,0.8,0.5880026035475674,9.600000000000001,2.0,164.1900634765625,2.2753207683563232,5.599999904632568,1.422949194908142,1,2.28649640083313,9.600000000000001,2.0
12,2,0.0,7.800000000000001,0.8,0.5880026035475674,9.600000000000001,2.0,164.6900634765625,2.2697713375091553,5.599999904632568,1.4022618532180786,1,2.280946969985962,9.600000000000001,2.0
12,2,0.0,7.800000000000001,0.8,0.5880026035475674,9.600000000000001,2.0,165.1900634765625,2.2644217014312744,5.599999904632568,1.3816730976104736,1,2.275597333908081,9.600000000000001,2.0
12,2,0.0,7.800000000000001,0.8,0.5880026035475674,9.600000000000001,2.0,165.6900634765625,2.2592697143554688,5.599999904632568,1.3611791133880615,1,2.2704453468322754,9.600000000000001,2.0
12,2,0.0,7.800000000000001,0.8,0.5880026035475674,9.600000000000001,2.0,166.1900634765625,2.2543129920959473,5.599999904632568,1.3407762050628662,1,2.265488624572754,9.600000000000001,2.0
12,2,0.0,7.800000000000001,0.8,0.5880026035475674,9.600000000000001,2.0,166.6900634765625,2.2495498657226562,5.599999904632568,1.3204606771469116,1,2.260725498199463,9.600000000000001,2.0
12,2,0.0,7.800000000000001,0.8,0.5880026035475674,9.600000000000001,2.0,167.1900634765625,2.2449779510498047,5.599999904632568,1.3002288341522217,1,2.2561535835266113,9.600000000000001,2.0
12,2,0.0,7.800000000000001,0.8,0.5880026035475674,9.600000000000001,2.0,167.6900634765625,2.240595579147339,5.599999904632568,1.2800770998001099,1,2.2517712116241455,9.600000000000001,2.0
12,2,0.0,7.800000000000001,0.8,0.5880026035475674,9.600000000000001,2.0,168.1900634765625,2.236401319503784,5.599999904632568,1.2600020170211792,1,2.247576951980591,9.600000000000001,2.0
12,2,0.0,7.800000000000001,0.8,0.5880026035475674,9.600000000000001,2.0,168.6900634765625,2.2323930263519287,5.599999904632568,1.2400000095367432,1,2.2435686588287354,9.600000000000001,2.0
12,2,0.0,7.800000000000001,0.8,0.5880026035475674,9.600000000000001,2.0,169.1900634765625,2.228569269180298,5.599999904632568,1.2200677394866943,1,2.2397449016571045,9.600000000000001,2.0
12,2,0.0,7.800000000000001,0.8,0.5880026035475674,9.600000000000001,2.0,169.6900634765625,2.224928379058838,5.599999904632568,1.2002017498016357,1,2.2361040115356445,9.600000000000001,2.0
12,2,0.0,7.800000000000001,0.8,0.5880026035475674,9.600000000000001,2.0,170.1900634765625,2.2214691638946533,5.599999904632568,1.18039870262146,1,2.23264479637146,9.600000000000001,2.0
12,2,0.0,7.800000000000001,0.8,0.5880026035475674,9.600000000000001,2.0,170.6900634765625,2.2181901931762695,5.599999904632568,1.1606553792953491,1,2.229365825653076,9.600000000000001,2.0
12,2,0.0,7.800000000000001,0.8,0.5880026035475674,9.600000000000001,2.0,171.1900634765625,2.215090274810791,5.599999904632568,1.1409685611724854,1,2.2262659072875977,9.600000000000001,2.0
12,2,0.0,7.800000000000001,0.8,0.5880026035475674,9.600000000000001,2.0,171.6900634765625,0.0,,,0,2.2233433723449707,9.600000000000001,2.0
12,2,0.0,7.800000000000001,0.8,0.5880026035475674,9.600000000000001,2.0,172.1900634765625,2.2094218730926514,5.599999904632568,1.1017510890960693,1,2.220597505569458,9.600000000000001,2.0
12,2,0.0,7.800000000000001,0.8,0.5880026035475674,9.600000000000001,2.0,172.6900634765625,2.2068517208099365,5.599999904632568,1.082214117050171,1,2.218027353286743,9.600000000000001,2.0
12,2,0.0,7.800000000000001,0.8,0.5880026035475674,9.600000000000001,2.0,173.1900634765625,2.204455614089966,5.599999904632568,1.0627208948135376,1,2.2156312465667725,9.600000000000001,2.0
12,2,0.0,7.800000000000001,0.8,0.5880026035475674,9.600000000000001,2.0,173.6900634765625,2.20223331451416,5.599999904632568,1.0432683229446411,1,2.213408946990967,9.600000000000001,2.0
12,2,0.0,7.800000000000001,0.8,0.5880026035475674,9.600000000000001,2.0,174.1900634765625,2.200183629989624,5.599999904632568,1.0238531827926636,1,2.2113592624664307,9.600000000000001,2.0
12,2,0.0,7.800000000000001,0.8,0.5880026035475674,9.600000000000001,2.0,174.6900634765625,2.198306083679199,5.599999904632568,1.0044724941253662,1,2.209481716156006,9.600000000000001,2.0
12,2,0.0,7.800000000000001,0.8,0.5880026035475674,9.600000000000001,2.0,175.1900634765625,0.0,,,0,2.207775115966797,9.600000000000001,2.0
12,2,0.0,7.800000000000001,0.8,0.5880026035475674,9.600000000000001,2.0,175.6900634765625,2.195063352584839,5.599999904632568,0.9658023715019226,1,2.2062389850616455,9.600000000000001,2.0
12,2,0.0,7.800000000000001,0.8,0.5880026035475674,9.600000000000001,2.0,176.1900634765625,2.193697214126587,5.599999904632568,0.946506917476654,1,2.2048728466033936,9.600000000000001,2.0
12,2,0.0,7.800000000000001,0.8,0.5880026035475674,9.600000000000001,2.0,176.6900634765625,2.192500591278076,5.599999904632568,0.927233874797821,1,2.203676223754883,9.600000000000001,2.0
12,2,0.0,7.800000000000001,0.8,0.5880026035475674,9.600000000000001,2.0,177.1900634765625,2.1914727687835693,5.599999904632568,0.9079802632331848,1,2.202648401260376,9.600000000000001,2.0
12,2,0.0,7.800000000000001,0.8,0.5880026035475674,9.600000000000001,2.0,177.6900634765625,2.1906135082244873,5.599999904632568,0.8887431025505066,1,2.201789140701294,9.600000000000001,2.0
12,2,0.0,7.800000000000001,0.8,0.5880026035475674,9.600000000000001,2.0,178.1900634765625,0.0,,,0,2.2010982036590576,9.600000000000001,2.0
12,2,0.0,7.800000000000001,0.8,0.5880026035475674,9.600000000000001,2.0,178.6900634765625,2.189399480819702,5.599999904632568,0.8503065705299377,1,2.200575113296509,9.600000000000001,2.0
12,2,0.0,7.800000000000001,0.8,0.5880026035475674,9.600000000000001,2.0,179.1900634765625,2.189044237136841,5.599999904632568,0.8311012387275696,1,2.2002198696136475,9.600000000000001,2.0
12,2,0.0,7.800000000000001,0.8,0.5880026035475674,9.600000000000001,2.0,179.6900634765625,2.188856601715088,5.599999904632568,0.8119006752967834,1,2.2000322341918945,9.600000000000001,2.0
12,2,0.0,7.800000000000001,0.8,0.5880026035475674,9.600000000000001,2.0,180.1900634765625,0.0,,,0,2.20001220703125,9.600000000000001,2.0
12,2,0.0,7.800000000000001,0.8,0.5880026035475674,9.600000000000001,2.0,180.6900634765625,2.188983917236328,5.599999904632568,0.7735020518302917,1,2.2001595497131348,9.600000000000001,2.0
12,2,0.0,7.800000000000001,0.8,0.5880026035475674,9.600000000000001,2.0,181.1900634765625,2.1892991065979004,5.599999904632568,0.7542980909347534,1,2.200474739074707,9.600000000000001,2.0
12,2,0.0,7.800000000000001,0.8,0.5880026035475674,9.600000000000001,2.0,181.6900634765625,2.189781904220581,5.599999904632568,0.7350872159004211,1,2.2009575366973877,9.600000000000001,2.0
12,2,0.0,7.800000000000001,0.8,0.5880026035475674,9.600000000000001,2.0,182.1900634765625,2.190432548522949,5.599999904632568,0.7158664464950562,1,2.201608180999756,9.600000000000001,2.0
12,2,0.0,7.800000000000001,0.8,0.5880026035475674,9.600000000000001,2.0,182.6900634765625,2.191251277923584,5.599999904632568,0.6966328620910645,1,2.2024269104003906,9.600000000000001,2.0
12,2,0.0,7.800000000000001,0.8,0.5880026035475674,9.600000000000001,2.0,183.1900634765625,0.0,,,0,2.2034144401550293,9.600000000000001,2.0
12,2,0.0,7.800000000000001,0.8,0.5880026035475674,9.600000000000001,2.0,183.6900634765625,2.193394899368286,5.599999904632568,0.6581153273582458,1,2.2045705318450928,9.600000000000001,2.0
12,2,0.0,7.800000000000001,0.8,0.5880026035475674,9.600000000000001,2.0,184.1900634765625,2.1947202682495117,5.599999904632568,0.638825535774231,1,2.2058959007263184,9.600000000000001,2.0
12,2,0.0,7.800000000000001,0.8,0.5880026035475674,9.600000000000001,2.0,184.6900634765625,2.1962156295776367,5.599999904632568,0.6195110082626343,1,2.2073912620544434,9.600000000000001,2.0
12,2,0.0,7.800000000000001,0.8,0.5880026035475674,9.600000000000001,2.0,185.1900634765625,2.1978812217712402,5.599999904632568,0.6001688241958618,1,2.209056854248047,9.600000000000001,2.0
12,2,0.0,7.800000000000001,0.8,0.5880026035475674,9.600000000000001,2.0,185.6900634765625,2.1997179985046387,5.599999904632568,0.5807960033416748,1,2.2108936309814453,9.600000000000001,2.0
12,2,0.0,7.800000000000001,0.8,0.5880026035475674,9.600000000000001,2.0,186.1900634765625,2.201726198196411,5.599999904632568,0.5613893866539001,1,2.2129018306732178,9.600000000000001,2.0
12,2,0.0,7.800000000000001,0.8,0.5880026035475674,9.600000000000001,2.0,186.6900634765625,2.2039072513580322,5.599999904632568,0.5419460535049438,1,2.215082883834839,9.600000000000001,2.0
12,2,0.0,7.800000000000001,0.8,0.5880026035475674,9.600000000000001,2.0,187.1900634765625,2.206261396408081,5.599999904632568,0.5224628448486328,1,2.2174370288848877,9.600000000000001,2.0
12,2,0.0,7.800000000000001,0.8,0.5880026035475674,9.600000000000001,2.0,187.6900634765625,2.208789825439453,5.599999904632568,0.5029366612434387,1,2.2199654579162598,9.600000000000001,2.0
12,2,0.0,7.800000000000001,0.8,0.5880026035475674,9.600000000000001,2.0,188.1900634765625,2.211493492126465,5.599999904632568,0.48336443305015564,1,2.2226691246032715,9.600000000000001,2.0
12,2,0.0,7.800000000000001,0.8,0.5880026035475674,9.600000000000001,2.0,188.6900634765625,0.0,,,0,2.2255489826202393,9.600000000000001,2.0
12,2,0.0,7.800000000000001,0.8,0.5880026035475674,9.600000000000001,2.0,189.1900634765625,2.217430830001831,5.599999904632568,0.44406911730766296,1,2.2286064624786377,9.600000000000001,2.0
12,2,0.0,7.800000000000001,0.8,0.5880026035475674,9.600000000000001,2.0,189.6900634765625,2.2206668853759766,5.599999904632568,0.42433962225914,1,2.231842517852783,9.600000000000001,2.0
12,2,0.0,7.800000000000001,0.8,0.5880026035475674,9.600000000000001,2.0,190.1900634765625,2.2240827083587646,5.599999904632568,0.404551237821579,1,2.2352583408355713,9.600000000000001,2.0
12,2,0.0,7.800000000000001,0.8,0.5880026035475674,9.600000000000001,2.0,190.6900634765625,2.22767972946167,5.599999904632568,0.3847006559371948,1,2.2388553619384766,9.600000000000001,2.0
12,2,0.0,7.800000000000001,0.8,0.5880026035475674,9.600000000000001,2.0,191.1900634765625,2.231459617614746,5.599999904632568,0.3647845983505249,1,2.2426352500915527,9.600000000000001,2.0
12,2,0.0,7.800000000000001,0.8,0.5880026035475674,9.600000000000001,2.0,191.6900634765625,2.2354233264923096,5.599999904632568,0.34479963779449463,1,2.246598958969116,9.600000000000001,2.0
12,2,0.0,7.800000000000001,0.8,0.5880026035475674,9.600000000000001,2.0,192.1900634765625,2.2395730018615723,5.599999904632568,0.3247423470020294,1,2.250748634338379,9.600000000000001,2.0
12,2,0.0,7.800000000000001,0.8,0.5880026035475674,9.600000000000001,2.0,192.6900634765625,2.243910074234009,5.599999904632568,0.3046093285083771,1,2.2550857067108154,9.600000000000001,2.0
12,2,0.0,7.800000000000001,0.8,0.5880026035475674,9.600000000000001,2.0,193.1900634765625,2.248436450958252,5.599999904632568,0.2843970060348511,1,2.2596120834350586,9.600000000000001,2.0
12,2,0.0,7.800000000000001,0.8,0.5880026035475674,9.600000000000001,2.0,193.6900634765625,2.2531535625457764,5.599999904632568,0.2641018331050873,1,2.264329195022583,9.600000000000001,2.0
12,2,0.0,7.800000000000001,0.8,0.5880026035475674,9.600000000000001,2.0,194.1900634765625,2.258063793182373,5.599999904632568,0.24372020363807678,1,2.2692394256591797,9.600000000000001,2.0
12,2,0.0,7.800000000000001,0.8,0.5880026035475674,9.600000000000001,2.0,194.6900634765625,2.2631688117980957,5.599999904632568,0.2232484072446823,1,2.2743444442749023,9.600000000000001,2.0
12,2,0.0,7.800000000000001,0.8,0.5880026035475674,9.600000000000001,2.0,195.1900634765625,2.2684707641601562,5.599999904632568,0.2026827484369278,1,2.279646396636963,9.600000000000001,2.0
12,2,0.0,7.800000000000001,0.8,0.5880026035475674,9.600000000000001,2.0,195.6900634765625,2.2739720344543457,5.599999904632568,0.18201938271522522,1,2.2851476669311523,9.600000000000001,2.0
12,2,0.0,7.800000000000001,0.8,0.5880026035475674,9.600000000000001,2.0,196.1900634765625,2.279674768447876,5.599999904632568,0.16125446557998657,1,2.2908504009246826,9.600000000000001,2.0
12,2,0.0,7.800000000000001,0.8,0.5880026035475674,9.600000000000001,2.0,196.6900634765625,2.285581588745117,5.599999904632568,0.14038404822349548,1,2.296757221221924,9.600000000000001,2.0
12,2,0.0,7.800000000000001,0.8,0.5880026035475674,9.600000000000001,2.0,197.1900634765625,2.291694402694702,5.599999904632568,0.1194041445851326,1,2.302870035171509,9.600000000000001,2.0
12,2,0.0,7.800000000000001,0.8,0.5880026035475674,9.600000000000001,2.0,197.6900634765625,2.298016309738159,5.599999904632568,0.09831064194440842,1,2.309191942214966,9.600000000000001,2.0
12,2,0.0,7.800000000000001,0.8,0.5880026035475674,9.600000000000001,2.0,198.1900634765625,2.3045499324798584,5.599999904632568,0.07709938287734985,1,2.315725564956665,9.600000000000001,2.0
12,2,0.0,7.800000000000001,0.8,0.5880026035475674,9.600000000000001,2.0,198.6900634765625,2.311298131942749,5.599999904632568,0.05576613172888756,1,2.3224737644195557,9.600000000000001,2.0
12,2,0.0,7.800000000000001,0.8,0.5880026035475674,9.600000000000001,2.0,199.1900634765625,2.318263530731201,5.599999904632568,0.034306544810533524,1,2.329439163208008,9.600000000000001,2.0
12,2,0.0,7.800000000000001,0.8,0.5880026035475674,9.600000000000001,2.0,199.6900634765625,2.325449228286743,5.599999904632568,0.012716203927993774,1,2.33662486076355,9.600000000000001,2.0
12,2,0.0,7.800000000000001,0.8,0.5880026035475674,9.600000000000001,2.0,200.1900634765625,2.3328585624694824,5.599999904632568,-0.009009412489831448,1,2.344034194946289,9.600000000000001,2.0
12,2,0.0,7.800000000000001,0.8,0.5880026035475674,9.600000000000001,2.0,200.6900634765625,0.0,,,0,2.351670265197754,9.600000000000001,2.0
12,2,0.0,7.800000000000001,0.8,0.5880026035475674,9.600000000000001,2.0,201.1900634765625,2.348361015319824,5.599999904632568,-0.052885036915540695,1,2.359536647796631,9.600000000000001,2.0
12,2,0.0,7.800000000000001,0.8,0.5880026035475674,9.600000000000001,2.0,201.6900634765625,2.3564610481262207,5.599999904632568,-0.07504458725452423,1,2.3676366806030273,9.600000000000001,2.0
12,2,0.0,7.800000000000001,0.8,0.5880026035475674,9.600000000000001,2.0,202.1900634765625,2.3647983074188232,5.599999904632568,-0.09735850989818573,1,2.37597393989563,9.600000000000001,2.0
12,2,0.0,7.800000000000001,0.8,0.5880026035475674,9.600000000000001,2.0,202.6900634765625,2.3733768463134766,5.599999904632568,-0.11983185261487961,1,2.384552478790283,9.600000000000001,2.0
12,2,0.0,7.800000000000001,0.8,0.5880026035475674,9.600000000000001,2.0,203.1900634765625,2.3822004795074463,5.599999904632568,-0.14246979355812073,1,2.393376111984253,9.600000000000001,2.0
12,2,0.0,7.800000000000001,0.8,0.5880026035475674,9.600000000000001,2.0,203.6900634765625,2.391273260116577,5.599999904632568,-0.1652776449918747,1,2.402448892593384,9.600000000000001,2.0
12,2,0.0,7.800000000000001,0.8,0.5880026035475674,9.600000000000001,2.0,204.1900634765625,2.400599479675293,5.599999904632568,-0.18826082348823547,1,2.4117751121520996,9.600000000000001,2.0
12,2,0.0,7.800000000000001,0.8,0.5880026035475674,9.600000000000001,2.0,204.6900634765625,2.4101836681365967,5.599999904632568,-0.21142491698265076,1,2.4213593006134033,9.600000000000001,2.0
12,2,0.0,7.800000000000001,0.8,0.5880026035475674,9.600000000000001,2.0,205.1900634765625,2.420029878616333,5.599999904632568,-0.2347756326198578,1,2.4312055110931396,9.600000000000001,2.0
12,2,0.0,7.800000000000001,0.8,0.5880026035475674,9.600000000000001,2.0,205.6900634765625,2.430143356323242,5.599999904632568,-0.25831881165504456,1,2.441318988800049,9.600000000000001,2.0
12,2,0.0,7.800000000000001,0.8,0.5880026035475674,9.600000000000001,2.0,206.1900634765625,2.4405288696289062,5.599999904632568,-0.28206053376197815,1,2.451704502105713,9.600000000000001,2.0
12,2,0.0,7.800000000000001,0.8,0.5880026035475674,9.600000000000001,2.0,206.6900634765625,2.4511914253234863,5.599999904632568,-0.30600690841674805,1,2.462367057800293,9.600000000000001,2.0
12,2,0.0,7.800000000000001,0.8,0.5880026035475674,9.600000000000001,2.0,207.1900634765625,2.4621362686157227,5.599999904632568,-0.3301643431186676,1,2.4733119010925293,9.600000000000001,2.0
12,2,0.0,7.800000000000001,0.8,0.5880026035475674,9.600000000000001,2.0,207.6900634765625,2.4733688831329346,5.599999904632568,-0.3545393645763397,1,2.484544515609741,9.600000000000001,2.0
12,2,0.0,7.800000000000001,0.8,0.5880026035475674,9.600000000000001,2.0,208.1900634765625,2.4848949909210205,5.599999904632568,-0.37913867831230164,1,2.496070623397827,9.600000000000001,2.0
12,2,0.0,7.800000000000001,0.8,0.5880026035475674,9.600000000000001,2.0,208.6900634765625,2.496720314025879,5.599999904632568,-0.4039691686630249,1,2.5078959465026855,9.600000000000001,2.0
12,2,0.0,7.800000000000001,0.8,0.5880026035475674,9.600000000000001,2.0,209.1900634765625,2.5088510513305664,5.599999904632568,-0.42903798818588257,1,2.520026683807373,9.600000000000001,2.0
12,2,0.0,7.800000000000001,0.8,0.5880026035475674,9.600000000000001,2.0,209.6900634765625,2.5212936401367188,5.599999904632568,-0.4543524384498596,1,2.5324692726135254,9.600000000000001,2.0
12,2,0.0,7.800000000000001,0.8,0.5880026035475674,9.600000000000001,2.0,210.1900634765625,2.5340542793273926,5.599999904632568,-0.47992005944252014,1,2.545229911804199,9.600000000000001,2.0
12,2,0.0,7.800000000000001,0.8,0.5880026035475674,9.600000000000001,2.0,210.6900634765625,2.547140121459961,5.599999904632568,-0.5057486295700073,1,2.5583157539367676,9.600000000000001,2.0
12,2,0.0,7.800000000000001,0.8,0.5880026035475674,9.600000000000001,2.0,211.1900634765625,0.0,,,0,2.5717337131500244,9.600000000000001,2.0
12,2,0.0,7.800000000000001,0.8,0.5880026035475674,9.600000000000001,2.0,211.6900634765625,2.574315309524536,5.599999904632568,-0.5582209229469299,1,2.5854909420013428,9.600000000000001,2.0
12,2,0.0,7.800000000000001,0.8,0.5880026035475674,9.600000000000001,2.0,212.1900634765625,2.5884199142456055,5.599999904632568,-0.5848813652992249,1,2.599595546722412,9.600000000000001,2.0
12,2,0.0,7.800000000000001,0.8,0.5880026035475674,9.600000000000001,2.0,212.6900634765625,2.602879047393799,5.599999904632568,-0.6118363738059998,1,2.6140546798706055,9.600000000000001,2.0
12,2,0.0,7.800000000000001,0.8,0.5880026035475674,9.600000000000001,2.0,213.1900634765625,2.617701292037964,5.599999904632568,-0.6390950083732605,1,2.6288769245147705,9.600000000000001,2.0
